model,device,batch,ctx,baseline,hbm_frac,simulated,ttft_p50,ttft_p99,tpot_p50,tpot_p99,throughput_tps,flash_stall_ms,note
microsoft/phi-2,a100,1,8192,Dense,1.0,True,-1.6195993760626193,-1.020060287274801,30.436938489252288,48.622597061258105,164.96515581888633,0.0,sim 12s
microsoft/phi-2,a100,1,8192,NaiveSparse,1.0,True,-1.6195993760626193,-1.020060287274801,30.436938489252288,48.622597061258105,164.96515581888633,0.0,copy-from-Dense (hbm_frac=1.0)
microsoft/phi-2,a100,4,8192,Dense,1.0,True,-1.6195993760626193,-1.020060287274801,19.341599917246654,20.369453024413563,395.2189281679151,0.0,sim 8s
microsoft/phi-2,a100,4,8192,NaiveSparse,1.0,True,-1.6195993760626193,-1.020060287274801,19.341599917246654,20.369453024413563,395.2189281679151,0.0,copy-from-Dense (hbm_frac=1.0)
microsoft/phi-2,a100,8,8192,Dense,1.0,True,-1.6195993760626193,-1.020060287274801,15.054686833744894,15.054686833744894,535.9351449044367,0.0,sim 10s
microsoft/phi-2,a100,8,8192,NaiveSparse,1.0,True,-1.6195993760626193,-1.020060287274801,15.054686833744894,15.054686833744894,535.9351449044367,0.0,copy-from-Dense (hbm_frac=1.0)
microsoft/phi-2,a100,2,8192,Dense,1.0,True,-1.6195993760626193,-1.020060287274801,20.79459010791519,28.477316072417377,282.1888546336333,0.0,sim 13s
microsoft/phi-2,a100,2,8192,NaiveSparse,1.0,True,-1.6195993760626193,-1.020060287274801,20.79459010791519,28.477316072417377,282.1888546336333,0.0,copy-from-Dense (hbm_frac=1.0)
microsoft/phi-2,a100,8,16384,Dense,1.0,True,-1.6195993760626193,-1.020060287274801,15.054686833744894,15.054686833744894,535.9351449044367,0.0,sim 12s
microsoft/phi-2,a100,8,16384,NaiveSparse,1.0,True,-1.6195993760626193,-1.020060287274801,15.054686833744894,15.054686833744894,535.9351449044367,0.0,copy-from-Dense (hbm_frac=1.0)
microsoft/phi-2,a100,2,16384,Dense,1.0,True,-1.6195993760626193,-1.020060287274801,20.79459010791519,28.477316072417377,282.1888546336333,0.0,sim 16s
microsoft/phi-2,a100,2,16384,NaiveSparse,1.0,True,-1.6195993760626193,-1.020060287274801,20.79459010791519,28.477316072417377,282.1888546336333,0.0,copy-from-Dense (hbm_frac=1.0)
microsoft/phi-2,a100,1,16384,Dense,1.0,True,-1.6195993760626193,-1.020060287274801,30.436938489252288,48.622597061258105,164.96515581888633,0.0,sim 18s
microsoft/phi-2,a100,1,16384,NaiveSparse,1.0,True,-1.6195993760626193,-1.020060287274801,30.436938489252288,48.622597061258105,164.96515581888633,0.0,copy-from-Dense (hbm_frac=1.0)
microsoft/phi-2,a100,4,16384,Dense,1.0,True,-1.6195993760626193,-1.020060287274801,19.341599917246654,20.369453024413563,395.2189281679151,0.0,sim 19s
microsoft/phi-2,a100,4,16384,NaiveSparse,1.0,True,-1.6195993760626193,-1.020060287274801,19.341599917246654,20.369453024413563,395.2189281679151,0.0,copy-from-Dense (hbm_frac=1.0)
microsoft/phi-2,a100,8,32768,Dense,0.8452,True,-1.6195993760626193,-1.020060287274801,16.949239809742924,16.949239809742924,475.575277847223,15.16,sim 27s
microsoft/phi-2,a100,2,32768,Dense,1.0,True,-1.6195993760626193,-1.020060287274801,20.79459010791519,28.477316072417377,282.1888546336333,0.0,sim 29s
microsoft/phi-2,a100,2,32768,NaiveSparse,1.0,True,-1.6195993760626193,-1.020060287274801,20.79459010791519,28.477316072417377,282.1888546336333,0.0,copy-from-Dense (hbm_frac=1.0)
microsoft/phi-2,a100,1,32768,Dense,1.0,True,-1.6195993760626193,-1.020060287274801,30.436938489252288,48.622597061258105,164.96515581888633,0.0,sim 35s
microsoft/phi-2,a100,1,32768,NaiveSparse,1.0,True,-1.6195993760626193,-1.020060287274801,30.436938489252288,48.622597061258105,164.96515581888633,0.0,copy-from-Dense (hbm_frac=1.0)
microsoft/phi-2,a100,4,32768,Dense,1.0,True,-1.6195993760626193,-1.020060287274801,19.341599917246654,20.369453024413563,395.2189281679151,0.0,sim 35s
microsoft/phi-2,a100,4,32768,NaiveSparse,1.0,True,-1.6195993760626193,-1.020060287274801,19.341599917246654,20.369453024413563,395.2189281679151,0.0,copy-from-Dense (hbm_frac=1.0)
microsoft/phi-2,a100,8,32768,NaiveSparse,0.8452,True,-1.6195993760626193,-1.020060287274801,16.949239809742924,16.949239809742924,475.575277847223,15.16,sim 35s
microsoft/phi-2,a100,2,65536,Dense,1.0,True,-1.6195993760626193,-1.020060287274801,20.79459010791519,28.477316072417377,282.1888546336333,0.0,sim 38s
microsoft/phi-2,a100,2,65536,NaiveSparse,1.0,True,-1.6195993760626193,-1.020060287274801,20.79459010791519,28.477316072417377,282.1888546336333,0.0,copy-from-Dense (hbm_frac=1.0)
microsoft/phi-2,a100,1,65536,Dense,1.0,True,-1.6195993760626193,-1.020060287274801,30.436938489252288,48.622597061258105,164.96515581888633,0.0,sim 40s
microsoft/phi-2,a100,1,65536,NaiveSparse,1.0,True,-1.6195993760626193,-1.020060287274801,30.436938489252288,48.622597061258105,164.96515581888633,0.0,copy-from-Dense (hbm_frac=1.0)
microsoft/phi-2,a100,4,65536,Dense,0.8452,True,-1.6195993760626193,-1.020060287274801,30.95553493474293,32.960334809742925,243.65857783973644,100.73,sim 38s
microsoft/phi-2,a100,4,65536,NaiveSparse,0.8452,True,-1.6195993760626193,-1.020060287274801,30.95553493474293,32.960334809742925,243.65857783973644,100.73,sim 49s
microsoft/phi-2,a100,1,131072,Dense,1.0,True,-1.6195993760626193,-1.020060287274801,30.436938489252288,48.622597061258105,164.96515581888633,0.0,sim 47s
microsoft/phi-2,a100,1,131072,NaiveSparse,1.0,True,-1.6195993760626193,-1.020060287274801,30.436938489252288,48.622597061258105,164.96515581888633,0.0,copy-from-Dense (hbm_frac=1.0)
microsoft/phi-2,a100,8,65536,NaiveSparse,0.4226,True,-1.6195993760626193,-1.020060287274801,128.9681660597429,128.9681660597429,62.09220048747362,911.31,sim 74s
microsoft/phi-2,a100,8,65536,Dense,0.4226,True,-1.6195993760626193,-1.020060287274801,128.9681660597429,128.9681660597429,62.09220048747362,911.31,sim 78s
microsoft/phi-2,a100,2,131072,Dense,0.8452,True,-1.6195993760626193,-1.020060287274801,46.95383118474293,64.98081830974293,123.35530606754722,292.03,sim 61s
microsoft/phi-2,a100,2,131072,NaiveSparse,0.8452,True,-1.6195993760626193,-1.020060287274801,46.95383118474293,64.98081830974293,123.35530606754722,292.03,sim 65s
microsoft/phi-2,a100,4,131072,NaiveSparse,0.4226,True,-1.6195993760626193,-1.020060287274801,240.992408184743,256.99989380974296,31.14386920309823,1893.04,sim 167s
microsoft/phi-2,a100,4,131072,Dense,0.4226,True,-1.6195993760626193,-1.020060287274801,240.992408184743,256.99989380974296,31.14386920309823,1893.04,sim 186s
microsoft/phi-2,a100,1,262144,Dense,0.8452,True,-1.6195993760626193,-1.020060287274801,80.21284628590931,128.2640495359093,62.433400145916266,637.13,sim 189s
microsoft/phi-2,a100,1,262144,NaiveSparse,0.8452,True,-1.6195993760626193,-1.020060287274801,80.21284628590931,128.2640495359093,62.433400145916266,637.13,sim 189s
microsoft/phi-2,h100,8,4096,Dense,1.0,True,-1.6195993760626193,-1.020060287274801,7.494080743533304,8.041387099935966,1010.8822019941842,0.0,sim 4s
microsoft/phi-2,h100,8,4096,NaiveSparse,1.0,True,-1.6195993760626193,-1.020060287274801,7.494080743533304,8.041387099935966,1010.8822019941842,0.0,copy-from-Dense (hbm_frac=1.0)
microsoft/phi-2,h100,1,4096,Dense,1.0,True,-1.6195993760626193,-1.020060287274801,18.40934158789697,29.378442019089533,273.49553582980894,0.0,sim 283s
microsoft/phi-2,h100,1,4096,NaiveSparse,1.0,True,-1.6195993760626193,-1.020060287274801,18.40934158789697,29.378442019089533,273.49553582980894,0.0,copy-from-Dense (hbm_frac=1.0)
microsoft/phi-2,h100,2,4096,Dense,1.0,True,-1.6195993760626193,-1.020060287274801,13.175916089573223,18.015209297197174,447.23464795871246,0.0,sim 247s
microsoft/phi-2,h100,2,4096,NaiveSparse,1.0,True,-1.6195993760626193,-1.020060287274801,13.175916089573223,18.015209297197174,447.23464795871246,0.0,copy-from-Dense (hbm_frac=1.0)
microsoft/phi-2,h100,4,4096,Dense,1.0,True,-1.6195993760626193,-1.020060287274801,11.1982624900378,11.819639008004158,684.2208385266034,0.0,sim 248s
microsoft/phi-2,h100,4,4096,NaiveSparse,1.0,True,-1.6195993760626193,-1.020060287274801,11.1982624900378,11.819639008004158,684.2208385266034,0.0,copy-from-Dense (hbm_frac=1.0)
microsoft/phi-2,h100,1,8192,Dense,1.0,True,-1.6195993760626193,-1.020060287274801,18.57917512534913,29.650175679012964,270.97821786371196,0.0,sim 8s
microsoft/phi-2,h100,1,8192,NaiveSparse,1.0,True,-1.6195993760626193,-1.020060287274801,18.57917512534913,29.650175679012964,270.97821786371196,0.0,copy-from-Dense (hbm_frac=1.0)
microsoft/phi-2,h100,2,8192,Dense,1.0,True,-1.6195993760626193,-1.020060287274801,13.177489422906516,18.01745596386379,447.17848305808286,0.0,sim 7s
microsoft/phi-2,h100,2,8192,NaiveSparse,1.0,True,-1.6195993760626193,-1.020060287274801,13.177489422906516,18.01745596386379,447.17848305808286,0.0,copy-from-Dense (hbm_frac=1.0)
microsoft/phi-2,h100,4,8192,Dense,1.0,True,-1.6195993760626193,-1.020060287274801,11.26329457168533,11.888735594754658,680.2010776403074,0.0,sim 7s
microsoft/phi-2,h100,4,8192,NaiveSparse,1.0,True,-1.6195993760626193,-1.020060287274801,11.26329457168533,11.888735594754658,680.2010776403074,0.0,copy-from-Dense (hbm_frac=1.0)
microsoft/phi-2,h100,8,8192,Dense,1.0,True,-1.6195993760626193,-1.020060287274801,7.494224743533303,8.041559099935963,1010.8602319909144,0.0,sim 7s
microsoft/phi-2,h100,8,8192,NaiveSparse,1.0,True,-1.6195993760626193,-1.020060287274801,7.494224743533303,8.041559099935963,1010.8602319909144,0.0,copy-from-Dense (hbm_frac=1.0)
microsoft/phi-2,h100,2,16384,Dense,1.0,True,-1.6195993760626193,-1.020060287274801,13.177489422906516,18.01745596386379,447.17848305808286,0.0,sim 10s
microsoft/phi-2,h100,2,16384,NaiveSparse,1.0,True,-1.6195993760626193,-1.020060287274801,13.177489422906516,18.01745596386379,447.17848305808286,0.0,copy-from-Dense (hbm_frac=1.0)
microsoft/phi-2,h100,1,16384,Dense,1.0,True,-1.6195993760626193,-1.020060287274801,18.57917512534913,29.650175679012964,270.97821786371196,0.0,sim 12s
microsoft/phi-2,h100,1,16384,NaiveSparse,1.0,True,-1.6195993760626193,-1.020060287274801,18.57917512534913,29.650175679012964,270.97821786371196,0.0,copy-from-Dense (hbm_frac=1.0)
microsoft/phi-2,h100,8,16384,Dense,1.0,True,-1.6195993760626193,-1.020060287274801,7.494224743533303,8.041559099935963,1010.8602319909144,0.0,sim 9s
microsoft/phi-2,h100,8,16384,NaiveSparse,1.0,True,-1.6195993760626193,-1.020060287274801,7.494224743533303,8.041559099935963,1010.8602319909144,0.0,copy-from-Dense (hbm_frac=1.0)
microsoft/phi-2,h100,4,16384,Dense,1.0,True,-1.6195993760626193,-1.020060287274801,11.26329457168533,11.888735594754658,680.2010776403074,0.0,sim 12s
microsoft/phi-2,h100,4,16384,NaiveSparse,1.0,True,-1.6195993760626193,-1.020060287274801,11.26329457168533,11.888735594754658,680.2010776403074,0.0,copy-from-Dense (hbm_frac=1.0)
microsoft/phi-2,h100,1,32768,Dense,1.0,True,-1.6195993760626193,-1.020060287274801,18.57917512534913,29.650175679012964,270.97821786371196,0.0,sim 17s
microsoft/phi-2,h100,1,32768,NaiveSparse,1.0,True,-1.6195993760626193,-1.020060287274801,18.57917512534913,29.650175679012964,270.97821786371196,0.0,copy-from-Dense (hbm_frac=1.0)
microsoft/phi-2,h100,2,32768,Dense,1.0,True,-1.6195993760626193,-1.020060287274801,13.177489422906516,18.01745596386379,447.17848305808286,0.0,sim 18s
microsoft/phi-2,h100,2,32768,NaiveSparse,1.0,True,-1.6195993760626193,-1.020060287274801,13.177489422906516,18.01745596386379,447.17848305808286,0.0,copy-from-Dense (hbm_frac=1.0)
microsoft/phi-2,h100,4,32768,Dense,1.0,True,-1.6195993760626193,-1.020060287274801,11.26329457168533,11.888735594754658,680.2010776403074,0.0,sim 19s
microsoft/phi-2,h100,4,32768,NaiveSparse,1.0,True,-1.6195993760626193,-1.020060287274801,11.26329457168533,11.888735594754658,680.2010776403074,0.0,copy-from-Dense (hbm_frac=1.0)
microsoft/phi-2,a100,2,262144,Dense,0.4226,True,-1.6195993760626193,-1.020060287274801,370.2805857859095,512.3078356609095,15.619498759912467,3870.64,sim 480s
microsoft/phi-2,a100,2,262144,NaiveSparse,0.4226,True,-1.6195993760626193,-1.020060287274801,370.2805857859095,512.3078356609095,15.619498759912467,3870.64,sim 476s
microsoft/phi-2,h100,8,32768,NaiveSparse,0.8452,True,-1.6195993760626193,-1.020060287274801,15.490433207048007,17.49864608204801,460.5340046509663,75.66,sim 11s
microsoft/phi-2,h100,8,32768,Dense,0.8452,True,-1.6195993760626193,-1.020060287274801,15.490433207048007,17.49864608204801,460.5340046509663,75.66,sim 25s
microsoft/phi-2,h100,1,65536,Dense,1.0,True,-1.6195993760626193,-1.020060287274801,18.57917512534913,29.650175679012964,270.97821786371196,0.0,sim 21s
microsoft/phi-2,h100,1,65536,NaiveSparse,1.0,True,-1.6195993760626193,-1.020060287274801,18.57917512534913,29.650175679012964,270.97821786371196,0.0,copy-from-Dense (hbm_frac=1.0)
microsoft/phi-2,h100,2,65536,Dense,1.0,True,-1.6195993760626193,-1.020060287274801,13.177489422906516,18.01745596386379,447.17848305808286,0.0,sim 27s
microsoft/phi-2,h100,2,65536,NaiveSparse,1.0,True,-1.6195993760626193,-1.020060287274801,13.177489422906516,18.01745596386379,447.17848305808286,0.0,copy-from-Dense (hbm_frac=1.0)
microsoft/phi-2,h100,4,65536,NaiveSparse,0.8452,True,-1.6195993760626193,-1.020060287274801,30.659090850645345,32.663890725645345,245.8785893117862,166.2,sim 31s
microsoft/phi-2,h100,4,65536,Dense,0.8452,True,-1.6195993760626193,-1.020060287274801,30.659090850645345,32.663890725645345,245.8785893117862,166.2,sim 35s
microsoft/phi-2,h100,1,131072,Dense,1.0,True,-1.6195993760626193,-1.020060287274801,18.57917512534913,29.650175679012964,270.97821786371196,0.0,sim 33s
microsoft/phi-2,h100,1,131072,NaiveSparse,1.0,True,-1.6195993760626193,-1.020060287274801,18.57917512534913,29.650175679012964,270.97821786371196,0.0,copy-from-Dense (hbm_frac=1.0)
microsoft/phi-2,h100,8,65536,NaiveSparse,0.4226,True,-1.6195993760626193,-1.020060287274801,121.68019147564532,128.67394410064531,62.23431947077896,965.06,sim 47s
microsoft/phi-2,h100,8,65536,Dense,0.4226,True,-1.6195993760626193,-1.020060287274801,121.68019147564532,128.67394410064531,62.23431947077896,965.06,sim 60s
microsoft/phi-2,h100,2,131072,NaiveSparse,0.8452,True,-1.6195993760626193,-1.020060287274801,46.65738710064535,64.68437422564536,123.92175163098385,373.34,sim 43s
microsoft/phi-2,h100,2,131072,Dense,0.8452,True,-1.6195993760626193,-1.020060287274801,46.65738710064535,64.68437422564536,123.92175163098385,373.34,sim 47s
microsoft/phi-2,h100,4,131072,NaiveSparse,0.4226,True,-1.6195993760626193,-1.020060287274801,240.6959641006454,256.7034497256454,31.179852373236372,1958.52,sim 84s
microsoft/phi-2,h100,4,131072,Dense,0.4226,True,-1.6195993760626193,-1.020060287274801,240.6959641006454,256.7034497256454,31.179852373236372,1958.52,sim 86s
microsoft/phi-2,h100,1,262144,Dense,0.8452,True,-1.6195993760626193,-1.020060287274801,80.21284628590931,128.2640495359093,62.433400145916266,788.91,sim 44s
microsoft/phi-2,h100,1,262144,NaiveSparse,0.8452,True,-1.6195993760626193,-1.020060287274801,80.21284628590931,128.2640495359093,62.433400145916266,788.91,sim 45s
microsoft/phi-2,h100,2,262144,Dense,0.4226,True,-1.6195993760626193,-1.020060287274801,370.2805857859095,512.3078356609095,15.619498759912467,3954.32,sim 159s
microsoft/phi-2,h100,2,262144,NaiveSparse,0.4226,True,-1.6195993760626193,-1.020060287274801,370.2805857859095,512.3078356609095,15.619498759912467,3954.32,sim 159s
microsoft/phi-2,a100,1,524288,NaiveSparse,0.4226,True,-1.6195993760626193,-1.020060287274801,640.3202762859097,1024.43593753591,7.810147574398069,7806.51,sim 315s
microsoft/phi-2,a100,1,524288,Dense,0.4226,True,-1.6195993760626193,-1.020060287274801,640.3202762859097,1024.43593753591,7.810147574398069,7806.51,sim 316s
microsoft/phi-2,a40,1,4096,Dense,1.0,True,-1.6195993760626193,-1.020060287274801,65.76120957964349,105.141430805884,76.18037447694654,0.0,sim 6s
microsoft/phi-2,a40,1,4096,NaiveSparse,1.0,True,-1.6195993760626193,-1.020060287274801,65.76120957964349,105.141430805884,76.18037447694654,0.0,copy-from-Dense (hbm_frac=1.0)
microsoft/phi-2,a40,2,4096,Dense,1.0,True,-1.6195993760626193,-1.020060287274801,46.77830476214973,64.07478372198986,125.10306110178574,0.0,sim 4s
microsoft/phi-2,a40,2,4096,NaiveSparse,1.0,True,-1.6195993760626193,-1.020060287274801,46.77830476214973,64.07478372198986,125.10306110178574,0.0,copy-from-Dense (hbm_frac=1.0)
microsoft/phi-2,a40,4,4096,Dense,1.0,True,-1.6195993760626193,-1.020060287274801,39.9316283534031,42.44927090449645,189.02804049837673,0.0,sim 4s
microsoft/phi-2,a40,4,4096,NaiveSparse,1.0,True,-1.6195993760626193,-1.020060287274801,39.9316283534031,42.44927090449645,189.02804049837673,0.0,copy-from-Dense (hbm_frac=1.0)
microsoft/phi-2,a40,8,4096,Dense,1.0,True,-1.6195993760626193,-1.020060287274801,34.443346495749495,34.443346495749495,233.1284981655965,0.0,sim 4s
microsoft/phi-2,a40,8,4096,NaiveSparse,1.0,True,-1.6195993760626193,-1.020060287274801,34.443346495749495,34.443346495749495,233.1284981655965,0.0,copy-from-Dense (hbm_frac=1.0)
microsoft/phi-2,a40,2,8192,Dense,1.0,True,-1.6195993760626193,-1.020060287274801,46.77830476214973,64.07478372198986,125.10306110178574,0.0,sim 7s
microsoft/phi-2,a40,2,8192,NaiveSparse,1.0,True,-1.6195993760626193,-1.020060287274801,46.77830476214973,64.07478372198986,125.10306110178574,0.0,copy-from-Dense (hbm_frac=1.0)
microsoft/phi-2,a40,1,8192,Dense,1.0,True,-1.6195993760626193,-1.020060287274801,65.76120957964349,105.141430805884,76.18037447694654,0.0,sim 7s
microsoft/phi-2,a40,1,8192,NaiveSparse,1.0,True,-1.6195993760626193,-1.020060287274801,65.76120957964349,105.141430805884,76.18037447694654,0.0,copy-from-Dense (hbm_frac=1.0)
microsoft/phi-2,a40,4,8192,Dense,1.0,True,-1.6195993760626193,-1.020060287274801,39.9316283534031,42.44927090449645,189.02804049837673,0.0,sim 4s
microsoft/phi-2,a40,4,8192,NaiveSparse,1.0,True,-1.6195993760626193,-1.020060287274801,39.9316283534031,42.44927090449645,189.02804049837673,0.0,copy-from-Dense (hbm_frac=1.0)
microsoft/phi-2,a40,8,8192,Dense,1.0,True,-1.6195993760626193,-1.020060287274801,34.443346495749495,34.443346495749495,233.1284981655965,0.0,sim 4s
microsoft/phi-2,a40,8,8192,NaiveSparse,1.0,True,-1.6195993760626193,-1.020060287274801,34.443346495749495,34.443346495749495,233.1284981655965,0.0,copy-from-Dense (hbm_frac=1.0)
microsoft/phi-2,a40,1,16384,Dense,1.0,True,-1.6195993760626193,-1.020060287274801,65.76120957964349,105.141430805884,76.18037447694654,0.0,sim 9s
microsoft/phi-2,a40,1,16384,NaiveSparse,1.0,True,-1.6195993760626193,-1.020060287274801,65.76120957964349,105.141430805884,76.18037447694654,0.0,copy-from-Dense (hbm_frac=1.0)
microsoft/phi-2,a40,2,16384,Dense,1.0,True,-1.6195993760626193,-1.020060287274801,46.77830476214973,64.07478372198986,125.10306110178574,0.0,sim 7s
microsoft/phi-2,a40,2,16384,NaiveSparse,1.0,True,-1.6195993760626193,-1.020060287274801,46.77830476214973,64.07478372198986,125.10306110178574,0.0,copy-from-Dense (hbm_frac=1.0)
microsoft/phi-2,a40,4,16384,Dense,1.0,True,-1.6195993760626193,-1.020060287274801,39.9316283534031,42.44927090449645,189.02804049837673,0.0,sim 4s
microsoft/phi-2,a40,4,16384,NaiveSparse,1.0,True,-1.6195993760626193,-1.020060287274801,39.9316283534031,42.44927090449645,189.02804049837673,0.0,copy-from-Dense (hbm_frac=1.0)
microsoft/phi-2,a40,8,16384,Dense,0.8754,True,-1.6195993760626193,-1.020060287274801,34.443346495749495,34.443346495749495,233.1284981655965,0.0,sim 6s
microsoft/phi-2,a40,8,16384,NaiveSparse,0.8754,True,-1.6195993760626193,-1.020060287274801,34.443346495749495,34.443346495749495,233.1284981655965,0.0,sim 6s
microsoft/phi-2,a40,2,32768,Dense,1.0,True,-1.6195993760626193,-1.020060287274801,46.77830476214973,64.07478372198986,125.10306110178574,0.0,sim 13s
microsoft/phi-2,a40,2,32768,NaiveSparse,1.0,True,-1.6195993760626193,-1.020060287274801,46.77830476214973,64.07478372198986,125.10306110178574,0.0,copy-from-Dense (hbm_frac=1.0)
microsoft/phi-2,a40,1,32768,Dense,1.0,True,-1.6195993760626193,-1.020060287274801,65.76120957964349,105.141430805884,76.18037447694654,0.0,sim 16s
microsoft/phi-2,a40,1,32768,NaiveSparse,1.0,True,-1.6195993760626193,-1.020060287274801,65.76120957964349,105.141430805884,76.18037447694654,0.0,copy-from-Dense (hbm_frac=1.0)
microsoft/phi-2,a40,4,32768,Dense,0.8754,True,-1.6195993760626193,-1.020060287274801,39.9316283534031,42.44927090449645,189.02804049837673,0.0,sim 9s
microsoft/phi-2,a40,4,32768,NaiveSparse,0.8754,True,-1.6195993760626193,-1.020060287274801,39.9316283534031,42.44927090449645,189.02804049837673,0.0,sim 9s
microsoft/phi-2,a40,8,32768,Dense,0.4377,True,-1.6195993760626193,-1.020060287274801,64.03498083700269,64.03498083700269,125.18097785385505,236.73,sim 25s
microsoft/phi-2,a40,8,32768,NaiveSparse,0.4377,True,-1.6195993760626193,-1.020060287274801,64.03498083700269,64.03498083700269,125.18097785385505,236.73,sim 24s
microsoft/phi-2,a40,1,65536,Dense,1.0,True,-1.6195993760626193,-1.020060287274801,65.76120957964349,105.141430805884,76.18037447694654,0.0,sim 19s
microsoft/phi-2,a40,1,65536,NaiveSparse,1.0,True,-1.6195993760626193,-1.020060287274801,65.76120957964349,105.141430805884,76.18037447694654,0.0,copy-from-Dense (hbm_frac=1.0)
microsoft/phi-2,a40,2,65536,Dense,0.8754,True,-1.6195993760626193,-1.020060287274801,46.77830476214973,64.07478372198986,125.10306110178574,0.0,sim 23s
microsoft/phi-2,a40,2,65536,NaiveSparse,0.8754,True,-1.6195993760626193,-1.020060287274801,46.77830476214973,64.07478372198986,125.10306110178574,0.0,sim 13s
microsoft/phi-2,a40,4,65536,Dense,0.4377,True,-1.6195993760626193,-1.020060287274801,118.46996746200273,126.25041658700273,63.43018933030745,670.41,sim 43s
microsoft/phi-2,a40,4,65536,NaiveSparse,0.4377,True,-1.6195993760626193,-1.020060287274801,118.46996746200273,126.25041658700273,63.43018933030745,670.41,sim 43s
microsoft/phi-2,a40,8,65536,Dense,0.2189,True,-1.6195993760626193,-1.020060287274801,175.96602233700267,175.96602233700267,45.49628964421996,1132.18,sim 60s
microsoft/phi-2,a40,8,65536,NaiveSparse,0.2189,True,-1.6195993760626193,-1.020060287274801,175.96602233700267,175.96602233700267,45.49628964421996,1132.18,sim 60s
microsoft/phi-2,h100,1,524288,Dense,0.4226,True,-1.6195993760626193,-1.020060287274801,640.3202762859097,1024.43593753591,7.810147574398069,7958.29,sim 378s
microsoft/phi-2,h100,1,524288,NaiveSparse,0.4226,True,-1.6195993760626193,-1.020060287274801,640.3202762859097,1024.43593753591,7.810147574398069,7958.29,sim 363s
microsoft/phi-2,a40,1,131072,Dense,0.8754,True,-1.6195993760626193,-1.020060287274801,65.76120957964349,105.141430805884,76.18037447694654,0.0,sim 40s
microsoft/phi-2,a40,1,131072,NaiveSparse,0.8754,True,-1.6195993760626193,-1.020060287274801,65.76120957964349,105.141430805884,76.18037447694654,0.0,sim 39s
microsoft/phi-2,a40,2,131072,Dense,0.4377,True,-1.6195993760626193,-1.020060287274801,180.67516421200276,249.89629808700278,32.029622205195,1486.57,sim 81s
microsoft/phi-2,a40,2,131072,NaiveSparse,0.4377,True,-1.6195993760626193,-1.020060287274801,180.67516421200276,249.89629808700278,32.029622205195,1486.57,sim 80s
microsoft/phi-2,a40,4,131072,Dense,0.2189,True,-1.6195993760626193,-1.020060287274801,328.3430167120027,349.31727058700267,22.910179067389908,2454.94,sim 113s
microsoft/phi-2,a40,4,131072,NaiveSparse,0.2189,True,-1.6195993760626193,-1.020060287274801,328.3430167120027,349.31727058700267,22.910179067389908,2454.94,sim 112s
microsoft/phi-2,a40,1,262144,NaiveSparse,0.4377,True,-1.6195993760626193,-1.020060287274801,311.2388162859096,497.90560153590997,16.07141836177305,3142.11,sim 178s
microsoft/phi-2,a40,1,262144,Dense,0.4377,True,-1.6195993760626193,-1.020060287274801,311.2388162859096,497.90560153590997,16.07141836177305,3142.11,sim 188s
microsoft/phi-2,a40,2,262144,Dense,0.2189,True,-1.6195993760626193,-1.020060287274801,508.6299537859095,696.7736596609095,11.483591742518588,5061.59,sim 216s
microsoft/phi-2,a40,2,262144,NaiveSparse,0.2189,True,-1.6195993760626193,-1.020060287274801,508.6299537859095,696.7736596609095,11.483591742518588,5061.59,sim 216s
microsoft/phi-2,h200,1,4096,Dense,1.0,True,-1.6195993760626193,-1.020060287274801,18.573759790993282,29.641511144043637,271.0577699392548,0.0,sim 199s
microsoft/phi-2,h200,1,4096,NaiveSparse,1.0,True,-1.6195993760626193,-1.020060287274801,18.573759790993282,29.641511144043637,271.0577699392548,0.0,copy-from-Dense (hbm_frac=1.0)
microsoft/phi-2,h200,4,4096,Dense,1.0,True,-1.6195993760626193,-1.020060287274801,11.198568596993216,11.820127579977619,684.1922486020097,0.0,sim 6s
microsoft/phi-2,h200,4,4096,NaiveSparse,1.0,True,-1.6195993760626193,-1.020060287274801,11.198568596993216,11.820127579977619,684.1922486020097,0.0,copy-from-Dense (hbm_frac=1.0)
microsoft/phi-2,h200,2,4096,Dense,1.0,True,-1.6195993760626193,-1.020060287274801,13.089349794201683,17.896247307727975,450.2288908911857,0.0,sim 196s
microsoft/phi-2,h200,2,4096,NaiveSparse,1.0,True,-1.6195993760626193,-1.020060287274801,13.089349794201683,17.896247307727975,450.2288908911857,0.0,copy-from-Dense (hbm_frac=1.0)
microsoft/phi-2,h200,8,4096,Dense,1.0,True,-1.6195993760626193,-1.020060287274801,7.4624663827690005,8.00613203242007,1015.4056718330764,0.0,sim 4s
microsoft/phi-2,h200,8,4096,NaiveSparse,1.0,True,-1.6195993760626193,-1.020060287274801,7.4624663827690005,8.00613203242007,1015.4056718330764,0.0,copy-from-Dense (hbm_frac=1.0)
microsoft/phi-2,h200,1,8192,Dense,1.0,True,-1.6195993760626193,-1.020060287274801,18.431360188618843,29.41367178024453,273.1665346562904,0.0,sim 8s
microsoft/phi-2,h200,1,8192,NaiveSparse,1.0,True,-1.6195993760626193,-1.020060287274801,18.431360188618843,29.41367178024453,273.1665346562904,0.0,copy-from-Dense (hbm_frac=1.0)
microsoft/phi-2,h200,2,8192,Dense,1.0,True,-1.6195993760626193,-1.020060287274801,13.089413794201686,17.896335307727977,450.22666113563247,0.0,sim 7s
microsoft/phi-2,h200,2,8192,NaiveSparse,1.0,True,-1.6195993760626193,-1.020060287274801,13.089413794201686,17.896335307727977,450.22666113563247,0.0,copy-from-Dense (hbm_frac=1.0)
microsoft/phi-2,h200,4,8192,Dense,1.0,True,-1.6195993760626193,-1.020060287274801,11.198568596993216,11.820127579977619,684.1922486020097,0.0,sim 4s
microsoft/phi-2,h200,4,8192,NaiveSparse,1.0,True,-1.6195993760626193,-1.020060287274801,11.198568596993216,11.820127579977619,684.1922486020097,0.0,copy-from-Dense (hbm_frac=1.0)
microsoft/phi-2,h200,8,8192,Dense,1.0,True,-1.6195993760626193,-1.020060287274801,7.4624663827690005,8.00613203242007,1015.4056718330764,0.0,sim 4s
microsoft/phi-2,h200,8,8192,NaiveSparse,1.0,True,-1.6195993760626193,-1.020060287274801,7.4624663827690005,8.00613203242007,1015.4056718330764,0.0,copy-from-Dense (hbm_frac=1.0)
microsoft/phi-2,h200,1,16384,Dense,1.0,True,-1.6195993760626193,-1.020060287274801,18.431360188618843,29.41367178024453,273.1665346562904,0.0,sim 11s
microsoft/phi-2,h200,1,16384,NaiveSparse,1.0,True,-1.6195993760626193,-1.020060287274801,18.431360188618843,29.41367178024453,273.1665346562904,0.0,copy-from-Dense (hbm_frac=1.0)
microsoft/phi-2,h200,2,16384,Dense,1.0,True,-1.6195993760626193,-1.020060287274801,13.089413794201686,17.896335307727977,450.22666113563247,0.0,sim 10s
microsoft/phi-2,h200,2,16384,NaiveSparse,1.0,True,-1.6195993760626193,-1.020060287274801,13.089413794201686,17.896335307727977,450.22666113563247,0.0,copy-from-Dense (hbm_frac=1.0)
microsoft/phi-2,h200,4,16384,Dense,1.0,True,-1.6195993760626193,-1.020060287274801,11.198568596993216,11.820127579977619,684.1922486020097,0.0,sim 4s
microsoft/phi-2,h200,4,16384,NaiveSparse,1.0,True,-1.6195993760626193,-1.020060287274801,11.198568596993216,11.820127579977619,684.1922486020097,0.0,copy-from-Dense (hbm_frac=1.0)
microsoft/phi-2,h200,8,16384,Dense,1.0,True,-1.6195993760626193,-1.020060287274801,7.4624663827690005,8.00613203242007,1015.4056718330764,0.0,sim 4s
microsoft/phi-2,h200,8,16384,NaiveSparse,1.0,True,-1.6195993760626193,-1.020060287274801,7.4624663827690005,8.00613203242007,1015.4056718330764,0.0,copy-from-Dense (hbm_frac=1.0)
microsoft/phi-2,h200,2,32768,Dense,1.0,True,-1.6195993760626193,-1.020060287274801,13.089413794201686,17.896335307727977,450.22666113563247,0.0,sim 16s
microsoft/phi-2,h200,2,32768,NaiveSparse,1.0,True,-1.6195993760626193,-1.020060287274801,13.089413794201686,17.896335307727977,450.22666113563247,0.0,copy-from-Dense (hbm_frac=1.0)
microsoft/phi-2,h200,1,32768,Dense,1.0,True,-1.6195993760626193,-1.020060287274801,18.431360188618843,29.41367178024453,273.1665346562904,0.0,sim 19s
microsoft/phi-2,h200,1,32768,NaiveSparse,1.0,True,-1.6195993760626193,-1.020060287274801,18.431360188618843,29.41367178024453,273.1665346562904,0.0,copy-from-Dense (hbm_frac=1.0)
microsoft/phi-2,h200,4,32768,Dense,1.0,True,-1.6195993760626193,-1.020060287274801,11.198568596993216,11.820127579977619,684.1922486020097,0.0,sim 5s
microsoft/phi-2,h200,4,32768,NaiveSparse,1.0,True,-1.6195993760626193,-1.020060287274801,11.198568596993216,11.820127579977619,684.1922486020097,0.0,copy-from-Dense (hbm_frac=1.0)
microsoft/phi-2,h200,8,32768,Dense,1.0,True,-1.6195993760626193,-1.020060287274801,7.4624663827690005,8.00613203242007,1015.4056718330764,0.0,sim 5s
microsoft/phi-2,h200,8,32768,NaiveSparse,1.0,True,-1.6195993760626193,-1.020060287274801,7.4624663827690005,8.00613203242007,1015.4056718330764,0.0,copy-from-Dense (hbm_frac=1.0)
microsoft/phi-2,h200,2,65536,Dense,1.0,True,-1.6195993760626193,-1.020060287274801,13.089413794201686,17.896335307727977,450.22666113563247,0.0,sim 18s
microsoft/phi-2,h200,2,65536,NaiveSparse,1.0,True,-1.6195993760626193,-1.020060287274801,13.089413794201686,17.896335307727977,450.22666113563247,0.0,copy-from-Dense (hbm_frac=1.0)
microsoft/phi-2,h200,1,65536,Dense,1.0,True,-1.6195993760626193,-1.020060287274801,18.431360188618843,29.41367178024453,273.1665346562904,0.0,sim 23s
microsoft/phi-2,h200,1,65536,NaiveSparse,1.0,True,-1.6195993760626193,-1.020060287274801,18.431360188618843,29.41367178024453,273.1665346562904,0.0,copy-from-Dense (hbm_frac=1.0)
microsoft/phi-2,h200,4,65536,Dense,1.0,True,-1.6195993760626193,-1.020060287274801,11.198568596993216,11.820127579977619,684.1922486020097,0.0,sim 5s
microsoft/phi-2,h200,4,65536,NaiveSparse,1.0,True,-1.6195993760626193,-1.020060287274801,11.198568596993216,11.820127579977619,684.1922486020097,0.0,copy-from-Dense (hbm_frac=1.0)
microsoft/phi-2,h200,8,65536,Dense,0.7777,True,-1.6195993760626193,-1.020060287274801,43.17228612687816,49.136166001878166,163.23646168676765,329.04,sim 20s
microsoft/phi-2,h200,8,65536,NaiveSparse,0.7777,True,-1.6195993760626193,-1.020060287274801,43.17228612687816,49.136166001878166,163.23646168676765,329.04,sim 20s
microsoft/phi-2,h200,2,131072,Dense,1.0,True,-1.6195993760626193,-1.020060287274801,13.089413794201686,17.896335307727977,450.22666113563247,0.0,sim 27s
microsoft/phi-2,h200,2,131072,NaiveSparse,1.0,True,-1.6195993760626193,-1.020060287274801,13.089413794201686,17.896335307727977,450.22666113563247,0.0,copy-from-Dense (hbm_frac=1.0)
microsoft/phi-2,h200,1,131072,Dense,1.0,True,-1.6195993760626193,-1.020060287274801,18.431360188618843,29.41367178024453,273.1665346562904,0.0,sim 31s
microsoft/phi-2,h200,1,131072,NaiveSparse,1.0,True,-1.6195993760626193,-1.020060287274801,18.431360188618843,29.41367178024453,273.1665346562904,0.0,copy-from-Dense (hbm_frac=1.0)
microsoft/phi-2,h200,4,131072,Dense,0.7777,True,-1.6195993760626193,-1.020060287274801,89.99040047722708,95.95086735222709,83.48694948011708,673.05,sim 35s
microsoft/phi-2,h200,4,131072,NaiveSparse,0.7777,True,-1.6195993760626193,-1.020060287274801,89.99040047722708,95.95086735222709,83.48694948011708,673.05,sim 35s
microsoft/phi-2,h200,1,262144,Dense,1.0,True,-1.6195993760626193,-1.020060287274801,18.431360188618843,29.41367178024453,273.1665346562904,0.0,sim 45s
microsoft/phi-2,h200,1,262144,NaiveSparse,1.0,True,-1.6195993760626193,-1.020060287274801,18.431360188618843,29.41367178024453,273.1665346562904,0.0,copy-from-Dense (hbm_frac=1.0)
microsoft/phi-2,h200,2,262144,Dense,0.7777,True,-1.6195993760626193,-1.020060287274801,137.63403272722707,191.26202285222715,41.855339349674296,1386.93,sim 100s
microsoft/phi-2,h200,2,262144,NaiveSparse,0.7777,True,-1.6195993760626193,-1.020060287274801,137.63403272722707,191.26202285222715,41.855339349674296,1386.93,sim 64s
microsoft/phi-2,a40,1,524288,NaiveSparse,0.2189,True,-1.6195993760626193,-1.020060287274801,870.90255628591,1393.3675855359083,5.742011105138482,10305.81,sim 586s
microsoft/phi-2,a40,1,524288,Dense,0.2189,True,-1.6195993760626193,-1.020060287274801,870.90255628591,1393.3675855359083,5.742011105138482,10305.81,sim 610s
mistralai/Mistral-7B-v0.1,a100,1,4096,Dense,1.0,True,-1.6195993760626193,-1.020060287274801,55.15178736601252,88.16635526407441,90.86897666699775,0.0,sim 5s
mistralai/Mistral-7B-v0.1,a100,1,4096,NaiveSparse,1.0,True,-1.6195993760626193,-1.020060287274801,55.15178736601252,88.16635526407441,90.86897666699775,0.0,copy-from-Dense (hbm_frac=1.0)
mistralai/Mistral-7B-v0.1,a100,2,4096,Dense,1.0,True,-1.6195993760626193,-1.020060287274801,34.47902560893814,47.32451701417808,169.50226483488322,0.0,sim 4s
mistralai/Mistral-7B-v0.1,a100,2,4096,NaiveSparse,1.0,True,-1.6195993760626193,-1.020060287274801,34.47902560893814,47.32451701417808,169.50226483488322,0.0,copy-from-Dense (hbm_frac=1.0)
mistralai/Mistral-7B-v0.1,a100,4,4096,Dense,1.0,True,-1.6195993760626193,-1.020060287274801,24.506005506503723,25.977330918781384,309.47987077160303,0.0,sim 4s
mistralai/Mistral-7B-v0.1,a100,4,4096,NaiveSparse,1.0,True,-1.6195993760626193,-1.020060287274801,24.506005506503723,25.977330918781384,309.47987077160303,0.0,copy-from-Dense (hbm_frac=1.0)
mistralai/Mistral-7B-v0.1,a100,8,4096,Dense,1.0,True,-1.6195993760626193,-1.020060287274801,15.128290251829263,15.128290251829263,533.3055048860765,0.0,sim 4s
mistralai/Mistral-7B-v0.1,a100,8,4096,NaiveSparse,1.0,True,-1.6195993760626193,-1.020060287274801,15.128290251829263,15.128290251829263,533.3055048860765,0.0,copy-from-Dense (hbm_frac=1.0)
mistralai/Mistral-7B-v0.1,a100,1,8192,Dense,1.0,True,-1.6195993760626193,-1.020060287274801,56.84854774696494,90.88117187359833,88.15071058984987,0.0,sim 6s
mistralai/Mistral-7B-v0.1,a100,1,8192,NaiveSparse,1.0,True,-1.6195993760626193,-1.020060287274801,56.84854774696494,90.88117187359833,88.15071058984987,0.0,copy-from-Dense (hbm_frac=1.0)
mistralai/Mistral-7B-v0.1,a100,2,8192,Dense,1.0,True,-1.6195993760626193,-1.020060287274801,36.66614313274768,50.30028920465432,159.44900270465936,0.0,sim 4s
mistralai/Mistral-7B-v0.1,a100,2,8192,NaiveSparse,1.0,True,-1.6195993760626193,-1.020060287274801,36.66614313274768,50.30028920465432,159.44900270465936,0.0,copy-from-Dense (hbm_frac=1.0)
mistralai/Mistral-7B-v0.1,a100,4,8192,Dense,1.0,True,-1.6195993760626193,-1.020060287274801,27.11677891602756,28.73125434735284,279.6836390958209,0.0,sim 4s
mistralai/Mistral-7B-v0.1,a100,4,8192,NaiveSparse,1.0,True,-1.6195993760626193,-1.020060287274801,27.11677891602756,28.73125434735284,279.6836390958209,0.0,copy-from-Dense (hbm_frac=1.0)
mistralai/Mistral-7B-v0.1,a100,8,8192,Dense,1.0,True,-1.6195993760626193,-1.020060287274801,17.853976617543545,17.853976617543545,451.3025105653181,0.0,sim 4s
mistralai/Mistral-7B-v0.1,a100,8,8192,NaiveSparse,1.0,True,-1.6195993760626193,-1.020060287274801,17.853976617543545,17.853976617543545,451.3025105653181,0.0,copy-from-Dense (hbm_frac=1.0)
mistralai/Mistral-7B-v0.1,a100,1,16384,Dense,1.0,True,-1.6195993760626193,-1.020060287274801,60.29526774696496,96.39592387359833,83.10098269340708,0.0,sim 9s
mistralai/Mistral-7B-v0.1,a100,1,16384,NaiveSparse,1.0,True,-1.6195993760626193,-1.020060287274801,60.29526774696496,96.39592387359833,83.10098269340708,0.0,copy-from-Dense (hbm_frac=1.0)
mistralai/Mistral-7B-v0.1,a100,2,16384,Dense,1.0,True,-1.6195993760626193,-1.020060287274801,40.62737833274766,55.69528600465428,143.96832517786797,0.0,sim 6s
mistralai/Mistral-7B-v0.1,a100,2,16384,NaiveSparse,1.0,True,-1.6195993760626193,-1.020060287274801,40.62737833274766,55.69528600465428,143.96832517786797,0.0,copy-from-Dense (hbm_frac=1.0)
mistralai/Mistral-7B-v0.1,a100,4,16384,Dense,1.0,True,-1.6195993760626193,-1.020060287274801,31.958753316027543,33.80347194735283,237.55815578904426,0.0,sim 4s
mistralai/Mistral-7B-v0.1,a100,4,16384,NaiveSparse,1.0,True,-1.6195993760626193,-1.020060287274801,31.958753316027543,33.80347194735283,237.55815578904426,0.0,copy-from-Dense (hbm_frac=1.0)
mistralai/Mistral-7B-v0.1,a100,8,16384,Dense,1.0,True,-1.6195993760626193,-1.020060287274801,22.861954217543538,22.861954217543538,351.88892485616225,0.0,sim 4s
mistralai/Mistral-7B-v0.1,a100,8,16384,NaiveSparse,1.0,True,-1.6195993760626193,-1.020060287274801,22.861954217543538,22.861954217543538,351.88892485616225,0.0,copy-from-Dense (hbm_frac=1.0)
mistralai/Mistral-7B-v0.1,a100,1,32768,Dense,1.0,True,-1.6195993760626193,-1.020060287274801,60.29526774696496,96.39592387359833,83.10098269340708,0.0,sim 14s
mistralai/Mistral-7B-v0.1,a100,1,32768,NaiveSparse,1.0,True,-1.6195993760626193,-1.020060287274801,60.29526774696496,96.39592387359833,83.10098269340708,0.0,copy-from-Dense (hbm_frac=1.0)
mistralai/Mistral-7B-v0.1,a100,2,32768,Dense,1.0,True,-1.6195993760626193,-1.020060287274801,40.62737833274766,55.69528600465428,143.96832517786797,0.0,sim 13s
mistralai/Mistral-7B-v0.1,a100,2,32768,NaiveSparse,1.0,True,-1.6195993760626193,-1.020060287274801,40.62737833274766,55.69528600465428,143.96832517786797,0.0,copy-from-Dense (hbm_frac=1.0)
mistralai/Mistral-7B-v0.1,a100,4,32768,Dense,1.0,True,-1.6195993760626193,-1.020060287274801,31.958753316027543,33.80347194735283,237.55815578904426,0.0,sim 5s
mistralai/Mistral-7B-v0.1,a100,4,32768,NaiveSparse,1.0,True,-1.6195993760626193,-1.020060287274801,31.958753316027543,33.80347194735283,237.55815578904426,0.0,copy-from-Dense (hbm_frac=1.0)
mistralai/Mistral-7B-v0.1,a100,8,32768,Dense,1.0,True,-1.6195993760626193,-1.020060287274801,22.861954217543538,22.861954217543538,351.88892485616225,0.0,sim 5s
mistralai/Mistral-7B-v0.1,a100,8,32768,NaiveSparse,1.0,True,-1.6195993760626193,-1.020060287274801,22.861954217543538,22.861954217543538,351.88892485616225,0.0,copy-from-Dense (hbm_frac=1.0)
mistralai/Mistral-7B-v0.1,a100,1,65536,Dense,1.0,True,-1.6195993760626193,-1.020060287274801,60.29526774696496,96.39592387359833,83.10098269340708,0.0,sim 18s
mistralai/Mistral-7B-v0.1,a100,1,65536,NaiveSparse,1.0,True,-1.6195993760626193,-1.020060287274801,60.29526774696496,96.39592387359833,83.10098269340708,0.0,copy-from-Dense (hbm_frac=1.0)
mistralai/Mistral-7B-v0.1,a100,2,65536,Dense,1.0,True,-1.6195993760626193,-1.020060287274801,40.62737833274766,55.69528600465428,143.96832517786797,0.0,sim 18s
mistralai/Mistral-7B-v0.1,a100,2,65536,NaiveSparse,1.0,True,-1.6195993760626193,-1.020060287274801,40.62737833274766,55.69528600465428,143.96832517786797,0.0,copy-from-Dense (hbm_frac=1.0)
mistralai/Mistral-7B-v0.1,a100,4,65536,Dense,1.0,True,-1.6195993760626193,-1.020060287274801,31.958753316027543,33.80347194735283,237.55815578904426,0.0,sim 5s
mistralai/Mistral-7B-v0.1,a100,4,65536,NaiveSparse,1.0,True,-1.6195993760626193,-1.020060287274801,31.958753316027543,33.80347194735283,237.55815578904426,0.0,copy-from-Dense (hbm_frac=1.0)
mistralai/Mistral-7B-v0.1,a100,8,65536,Dense,0.9313,True,-1.6195993760626193,-1.020060287274801,22.861954217543538,22.861954217543538,351.88892485616225,0.0,sim 9s
mistralai/Mistral-7B-v0.1,a100,8,65536,NaiveSparse,0.9313,True,-1.6195993760626193,-1.020060287274801,22.861954217543538,22.861954217543538,351.88892485616225,0.0,sim 9s
microsoft/phi-2,h200,1,524288,Dense,0.7777,True,-1.6195993760626193,-1.020060287274801,238.43952628590924,381.4267375359092,20.980897338817087,2816.1,sim 197s
microsoft/phi-2,h200,1,524288,NaiveSparse,0.7777,True,-1.6195993760626193,-1.020060287274801,238.43952628590924,381.4267375359092,20.980897338817087,2816.1,sim 198s
mistralai/Mistral-7B-v0.1,a100,2,131072,Dense,1.0,True,-1.6195993760626193,-1.020060287274801,40.62737833274766,55.69528600465428,143.96832517786797,0.0,sim 27s
mistralai/Mistral-7B-v0.1,a100,2,131072,NaiveSparse,1.0,True,-1.6195993760626193,-1.020060287274801,40.62737833274766,55.69528600465428,143.96832517786797,0.0,copy-from-Dense (hbm_frac=1.0)
mistralai/Mistral-7B-v0.1,a100,1,131072,Dense,1.0,True,-1.6195993760626193,-1.020060287274801,60.29526774696496,96.39592387359833,83.10098269340708,0.0,sim 32s
mistralai/Mistral-7B-v0.1,a100,1,131072,NaiveSparse,1.0,True,-1.6195993760626193,-1.020060287274801,60.29526774696496,96.39592387359833,83.10098269340708,0.0,copy-from-Dense (hbm_frac=1.0)
mistralai/Mistral-7B-v0.1,a100,4,131072,Dense,0.9313,True,-1.6195993760626193,-1.020060287274801,31.958753316027543,33.80347194735283,237.55815578904426,0.0,sim 31s
mistralai/Mistral-7B-v0.1,a100,4,131072,NaiveSparse,0.9313,True,-1.6195993760626193,-1.020060287274801,31.958753316027543,33.80347194735283,237.55815578904426,0.0,sim 34s
mistralai/Mistral-7B-v0.1,a100,1,262144,Dense,1.0,True,-1.6195993760626193,-1.020060287274801,60.29526774696496,96.39592387359833,83.10098269340708,0.0,sim 47s
mistralai/Mistral-7B-v0.1,a100,1,262144,NaiveSparse,1.0,True,-1.6195993760626193,-1.020060287274801,60.29526774696496,96.39592387359833,83.10098269340708,0.0,copy-from-Dense (hbm_frac=1.0)
mistralai/Mistral-7B-v0.1,a100,2,262144,Dense,0.9313,True,-1.6195993760626193,-1.020060287274801,40.62737833274766,55.69528600465428,143.96832517786797,0.0,sim 58s
mistralai/Mistral-7B-v0.1,a100,2,262144,NaiveSparse,0.9313,True,-1.6195993760626193,-1.020060287274801,40.62737833274766,55.69528600465428,143.96832517786797,0.0,sim 23s
mistralai/Mistral-7B-v0.1,a100,8,131072,Dense,0.4657,True,-1.6195993760626193,-1.020060287274801,96.34055029118575,96.34055029118575,83.1488098796384,587.83,sim 84s
mistralai/Mistral-7B-v0.1,a100,8,131072,NaiveSparse,0.4657,True,-1.6195993760626193,-1.020060287274801,96.34055029118575,96.34055029118575,83.1488098796384,587.83,sim 84s
mistralai/Mistral-7B-v0.1,a100,1,524288,NaiveSparse,0.9313,True,-1.6195993760626193,-1.020060287274801,60.29526774696496,96.39592387359833,83.10098269340708,0.0,sim 101s
mistralai/Mistral-7B-v0.1,a100,1,524288,Dense,0.9313,True,-1.6195993760626193,-1.020060287274801,60.29526774696496,96.39592387359833,83.10098269340708,0.0,sim 119s
mistralai/Mistral-7B-v0.1,a100,4,262144,NaiveSparse,0.4657,True,-1.6195993760626193,-1.020060287274801,179.19146966618575,191.02892404118577,41.90644651282032,1257.8,sim 157s
mistralai/Mistral-7B-v0.1,a100,4,262144,Dense,0.4657,True,-1.6195993760626193,-1.020060287274801,179.19146966618575,191.02892404118577,41.90644651282032,1257.8,sim 159s
mistralai/Mistral-7B-v0.1,a100,2,524288,Dense,0.4657,True,-1.6195993760626193,-1.020060287274801,273.87574841618584,379.75286029118575,21.073408142888603,2592.46,sim 307s
mistralai/Mistral-7B-v0.1,a100,2,524288,NaiveSparse,0.4657,True,-1.6195993760626193,-1.020060287274801,273.87574841618584,379.75286029118575,21.073408142888603,2592.46,sim 302s
mistralai/Mistral-7B-v0.1,h100,1,4096,Dense,1.0,True,-1.6195993760626193,-1.020060287274801,55.07195594772858,88.03862499482021,91.00100455143404,0.0,sim 7s
mistralai/Mistral-7B-v0.1,h100,1,4096,NaiveSparse,1.0,True,-1.6195993760626193,-1.020060287274801,55.07195594772858,88.03862499482021,91.00100455143404,0.0,copy-from-Dense (hbm_frac=1.0)
mistralai/Mistral-7B-v0.1,h100,2,4096,Dense,1.0,True,-1.6195993760626193,-1.020060287274801,34.43513072293203,47.26405044687174,169.71970165719273,0.0,sim 4s
mistralai/Mistral-7B-v0.1,h100,2,4096,NaiveSparse,1.0,True,-1.6195993760626193,-1.020060287274801,34.43513072293203,47.26405044687174,169.71970165719273,0.0,copy-from-Dense (hbm_frac=1.0)
mistralai/Mistral-7B-v0.1,h100,4,4096,Dense,1.0,True,-1.6195993760626193,-1.020060287274801,24.475884884973834,25.945132822793045,309.8658343323425,0.0,sim 4s
mistralai/Mistral-7B-v0.1,h100,4,4096,NaiveSparse,1.0,True,-1.6195993760626193,-1.020060287274801,24.475884884973834,25.945132822793045,309.8658343323425,0.0,copy-from-Dense (hbm_frac=1.0)
mistralai/Mistral-7B-v0.1,h100,8,4096,Dense,1.0,True,-1.6195993760626193,-1.020060287274801,15.110232082320012,15.110232082320012,533.9482799152522,0.0,sim 4s
mistralai/Mistral-7B-v0.1,h100,8,4096,NaiveSparse,1.0,True,-1.6195993760626193,-1.020060287274801,15.110232082320012,15.110232082320012,533.9482799152522,0.0,copy-from-Dense (hbm_frac=1.0)
mistralai/Mistral-7B-v0.1,h100,1,8192,Dense,1.0,True,-1.6195993760626193,-1.020060287274801,56.76770502709375,90.7518235218045,88.27652835741267,0.0,sim 9s
mistralai/Mistral-7B-v0.1,h100,1,8192,NaiveSparse,1.0,True,-1.6195993760626193,-1.020060287274801,56.76770502709375,90.7518235218045,88.27652835741267,0.0,copy-from-Dense (hbm_frac=1.0)
mistralai/Mistral-7B-v0.1,h100,2,8192,Dense,1.0,True,-1.6195993760626193,-1.020060287274801,36.605391625154255,50.21713900369714,159.71369254622547,0.0,sim 8s
mistralai/Mistral-7B-v0.1,h100,2,8192,NaiveSparse,1.0,True,-1.6195993760626193,-1.020060287274801,36.605391625154255,50.21713900369714,159.71369254622547,0.0,copy-from-Dense (hbm_frac=1.0)
mistralai/Mistral-7B-v0.1,h100,4,8192,Dense,1.0,True,-1.6195993760626193,-1.020060287274801,27.093423450053177,28.705117029777156,279.9394400611655,0.0,sim 4s
mistralai/Mistral-7B-v0.1,h100,4,8192,NaiveSparse,1.0,True,-1.6195993760626193,-1.020060287274801,27.093423450053177,28.705117029777156,279.9394400611655,0.0,copy-from-Dense (hbm_frac=1.0)
mistralai/Mistral-7B-v0.1,h100,8,8192,Dense,1.0,True,-1.6195993760626193,-1.020060287274801,17.804410238510517,17.804410238510517,452.56797158377725,0.0,sim 4s
mistralai/Mistral-7B-v0.1,h100,8,8192,NaiveSparse,1.0,True,-1.6195993760626193,-1.020060287274801,17.804410238510517,17.804410238510517,452.56797158377725,0.0,copy-from-Dense (hbm_frac=1.0)
mistralai/Mistral-7B-v0.1,h100,1,16384,Dense,1.0,True,-1.6195993760626193,-1.020060287274801,60.20167836042696,96.24618085513764,83.23044548722063,0.0,sim 13s
mistralai/Mistral-7B-v0.1,h100,1,16384,NaiveSparse,1.0,True,-1.6195993760626193,-1.020060287274801,60.20167836042696,96.24618085513764,83.23044548722063,0.0,copy-from-Dense (hbm_frac=1.0)
mistralai/Mistral-7B-v0.1,h100,2,16384,Dense,1.0,True,-1.6195993760626193,-1.020060287274801,40.586980425154245,55.63931073703049,144.1134954851985,0.0,sim 13s
mistralai/Mistral-7B-v0.1,h100,2,16384,NaiveSparse,1.0,True,-1.6195993760626193,-1.020060287274801,40.586980425154245,55.63931073703049,144.1134954851985,0.0,copy-from-Dense (hbm_frac=1.0)
mistralai/Mistral-7B-v0.1,h100,4,16384,Dense,1.0,True,-1.6195993760626193,-1.020060287274801,31.932366916720024,33.77466742977733,237.76152356496382,0.0,sim 5s
mistralai/Mistral-7B-v0.1,h100,4,16384,NaiveSparse,1.0,True,-1.6195993760626193,-1.020060287274801,31.932366916720024,33.77466742977733,237.76152356496382,0.0,copy-from-Dense (hbm_frac=1.0)
mistralai/Mistral-7B-v0.1,h100,8,16384,Dense,1.0,True,-1.6195993760626193,-1.020060287274801,22.839863571843782,22.839863571843782,352.2311814477887,0.0,sim 5s
mistralai/Mistral-7B-v0.1,h100,8,16384,NaiveSparse,1.0,True,-1.6195993760626193,-1.020060287274801,22.839863571843782,22.839863571843782,352.2311814477887,0.0,copy-from-Dense (hbm_frac=1.0)
mistralai/Mistral-7B-v0.1,h100,1,32768,Dense,1.0,True,-1.6195993760626193,-1.020060287274801,60.20167836042696,96.24618085513764,83.23044548722063,0.0,sim 19s
mistralai/Mistral-7B-v0.1,h100,1,32768,NaiveSparse,1.0,True,-1.6195993760626193,-1.020060287274801,60.20167836042696,96.24618085513764,83.23044548722063,0.0,copy-from-Dense (hbm_frac=1.0)
mistralai/Mistral-7B-v0.1,h100,2,32768,Dense,1.0,True,-1.6195993760626193,-1.020060287274801,40.586980425154245,55.63931073703049,144.1134954851985,0.0,sim 17s
mistralai/Mistral-7B-v0.1,h100,2,32768,NaiveSparse,1.0,True,-1.6195993760626193,-1.020060287274801,40.586980425154245,55.63931073703049,144.1134954851985,0.0,copy-from-Dense (hbm_frac=1.0)
mistralai/Mistral-7B-v0.1,h100,4,32768,Dense,1.0,True,-1.6195993760626193,-1.020060287274801,31.932366916720024,33.77466742977733,237.76152356496382,0.0,sim 5s
mistralai/Mistral-7B-v0.1,h100,4,32768,NaiveSparse,1.0,True,-1.6195993760626193,-1.020060287274801,31.932366916720024,33.77466742977733,237.76152356496382,0.0,copy-from-Dense (hbm_frac=1.0)
mistralai/Mistral-7B-v0.1,h100,8,32768,Dense,1.0,True,-1.6195993760626193,-1.020060287274801,22.839863571843782,22.839863571843782,352.2311814477887,0.0,sim 5s
mistralai/Mistral-7B-v0.1,h100,8,32768,NaiveSparse,1.0,True,-1.6195993760626193,-1.020060287274801,22.839863571843782,22.839863571843782,352.2311814477887,0.0,copy-from-Dense (hbm_frac=1.0)
mistralai/Mistral-7B-v0.1,h100,2,65536,Dense,1.0,True,-1.6195993760626193,-1.020060287274801,40.586980425154245,55.63931073703049,144.1134954851985,0.0,sim 22s
mistralai/Mistral-7B-v0.1,h100,2,65536,NaiveSparse,1.0,True,-1.6195993760626193,-1.020060287274801,40.586980425154245,55.63931073703049,144.1134954851985,0.0,copy-from-Dense (hbm_frac=1.0)
mistralai/Mistral-7B-v0.1,h100,1,65536,Dense,1.0,True,-1.6195993760626193,-1.020060287274801,60.20167836042696,96.24618085513764,83.23044548722063,0.0,sim 25s
mistralai/Mistral-7B-v0.1,h100,1,65536,NaiveSparse,1.0,True,-1.6195993760626193,-1.020060287274801,60.20167836042696,96.24618085513764,83.23044548722063,0.0,copy-from-Dense (hbm_frac=1.0)
mistralai/Mistral-7B-v0.1,h100,4,65536,Dense,1.0,True,-1.6195993760626193,-1.020060287274801,31.932366916720024,33.77466742977733,237.76152356496382,0.0,sim 6s
mistralai/Mistral-7B-v0.1,h100,4,65536,NaiveSparse,1.0,True,-1.6195993760626193,-1.020060287274801,31.932366916720024,33.77466742977733,237.76152356496382,0.0,copy-from-Dense (hbm_frac=1.0)
mistralai/Mistral-7B-v0.1,h100,8,65536,Dense,0.9313,True,-1.6195993760626193,-1.020060287274801,22.839863571843782,22.839863571843782,352.2311814477887,0.0,sim 10s
mistralai/Mistral-7B-v0.1,h100,8,65536,NaiveSparse,0.9313,True,-1.6195993760626193,-1.020060287274801,22.839863571843782,22.839863571843782,352.2311814477887,0.0,sim 10s
mistralai/Mistral-7B-v0.1,h100,1,131072,Dense,1.0,True,-1.6195993760626193,-1.020060287274801,60.20167836042696,96.24618085513764,83.23044548722063,0.0,sim 32s
mistralai/Mistral-7B-v0.1,h100,1,131072,NaiveSparse,1.0,True,-1.6195993760626193,-1.020060287274801,60.20167836042696,96.24618085513764,83.23044548722063,0.0,copy-from-Dense (hbm_frac=1.0)
mistralai/Mistral-7B-v0.1,h100,2,131072,Dense,1.0,True,-1.6195993760626193,-1.020060287274801,40.586980425154245,55.63931073703049,144.1134954851985,0.0,sim 30s
mistralai/Mistral-7B-v0.1,h100,2,131072,NaiveSparse,1.0,True,-1.6195993760626193,-1.020060287274801,40.586980425154245,55.63931073703049,144.1134954851985,0.0,copy-from-Dense (hbm_frac=1.0)
mistralai/Mistral-7B-v0.1,h100,4,131072,Dense,0.9313,True,-1.6195993760626193,-1.020060287274801,31.932366916720024,33.77466742977733,237.76152356496382,0.0,sim 14s
mistralai/Mistral-7B-v0.1,h100,4,131072,NaiveSparse,0.9313,True,-1.6195993760626193,-1.020060287274801,31.932366916720024,33.77466742977733,237.76152356496382,0.0,sim 14s
mistralai/Mistral-7B-v0.1,h100,8,131072,Dense,0.4657,True,-1.6195993760626193,-1.020060287274801,96.33821055652231,96.33821055652231,83.15083196394495,587.99,sim 84s
mistralai/Mistral-7B-v0.1,h100,8,131072,NaiveSparse,0.4657,True,-1.6195993760626193,-1.020060287274801,96.33821055652231,96.33821055652231,83.15083196394495,587.99,sim 83s
mistralai/Mistral-7B-v0.1,h100,1,262144,Dense,1.0,True,-1.6195993760626193,-1.020060287274801,60.20167836042696,96.24618085513764,83.23044548722063,0.0,sim 52s
mistralai/Mistral-7B-v0.1,h100,1,262144,NaiveSparse,1.0,True,-1.6195993760626193,-1.020060287274801,60.20167836042696,96.24618085513764,83.23044548722063,0.0,copy-from-Dense (hbm_frac=1.0)
mistralai/Mistral-7B-v0.1,h100,2,262144,Dense,0.9313,True,-1.6195993760626193,-1.020060287274801,40.586980425154245,55.63931073703049,144.1134954851985,0.0,sim 60s
mistralai/Mistral-7B-v0.1,h100,2,262144,NaiveSparse,0.9313,True,-1.6195993760626193,-1.020060287274801,40.586980425154245,55.63931073703049,144.1134954851985,0.0,sim 23s
mistralai/Mistral-7B-v0.1,a100,1,1048576,Dense,0.4657,True,-1.6195993760626193,-1.020060287274801,473.5830262859095,757.6563375359086,10.560654173386387,5290.08,sim 746s
mistralai/Mistral-7B-v0.1,a100,1,1048576,NaiveSparse,0.4657,True,-1.6195993760626193,-1.020060287274801,473.5830262859095,757.6563375359086,10.560654173386387,5290.08,sim 714s
mistralai/Mistral-7B-v0.1,h100,4,262144,Dense,0.4657,True,-1.6195993760626193,-1.020060287274801,179.1891299315223,191.0265843065223,41.9069601348199,1258.02,sim 158s
mistralai/Mistral-7B-v0.1,h100,4,262144,NaiveSparse,0.4657,True,-1.6195993760626193,-1.020060287274801,179.1891299315223,191.0265843065223,41.9069601348199,1258.02,sim 157s
mistralai/Mistral-7B-v0.1,h100,1,524288,Dense,0.9313,True,-1.6195993760626193,-1.020060287274801,60.20167836042696,96.24618085513764,83.23044548722063,0.0,sim 123s
mistralai/Mistral-7B-v0.1,h100,1,524288,NaiveSparse,0.9313,True,-1.6195993760626193,-1.020060287274801,60.20167836042696,96.24618085513764,83.23044548722063,0.0,sim 108s
mistralai/Mistral-7B-v0.1,h100,2,524288,Dense,0.4657,True,-1.6195993760626193,-1.020060287274801,273.8734086815224,379.7505205565223,21.07353802485523,2592.89,sim 314s
mistralai/Mistral-7B-v0.1,h100,2,524288,NaiveSparse,0.4657,True,-1.6195993760626193,-1.020060287274801,273.8734086815224,379.7505205565223,21.07353802485523,2592.89,sim 304s
mistralai/Mistral-7B-v0.1,a40,1,4096,Dense,1.0,True,-1.6195993760626193,-1.020060287274801,55.101988390581695,88.08667690338521,90.95129089472861,0.0,sim 5s
mistralai/Mistral-7B-v0.1,a40,1,4096,NaiveSparse,1.0,True,-1.6195993760626193,-1.020060287274801,55.101988390581695,88.08667690338521,90.95129089472861,0.0,copy-from-Dense (hbm_frac=1.0)
mistralai/Mistral-7B-v0.1,a40,2,4096,Dense,1.0,True,-1.6195993760626193,-1.020060287274801,34.441131550704256,47.27262817848085,169.68882232058797,0.0,sim 3s
mistralai/Mistral-7B-v0.1,a40,2,4096,NaiveSparse,1.0,True,-1.6195993760626193,-1.020060287274801,34.441131550704256,47.27262817848085,169.68882232058797,0.0,copy-from-Dense (hbm_frac=1.0)
mistralai/Mistral-7B-v0.1,a40,4,4096,Dense,1.0,True,-1.6195993760626193,-1.020060287274801,24.478741699738794,25.947917590054125,309.8324148696397,0.0,sim 4s
mistralai/Mistral-7B-v0.1,a40,4,4096,NaiveSparse,1.0,True,-1.6195993760626193,-1.020060287274801,24.478741699738794,25.947917590054125,309.8324148696397,0.0,copy-from-Dense (hbm_frac=1.0)
mistralai/Mistral-7B-v0.1,a40,8,4096,Dense,1.0,True,-1.6195993760626193,-1.020060287274801,15.114084702142707,15.114084702142707,533.811017103025,0.0,sim 4s
mistralai/Mistral-7B-v0.1,a40,8,4096,NaiveSparse,1.0,True,-1.6195993760626193,-1.020060287274801,15.114084702142707,15.114084702142707,533.811017103025,0.0,copy-from-Dense (hbm_frac=1.0)
mistralai/Mistral-7B-v0.1,a40,2,8192,Dense,1.0,True,-1.6195993760626193,-1.020060287274801,36.616996983085215,50.232889900385594,159.66348568715537,0.0,sim 6s
mistralai/Mistral-7B-v0.1,a40,2,8192,NaiveSparse,1.0,True,-1.6195993760626193,-1.020060287274801,36.616996983085215,50.232889900385594,159.66348568715537,0.0,copy-from-Dense (hbm_frac=1.0)
mistralai/Mistral-7B-v0.1,a40,1,8192,Dense,1.0,True,-1.6195993760626193,-1.020060287274801,56.78253239058172,90.77554730338515,88.25342523148936,0.0,sim 7s
mistralai/Mistral-7B-v0.1,a40,1,8192,NaiveSparse,1.0,True,-1.6195993760626193,-1.020060287274801,56.78253239058172,90.77554730338515,88.25342523148936,0.0,copy-from-Dense (hbm_frac=1.0)
mistralai/Mistral-7B-v0.1,a40,4,8192,Dense,1.0,True,-1.6195993760626193,-1.020060287274801,27.1029559854531,28.71570161291129,279.83579440002757,0.0,sim 4s
mistralai/Mistral-7B-v0.1,a40,4,8192,NaiveSparse,1.0,True,-1.6195993760626193,-1.020060287274801,27.1029559854531,28.71570161291129,279.83579440002757,0.0,copy-from-Dense (hbm_frac=1.0)
mistralai/Mistral-7B-v0.1,a40,8,8192,Dense,1.0,True,-1.6195993760626193,-1.020060287274801,17.834632671666515,17.834632671666515,451.7955308196853,0.0,sim 4s
mistralai/Mistral-7B-v0.1,a40,8,8192,NaiveSparse,1.0,True,-1.6195993760626193,-1.020060287274801,17.834632671666515,17.834632671666515,451.7955308196853,0.0,copy-from-Dense (hbm_frac=1.0)
mistralai/Mistral-7B-v0.1,a40,1,16384,Dense,1.0,True,-1.6195993760626193,-1.020060287274801,60.22541239058172,96.28415530338513,83.1975758903893,0.0,sim 9s
mistralai/Mistral-7B-v0.1,a40,1,16384,NaiveSparse,1.0,True,-1.6195993760626193,-1.020060287274801,60.22541239058172,96.28415530338513,83.1975758903893,0.0,copy-from-Dense (hbm_frac=1.0)
mistralai/Mistral-7B-v0.1,a40,2,16384,Dense,1.0,True,-1.6195993760626193,-1.020060287274801,40.59150578308524,55.64579710038565,144.09665828608033,0.0,sim 9s
mistralai/Mistral-7B-v0.1,a40,2,16384,NaiveSparse,1.0,True,-1.6195993760626193,-1.020060287274801,40.59150578308524,55.64579710038565,144.09665828608033,0.0,copy-from-Dense (hbm_frac=1.0)
mistralai/Mistral-7B-v0.1,a40,4,16384,Dense,1.0,True,-1.6195993760626193,-1.020060287274801,31.926946385453085,33.76949521291127,237.798077711945,0.0,sim 4s
mistralai/Mistral-7B-v0.1,a40,4,16384,NaiveSparse,1.0,True,-1.6195993760626193,-1.020060287274801,31.926946385453085,33.76949521291127,237.798077711945,0.0,copy-from-Dense (hbm_frac=1.0)
mistralai/Mistral-7B-v0.1,a40,8,16384,Dense,1.0,True,-1.6195993760626193,-1.020060287274801,22.841751071666508,22.841751071666508,352.2019118711244,0.0,sim 4s
mistralai/Mistral-7B-v0.1,a40,8,16384,NaiveSparse,1.0,True,-1.6195993760626193,-1.020060287274801,22.841751071666508,22.841751071666508,352.2019118711244,0.0,copy-from-Dense (hbm_frac=1.0)
mistralai/Mistral-7B-v0.1,a40,1,32768,Dense,1.0,True,-1.6195993760626193,-1.020060287274801,60.22541239058172,96.28415530338513,83.1975758903893,0.0,sim 14s
mistralai/Mistral-7B-v0.1,a40,1,32768,NaiveSparse,1.0,True,-1.6195993760626193,-1.020060287274801,60.22541239058172,96.28415530338513,83.1975758903893,0.0,copy-from-Dense (hbm_frac=1.0)
mistralai/Mistral-7B-v0.1,a40,2,32768,Dense,1.0,True,-1.6195993760626193,-1.020060287274801,40.59150578308524,55.64579710038565,144.09665828608033,0.0,sim 13s
mistralai/Mistral-7B-v0.1,a40,2,32768,NaiveSparse,1.0,True,-1.6195993760626193,-1.020060287274801,40.59150578308524,55.64579710038565,144.09665828608033,0.0,copy-from-Dense (hbm_frac=1.0)
mistralai/Mistral-7B-v0.1,a40,4,32768,Dense,1.0,True,-1.6195993760626193,-1.020060287274801,31.926946385453085,33.76949521291127,237.798077711945,0.0,sim 5s
mistralai/Mistral-7B-v0.1,a40,4,32768,NaiveSparse,1.0,True,-1.6195993760626193,-1.020060287274801,31.926946385453085,33.76949521291127,237.798077711945,0.0,copy-from-Dense (hbm_frac=1.0)
mistralai/Mistral-7B-v0.1,a40,8,32768,Dense,0.844,True,-1.6195993760626193,-1.020060287274801,22.841751071666508,22.841751071666508,352.2019118711244,0.0,sim 10s
mistralai/Mistral-7B-v0.1,a40,8,32768,NaiveSparse,0.844,True,-1.6195993760626193,-1.020060287274801,22.841751071666508,22.841751071666508,352.2019118711244,0.0,sim 10s
mistralai/Mistral-7B-v0.1,a40,2,65536,Dense,1.0,True,-1.6195993760626193,-1.020060287274801,40.59150578308524,55.64579710038565,144.09665828608033,0.0,sim 17s
mistralai/Mistral-7B-v0.1,a40,2,65536,NaiveSparse,1.0,True,-1.6195993760626193,-1.020060287274801,40.59150578308524,55.64579710038565,144.09665828608033,0.0,copy-from-Dense (hbm_frac=1.0)
mistralai/Mistral-7B-v0.1,a40,1,65536,Dense,1.0,True,-1.6195993760626193,-1.020060287274801,60.22541239058172,96.28415530338513,83.1975758903893,0.0,sim 21s
mistralai/Mistral-7B-v0.1,a40,1,65536,NaiveSparse,1.0,True,-1.6195993760626193,-1.020060287274801,60.22541239058172,96.28415530338513,83.1975758903893,0.0,copy-from-Dense (hbm_frac=1.0)
mistralai/Mistral-7B-v0.1,a40,4,65536,Dense,0.844,True,-1.6195993760626193,-1.020060287274801,31.926946385453085,33.76949521291127,237.798077711945,0.0,sim 15s
mistralai/Mistral-7B-v0.1,a40,4,65536,NaiveSparse,0.844,True,-1.6195993760626193,-1.020060287274801,31.926946385453085,33.76949521291127,237.798077711945,0.0,sim 15s
mistralai/Mistral-7B-v0.1,a40,8,65536,Dense,0.422,True,-1.6195993760626193,-1.020060287274801,52.912693907276164,52.912693907276164,151.5576727098491,240.57,sim 47s
mistralai/Mistral-7B-v0.1,a40,8,65536,NaiveSparse,0.422,True,-1.6195993760626193,-1.020060287274801,52.912693907276164,52.912693907276164,151.5576727098491,240.57,sim 47s
mistralai/Mistral-7B-v0.1,a40,1,131072,Dense,1.0,True,-1.6195993760626193,-1.020060287274801,60.22541239058172,96.28415530338513,83.1975758903893,0.0,sim 29s
mistralai/Mistral-7B-v0.1,a40,1,131072,NaiveSparse,1.0,True,-1.6195993760626193,-1.020060287274801,60.22541239058172,96.28415530338513,83.1975758903893,0.0,copy-from-Dense (hbm_frac=1.0)
mistralai/Mistral-7B-v0.1,a40,2,131072,Dense,0.844,True,-1.6195993760626193,-1.020060287274801,40.59150578308524,55.64579710038565,144.09665828608033,0.0,sim 48s
mistralai/Mistral-7B-v0.1,a40,2,131072,NaiveSparse,0.844,True,-1.6195993760626193,-1.020060287274801,40.59150578308524,55.64579710038565,144.09665828608033,0.0,sim 25s
mistralai/Mistral-7B-v0.1,a40,4,131072,Dense,0.422,True,-1.6195993760626193,-1.020060287274801,97.76576703227619,104.1749576572762,76.88799668486202,563.24,sim 86s
mistralai/Mistral-7B-v0.1,a40,4,131072,NaiveSparse,0.422,True,-1.6195993760626193,-1.020060287274801,97.76576703227619,104.1749576572762,76.88799668486202,563.24,sim 86s
mistralai/Mistral-7B-v0.1,h100,1,1048576,Dense,0.4657,True,-1.6195993760626193,-1.020060287274801,473.5830262859095,757.6563375359086,10.560654173386387,5291.28,sim 750s
mistralai/Mistral-7B-v0.1,h100,1,1048576,NaiveSparse,0.4657,True,-1.6195993760626193,-1.020060287274801,473.5830262859095,757.6563375359086,10.560654173386387,5291.28,sim 724s
mistralai/Mistral-7B-v0.1,a40,8,131072,Dense,0.211,True,-1.6195993760626193,-1.020060287274801,142.40414140727614,142.40414140727614,56.22848799777517,956.5,sim 121s
mistralai/Mistral-7B-v0.1,a40,8,131072,NaiveSparse,0.211,True,-1.6195993760626193,-1.020060287274801,142.40414140727614,142.40414140727614,56.22848799777517,956.5,sim 121s
mistralai/Mistral-7B-v0.1,a40,1,262144,Dense,0.844,True,-1.6195993760626193,-1.020060287274801,60.22541239058172,96.28415530338513,83.1975758903893,0.0,sim 88s
mistralai/Mistral-7B-v0.1,a40,1,262144,NaiveSparse,0.844,True,-1.6195993760626193,-1.020060287274801,60.22541239058172,96.28415530338513,83.1975758903893,0.0,sim 82s
mistralai/Mistral-7B-v0.1,a40,2,262144,Dense,0.422,True,-1.6195993760626193,-1.020060287274801,149.02393578227617,205.8838976572761,38.88093096540597,1201.9,sim 165s
mistralai/Mistral-7B-v0.1,a40,2,262144,NaiveSparse,0.422,True,-1.6195993760626193,-1.020060287274801,149.02393578227617,205.8838976572761,38.88093096540597,1201.9,sim 165s
mistralai/Mistral-7B-v0.1,a40,4,262144,Dense,0.211,True,-1.6195993760626193,-1.020060287274801,265.5631695322762,282.3385114072762,28.347583511117936,1988.55,sim 228s
mistralai/Mistral-7B-v0.1,a40,4,262144,NaiveSparse,0.211,True,-1.6195993760626193,-1.020060287274801,265.5631695322762,282.3385114072762,28.347583511117936,1988.55,sim 229s
mistralai/Mistral-7B-v0.1,a40,1,524288,Dense,0.422,True,-1.6195993760626193,-1.020060287274801,256.4524762859095,410.24745753590963,19.50648828470791,2511.71,sim 401s
mistralai/Mistral-7B-v0.1,a40,1,524288,NaiveSparse,0.422,True,-1.6195993760626193,-1.020060287274801,256.4524762859095,410.24745753590963,19.50648828470791,2511.71,sim 382s
mistralai/Mistral-7B-v0.1,a40,2,524288,Dense,0.211,True,-1.6195993760626193,-1.020060287274801,411.2236237859093,563.1667556609094,14.208600957466333,4060.17,sim 446s
mistralai/Mistral-7B-v0.1,a40,2,524288,NaiveSparse,0.211,True,-1.6195993760626193,-1.020060287274801,411.2236237859093,563.1667556609094,14.208600957466333,4060.17,sim 444s
mistralai/Mistral-7B-v0.1,h200,1,4096,Dense,1.0,True,-1.6195993760626193,-1.020060287274801,54.23868933666817,86.70539841712352,92.4023433531788,0.0,sim 265s
mistralai/Mistral-7B-v0.1,h200,1,4096,NaiveSparse,1.0,True,-1.6195993760626193,-1.020060287274801,54.23868933666817,86.70539841712352,92.4023433531788,0.0,copy-from-Dense (hbm_frac=1.0)
mistralai/Mistral-7B-v0.1,h200,2,4096,Dense,1.0,True,-1.6195993760626193,-1.020060287274801,33.92850287152516,46.56757934496951,172.2650221750788,0.0,sim 207s
mistralai/Mistral-7B-v0.1,h200,2,4096,NaiveSparse,1.0,True,-1.6195993760626193,-1.020060287274801,33.92850287152516,46.56757934496951,172.2650221750788,0.0,copy-from-Dense (hbm_frac=1.0)
mistralai/Mistral-7B-v0.1,h200,4,4096,Dense,1.0,True,-1.6195993760626193,-1.020060287274801,24.131341323209604,25.57973783504854,314.31430196789336,0.0,sim 4s
mistralai/Mistral-7B-v0.1,h200,4,4096,NaiveSparse,1.0,True,-1.6195993760626193,-1.020060287274801,24.131341323209604,25.57973783504854,314.31430196789336,0.0,copy-from-Dense (hbm_frac=1.0)
mistralai/Mistral-7B-v0.1,h200,8,4096,Dense,1.0,True,-1.6195993760626193,-1.020060287274801,14.923139650560113,14.923139650560113,540.700115953703,0.0,sim 4s
mistralai/Mistral-7B-v0.1,h200,8,4096,NaiveSparse,1.0,True,-1.6195993760626193,-1.020060287274801,14.923139650560113,14.923139650560113,540.700115953703,0.0,copy-from-Dense (hbm_frac=1.0)
mistralai/Mistral-7B-v0.1,h200,1,8192,Dense,1.0,True,-1.6195993760626193,-1.020060287274801,55.93838350926433,89.42490909327738,89.58827312416808,0.0,sim 6s
mistralai/Mistral-7B-v0.1,h200,1,8192,NaiveSparse,1.0,True,-1.6195993760626193,-1.020060287274801,55.93838350926433,89.42490909327738,89.58827312416808,0.0,copy-from-Dense (hbm_frac=1.0)
mistralai/Mistral-7B-v0.1,h200,2,8192,Dense,1.0,True,-1.6195993760626193,-1.020060287274801,36.10017408295376,49.52255142496955,161.9595686151785,0.0,sim 4s
mistralai/Mistral-7B-v0.1,h200,2,8192,NaiveSparse,1.0,True,-1.6195993760626193,-1.020060287274801,36.10017408295376,49.52255142496955,161.9595686151785,0.0,copy-from-Dense (hbm_frac=1.0)
mistralai/Mistral-7B-v0.1,h200,4,8192,Dense,1.0,True,-1.6195993760626193,-1.020060287274801,26.773415989876284,28.365162155048548,283.3096483366462,0.0,sim 4s
mistralai/Mistral-7B-v0.1,h200,4,8192,NaiveSparse,1.0,True,-1.6195993760626193,-1.020060287274801,26.773415989876284,28.365162155048548,283.3096483366462,0.0,copy-from-Dense (hbm_frac=1.0)
mistralai/Mistral-7B-v0.1,h200,8,8192,Dense,1.0,True,-1.6195993760626193,-1.020060287274801,17.632769402941054,17.632769402941054,457.00544560642595,0.0,sim 4s
mistralai/Mistral-7B-v0.1,h200,8,8192,NaiveSparse,1.0,True,-1.6195993760626193,-1.020060287274801,17.632769402941054,17.632769402941054,457.00544560642595,0.0,copy-from-Dense (hbm_frac=1.0)
mistralai/Mistral-7B-v0.1,h200,1,16384,Dense,1.0,True,-1.6195993760626193,-1.020060287274801,59.36926350926432,94.91431709327728,84.39992903398812,0.0,sim 9s
mistralai/Mistral-7B-v0.1,h200,1,16384,NaiveSparse,1.0,True,-1.6195993760626193,-1.020060287274801,59.36926350926432,94.91431709327728,84.39992903398812,0.0,copy-from-Dense (hbm_frac=1.0)
mistralai/Mistral-7B-v0.1,h200,2,16384,Dense,1.0,True,-1.6195993760626193,-1.020060287274801,40.103855682953764,54.974570624969544,145.86013451640372,0.0,sim 10s
mistralai/Mistral-7B-v0.1,h200,2,16384,NaiveSparse,1.0,True,-1.6195993760626193,-1.020060287274801,40.103855682953764,54.974570624969544,145.86013451640372,0.0,copy-from-Dense (hbm_frac=1.0)
mistralai/Mistral-7B-v0.1,h200,4,16384,Dense,1.0,True,-1.6195993760626193,-1.020060287274801,31.623604789876275,33.444942955048546,240.1145196008814,0.0,sim 4s
mistralai/Mistral-7B-v0.1,h200,4,16384,NaiveSparse,1.0,True,-1.6195993760626193,-1.020060287274801,31.623604789876275,33.444942955048546,240.1145196008814,0.0,copy-from-Dense (hbm_frac=1.0)
mistralai/Mistral-7B-v0.1,h200,8,16384,Dense,1.0,True,-1.6195993760626193,-1.020060287274801,22.674023802941047,22.674023802941047,354.82200022616706,0.0,sim 4s
mistralai/Mistral-7B-v0.1,h200,8,16384,NaiveSparse,1.0,True,-1.6195993760626193,-1.020060287274801,22.674023802941047,22.674023802941047,354.82200022616706,0.0,copy-from-Dense (hbm_frac=1.0)
mistralai/Mistral-7B-v0.1,h200,1,32768,Dense,1.0,True,-1.6195993760626193,-1.020060287274801,59.36926350926432,94.91431709327728,84.39992903398812,0.0,sim 13s
mistralai/Mistral-7B-v0.1,h200,1,32768,NaiveSparse,1.0,True,-1.6195993760626193,-1.020060287274801,59.36926350926432,94.91431709327728,84.39992903398812,0.0,copy-from-Dense (hbm_frac=1.0)
mistralai/Mistral-7B-v0.1,h200,2,32768,Dense,1.0,True,-1.6195993760626193,-1.020060287274801,40.103855682953764,54.974570624969544,145.86013451640372,0.0,sim 14s
mistralai/Mistral-7B-v0.1,h200,2,32768,NaiveSparse,1.0,True,-1.6195993760626193,-1.020060287274801,40.103855682953764,54.974570624969544,145.86013451640372,0.0,copy-from-Dense (hbm_frac=1.0)
mistralai/Mistral-7B-v0.1,h200,4,32768,Dense,1.0,True,-1.6195993760626193,-1.020060287274801,31.623604789876275,33.444942955048546,240.1145196008814,0.0,sim 4s
mistralai/Mistral-7B-v0.1,h200,4,32768,NaiveSparse,1.0,True,-1.6195993760626193,-1.020060287274801,31.623604789876275,33.444942955048546,240.1145196008814,0.0,copy-from-Dense (hbm_frac=1.0)
mistralai/Mistral-7B-v0.1,h200,8,32768,Dense,1.0,True,-1.6195993760626193,-1.020060287274801,22.674023802941047,22.674023802941047,354.82200022616706,0.0,sim 5s
mistralai/Mistral-7B-v0.1,h200,8,32768,NaiveSparse,1.0,True,-1.6195993760626193,-1.020060287274801,22.674023802941047,22.674023802941047,354.82200022616706,0.0,copy-from-Dense (hbm_frac=1.0)
mistralai/Mistral-7B-v0.1,h200,1,65536,Dense,1.0,True,-1.6195993760626193,-1.020060287274801,59.36926350926432,94.91431709327728,84.39992903398812,0.0,sim 18s
mistralai/Mistral-7B-v0.1,h200,1,65536,NaiveSparse,1.0,True,-1.6195993760626193,-1.020060287274801,59.36926350926432,94.91431709327728,84.39992903398812,0.0,copy-from-Dense (hbm_frac=1.0)
mistralai/Mistral-7B-v0.1,h200,2,65536,Dense,1.0,True,-1.6195993760626193,-1.020060287274801,40.103855682953764,54.974570624969544,145.86013451640372,0.0,sim 17s
mistralai/Mistral-7B-v0.1,h200,2,65536,NaiveSparse,1.0,True,-1.6195993760626193,-1.020060287274801,40.103855682953764,54.974570624969544,145.86013451640372,0.0,copy-from-Dense (hbm_frac=1.0)
mistralai/Mistral-7B-v0.1,h200,4,65536,Dense,1.0,True,-1.6195993760626193,-1.020060287274801,31.623604789876275,33.444942955048546,240.1145196008814,0.0,sim 5s
mistralai/Mistral-7B-v0.1,h200,4,65536,NaiveSparse,1.0,True,-1.6195993760626193,-1.020060287274801,31.623604789876275,33.444942955048546,240.1145196008814,0.0,copy-from-Dense (hbm_frac=1.0)
mistralai/Mistral-7B-v0.1,h200,8,65536,Dense,1.0,True,-1.6195993760626193,-1.020060287274801,22.674023802941047,22.674023802941047,354.82200022616706,0.0,sim 5s
mistralai/Mistral-7B-v0.1,h200,8,65536,NaiveSparse,1.0,True,-1.6195993760626193,-1.020060287274801,22.674023802941047,22.674023802941047,354.82200022616706,0.0,copy-from-Dense (hbm_frac=1.0)
mistralai/Mistral-7B-v0.1,h200,2,131072,Dense,1.0,True,-1.6195993760626193,-1.020060287274801,40.103855682953764,54.974570624969544,145.86013451640372,0.0,sim 24s
mistralai/Mistral-7B-v0.1,h200,2,131072,NaiveSparse,1.0,True,-1.6195993760626193,-1.020060287274801,40.103855682953764,54.974570624969544,145.86013451640372,0.0,copy-from-Dense (hbm_frac=1.0)
mistralai/Mistral-7B-v0.1,h200,1,131072,Dense,1.0,True,-1.6195993760626193,-1.020060287274801,59.36926350926432,94.91431709327728,84.39992903398812,0.0,sim 28s
mistralai/Mistral-7B-v0.1,h200,1,131072,NaiveSparse,1.0,True,-1.6195993760626193,-1.020060287274801,59.36926350926432,94.91431709327728,84.39992903398812,0.0,copy-from-Dense (hbm_frac=1.0)
mistralai/Mistral-7B-v0.1,h200,4,131072,Dense,1.0,True,-1.6195993760626193,-1.020060287274801,31.623604789876275,33.444942955048546,240.1145196008814,0.0,sim 6s
mistralai/Mistral-7B-v0.1,h200,4,131072,NaiveSparse,1.0,True,-1.6195993760626193,-1.020060287274801,31.623604789876275,33.444942955048546,240.1145196008814,0.0,copy-from-Dense (hbm_frac=1.0)
mistralai/Mistral-7B-v0.1,h200,8,131072,Dense,0.9095,True,-1.6195993760626193,-1.020060287274801,22.674023802941047,22.674023802941047,354.82200022616706,0.0,sim 17s
mistralai/Mistral-7B-v0.1,h200,8,131072,NaiveSparse,0.9095,True,-1.6195993760626193,-1.020060287274801,22.674023802941047,22.674023802941047,354.82200022616706,0.0,sim 17s
mistralai/Mistral-7B-v0.1,h200,2,262144,Dense,1.0,True,-1.6195993760626193,-1.020060287274801,40.103855682953764,54.974570624969544,145.86013451640372,0.0,sim 41s
mistralai/Mistral-7B-v0.1,h200,2,262144,NaiveSparse,1.0,True,-1.6195993760626193,-1.020060287274801,40.103855682953764,54.974570624969544,145.86013451640372,0.0,copy-from-Dense (hbm_frac=1.0)
mistralai/Mistral-7B-v0.1,h200,1,262144,Dense,1.0,True,-1.6195993760626193,-1.020060287274801,59.36926350926432,94.91431709327728,84.39992903398812,0.0,sim 47s
mistralai/Mistral-7B-v0.1,h200,1,262144,NaiveSparse,1.0,True,-1.6195993760626193,-1.020060287274801,59.36926350926432,94.91431709327728,84.39992903398812,0.0,copy-from-Dense (hbm_frac=1.0)
mistralai/Mistral-7B-v0.1,h200,4,262144,Dense,0.9095,True,-1.6195993760626193,-1.020060287274801,31.623604789876275,33.444942955048546,240.1145196008814,0.0,sim 29s
mistralai/Mistral-7B-v0.1,h200,4,262144,NaiveSparse,0.9095,True,-1.6195993760626193,-1.020060287274801,31.623604789876275,33.444942955048546,240.1145196008814,0.0,sim 29s
mistralai/Mistral-7B-v0.1,h200,8,262144,Dense,0.4547,True,-1.6195993760626193,-1.020060287274801,195.02328018524327,195.02328018524327,41.04758092621123,1378.79,sim 162s
mistralai/Mistral-7B-v0.1,h200,8,262144,NaiveSparse,0.4547,True,-1.6195993760626193,-1.020060287274801,195.02328018524327,195.02328018524327,41.04758092621123,1378.79,sim 162s
mistralai/Mistral-7B-v0.1,h200,1,524288,Dense,1.0,True,-1.6195993760626193,-1.020060287274801,59.36926350926432,94.91431709327728,84.39992903398812,0.0,sim 84s
mistralai/Mistral-7B-v0.1,h200,1,524288,NaiveSparse,1.0,True,-1.6195993760626193,-1.020060287274801,59.36926350926432,94.91431709327728,84.39992903398812,0.0,copy-from-Dense (hbm_frac=1.0)
mistralai/Mistral-7B-v0.1,h200,2,524288,Dense,0.9095,True,-1.6195993760626193,-1.020060287274801,43.02939206024321,59.2376064352432,135.34066342240814,34.1,sim 110s
mistralai/Mistral-7B-v0.1,h200,2,524288,NaiveSparse,0.9095,True,-1.6195993760626193,-1.020060287274801,43.02939206024321,59.2376064352432,135.34066342240814,34.1,sim 53s
mistralai/Mistral-7B-v0.1,a40,1,1048576,Dense,0.211,True,-1.6195993760626193,-1.020060287274801,703.9131262859095,1126.1844975359097,7.104436161796746,8239.2,sim 1194s
mistralai/Mistral-7B-v0.1,a40,1,1048576,NaiveSparse,0.211,True,-1.6195993760626193,-1.020060287274801,703.9131262859095,1126.1844975359097,7.104436161796746,8239.2,sim 1176s
mistralai/Mistral-7B-v0.1,h200,4,524288,Dense,0.4547,True,-1.6195993760626193,-1.020060287274801,364.2418445602432,388.4175339352431,20.60315603309487,2839.78,sim 311s
mistralai/Mistral-7B-v0.1,h200,4,524288,NaiveSparse,0.4547,True,-1.6195993760626193,-1.020060287274801,364.2418445602432,388.4175339352431,20.60315603309487,2839.78,sim 310s
mistralai/Mistral-7B-v0.1,h200,1,1048576,NaiveSparse,0.9095,True,-1.6195993760626193,-1.020060287274801,72.15017628590932,115.36377753590929,69.42258717676305,163.6,sim 228s
mistralai/Mistral-7B-v0.1,h200,1,1048576,Dense,0.9095,True,-1.6195993760626193,-1.020060287274801,72.15017628590932,115.36377753590929,69.42258717676305,163.6,sim 251s
meta-llama/Meta-Llama-3-8B,a100,1,4096,Dense,1.0,True,-1.6195993760626193,-1.020060287274801,55.14466997855809,88.15496744414735,90.88073208450406,0.0,sim 5s
meta-llama/Meta-Llama-3-8B,a100,1,4096,NaiveSparse,1.0,True,-1.6195993760626193,-1.020060287274801,55.14466997855809,88.15496744414735,90.88073208450406,0.0,copy-from-Dense (hbm_frac=1.0)
meta-llama/Meta-Llama-3-8B,a100,2,4096,Dense,1.0,True,-1.6195993760626193,-1.020060287274801,34.47546165225486,47.31959508037474,169.51994319942364,0.0,sim 3s
meta-llama/Meta-Llama-3-8B,a100,2,4096,NaiveSparse,1.0,True,-1.6195993760626193,-1.020060287274801,34.47546165225486,47.31959508037474,169.51994319942364,0.0,copy-from-Dense (hbm_frac=1.0)
meta-llama/Meta-Llama-3-8B,a100,4,4096,Dense,1.0,True,-1.6195993760626193,-1.020060287274801,24.51483934784109,25.985955318685686,309.3766519631777,0.0,sim 3s
meta-llama/Meta-Llama-3-8B,a100,4,4096,NaiveSparse,1.0,True,-1.6195993760626193,-1.020060287274801,24.51483934784109,25.985955318685686,309.3766519631777,0.0,copy-from-Dense (hbm_frac=1.0)
meta-llama/Meta-Llama-3-8B,a100,8,4096,Dense,1.0,True,-1.6195993760626193,-1.020060287274801,15.123536656989579,15.123536656989579,533.4745575249806,0.0,sim 3s
meta-llama/Meta-Llama-3-8B,a100,8,4096,NaiveSparse,1.0,True,-1.6195993760626193,-1.020060287274801,15.123536656989579,15.123536656989579,533.4745575249806,0.0,copy-from-Dense (hbm_frac=1.0)
meta-llama/Meta-Llama-3-8B,a100,1,8192,Dense,1.0,True,-1.6195993760626193,-1.020060287274801,56.83405588331992,90.85798489176638,88.17323828930088,0.0,sim 6s
meta-llama/Meta-Llama-3-8B,a100,1,8192,NaiveSparse,1.0,True,-1.6195993760626193,-1.020060287274801,56.83405588331992,90.85798489176638,88.17323828930088,0.0,copy-from-Dense (hbm_frac=1.0)
meta-llama/Meta-Llama-3-8B,a100,2,8192,Dense,1.0,True,-1.6195993760626193,-1.020060287274801,36.64674594368349,50.27392563466054,159.53283012648964,0.0,sim 3s
meta-llama/Meta-Llama-3-8B,a100,2,8192,NaiveSparse,1.0,True,-1.6195993760626193,-1.020060287274801,36.64674594368349,50.27392563466054,159.53283012648964,0.0,copy-from-Dense (hbm_frac=1.0)
meta-llama/Meta-Llama-3-8B,a100,4,8192,Dense,1.0,True,-1.6195993760626193,-1.020060287274801,27.1403787383173,28.753793055828563,279.46343211148746,0.0,sim 3s
meta-llama/Meta-Llama-3-8B,a100,4,8192,NaiveSparse,1.0,True,-1.6195993760626193,-1.020060287274801,27.1403787383173,28.753793055828563,279.46343211148746,0.0,copy-from-Dense (hbm_frac=1.0)
meta-llama/Meta-Llama-3-8B,a100,8,8192,Dense,1.0,True,-1.6195993760626193,-1.020060287274801,17.821523933180057,17.821523933180057,452.13024676714986,0.0,sim 3s
meta-llama/Meta-Llama-3-8B,a100,8,8192,NaiveSparse,1.0,True,-1.6195993760626193,-1.020060287274801,17.821523933180057,17.821523933180057,452.13024676714986,0.0,copy-from-Dense (hbm_frac=1.0)
meta-llama/Meta-Llama-3-8B,a100,2,16384,Dense,1.0,True,-1.6195993760626193,-1.020060287274801,40.62834914368347,55.696396034660495,143.96544930316165,0.0,sim 7s
meta-llama/Meta-Llama-3-8B,a100,2,16384,NaiveSparse,1.0,True,-1.6195993760626193,-1.020060287274801,40.62834914368347,55.696396034660495,143.96544930316165,0.0,copy-from-Dense (hbm_frac=1.0)
meta-llama/Meta-Llama-3-8B,a100,1,16384,Dense,1.0,True,-1.6195993760626193,-1.020060287274801,60.28309588331994,96.37644889176644,83.11779732123954,0.0,sim 9s
meta-llama/Meta-Llama-3-8B,a100,1,16384,NaiveSparse,1.0,True,-1.6195993760626193,-1.020060287274801,60.28309588331994,96.37644889176644,83.11779732123954,0.0,copy-from-Dense (hbm_frac=1.0)
meta-llama/Meta-Llama-3-8B,a100,4,16384,Dense,1.0,True,-1.6195993760626193,-1.020060287274801,31.975476338317286,33.82064745582855,237.43705748452498,0.0,sim 4s
meta-llama/Meta-Llama-3-8B,a100,4,16384,NaiveSparse,1.0,True,-1.6195993760626193,-1.020060287274801,31.975476338317286,33.82064745582855,237.43705748452498,0.0,copy-from-Dense (hbm_frac=1.0)
meta-llama/Meta-Llama-3-8B,a100,8,16384,Dense,1.0,True,-1.6195993760626193,-1.020060287274801,22.859989533180045,22.859989533180045,351.9193373147945,0.0,sim 4s
meta-llama/Meta-Llama-3-8B,a100,8,16384,NaiveSparse,1.0,True,-1.6195993760626193,-1.020060287274801,22.859989533180045,22.859989533180045,351.9193373147945,0.0,copy-from-Dense (hbm_frac=1.0)
meta-llama/Meta-Llama-3-8B,a100,1,32768,Dense,1.0,True,-1.6195993760626193,-1.020060287274801,60.28309588331994,96.37644889176644,83.11779732123954,0.0,sim 4s
meta-llama/Meta-Llama-3-8B,a100,1,32768,NaiveSparse,1.0,True,-1.6195993760626193,-1.020060287274801,60.28309588331994,96.37644889176644,83.11779732123954,0.0,copy-from-Dense (hbm_frac=1.0)
meta-llama/Meta-Llama-3-8B,a100,2,32768,Dense,1.0,True,-1.6195993760626193,-1.020060287274801,40.62834914368347,55.696396034660495,143.96544930316165,0.0,sim 4s
meta-llama/Meta-Llama-3-8B,a100,2,32768,NaiveSparse,1.0,True,-1.6195993760626193,-1.020060287274801,40.62834914368347,55.696396034660495,143.96544930316165,0.0,copy-from-Dense (hbm_frac=1.0)
meta-llama/Meta-Llama-3-8B,a100,4,32768,Dense,1.0,True,-1.6195993760626193,-1.020060287274801,31.975476338317286,33.82064745582855,237.43705748452498,0.0,sim 4s
meta-llama/Meta-Llama-3-8B,a100,4,32768,NaiveSparse,1.0,True,-1.6195993760626193,-1.020060287274801,31.975476338317286,33.82064745582855,237.43705748452498,0.0,copy-from-Dense (hbm_frac=1.0)
meta-llama/Meta-Llama-3-8B,a100,8,32768,Dense,1.0,True,-1.6195993760626193,-1.020060287274801,22.859989533180045,22.859989533180045,351.9193373147945,0.0,sim 4s
meta-llama/Meta-Llama-3-8B,a100,8,32768,NaiveSparse,1.0,True,-1.6195993760626193,-1.020060287274801,22.859989533180045,22.859989533180045,351.9193373147945,0.0,copy-from-Dense (hbm_frac=1.0)
meta-llama/Meta-Llama-3-8B,a100,2,65536,Dense,1.0,True,-1.6195993760626193,-1.020060287274801,40.62834914368347,55.696396034660495,143.96544930316165,0.0,sim 14s
meta-llama/Meta-Llama-3-8B,a100,2,65536,NaiveSparse,1.0,True,-1.6195993760626193,-1.020060287274801,40.62834914368347,55.696396034660495,143.96544930316165,0.0,copy-from-Dense (hbm_frac=1.0)
meta-llama/Meta-Llama-3-8B,a100,1,65536,Dense,1.0,True,-1.6195993760626193,-1.020060287274801,60.28309588331994,96.37644889176644,83.11779732123954,0.0,sim 18s
meta-llama/Meta-Llama-3-8B,a100,1,65536,NaiveSparse,1.0,True,-1.6195993760626193,-1.020060287274801,60.28309588331994,96.37644889176644,83.11779732123954,0.0,copy-from-Dense (hbm_frac=1.0)
meta-llama/Meta-Llama-3-8B,a100,4,65536,Dense,1.0,True,-1.6195993760626193,-1.020060287274801,31.975476338317286,33.82064745582855,237.43705748452498,0.0,sim 5s
meta-llama/Meta-Llama-3-8B,a100,4,65536,NaiveSparse,1.0,True,-1.6195993760626193,-1.020060287274801,31.975476338317286,33.82064745582855,237.43705748452498,0.0,copy-from-Dense (hbm_frac=1.0)
meta-llama/Meta-Llama-3-8B,a100,8,65536,Dense,0.9022,True,-1.6195993760626193,-1.020060287274801,22.859989533180045,22.859989533180045,351.9193373147945,0.0,sim 11s
meta-llama/Meta-Llama-3-8B,a100,8,65536,NaiveSparse,0.9022,True,-1.6195993760626193,-1.020060287274801,22.859989533180045,22.859989533180045,351.9193373147945,0.0,sim 11s
meta-llama/Meta-Llama-3-8B,a100,2,131072,Dense,1.0,True,-1.6195993760626193,-1.020060287274801,40.62834914368347,55.696396034660495,143.96544930316165,0.0,sim 21s
meta-llama/Meta-Llama-3-8B,a100,2,131072,NaiveSparse,1.0,True,-1.6195993760626193,-1.020060287274801,40.62834914368347,55.696396034660495,143.96544930316165,0.0,copy-from-Dense (hbm_frac=1.0)
meta-llama/Meta-Llama-3-8B,a100,1,131072,Dense,1.0,True,-1.6195993760626193,-1.020060287274801,60.28309588331994,96.37644889176644,83.11779732123954,0.0,sim 26s
meta-llama/Meta-Llama-3-8B,a100,1,131072,NaiveSparse,1.0,True,-1.6195993760626193,-1.020060287274801,60.28309588331994,96.37644889176644,83.11779732123954,0.0,copy-from-Dense (hbm_frac=1.0)
meta-llama/Meta-Llama-3-8B,a100,4,131072,Dense,0.9022,True,-1.6195993760626193,-1.020060287274801,31.975476338317286,33.82064745582855,237.43705748452498,0.0,sim 17s
meta-llama/Meta-Llama-3-8B,a100,4,131072,NaiveSparse,0.9022,True,-1.6195993760626193,-1.020060287274801,31.975476338317286,33.82064745582855,237.43705748452498,0.0,sim 17s
meta-llama/Meta-Llama-3-8B,a100,8,131072,Dense,0.4511,True,-1.6195993760626193,-1.020060287274801,98.97196599459464,98.97196599459464,80.93524032350095,608.9,sim 84s
meta-llama/Meta-Llama-3-8B,a100,8,131072,NaiveSparse,0.4511,True,-1.6195993760626193,-1.020060287274801,98.97196599459464,98.97196599459464,80.93524032350095,608.9,sim 84s
meta-llama/Meta-Llama-3-8B,a100,1,262144,Dense,1.0,True,-1.6195993760626193,-1.020060287274801,60.28309588331994,96.37644889176644,83.11779732123954,0.0,sim 39s
meta-llama/Meta-Llama-3-8B,a100,1,262144,NaiveSparse,1.0,True,-1.6195993760626193,-1.020060287274801,60.28309588331994,96.37644889176644,83.11779732123954,0.0,copy-from-Dense (hbm_frac=1.0)
meta-llama/Meta-Llama-3-8B,a100,2,262144,Dense,0.9022,True,-1.6195993760626193,-1.020060287274801,40.62834914368347,55.696396034660495,143.96544930316165,0.0,sim 55s
meta-llama/Meta-Llama-3-8B,a100,2,262144,NaiveSparse,0.9022,True,-1.6195993760626193,-1.020060287274801,40.62834914368347,55.696396034660495,143.96544930316165,0.0,sim 30s
mistralai/Mistral-7B-v0.1,h200,2,1048576,Dense,0.4547,True,-1.6195993760626193,-1.020060287274801,557.9611237859093,773.7261956609092,10.341279170715634,5750.01,sim 670s
meta-llama/Meta-Llama-3-8B,a100,4,262144,Dense,0.4511,True,-1.6195993760626193,-1.020060287274801,184.12564036959466,196.29205974459467,40.782087843727126,1299.77,sim 158s
meta-llama/Meta-Llama-3-8B,a100,4,262144,NaiveSparse,0.4511,True,-1.6195993760626193,-1.020060287274801,184.12564036959466,196.29205974459467,40.782087843727126,1299.77,sim 158s
mistralai/Mistral-7B-v0.1,h200,2,1048576,NaiveSparse,0.4547,True,-1.6195993760626193,-1.020060287274801,557.9611237859093,773.7261956609092,10.341279170715634,5750.01,sim 616s
meta-llama/Meta-Llama-3-8B,a100,1,524288,Dense,0.9022,True,-1.6195993760626193,-1.020060287274801,60.28309588331994,96.37644889176644,83.11779732123954,0.0,sim 122s
meta-llama/Meta-Llama-3-8B,a100,1,524288,NaiveSparse,0.9022,True,-1.6195993760626193,-1.020060287274801,60.28309588331994,96.37644889176644,83.11779732123954,0.0,sim 120s
meta-llama/Meta-Llama-3-8B,a100,2,524288,Dense,0.4511,True,-1.6195993760626193,-1.020060287274801,281.44163911959464,389.9504709945947,20.522136328297307,2674.03,sim 363s
meta-llama/Meta-Llama-3-8B,a100,2,524288,NaiveSparse,0.4511,True,-1.6195993760626193,-1.020060287274801,281.44163911959464,389.9504709945947,20.522136328297307,2674.03,sim 306s
meta-llama/Meta-Llama-3-8B,h100,1,4096,Dense,1.0,True,-1.6195993760626193,-1.020060287274801,54.27412013349157,86.76208769204082,92.34187994658167,0.0,sim 7s
meta-llama/Meta-Llama-3-8B,h100,1,4096,NaiveSparse,1.0,True,-1.6195993760626193,-1.020060287274801,54.27412013349157,86.76208769204082,92.34187994658167,0.0,copy-from-Dense (hbm_frac=1.0)
meta-llama/Meta-Llama-3-8B,h100,2,4096,Dense,1.0,True,-1.6195993760626193,-1.020060287274801,33.946222146389715,46.59207928586523,172.17418989786765,0.0,sim 4s
meta-llama/Meta-Llama-3-8B,h100,2,4096,NaiveSparse,1.0,True,-1.6195993760626193,-1.020060287274801,33.946222146389715,46.59207928586523,172.17418989786765,0.0,copy-from-Dense (hbm_frac=1.0)
meta-llama/Meta-Llama-3-8B,h100,4,4096,Dense,1.0,True,-1.6195993760626193,-1.020060287274801,24.14827168769417,25.597329604043274,314.0972080055889,0.0,sim 4s
meta-llama/Meta-Llama-3-8B,h100,4,4096,NaiveSparse,1.0,True,-1.6195993760626193,-1.020060287274801,24.14827168769417,25.597329604043274,314.0972080055889,0.0,copy-from-Dense (hbm_frac=1.0)
meta-llama/Meta-Llama-3-8B,h100,8,4096,Dense,1.0,True,-1.6195993760626193,-1.020060287274801,14.931839764589034,14.931839764589034,540.3823608134114,0.0,sim 4s
meta-llama/Meta-Llama-3-8B,h100,8,4096,NaiveSparse,1.0,True,-1.6195993760626193,-1.020060287274801,14.931839764589034,14.931839764589034,540.3823608134114,0.0,copy-from-Dense (hbm_frac=1.0)
meta-llama/Meta-Llama-3-8B,h100,1,8192,Dense,1.0,True,-1.6195993760626193,-1.020060287274801,55.96729473666625,89.4711670571203,89.54188851085432,0.0,sim 9s
meta-llama/Meta-Llama-3-8B,h100,1,8192,NaiveSparse,1.0,True,-1.6195993760626193,-1.020060287274801,55.96729473666625,89.4711670571203,89.54188851085432,0.0,copy-from-Dense (hbm_frac=1.0)
meta-llama/Meta-Llama-3-8B,h100,2,8192,Dense,1.0,True,-1.6195993760626193,-1.020060287274801,36.128113121627806,49.56069276015091,161.83460490579267,0.0,sim 8s
meta-llama/Meta-Llama-3-8B,h100,2,8192,NaiveSparse,1.0,True,-1.6195993760626193,-1.020060287274801,36.128113121627806,49.56069276015091,161.83460490579267,0.0,copy-from-Dense (hbm_frac=1.0)
meta-llama/Meta-Llama-3-8B,h100,4,8192,Dense,1.0,True,-1.6195993760626193,-1.020060287274801,26.775858176583043,28.368111955789296,283.2800559455593,0.0,sim 4s
meta-llama/Meta-Llama-3-8B,h100,4,8192,NaiveSparse,1.0,True,-1.6195993760626193,-1.020060287274801,26.775858176583043,28.368111955789296,283.2800559455593,0.0,copy-from-Dense (hbm_frac=1.0)
meta-llama/Meta-Llama-3-8B,h100,8,8192,Dense,1.0,True,-1.6195993760626193,-1.020060287274801,17.639531005223983,17.639531005223983,456.82899032301805,0.0,sim 4s
meta-llama/Meta-Llama-3-8B,h100,8,8192,NaiveSparse,1.0,True,-1.6195993760626193,-1.020060287274801,17.639531005223983,17.639531005223983,456.82899032301805,0.0,copy-from-Dense (hbm_frac=1.0)
meta-llama/Meta-Llama-3-8B,h100,1,16384,Dense,1.0,True,-1.6195993760626193,-1.020060287274801,59.39825473666611,94.96070305712027,84.35864631610642,0.0,sim 13s
meta-llama/Meta-Llama-3-8B,h100,1,16384,NaiveSparse,1.0,True,-1.6195993760626193,-1.020060287274801,59.39825473666611,94.96070305712027,84.35864631610642,0.0,copy-from-Dense (hbm_frac=1.0)
meta-llama/Meta-Llama-3-8B,h100,2,16384,Dense,1.0,True,-1.6195993760626193,-1.020060287274801,40.1161760549611,54.99164902681753,145.8147303977357,0.0,sim 13s
meta-llama/Meta-Llama-3-8B,h100,2,16384,NaiveSparse,1.0,True,-1.6195993760626193,-1.020060287274801,40.1161760549611,54.99164902681753,145.8147303977357,0.0,copy-from-Dense (hbm_frac=1.0)
meta-llama/Meta-Llama-3-8B,h100,4,16384,Dense,1.0,True,-1.6195993760626193,-1.020060287274801,31.59769764324985,33.41982502245611,240.2956779212728,0.0,sim 5s
meta-llama/Meta-Llama-3-8B,h100,4,16384,NaiveSparse,1.0,True,-1.6195993760626193,-1.020060287274801,31.59769764324985,33.41982502245611,240.2956779212728,0.0,copy-from-Dense (hbm_frac=1.0)
meta-llama/Meta-Llama-3-8B,h100,8,16384,Dense,1.0,True,-1.6195993760626193,-1.020060287274801,22.66590593855724,22.66590593855724,354.94979976306263,0.0,sim 5s
meta-llama/Meta-Llama-3-8B,h100,8,16384,NaiveSparse,1.0,True,-1.6195993760626193,-1.020060287274801,22.66590593855724,22.66590593855724,354.94979976306263,0.0,copy-from-Dense (hbm_frac=1.0)
meta-llama/Meta-Llama-3-8B,h100,2,32768,Dense,1.0,True,-1.6195993760626193,-1.020060287274801,40.1161760549611,54.99164902681753,145.8147303977357,0.0,sim 15s
meta-llama/Meta-Llama-3-8B,h100,2,32768,NaiveSparse,1.0,True,-1.6195993760626193,-1.020060287274801,40.1161760549611,54.99164902681753,145.8147303977357,0.0,copy-from-Dense (hbm_frac=1.0)
meta-llama/Meta-Llama-3-8B,h100,1,32768,Dense,1.0,True,-1.6195993760626193,-1.020060287274801,59.39825473666611,94.96070305712027,84.35864631610642,0.0,sim 21s
meta-llama/Meta-Llama-3-8B,h100,1,32768,NaiveSparse,1.0,True,-1.6195993760626193,-1.020060287274801,59.39825473666611,94.96070305712027,84.35864631610642,0.0,copy-from-Dense (hbm_frac=1.0)
meta-llama/Meta-Llama-3-8B,h100,4,32768,Dense,1.0,True,-1.6195993760626193,-1.020060287274801,31.59769764324985,33.41982502245611,240.2956779212728,0.0,sim 5s
meta-llama/Meta-Llama-3-8B,h100,4,32768,NaiveSparse,1.0,True,-1.6195993760626193,-1.020060287274801,31.59769764324985,33.41982502245611,240.2956779212728,0.0,copy-from-Dense (hbm_frac=1.0)
meta-llama/Meta-Llama-3-8B,h100,8,32768,Dense,1.0,True,-1.6195993760626193,-1.020060287274801,22.66590593855724,22.66590593855724,354.94979976306263,0.0,sim 5s
meta-llama/Meta-Llama-3-8B,h100,8,32768,NaiveSparse,1.0,True,-1.6195993760626193,-1.020060287274801,22.66590593855724,22.66590593855724,354.94979976306263,0.0,copy-from-Dense (hbm_frac=1.0)
meta-llama/Meta-Llama-3-8B,h100,2,65536,Dense,1.0,True,-1.6195993760626193,-1.020060287274801,40.1161760549611,54.99164902681753,145.8147303977357,0.0,sim 21s
meta-llama/Meta-Llama-3-8B,h100,2,65536,NaiveSparse,1.0,True,-1.6195993760626193,-1.020060287274801,40.1161760549611,54.99164902681753,145.8147303977357,0.0,copy-from-Dense (hbm_frac=1.0)
meta-llama/Meta-Llama-3-8B,h100,1,65536,Dense,1.0,True,-1.6195993760626193,-1.020060287274801,59.39825473666611,94.96070305712027,84.35864631610642,0.0,sim 25s
meta-llama/Meta-Llama-3-8B,h100,1,65536,NaiveSparse,1.0,True,-1.6195993760626193,-1.020060287274801,59.39825473666611,94.96070305712027,84.35864631610642,0.0,copy-from-Dense (hbm_frac=1.0)
meta-llama/Meta-Llama-3-8B,h100,4,65536,Dense,1.0,True,-1.6195993760626193,-1.020060287274801,31.59769764324985,33.41982502245611,240.2956779212728,0.0,sim 6s
meta-llama/Meta-Llama-3-8B,h100,4,65536,NaiveSparse,1.0,True,-1.6195993760626193,-1.020060287274801,31.59769764324985,33.41982502245611,240.2956779212728,0.0,copy-from-Dense (hbm_frac=1.0)
meta-llama/Meta-Llama-3-8B,h100,8,65536,Dense,0.9022,True,-1.6195993760626193,-1.020060287274801,22.66590593855724,22.66590593855724,354.94979976306263,0.0,sim 12s
meta-llama/Meta-Llama-3-8B,h100,8,65536,NaiveSparse,0.9022,True,-1.6195993760626193,-1.020060287274801,22.66590593855724,22.66590593855724,354.94979976306263,0.0,sim 12s
meta-llama/Meta-Llama-3-8B,h100,2,131072,Dense,1.0,True,-1.6195993760626193,-1.020060287274801,40.1161760549611,54.99164902681753,145.8147303977357,0.0,sim 29s
meta-llama/Meta-Llama-3-8B,h100,2,131072,NaiveSparse,1.0,True,-1.6195993760626193,-1.020060287274801,40.1161760549611,54.99164902681753,145.8147303977357,0.0,copy-from-Dense (hbm_frac=1.0)
meta-llama/Meta-Llama-3-8B,h100,1,131072,Dense,1.0,True,-1.6195993760626193,-1.020060287274801,59.39825473666611,94.96070305712027,84.35864631610642,0.0,sim 34s
meta-llama/Meta-Llama-3-8B,h100,1,131072,NaiveSparse,1.0,True,-1.6195993760626193,-1.020060287274801,59.39825473666611,94.96070305712027,84.35864631610642,0.0,copy-from-Dense (hbm_frac=1.0)
meta-llama/Meta-Llama-3-8B,h100,4,131072,Dense,0.9022,True,-1.6195993760626193,-1.020060287274801,31.59769764324985,33.41982502245611,240.2956779212728,0.0,sim 19s
meta-llama/Meta-Llama-3-8B,h100,4,131072,NaiveSparse,0.9022,True,-1.6195993760626193,-1.020060287274801,31.59769764324985,33.41982502245611,240.2956779212728,0.0,sim 18s
meta-llama/Meta-Llama-3-8B,h100,8,131072,Dense,0.4511,True,-1.6195993760626193,-1.020060287274801,98.94984496592829,98.94984496592829,80.95335738911459,610.27,sim 86s
meta-llama/Meta-Llama-3-8B,h100,8,131072,NaiveSparse,0.4511,True,-1.6195993760626193,-1.020060287274801,98.94984496592829,98.94984496592829,80.95335738911459,610.27,sim 85s
meta-llama/Meta-Llama-3-8B,a100,1,1048576,Dense,0.4511,True,-1.6195993760626193,-1.020060287274801,486.7416262859096,778.710097535909,10.275082056484212,5458.67,sim 609s
meta-llama/Meta-Llama-3-8B,h100,1,262144,Dense,1.0,True,-1.6195993760626193,-1.020060287274801,59.39825473666611,94.96070305712027,84.35864631610642,0.0,sim 51s
meta-llama/Meta-Llama-3-8B,h100,1,262144,NaiveSparse,1.0,True,-1.6195993760626193,-1.020060287274801,59.39825473666611,94.96070305712027,84.35864631610642,0.0,copy-from-Dense (hbm_frac=1.0)
meta-llama/Meta-Llama-3-8B,a100,1,1048576,NaiveSparse,0.4511,True,-1.6195993760626193,-1.020060287274801,486.7416262859096,778.710097535909,10.275082056484212,5458.67,sim 611s
meta-llama/Meta-Llama-3-8B,h100,2,262144,NaiveSparse,0.9022,True,-1.6195993760626193,-1.020060287274801,40.1161760549611,54.99164902681753,145.8147303977357,0.0,sim 51s
meta-llama/Meta-Llama-3-8B,h100,2,262144,Dense,0.9022,True,-1.6195993760626193,-1.020060287274801,40.1161760549611,54.99164902681753,145.8147303977357,0.0,sim 69s
meta-llama/Meta-Llama-3-8B,h100,1,524288,Dense,0.9022,True,-1.6195993760626193,-1.020060287274801,59.39825473666611,94.96070305712027,84.35864631610642,0.0,sim 137s
meta-llama/Meta-Llama-3-8B,h100,1,524288,NaiveSparse,0.9022,True,-1.6195993760626193,-1.020060287274801,59.39825473666611,94.96070305712027,84.35864631610642,0.0,sim 119s
meta-llama/Meta-Llama-3-8B,h100,4,262144,Dense,0.4511,True,-1.6195993760626193,-1.020060287274801,184.10351934092822,196.26993871592822,40.7866872653252,1302.8,sim 161s
meta-llama/Meta-Llama-3-8B,h100,4,262144,NaiveSparse,0.4511,True,-1.6195993760626193,-1.020060287274801,184.10351934092822,196.26993871592822,40.7866872653252,1302.8,sim 160s
meta-llama/Meta-Llama-3-8B,h100,2,524288,NaiveSparse,0.4511,True,-1.6195993760626193,-1.020060287274801,281.41951809092825,389.9283499659283,20.523300950629018,2679.49,sim 311s
meta-llama/Meta-Llama-3-8B,h100,2,524288,Dense,0.4511,True,-1.6195993760626193,-1.020060287274801,281.41951809092825,389.9283499659283,20.523300950629018,2679.49,sim 315s
meta-llama/Meta-Llama-3-8B,a40,1,4096,Dense,1.0,True,-1.6195993760626193,-1.020060287274801,54.30385817622027,86.8096685604068,92.29119239123607,0.0,sim 5s
meta-llama/Meta-Llama-3-8B,a40,1,4096,NaiveSparse,1.0,True,-1.6195993760626193,-1.020060287274801,54.30385817622027,86.8096685604068,92.29119239123607,0.0,copy-from-Dense (hbm_frac=1.0)
meta-llama/Meta-Llama-3-8B,a40,2,4096,Dense,1.0,True,-1.6195993760626193,-1.020060287274801,33.96243601629091,46.614416856863464,172.09145793639536,0.0,sim 3s
meta-llama/Meta-Llama-3-8B,a40,2,4096,NaiveSparse,1.0,True,-1.6195993760626193,-1.020060287274801,33.96243601629091,46.614416856863464,172.09145793639536,0.0,copy-from-Dense (hbm_frac=1.0)
meta-llama/Meta-Llama-3-8B,a40,4,4096,Dense,1.0,True,-1.6195993760626193,-1.020060287274801,24.159606516580826,25.608837521558048,313.95535494048653,0.0,sim 3s
meta-llama/Meta-Llama-3-8B,a40,4,4096,NaiveSparse,1.0,True,-1.6195993760626193,-1.020060287274801,24.159606516580826,25.608837521558048,313.95535494048653,0.0,copy-from-Dense (hbm_frac=1.0)
meta-llama/Meta-Llama-3-8B,a40,8,4096,Dense,1.0,True,-1.6195993760626193,-1.020060287274801,14.934462116667254,14.934462116667254,540.2866576221047,0.0,sim 3s
meta-llama/Meta-Llama-3-8B,a40,8,4096,NaiveSparse,1.0,True,-1.6195993760626193,-1.020060287274801,14.934462116667254,14.934462116667254,540.2866576221047,0.0,copy-from-Dense (hbm_frac=1.0)
meta-llama/Meta-Llama-3-8B,a40,1,8192,Dense,1.0,True,-1.6195993760626193,-1.020060287274801,55.984402176220286,89.49853896040673,89.51446427871403,0.0,sim 6s
meta-llama/Meta-Llama-3-8B,a40,1,8192,NaiveSparse,1.0,True,-1.6195993760626193,-1.020060287274801,55.984402176220286,89.49853896040673,89.51446427871403,0.0,copy-from-Dense (hbm_frac=1.0)
meta-llama/Meta-Llama-3-8B,a40,2,8192,Dense,1.0,True,-1.6195993760626193,-1.020060287274801,36.138301448671875,49.57467857876826,161.78883101453684,0.0,sim 4s
meta-llama/Meta-Llama-3-8B,a40,2,8192,NaiveSparse,1.0,True,-1.6195993760626193,-1.020060287274801,36.138301448671875,49.57467857876826,161.78883101453684,0.0,copy-from-Dense (hbm_frac=1.0)
meta-llama/Meta-Llama-3-8B,a40,4,8192,Dense,1.0,True,-1.6195993760626193,-1.020060287274801,26.78382080229513,28.376621544415208,283.19472241115903,0.0,sim 4s
meta-llama/Meta-Llama-3-8B,a40,4,8192,NaiveSparse,1.0,True,-1.6195993760626193,-1.020060287274801,26.78382080229513,28.376621544415208,283.19472241115903,0.0,copy-from-Dense (hbm_frac=1.0)
meta-llama/Meta-Llama-3-8B,a40,8,8192,Dense,1.0,True,-1.6195993760626193,-1.020060287274801,17.65501008619105,17.65501008619105,456.42555047703723,0.0,sim 4s
meta-llama/Meta-Llama-3-8B,a40,8,8192,NaiveSparse,1.0,True,-1.6195993760626193,-1.020060287274801,17.65501008619105,17.65501008619105,456.42555047703723,0.0,copy-from-Dense (hbm_frac=1.0)
meta-llama/Meta-Llama-3-8B,a40,2,16384,Dense,1.0,True,-1.6195993760626193,-1.020060287274801,40.11281024867189,54.987585778768306,145.82553026236974,0.0,sim 8s
meta-llama/Meta-Llama-3-8B,a40,2,16384,NaiveSparse,1.0,True,-1.6195993760626193,-1.020060287274801,40.11281024867189,54.987585778768306,145.82553026236974,0.0,copy-from-Dense (hbm_frac=1.0)
meta-llama/Meta-Llama-3-8B,a40,1,16384,Dense,1.0,True,-1.6195993760626193,-1.020060287274801,59.42728217622029,95.0071469604067,84.31735247440714,0.0,sim 9s
meta-llama/Meta-Llama-3-8B,a40,1,16384,NaiveSparse,1.0,True,-1.6195993760626193,-1.020060287274801,59.42728217622029,95.0071469604067,84.31735247440714,0.0,copy-from-Dense (hbm_frac=1.0)
meta-llama/Meta-Llama-3-8B,a40,4,16384,Dense,1.0,True,-1.6195993760626193,-1.020060287274801,31.60781120229509,33.43041514441517,240.21926535798147,0.0,sim 4s
meta-llama/Meta-Llama-3-8B,a40,4,16384,NaiveSparse,1.0,True,-1.6195993760626193,-1.020060287274801,31.60781120229509,33.43041514441517,240.21926535798147,0.0,copy-from-Dense (hbm_frac=1.0)
meta-llama/Meta-Llama-3-8B,a40,8,16384,Dense,1.0,True,-1.6195993760626193,-1.020060287274801,22.66212848619105,22.66212848619105,355.00929958619935,0.0,sim 4s
meta-llama/Meta-Llama-3-8B,a40,8,16384,NaiveSparse,1.0,True,-1.6195993760626193,-1.020060287274801,22.66212848619105,22.66212848619105,355.00929958619935,0.0,copy-from-Dense (hbm_frac=1.0)
meta-llama/Meta-Llama-3-8B,a40,1,32768,Dense,1.0,True,-1.6195993760626193,-1.020060287274801,59.42728217622029,95.0071469604067,84.31735247440714,0.0,sim 13s
meta-llama/Meta-Llama-3-8B,a40,1,32768,NaiveSparse,1.0,True,-1.6195993760626193,-1.020060287274801,59.42728217622029,95.0071469604067,84.31735247440714,0.0,copy-from-Dense (hbm_frac=1.0)
meta-llama/Meta-Llama-3-8B,a40,2,32768,Dense,1.0,True,-1.6195993760626193,-1.020060287274801,40.11281024867189,54.987585778768306,145.82553026236974,0.0,sim 12s
meta-llama/Meta-Llama-3-8B,a40,2,32768,NaiveSparse,1.0,True,-1.6195993760626193,-1.020060287274801,40.11281024867189,54.987585778768306,145.82553026236974,0.0,copy-from-Dense (hbm_frac=1.0)
meta-llama/Meta-Llama-3-8B,a40,4,32768,Dense,1.0,True,-1.6195993760626193,-1.020060287274801,31.60781120229509,33.43041514441517,240.21926535798147,0.0,sim 5s
meta-llama/Meta-Llama-3-8B,a40,4,32768,NaiveSparse,1.0,True,-1.6195993760626193,-1.020060287274801,31.60781120229509,33.43041514441517,240.21926535798147,0.0,copy-from-Dense (hbm_frac=1.0)
meta-llama/Meta-Llama-3-8B,a40,8,32768,Dense,0.7858,True,-1.6195993760626193,-1.020060287274801,22.66212848619105,22.66212848619105,355.00929958619935,0.0,sim 12s
meta-llama/Meta-Llama-3-8B,a40,8,32768,NaiveSparse,0.7858,True,-1.6195993760626193,-1.020060287274801,22.66212848619105,22.66212848619105,355.00929958619935,0.0,sim 12s
meta-llama/Meta-Llama-3-8B,a40,1,65536,Dense,1.0,True,-1.6195993760626193,-1.020060287274801,59.42728217622029,95.0071469604067,84.31735247440714,0.0,sim 17s
meta-llama/Meta-Llama-3-8B,a40,1,65536,NaiveSparse,1.0,True,-1.6195993760626193,-1.020060287274801,59.42728217622029,95.0071469604067,84.31735247440714,0.0,copy-from-Dense (hbm_frac=1.0)
meta-llama/Meta-Llama-3-8B,a40,2,65536,Dense,1.0,True,-1.6195993760626193,-1.020060287274801,40.11281024867189,54.987585778768306,145.82553026236974,0.0,sim 17s
meta-llama/Meta-Llama-3-8B,a40,2,65536,NaiveSparse,1.0,True,-1.6195993760626193,-1.020060287274801,40.11281024867189,54.987585778768306,145.82553026236974,0.0,copy-from-Dense (hbm_frac=1.0)
meta-llama/Meta-Llama-3-8B,a40,4,65536,Dense,0.7858,True,-1.6195993760626193,-1.020060287274801,31.60781120229509,33.43041514441517,240.21926535798147,0.0,sim 19s
meta-llama/Meta-Llama-3-8B,a40,4,65536,NaiveSparse,0.7858,True,-1.6195993760626193,-1.020060287274801,31.60781120229509,33.43041514441517,240.21926535798147,0.0,sim 19s
meta-llama/Meta-Llama-3-8B,a40,8,65536,Dense,0.3929,True,-1.6195993760626193,-1.020060287274801,55.52719065191714,55.52719065191714,144.40515811702164,262.92,sim 49s
meta-llama/Meta-Llama-3-8B,a40,8,65536,NaiveSparse,0.3929,True,-1.6195993760626193,-1.020060287274801,55.52719065191714,55.52719065191714,144.40515811702164,262.92,sim 49s
meta-llama/Meta-Llama-3-8B,a40,1,131072,Dense,1.0,True,-1.6195993760626193,-1.020060287274801,59.42728217622029,95.0071469604067,84.31735247440714,0.0,sim 26s
meta-llama/Meta-Llama-3-8B,a40,1,131072,NaiveSparse,1.0,True,-1.6195993760626193,-1.020060287274801,59.42728217622029,95.0071469604067,84.31735247440714,0.0,copy-from-Dense (hbm_frac=1.0)
meta-llama/Meta-Llama-3-8B,a40,2,131072,Dense,0.7858,True,-1.6195993760626193,-1.020060287274801,40.11281024867189,54.987585778768306,145.82553026236974,0.0,sim 49s
meta-llama/Meta-Llama-3-8B,a40,2,131072,NaiveSparse,0.7858,True,-1.6195993760626193,-1.020060287274801,40.11281024867189,54.987585778768306,145.82553026236974,0.0,sim 33s
meta-llama/Meta-Llama-3-8B,a40,4,131072,Dense,0.3929,True,-1.6195993760626193,-1.020060287274801,102.68540752691713,109.42390440191713,73.19545958873303,607.95,sim 90s
meta-llama/Meta-Llama-3-8B,a40,4,131072,NaiveSparse,0.3929,True,-1.6195993760626193,-1.020060287274801,102.68540752691713,109.42390440191713,73.19545958873303,607.95,sim 90s
meta-llama/Meta-Llama-3-8B,h100,1,1048576,NaiveSparse,0.4511,True,-1.6195993760626193,-1.020060287274801,486.7416262859096,778.710097535909,10.275082056484212,5470.0,sim 730s
meta-llama/Meta-Llama-3-8B,h100,1,1048576,Dense,0.4511,True,-1.6195993760626193,-1.020060287274801,486.7416262859096,778.710097535909,10.275082056484212,5470.0,sim 770s
meta-llama/Meta-Llama-3-8B,a40,1,262144,Dense,0.7858,True,-1.6195993760626193,-1.020060287274801,59.42728217622029,95.0071469604067,84.31735247440714,0.0,sim 95s
meta-llama/Meta-Llama-3-8B,a40,8,131072,Dense,0.1965,True,-1.6195993760626193,-1.020060287274801,145.01590815191713,145.01590815191713,55.214909999607876,978.83,sim 123s
meta-llama/Meta-Llama-3-8B,a40,1,262144,NaiveSparse,0.7858,True,-1.6195993760626193,-1.020060287274801,59.42728217622029,95.0071469604067,84.31735247440714,0.0,sim 85s
meta-llama/Meta-Llama-3-8B,a40,8,131072,NaiveSparse,0.1965,True,-1.6195993760626193,-1.020060287274801,145.01590815191713,145.01590815191713,55.214909999607876,978.83,sim 122s
meta-llama/Meta-Llama-3-8B,a40,2,262144,Dense,0.3929,True,-1.6195993760626193,-1.020060287274801,156.57802627691717,216.07243815191723,37.046482069197346,1288.68,sim 173s
meta-llama/Meta-Llama-3-8B,a40,2,262144,NaiveSparse,0.3929,True,-1.6195993760626193,-1.020060287274801,156.57802627691717,216.07243815191723,37.046482069197346,1288.68,sim 172s
meta-llama/Meta-Llama-3-8B,a40,4,262144,Dense,0.1965,True,-1.6195993760626193,-1.020060287274801,270.4776912769171,287.25303315191707,27.862378250197573,2030.58,sim 234s
meta-llama/Meta-Llama-3-8B,a40,4,262144,NaiveSparse,0.1965,True,-1.6195993760626193,-1.020060287274801,270.4776912769171,287.25303315191707,27.862378250197573,2030.58,sim 230s
meta-llama/Meta-Llama-3-8B,a40,1,524288,Dense,0.3929,True,-1.6195993760626193,-1.020060287274801,269.62472628590945,431.3230575359096,18.553067164074385,2690.53,sim 399s
meta-llama/Meta-Llama-3-8B,a40,1,524288,NaiveSparse,0.3929,True,-1.6195993760626193,-1.020060287274801,269.62472628590945,431.3230575359096,18.553067164074385,2690.53,sim 376s
meta-llama/Meta-Llama-3-8B,a40,2,524288,Dense,0.1965,True,-1.6195993760626193,-1.020060287274801,419.11878378590944,573.6936356609093,13.947825033099797,4149.65,sim 452s
meta-llama/Meta-Llama-3-8B,a40,2,524288,NaiveSparse,0.1965,True,-1.6195993760626193,-1.020060287274801,419.11878378590944,573.6936356609093,13.947825033099797,4149.65,sim 451s
meta-llama/Meta-Llama-3-8B,h200,2,4096,Dense,1.0,True,-1.6195993760626193,-1.020060287274801,34.423770815779704,47.248569114745194,169.7754620110926,0.0,sim 278s
meta-llama/Meta-Llama-3-8B,h200,2,4096,NaiveSparse,1.0,True,-1.6195993760626193,-1.020060287274801,34.423770815779704,47.248569114745194,169.7754620110926,0.0,copy-from-Dense (hbm_frac=1.0)
meta-llama/Meta-Llama-3-8B,h200,4,4096,Dense,1.0,True,-1.6195993760626193,-1.020060287274801,24.463998681893063,25.932913178772505,310.0125652243917,0.0,sim 4s
meta-llama/Meta-Llama-3-8B,h200,4,4096,NaiveSparse,1.0,True,-1.6195993760626193,-1.020060287274801,24.463998681893063,25.932913178772505,310.0125652243917,0.0,copy-from-Dense (hbm_frac=1.0)
meta-llama/Meta-Llama-3-8B,h200,1,4096,Dense,1.0,True,-1.6195993760626193,-1.020060287274801,54.23620793613523,86.70142817627084,92.40658088286153,0.0,sim 305s
meta-llama/Meta-Llama-3-8B,h200,1,4096,NaiveSparse,1.0,True,-1.6195993760626193,-1.020060287274801,54.23620793613523,86.70142817627084,92.40658088286153,0.0,copy-from-Dense (hbm_frac=1.0)
meta-llama/Meta-Llama-3-8B,h200,8,4096,Dense,1.0,True,-1.6195993760626193,-1.020060287274801,15.110917227753067,15.110917227753067,533.9238640958229,0.0,sim 7s
meta-llama/Meta-Llama-3-8B,h200,8,4096,NaiveSparse,1.0,True,-1.6195993760626193,-1.020060287274801,15.110917227753067,15.110917227753067,533.9238640958229,0.0,copy-from-Dense (hbm_frac=1.0)
meta-llama/Meta-Llama-3-8B,h200,1,8192,Dense,1.0,True,-1.6195993760626193,-1.020060287274801,56.75260336427648,90.72766086129676,88.30007131741012,0.0,sim 9s
meta-llama/Meta-Llama-3-8B,h200,1,8192,NaiveSparse,1.0,True,-1.6195993760626193,-1.020060287274801,56.75260336427648,90.72766086129676,88.30007131741012,0.0,copy-from-Dense (hbm_frac=1.0)
meta-llama/Meta-Llama-3-8B,h200,2,8192,Dense,1.0,True,-1.6195993760626193,-1.020060287274801,36.601020129287264,50.21100813288122,159.73324357610284,0.0,sim 9s
meta-llama/Meta-Llama-3-8B,h200,2,8192,NaiveSparse,1.0,True,-1.6195993760626193,-1.020060287274801,36.601020129287264,50.21100813288122,159.73324357610284,0.0,copy-from-Dense (hbm_frac=1.0)
meta-llama/Meta-Llama-3-8B,h200,4,8192,Dense,1.0,True,-1.6195993760626193,-1.020060287274801,27.088149881893056,28.69990178829631,279.9905366464581,0.0,sim 4s
meta-llama/Meta-Llama-3-8B,h200,4,8192,NaiveSparse,1.0,True,-1.6195993760626193,-1.020060287274801,27.088149881893056,28.69990178829631,279.9905366464581,0.0,copy-from-Dense (hbm_frac=1.0)
meta-llama/Meta-Llama-3-8B,h200,8,8192,Dense,1.0,True,-1.6195993760626193,-1.020060287274801,17.812241560451508,17.812241560451508,452.367561134814,0.0,sim 4s
meta-llama/Meta-Llama-3-8B,h200,8,8192,NaiveSparse,1.0,True,-1.6195993760626193,-1.020060287274801,17.812241560451508,17.812241560451508,452.367561134814,0.0,copy-from-Dense (hbm_frac=1.0)
meta-llama/Meta-Llama-3-8B,h200,1,16384,Dense,1.0,True,-1.6195993760626193,-1.020060287274801,60.18799003094311,96.22427952796322,83.24941446172105,0.0,sim 13s
meta-llama/Meta-Llama-3-8B,h200,1,16384,NaiveSparse,1.0,True,-1.6195993760626193,-1.020060287274801,60.18799003094311,96.22427952796322,83.24941446172105,0.0,copy-from-Dense (hbm_frac=1.0)
meta-llama/Meta-Llama-3-8B,h200,2,16384,Dense,1.0,True,-1.6195993760626193,-1.020060287274801,40.59034706262058,55.64362519954787,144.10229563368358,0.0,sim 13s
meta-llama/Meta-Llama-3-8B,h200,2,16384,NaiveSparse,1.0,True,-1.6195993760626193,-1.020060287274801,40.59034706262058,55.64362519954787,144.10229563368358,0.0,copy-from-Dense (hbm_frac=1.0)
meta-llama/Meta-Llama-3-8B,h200,4,16384,Dense,1.0,True,-1.6195993760626193,-1.020060287274801,31.913424015226546,33.7560527216298,237.8931338188548,0.0,sim 5s
meta-llama/Meta-Llama-3-8B,h200,4,16384,NaiveSparse,1.0,True,-1.6195993760626193,-1.020060287274801,31.913424015226546,33.7560527216298,237.8931338188548,0.0,copy-from-Dense (hbm_frac=1.0)
meta-llama/Meta-Llama-3-8B,h200,8,16384,Dense,1.0,True,-1.6195993760626193,-1.020060287274801,22.85611942711809,22.85611942711809,351.9792602510117,0.0,sim 5s
meta-llama/Meta-Llama-3-8B,h200,8,16384,NaiveSparse,1.0,True,-1.6195993760626193,-1.020060287274801,22.85611942711809,22.85611942711809,351.9792602510117,0.0,copy-from-Dense (hbm_frac=1.0)
meta-llama/Meta-Llama-3-8B,h200,1,32768,Dense,1.0,True,-1.6195993760626193,-1.020060287274801,60.18799003094311,96.22427952796322,83.24941446172105,0.0,sim 19s
meta-llama/Meta-Llama-3-8B,h200,1,32768,NaiveSparse,1.0,True,-1.6195993760626193,-1.020060287274801,60.18799003094311,96.22427952796322,83.24941446172105,0.0,copy-from-Dense (hbm_frac=1.0)
meta-llama/Meta-Llama-3-8B,h200,2,32768,Dense,1.0,True,-1.6195993760626193,-1.020060287274801,40.59034706262058,55.64362519954787,144.10229563368358,0.0,sim 20s
meta-llama/Meta-Llama-3-8B,h200,2,32768,NaiveSparse,1.0,True,-1.6195993760626193,-1.020060287274801,40.59034706262058,55.64362519954787,144.10229563368358,0.0,copy-from-Dense (hbm_frac=1.0)
meta-llama/Meta-Llama-3-8B,h200,4,32768,Dense,1.0,True,-1.6195993760626193,-1.020060287274801,31.913424015226546,33.7560527216298,237.8931338188548,0.0,sim 5s
meta-llama/Meta-Llama-3-8B,h200,4,32768,NaiveSparse,1.0,True,-1.6195993760626193,-1.020060287274801,31.913424015226546,33.7560527216298,237.8931338188548,0.0,copy-from-Dense (hbm_frac=1.0)
meta-llama/Meta-Llama-3-8B,h200,8,32768,Dense,1.0,True,-1.6195993760626193,-1.020060287274801,22.85611942711809,22.85611942711809,351.9792602510117,0.0,sim 5s
meta-llama/Meta-Llama-3-8B,h200,8,32768,NaiveSparse,1.0,True,-1.6195993760626193,-1.020060287274801,22.85611942711809,22.85611942711809,351.9792602510117,0.0,copy-from-Dense (hbm_frac=1.0)
meta-llama/Meta-Llama-3-8B,h200,2,65536,Dense,1.0,True,-1.6195993760626193,-1.020060287274801,40.59034706262058,55.64362519954787,144.10229563368358,0.0,sim 19s
meta-llama/Meta-Llama-3-8B,h200,2,65536,NaiveSparse,1.0,True,-1.6195993760626193,-1.020060287274801,40.59034706262058,55.64362519954787,144.10229563368358,0.0,copy-from-Dense (hbm_frac=1.0)
meta-llama/Meta-Llama-3-8B,h200,1,65536,Dense,1.0,True,-1.6195993760626193,-1.020060287274801,60.18799003094311,96.22427952796322,83.24941446172105,0.0,sim 25s
meta-llama/Meta-Llama-3-8B,h200,1,65536,NaiveSparse,1.0,True,-1.6195993760626193,-1.020060287274801,60.18799003094311,96.22427952796322,83.24941446172105,0.0,copy-from-Dense (hbm_frac=1.0)
meta-llama/Meta-Llama-3-8B,h200,4,65536,Dense,1.0,True,-1.6195993760626193,-1.020060287274801,31.913424015226546,33.7560527216298,237.8931338188548,0.0,sim 6s
meta-llama/Meta-Llama-3-8B,h200,4,65536,NaiveSparse,1.0,True,-1.6195993760626193,-1.020060287274801,31.913424015226546,33.7560527216298,237.8931338188548,0.0,copy-from-Dense (hbm_frac=1.0)
meta-llama/Meta-Llama-3-8B,h200,8,65536,Dense,1.0,True,-1.6195993760626193,-1.020060287274801,22.85611942711809,22.85611942711809,351.9792602510117,0.0,sim 6s
meta-llama/Meta-Llama-3-8B,h200,8,65536,NaiveSparse,1.0,True,-1.6195993760626193,-1.020060287274801,22.85611942711809,22.85611942711809,351.9792602510117,0.0,copy-from-Dense (hbm_frac=1.0)
meta-llama/Meta-Llama-3-8B,h200,2,131072,Dense,1.0,True,-1.6195993760626193,-1.020060287274801,40.59034706262058,55.64362519954787,144.10229563368358,0.0,sim 31s
meta-llama/Meta-Llama-3-8B,h200,2,131072,NaiveSparse,1.0,True,-1.6195993760626193,-1.020060287274801,40.59034706262058,55.64362519954787,144.10229563368358,0.0,copy-from-Dense (hbm_frac=1.0)
meta-llama/Meta-Llama-3-8B,h200,1,131072,Dense,1.0,True,-1.6195993760626193,-1.020060287274801,60.18799003094311,96.22427952796322,83.24941446172105,0.0,sim 34s
meta-llama/Meta-Llama-3-8B,h200,1,131072,NaiveSparse,1.0,True,-1.6195993760626193,-1.020060287274801,60.18799003094311,96.22427952796322,83.24941446172105,0.0,copy-from-Dense (hbm_frac=1.0)
meta-llama/Meta-Llama-3-8B,h200,4,131072,Dense,1.0,True,-1.6195993760626193,-1.020060287274801,31.913424015226546,33.7560527216298,237.8931338188548,0.0,sim 6s
meta-llama/Meta-Llama-3-8B,h200,4,131072,NaiveSparse,1.0,True,-1.6195993760626193,-1.020060287274801,31.913424015226546,33.7560527216298,237.8931338188548,0.0,copy-from-Dense (hbm_frac=1.0)
meta-llama/Meta-Llama-3-8B,h200,8,131072,Dense,0.8949,True,-1.6195993760626193,-1.020060287274801,22.85611942711809,22.85611942711809,351.9792602510117,0.0,sim 20s
meta-llama/Meta-Llama-3-8B,h200,8,131072,NaiveSparse,0.8949,True,-1.6195993760626193,-1.020060287274801,22.85611942711809,22.85611942711809,351.9792602510117,0.0,sim 20s
meta-llama/Meta-Llama-3-8B,h200,2,262144,Dense,1.0,True,-1.6195993760626193,-1.020060287274801,40.59034706262058,55.64362519954787,144.10229563368358,0.0,sim 48s
meta-llama/Meta-Llama-3-8B,h200,2,262144,NaiveSparse,1.0,True,-1.6195993760626193,-1.020060287274801,40.59034706262058,55.64362519954787,144.10229563368358,0.0,copy-from-Dense (hbm_frac=1.0)
meta-llama/Meta-Llama-3-8B,h200,1,262144,Dense,1.0,True,-1.6195993760626193,-1.020060287274801,60.18799003094311,96.22427952796322,83.24941446172105,0.0,sim 54s
meta-llama/Meta-Llama-3-8B,h200,1,262144,NaiveSparse,1.0,True,-1.6195993760626193,-1.020060287274801,60.18799003094311,96.22427952796322,83.24941446172105,0.0,copy-from-Dense (hbm_frac=1.0)
meta-llama/Meta-Llama-3-8B,h200,4,262144,Dense,0.8949,True,-1.6195993760626193,-1.020060287274801,33.5873089732852,35.7179070982852,224.77971864235957,15.69,sim 34s
meta-llama/Meta-Llama-3-8B,h200,4,262144,NaiveSparse,0.8949,True,-1.6195993760626193,-1.020060287274801,33.5873089732852,35.7179070982852,224.77971864235957,15.69,sim 35s
meta-llama/Meta-Llama-3-8B,h200,8,262144,Dense,0.4475,True,-1.6195993760626193,-1.020060287274801,197.67273834828518,197.67273834828518,40.497054609221244,1398.53,sim 166s
meta-llama/Meta-Llama-3-8B,h200,8,262144,NaiveSparse,0.4475,True,-1.6195993760626193,-1.020060287274801,197.67273834828518,197.67273834828518,40.497054609221244,1398.53,sim 167s
meta-llama/Meta-Llama-3-8B,h200,1,524288,Dense,1.0,True,-1.6195993760626193,-1.020060287274801,60.18799003094311,96.22427952796322,83.24941446172105,0.0,sim 93s
meta-llama/Meta-Llama-3-8B,h200,1,524288,NaiveSparse,1.0,True,-1.6195993760626193,-1.020060287274801,60.18799003094311,96.22427952796322,83.24941446172105,0.0,copy-from-Dense (hbm_frac=1.0)
meta-llama/Meta-Llama-3-8B,h200,2,524288,Dense,0.8949,True,-1.6195993760626193,-1.020060287274801,50.61605522328518,69.7849545982852,114.84773469857824,113.13,sim 131s
meta-llama/Meta-Llama-3-8B,h200,2,524288,NaiveSparse,0.8949,True,-1.6195993760626193,-1.020060287274801,50.61605522328518,69.7849545982852,114.84773469857824,113.13,sim 63s
meta-llama/Meta-Llama-3-8B,a40,1,1048576,Dense,0.1965,True,-1.6195993760626193,-1.020060287274801,717.0717262859099,1147.2382575359104,6.97404326478502,8417.85,sim 1207s
meta-llama/Meta-Llama-3-8B,a40,1,1048576,NaiveSparse,0.1965,True,-1.6195993760626193,-1.020060287274801,717.0717262859099,1147.2382575359104,6.97404326478502,8417.85,sim 1179s
meta-llama/Meta-Llama-3-8B,h200,4,524288,Dense,0.4475,True,-1.6195993760626193,-1.020060287274801,369.19166897328523,393.69598209828524,20.326831331944234,2879.52,sim 317s
meta-llama/Meta-Llama-3-8B,h200,4,524288,NaiveSparse,0.4475,True,-1.6195993760626193,-1.020060287274801,369.19166897328523,393.69598209828524,20.326831331944234,2879.52,sim 320s
meta-llama/Meta-Llama-3-8B,h200,1,1048576,Dense,0.8949,True,-1.6195993760626193,-1.020060287274801,85.30877628590932,136.4175375359093,58.69835086249526,321.55,sim 280s
meta-llama/Meta-Llama-3-8B,h200,1,1048576,NaiveSparse,0.8949,True,-1.6195993760626193,-1.020060287274801,85.30877628590932,136.4175375359093,58.69835086249526,321.55,sim 248s
mistralai/Mixtral-8x7B-v0.1,a100,1,4096,Dense,1.0,True,-1.6195993760626193,-1.020060287274801,55.09519608798577,88.07580921923173,90.96252965527175,0.0,sim 7s
mistralai/Mixtral-8x7B-v0.1,a100,1,4096,NaiveSparse,1.0,True,-1.6195993760626193,-1.020060287274801,55.09519608798577,88.07580921923173,90.96252965527175,0.0,copy-from-Dense (hbm_frac=1.0)
mistralai/Mixtral-8x7B-v0.1,a100,2,4096,Dense,1.0,True,-1.6195993760626193,-1.020060287274801,34.4469122232025,47.28030954082746,169.66117939641398,0.0,sim 4s
mistralai/Mixtral-8x7B-v0.1,a100,2,4096,NaiveSparse,1.0,True,-1.6195993760626193,-1.020060287274801,34.4469122232025,47.28030954082746,169.66117939641398,0.0,copy-from-Dense (hbm_frac=1.0)
mistralai/Mixtral-8x7B-v0.1,a100,4,4096,Dense,1.0,True,-1.6195993760626193,-1.020060287274801,24.478832221364854,25.948653814655952,309.8235807828874,0.0,sim 4s
mistralai/Mixtral-8x7B-v0.1,a100,4,4096,NaiveSparse,1.0,True,-1.6195993760626193,-1.020060287274801,24.478832221364854,25.948653814655952,309.8235807828874,0.0,copy-from-Dense (hbm_frac=1.0)
mistralai/Mixtral-8x7B-v0.1,a100,8,4096,Dense,1.0,True,-1.6195993760626193,-1.020060287274801,15.11413375251846,15.11413375251846,533.8092699699084,0.0,sim 4s
mistralai/Mixtral-8x7B-v0.1,a100,8,4096,NaiveSparse,1.0,True,-1.6195993760626193,-1.020060287274801,15.11413375251846,15.11413375251846,533.8092699699084,0.0,copy-from-Dense (hbm_frac=1.0)
mistralai/Mixtral-8x7B-v0.1,a100,1,8192,Dense,1.0,True,-1.6195993760626193,-1.020060287274801,56.79238897687476,90.79131784145413,88.23807396842595,0.0,sim 9s
mistralai/Mixtral-8x7B-v0.1,a100,1,8192,NaiveSparse,1.0,True,-1.6195993760626193,-1.020060287274801,56.79238897687476,90.79131784145413,88.23807396842595,0.0,copy-from-Dense (hbm_frac=1.0)
mistralai/Mixtral-8x7B-v0.1,a100,2,8192,Dense,1.0,True,-1.6195993760626193,-1.020060287274801,36.62786163018661,50.24779326908139,159.61600942560491,0.0,sim 4s
mistralai/Mixtral-8x7B-v0.1,a100,2,8192,NaiveSparse,1.0,True,-1.6195993760626193,-1.020060287274801,36.62786163018661,50.24779326908139,159.61600942560491,0.0,copy-from-Dense (hbm_frac=1.0)
mistralai/Mixtral-8x7B-v0.1,a100,4,8192,Dense,1.0,True,-1.6195993760626193,-1.020060287274801,27.106357910253724,28.718699945449586,279.80644827288074,0.0,sim 4s
mistralai/Mixtral-8x7B-v0.1,a100,4,8192,NaiveSparse,1.0,True,-1.6195993760626193,-1.020060287274801,27.106357910253724,28.718699945449586,279.80644827288074,0.0,copy-from-Dense (hbm_frac=1.0)
mistralai/Mixtral-8x7B-v0.1,a100,8,8192,Dense,1.0,True,-1.6195993760626193,-1.020060287274801,17.819651166486743,17.819651166486743,452.1781061156192,0.0,sim 4s
mistralai/Mixtral-8x7B-v0.1,a100,8,8192,NaiveSparse,1.0,True,-1.6195993760626193,-1.020060287274801,17.819651166486743,17.819651166486743,452.1781061156192,0.0,copy-from-Dense (hbm_frac=1.0)
mistralai/Mixtral-8x7B-v0.1,a100,1,16384,Dense,1.0,True,-1.6195993760626193,-1.020060287274801,60.2176956435414,96.27180850812066,83.2082600747417,0.0,sim 13s
mistralai/Mixtral-8x7B-v0.1,a100,1,16384,NaiveSparse,1.0,True,-1.6195993760626193,-1.020060287274801,60.2176956435414,96.27180850812066,83.2082600747417,0.0,copy-from-Dense (hbm_frac=1.0)
mistralai/Mixtral-8x7B-v0.1,a100,2,16384,Dense,1.0,True,-1.6195993760626193,-1.020060287274801,40.59296936351992,55.647643935748036,144.09186501968398,0.0,sim 10s
mistralai/Mixtral-8x7B-v0.1,a100,2,16384,NaiveSparse,1.0,True,-1.6195993760626193,-1.020060287274801,40.59296936351992,55.647643935748036,144.09186501968398,0.0,copy-from-Dense (hbm_frac=1.0)
mistralai/Mixtral-8x7B-v0.1,a100,4,16384,Dense,1.0,True,-1.6195993760626193,-1.020060287274801,31.9283216435872,33.7716402121164,237.78291677162346,0.0,sim 5s
mistralai/Mixtral-8x7B-v0.1,a100,4,16384,NaiveSparse,1.0,True,-1.6195993760626193,-1.020060287274801,31.9283216435872,33.7716402121164,237.78291677162346,0.0,copy-from-Dense (hbm_frac=1.0)
mistralai/Mixtral-8x7B-v0.1,a100,8,16384,Dense,1.0,True,-1.6195993760626193,-1.020060287274801,22.862635699819997,22.862635699819997,351.8783770350177,0.0,sim 5s
mistralai/Mixtral-8x7B-v0.1,a100,8,16384,NaiveSparse,1.0,True,-1.6195993760626193,-1.020060287274801,22.862635699819997,22.862635699819997,351.8783770350177,0.0,copy-from-Dense (hbm_frac=1.0)
mistralai/Mixtral-8x7B-v0.1,a100,1,32768,Dense,1.0,True,-1.6195993760626193,-1.020060287274801,60.2176956435414,96.27180850812066,83.2082600747417,0.0,sim 19s
mistralai/Mixtral-8x7B-v0.1,a100,1,32768,NaiveSparse,1.0,True,-1.6195993760626193,-1.020060287274801,60.2176956435414,96.27180850812066,83.2082600747417,0.0,copy-from-Dense (hbm_frac=1.0)
mistralai/Mixtral-8x7B-v0.1,a100,2,32768,Dense,1.0,True,-1.6195993760626193,-1.020060287274801,40.59296936351992,55.647643935748036,144.09186501968398,0.0,sim 17s
mistralai/Mixtral-8x7B-v0.1,a100,2,32768,NaiveSparse,1.0,True,-1.6195993760626193,-1.020060287274801,40.59296936351992,55.647643935748036,144.09186501968398,0.0,copy-from-Dense (hbm_frac=1.0)
mistralai/Mixtral-8x7B-v0.1,a100,4,32768,Dense,1.0,True,-1.6195993760626193,-1.020060287274801,31.9283216435872,33.7716402121164,237.78291677162346,0.0,sim 5s
mistralai/Mixtral-8x7B-v0.1,a100,4,32768,NaiveSparse,1.0,True,-1.6195993760626193,-1.020060287274801,31.9283216435872,33.7716402121164,237.78291677162346,0.0,copy-from-Dense (hbm_frac=1.0)
mistralai/Mixtral-8x7B-v0.1,a100,8,32768,Dense,0.9168,True,-1.6195993760626193,-1.020060287274801,22.862635699819997,22.862635699819997,351.8783770350177,0.0,sim 8s
mistralai/Mixtral-8x7B-v0.1,a100,8,32768,NaiveSparse,0.9168,True,-1.6195993760626193,-1.020060287274801,22.862635699819997,22.862635699819997,351.8783770350177,0.0,sim 8s
mistralai/Mixtral-8x7B-v0.1,a100,2,65536,Dense,1.0,True,-1.6195993760626193,-1.020060287274801,40.59296936351992,55.647643935748036,144.09186501968398,0.0,sim 21s
mistralai/Mixtral-8x7B-v0.1,a100,2,65536,NaiveSparse,1.0,True,-1.6195993760626193,-1.020060287274801,40.59296936351992,55.647643935748036,144.09186501968398,0.0,copy-from-Dense (hbm_frac=1.0)
mistralai/Mixtral-8x7B-v0.1,a100,1,65536,Dense,1.0,True,-1.6195993760626193,-1.020060287274801,60.2176956435414,96.27180850812066,83.2082600747417,0.0,sim 25s
mistralai/Mixtral-8x7B-v0.1,a100,1,65536,NaiveSparse,1.0,True,-1.6195993760626193,-1.020060287274801,60.2176956435414,96.27180850812066,83.2082600747417,0.0,copy-from-Dense (hbm_frac=1.0)
mistralai/Mixtral-8x7B-v0.1,a100,4,65536,Dense,0.9168,True,-1.6195993760626193,-1.020060287274801,31.9283216435872,33.7716402121164,237.78291677162346,0.0,sim 11s
mistralai/Mixtral-8x7B-v0.1,a100,4,65536,NaiveSparse,0.9168,True,-1.6195993760626193,-1.020060287274801,31.9283216435872,33.7716402121164,237.78291677162346,0.0,sim 10s
mistralai/Mixtral-8x7B-v0.1,a100,8,65536,Dense,0.4584,True,-1.6195993760626193,-1.020060287274801,49.61739098860016,49.61739098860016,161.64919862152215,214.04,sim 45s
mistralai/Mixtral-8x7B-v0.1,a100,8,65536,NaiveSparse,0.4584,True,-1.6195993760626193,-1.020060287274801,49.61739098860016,49.61739098860016,161.64919862152215,214.04,sim 45s
mistralai/Mixtral-8x7B-v0.1,a100,1,131072,Dense,1.0,True,-1.6195993760626193,-1.020060287274801,60.2176956435414,96.27180850812066,83.2082600747417,0.0,sim 34s
mistralai/Mixtral-8x7B-v0.1,a100,1,131072,NaiveSparse,1.0,True,-1.6195993760626193,-1.020060287274801,60.2176956435414,96.27180850812066,83.2082600747417,0.0,copy-from-Dense (hbm_frac=1.0)
mistralai/Mixtral-8x7B-v0.1,a100,2,131072,Dense,0.9168,True,-1.6195993760626193,-1.020060287274801,40.59296936351992,55.647643935748036,144.09186501968398,0.0,sim 38s
mistralai/Mixtral-8x7B-v0.1,a100,2,131072,NaiveSparse,0.9168,True,-1.6195993760626193,-1.020060287274801,40.59296936351992,55.647643935748036,144.09186501968398,0.0,sim 16s
mistralai/Mixtral-8x7B-v0.1,a100,4,131072,Dense,0.4584,True,-1.6195993760626193,-1.020060287274801,91.58724286360015,97.58454473860014,82.08745340125238,510.5,sim 82s
mistralai/Mixtral-8x7B-v0.1,a100,4,131072,NaiveSparse,0.4584,True,-1.6195993760626193,-1.020060287274801,91.58724286360015,97.58454473860014,82.08745340125238,510.5,sim 82s
meta-llama/Meta-Llama-3-8B,h200,2,1048576,Dense,0.4475,True,-1.6195993760626193,-1.020060287274801,565.8480937859096,784.2421556609098,10.202589658450906,5828.79,sim 625s
meta-llama/Meta-Llama-3-8B,h200,2,1048576,NaiveSparse,0.4475,True,-1.6195993760626193,-1.020060287274801,565.8480937859096,784.2421556609098,10.202589658450906,5828.79,sim 628s
mistralai/Mixtral-8x7B-v0.1,a100,8,131072,Dense,0.2292,True,-1.6195993760626193,-1.020060287274801,139.11429848860016,139.11429848860016,57.55942665604165,930.01,sim 118s
mistralai/Mixtral-8x7B-v0.1,a100,8,131072,NaiveSparse,0.2292,True,-1.6195993760626193,-1.020060287274801,139.11429848860016,139.11429848860016,57.55942665604165,930.01,sim 118s
mistralai/Mixtral-8x7B-v0.1,a100,1,262144,Dense,0.9168,True,-1.6195993760626193,-1.020060287274801,60.2176956435414,96.27180850812066,83.2082600747417,0.0,sim 76s
mistralai/Mixtral-8x7B-v0.1,a100,1,262144,NaiveSparse,0.9168,True,-1.6195993760626193,-1.020060287274801,60.2176956435414,96.27180850812066,83.2082600747417,0.0,sim 75s
mistralai/Mixtral-8x7B-v0.1,a100,2,262144,Dense,0.4584,True,-1.6195993760626193,-1.020060287274801,139.55030161360017,193.1151534886002,41.453430661365374,1099.74,sim 184s
mistralai/Mixtral-8x7B-v0.1,a100,2,262144,NaiveSparse,0.4584,True,-1.6195993760626193,-1.020060287274801,139.55030161360017,193.1151534886002,41.453430661365374,1099.74,sim 155s
mistralai/Mixtral-8x7B-v0.1,a100,4,262144,Dense,0.2292,True,-1.6195993760626193,-1.020060287274801,259.39488286360006,276.1702247386001,28.981021781950563,1939.19,sim 224s
mistralai/Mixtral-8x7B-v0.1,a100,4,262144,NaiveSparse,0.2292,True,-1.6195993760626193,-1.020060287274801,259.39488286360006,276.1702247386001,28.981021781950563,1939.19,sim 224s
mistralai/Mixtral-8x7B-v0.1,a100,1,524288,Dense,0.4584,True,-1.6195993760626193,-1.020060287274801,239.97692628590943,383.88657753590894,20.846412828757398,2300.92,sim 384s
mistralai/Mixtral-8x7B-v0.1,a100,1,524288,NaiveSparse,0.4584,True,-1.6195993760626193,-1.020060287274801,239.97692628590943,383.88657753590894,20.846412828757398,2300.92,sim 366s
mistralai/Mixtral-8x7B-v0.1,a100,2,524288,Dense,0.2292,True,-1.6195993760626193,-1.020060287274801,401.3546737859095,550.0081556609097,14.548611643778779,3954.88,sim 439s
mistralai/Mixtral-8x7B-v0.1,a100,2,524288,NaiveSparse,0.2292,True,-1.6195993760626193,-1.020060287274801,401.3546737859095,550.0081556609097,14.548611643778779,3954.88,sim 434s
mistralai/Mixtral-8x7B-v0.1,h100,1,4096,Dense,1.0,True,-1.6195993760626193,-1.020060287274801,54.25613202564145,86.73330671948071,92.37256714233469,0.0,sim 7s
mistralai/Mixtral-8x7B-v0.1,h100,1,4096,NaiveSparse,1.0,True,-1.6195993760626193,-1.020060287274801,54.25613202564145,86.73330671948071,92.37256714233469,0.0,copy-from-Dense (hbm_frac=1.0)
mistralai/Mixtral-8x7B-v0.1,h100,2,4096,Dense,1.0,True,-1.6195993760626193,-1.020060287274801,33.94099605516412,46.5847429046288,172.2013791071725,0.0,sim 4s
mistralai/Mixtral-8x7B-v0.1,h100,2,4096,NaiveSparse,1.0,True,-1.6195993760626193,-1.020060287274801,33.94099605516412,46.5847429046288,172.2013791071725,0.0,copy-from-Dense (hbm_frac=1.0)
mistralai/Mixtral-8x7B-v0.1,h100,4,4096,Dense,1.0,True,-1.6195993760626193,-1.020060287274801,24.144634995109556,25.593733576332212,314.14156095612674,0.0,sim 4s
mistralai/Mixtral-8x7B-v0.1,h100,4,4096,NaiveSparse,1.0,True,-1.6195993760626193,-1.020060287274801,24.144634995109556,25.593733576332212,314.14156095612674,0.0,copy-from-Dense (hbm_frac=1.0)
mistralai/Mixtral-8x7B-v0.1,h100,8,4096,Dense,1.0,True,-1.6195993760626193,-1.020060287274801,14.930043834223005,14.930043834223005,540.4479231651255,0.0,sim 4s
mistralai/Mixtral-8x7B-v0.1,h100,8,4096,NaiveSparse,1.0,True,-1.6195993760626193,-1.020060287274801,14.930043834223005,14.930043834223005,540.4479231651255,0.0,copy-from-Dense (hbm_frac=1.0)
mistralai/Mixtral-8x7B-v0.1,h100,1,8192,Dense,1.0,True,-1.6195993760626193,-1.020060287274801,55.95504326373673,89.45156470043302,89.56153867109961,0.0,sim 9s
mistralai/Mixtral-8x7B-v0.1,h100,1,8192,NaiveSparse,1.0,True,-1.6195993760626193,-1.020060287274801,55.95504326373673,89.45156470043302,89.56153867109961,0.0,copy-from-Dense (hbm_frac=1.0)
mistralai/Mixtral-8x7B-v0.1,h100,2,8192,Dense,1.0,True,-1.6195993760626193,-1.020060287274801,36.11943822786255,49.548913745263754,161.8731762935101,0.0,sim 7s
mistralai/Mixtral-8x7B-v0.1,h100,2,8192,NaiveSparse,1.0,True,-1.6195993760626193,-1.020060287274801,36.11943822786255,49.548913745263754,161.8731762935101,0.0,copy-from-Dense (hbm_frac=1.0)
mistralai/Mixtral-8x7B-v0.1,h100,4,8192,Dense,1.0,True,-1.6195993760626193,-1.020060287274801,26.765285604633362,28.357141082363963,283.3901469827875,0.0,sim 4s
mistralai/Mixtral-8x7B-v0.1,h100,4,8192,NaiveSparse,1.0,True,-1.6195993760626193,-1.020060287274801,26.765285604633362,28.357141082363963,283.3901469827875,0.0,copy-from-Dense (hbm_frac=1.0)
mistralai/Mixtral-8x7B-v0.1,h100,8,8192,Dense,1.0,True,-1.6195993760626193,-1.020060287274801,17.62268021771509,17.62268021771509,457.2689933103473,0.0,sim 4s
mistralai/Mixtral-8x7B-v0.1,h100,8,8192,NaiveSparse,1.0,True,-1.6195993760626193,-1.020060287274801,17.62268021771509,17.62268021771509,457.2689933103473,0.0,copy-from-Dense (hbm_frac=1.0)
mistralai/Mixtral-8x7B-v0.1,h100,1,16384,Dense,1.0,True,-1.6195993760626193,-1.020060287274801,59.38573659707002,94.94067403376629,84.3764668505278,0.0,sim 12s
mistralai/Mixtral-8x7B-v0.1,h100,1,16384,NaiveSparse,1.0,True,-1.6195993760626193,-1.020060287274801,59.38573659707002,94.94067403376629,84.3764668505278,0.0,copy-from-Dense (hbm_frac=1.0)
mistralai/Mixtral-8x7B-v0.1,h100,2,16384,Dense,1.0,True,-1.6195993760626193,-1.020060287274801,40.119841427862525,54.9963852119304,145.80214392641352,0.0,sim 12s
mistralai/Mixtral-8x7B-v0.1,h100,2,16384,NaiveSparse,1.0,True,-1.6195993760626193,-1.020060287274801,40.119841427862525,54.9963852119304,145.80214392641352,0.0,copy-from-Dense (hbm_frac=1.0)
mistralai/Mixtral-8x7B-v0.1,h100,4,16384,Dense,1.0,True,-1.6195993760626193,-1.020060287274801,31.593551737966852,33.41632508236412,240.32094227546372,0.0,sim 5s
mistralai/Mixtral-8x7B-v0.1,h100,4,16384,NaiveSparse,1.0,True,-1.6195993760626193,-1.020060287274801,31.593551737966852,33.41632508236412,240.32094227546372,0.0,copy-from-Dense (hbm_frac=1.0)
mistralai/Mixtral-8x7B-v0.1,h100,8,16384,Dense,1.0,True,-1.6195993760626193,-1.020060287274801,22.67365675104834,22.67365675104834,354.8277767375134,0.0,sim 5s
mistralai/Mixtral-8x7B-v0.1,h100,8,16384,NaiveSparse,1.0,True,-1.6195993760626193,-1.020060287274801,22.67365675104834,22.67365675104834,354.8277767375134,0.0,copy-from-Dense (hbm_frac=1.0)
mistralai/Mixtral-8x7B-v0.1,h100,1,32768,Dense,1.0,True,-1.6195993760626193,-1.020060287274801,59.38573659707002,94.94067403376629,84.3764668505278,0.0,sim 18s
mistralai/Mixtral-8x7B-v0.1,h100,1,32768,NaiveSparse,1.0,True,-1.6195993760626193,-1.020060287274801,59.38573659707002,94.94067403376629,84.3764668505278,0.0,copy-from-Dense (hbm_frac=1.0)
mistralai/Mixtral-8x7B-v0.1,h100,2,32768,Dense,1.0,True,-1.6195993760626193,-1.020060287274801,40.119841427862525,54.9963852119304,145.80214392641352,0.0,sim 16s
mistralai/Mixtral-8x7B-v0.1,h100,2,32768,NaiveSparse,1.0,True,-1.6195993760626193,-1.020060287274801,40.119841427862525,54.9963852119304,145.80214392641352,0.0,copy-from-Dense (hbm_frac=1.0)
mistralai/Mixtral-8x7B-v0.1,h100,4,32768,Dense,1.0,True,-1.6195993760626193,-1.020060287274801,31.593551737966852,33.41632508236412,240.32094227546372,0.0,sim 5s
mistralai/Mixtral-8x7B-v0.1,h100,4,32768,NaiveSparse,1.0,True,-1.6195993760626193,-1.020060287274801,31.593551737966852,33.41632508236412,240.32094227546372,0.0,copy-from-Dense (hbm_frac=1.0)
mistralai/Mixtral-8x7B-v0.1,h100,8,32768,Dense,0.9168,True,-1.6195993760626193,-1.020060287274801,22.67365675104834,22.67365675104834,354.8277767375134,0.0,sim 8s
mistralai/Mixtral-8x7B-v0.1,h100,8,32768,NaiveSparse,0.9168,True,-1.6195993760626193,-1.020060287274801,22.67365675104834,22.67365675104834,354.8277767375134,0.0,sim 8s
mistralai/Mixtral-8x7B-v0.1,h100,1,65536,Dense,1.0,True,-1.6195993760626193,-1.020060287274801,59.38573659707002,94.94067403376629,84.3764668505278,0.0,sim 22s
mistralai/Mixtral-8x7B-v0.1,h100,1,65536,NaiveSparse,1.0,True,-1.6195993760626193,-1.020060287274801,59.38573659707002,94.94067403376629,84.3764668505278,0.0,copy-from-Dense (hbm_frac=1.0)
mistralai/Mixtral-8x7B-v0.1,h100,2,65536,Dense,1.0,True,-1.6195993760626193,-1.020060287274801,40.119841427862525,54.9963852119304,145.80214392641352,0.0,sim 22s
mistralai/Mixtral-8x7B-v0.1,h100,2,65536,NaiveSparse,1.0,True,-1.6195993760626193,-1.020060287274801,40.119841427862525,54.9963852119304,145.80214392641352,0.0,copy-from-Dense (hbm_frac=1.0)
mistralai/Mixtral-8x7B-v0.1,h100,4,65536,Dense,0.9168,True,-1.6195993760626193,-1.020060287274801,31.593551737966852,33.41632508236412,240.32094227546372,0.0,sim 10s
mistralai/Mixtral-8x7B-v0.1,h100,4,65536,NaiveSparse,0.9168,True,-1.6195993760626193,-1.020060287274801,31.593551737966852,33.41632508236412,240.32094227546372,0.0,sim 10s
mistralai/Mixtral-8x7B-v0.1,h100,8,65536,Dense,0.4584,True,-1.6195993760626193,-1.020060287274801,49.59659201243837,49.59659201243837,161.71716304545035,215.38,sim 45s
mistralai/Mixtral-8x7B-v0.1,h100,8,65536,NaiveSparse,0.4584,True,-1.6195993760626193,-1.020060287274801,49.59659201243837,49.59659201243837,161.71716304545035,215.38,sim 44s
mistralai/Mixtral-8x7B-v0.1,h100,1,131072,Dense,1.0,True,-1.6195993760626193,-1.020060287274801,59.38573659707002,94.94067403376629,84.3764668505278,0.0,sim 30s
mistralai/Mixtral-8x7B-v0.1,h100,1,131072,NaiveSparse,1.0,True,-1.6195993760626193,-1.020060287274801,59.38573659707002,94.94067403376629,84.3764668505278,0.0,copy-from-Dense (hbm_frac=1.0)
mistralai/Mixtral-8x7B-v0.1,h100,2,131072,Dense,0.9168,True,-1.6195993760626193,-1.020060287274801,40.119841427862525,54.9963852119304,145.80214392641352,0.0,sim 39s
mistralai/Mixtral-8x7B-v0.1,h100,2,131072,NaiveSparse,0.9168,True,-1.6195993760626193,-1.020060287274801,40.119841427862525,54.9963852119304,145.80214392641352,0.0,sim 16s
mistralai/Mixtral-8x7B-v0.1,h100,4,131072,Dense,0.4584,True,-1.6195993760626193,-1.020060287274801,91.56644388743837,97.56374576243837,82.10497598851097,513.18,sim 81s
mistralai/Mixtral-8x7B-v0.1,h100,4,131072,NaiveSparse,0.4584,True,-1.6195993760626193,-1.020060287274801,91.56644388743837,97.56374576243837,82.10497598851097,513.18,sim 81s
mistralai/Mixtral-8x7B-v0.1,h100,8,131072,Dense,0.2292,True,-1.6195993760626193,-1.020060287274801,139.09349951243837,139.09349951243837,57.56804154897968,931.36,sim 117s
mistralai/Mixtral-8x7B-v0.1,h100,8,131072,NaiveSparse,0.2292,True,-1.6195993760626193,-1.020060287274801,139.09349951243837,139.09349951243837,57.56804154897968,931.36,sim 117s
mistralai/Mixtral-8x7B-v0.1,h100,1,262144,NaiveSparse,0.9168,True,-1.6195993760626193,-1.020060287274801,59.38573659707002,94.94067403376629,84.3764668505278,0.0,sim 63s
mistralai/Mixtral-8x7B-v0.1,h100,1,262144,Dense,0.9168,True,-1.6195993760626193,-1.020060287274801,59.38573659707002,94.94067403376629,84.3764668505278,0.0,sim 69s
mistralai/Mixtral-8x7B-v0.1,h100,2,262144,Dense,0.4584,True,-1.6195993760626193,-1.020060287274801,139.52950263743838,193.09435451243846,41.457898728961744,1104.78,sim 157s
mistralai/Mixtral-8x7B-v0.1,h100,2,262144,NaiveSparse,0.4584,True,-1.6195993760626193,-1.020060287274801,139.52950263743838,193.09435451243846,41.457898728961744,1104.78,sim 156s
mistralai/Mixtral-8x7B-v0.1,a100,1,1048576,Dense,0.2292,True,-1.6195993760626193,-1.020060287274801,687.4648762859091,1099.8672975359093,7.274448076485438,8028.76,sim 1017s
mistralai/Mixtral-8x7B-v0.1,a100,1,1048576,NaiveSparse,0.2292,True,-1.6195993760626193,-1.020060287274801,687.4648762859091,1099.8672975359093,7.274448076485438,8028.76,sim 997s
mistralai/Mixtral-8x7B-v0.1,h100,4,262144,Dense,0.2292,True,-1.6195993760626193,-1.020060287274801,259.3740838874383,276.14942576243834,28.98320557802393,1941.86,sim 224s
mistralai/Mixtral-8x7B-v0.1,h100,4,262144,NaiveSparse,0.2292,True,-1.6195993760626193,-1.020060287274801,259.3740838874383,276.14942576243834,28.98320557802393,1941.86,sim 222s
mistralai/Mixtral-8x7B-v0.1,h100,1,524288,Dense,0.4584,True,-1.6195993760626193,-1.020060287274801,239.97692628590943,383.88657753590894,20.846412828757398,2311.57,sim 376s
mistralai/Mixtral-8x7B-v0.1,h100,1,524288,NaiveSparse,0.4584,True,-1.6195993760626193,-1.020060287274801,239.97692628590943,383.88657753590894,20.846412828757398,2311.57,sim 362s
mistralai/Mixtral-8x7B-v0.1,h100,2,524288,Dense,0.2292,True,-1.6195993760626193,-1.020060287274801,401.3546737859095,550.0081556609097,14.548611643778779,3960.09,sim 436s
mistralai/Mixtral-8x7B-v0.1,h100,2,524288,NaiveSparse,0.2292,True,-1.6195993760626193,-1.020060287274801,401.3546737859095,550.0081556609097,14.548611643778779,3960.09,sim 440s
mistralai/Mixtral-8x7B-v0.1,a40,1,4096,Dense,1.0,True,-1.6195993760626193,-1.020060287274801,55.07201236234392,88.03871525820472,91.00091111558125,0.0,sim 5s
mistralai/Mixtral-8x7B-v0.1,a40,1,4096,NaiveSparse,1.0,True,-1.6195993760626193,-1.020060287274801,55.07201236234392,88.03871525820472,91.00091111558125,0.0,copy-from-Dense (hbm_frac=1.0)
mistralai/Mixtral-8x7B-v0.1,a40,2,4096,Dense,1.0,True,-1.6195993760626193,-1.020060287274801,34.43002171857869,47.257165317329495,169.74449585657354,0.0,sim 3s
mistralai/Mixtral-8x7B-v0.1,a40,2,4096,NaiveSparse,1.0,True,-1.6195993760626193,-1.020060287274801,34.43002171857869,47.257165317329495,169.74449585657354,0.0,copy-from-Dense (hbm_frac=1.0)
mistralai/Mixtral-8x7B-v0.1,a40,4,4096,Dense,1.0,True,-1.6195993760626193,-1.020060287274801,24.46564450768792,25.934938182046633,309.9882398094286,0.0,sim 3s
mistralai/Mixtral-8x7B-v0.1,a40,4,4096,NaiveSparse,1.0,True,-1.6195993760626193,-1.020060287274801,24.46564450768792,25.934938182046633,309.9882398094286,0.0,copy-from-Dense (hbm_frac=1.0)
mistralai/Mixtral-8x7B-v0.1,a40,8,4096,Dense,1.0,True,-1.6195993760626193,-1.020060287274801,15.111235372435527,15.111235372435527,533.9125274618386,0.0,sim 3s
mistralai/Mixtral-8x7B-v0.1,a40,8,4096,NaiveSparse,1.0,True,-1.6195993760626193,-1.020060287274801,15.111235372435527,15.111235372435527,533.9125274618386,0.0,copy-from-Dense (hbm_frac=1.0)
mistralai/Mixtral-8x7B-v0.1,a40,1,8192,Dense,1.0,True,-1.6195993760626193,-1.020060287274801,56.774098457581914,90.76205301058545,88.26656500677497,0.0,sim 6s
mistralai/Mixtral-8x7B-v0.1,a40,1,8192,NaiveSparse,1.0,True,-1.6195993760626193,-1.020060287274801,56.774098457581914,90.76205301058545,88.26656500677497,0.0,copy-from-Dense (hbm_frac=1.0)
mistralai/Mixtral-8x7B-v0.1,a40,2,8192,Dense,1.0,True,-1.6195993760626193,-1.020060287274801,36.60169293000726,50.21213739732946,159.72964205057153,0.0,sim 4s
mistralai/Mixtral-8x7B-v0.1,a40,2,8192,NaiveSparse,1.0,True,-1.6195993760626193,-1.020060287274801,36.60169293000726,50.21213739732946,159.72964205057153,0.0,copy-from-Dense (hbm_frac=1.0)
mistralai/Mixtral-8x7B-v0.1,a40,4,8192,Dense,1.0,True,-1.6195993760626193,-1.020060287274801,27.10771917435461,28.720362502046655,279.79017868185775,0.0,sim 4s
mistralai/Mixtral-8x7B-v0.1,a40,4,8192,NaiveSparse,1.0,True,-1.6195993760626193,-1.020060287274801,27.10771917435461,28.720362502046655,279.79017868185775,0.0,copy-from-Dense (hbm_frac=1.0)
mistralai/Mixtral-8x7B-v0.1,a40,8,8192,Dense,1.0,True,-1.6195993760626193,-1.020060287274801,17.820865124816475,17.820865124816475,452.1470817396248,0.0,sim 4s
mistralai/Mixtral-8x7B-v0.1,a40,8,8192,NaiveSparse,1.0,True,-1.6195993760626193,-1.020060287274801,17.820865124816475,17.820865124816475,452.1470817396248,0.0,copy-from-Dense (hbm_frac=1.0)
mistralai/Mixtral-8x7B-v0.1,a40,1,16384,Dense,1.0,True,-1.6195993760626193,-1.020060287274801,60.20497845758191,96.25146101058559,83.225873581111,0.0,sim 9s
mistralai/Mixtral-8x7B-v0.1,a40,1,16384,NaiveSparse,1.0,True,-1.6195993760626193,-1.020060287274801,60.20497845758191,96.25146101058559,83.225873581111,0.0,copy-from-Dense (hbm_frac=1.0)
mistralai/Mixtral-8x7B-v0.1,a40,2,16384,Dense,1.0,True,-1.6195993760626193,-1.020060287274801,40.605374530007275,55.66415659732945,144.0490223159214,0.0,sim 10s
mistralai/Mixtral-8x7B-v0.1,a40,2,16384,NaiveSparse,1.0,True,-1.6195993760626193,-1.020060287274801,40.605374530007275,55.66415659732945,144.0490223159214,0.0,copy-from-Dense (hbm_frac=1.0)
mistralai/Mixtral-8x7B-v0.1,a40,4,16384,Dense,1.0,True,-1.6195993760626193,-1.020060287274801,31.95790797435459,33.800143302046635,237.58163915535116,0.0,sim 4s
mistralai/Mixtral-8x7B-v0.1,a40,4,16384,NaiveSparse,1.0,True,-1.6195993760626193,-1.020060287274801,31.95790797435459,33.800143302046635,237.58163915535116,0.0,copy-from-Dense (hbm_frac=1.0)
mistralai/Mixtral-8x7B-v0.1,a40,8,16384,Dense,0.6985,True,-1.6195993760626193,-1.020060287274801,22.862119524816467,22.862119524816467,351.88636621128325,0.0,sim 9s
mistralai/Mixtral-8x7B-v0.1,a40,8,16384,NaiveSparse,0.6985,True,-1.6195993760626193,-1.020060287274801,22.862119524816467,22.862119524816467,351.88636621128325,0.0,sim 9s
mistralai/Mixtral-8x7B-v0.1,a40,2,32768,Dense,1.0,True,-1.6195993760626193,-1.020060287274801,40.605374530007275,55.66415659732945,144.0490223159214,0.0,sim 11s
mistralai/Mixtral-8x7B-v0.1,a40,2,32768,NaiveSparse,1.0,True,-1.6195993760626193,-1.020060287274801,40.605374530007275,55.66415659732945,144.0490223159214,0.0,copy-from-Dense (hbm_frac=1.0)
mistralai/Mixtral-8x7B-v0.1,a40,1,32768,Dense,1.0,True,-1.6195993760626193,-1.020060287274801,60.20497845758191,96.25146101058559,83.225873581111,0.0,sim 15s
mistralai/Mixtral-8x7B-v0.1,a40,1,32768,NaiveSparse,1.0,True,-1.6195993760626193,-1.020060287274801,60.20497845758191,96.25146101058559,83.225873581111,0.0,copy-from-Dense (hbm_frac=1.0)
mistralai/Mixtral-8x7B-v0.1,a40,4,32768,Dense,0.6985,True,-1.6195993760626193,-1.020060287274801,31.95790797435459,33.800143302046635,237.58163915535116,0.0,sim 14s
mistralai/Mixtral-8x7B-v0.1,a40,4,32768,NaiveSparse,0.6985,True,-1.6195993760626193,-1.020060287274801,31.95790797435459,33.800143302046635,237.58163915535116,0.0,sim 15s
mistralai/Mixtral-8x7B-v0.1,a40,8,32768,Dense,0.3492,True,-1.6195993760626193,-1.020060287274801,30.54768180895116,30.54768180895116,262.98337176488684,61.48,sim 28s
mistralai/Mixtral-8x7B-v0.1,a40,8,32768,NaiveSparse,0.3492,True,-1.6195993760626193,-1.020060287274801,30.54768180895116,30.54768180895116,262.98337176488684,61.48,sim 28s
mistralai/Mixtral-8x7B-v0.1,a40,1,65536,Dense,1.0,True,-1.6195993760626193,-1.020060287274801,60.20497845758191,96.25146101058559,83.225873581111,0.0,sim 18s
mistralai/Mixtral-8x7B-v0.1,a40,1,65536,NaiveSparse,1.0,True,-1.6195993760626193,-1.020060287274801,60.20497845758191,96.25146101058559,83.225873581111,0.0,copy-from-Dense (hbm_frac=1.0)
mistralai/Mixtral-8x7B-v0.1,a40,2,65536,Dense,0.6985,True,-1.6195993760626193,-1.020060287274801,40.605374530007275,55.66415659732945,144.0490223159214,0.0,sim 36s
mistralai/Mixtral-8x7B-v0.1,a40,2,65536,NaiveSparse,0.6985,True,-1.6195993760626193,-1.020060287274801,40.605374530007275,55.66415659732945,144.0490223159214,0.0,sim 25s
mistralai/Mixtral-8x7B-v0.1,a40,4,65536,Dense,0.3492,True,-1.6195993760626193,-1.020060287274801,55.83245618395117,59.44612680895118,134.86490579250065,205.17,sim 50s
mistralai/Mixtral-8x7B-v0.1,a40,4,65536,NaiveSparse,0.3492,True,-1.6195993760626193,-1.020060287274801,55.83245618395117,59.44612680895118,134.86490579250065,205.17,sim 50s
mistralai/Mixtral-8x7B-v0.1,a40,8,65536,Dense,0.1746,True,-1.6195993760626193,-1.020060287274801,75.30569055895117,75.30569055895117,106.41385144341717,419.55,sim 65s
mistralai/Mixtral-8x7B-v0.1,a40,8,65536,NaiveSparse,0.1746,True,-1.6195993760626193,-1.020060287274801,75.30569055895117,75.30569055895117,106.41385144341717,419.55,sim 65s
mistralai/Mixtral-8x7B-v0.1,a40,1,131072,Dense,0.6985,True,-1.6195993760626193,-1.020060287274801,60.20497845758191,96.25146101058559,83.225873581111,0.0,sim 66s
mistralai/Mixtral-8x7B-v0.1,a40,1,131072,NaiveSparse,0.6985,True,-1.6195993760626193,-1.020060287274801,60.20497845758191,96.25146101058559,83.225873581111,0.0,sim 60s
mistralai/Mixtral-8x7B-v0.1,a40,2,131072,Dense,0.3492,True,-1.6195993760626193,-1.020060287274801,84.72646493395114,116.4267468089511,68.78806817659387,486.1,sim 94s
mistralai/Mixtral-8x7B-v0.1,a40,2,131072,NaiveSparse,0.3492,True,-1.6195993760626193,-1.020060287274801,84.72646493395114,116.4267468089511,68.78806817659387,486.1,sim 95s
mistralai/Mixtral-8x7B-v0.1,a40,4,131072,Dense,0.1746,True,-1.6195993760626193,-1.020060287274801,139.75402118395118,148.1428030589512,54.04846824600383,914.74,sim 122s
mistralai/Mixtral-8x7B-v0.1,a40,4,131072,NaiveSparse,0.1746,True,-1.6195993760626193,-1.020060287274801,139.75402118395118,148.1428030589512,54.04846824600383,914.74,sim 121s
mistralai/Mixtral-8x7B-v0.1,h100,1,1048576,Dense,0.2292,True,-1.6195993760626193,-1.020060287274801,687.4648762859091,1099.8672975359093,7.274448076485438,8039.41,sim 993s
mistralai/Mixtral-8x7B-v0.1,h100,1,1048576,NaiveSparse,0.2292,True,-1.6195993760626193,-1.020060287274801,687.4648762859091,1099.8672975359093,7.274448076485438,8039.41,sim 960s
mistralai/Mixtral-8x7B-v0.1,a40,8,131072,Dense,0.0873,True,-1.6195993760626193,-1.020060287274801,163.9569805589512,163.9569805589512,48.83126248519909,1128.76,sim 138s
mistralai/Mixtral-8x7B-v0.1,a40,8,131072,NaiveSparse,0.0873,True,-1.6195993760626193,-1.020060287274801,163.9569805589512,163.9569805589512,48.83126248519909,1128.76,sim 138s
mistralai/Mixtral-8x7B-v0.1,a40,1,262144,NaiveSparse,0.3492,True,-1.6195993760626193,-1.020060287274801,144.63167628590946,231.33417753590967,34.60107790142901,1080.66,sim 205s
mistralai/Mixtral-8x7B-v0.1,a40,1,262144,Dense,0.3492,True,-1.6195993760626193,-1.020060287274801,144.63167628590946,231.33417753590967,34.60107790142901,1080.66,sim 222s
mistralai/Mixtral-8x7B-v0.1,a40,2,262144,Dense,0.1746,True,-1.6195993760626193,-1.020060287274801,215.52084378590928,294.77499566090927,27.15108841045377,1912.89,sim 234s
mistralai/Mixtral-8x7B-v0.1,a40,2,262144,NaiveSparse,0.1746,True,-1.6195993760626193,-1.020060287274801,215.52084378590928,294.77499566090927,27.15108841045377,1912.89,sim 234s
mistralai/Mixtral-8x7B-v0.1,a40,4,262144,Dense,0.0873,True,-1.6195993760626193,-1.020060287274801,309.63210378590935,326.40744566090933,24.518822842657116,2340.86,sim 264s
mistralai/Mixtral-8x7B-v0.1,a40,4,262144,NaiveSparse,0.0873,True,-1.6195993760626193,-1.020060287274801,309.63210378590935,326.40744566090933,24.518822842657116,2340.86,sim 264s
mistralai/Mixtral-8x7B-v0.1,a40,1,524288,Dense,0.1746,True,-1.6195993760626193,-1.020060287274801,368.4234262859095,589.4009775359095,13.576039661178022,3945.2,sim 531s
mistralai/Mixtral-8x7B-v0.1,a40,1,524288,NaiveSparse,0.1746,True,-1.6195993760626193,-1.020060287274801,368.4234262859095,589.4009775359095,13.576039661178022,3945.2,sim 511s
mistralai/Mixtral-8x7B-v0.1,a40,2,524288,Dense,0.0873,True,-1.6195993760626193,-1.020060287274801,478.3488637859095,652.6670756609095,12.259792954758453,4776.02,sim 515s
mistralai/Mixtral-8x7B-v0.1,a40,2,524288,NaiveSparse,0.0873,True,-1.6195993760626193,-1.020060287274801,478.3488637859095,652.6670756609095,12.259792954758453,4776.02,sim 513s
mistralai/Mixtral-8x7B-v0.1,h200,1,4096,Dense,1.0,True,-1.6195993760626193,-1.020060287274801,54.34233643407918,86.87123377298103,92.22568993792012,0.0,sim 246s
mistralai/Mixtral-8x7B-v0.1,h200,1,4096,NaiveSparse,1.0,True,-1.6195993760626193,-1.020060287274801,54.34233643407918,86.87123377298103,92.22568993792012,0.0,copy-from-Dense (hbm_frac=1.0)
mistralai/Mixtral-8x7B-v0.1,h200,4,4096,Dense,1.0,True,-1.6195993760626193,-1.020060287274801,24.17794996252988,25.628971550898388,313.70747951167925,0.0,sim 4s
mistralai/Mixtral-8x7B-v0.1,h200,4,4096,NaiveSparse,1.0,True,-1.6195993760626193,-1.020060287274801,24.17794996252988,25.628971550898388,313.70747951167925,0.0,copy-from-Dense (hbm_frac=1.0)
mistralai/Mixtral-8x7B-v0.1,h200,8,4096,Dense,1.0,True,-1.6195993760626193,-1.020060287274801,14.949204867349868,14.949204867349868,539.7492487604644,0.0,sim 3s
mistralai/Mixtral-8x7B-v0.1,h200,8,4096,NaiveSparse,1.0,True,-1.6195993760626193,-1.020060287274801,14.949204867349868,14.949204867349868,539.7492487604644,0.0,copy-from-Dense (hbm_frac=1.0)
mistralai/Mixtral-8x7B-v0.1,h200,2,4096,Dense,1.0,True,-1.6195993760626193,-1.020060287274801,33.987263914197975,46.6484893302819,171.9654162794932,0.0,sim 163s
mistralai/Mixtral-8x7B-v0.1,h200,2,4096,NaiveSparse,1.0,True,-1.6195993760626193,-1.020060287274801,33.987263914197975,46.6484893302819,171.9654162794932,0.0,copy-from-Dense (hbm_frac=1.0)
mistralai/Mixtral-8x7B-v0.1,h200,1,8192,Dense,1.0,True,-1.6195993760626193,-1.020060287274801,56.04061649032649,89.58848186297668,89.42446759804089,0.0,sim 8s
mistralai/Mixtral-8x7B-v0.1,h200,1,8192,NaiveSparse,1.0,True,-1.6195993760626193,-1.020060287274801,56.04061649032649,89.58848186297668,89.42446759804089,0.0,copy-from-Dense (hbm_frac=1.0)
mistralai/Mixtral-8x7B-v0.1,h200,2,8192,Dense,1.0,True,-1.6195993760626193,-1.020060287274801,36.17216766086463,49.62127868075806,161.6365012192577,0.0,sim 8s
mistralai/Mixtral-8x7B-v0.1,h200,2,8192,NaiveSparse,1.0,True,-1.6195993760626193,-1.020060287274801,36.17216766086463,49.62127868075806,161.6365012192577,0.0,copy-from-Dense (hbm_frac=1.0)
mistralai/Mixtral-8x7B-v0.1,h200,4,8192,Dense,1.0,True,-1.6195993760626193,-1.020060287274801,26.804534038720384,28.398572444866673,282.97483755078866,0.0,sim 4s
mistralai/Mixtral-8x7B-v0.1,h200,4,8192,NaiveSparse,1.0,True,-1.6195993760626193,-1.020060287274801,26.804534038720384,28.398572444866673,282.97483755078866,0.0,copy-from-Dense (hbm_frac=1.0)
mistralai/Mixtral-8x7B-v0.1,h200,8,8192,Dense,1.0,True,-1.6195993760626193,-1.020060287274801,17.650120029254644,17.650120029254644,456.5529257146002,0.0,sim 4s
mistralai/Mixtral-8x7B-v0.1,h200,8,8192,NaiveSparse,1.0,True,-1.6195993760626193,-1.020060287274801,17.650120029254644,17.650120029254644,456.5529257146002,0.0,copy-from-Dense (hbm_frac=1.0)
mistralai/Mixtral-8x7B-v0.1,h200,1,16384,Dense,1.0,True,-1.6195993760626193,-1.020060287274801,59.46561649032641,95.06848186297664,84.2628807709553,0.0,sim 11s
mistralai/Mixtral-8x7B-v0.1,h200,1,16384,NaiveSparse,1.0,True,-1.6195993760626193,-1.020060287274801,59.46561649032641,95.06848186297664,84.2628807709553,0.0,copy-from-Dense (hbm_frac=1.0)
mistralai/Mixtral-8x7B-v0.1,h200,2,16384,Dense,1.0,True,-1.6195993760626193,-1.020060287274801,40.16700766086467,55.06125948075808,145.6299582091476,0.0,sim 12s
mistralai/Mixtral-8x7B-v0.1,h200,2,16384,NaiveSparse,1.0,True,-1.6195993760626193,-1.020060287274801,40.16700766086467,55.06125948075808,145.6299582091476,0.0,copy-from-Dense (hbm_frac=1.0)
mistralai/Mixtral-8x7B-v0.1,h200,4,16384,Dense,1.0,True,-1.6195993760626193,-1.020060287274801,31.625298038720434,33.44924524486672,240.08351754865063,0.0,sim 4s
mistralai/Mixtral-8x7B-v0.1,h200,4,16384,NaiveSparse,1.0,True,-1.6195993760626193,-1.020060287274801,31.625298038720434,33.44924524486672,240.08351754865063,0.0,copy-from-Dense (hbm_frac=1.0)
mistralai/Mixtral-8x7B-v0.1,h200,8,16384,Dense,1.0,True,-1.6195993760626193,-1.020060287274801,22.6861232292546,22.6861232292546,354.63168967234037,0.0,sim 4s
mistralai/Mixtral-8x7B-v0.1,h200,8,16384,NaiveSparse,1.0,True,-1.6195993760626193,-1.020060287274801,22.6861232292546,22.6861232292546,354.63168967234037,0.0,copy-from-Dense (hbm_frac=1.0)
mistralai/Mixtral-8x7B-v0.1,h200,2,32768,Dense,1.0,True,-1.6195993760626193,-1.020060287274801,40.16700766086467,55.06125948075808,145.6299582091476,0.0,sim 13s
mistralai/Mixtral-8x7B-v0.1,h200,2,32768,NaiveSparse,1.0,True,-1.6195993760626193,-1.020060287274801,40.16700766086467,55.06125948075808,145.6299582091476,0.0,copy-from-Dense (hbm_frac=1.0)
mistralai/Mixtral-8x7B-v0.1,h200,1,32768,Dense,1.0,True,-1.6195993760626193,-1.020060287274801,59.46561649032641,95.06848186297664,84.2628807709553,0.0,sim 19s
mistralai/Mixtral-8x7B-v0.1,h200,1,32768,NaiveSparse,1.0,True,-1.6195993760626193,-1.020060287274801,59.46561649032641,95.06848186297664,84.2628807709553,0.0,copy-from-Dense (hbm_frac=1.0)
mistralai/Mixtral-8x7B-v0.1,h200,4,32768,Dense,1.0,True,-1.6195993760626193,-1.020060287274801,31.625298038720434,33.44924524486672,240.08351754865063,0.0,sim 5s
mistralai/Mixtral-8x7B-v0.1,h200,4,32768,NaiveSparse,1.0,True,-1.6195993760626193,-1.020060287274801,31.625298038720434,33.44924524486672,240.08351754865063,0.0,copy-from-Dense (hbm_frac=1.0)
mistralai/Mixtral-8x7B-v0.1,h200,8,32768,Dense,1.0,True,-1.6195993760626193,-1.020060287274801,22.6861232292546,22.6861232292546,354.63168967234037,0.0,sim 5s
mistralai/Mixtral-8x7B-v0.1,h200,8,32768,NaiveSparse,1.0,True,-1.6195993760626193,-1.020060287274801,22.6861232292546,22.6861232292546,354.63168967234037,0.0,copy-from-Dense (hbm_frac=1.0)
mistralai/Mixtral-8x7B-v0.1,h200,1,65536,Dense,1.0,True,-1.6195993760626193,-1.020060287274801,59.46561649032641,95.06848186297664,84.2628807709553,0.0,sim 22s
mistralai/Mixtral-8x7B-v0.1,h200,1,65536,NaiveSparse,1.0,True,-1.6195993760626193,-1.020060287274801,59.46561649032641,95.06848186297664,84.2628807709553,0.0,copy-from-Dense (hbm_frac=1.0)
mistralai/Mixtral-8x7B-v0.1,h200,2,65536,Dense,1.0,True,-1.6195993760626193,-1.020060287274801,40.16700766086467,55.06125948075808,145.6299582091476,0.0,sim 22s
mistralai/Mixtral-8x7B-v0.1,h200,2,65536,NaiveSparse,1.0,True,-1.6195993760626193,-1.020060287274801,40.16700766086467,55.06125948075808,145.6299582091476,0.0,copy-from-Dense (hbm_frac=1.0)
mistralai/Mixtral-8x7B-v0.1,h200,4,65536,Dense,1.0,True,-1.6195993760626193,-1.020060287274801,31.625298038720434,33.44924524486672,240.08351754865063,0.0,sim 5s
mistralai/Mixtral-8x7B-v0.1,h200,4,65536,NaiveSparse,1.0,True,-1.6195993760626193,-1.020060287274801,31.625298038720434,33.44924524486672,240.08351754865063,0.0,copy-from-Dense (hbm_frac=1.0)
mistralai/Mixtral-8x7B-v0.1,h200,8,65536,Dense,0.6694,True,-1.6195993760626193,-1.020060287274801,30.497461509769774,30.497461509769774,263.418245772965,62.49,sim 29s
mistralai/Mixtral-8x7B-v0.1,h200,8,65536,NaiveSparse,0.6694,True,-1.6195993760626193,-1.020060287274801,30.497461509769774,30.497461509769774,263.418245772965,62.49,sim 29s
mistralai/Mixtral-8x7B-v0.1,h200,1,131072,Dense,1.0,True,-1.6195993760626193,-1.020060287274801,59.46561649032641,95.06848186297664,84.2628807709553,0.0,sim 31s
mistralai/Mixtral-8x7B-v0.1,h200,1,131072,NaiveSparse,1.0,True,-1.6195993760626193,-1.020060287274801,59.46561649032641,95.06848186297664,84.2628807709553,0.0,copy-from-Dense (hbm_frac=1.0)
mistralai/Mixtral-8x7B-v0.1,h200,2,131072,Dense,1.0,True,-1.6195993760626193,-1.020060287274801,40.16700766086467,55.06125948075808,145.6299582091476,0.0,sim 30s
mistralai/Mixtral-8x7B-v0.1,h200,2,131072,NaiveSparse,1.0,True,-1.6195993760626193,-1.020060287274801,40.16700766086467,55.06125948075808,145.6299582091476,0.0,copy-from-Dense (hbm_frac=1.0)
mistralai/Mixtral-8x7B-v0.1,h200,4,131072,Dense,0.6694,True,-1.6195993760626193,-1.020060287274801,55.75322963476978,59.36280525976978,135.05460945421294,207.31,sim 51s
mistralai/Mixtral-8x7B-v0.1,h200,4,131072,NaiveSparse,0.6694,True,-1.6195993760626193,-1.020060287274801,55.75322963476978,59.36280525976978,135.05460945421294,207.31,sim 51s
mistralai/Mixtral-8x7B-v0.1,h200,8,131072,Dense,0.3347,True,-1.6195993760626193,-1.020060287274801,120.01040775976976,120.01040775976976,66.73178564300159,778.59,sim 104s
mistralai/Mixtral-8x7B-v0.1,h200,8,131072,NaiveSparse,0.3347,True,-1.6195993760626193,-1.020060287274801,120.01040775976976,120.01040775976976,66.73178564300159,778.59,sim 104s
mistralai/Mixtral-8x7B-v0.1,h200,1,262144,Dense,1.0,True,-1.6195993760626193,-1.020060287274801,59.46561649032641,95.06848186297664,84.2628807709553,0.0,sim 54s
mistralai/Mixtral-8x7B-v0.1,h200,1,262144,NaiveSparse,1.0,True,-1.6195993760626193,-1.020060287274801,59.46561649032641,95.06848186297664,84.2628807709553,0.0,copy-from-Dense (hbm_frac=1.0)
mistralai/Mixtral-8x7B-v0.1,h200,2,262144,Dense,0.6694,True,-1.6195993760626193,-1.020060287274801,84.61447838476975,117.09417525976974,68.39555367078356,496.26,sim 134s
mistralai/Mixtral-8x7B-v0.1,h200,2,262144,NaiveSparse,0.6694,True,-1.6195993760626193,-1.020060287274801,84.61447838476975,117.09417525976974,68.39555367078356,496.26,sim 96s
mistralai/Mixtral-8x7B-v0.1,h200,4,262144,Dense,0.3347,True,-1.6195993760626193,-1.020060287274801,223.59124088476983,238.39006275976985,33.57640478791797,1639.53,sim 195s
mistralai/Mixtral-8x7B-v0.1,h200,4,262144,NaiveSparse,0.3347,True,-1.6195993760626193,-1.020060287274801,223.59124088476983,238.39006275976985,33.57640478791797,1639.53,sim 194s
mistralai/Mixtral-8x7B-v0.1,a40,1,1048576,Dense,0.0873,True,-1.6195993760626193,-1.020060287274801,815.7885262859088,1305.1851375359083,6.1299974929076555,9671.47,sim 1312s
mistralai/Mixtral-8x7B-v0.1,a40,1,1048576,NaiveSparse,0.0873,True,-1.6195993760626193,-1.020060287274801,815.7885262859088,1305.1851375359083,6.1299974929076555,9671.47,sim 1284s
mistralai/Mixtral-8x7B-v0.1,h200,1,524288,Dense,0.6694,True,-1.6195993760626193,-1.020060287274801,144.4678762859094,231.07209753590948,34.64034381580446,1088.03,sim 269s
mistralai/Mixtral-8x7B-v0.1,h200,1,524288,NaiveSparse,0.6694,True,-1.6195993760626193,-1.020060287274801,144.4678762859094,231.07209753590948,34.64034381580446,1088.03,sim 253s
mistralai/Mixtral-8x7B-v0.1,h200,2,524288,Dense,0.3347,True,-1.6195993760626193,-1.020060287274801,344.09838378590945,473.66643566090954,16.894070423473693,3348.84,sim 380s
mistralai/Mixtral-8x7B-v0.1,h200,2,524288,NaiveSparse,0.3347,True,-1.6195993760626193,-1.020060287274801,344.09838378590945,473.66643566090954,16.894070423473693,3348.84,sim 376s
deepseek-ai/deepseek-llm-67b-chat,a100,1,4096,Dense,1.0,True,-1.6195993760626193,-1.020060287274801,548.9404354083828,878.2281921318665,9.110572557725613,0.0,sim 5s
deepseek-ai/deepseek-llm-67b-chat,a100,1,4096,NaiveSparse,1.0,True,-1.6195993760626193,-1.020060287274801,548.9404354083828,878.2281921318665,9.110572557725613,0.0,copy-from-Dense (hbm_frac=1.0)
deepseek-ai/deepseek-llm-67b-chat,a100,2,4096,Dense,1.0,True,-1.6195993760626193,-1.020060287274801,333.28244113439393,458.1104549057008,17.467899287395344,0.0,sim 3s
deepseek-ai/deepseek-llm-67b-chat,a100,2,4096,NaiveSparse,1.0,True,-1.6195993760626193,-1.020060287274801,333.28244113439393,458.1104549057008,17.467899287395344,0.0,copy-from-Dense (hbm_frac=1.0)
deepseek-ai/deepseek-llm-67b-chat,a100,4,4096,Dense,1.0,True,-1.6195993760626193,-1.020060287274801,227.13549618489898,241.22624338171084,33.18142657171179,0.0,sim 3s
deepseek-ai/deepseek-llm-67b-chat,a100,4,4096,NaiveSparse,1.0,True,-1.6195993760626193,-1.020060287274801,227.13549618489898,241.22624338171084,33.18142657171179,0.0,copy-from-Dense (hbm_frac=1.0)
deepseek-ai/deepseek-llm-67b-chat,a100,8,4096,Dense,0.8627,True,-1.6195993760626193,-1.020060287274801,131.81051230721604,131.81051230721604,60.751955150883475,0.0,sim 4s
deepseek-ai/deepseek-llm-67b-chat,a100,8,4096,NaiveSparse,0.8627,True,-1.6195993760626193,-1.020060287274801,131.81051230721604,131.81051230721604,60.751955150883475,0.0,sim 4s
deepseek-ai/deepseek-llm-67b-chat,a100,1,8192,Dense,1.0,True,-1.6195993760626193,-1.020060287274801,548.9404354083828,878.2281921318665,9.110572557725613,0.0,sim 7s
deepseek-ai/deepseek-llm-67b-chat,a100,1,8192,NaiveSparse,1.0,True,-1.6195993760626193,-1.020060287274801,548.9404354083828,878.2281921318665,9.110572557725613,0.0,copy-from-Dense (hbm_frac=1.0)
deepseek-ai/deepseek-llm-67b-chat,a100,2,8192,Dense,1.0,True,-1.6195993760626193,-1.020060287274801,333.28244113439393,458.1104549057008,17.467899287395344,0.0,sim 6s
deepseek-ai/deepseek-llm-67b-chat,a100,2,8192,NaiveSparse,1.0,True,-1.6195993760626193,-1.020060287274801,333.28244113439393,458.1104549057008,17.467899287395344,0.0,copy-from-Dense (hbm_frac=1.0)
deepseek-ai/deepseek-llm-67b-chat,a100,4,8192,Dense,0.8627,True,-1.6195993760626193,-1.020060287274801,227.13549618489898,241.22624338171084,33.18142657171179,0.0,sim 4s
deepseek-ai/deepseek-llm-67b-chat,a100,4,8192,NaiveSparse,0.8627,True,-1.6195993760626193,-1.020060287274801,227.13549618489898,241.22624338171084,33.18142657171179,0.0,sim 4s
deepseek-ai/deepseek-llm-67b-chat,a100,8,8192,Dense,0.4313,True,-1.6195993760626193,-1.020060287274801,131.81051230721604,131.81051230721604,60.751955150883475,0.0,sim 9s
deepseek-ai/deepseek-llm-67b-chat,a100,8,8192,NaiveSparse,0.4313,True,-1.6195993760626193,-1.020060287274801,131.81051230721604,131.81051230721604,60.751955150883475,0.0,sim 9s
deepseek-ai/deepseek-llm-67b-chat,a100,1,16384,Dense,1.0,True,-1.6195993760626193,-1.020060287274801,548.9404354083828,878.2281921318665,9.110572557725613,0.0,sim 9s
deepseek-ai/deepseek-llm-67b-chat,a100,1,16384,NaiveSparse,1.0,True,-1.6195993760626193,-1.020060287274801,548.9404354083828,878.2281921318665,9.110572557725613,0.0,copy-from-Dense (hbm_frac=1.0)
deepseek-ai/deepseek-llm-67b-chat,a100,2,16384,Dense,0.8627,True,-1.6195993760626193,-1.020060287274801,333.28244113439393,458.1104549057008,17.467899287395344,0.0,sim 9s
deepseek-ai/deepseek-llm-67b-chat,a100,2,16384,NaiveSparse,0.8627,True,-1.6195993760626193,-1.020060287274801,333.28244113439393,458.1104549057008,17.467899287395344,0.0,sim 5s
deepseek-ai/deepseek-llm-67b-chat,a100,4,16384,Dense,0.4313,True,-1.6195993760626193,-1.020060287274801,227.13549618489898,241.22624338171084,33.18142657171179,0.0,sim 13s
deepseek-ai/deepseek-llm-67b-chat,a100,4,16384,NaiveSparse,0.4313,True,-1.6195993760626193,-1.020060287274801,227.13549618489898,241.22624338171084,33.18142657171179,0.0,sim 13s
deepseek-ai/deepseek-llm-67b-chat,a100,8,16384,Dense,0.2157,True,-1.6195993760626193,-1.020060287274801,131.81051230721604,131.81051230721604,60.751955150883475,0.0,sim 18s
deepseek-ai/deepseek-llm-67b-chat,a100,8,16384,NaiveSparse,0.2157,True,-1.6195993760626193,-1.020060287274801,131.81051230721604,131.81051230721604,60.751955150883475,0.0,sim 18s
deepseek-ai/deepseek-llm-67b-chat,a100,1,32768,Dense,0.8627,True,-1.6195993760626193,-1.020060287274801,548.9404354083828,878.2281921318665,9.110572557725613,0.0,sim 17s
deepseek-ai/deepseek-llm-67b-chat,a100,1,32768,NaiveSparse,0.8627,True,-1.6195993760626193,-1.020060287274801,548.9404354083828,878.2281921318665,9.110572557725613,0.0,sim 18s
deepseek-ai/deepseek-llm-67b-chat,a100,2,32768,Dense,0.4313,True,-1.6195993760626193,-1.020060287274801,333.28244113439393,458.1104549057008,17.467899287395344,0.0,sim 23s
deepseek-ai/deepseek-llm-67b-chat,a100,2,32768,NaiveSparse,0.4313,True,-1.6195993760626193,-1.020060287274801,333.28244113439393,458.1104549057008,17.467899287395344,0.0,sim 23s
deepseek-ai/deepseek-llm-67b-chat,a100,4,32768,Dense,0.2157,True,-1.6195993760626193,-1.020060287274801,227.13549618489898,241.22624338171084,33.18142657171179,0.0,sim 31s
deepseek-ai/deepseek-llm-67b-chat,a100,4,32768,NaiveSparse,0.2157,True,-1.6195993760626193,-1.020060287274801,227.13549618489898,241.22624338171084,33.18142657171179,0.0,sim 31s
deepseek-ai/deepseek-llm-67b-chat,a100,8,32768,Dense,0.1078,True,-1.6195993760626193,-1.020060287274801,132.19162767953304,132.19162767953304,60.57663498079387,3.05,sim 36s
deepseek-ai/deepseek-llm-67b-chat,a100,8,32768,NaiveSparse,0.1078,True,-1.6195993760626193,-1.020060287274801,132.19162767953304,132.19162767953304,60.57663498079387,3.05,sim 36s
deepseek-ai/deepseek-llm-67b-chat,a100,1,65536,Dense,0.4313,True,-1.6195993760626193,-1.020060287274801,548.9404354083828,878.2281921318665,9.110572557725613,0.0,sim 56s
deepseek-ai/deepseek-llm-67b-chat,a100,1,65536,NaiveSparse,0.4313,True,-1.6195993760626193,-1.020060287274801,548.9404354083828,878.2281921318665,9.110572557725613,0.0,sim 53s
deepseek-ai/deepseek-llm-67b-chat,a100,2,65536,Dense,0.2157,True,-1.6195993760626193,-1.020060287274801,333.28244113439393,458.1104549057008,17.467899287395344,0.0,sim 57s
deepseek-ai/deepseek-llm-67b-chat,a100,2,65536,NaiveSparse,0.2157,True,-1.6195993760626193,-1.020060287274801,333.28244113439393,458.1104549057008,17.467899287395344,0.0,sim 57s
deepseek-ai/deepseek-llm-67b-chat,a100,4,65536,Dense,0.1078,True,-1.6195993760626193,-1.020060287274801,235.73502360772122,249.82577080453308,32.03866897301425,68.8,sim 66s
deepseek-ai/deepseek-llm-67b-chat,a100,4,65536,NaiveSparse,0.1078,True,-1.6195993760626193,-1.020060287274801,235.73502360772122,249.82577080453308,32.03866897301425,68.8,sim 66s
mistralai/Mixtral-8x7B-v0.1,h200,1,1048576,NaiveSparse,0.3347,True,-1.6195993760626193,-1.020060287274801,592.0377262859095,947.1838575359103,8.447227031422146,6816.92,sim 870s
mistralai/Mixtral-8x7B-v0.1,h200,1,1048576,Dense,0.3347,True,-1.6195993760626193,-1.020060287274801,592.0377262859095,947.1838575359103,8.447227031422146,6816.92,sim 907s
deepseek-ai/deepseek-llm-67b-chat,a100,8,65536,Dense,0.0539,True,-1.6195993760626193,-1.020060287274801,262.71020873272124,262.71020873272124,30.466591910042897,1047.2,sim 72s
deepseek-ai/deepseek-llm-67b-chat,a100,8,65536,NaiveSparse,0.0539,True,-1.6195993760626193,-1.020060287274801,262.71020873272124,262.71020873272124,30.466591910042897,1047.2,sim 72s
deepseek-ai/deepseek-llm-67b-chat,a100,1,131072,NaiveSparse,0.2157,True,-1.6195993760626193,-1.020060287274801,548.9404354083828,878.2281921318665,9.110572557725613,0.0,sim 133s
deepseek-ai/deepseek-llm-67b-chat,a100,1,131072,Dense,0.2157,True,-1.6195993760626193,-1.020060287274801,548.9404354083828,878.2281921318665,9.110572557725613,0.0,sim 137s
deepseek-ai/deepseek-llm-67b-chat,a100,2,131072,Dense,0.1078,True,-1.6195993760626193,-1.020060287274801,354.0340596077211,486.0797633045327,16.46252261417435,223.75,sim 141s
deepseek-ai/deepseek-llm-67b-chat,a100,2,131072,NaiveSparse,0.1078,True,-1.6195993760626193,-1.020060287274801,354.0340596077211,486.0797633045327,16.46252261417435,223.75,sim 127s
deepseek-ai/deepseek-llm-67b-chat,a100,4,131072,Dense,0.0539,True,-1.6195993760626193,-1.020060287274801,484.79693985772104,509.70415373272107,15.699306590495107,2147.82,sim 135s
deepseek-ai/deepseek-llm-67b-chat,a100,4,131072,NaiveSparse,0.0539,True,-1.6195993760626193,-1.020060287274801,484.79693985772104,509.70415373272107,15.699306590495107,2147.82,sim 135s
deepseek-ai/deepseek-llm-67b-chat,a100,1,262144,Dense,0.1078,True,-1.6195993760626193,-1.020060287274801,591.7189462859094,946.6738095359086,8.451778833319034,547.56,sim 281s
deepseek-ai/deepseek-llm-67b-chat,a100,1,262144,NaiveSparse,0.1078,True,-1.6195993760626193,-1.020060287274801,591.7189462859094,946.6738095359086,8.451778833319034,547.56,sim 280s
deepseek-ai/deepseek-llm-67b-chat,a100,2,262144,Dense,0.0539,True,-1.6195993760626193,-1.020060287274801,737.0006137859098,1004.7636596609102,7.9630819407388875,4373.23,sim 261s
deepseek-ai/deepseek-llm-67b-chat,a100,2,262144,NaiveSparse,0.0539,True,-1.6195993760626193,-1.020060287274801,737.0006137859098,1004.7636596609102,7.9630819407388875,4373.23,sim 261s
deepseek-ai/deepseek-llm-67b-chat,h100,1,4096,Dense,1.0,True,-1.6195993760626193,-1.020060287274801,297.3663613993378,475.70967371739494,16.82148862778665,0.0,sim 6s
deepseek-ai/deepseek-llm-67b-chat,h100,1,4096,NaiveSparse,1.0,True,-1.6195993760626193,-1.020060287274801,297.3663613993378,475.70967371739494,16.82148862778665,0.0,copy-from-Dense (hbm_frac=1.0)
deepseek-ai/deepseek-llm-67b-chat,h100,2,4096,Dense,1.0,True,-1.6195993760626193,-1.020060287274801,180.10316052063314,247.54967330657124,32.3334005871377,0.0,sim 4s
deepseek-ai/deepseek-llm-67b-chat,h100,2,4096,NaiveSparse,1.0,True,-1.6195993760626193,-1.020060287274801,180.10316052063314,247.54967330657124,32.3334005871377,0.0,copy-from-Dense (hbm_frac=1.0)
deepseek-ai/deepseek-llm-67b-chat,h100,4,4096,Dense,1.0,True,-1.6195993760626193,-1.020060287274801,122.8184653312807,130.42344501119973,61.39869097236541,0.0,sim 4s
deepseek-ai/deepseek-llm-67b-chat,h100,4,4096,NaiveSparse,1.0,True,-1.6195993760626193,-1.020060287274801,122.8184653312807,130.42344501119973,61.39869097236541,0.0,copy-from-Dense (hbm_frac=1.0)
deepseek-ai/deepseek-llm-67b-chat,h100,8,4096,Dense,0.8627,True,-1.6195993760626193,-1.020060287274801,71.42482790518073,71.42482790518073,112.20618052074704,0.0,sim 4s
deepseek-ai/deepseek-llm-67b-chat,h100,8,4096,NaiveSparse,0.8627,True,-1.6195993760626193,-1.020060287274801,71.42482790518073,71.42482790518073,112.20618052074704,0.0,sim 4s
deepseek-ai/deepseek-llm-67b-chat,h100,1,8192,Dense,1.0,True,-1.6195993760626193,-1.020060287274801,297.3663613993378,475.70967371739494,16.82148862778665,0.0,sim 8s
deepseek-ai/deepseek-llm-67b-chat,h100,1,8192,NaiveSparse,1.0,True,-1.6195993760626193,-1.020060287274801,297.3663613993378,475.70967371739494,16.82148862778665,0.0,copy-from-Dense (hbm_frac=1.0)
deepseek-ai/deepseek-llm-67b-chat,h100,2,8192,Dense,1.0,True,-1.6195993760626193,-1.020060287274801,180.10316052063314,247.54967330657124,32.3334005871377,0.0,sim 4s
deepseek-ai/deepseek-llm-67b-chat,h100,2,8192,NaiveSparse,1.0,True,-1.6195993760626193,-1.020060287274801,180.10316052063314,247.54967330657124,32.3334005871377,0.0,copy-from-Dense (hbm_frac=1.0)
deepseek-ai/deepseek-llm-67b-chat,h100,4,8192,Dense,0.8627,True,-1.6195993760626193,-1.020060287274801,122.8184653312807,130.42344501119973,61.39869097236541,0.0,sim 4s
deepseek-ai/deepseek-llm-67b-chat,h100,4,8192,NaiveSparse,0.8627,True,-1.6195993760626193,-1.020060287274801,122.8184653312807,130.42344501119973,61.39869097236541,0.0,sim 5s
deepseek-ai/deepseek-llm-67b-chat,h100,8,8192,Dense,0.4313,True,-1.6195993760626193,-1.020060287274801,71.42482790518073,71.42482790518073,112.20618052074704,0.0,sim 9s
deepseek-ai/deepseek-llm-67b-chat,h100,8,8192,NaiveSparse,0.4313,True,-1.6195993760626193,-1.020060287274801,71.42482790518073,71.42482790518073,112.20618052074704,0.0,sim 9s
deepseek-ai/deepseek-llm-67b-chat,h100,1,16384,Dense,1.0,True,-1.6195993760626193,-1.020060287274801,297.3663613993378,475.70967371739494,16.82148862778665,0.0,sim 11s
deepseek-ai/deepseek-llm-67b-chat,h100,1,16384,NaiveSparse,1.0,True,-1.6195993760626193,-1.020060287274801,297.3663613993378,475.70967371739494,16.82148862778665,0.0,copy-from-Dense (hbm_frac=1.0)
deepseek-ai/deepseek-llm-67b-chat,h100,2,16384,Dense,0.8627,True,-1.6195993760626193,-1.020060287274801,180.10316052063314,247.54967330657124,32.3334005871377,0.0,sim 10s
deepseek-ai/deepseek-llm-67b-chat,h100,2,16384,NaiveSparse,0.8627,True,-1.6195993760626193,-1.020060287274801,180.10316052063314,247.54967330657124,32.3334005871377,0.0,sim 5s
deepseek-ai/deepseek-llm-67b-chat,h100,4,16384,Dense,0.4313,True,-1.6195993760626193,-1.020060287274801,122.8184653312807,130.42344501119973,61.39869097236541,0.0,sim 14s
deepseek-ai/deepseek-llm-67b-chat,h100,4,16384,NaiveSparse,0.4313,True,-1.6195993760626193,-1.020060287274801,122.8184653312807,130.42344501119973,61.39869097236541,0.0,sim 14s
deepseek-ai/deepseek-llm-67b-chat,h100,8,16384,Dense,0.2157,True,-1.6195993760626193,-1.020060287274801,71.42482790518073,71.42482790518073,112.20618052074704,0.0,sim 18s
deepseek-ai/deepseek-llm-67b-chat,h100,8,16384,NaiveSparse,0.2157,True,-1.6195993760626193,-1.020060287274801,71.42482790518073,71.42482790518073,112.20618052074704,0.0,sim 18s
deepseek-ai/deepseek-llm-67b-chat,h100,1,32768,Dense,0.8627,True,-1.6195993760626193,-1.020060287274801,297.3663613993378,475.70967371739494,16.82148862778665,0.0,sim 20s
deepseek-ai/deepseek-llm-67b-chat,h100,1,32768,NaiveSparse,0.8627,True,-1.6195993760626193,-1.020060287274801,297.3663613993378,475.70967371739494,16.82148862778665,0.0,sim 20s
deepseek-ai/deepseek-llm-67b-chat,h100,2,32768,Dense,0.4313,True,-1.6195993760626193,-1.020060287274801,180.10316052063314,247.54967330657124,32.3334005871377,0.0,sim 23s
deepseek-ai/deepseek-llm-67b-chat,h100,2,32768,NaiveSparse,0.4313,True,-1.6195993760626193,-1.020060287274801,180.10316052063314,247.54967330657124,32.3334005871377,0.0,sim 23s
deepseek-ai/deepseek-llm-67b-chat,h100,4,32768,Dense,0.2157,True,-1.6195993760626193,-1.020060287274801,122.8184653312807,130.42344501119973,61.39869097236541,0.0,sim 31s
deepseek-ai/deepseek-llm-67b-chat,h100,4,32768,NaiveSparse,0.2157,True,-1.6195993760626193,-1.020060287274801,122.8184653312807,130.42344501119973,61.39869097236541,0.0,sim 31s
deepseek-ai/deepseek-llm-67b-chat,h100,8,32768,Dense,0.1078,True,-1.6195993760626193,-1.020060287274801,125.66601063249507,125.66601063249507,63.725469100464174,433.93,sim 36s
deepseek-ai/deepseek-llm-67b-chat,h100,8,32768,NaiveSparse,0.1078,True,-1.6195993760626193,-1.020060287274801,125.66601063249507,125.66601063249507,63.725469100464174,433.93,sim 37s
deepseek-ai/deepseek-llm-67b-chat,h100,1,65536,NaiveSparse,0.4313,True,-1.6195993760626193,-1.020060287274801,297.3663613993378,475.70967371739494,16.82148862778665,0.0,sim 53s
deepseek-ai/deepseek-llm-67b-chat,h100,1,65536,Dense,0.4313,True,-1.6195993760626193,-1.020060287274801,297.3663613993378,475.70967371739494,16.82148862778665,0.0,sim 60s
deepseek-ai/deepseek-llm-67b-chat,h100,2,65536,Dense,0.2157,True,-1.6195993760626193,-1.020060287274801,180.10316052063314,247.54967330657124,32.3334005871377,0.0,sim 57s
deepseek-ai/deepseek-llm-67b-chat,h100,2,65536,NaiveSparse,0.2157,True,-1.6195993760626193,-1.020060287274801,180.10316052063314,247.54967330657124,32.3334005871377,0.0,sim 58s
deepseek-ai/deepseek-llm-67b-chat,a100,1,524288,NaiveSparse,0.0539,True,-1.6195993760626193,-1.020060287274801,1255.8840562859095,2009.3379855359083,3.9816634880200956,9048.88,sim 576s
deepseek-ai/deepseek-llm-67b-chat,a100,1,524288,Dense,0.0539,True,-1.6195993760626193,-1.020060287274801,1255.8840562859095,2009.3379855359083,3.9816634880200956,9048.88,sim 588s
deepseek-ai/deepseek-llm-67b-chat,h100,4,65536,Dense,0.1078,True,-1.6195993760626193,-1.020060287274801,229.4456717574951,241.90206963249508,33.0886753785293,891.83,sim 66s
deepseek-ai/deepseek-llm-67b-chat,h100,4,65536,NaiveSparse,0.1078,True,-1.6195993760626193,-1.020060287274801,229.4456717574951,241.90206963249508,33.0886753785293,891.83,sim 67s
deepseek-ai/deepseek-llm-67b-chat,h100,8,65536,Dense,0.0539,True,-1.6195993760626193,-1.020060287274801,256.4208568824951,256.4208568824951,31.21423174029222,1479.97,sim 73s
deepseek-ai/deepseek-llm-67b-chat,h100,8,65536,NaiveSparse,0.0539,True,-1.6195993760626193,-1.020060287274801,256.4208568824951,256.4208568824951,31.21423174029222,1479.97,sim 73s
deepseek-ai/deepseek-llm-67b-chat,h100,1,131072,NaiveSparse,0.2157,True,-1.6195993760626193,-1.020060287274801,297.3663613993378,475.70967371739494,16.82148862778665,0.0,sim 124s
deepseek-ai/deepseek-llm-67b-chat,h100,1,131072,Dense,0.2157,True,-1.6195993760626193,-1.020060287274801,297.3663613993378,475.70967371739494,16.82148862778665,0.0,sim 137s
deepseek-ai/deepseek-llm-67b-chat,h100,2,131072,Dense,0.1078,True,-1.6195993760626193,-1.020060287274801,347.744707757495,474.37418763249485,16.868858203436897,1814.6,sim 137s
deepseek-ai/deepseek-llm-67b-chat,h100,2,131072,NaiveSparse,0.1078,True,-1.6195993760626193,-1.020060287274801,347.744707757495,474.37418763249485,16.868858203436897,1814.6,sim 126s
deepseek-ai/deepseek-llm-67b-chat,h100,4,131072,Dense,0.0539,True,-1.6195993760626193,-1.020060287274801,478.5075880074949,503.4148018824949,15.895493667064146,2983.93,sim 135s
deepseek-ai/deepseek-llm-67b-chat,h100,4,131072,NaiveSparse,0.0539,True,-1.6195993760626193,-1.020060287274801,478.5075880074949,503.4148018824949,15.895493667064146,2983.93,sim 136s
deepseek-ai/deepseek-llm-67b-chat,h100,1,262144,NaiveSparse,0.1078,True,-1.6195993760626193,-1.020060287274801,591.7189462859094,946.6738095359086,8.451778833319034,3767.71,sim 270s
deepseek-ai/deepseek-llm-67b-chat,h100,1,262144,Dense,0.1078,True,-1.6195993760626193,-1.020060287274801,591.7189462859094,946.6738095359086,8.451778833319034,3767.71,sim 284s
deepseek-ai/deepseek-llm-67b-chat,h100,2,262144,Dense,0.0539,True,-1.6195993760626193,-1.020060287274801,737.0006137859098,1004.7636596609102,7.9630819407388875,6057.71,sim 261s
deepseek-ai/deepseek-llm-67b-chat,h100,2,262144,NaiveSparse,0.0539,True,-1.6195993760626193,-1.020060287274801,737.0006137859098,1004.7636596609102,7.9630819407388875,6057.71,sim 262s
deepseek-ai/deepseek-llm-67b-chat,a40,1,4096,Dense,0.0,True,-1.6195993760626193,-1.020060287274801,1515.280858881509,2424.372869688869,3.2999960007741302,0.0,sim 10s
deepseek-ai/deepseek-llm-67b-chat,a40,1,4096,NaiveSparse,0.0,True,-1.6195993760626193,-1.020060287274801,1515.280858881509,2424.372869688869,3.2999960007741302,0.0,sim 8s
deepseek-ai/deepseek-llm-67b-chat,a40,2,4096,Dense,0.0,True,-1.6195993760626193,-1.020060287274801,917.807879343269,1261.7046393960295,6.34126903378827,0.0,sim 8s
deepseek-ai/deepseek-llm-67b-chat,a40,2,4096,NaiveSparse,0.0,True,-1.6195993760626193,-1.020060287274801,917.807879343269,1261.7046393960295,6.34126903378827,0.0,sim 8s
deepseek-ai/deepseek-llm-67b-chat,a40,4,4096,Dense,0.0,True,-1.6195993760626193,-1.020060287274801,623.5932280741492,662.1947078577892,12.083365549766862,0.0,sim 8s
deepseek-ai/deepseek-llm-67b-chat,a40,4,4096,NaiveSparse,0.0,True,-1.6195993760626193,-1.020060287274801,623.5932280741492,662.1947078577892,12.083365549766862,0.0,sim 8s
deepseek-ai/deepseek-llm-67b-chat,a40,8,4096,Dense,0.0,True,-1.6195993760626193,-1.020060287274801,362.003579672003,362.003579672003,22.107015677431622,0.0,sim 8s
deepseek-ai/deepseek-llm-67b-chat,a40,8,4096,NaiveSparse,0.0,True,-1.6195993760626193,-1.020060287274801,362.003579672003,362.003579672003,22.107015677431622,0.0,sim 8s
deepseek-ai/deepseek-llm-67b-chat,a40,1,8192,Dense,0.0,True,-1.6195993760626193,-1.020060287274801,1515.280858881509,2424.372869688869,3.2999960007741302,0.0,sim 17s
deepseek-ai/deepseek-llm-67b-chat,a40,1,8192,NaiveSparse,0.0,True,-1.6195993760626193,-1.020060287274801,1515.280858881509,2424.372869688869,3.2999960007741302,0.0,sim 13s
deepseek-ai/deepseek-llm-67b-chat,a40,2,8192,Dense,0.0,True,-1.6195993760626193,-1.020060287274801,917.807879343269,1261.7046393960295,6.34126903378827,0.0,sim 12s
deepseek-ai/deepseek-llm-67b-chat,a40,2,8192,NaiveSparse,0.0,True,-1.6195993760626193,-1.020060287274801,917.807879343269,1261.7046393960295,6.34126903378827,0.0,sim 12s
deepseek-ai/deepseek-llm-67b-chat,a40,4,8192,Dense,0.0,True,-1.6195993760626193,-1.020060287274801,623.5932280741492,662.1947078577892,12.083365549766862,0.0,sim 13s
deepseek-ai/deepseek-llm-67b-chat,a40,4,8192,NaiveSparse,0.0,True,-1.6195993760626193,-1.020060287274801,623.5932280741492,662.1947078577892,12.083365549766862,0.0,sim 13s
deepseek-ai/deepseek-llm-67b-chat,a40,8,8192,Dense,0.0,True,-1.6195993760626193,-1.020060287274801,362.003579672003,362.003579672003,22.107015677431622,0.0,sim 13s
deepseek-ai/deepseek-llm-67b-chat,a40,8,8192,NaiveSparse,0.0,True,-1.6195993760626193,-1.020060287274801,362.003579672003,362.003579672003,22.107015677431622,0.0,sim 13s
deepseek-ai/deepseek-llm-67b-chat,a40,1,16384,Dense,0.0,True,-1.6195993760626193,-1.020060287274801,1515.280858881509,2424.372869688869,3.2999960007741302,0.0,sim 28s
deepseek-ai/deepseek-llm-67b-chat,a40,1,16384,NaiveSparse,0.0,True,-1.6195993760626193,-1.020060287274801,1515.280858881509,2424.372869688869,3.2999960007741302,0.0,sim 26s
deepseek-ai/deepseek-llm-67b-chat,a40,2,16384,Dense,0.0,True,-1.6195993760626193,-1.020060287274801,917.807879343269,1261.7046393960295,6.34126903378827,0.0,sim 21s
deepseek-ai/deepseek-llm-67b-chat,a40,2,16384,NaiveSparse,0.0,True,-1.6195993760626193,-1.020060287274801,917.807879343269,1261.7046393960295,6.34126903378827,0.0,sim 21s
deepseek-ai/deepseek-llm-67b-chat,a40,4,16384,Dense,0.0,True,-1.6195993760626193,-1.020060287274801,623.5932280741492,662.1947078577892,12.083365549766862,0.0,sim 21s
deepseek-ai/deepseek-llm-67b-chat,a40,4,16384,NaiveSparse,0.0,True,-1.6195993760626193,-1.020060287274801,623.5932280741492,662.1947078577892,12.083365549766862,0.0,sim 21s
deepseek-ai/deepseek-llm-67b-chat,a40,8,16384,Dense,0.0,True,-1.6195993760626193,-1.020060287274801,362.003579672003,362.003579672003,22.107015677431622,0.0,sim 22s
deepseek-ai/deepseek-llm-67b-chat,a40,8,16384,NaiveSparse,0.0,True,-1.6195993760626193,-1.020060287274801,362.003579672003,362.003579672003,22.107015677431622,0.0,sim 22s
deepseek-ai/deepseek-llm-67b-chat,a40,1,32768,Dense,0.0,True,-1.6195993760626193,-1.020060287274801,1515.280858881509,2424.372869688869,3.2999960007741302,0.0,sim 50s
deepseek-ai/deepseek-llm-67b-chat,a40,1,32768,NaiveSparse,0.0,True,-1.6195993760626193,-1.020060287274801,1515.280858881509,2424.372869688869,3.2999960007741302,0.0,sim 50s
deepseek-ai/deepseek-llm-67b-chat,a40,2,32768,Dense,0.0,True,-1.6195993760626193,-1.020060287274801,917.807879343269,1261.7046393960295,6.34126903378827,0.0,sim 38s
deepseek-ai/deepseek-llm-67b-chat,a40,2,32768,NaiveSparse,0.0,True,-1.6195993760626193,-1.020060287274801,917.807879343269,1261.7046393960295,6.34126903378827,0.0,sim 38s
deepseek-ai/deepseek-llm-67b-chat,h100,1,524288,Dense,0.0539,True,-1.6195993760626193,-1.020060287274801,1255.8840562859095,2009.3379855359083,3.9816634880200956,12269.03,sim 587s
deepseek-ai/deepseek-llm-67b-chat,h100,1,524288,NaiveSparse,0.0539,True,-1.6195993760626193,-1.020060287274801,1255.8840562859095,2009.3379855359083,3.9816634880200956,12269.03,sim 572s
deepseek-ai/deepseek-llm-67b-chat,a40,4,32768,Dense,0.0,True,-1.6195993760626193,-1.020060287274801,623.5932280741492,662.1947078577892,12.083365549766862,0.0,sim 39s
deepseek-ai/deepseek-llm-67b-chat,a40,4,32768,NaiveSparse,0.0,True,-1.6195993760626193,-1.020060287274801,623.5932280741492,662.1947078577892,12.083365549766862,0.0,sim 39s
deepseek-ai/deepseek-llm-67b-chat,a40,8,32768,Dense,0.0,True,-1.6195993760626193,-1.020060287274801,362.003579672003,362.003579672003,22.107015677431622,0.0,sim 41s
deepseek-ai/deepseek-llm-67b-chat,a40,8,32768,NaiveSparse,0.0,True,-1.6195993760626193,-1.020060287274801,362.003579672003,362.003579672003,22.107015677431622,0.0,sim 41s
deepseek-ai/deepseek-llm-67b-chat,a40,1,65536,NaiveSparse,0.0,True,-1.6195993760626193,-1.020060287274801,1515.280858881509,2424.372869688869,3.2999960007741302,0.0,sim 86s
deepseek-ai/deepseek-llm-67b-chat,a40,2,65536,Dense,0.0,True,-1.6195993760626193,-1.020060287274801,917.807879343269,1261.7046393960295,6.34126903378827,0.0,sim 82s
deepseek-ai/deepseek-llm-67b-chat,a40,1,65536,Dense,0.0,True,-1.6195993760626193,-1.020060287274801,1515.280858881509,2424.372869688869,3.2999960007741302,0.0,sim 93s
deepseek-ai/deepseek-llm-67b-chat,a40,2,65536,NaiveSparse,0.0,True,-1.6195993760626193,-1.020060287274801,917.807879343269,1261.7046393960295,6.34126903378827,0.0,sim 73s
deepseek-ai/deepseek-llm-67b-chat,a40,4,65536,Dense,0.0,True,-1.6195993760626193,-1.020060287274801,623.5932280741492,662.1947078577892,12.083365549766862,0.0,sim 74s
deepseek-ai/deepseek-llm-67b-chat,a40,4,65536,NaiveSparse,0.0,True,-1.6195993760626193,-1.020060287274801,623.5932280741492,662.1947078577892,12.083365549766862,0.0,sim 74s
deepseek-ai/deepseek-llm-67b-chat,a40,8,65536,Dense,0.0,True,-1.6195993760626193,-1.020060287274801,362.003579672003,362.003579672003,22.107015677431622,0.0,sim 77s
deepseek-ai/deepseek-llm-67b-chat,a40,8,65536,NaiveSparse,0.0,True,-1.6195993760626193,-1.020060287274801,362.003579672003,362.003579672003,22.107015677431622,0.0,sim 77s
deepseek-ai/deepseek-llm-67b-chat,a40,1,131072,NaiveSparse,0.0,True,-1.6195993760626193,-1.020060287274801,1515.280858881509,2424.372869688869,3.2999960007741302,0.0,sim 151s
deepseek-ai/deepseek-llm-67b-chat,a40,1,131072,Dense,0.0,True,-1.6195993760626193,-1.020060287274801,1515.280858881509,2424.372869688869,3.2999960007741302,0.0,sim 163s
deepseek-ai/deepseek-llm-67b-chat,a40,2,131072,Dense,0.0,True,-1.6195993760626193,-1.020060287274801,917.807879343269,1261.7046393960295,6.34126903378827,0.0,sim 142s
deepseek-ai/deepseek-llm-67b-chat,a40,2,131072,NaiveSparse,0.0,True,-1.6195993760626193,-1.020060287274801,917.807879343269,1261.7046393960295,6.34126903378827,0.0,sim 142s
deepseek-ai/deepseek-llm-67b-chat,a40,4,131072,Dense,0.0,True,-1.6195993760626193,-1.020060287274801,623.5932280741492,662.1947078577892,12.083365549766862,0.0,sim 143s
deepseek-ai/deepseek-llm-67b-chat,a40,4,131072,NaiveSparse,0.0,True,-1.6195993760626193,-1.020060287274801,623.5932280741492,662.1947078577892,12.083365549766862,0.0,sim 143s
deepseek-ai/deepseek-llm-67b-chat,a40,1,262144,NaiveSparse,0.0,True,-1.6195993760626193,-1.020060287274801,1515.280858881509,2424.372869688869,3.2999960007741302,0.0,sim 297s
deepseek-ai/deepseek-llm-67b-chat,a40,1,262144,Dense,0.0,True,-1.6195993760626193,-1.020060287274801,1515.280858881509,2424.372869688869,3.2999960007741302,0.0,sim 312s
deepseek-ai/deepseek-llm-67b-chat,a40,2,262144,Dense,0.0,True,-1.6195993760626193,-1.020060287274801,917.807879343269,1261.7046393960295,6.34126903378827,0.0,sim 276s
deepseek-ai/deepseek-llm-67b-chat,a40,2,262144,NaiveSparse,0.0,True,-1.6195993760626193,-1.020060287274801,917.807879343269,1261.7046393960295,6.34126903378827,0.0,sim 276s
deepseek-ai/deepseek-llm-67b-chat,h200,1,4096,Dense,1.0,True,-1.6195993760626193,-1.020060287274801,297.66780045257616,476.1919762025764,16.804446722112914,0.0,sim 162s
deepseek-ai/deepseek-llm-67b-chat,h200,1,4096,NaiveSparse,1.0,True,-1.6195993760626193,-1.020060287274801,297.66780045257616,476.1919762025764,16.804446722112914,0.0,copy-from-Dense (hbm_frac=1.0)
deepseek-ai/deepseek-llm-67b-chat,h200,2,4096,Dense,1.0,True,-1.6195993760626193,-1.020060287274801,180.28472378590925,247.79942769215916,32.300795322105984,0.0,sim 113s
deepseek-ai/deepseek-llm-67b-chat,h200,2,4096,NaiveSparse,1.0,True,-1.6195993760626193,-1.020060287274801,180.28472378590925,247.79942769215916,32.300795322105984,0.0,copy-from-Dense (hbm_frac=1.0)
deepseek-ai/deepseek-llm-67b-chat,h200,4,4096,Dense,0.7843,True,-1.6195993760626193,-1.020060287274801,122.93068095257601,130.54295752549265,61.34242530803662,0.0,sim 4s
deepseek-ai/deepseek-llm-67b-chat,h200,4,4096,NaiveSparse,0.7843,True,-1.6195993760626193,-1.020060287274801,122.93068095257601,130.54295752549265,61.34242530803662,0.0,sim 4s
deepseek-ai/deepseek-llm-67b-chat,h200,8,4096,Dense,0.3921,True,-1.6195993760626193,-1.020060287274801,71.48687094215933,71.48687094215933,112.10862342557448,0.0,sim 6s
deepseek-ai/deepseek-llm-67b-chat,h200,8,4096,NaiveSparse,0.3921,True,-1.6195993760626193,-1.020060287274801,71.48687094215933,71.48687094215933,112.10862342557448,0.0,sim 6s
deepseek-ai/deepseek-llm-67b-chat,h200,1,8192,Dense,1.0,True,-1.6195993760626193,-1.020060287274801,297.67540045257596,476.2041362025765,16.804017501143353,0.0,sim 6s
deepseek-ai/deepseek-llm-67b-chat,h200,1,8192,NaiveSparse,1.0,True,-1.6195993760626193,-1.020060287274801,297.67540045257596,476.2041362025765,16.804017501143353,0.0,copy-from-Dense (hbm_frac=1.0)
deepseek-ai/deepseek-llm-67b-chat,h200,2,8192,Dense,0.7843,True,-1.6195993760626193,-1.020060287274801,180.28472378590925,247.79942769215916,32.300795322105984,0.0,sim 4s
deepseek-ai/deepseek-llm-67b-chat,h200,2,8192,NaiveSparse,0.7843,True,-1.6195993760626193,-1.020060287274801,180.28472378590925,247.79942769215916,32.300795322105984,0.0,sim 4s
deepseek-ai/deepseek-llm-67b-chat,h200,4,8192,Dense,0.3921,True,-1.6195993760626193,-1.020060287274801,122.93068095257601,130.54295752549265,61.34242530803662,0.0,sim 9s
deepseek-ai/deepseek-llm-67b-chat,h200,4,8192,NaiveSparse,0.3921,True,-1.6195993760626193,-1.020060287274801,122.93068095257601,130.54295752549265,61.34242530803662,0.0,sim 9s
deepseek-ai/deepseek-llm-67b-chat,h200,8,8192,Dense,0.1961,True,-1.6195993760626193,-1.020060287274801,71.48687094215933,71.48687094215933,112.10862342557448,0.0,sim 11s
deepseek-ai/deepseek-llm-67b-chat,h200,8,8192,NaiveSparse,0.1961,True,-1.6195993760626193,-1.020060287274801,71.48687094215933,71.48687094215933,112.10862342557448,0.0,sim 11s
deepseek-ai/deepseek-llm-67b-chat,h200,1,16384,Dense,0.7843,True,-1.6195993760626193,-1.020060287274801,297.67540045257596,476.2041362025765,16.804017501143353,0.0,sim 10s
deepseek-ai/deepseek-llm-67b-chat,h200,1,16384,NaiveSparse,0.7843,True,-1.6195993760626193,-1.020060287274801,297.67540045257596,476.2041362025765,16.804017501143353,0.0,sim 8s
deepseek-ai/deepseek-llm-67b-chat,h200,2,16384,Dense,0.3921,True,-1.6195993760626193,-1.020060287274801,180.28472378590925,247.79942769215916,32.300795322105984,0.0,sim 14s
deepseek-ai/deepseek-llm-67b-chat,h200,2,16384,NaiveSparse,0.3921,True,-1.6195993760626193,-1.020060287274801,180.28472378590925,247.79942769215916,32.300795322105984,0.0,sim 14s
deepseek-ai/deepseek-llm-67b-chat,h200,4,16384,Dense,0.1961,True,-1.6195993760626193,-1.020060287274801,122.93068095257601,130.54295752549265,61.34242530803662,0.0,sim 17s
deepseek-ai/deepseek-llm-67b-chat,h200,4,16384,NaiveSparse,0.1961,True,-1.6195993760626193,-1.020060287274801,122.93068095257601,130.54295752549265,61.34242530803662,0.0,sim 17s
deepseek-ai/deepseek-llm-67b-chat,h200,8,16384,Dense,0.098,True,-1.6195993760626193,-1.020060287274801,71.48687094215933,71.48687094215933,112.10862342557448,0.0,sim 20s
deepseek-ai/deepseek-llm-67b-chat,h200,8,16384,NaiveSparse,0.098,True,-1.6195993760626193,-1.020060287274801,71.48687094215933,71.48687094215933,112.10862342557448,0.0,sim 20s
deepseek-ai/deepseek-llm-67b-chat,h200,1,32768,Dense,0.3921,True,-1.6195993760626193,-1.020060287274801,297.67540045257596,476.2041362025765,16.804017501143353,0.0,sim 32s
deepseek-ai/deepseek-llm-67b-chat,h200,1,32768,NaiveSparse,0.3921,True,-1.6195993760626193,-1.020060287274801,297.67540045257596,476.2041362025765,16.804017501143353,0.0,sim 32s
deepseek-ai/deepseek-llm-67b-chat,h200,2,32768,Dense,0.1961,True,-1.6195993760626193,-1.020060287274801,180.28472378590925,247.79942769215916,32.300795322105984,0.0,sim 31s
deepseek-ai/deepseek-llm-67b-chat,h200,2,32768,NaiveSparse,0.1961,True,-1.6195993760626193,-1.020060287274801,180.28472378590925,247.79942769215916,32.300795322105984,0.0,sim 31s
deepseek-ai/deepseek-llm-67b-chat,h200,4,32768,Dense,0.098,True,-1.6195993760626193,-1.020060287274801,122.93068095257601,130.54295752549265,61.34242530803662,0.0,sim 35s
deepseek-ai/deepseek-llm-67b-chat,h200,4,32768,NaiveSparse,0.098,True,-1.6195993760626193,-1.020060287274801,122.93068095257601,130.54295752549265,61.34242530803662,0.0,sim 35s
deepseek-ai/deepseek-llm-67b-chat,h200,8,32768,Dense,0.049,True,-1.6195993760626193,-1.020060287274801,132.60335335882604,132.60335335882604,60.38836702876215,488.93,sim 38s
deepseek-ai/deepseek-llm-67b-chat,h200,8,32768,NaiveSparse,0.049,True,-1.6195993760626193,-1.020060287274801,132.60335335882604,132.60335335882604,60.38836702876215,488.93,sim 38s
deepseek-ai/deepseek-llm-67b-chat,a40,1,524288,Dense,0.0,True,-1.6195993760626193,-1.020060287274801,1515.280858881509,2424.372869688869,3.2999960007741302,0.0,sim 706s
deepseek-ai/deepseek-llm-67b-chat,a40,1,524288,NaiveSparse,0.0,True,-1.6195993760626193,-1.020060287274801,1515.280858881509,2424.372869688869,3.2999960007741302,0.0,sim 681s
deepseek-ai/deepseek-llm-67b-chat,h200,1,65536,Dense,0.1961,True,-1.6195993760626193,-1.020060287274801,297.67540045257596,476.2041362025765,16.804017501143353,0.0,sim 69s
deepseek-ai/deepseek-llm-67b-chat,h200,1,65536,NaiveSparse,0.1961,True,-1.6195993760626193,-1.020060287274801,297.67540045257596,476.2041362025765,16.804017501143353,0.0,sim 67s
deepseek-ai/deepseek-llm-67b-chat,h200,2,65536,Dense,0.098,True,-1.6195993760626193,-1.020060287274801,180.28472378590925,247.79942769215916,32.300795322105984,0.0,sim 65s
deepseek-ai/deepseek-llm-67b-chat,h200,2,65536,NaiveSparse,0.098,True,-1.6195993760626193,-1.020060287274801,180.28472378590925,247.79942769215916,32.300795322105984,0.0,sim 65s
deepseek-ai/deepseek-llm-67b-chat,h200,4,65536,Dense,0.049,True,-1.6195993760626193,-1.020060287274801,244.30257648382607,256.7589743588261,31.17310631872059,1009.73,sim 70s
deepseek-ai/deepseek-llm-67b-chat,h200,4,65536,NaiveSparse,0.049,True,-1.6195993760626193,-1.020060287274801,244.30257648382607,256.7589743588261,31.17310631872059,1009.73,sim 70s
deepseek-ai/deepseek-llm-67b-chat,h200,8,65536,Dense,0.0245,True,-1.6195993760626193,-1.020060287274801,263.3511068588261,263.3511068588261,30.39241170084367,1534.91,sim 75s
deepseek-ai/deepseek-llm-67b-chat,h200,8,65536,NaiveSparse,0.0245,True,-1.6195993760626193,-1.020060287274801,263.3511068588261,263.3511068588261,30.39241170084367,1534.91,sim 74s
deepseek-ai/deepseek-llm-67b-chat,h200,1,131072,NaiveSparse,0.098,True,-1.6195993760626193,-1.020060287274801,299.17340628590927,478.6009455359096,16.71984140528193,19.17,sim 138s
deepseek-ai/deepseek-llm-67b-chat,h200,1,131072,Dense,0.098,True,-1.6195993760626193,-1.020060287274801,299.17340628590927,478.6009455359096,16.71984140528193,19.17,sim 148s
deepseek-ai/deepseek-llm-67b-chat,h200,2,131072,Dense,0.049,True,-1.6195993760626193,-1.020060287274801,370.56077778590924,505.1098196609092,15.842139037178269,2058.48,sim 136s
deepseek-ai/deepseek-llm-67b-chat,h200,2,131072,NaiveSparse,0.049,True,-1.6195993760626193,-1.020060287274801,370.56077778590924,505.1098196609092,15.842139037178269,2058.48,sim 133s
deepseek-ai/deepseek-llm-67b-chat,h200,4,131072,Dense,0.0245,True,-1.6195993760626193,-1.020060287274801,493.39092378590954,518.2981376609094,15.438929832958944,3102.04,sim 139s
deepseek-ai/deepseek-llm-67b-chat,h200,4,131072,NaiveSparse,0.0245,True,-1.6195993760626193,-1.020060287274801,493.39092378590954,518.2981376609094,15.438929832958944,3102.04,sim 139s
deepseek-ai/deepseek-llm-67b-chat,h200,1,262144,Dense,0.049,True,-1.6195993760626193,-1.020060287274801,631.3167562859098,1010.0303055359103,7.921554446470592,4270.61,sim 292s
deepseek-ai/deepseek-llm-67b-chat,h200,1,262144,NaiveSparse,0.049,True,-1.6195993760626193,-1.020060287274801,631.3167562859098,1010.0303055359103,7.921554446470592,4270.61,sim 281s
deepseek-ai/deepseek-llm-67b-chat,h200,2,262144,Dense,0.0245,True,-1.6195993760626193,-1.020060287274801,760.7349817859092,1036.4094836609092,7.719906535395547,6308.88,sim 268s
deepseek-ai/deepseek-llm-67b-chat,h200,2,262144,NaiveSparse,0.0245,True,-1.6195993760626193,-1.020060287274801,760.7349817859092,1036.4094836609092,7.719906535395547,6308.88,sim 270s
meta-llama/Meta-Llama-3-70B,a100,1,4096,Dense,1.0,True,-1.6195993760626193,-1.020060287274801,466.92155689919093,746.9979865171599,10.711361909647566,0.0,sim 8s
meta-llama/Meta-Llama-3-70B,a100,1,4096,NaiveSparse,1.0,True,-1.6195993760626193,-1.020060287274801,466.92155689919093,746.9979865171599,10.711361909647566,0.0,copy-from-Dense (hbm_frac=1.0)
meta-llama/Meta-Llama-3-70B,a100,2,4096,Dense,1.0,True,-1.6195993760626193,-1.020060287274801,283.6686491267749,389.9024280791585,20.524665847792345,0.0,sim 5s
meta-llama/Meta-Llama-3-70B,a100,2,4096,NaiveSparse,1.0,True,-1.6195993760626193,-1.020060287274801,283.6686491267749,389.9024280791585,20.524665847792345,0.0,copy-from-Dense (hbm_frac=1.0)
meta-llama/Meta-Llama-3-70B,a100,4,4096,Dense,1.0,True,-1.6195993760626193,-1.020060287274801,192.86819104897077,204.80520113704472,39.08584203411027,0.0,sim 5s
meta-llama/Meta-Llama-3-70B,a100,4,4096,NaiveSparse,1.0,True,-1.6195993760626193,-1.020060287274801,192.86819104897077,204.80520113704472,39.08584203411027,0.0,copy-from-Dense (hbm_frac=1.0)
meta-llama/Meta-Llama-3-70B,a100,8,4096,Dense,0.7451,True,-1.6195993760626193,-1.020060287274801,111.81573835304049,111.81573835304049,71.6279588410575,0.0,sim 6s
meta-llama/Meta-Llama-3-70B,a100,8,4096,NaiveSparse,0.7451,True,-1.6195993760626193,-1.020060287274801,111.81573835304049,111.81573835304049,71.6279588410575,0.0,sim 6s
meta-llama/Meta-Llama-3-70B,a100,1,8192,Dense,1.0,True,-1.6195993760626193,-1.020060287274801,470.89594200741607,753.3570026903193,10.620932997797734,0.0,sim 10s
meta-llama/Meta-Llama-3-70B,a100,1,8192,NaiveSparse,1.0,True,-1.6195993760626193,-1.020060287274801,470.89594200741607,753.3570026903193,10.620932997797734,0.0,copy-from-Dense (hbm_frac=1.0)
meta-llama/Meta-Llama-3-70B,a100,2,8192,Dense,1.0,True,-1.6195993760626193,-1.020060287274801,289.1363708634752,397.3376422350986,20.14047301703032,0.0,sim 10s
meta-llama/Meta-Llama-3-70B,a100,2,8192,NaiveSparse,1.0,True,-1.6195993760626193,-1.020060287274801,289.1363708634752,397.3376422350986,20.14047301703032,0.0,copy-from-Dense (hbm_frac=1.0)
meta-llama/Meta-Llama-3-70B,a100,4,8192,Dense,0.7451,True,-1.6195993760626193,-1.020060287274801,199.4095589147716,211.67996966157577,37.81567900281794,0.0,sim 7s
meta-llama/Meta-Llama-3-70B,a100,4,8192,NaiveSparse,0.7451,True,-1.6195993760626193,-1.020060287274801,199.4095589147716,211.67996966157577,37.81567900281794,0.0,sim 7s
meta-llama/Meta-Llama-3-70B,a100,8,8192,Dense,0.3725,True,-1.6195993760626193,-1.020060287274801,118.6725127807462,118.6725127807462,67.48491835212462,0.0,sim 11s
meta-llama/Meta-Llama-3-70B,a100,8,8192,NaiveSparse,0.3725,True,-1.6195993760626193,-1.020060287274801,118.6725127807462,118.6725127807462,67.48491835212462,0.0,sim 11s
meta-llama/Meta-Llama-3-70B,a100,1,16384,Dense,1.0,True,-1.6195993760626193,-1.020060287274801,479.8503420074164,767.684042690321,10.422685018753201,0.0,sim 14s
meta-llama/Meta-Llama-3-70B,a100,1,16384,NaiveSparse,1.0,True,-1.6195993760626193,-1.020060287274801,479.8503420074164,767.684042690321,10.422685018753201,0.0,copy-from-Dense (hbm_frac=1.0)
meta-llama/Meta-Llama-3-70B,a100,2,16384,Dense,0.7451,True,-1.6195993760626193,-1.020060287274801,299.1091339745861,410.9243111239872,19.474348218205503,0.0,sim 15s
meta-llama/Meta-Llama-3-70B,a100,2,16384,NaiveSparse,0.7451,True,-1.6195993760626193,-1.020060287274801,299.1091339745861,410.9243111239872,19.474348218205503,0.0,sim 9s
meta-llama/Meta-Llama-3-70B,a100,4,16384,Dense,0.3725,True,-1.6195993760626193,-1.020060287274801,211.8263949147715,224.67820699490898,35.62669819899941,0.0,sim 16s
meta-llama/Meta-Llama-3-70B,a100,4,16384,NaiveSparse,0.3725,True,-1.6195993760626193,-1.020060287274801,211.8263949147715,224.67820699490898,35.62669819899941,0.0,sim 16s
meta-llama/Meta-Llama-3-70B,a100,8,16384,Dense,0.1863,True,-1.6195993760626193,-1.020060287274801,131.42808033630203,131.42808033630203,60.92890403579468,0.0,sim 20s
meta-llama/Meta-Llama-3-70B,a100,8,16384,NaiveSparse,0.1863,True,-1.6195993760626193,-1.020060287274801,131.42808033630203,131.42808033630203,60.92890403579468,0.0,sim 20s
meta-llama/Meta-Llama-3-70B,a100,1,32768,Dense,0.7451,True,-1.6195993760626193,-1.020060287274801,479.8503420074164,767.684042690321,10.422685018753201,0.0,sim 29s
meta-llama/Meta-Llama-3-70B,a100,1,32768,NaiveSparse,0.7451,True,-1.6195993760626193,-1.020060287274801,479.8503420074164,767.684042690321,10.422685018753201,0.0,sim 28s
meta-llama/Meta-Llama-3-70B,a100,2,32768,Dense,0.3725,True,-1.6195993760626193,-1.020060287274801,299.1091339745861,410.9243111239872,19.474348218205503,0.0,sim 27s
meta-llama/Meta-Llama-3-70B,a100,2,32768,NaiveSparse,0.3725,True,-1.6195993760626193,-1.020060287274801,299.1091339745861,410.9243111239872,19.474348218205503,0.0,sim 27s
meta-llama/Meta-Llama-3-70B,a100,4,32768,Dense,0.1863,True,-1.6195993760626193,-1.020060287274801,211.8263949147715,224.67820699490898,35.62669819899941,0.0,sim 34s
meta-llama/Meta-Llama-3-70B,a100,4,32768,NaiveSparse,0.1863,True,-1.6195993760626193,-1.020060287274801,211.8263949147715,224.67820699490898,35.62669819899941,0.0,sim 34s
meta-llama/Meta-Llama-3-70B,a100,8,32768,Dense,0.0931,True,-1.6195993760626193,-1.020060287274801,131.42808033630203,131.42808033630203,60.92890403579468,0.0,sim 39s
meta-llama/Meta-Llama-3-70B,a100,8,32768,NaiveSparse,0.0931,True,-1.6195993760626193,-1.020060287274801,131.42808033630203,131.42808033630203,60.92890403579468,0.0,sim 39s
deepseek-ai/deepseek-llm-67b-chat,h200,1,524288,Dense,0.0245,True,-1.6195993760626193,-1.020060287274801,1295.441336285909,2072.6296335359098,3.86006841664393,12771.4,sim 594s
deepseek-ai/deepseek-llm-67b-chat,h200,1,524288,NaiveSparse,0.0245,True,-1.6195993760626193,-1.020060287274801,1295.441336285909,2072.6296335359098,3.86006841664393,12771.4,sim 570s
meta-llama/Meta-Llama-3-70B,a100,1,65536,Dense,0.3725,True,-1.6195993760626193,-1.020060287274801,479.8503420074164,767.684042690321,10.422685018753201,0.0,sim 67s
meta-llama/Meta-Llama-3-70B,a100,1,65536,NaiveSparse,0.3725,True,-1.6195993760626193,-1.020060287274801,479.8503420074164,767.684042690321,10.422685018753201,0.0,sim 63s
meta-llama/Meta-Llama-3-70B,a100,2,65536,Dense,0.1863,True,-1.6195993760626193,-1.020060287274801,299.1091339745861,410.9243111239872,19.474348218205503,0.0,sim 62s
meta-llama/Meta-Llama-3-70B,a100,2,65536,NaiveSparse,0.1863,True,-1.6195993760626193,-1.020060287274801,299.1091339745861,410.9243111239872,19.474348218205503,0.0,sim 61s
meta-llama/Meta-Llama-3-70B,a100,4,65536,Dense,0.0931,True,-1.6195993760626193,-1.020060287274801,211.8263949147715,224.67820699490898,35.62669819899941,0.0,sim 69s
meta-llama/Meta-Llama-3-70B,a100,4,65536,NaiveSparse,0.0931,True,-1.6195993760626193,-1.020060287274801,211.8263949147715,224.67820699490898,35.62669819899941,0.0,sim 69s
meta-llama/Meta-Llama-3-70B,a100,8,65536,Dense,0.0466,True,-1.6195993760626193,-1.020060287274801,223.14366739769704,223.14366739769704,35.87183998216959,733.72,sim 76s
meta-llama/Meta-Llama-3-70B,a100,8,65536,NaiveSparse,0.0466,True,-1.6195993760626193,-1.020060287274801,223.14366739769704,223.14366739769704,35.87183998216959,733.72,sim 76s
meta-llama/Meta-Llama-3-70B,a100,1,131072,NaiveSparse,0.1863,True,-1.6195993760626193,-1.020060287274801,479.8503420074164,767.684042690321,10.422685018753201,0.0,sim 140s
meta-llama/Meta-Llama-3-70B,a100,1,131072,Dense,0.1863,True,-1.6195993760626193,-1.020060287274801,479.8503420074164,767.684042690321,10.422685018753201,0.0,sim 147s
meta-llama/Meta-Llama-3-70B,a100,2,131072,Dense,0.0931,True,-1.6195993760626193,-1.020060287274801,303.379086272697,416.67924163448475,19.205297554005213,46.04,sim 132s
meta-llama/Meta-Llama-3-70B,a100,2,131072,NaiveSparse,0.0931,True,-1.6195993760626193,-1.020060287274801,303.379086272697,416.67924163448475,19.205297554005213,46.04,sim 131s
meta-llama/Meta-Llama-3-70B,a100,4,131072,Dense,0.0466,True,-1.6195993760626193,-1.020060287274801,411.8273025226971,432.80155639769714,18.48966911938714,1664.99,sim 139s
meta-llama/Meta-Llama-3-70B,a100,4,131072,NaiveSparse,0.0466,True,-1.6195993760626193,-1.020060287274801,411.8273025226971,432.80155639769714,18.48966911938714,1664.99,sim 140s
meta-llama/Meta-Llama-3-70B,a100,1,262144,NaiveSparse,0.0931,True,-1.6195993760626193,-1.020060287274801,506.63306628590965,810.5364015359104,9.871559973279354,342.82,sim 281s
meta-llama/Meta-Llama-3-70B,a100,1,262144,Dense,0.0931,True,-1.6195993760626193,-1.020060287274801,506.63306628590965,810.5364015359104,9.871559973279354,342.82,sim 302s
meta-llama/Meta-Llama-3-70B,a100,2,262144,Dense,0.0466,True,-1.6195993760626193,-1.020060287274801,625.6412457859095,852.7887156609096,9.382390008796083,3534.92,sim 268s
meta-llama/Meta-Llama-3-70B,a100,2,262144,NaiveSparse,0.0466,True,-1.6195993760626193,-1.020060287274801,625.6412457859095,852.7887156609096,9.382390008796083,3534.92,sim 269s
meta-llama/Meta-Llama-3-70B,h100,1,4096,Dense,1.0,True,-1.6195993760626193,-1.020060287274801,469.5052803778968,751.1319440830883,10.652400452893238,0.0,sim 8s
meta-llama/Meta-Llama-3-70B,h100,1,4096,NaiveSparse,1.0,True,-1.6195993760626193,-1.020060287274801,469.5052803778968,751.1319440830883,10.652400452893238,0.0,copy-from-Dense (hbm_frac=1.0)
meta-llama/Meta-Llama-3-70B,h100,2,4096,Dense,1.0,True,-1.6195993760626193,-1.020060287274801,285.2237614381014,392.04057494679466,20.41269012245699,0.0,sim 5s
meta-llama/Meta-Llama-3-70B,h100,2,4096,NaiveSparse,1.0,True,-1.6195993760626193,-1.020060287274801,285.2237614381014,392.04057494679466,20.41269012245699,0.0,copy-from-Dense (hbm_frac=1.0)
meta-llama/Meta-Llama-3-70B,h100,4,4096,Dense,1.0,True,-1.6195993760626193,-1.020060287274801,193.89623292495233,205.89754031180544,38.87835314053136,0.0,sim 5s
meta-llama/Meta-Llama-3-70B,h100,4,4096,NaiveSparse,1.0,True,-1.6195993760626193,-1.020060287274801,193.89623292495233,205.89754031180544,38.87835314053136,0.0,copy-from-Dense (hbm_frac=1.0)
meta-llama/Meta-Llama-3-70B,h100,8,4096,Dense,0.7451,True,-1.6195993760626193,-1.020060287274801,112.39339295189087,112.39339295189087,71.25940324932552,0.0,sim 6s
meta-llama/Meta-Llama-3-70B,h100,8,4096,NaiveSparse,0.7451,True,-1.6195993760626193,-1.020060287274801,112.39339295189087,112.39339295189087,71.25940324932552,0.0,sim 6s
meta-llama/Meta-Llama-3-70B,h100,2,8192,Dense,1.0,True,-1.6195993760626193,-1.020060287274801,290.6581920643012,399.43099502459125,20.034886372553302,0.0,sim 9s
meta-llama/Meta-Llama-3-70B,h100,2,8192,NaiveSparse,1.0,True,-1.6195993760626193,-1.020060287274801,290.6581920643012,399.43099502459125,20.034886372553302,0.0,copy-from-Dense (hbm_frac=1.0)
meta-llama/Meta-Llama-3-70B,h100,1,8192,Dense,1.0,True,-1.6195993760626193,-1.020060287274801,473.48650805022453,757.5019083588139,10.562807498256896,0.0,sim 10s
meta-llama/Meta-Llama-3-70B,h100,1,8192,NaiveSparse,1.0,True,-1.6195993760626193,-1.020060287274801,473.48650805022453,757.5019083588139,10.562807498256896,0.0,copy-from-Dense (hbm_frac=1.0)
meta-llama/Meta-Llama-3-70B,h100,4,8192,Dense,0.7451,True,-1.6195993760626193,-1.020060287274801,200.47159245009377,212.80633445599452,37.615404014834205,0.0,sim 7s
meta-llama/Meta-Llama-3-70B,h100,4,8192,NaiveSparse,0.7451,True,-1.6195993760626193,-1.020060287274801,200.47159245009377,212.80633445599452,37.615404014834205,0.0,sim 7s
meta-llama/Meta-Llama-3-70B,h100,8,8192,Dense,0.3725,True,-1.6195993760626193,-1.020060287274801,119.23000748814364,119.23000748814364,67.16903510176844,0.0,sim 11s
meta-llama/Meta-Llama-3-70B,h100,8,8192,NaiveSparse,0.3725,True,-1.6195993760626193,-1.020060287274801,119.23000748814364,119.23000748814364,67.16903510176844,0.0,sim 11s
meta-llama/Meta-Llama-3-70B,h100,1,16384,Dense,1.0,True,-1.6195993760626193,-1.020060287274801,482.3953080502244,771.7559883588136,10.367683670084844,0.0,sim 14s
meta-llama/Meta-Llama-3-70B,h100,1,16384,NaiveSparse,1.0,True,-1.6195993760626193,-1.020060287274801,482.3953080502244,771.7559883588136,10.367683670084844,0.0,copy-from-Dense (hbm_frac=1.0)
meta-llama/Meta-Llama-3-70B,h100,2,16384,Dense,0.7451,True,-1.6195993760626193,-1.020060287274801,300.6624971754123,413.05946858014676,19.373651726471614,0.0,sim 15s
meta-llama/Meta-Llama-3-70B,h100,2,16384,NaiveSparse,0.7451,True,-1.6195993760626193,-1.020060287274801,300.6624971754123,413.05946858014676,19.373651726471614,0.0,sim 9s
meta-llama/Meta-Llama-3-70B,h100,4,16384,Dense,0.3725,True,-1.6195993760626193,-1.020060287274801,212.83611378342707,225.75259812266114,35.4570494761709,0.0,sim 16s
meta-llama/Meta-Llama-3-70B,h100,4,16384,NaiveSparse,0.3725,True,-1.6195993760626193,-1.020060287274801,212.83611378342707,225.75259812266114,35.4570494761709,0.0,sim 16s
meta-llama/Meta-Llama-3-70B,h100,8,16384,Dense,0.1863,True,-1.6195993760626193,-1.020060287274801,132.0700111548106,132.0700111548106,60.63247081552248,0.0,sim 20s
meta-llama/Meta-Llama-3-70B,h100,8,16384,NaiveSparse,0.1863,True,-1.6195993760626193,-1.020060287274801,132.0700111548106,132.0700111548106,60.63247081552248,0.0,sim 20s
meta-llama/Meta-Llama-3-70B,h100,1,32768,Dense,0.7451,True,-1.6195993760626193,-1.020060287274801,482.3953080502244,771.7559883588136,10.367683670084844,0.0,sim 28s
meta-llama/Meta-Llama-3-70B,h100,1,32768,NaiveSparse,0.7451,True,-1.6195993760626193,-1.020060287274801,482.3953080502244,771.7559883588136,10.367683670084844,0.0,sim 26s
meta-llama/Meta-Llama-3-70B,h100,2,32768,Dense,0.3725,True,-1.6195993760626193,-1.020060287274801,300.6624971754123,413.05946858014676,19.373651726471614,0.0,sim 27s
meta-llama/Meta-Llama-3-70B,h100,2,32768,NaiveSparse,0.3725,True,-1.6195993760626193,-1.020060287274801,300.6624971754123,413.05946858014676,19.373651726471614,0.0,sim 27s
meta-llama/Meta-Llama-3-70B,h100,4,32768,Dense,0.1863,True,-1.6195993760626193,-1.020060287274801,212.83611378342707,225.75259812266114,35.4570494761709,0.0,sim 34s
meta-llama/Meta-Llama-3-70B,h100,4,32768,NaiveSparse,0.1863,True,-1.6195993760626193,-1.020060287274801,212.83611378342707,225.75259812266114,35.4570494761709,0.0,sim 34s
meta-llama/Meta-Llama-3-70B,h100,8,32768,Dense,0.0931,True,-1.6195993760626193,-1.020060287274801,132.0700111548106,132.0700111548106,60.63247081552248,0.0,sim 39s
meta-llama/Meta-Llama-3-70B,h100,8,32768,NaiveSparse,0.0931,True,-1.6195993760626193,-1.020060287274801,132.0700111548106,132.0700111548106,60.63247081552248,0.0,sim 39s
meta-llama/Meta-Llama-3-70B,h100,1,65536,NaiveSparse,0.3725,True,-1.6195993760626193,-1.020060287274801,482.3953080502244,771.7559883588136,10.367683670084844,0.0,sim 60s
meta-llama/Meta-Llama-3-70B,h100,1,65536,Dense,0.3725,True,-1.6195993760626193,-1.020060287274801,482.3953080502244,771.7559883588136,10.367683670084844,0.0,sim 68s
meta-llama/Meta-Llama-3-70B,a100,1,524288,Dense,0.0466,True,-1.6195993760626193,-1.020060287274801,1065.9213762859083,1705.3976975359071,4.691338678711091,7501.71,sim 615s
meta-llama/Meta-Llama-3-70B,a100,1,524288,NaiveSparse,0.0466,True,-1.6195993760626193,-1.020060287274801,1065.9213762859083,1705.3976975359071,4.691338678711091,7501.71,sim 600s
meta-llama/Meta-Llama-3-70B,h100,2,65536,Dense,0.1863,True,-1.6195993760626193,-1.020060287274801,300.6624971754123,413.05946858014676,19.373651726471614,0.0,sim 62s
meta-llama/Meta-Llama-3-70B,h100,2,65536,NaiveSparse,0.1863,True,-1.6195993760626193,-1.020060287274801,300.6624971754123,413.05946858014676,19.373651726471614,0.0,sim 61s
meta-llama/Meta-Llama-3-70B,h100,4,65536,Dense,0.0931,True,-1.6195993760626193,-1.020060287274801,212.83611378342707,225.75259812266114,35.4570494761709,0.0,sim 69s
meta-llama/Meta-Llama-3-70B,h100,4,65536,NaiveSparse,0.0931,True,-1.6195993760626193,-1.020060287274801,212.83611378342707,225.75259812266114,35.4570494761709,0.0,sim 69s
meta-llama/Meta-Llama-3-70B,h100,8,65536,Dense,0.0466,True,-1.6195993760626193,-1.020060287274801,223.20729154876722,223.20729154876722,35.861609044497264,729.1,sim 76s
meta-llama/Meta-Llama-3-70B,h100,8,65536,NaiveSparse,0.0466,True,-1.6195993760626193,-1.020060287274801,223.20729154876722,223.20729154876722,35.861609044497264,729.1,sim 76s
meta-llama/Meta-Llama-3-70B,h100,1,131072,Dense,0.1863,True,-1.6195993760626193,-1.020060287274801,482.3953080502244,771.7559883588136,10.367683670084844,0.0,sim 143s
meta-llama/Meta-Llama-3-70B,h100,1,131072,NaiveSparse,0.1863,True,-1.6195993760626193,-1.020060287274801,482.3953080502244,771.7559883588136,10.367683670084844,0.0,sim 140s
meta-llama/Meta-Llama-3-70B,h100,2,131072,Dense,0.0931,True,-1.6195993760626193,-1.020060287274801,303.4427104237672,416.80648993662516,19.199432507748817,29.98,sim 129s
meta-llama/Meta-Llama-3-70B,h100,2,131072,NaiveSparse,0.0931,True,-1.6195993760626193,-1.020060287274801,303.4427104237672,416.80648993662516,19.199432507748817,29.98,sim 129s
meta-llama/Meta-Llama-3-70B,h100,4,131072,Dense,0.0466,True,-1.6195993760626193,-1.020060287274801,411.8909266737673,432.86518054876734,18.48695063755703,1656.9,sim 140s
meta-llama/Meta-Llama-3-70B,h100,4,131072,NaiveSparse,0.0466,True,-1.6195993760626193,-1.020060287274801,411.8909266737673,432.86518054876734,18.48695063755703,1656.9,sim 140s
meta-llama/Meta-Llama-3-70B,h100,1,262144,NaiveSparse,0.0931,True,-1.6195993760626193,-1.020060287274801,506.63306628590965,810.5364015359104,9.871559973279354,310.24,sim 276s
meta-llama/Meta-Llama-3-70B,h100,1,262144,Dense,0.0931,True,-1.6195993760626193,-1.020060287274801,506.63306628590965,810.5364015359104,9.871559973279354,310.24,sim 296s
meta-llama/Meta-Llama-3-70B,h100,2,262144,Dense,0.0466,True,-1.6195993760626193,-1.020060287274801,625.6412457859095,852.7887156609096,9.382390008796083,3517.83,sim 268s
meta-llama/Meta-Llama-3-70B,h100,2,262144,NaiveSparse,0.0466,True,-1.6195993760626193,-1.020060287274801,625.6412457859095,852.7887156609096,9.382390008796083,3517.83,sim 268s
meta-llama/Meta-Llama-3-70B,a40,1,4096,Dense,1.0,True,-1.6195993760626193,-1.020060287274801,466.9058089336799,746.972789772343,10.711723284967325,0.0,sim 8s
meta-llama/Meta-Llama-3-70B,a40,1,4096,NaiveSparse,1.0,True,-1.6195993760626193,-1.020060287274801,466.9058089336799,746.972789772343,10.711723284967325,0.0,copy-from-Dense (hbm_frac=1.0)
meta-llama/Meta-Llama-3-70B,a40,2,4096,Dense,1.0,True,-1.6195993760626193,-1.020060287274801,283.65847332276184,389.88845610474647,20.525401606741752,0.0,sim 5s
meta-llama/Meta-Llama-3-70B,a40,2,4096,NaiveSparse,1.0,True,-1.6195993760626193,-1.020060287274801,283.65847332276184,389.88845610474647,20.525401606741752,0.0,copy-from-Dense (hbm_frac=1.0)
meta-llama/Meta-Llama-3-70B,a40,4,4096,Dense,1.0,True,-1.6195993760626193,-1.020060287274801,192.86216043790378,204.798548065443,39.08711256512919,0.0,sim 5s
meta-llama/Meta-Llama-3-70B,a40,4,4096,NaiveSparse,1.0,True,-1.6195993760626193,-1.020060287274801,192.86216043790378,204.798548065443,39.08711256512919,0.0,copy-from-Dense (hbm_frac=1.0)
meta-llama/Meta-Llama-3-70B,a40,8,4096,Dense,0.7451,True,-1.6195993760626193,-1.020060287274801,111.81807210902548,111.81807210902548,71.62646218663305,0.0,sim 6s
meta-llama/Meta-Llama-3-70B,a40,8,4096,NaiveSparse,0.7451,True,-1.6195993760626193,-1.020060287274801,111.81807210902548,111.81807210902548,71.62646218663305,0.0,sim 6s
meta-llama/Meta-Llama-3-70B,a40,2,8192,Dense,1.0,True,-1.6195993760626193,-1.020060287274801,289.11680573969295,397.31098224019604,20.141824898319864,0.0,sim 9s
meta-llama/Meta-Llama-3-70B,a40,2,8192,NaiveSparse,1.0,True,-1.6195993760626193,-1.020060287274801,289.11680573969295,397.31098224019604,20.141824898319864,0.0,copy-from-Dense (hbm_frac=1.0)
meta-llama/Meta-Llama-3-70B,a40,1,8192,Dense,1.0,True,-1.6195993760626193,-1.020060287274801,470.8742743305054,753.3223344072638,10.621421861367084,0.0,sim 11s
meta-llama/Meta-Llama-3-70B,a40,1,8192,NaiveSparse,1.0,True,-1.6195993760626193,-1.020060287274801,470.8742743305054,753.3223344072638,10.621421861367084,0.0,copy-from-Dense (hbm_frac=1.0)
meta-llama/Meta-Llama-3-70B,a40,4,8192,Dense,0.7451,True,-1.6195993760626193,-1.020060287274801,199.4099091204434,211.6789708829033,37.81585753854194,0.0,sim 7s
meta-llama/Meta-Llama-3-70B,a40,4,8192,NaiveSparse,0.7451,True,-1.6195993760626193,-1.020060287274801,199.4099091204434,211.6789708829033,37.81585753854194,0.0,sim 7s
meta-llama/Meta-Llama-3-70B,a40,8,8192,Dense,0.3725,True,-1.6195993760626193,-1.020060287274801,118.64672576616844,118.64672576616844,67.49960149465045,0.0,sim 11s
meta-llama/Meta-Llama-3-70B,a40,8,8192,NaiveSparse,0.3725,True,-1.6195993760626193,-1.020060287274801,118.64672576616844,118.64672576616844,67.49960149465045,0.0,sim 11s
meta-llama/Meta-Llama-3-70B,a40,1,16384,Dense,1.0,True,-1.6195993760626193,-1.020060287274801,479.7907409971721,767.588681073931,10.423980099370674,0.0,sim 14s
meta-llama/Meta-Llama-3-70B,a40,1,16384,NaiveSparse,1.0,True,-1.6195993760626193,-1.020060287274801,479.7907409971721,767.588681073931,10.423980099370674,0.0,copy-from-Dense (hbm_frac=1.0)
meta-llama/Meta-Llama-3-70B,a40,2,16384,Dense,0.7451,True,-1.6195993760626193,-1.020060287274801,299.1037110730262,410.91603024019594,19.474740792013172,0.0,sim 15s
meta-llama/Meta-Llama-3-70B,a40,2,16384,NaiveSparse,0.7451,True,-1.6195993760626193,-1.020060287274801,299.1037110730262,410.91603024019594,19.474740792013172,0.0,sim 9s
meta-llama/Meta-Llama-3-70B,a40,4,16384,Dense,0.3725,True,-1.6195993760626193,-1.020060287274801,211.79482912044344,224.64557088290331,35.63187692224101,0.0,sim 16s
meta-llama/Meta-Llama-3-70B,a40,4,16384,NaiveSparse,0.3725,True,-1.6195993760626193,-1.020060287274801,211.79482912044344,224.64557088290331,35.63187692224101,0.0,sim 16s
meta-llama/Meta-Llama-3-70B,a40,8,16384,Dense,0.1863,True,-1.6195993760626193,-1.020060287274801,131.44584709950212,131.44584709950212,60.92066063724395,0.0,sim 20s
meta-llama/Meta-Llama-3-70B,a40,8,16384,NaiveSparse,0.1863,True,-1.6195993760626193,-1.020060287274801,131.44584709950212,131.44584709950212,60.92066063724395,0.0,sim 20s
meta-llama/Meta-Llama-3-70B,a40,1,32768,Dense,0.7451,True,-1.6195993760626193,-1.020060287274801,479.7907409971721,767.588681073931,10.423980099370674,0.0,sim 28s
meta-llama/Meta-Llama-3-70B,a40,1,32768,NaiveSparse,0.7451,True,-1.6195993760626193,-1.020060287274801,479.7907409971721,767.588681073931,10.423980099370674,0.0,sim 27s
meta-llama/Meta-Llama-3-70B,a40,2,32768,Dense,0.3725,True,-1.6195993760626193,-1.020060287274801,299.1037110730262,410.91603024019594,19.474740792013172,0.0,sim 27s
meta-llama/Meta-Llama-3-70B,a40,2,32768,NaiveSparse,0.3725,True,-1.6195993760626193,-1.020060287274801,299.1037110730262,410.91603024019594,19.474740792013172,0.0,sim 27s
meta-llama/Meta-Llama-3-70B,a40,4,32768,Dense,0.1863,True,-1.6195993760626193,-1.020060287274801,211.79482912044344,224.64557088290331,35.63187692224101,0.0,sim 34s
meta-llama/Meta-Llama-3-70B,a40,4,32768,NaiveSparse,0.1863,True,-1.6195993760626193,-1.020060287274801,211.79482912044344,224.64557088290331,35.63187692224101,0.0,sim 34s
meta-llama/Meta-Llama-3-70B,a40,8,32768,Dense,0.0931,True,-1.6195993760626193,-1.020060287274801,131.44584709950212,131.44584709950212,60.92066063724395,0.0,sim 39s
meta-llama/Meta-Llama-3-70B,a40,8,32768,NaiveSparse,0.0931,True,-1.6195993760626193,-1.020060287274801,131.44584709950212,131.44584709950212,60.92066063724395,0.0,sim 39s
meta-llama/Meta-Llama-3-70B,a40,1,65536,Dense,0.3725,True,-1.6195993760626193,-1.020060287274801,479.7907409971721,767.588681073931,10.423980099370674,0.0,sim 67s
meta-llama/Meta-Llama-3-70B,a40,1,65536,NaiveSparse,0.3725,True,-1.6195993760626193,-1.020060287274801,479.7907409971721,767.588681073931,10.423980099370674,0.0,sim 62s
meta-llama/Meta-Llama-3-70B,h100,1,524288,NaiveSparse,0.0466,True,-1.6195993760626193,-1.020060287274801,1065.9213762859083,1705.3976975359071,4.691338678711091,7469.13,sim 583s
meta-llama/Meta-Llama-3-70B,h100,1,524288,Dense,0.0466,True,-1.6195993760626193,-1.020060287274801,1065.9213762859083,1705.3976975359071,4.691338678711091,7469.13,sim 605s
meta-llama/Meta-Llama-3-70B,a40,2,65536,Dense,0.1863,True,-1.6195993760626193,-1.020060287274801,299.1037110730262,410.91603024019594,19.474740792013172,0.0,sim 61s
meta-llama/Meta-Llama-3-70B,a40,2,65536,NaiveSparse,0.1863,True,-1.6195993760626193,-1.020060287274801,299.1037110730262,410.91603024019594,19.474740792013172,0.0,sim 62s
meta-llama/Meta-Llama-3-70B,a40,4,65536,Dense,0.0931,True,-1.6195993760626193,-1.020060287274801,211.79482912044344,224.64557088290331,35.63187692224101,0.0,sim 69s
meta-llama/Meta-Llama-3-70B,a40,4,65536,NaiveSparse,0.0931,True,-1.6195993760626193,-1.020060287274801,211.79482912044344,224.64557088290331,35.63187692224101,0.0,sim 69s
meta-llama/Meta-Llama-3-70B,a40,8,65536,Dense,0.0466,True,-1.6195993760626193,-1.020060287274801,223.14217737244093,223.14217737244093,35.872079652266606,733.57,sim 76s
meta-llama/Meta-Llama-3-70B,a40,8,65536,NaiveSparse,0.0466,True,-1.6195993760626193,-1.020060287274801,223.14217737244093,223.14217737244093,35.872079652266606,733.57,sim 76s
meta-llama/Meta-Llama-3-70B,a40,1,131072,NaiveSparse,0.1863,True,-1.6195993760626193,-1.020060287274801,479.7907409971721,767.588681073931,10.423980099370674,0.0,sim 140s
meta-llama/Meta-Llama-3-70B,a40,1,131072,Dense,0.1863,True,-1.6195993760626193,-1.020060287274801,479.7907409971721,767.588681073931,10.423980099370674,0.0,sim 147s
meta-llama/Meta-Llama-3-70B,a40,2,131072,Dense,0.0931,True,-1.6195993760626193,-1.020060287274801,303.37759624744086,416.6762615839726,19.20543495150372,46.08,sim 131s
meta-llama/Meta-Llama-3-70B,a40,2,131072,NaiveSparse,0.0931,True,-1.6195993760626193,-1.020060287274801,303.37759624744086,416.6762615839726,19.20543495150372,46.08,sim 130s
meta-llama/Meta-Llama-3-70B,a40,4,131072,Dense,0.0466,True,-1.6195993760626193,-1.020060287274801,411.82581249744106,432.80006637244105,18.489732793575396,1665.24,sim 140s
meta-llama/Meta-Llama-3-70B,a40,4,131072,NaiveSparse,0.0466,True,-1.6195993760626193,-1.020060287274801,411.82581249744106,432.80006637244105,18.489732793575396,1665.24,sim 141s
meta-llama/Meta-Llama-3-70B,a40,1,262144,Dense,0.0931,True,-1.6195993760626193,-1.020060287274801,506.63306628590965,810.5364015359104,9.871559973279354,343.58,sim 297s
meta-llama/Meta-Llama-3-70B,a40,1,262144,NaiveSparse,0.0931,True,-1.6195993760626193,-1.020060287274801,506.63306628590965,810.5364015359104,9.871559973279354,343.58,sim 283s
meta-llama/Meta-Llama-3-70B,a40,2,262144,Dense,0.0466,True,-1.6195993760626193,-1.020060287274801,625.6412457859095,852.7887156609096,9.382390008796083,3534.98,sim 267s
meta-llama/Meta-Llama-3-70B,a40,2,262144,NaiveSparse,0.0466,True,-1.6195993760626193,-1.020060287274801,625.6412457859095,852.7887156609096,9.382390008796083,3534.98,sim 269s
meta-llama/Meta-Llama-3-70B,h200,1,4096,Dense,0.0,True,-1.6195993760626193,-1.020060287274801,466.95449851343164,747.0506930999451,10.710606063137316,0.0,sim 297s
meta-llama/Meta-Llama-3-70B,h200,1,4096,NaiveSparse,0.0,True,-1.6195993760626193,-1.020060287274801,466.94261189836226,747.0316745158337,10.710878789641333,0.0,sim 211s
meta-llama/Meta-Llama-3-70B,h200,2,4096,Dense,0.0,True,-1.6195993760626193,-1.020060287274801,283.7066688819831,389.95401666044,20.521949669267844,0.0,sim 8s
meta-llama/Meta-Llama-3-70B,h200,2,4096,NaiveSparse,0.0,True,-1.6195993760626193,-1.020060287274801,283.7066688819831,389.95401666044,20.521949669267844,0.0,sim 8s
meta-llama/Meta-Llama-3-70B,h200,4,4096,Dense,0.0,True,-1.6195993760626193,-1.020060287274801,192.88206180492895,204.81953995199535,39.0831040445095,0.0,sim 8s
meta-llama/Meta-Llama-3-70B,h200,4,4096,NaiveSparse,0.0,True,-1.6195993760626193,-1.020060287274801,192.88206180492895,204.81953995199535,39.0831040445095,0.0,sim 8s
meta-llama/Meta-Llama-3-70B,h200,8,4096,Dense,0.0,True,-1.6195993760626193,-1.020060287274801,111.82592494570939,111.82592494570939,71.62142656551288,0.0,sim 9s
meta-llama/Meta-Llama-3-70B,h200,8,4096,NaiveSparse,0.0,True,-1.6195993760626193,-1.020060287274801,111.82592494570939,111.82592494570939,71.62142656551288,0.0,sim 9s
meta-llama/Meta-Llama-3-70B,h200,1,8192,Dense,0.0,True,-1.6195993760626193,-1.020060287274801,470.9312881909586,753.4135565839892,10.620135617949543,0.0,sim 15s
meta-llama/Meta-Llama-3-70B,h200,1,8192,NaiveSparse,0.0,True,-1.6195993760626193,-1.020060287274801,470.9312881909586,753.4135565839892,10.620135617949543,0.0,sim 12s
meta-llama/Meta-Llama-3-70B,h200,2,8192,Dense,0.0,True,-1.6195993760626193,-1.020060287274801,289.169582055965,397.3830170084038,20.138172559577583,0.0,sim 13s
meta-llama/Meta-Llama-3-70B,h200,2,8192,NaiveSparse,0.0,True,-1.6195993760626193,-1.020060287274801,289.169582055965,397.3830170084038,20.138172559577583,0.0,sim 13s
meta-llama/Meta-Llama-3-70B,h200,4,8192,Dense,0.0,True,-1.6195993760626193,-1.020060287274801,199.4416159979582,211.7121894402627,37.80992049139168,0.0,sim 13s
meta-llama/Meta-Llama-3-70B,h200,4,8192,NaiveSparse,0.0,True,-1.6195993760626193,-1.020060287274801,199.4416159979582,211.7121894402627,37.80992049139168,0.0,sim 13s
meta-llama/Meta-Llama-3-70B,h200,8,8192,Dense,0.0,True,-1.6195993760626193,-1.020060287274801,118.670593551437,118.670593551437,67.48601094248635,0.0,sim 13s
meta-llama/Meta-Llama-3-70B,h200,8,8192,NaiveSparse,0.0,True,-1.6195993760626193,-1.020060287274801,118.670593551437,118.670593551437,67.48601094248635,0.0,sim 13s
meta-llama/Meta-Llama-3-70B,h200,1,16384,Dense,0.0,True,-1.6195993760626193,-1.020060287274801,479.8324881909585,767.6554765839892,10.423072933644274,0.0,sim 27s
meta-llama/Meta-Llama-3-70B,h200,1,16384,NaiveSparse,0.0,True,-1.6195993760626193,-1.020060287274801,479.8324881909585,767.6554765839892,10.423072933644274,0.0,sim 24s
meta-llama/Meta-Llama-3-70B,h200,2,16384,Dense,0.0,True,-1.6195993760626193,-1.020060287274801,299.1088260559647,410.9236050084031,19.474381692576003,0.0,sim 21s
meta-llama/Meta-Llama-3-70B,h200,2,16384,NaiveSparse,0.0,True,-1.6195993760626193,-1.020060287274801,299.1088260559647,410.9236050084031,19.474381692576003,0.0,sim 21s
meta-llama/Meta-Llama-3-70B,h200,4,16384,Dense,0.0,True,-1.6195993760626193,-1.020060287274801,211.7551879979581,224.60748544026262,35.6379222533987,0.0,sim 22s
meta-llama/Meta-Llama-3-70B,h200,4,16384,NaiveSparse,0.0,True,-1.6195993760626193,-1.020060287274801,211.7551879979581,224.60748544026262,35.6379222533987,0.0,sim 22s
meta-llama/Meta-Llama-3-70B,h200,8,16384,Dense,0.0,True,-1.6195993760626193,-1.020060287274801,131.45382155143696,131.45382155143696,60.91696138714519,0.0,sim 23s
meta-llama/Meta-Llama-3-70B,h200,8,16384,NaiveSparse,0.0,True,-1.6195993760626193,-1.020060287274801,131.45382155143696,131.45382155143696,60.91696138714519,0.0,sim 22s
meta-llama/Meta-Llama-3-70B,h200,1,32768,Dense,0.0,True,-1.6195993760626193,-1.020060287274801,479.8324881909585,767.6554765839892,10.423072933644274,0.0,sim 47s
meta-llama/Meta-Llama-3-70B,h200,1,32768,NaiveSparse,0.0,True,-1.6195993760626193,-1.020060287274801,479.8324881909585,767.6554765839892,10.423072933644274,0.0,sim 48s
meta-llama/Meta-Llama-3-70B,a40,1,524288,Dense,0.0466,True,-1.6195993760626193,-1.020060287274801,1065.9213762859083,1705.3976975359071,4.691338678711091,7502.47,sim 782s
meta-llama/Meta-Llama-3-70B,a40,1,524288,NaiveSparse,0.0466,True,-1.6195993760626193,-1.020060287274801,1065.9213762859083,1705.3976975359071,4.691338678711091,7502.47,sim 765s
meta-llama/Meta-Llama-3-70B,h200,2,32768,Dense,0.0,True,-1.6195993760626193,-1.020060287274801,299.1088260559647,410.9236050084031,19.474381692576003,0.0,sim 39s
meta-llama/Meta-Llama-3-70B,h200,2,32768,NaiveSparse,0.0,True,-1.6195993760626193,-1.020060287274801,299.1088260559647,410.9236050084031,19.474381692576003,0.0,sim 39s
meta-llama/Meta-Llama-3-70B,h200,4,32768,Dense,0.0,True,-1.6195993760626193,-1.020060287274801,211.7551879979581,224.60748544026262,35.6379222533987,0.0,sim 40s
meta-llama/Meta-Llama-3-70B,h200,4,32768,NaiveSparse,0.0,True,-1.6195993760626193,-1.020060287274801,211.7551879979581,224.60748544026262,35.6379222533987,0.0,sim 40s
meta-llama/Meta-Llama-3-70B,h200,8,32768,Dense,0.0,True,-1.6195993760626193,-1.020060287274801,131.45382155143696,131.45382155143696,60.91696138714519,0.0,sim 41s
meta-llama/Meta-Llama-3-70B,h200,8,32768,NaiveSparse,0.0,True,-1.6195993760626193,-1.020060287274801,131.45382155143696,131.45382155143696,60.91696138714519,0.0,sim 41s
meta-llama/Meta-Llama-3-70B,h200,1,65536,Dense,0.0,True,-1.6195993760626193,-1.020060287274801,479.8324881909585,767.6554765839892,10.423072933644274,0.0,sim 85s
meta-llama/Meta-Llama-3-70B,h200,1,65536,NaiveSparse,0.0,True,-1.6195993760626193,-1.020060287274801,479.8324881909585,767.6554765839892,10.423072933644274,0.0,sim 84s
meta-llama/Meta-Llama-3-70B,h200,2,65536,Dense,0.0,True,-1.6195993760626193,-1.020060287274801,299.1088260559647,410.9236050084031,19.474381692576003,0.0,sim 74s
meta-llama/Meta-Llama-3-70B,h200,2,65536,NaiveSparse,0.0,True,-1.6195993760626193,-1.020060287274801,299.1088260559647,410.9236050084031,19.474381692576003,0.0,sim 73s
meta-llama/Meta-Llama-3-70B,h200,4,65536,Dense,0.0,True,-1.6195993760626193,-1.020060287274801,221.89340617728556,234.74570361959007,34.09795204949346,81.11,sim 75s
meta-llama/Meta-Llama-3-70B,h200,4,65536,NaiveSparse,0.0,True,-1.6195993760626193,-1.020060287274801,221.89340617728556,234.74570361959007,34.09795204949346,81.11,sim 75s
meta-llama/Meta-Llama-3-70B,h200,8,65536,Dense,0.0,True,-1.6195993760626193,-1.020060287274801,232.36514705228558,232.36514705228558,34.44747378874336,807.29,sim 78s
meta-llama/Meta-Llama-3-70B,h200,8,65536,NaiveSparse,0.0,True,-1.6195993760626193,-1.020060287274801,232.36514705228558,232.36514705228558,34.44747378874336,807.29,sim 78s
meta-llama/Meta-Llama-3-70B,h200,1,131072,Dense,0.0,True,-1.6195993760626193,-1.020060287274801,479.8324881909585,767.6554765839892,10.423072933644274,0.0,sim 161s
meta-llama/Meta-Llama-3-70B,h200,1,131072,NaiveSparse,0.0,True,-1.6195993760626193,-1.020060287274801,479.8324881909585,767.6554765839892,10.423072933644274,0.0,sim 152s
meta-llama/Meta-Llama-3-70B,h200,2,131072,Dense,0.0,True,-1.6195993760626193,-1.020060287274801,333.73812817728555,457.59765919366174,17.487479720830066,373.39,sim 144s
meta-llama/Meta-Llama-3-70B,h200,2,131072,NaiveSparse,0.0,True,-1.6195993760626193,-1.020060287274801,333.73812817728555,457.59765919366174,17.487479720830066,373.39,sim 142s
meta-llama/Meta-Llama-3-70B,h200,4,131072,Dense,0.0,True,-1.6195993760626193,-1.020060287274801,431.58812617728546,452.5623800522855,17.682102963251214,1823.64,sim 146s
meta-llama/Meta-Llama-3-70B,h200,4,131072,NaiveSparse,0.0,True,-1.6195993760626193,-1.020060287274801,431.58812617728546,452.5623800522855,17.682102963251214,1823.64,sim 144s
meta-llama/Meta-Llama-3-70B,h200,1,262144,Dense,0.0,True,-1.6195993760626193,-1.020060287274801,559.4321762859092,895.0149775359081,8.939671487410603,1018.88,sim 317s
meta-llama/Meta-Llama-3-70B,h200,1,262144,NaiveSparse,0.0,True,-1.6195993760626193,-1.020060287274801,559.4321762859092,895.0149775359081,8.939671487410603,1018.88,sim 304s
meta-llama/Meta-Llama-3-70B,h200,2,262144,Dense,0.0,True,-1.6195993760626193,-1.020060287274801,657.2592777859094,894.9460916609095,8.940359690699555,3872.18,sim 281s
meta-llama/Meta-Llama-3-70B,h200,2,262144,NaiveSparse,0.0,True,-1.6195993760626193,-1.020060287274801,657.2592777859094,894.9460916609095,8.940359690699555,3872.18,sim 283s
Qwen/Qwen-72B,a100,1,4096,Dense,0.5588,True,-1.6195993760626193,-1.020060287274801,499.2441309029117,798.7141049231141,10.017698802076314,0.0,sim 7s
Qwen/Qwen-72B,a100,1,4096,NaiveSparse,0.5588,True,-1.6195993760626193,-1.020060287274801,499.2441309029117,798.7141049231141,10.017698802076314,0.0,sim 5s
Qwen/Qwen-72B,a100,2,4096,Dense,0.2794,True,-1.6195993760626193,-1.020060287274801,323.6309482227771,444.2916551470192,18.011359185623512,0.0,sim 6s
Qwen/Qwen-72B,a100,2,4096,NaiveSparse,0.2794,True,-1.6195993760626193,-1.020060287274801,323.6309482227771,444.2916551470192,18.011359185623512,0.0,sim 6s
Qwen/Qwen-72B,a100,4,4096,Dense,0.1397,True,-1.6195993760626193,-1.020060287274801,246.91275688271108,260.8105258002195,30.688611990400876,0.0,sim 7s
Qwen/Qwen-72B,a100,4,4096,NaiveSparse,0.1397,True,-1.6195993760626193,-1.020060287274801,246.91275688271108,260.8105258002195,30.688611990400876,0.0,sim 7s
Qwen/Qwen-72B,a100,8,4096,Dense,0.0698,True,-1.6195993760626193,-1.020060287274801,156.56816112681793,156.56816112681793,51.13760276737244,0.0,sim 8s
Qwen/Qwen-72B,a100,8,4096,NaiveSparse,0.0698,True,-1.6195993760626193,-1.020060287274801,156.56816112681793,156.56816112681793,51.13760276737244,0.0,sim 8s
Qwen/Qwen-72B,a100,1,8192,Dense,0.2794,True,-1.6195993760626193,-1.020060287274801,499.2441309029117,798.7141049231141,10.017698802076314,0.0,sim 14s
Qwen/Qwen-72B,a100,1,8192,NaiveSparse,0.2794,True,-1.6195993760626193,-1.020060287274801,499.2441309029117,798.7141049231141,10.017698802076314,0.0,sim 12s
Qwen/Qwen-72B,a100,2,8192,Dense,0.1397,True,-1.6195993760626193,-1.020060287274801,323.6309482227771,444.2916551470192,18.011359185623512,0.0,sim 11s
Qwen/Qwen-72B,a100,2,8192,NaiveSparse,0.1397,True,-1.6195993760626193,-1.020060287274801,323.6309482227771,444.2916551470192,18.011359185623512,0.0,sim 11s
Qwen/Qwen-72B,a100,4,8192,Dense,0.0698,True,-1.6195993760626193,-1.020060287274801,246.91275688271108,260.8105258002195,30.688611990400876,0.0,sim 11s
Qwen/Qwen-72B,a100,4,8192,NaiveSparse,0.0698,True,-1.6195993760626193,-1.020060287274801,246.91275688271108,260.8105258002195,30.688611990400876,0.0,sim 11s
Qwen/Qwen-72B,a100,8,8192,Dense,0.0349,True,-1.6195993760626193,-1.020060287274801,226.3238703700844,226.3238703700844,35.36750060771231,558.05,sim 12s
Qwen/Qwen-72B,a100,8,8192,NaiveSparse,0.0349,True,-1.6195993760626193,-1.020060287274801,226.3238703700844,226.3238703700844,35.36750060771231,558.05,sim 12s
Qwen/Qwen-72B,a100,1,16384,Dense,0.1397,True,-1.6195993760626193,-1.020060287274801,499.2441309029117,798.7141049231141,10.017698802076314,0.0,sim 25s
Qwen/Qwen-72B,a100,1,16384,NaiveSparse,0.1397,True,-1.6195993760626193,-1.020060287274801,499.2441309029117,798.7141049231141,10.017698802076314,0.0,sim 23s
Qwen/Qwen-72B,a100,2,16384,Dense,0.0698,True,-1.6195993760626193,-1.020060287274801,323.6309482227771,444.2916551470192,18.011359185623512,0.0,sim 19s
Qwen/Qwen-72B,a100,2,16384,NaiveSparse,0.0698,True,-1.6195993760626193,-1.020060287274801,323.6309482227771,444.2916551470192,18.011359185623512,0.0,sim 19s
Qwen/Qwen-72B,a100,4,16384,Dense,0.0349,True,-1.6195993760626193,-1.020060287274801,417.6572986200843,438.6633393700843,18.242523003285775,1422.82,sim 20s
Qwen/Qwen-72B,a100,4,16384,NaiveSparse,0.0349,True,-1.6195993760626193,-1.020060287274801,417.6572986200843,438.6633393700843,18.242523003285775,1422.82,sim 20s
Qwen/Qwen-72B,a100,1,32768,Dense,0.0698,True,-1.6195993760626193,-1.020060287274801,519.756694410909,831.5342065359094,9.622246260009987,262.56,sim 47s
Qwen/Qwen-72B,a100,1,32768,NaiveSparse,0.0698,True,-1.6195993760626193,-1.020060287274801,519.756694410909,831.5342065359094,9.622246260009987,262.56,sim 45s
Qwen/Qwen-72B,a100,2,32768,Dense,0.0349,True,-1.6195993760626193,-1.020060287274801,633.9305741609093,863.862771410909,9.262097235800443,3356.57,sim 36s
Qwen/Qwen-72B,a100,2,32768,NaiveSparse,0.0349,True,-1.6195993760626193,-1.020060287274801,633.9305741609093,863.862771410909,9.262097235800443,3356.57,sim 36s
Qwen/Qwen-72B,a100,1,65536,Dense,0.0349,True,-1.6195993760626193,-1.020060287274801,1079.5399444109096,1727.1874065359095,4.632149704032933,7427.79,sim 84s
Qwen/Qwen-72B,a100,1,65536,NaiveSparse,0.0349,True,-1.6195993760626193,-1.020060287274801,1079.5399444109096,1727.1874065359095,4.632149704032933,7427.79,sim 83s
Qwen/Qwen-72B,h100,1,4096,Dense,0.5588,True,-1.6195993760626193,-1.020060287274801,276.93782275139563,443.0240118806869,18.062910683468193,0.0,sim 7s
Qwen/Qwen-72B,h100,1,4096,NaiveSparse,0.5588,True,-1.6195993760626193,-1.020060287274801,276.93782275139563,443.0240118806869,18.062910683468193,0.0,sim 5s
Qwen/Qwen-72B,h100,2,4096,Dense,0.2794,True,-1.6195993760626193,-1.020060287274801,176.0819233318676,241.79667092201865,33.10310627930045,0.0,sim 7s
Qwen/Qwen-72B,h100,2,4096,NaiveSparse,0.2794,True,-1.6195993760626193,-1.020060287274801,176.0819233318676,241.79667092201865,33.10310627930045,0.0,sim 7s
Qwen/Qwen-72B,h100,4,4096,Dense,0.1397,True,-1.6195993760626193,-1.020060287274801,127.74383362210354,135.45442483582403,59.1161031346795,0.0,sim 7s
Qwen/Qwen-72B,h100,4,4096,NaiveSparse,0.1397,True,-1.6195993760626193,-1.020060287274801,127.74383362210354,135.45442483582403,59.1161031346795,0.0,sim 7s
Qwen/Qwen-72B,h100,8,4096,Dense,0.0698,True,-1.6195993760626193,-1.020060287274801,110.5708319162965,110.5708319162965,72.43534224347074,216.89,sim 8s
Qwen/Qwen-72B,h100,8,4096,NaiveSparse,0.0698,True,-1.6195993760626193,-1.020060287274801,110.5708319162965,110.5708319162965,72.43534224347074,216.89,sim 8s
Qwen/Qwen-72B,h100,1,8192,Dense,0.2794,True,-1.6195993760626193,-1.020060287274801,276.93782275139563,443.0240118806869,18.062910683468193,0.0,sim 13s
Qwen/Qwen-72B,h100,1,8192,NaiveSparse,0.2794,True,-1.6195993760626193,-1.020060287274801,276.93782275139563,443.0240118806869,18.062910683468193,0.0,sim 14s
Qwen/Qwen-72B,h100,2,8192,Dense,0.1397,True,-1.6195993760626193,-1.020060287274801,176.0819233318676,241.79667092201865,33.10310627930045,0.0,sim 11s
Qwen/Qwen-72B,h100,2,8192,NaiveSparse,0.1397,True,-1.6195993760626193,-1.020060287274801,176.0819233318676,241.79667092201865,33.10310627930045,0.0,sim 11s
Qwen/Qwen-72B,h100,4,8192,Dense,0.0698,True,-1.6195993760626193,-1.020060287274801,202.18092216629657,212.70126691629656,37.6339959518922,617.97,sim 12s
Qwen/Qwen-72B,h100,4,8192,NaiveSparse,0.0698,True,-1.6195993760626193,-1.020060287274801,202.18092216629657,212.70126691629656,37.6339959518922,617.97,sim 12s
Qwen/Qwen-72B,h100,8,8192,Dense,0.0349,True,-1.6195993760626193,-1.020060287274801,220.76621266629647,220.76621266629647,36.25837087501205,1098.45,sim 12s
Qwen/Qwen-72B,h100,8,8192,NaiveSparse,0.0349,True,-1.6195993760626193,-1.020060287274801,220.76621266629647,220.76621266629647,36.25837087501205,1098.45,sim 12s
Qwen/Qwen-72B,h100,1,16384,Dense,0.1397,True,-1.6195993760626193,-1.020060287274801,276.93782275139563,443.0240118806869,18.062910683468193,0.0,sim 25s
Qwen/Qwen-72B,h100,1,16384,NaiveSparse,0.1397,True,-1.6195993760626193,-1.020060287274801,276.93782275139563,443.0240118806869,18.062910683468193,0.0,sim 25s
meta-llama/Meta-Llama-3-70B,h200,1,524288,Dense,0.0,True,-1.6195993760626193,-1.020060287274801,1118.6180962859094,1789.7124495359071,4.470310300588129,8176.46,sim 623s
meta-llama/Meta-Llama-3-70B,h200,1,524288,NaiveSparse,0.0,True,-1.6195993760626193,-1.020060287274801,1118.6180962859094,1789.7124495359071,4.470310300588129,8176.46,sim 593s
Qwen/Qwen-72B,h100,2,16384,Dense,0.0698,True,-1.6195993760626193,-1.020060287274801,305.9770536662965,416.96213691629634,19.19226339685783,1401.32,sim 19s
Qwen/Qwen-72B,h100,2,16384,NaiveSparse,0.0698,True,-1.6195993760626193,-1.020060287274801,305.9770536662965,416.96213691629634,19.19226339685783,1401.32,sim 19s
Qwen/Qwen-72B,h100,4,16384,Dense,0.0349,True,-1.6195993760626193,-1.020060287274801,412.0996409162964,433.1056816662964,18.476681916051685,2381.21,sim 20s
Qwen/Qwen-72B,h100,4,16384,NaiveSparse,0.0349,True,-1.6195993760626193,-1.020060287274801,412.0996409162964,433.1056816662964,18.476681916051685,2381.21,sim 20s
Qwen/Qwen-72B,h100,1,32768,Dense,0.0698,True,-1.6195993760626193,-1.020060287274801,519.756694410909,831.5342065359094,9.622246260009987,3108.08,sim 47s
Qwen/Qwen-72B,h100,1,32768,NaiveSparse,0.0698,True,-1.6195993760626193,-1.020060287274801,519.756694410909,831.5342065359094,9.622246260009987,3108.08,sim 47s
Qwen/Qwen-72B,h100,2,32768,Dense,0.0349,True,-1.6195993760626193,-1.020060287274801,633.9305741609093,863.862771410909,9.262097235800443,4976.53,sim 37s
Qwen/Qwen-72B,h100,2,32768,NaiveSparse,0.0349,True,-1.6195993760626193,-1.020060287274801,633.9305741609093,863.862771410909,9.262097235800443,4976.53,sim 36s
Qwen/Qwen-72B,a40,1,4096,Dense,0.6519,True,-1.6195993760626193,-1.020060287274801,1408.9810824998328,2254.293227478187,3.548984854673797,0.0,sim 8s
Qwen/Qwen-72B,a40,1,4096,NaiveSparse,0.6519,True,-1.6195993760626193,-1.020060287274801,1408.9810824998328,2254.293227478187,3.548984854673797,0.0,sim 4s
Qwen/Qwen-72B,a40,2,4096,Dense,0.326,True,-1.6195993760626193,-1.020060287274801,897.8471458475954,1233.067893547811,6.488553778238209,0.0,sim 6s
Qwen/Qwen-72B,a40,2,4096,NaiveSparse,0.326,True,-1.6195993760626193,-1.020060287274801,897.8471458475954,1233.067893547811,6.488553778238209,0.0,sim 6s
Qwen/Qwen-72B,a40,4,4096,Dense,0.163,True,-1.6195993760626193,-1.020060287274801,675.2217375214791,715.1419168955771,11.188585705796353,0.0,sim 7s
Qwen/Qwen-72B,a40,4,4096,NaiveSparse,0.163,True,-1.6195993760626193,-1.020060287274801,675.2217375214791,715.1419168955771,11.188585705796353,0.0,sim 7s
Qwen/Qwen-72B,a40,8,4096,Dense,0.0815,True,-1.6195993760626193,-1.020060287274801,439.14828190279235,439.14828190279235,18.22237230467486,0.0,sim 8s
Qwen/Qwen-72B,a40,8,4096,NaiveSparse,0.0815,True,-1.6195993760626193,-1.020060287274801,439.14828190279235,439.14828190279235,18.22237230467486,0.0,sim 8s
Qwen/Qwen-72B,a40,1,8192,Dense,0.326,True,-1.6195993760626193,-1.020060287274801,1408.9810824998328,2254.293227478187,3.548984854673797,0.0,sim 14s
Qwen/Qwen-72B,a40,1,8192,NaiveSparse,0.326,True,-1.6195993760626193,-1.020060287274801,1408.9810824998328,2254.293227478187,3.548984854673797,0.0,sim 12s
Qwen/Qwen-72B,a40,2,8192,Dense,0.163,True,-1.6195993760626193,-1.020060287274801,897.8471458475954,1233.067893547811,6.488553778238209,0.0,sim 11s
Qwen/Qwen-72B,h100,1,65536,Dense,0.0349,True,-1.6195993760626193,-1.020060287274801,1079.5399444109096,1727.1874065359095,4.632149704032933,10273.31,sim 87s
Qwen/Qwen-72B,h100,1,65536,NaiveSparse,0.0349,True,-1.6195993760626193,-1.020060287274801,1079.5399444109096,1727.1874065359095,4.632149704032933,10273.31,sim 87s
Qwen/Qwen-72B,a40,2,8192,NaiveSparse,0.163,True,-1.6195993760626193,-1.020060287274801,897.8471458475954,1233.067893547811,6.488553778238209,0.0,sim 11s
Qwen/Qwen-72B,a40,4,8192,Dense,0.0815,True,-1.6195993760626193,-1.020060287274801,675.2217375214791,715.1419168955771,11.188585705796353,0.0,sim 12s
Qwen/Qwen-72B,a40,4,8192,NaiveSparse,0.0815,True,-1.6195993760626193,-1.020060287274801,675.2217375214791,715.1419168955771,11.188585705796353,0.0,sim 12s
Qwen/Qwen-72B,a40,8,8192,Dense,0.0407,True,-1.6195993760626193,-1.020060287274801,439.14828190279235,439.14828190279235,18.22237230467486,0.0,sim 12s
Qwen/Qwen-72B,a40,8,8192,NaiveSparse,0.0407,True,-1.6195993760626193,-1.020060287274801,439.14828190279235,439.14828190279235,18.22237230467486,0.0,sim 12s
Qwen/Qwen-72B,a40,1,16384,Dense,0.163,True,-1.6195993760626193,-1.020060287274801,1408.9810824998328,2254.293227478187,3.548984854673797,0.0,sim 25s
Qwen/Qwen-72B,a40,1,16384,NaiveSparse,0.163,True,-1.6195993760626193,-1.020060287274801,1408.9810824998328,2254.293227478187,3.548984854673797,0.0,sim 24s
Qwen/Qwen-72B,a40,2,16384,Dense,0.0815,True,-1.6195993760626193,-1.020060287274801,897.8471458475954,1233.067893547811,6.488553778238209,0.0,sim 24s
Qwen/Qwen-72B,a40,2,16384,NaiveSparse,0.0815,True,-1.6195993760626193,-1.020060287274801,897.8471458475954,1233.067893547811,6.488553778238209,0.0,sim 19s
Qwen/Qwen-72B,a40,4,16384,Dense,0.0407,True,-1.6195993760626193,-1.020060287274801,675.2217375214791,715.1419168955771,11.188585705796353,0.0,sim 20s
Qwen/Qwen-72B,a40,4,16384,NaiveSparse,0.0407,True,-1.6195993760626193,-1.020060287274801,675.2217375214791,715.1419168955771,11.188585705796353,0.0,sim 20s
Qwen/Qwen-72B,a40,1,32768,Dense,0.0815,True,-1.6195993760626193,-1.020060287274801,1408.9810824998328,2254.293227478187,3.548984854673797,0.0,sim 48s
Qwen/Qwen-72B,a40,1,32768,NaiveSparse,0.0815,True,-1.6195993760626193,-1.020060287274801,1408.9810824998328,2254.293227478187,3.548984854673797,0.0,sim 46s
Qwen/Qwen-72B,a40,2,32768,Dense,0.0407,True,-1.6195993760626193,-1.020060287274801,897.8471458475954,1233.067893547811,6.488553778238209,0.0,sim 36s
Qwen/Qwen-72B,a40,2,32768,NaiveSparse,0.0407,True,-1.6195993760626193,-1.020060287274801,897.8471458475954,1233.067893547811,6.488553778238209,0.0,sim 36s
Qwen/Qwen-72B,h200,1,4096,Dense,1.0,True,-1.6195993760626193,-1.020060287274801,276.82340942701154,442.84095056167274,18.070379668896674,0.0,sim 176s
Qwen/Qwen-72B,h200,1,4096,NaiveSparse,1.0,True,-1.6195993760626193,-1.020060287274801,276.82340942701154,442.84095056167274,18.070379668896674,0.0,copy-from-Dense (hbm_frac=1.0)
Qwen/Qwen-72B,h200,4,4096,Dense,1.0,True,-1.6195993760626193,-1.020060287274801,127.66710783325382,135.37173785183788,59.15224613510031,0.0,sim 4s
Qwen/Qwen-72B,h200,4,4096,NaiveSparse,1.0,True,-1.6195993760626193,-1.020060287274801,127.66710783325382,135.37173785183788,59.15224613510031,0.0,copy-from-Dense (hbm_frac=1.0)
Qwen/Qwen-72B,h200,2,4096,Dense,1.0,True,-1.6195993760626193,-1.020060287274801,175.98414798192613,241.66233814918243,33.12151700724681,0.0,sim 144s
Qwen/Qwen-72B,h200,2,4096,NaiveSparse,1.0,True,-1.6195993760626193,-1.020060287274801,175.98414798192613,241.66233814918243,33.12151700724681,0.0,copy-from-Dense (hbm_frac=1.0)
Qwen/Qwen-72B,a40,1,65536,Dense,0.0407,True,-1.6195993760626193,-1.020060287274801,1408.9810824998328,2254.293227478187,3.548984854673797,0.0,sim 189s
Qwen/Qwen-72B,a40,1,65536,NaiveSparse,0.0407,True,-1.6195993760626193,-1.020060287274801,1408.9810824998328,2254.293227478187,3.548984854673797,0.0,sim 187s
Qwen/Qwen-72B,h200,8,4096,Dense,0.78,True,-1.6195993760626193,-1.020060287274801,83.46285770316558,83.46285770316558,95.99767666355022,0.0,sim 4s
Qwen/Qwen-72B,h200,8,4096,NaiveSparse,0.78,True,-1.6195993760626193,-1.020060287274801,83.46285770316558,83.46285770316558,95.99767666355022,0.0,sim 4s
Qwen/Qwen-72B,h200,1,8192,Dense,1.0,True,-1.6195993760626193,-1.020060287274801,276.78150827927067,442.7739087252876,18.07311655195711,0.0,sim 6s
Qwen/Qwen-72B,h200,1,8192,NaiveSparse,1.0,True,-1.6195993760626193,-1.020060287274801,276.78150827927067,442.7739087252876,18.07311655195711,0.0,copy-from-Dense (hbm_frac=1.0)
Qwen/Qwen-72B,h200,2,8192,Dense,1.0,True,-1.6195993760626193,-1.020060287274801,175.98414798192613,241.66233814918243,33.12151700724681,0.0,sim 4s
Qwen/Qwen-72B,h200,2,8192,NaiveSparse,1.0,True,-1.6195993760626193,-1.020060287274801,175.98414798192613,241.66233814918243,33.12151700724681,0.0,copy-from-Dense (hbm_frac=1.0)
Qwen/Qwen-72B,h200,4,8192,Dense,0.78,True,-1.6195993760626193,-1.020060287274801,127.66710783325382,135.37173785183788,59.15224613510031,0.0,sim 5s
Qwen/Qwen-72B,h200,4,8192,NaiveSparse,0.78,True,-1.6195993760626193,-1.020060287274801,127.66710783325382,135.37173785183788,59.15224613510031,0.0,sim 5s
Qwen/Qwen-72B,h200,8,8192,Dense,0.39,True,-1.6195993760626193,-1.020060287274801,141.79873342949338,141.79873342949338,56.468770913362306,466.69,sim 9s
Qwen/Qwen-72B,h200,8,8192,NaiveSparse,0.39,True,-1.6195993760626193,-1.020060287274801,141.79873342949338,141.79873342949338,56.468770913362306,466.69,sim 8s
Qwen/Qwen-72B,h200,1,16384,Dense,1.0,True,-1.6195993760626193,-1.020060287274801,276.78150827927067,442.7739087252876,18.07311655195711,0.0,sim 8s
Qwen/Qwen-72B,h200,1,16384,NaiveSparse,1.0,True,-1.6195993760626193,-1.020060287274801,276.78150827927067,442.7739087252876,18.07311655195711,0.0,copy-from-Dense (hbm_frac=1.0)
Qwen/Qwen-72B,h200,2,16384,Dense,0.78,True,-1.6195993760626193,-1.020060287274801,175.98414798192613,241.66233814918243,33.12151700724681,0.0,sim 9s
Qwen/Qwen-72B,h200,2,16384,NaiveSparse,0.78,True,-1.6195993760626193,-1.020060287274801,175.98414798192613,241.66233814918243,33.12151700724681,0.0,sim 8s
Qwen/Qwen-72B,h200,4,16384,Dense,0.39,True,-1.6195993760626193,-1.020060287274801,259.3226921794934,276.1440118044934,28.98377407249322,1126.18,sim 14s
Qwen/Qwen-72B,h200,4,16384,NaiveSparse,0.39,True,-1.6195993760626193,-1.020060287274801,259.3226921794934,276.1440118044934,28.98377407249322,1126.18,sim 14s
Qwen/Qwen-72B,h200,1,32768,Dense,0.78,True,-1.6195993760626193,-1.020060287274801,276.78150827927067,442.7739087252876,18.07311655195711,0.0,sim 19s
Qwen/Qwen-72B,h200,1,32768,NaiveSparse,0.78,True,-1.6195993760626193,-1.020060287274801,276.78150827927067,442.7739087252876,18.07311655195711,0.0,sim 17s
Qwen/Qwen-72B,h200,2,32768,Dense,0.39,True,-1.6195993760626193,-1.020060287274801,393.5860510544932,542.0356523044932,14.762649495545629,2402.99,sim 24s
Qwen/Qwen-72B,h200,2,32768,NaiveSparse,0.39,True,-1.6195993760626193,-1.020060287274801,393.5860510544932,542.0356523044932,14.762649495545629,2402.99,sim 24s
Qwen/Qwen2-72B,a100,1,4096,Dense,1.0,True,-1.6195993760626193,-1.020060287274801,462.6547075359118,740.1710275359121,10.810175055650742,0.0,sim 6s
Qwen/Qwen2-72B,a100,1,4096,NaiveSparse,1.0,True,-1.6195993760626193,-1.020060287274801,462.6547075359118,740.1710275359121,10.810175055650742,0.0,copy-from-Dense (hbm_frac=1.0)
Qwen/Qwen2-72B,a100,2,4096,Dense,1.0,True,-1.6195993760626193,-1.020060287274801,280.88885153591104,386.0861755359117,20.727608066053207,0.0,sim 5s
Qwen/Qwen2-72B,a100,2,4096,NaiveSparse,1.0,True,-1.6195993760626193,-1.020060287274801,280.88885153591104,386.0861755359117,20.727608066053207,0.0,copy-from-Dense (hbm_frac=1.0)
Qwen/Qwen2-72B,a100,4,4096,Dense,1.0,True,-1.6195993760626193,-1.020060287274801,191.43910753591035,203.3135895359104,39.37277554276556,0.0,sim 4s
Qwen/Qwen2-72B,a100,4,4096,NaiveSparse,1.0,True,-1.6195993760626193,-1.020060287274801,191.43910753591035,203.3135895359104,39.37277554276556,0.0,copy-from-Dense (hbm_frac=1.0)
Qwen/Qwen2-72B,a100,8,4096,Dense,0.5122,True,-1.6195993760626193,-1.020060287274801,111.11041353590996,111.11041353590996,72.0831728806953,0.0,sim 6s
Qwen/Qwen2-72B,a100,8,4096,NaiveSparse,0.5122,True,-1.6195993760626193,-1.020060287274801,111.11041353590996,111.11041353590996,72.0831728806953,0.0,sim 6s
Qwen/Qwen-72B,h200,1,65536,Dense,0.39,True,-1.6195993760626193,-1.020060287274801,672.1269644109096,1075.3266385359095,7.440482204035559,5060.42,sim 55s
Qwen/Qwen-72B,h200,1,65536,NaiveSparse,0.39,True,-1.6195993760626193,-1.020060287274801,672.1269644109096,1075.3266385359095,7.440482204035559,5060.42,sim 54s
Qwen/Qwen2-72B,a100,1,8192,Dense,1.0,True,-1.6195993760626193,-1.020060287274801,462.6547075359118,740.1710275359121,10.810175055650742,0.0,sim 7s
Qwen/Qwen2-72B,a100,1,8192,NaiveSparse,1.0,True,-1.6195993760626193,-1.020060287274801,462.6547075359118,740.1710275359121,10.810175055650742,0.0,copy-from-Dense (hbm_frac=1.0)
Qwen/Qwen2-72B,a100,2,8192,Dense,1.0,True,-1.6195993760626193,-1.020060287274801,280.88885153591104,386.0861755359117,20.727608066053207,0.0,sim 6s
Qwen/Qwen2-72B,a100,2,8192,NaiveSparse,1.0,True,-1.6195993760626193,-1.020060287274801,280.88885153591104,386.0861755359117,20.727608066053207,0.0,copy-from-Dense (hbm_frac=1.0)
Qwen/Qwen2-72B,a100,4,8192,NaiveSparse,0.5122,True,-1.6195993760626193,-1.020060287274801,191.43910753591035,203.3135895359104,39.37277554276556,0.0,sim 11s
Qwen/Qwen2-72B,a100,4,8192,Dense,0.5122,True,-1.6195993760626193,-1.020060287274801,191.43910753591035,203.3135895359104,39.37277554276556,0.0,sim 11s
Qwen/Qwen2-72B,a100,8,8192,Dense,0.2561,True,-1.6195993760626193,-1.020060287274801,111.11041353590996,111.11041353590996,72.0831728806953,0.0,sim 11s
Qwen/Qwen2-72B,a100,8,8192,NaiveSparse,0.2561,True,-1.6195993760626193,-1.020060287274801,111.11041353590996,111.11041353590996,72.0831728806953,0.0,sim 11s
Qwen/Qwen2-72B,a100,1,16384,Dense,1.0,True,-1.6195993760626193,-1.020060287274801,462.6547075359118,740.1710275359121,10.810175055650742,0.0,sim 10s
Qwen/Qwen2-72B,a100,1,16384,NaiveSparse,1.0,True,-1.6195993760626193,-1.020060287274801,462.6547075359118,740.1710275359121,10.810175055650742,0.0,copy-from-Dense (hbm_frac=1.0)
Qwen/Qwen2-72B,a100,2,16384,Dense,0.5122,True,-1.6195993760626193,-1.020060287274801,280.88885153591104,386.0861755359117,20.727608066053207,0.0,sim 16s
Qwen/Qwen2-72B,a100,2,16384,NaiveSparse,0.5122,True,-1.6195993760626193,-1.020060287274801,280.88885153591104,386.0861755359117,20.727608066053207,0.0,sim 16s
Qwen/Qwen2-72B,a100,4,16384,Dense,0.2561,True,-1.6195993760626193,-1.020060287274801,191.43910753591035,203.3135895359104,39.37277554276556,0.0,sim 17s
Qwen/Qwen2-72B,a100,4,16384,NaiveSparse,0.2561,True,-1.6195993760626193,-1.020060287274801,191.43910753591035,203.3135895359104,39.37277554276556,0.0,sim 17s
Qwen/Qwen2-72B,a100,8,16384,Dense,0.1281,True,-1.6195993760626193,-1.020060287274801,111.11041353590996,111.11041353590996,72.0831728806953,0.0,sim 20s
Qwen/Qwen2-72B,a100,8,16384,NaiveSparse,0.1281,True,-1.6195993760626193,-1.020060287274801,111.11041353590996,111.11041353590996,72.0831728806953,0.0,sim 20s
Qwen/Qwen2-72B,a100,1,32768,Dense,0.5122,True,-1.6195993760626193,-1.020060287274801,462.6547075359118,740.1710275359121,10.810175055650742,0.0,sim 32s
Qwen/Qwen2-72B,a100,1,32768,NaiveSparse,0.5122,True,-1.6195993760626193,-1.020060287274801,462.6547075359118,740.1710275359121,10.810175055650742,0.0,sim 32s
Qwen/Qwen2-72B,a100,2,32768,Dense,0.2561,True,-1.6195993760626193,-1.020060287274801,280.88885153591104,386.0861755359117,20.727608066053207,0.0,sim 29s
Qwen/Qwen2-72B,a100,2,32768,NaiveSparse,0.2561,True,-1.6195993760626193,-1.020060287274801,280.88885153591104,386.0861755359117,20.727608066053207,0.0,sim 29s
Qwen/Qwen2-72B,a100,4,32768,Dense,0.1281,True,-1.6195993760626193,-1.020060287274801,191.43910753591035,203.3135895359104,39.37277554276556,0.0,sim 35s
Qwen/Qwen2-72B,a100,4,32768,NaiveSparse,0.1281,True,-1.6195993760626193,-1.020060287274801,191.43910753591035,203.3135895359104,39.37277554276556,0.0,sim 35s
Qwen/Qwen2-72B,a100,8,32768,Dense,0.064,True,-1.6195993760626193,-1.020060287274801,115.70629241090944,115.70629241090944,69.21685505391062,36.77,sim 38s
Qwen/Qwen2-72B,a100,8,32768,NaiveSparse,0.064,True,-1.6195993760626193,-1.020060287274801,115.70629241090944,115.70629241090944,69.21685505391062,36.77,sim 38s
Qwen/Qwen2-72B,a100,1,65536,NaiveSparse,0.2561,True,-1.6195993760626193,-1.020060287274801,462.6547075359118,740.1710275359121,10.810175055650742,0.0,sim 63s
Qwen/Qwen2-72B,a100,1,65536,Dense,0.2561,True,-1.6195993760626193,-1.020060287274801,462.6547075359118,740.1710275359121,10.810175055650742,0.0,sim 70s
Qwen/Qwen2-72B,a100,2,65536,Dense,0.1281,True,-1.6195993760626193,-1.020060287274801,280.88885153591104,386.0861755359117,20.727608066053207,0.0,sim 63s
Qwen/Qwen2-72B,a100,2,65536,NaiveSparse,0.1281,True,-1.6195993760626193,-1.020060287274801,280.88885153591104,386.0861755359117,20.727608066053207,0.0,sim 63s
Qwen/Qwen2-72B,a100,4,65536,Dense,0.064,True,-1.6195993760626193,-1.020060287274801,207.85889041090942,219.7333724109095,36.4288995858722,131.36,sim 69s
Qwen/Qwen2-72B,a100,4,65536,NaiveSparse,0.064,True,-1.6195993760626193,-1.020060287274801,207.85889041090942,219.7333724109095,36.4288995858722,131.36,sim 69s
Qwen/Qwen2-72B,a100,8,65536,Dense,0.032,True,-1.6195993760626193,-1.020060287274801,225.59861478590943,225.59861478590943,35.48126452907193,915.91,sim 74s
Qwen/Qwen2-72B,a100,8,65536,NaiveSparse,0.032,True,-1.6195993760626193,-1.020060287274801,225.59861478590943,225.59861478590943,35.48126452907193,915.91,sim 74s
Qwen/Qwen2-72B,a100,1,131072,NaiveSparse,0.1281,True,-1.6195993760626193,-1.020060287274801,462.6547075359118,740.1710275359121,10.810175055650742,0.0,sim 137s
Qwen/Qwen2-72B,a100,1,131072,Dense,0.1281,True,-1.6195993760626193,-1.020060287274801,462.6547075359118,740.1710275359121,10.810175055650742,0.0,sim 144s
Qwen/Qwen2-72B,a100,2,131072,Dense,0.064,True,-1.6195993760626193,-1.020060287274801,312.4475744109094,428.6216229109095,18.670034693472356,340.28,sim 132s
Qwen/Qwen2-72B,a100,2,131072,NaiveSparse,0.064,True,-1.6195993760626193,-1.020060287274801,312.4475744109094,428.6216229109095,18.670034693472356,340.28,sim 130s
Qwen/Qwen2-72B,a100,4,131072,Dense,0.032,True,-1.6195993760626193,-1.020060287274801,417.57920791090953,438.5534617859095,18.247094914089466,1881.92,sim 137s
Qwen/Qwen2-72B,a100,4,131072,NaiveSparse,0.032,True,-1.6195993760626193,-1.020060287274801,417.57920791090953,438.5534617859095,18.247094914089466,1881.92,sim 138s
Qwen/Qwen2-72B,a100,1,262144,NaiveSparse,0.064,True,-1.6195993760626193,-1.020060287274801,523.1519862859096,836.9666735359099,9.55978200475382,774.37,sim 276s
Qwen/Qwen2-72B,a100,1,262144,Dense,0.064,True,-1.6195993760626193,-1.020060287274801,523.1519862859096,836.9666735359099,9.55978200475382,774.37,sim 292s
Qwen/Qwen2-72B,a100,2,262144,Dense,0.032,True,-1.6195993760626193,-1.020060287274801,635.5321197859093,865.9765476609097,9.239485902583043,3839.12,sim 266s
Qwen/Qwen2-72B,a100,2,262144,NaiveSparse,0.032,True,-1.6195993760626193,-1.020060287274801,635.5321197859093,865.9765476609097,9.239485902583043,3839.12,sim 267s
Qwen/Qwen2-72B,h100,1,4096,Dense,1.0,True,-1.6195993760626193,-1.020060287274801,250.47203951282205,400.6787586989703,19.972475374301776,0.0,sim 5s
Qwen/Qwen2-72B,h100,1,4096,NaiveSparse,1.0,True,-1.6195993760626193,-1.020060287274801,250.47203951282205,400.6787586989703,19.972475374301776,0.0,copy-from-Dense (hbm_frac=1.0)
Qwen/Qwen2-72B,h100,2,4096,Dense,1.0,True,-1.6195993760626193,-1.020060287274801,151.70493472205703,208.50922241686234,38.39108438362907,0.0,sim 3s
Qwen/Qwen2-72B,h100,2,4096,NaiveSparse,1.0,True,-1.6195993760626193,-1.020060287274801,151.70493472205703,208.50922241686234,38.39108438362907,0.0,copy-from-Dense (hbm_frac=1.0)
Qwen/Qwen2-72B,h100,4,4096,Dense,1.0,True,-1.6195993760626193,-1.020060287274801,103.46662032667449,109.8719496260973,72.89663009472135,0.0,sim 3s
Qwen/Qwen2-72B,h100,4,4096,NaiveSparse,1.0,True,-1.6195993760626193,-1.020060287274801,103.46662032667449,109.8719496260973,72.89663009472135,0.0,copy-from-Dense (hbm_frac=1.0)
Qwen/Qwen2-72B,h100,8,4096,Dense,0.5122,True,-1.6195993760626193,-1.020060287274801,60.18343923071473,60.18343923071473,133.20915643528298,0.0,sim 6s
Qwen/Qwen2-72B,h100,8,4096,NaiveSparse,0.5122,True,-1.6195993760626193,-1.020060287274801,60.18343923071473,60.18343923071473,133.20915643528298,0.0,sim 6s
Qwen/Qwen2-72B,h100,2,8192,Dense,1.0,True,-1.6195993760626193,-1.020060287274801,151.70493472205703,208.50922241686234,38.39108438362907,0.0,sim 4s
Qwen/Qwen2-72B,h100,2,8192,NaiveSparse,1.0,True,-1.6195993760626193,-1.020060287274801,151.70493472205703,208.50922241686234,38.39108438362907,0.0,copy-from-Dense (hbm_frac=1.0)
Qwen/Qwen2-72B,h100,1,8192,Dense,1.0,True,-1.6195993760626193,-1.020060287274801,250.47203951282205,400.6787586989703,19.972475374301776,0.0,sim 6s
Qwen/Qwen2-72B,h100,1,8192,NaiveSparse,1.0,True,-1.6195993760626193,-1.020060287274801,250.47203951282205,400.6787586989703,19.972475374301776,0.0,copy-from-Dense (hbm_frac=1.0)
Qwen/Qwen2-72B,h100,4,8192,Dense,0.5122,True,-1.6195993760626193,-1.020060287274801,103.46662032667449,109.8719496260973,72.89663009472135,0.0,sim 8s
Qwen/Qwen2-72B,h100,4,8192,NaiveSparse,0.5122,True,-1.6195993760626193,-1.020060287274801,103.46662032667449,109.8719496260973,72.89663009472135,0.0,sim 8s
Qwen/Qwen2-72B,h100,8,8192,Dense,0.2561,True,-1.6195993760626193,-1.020060287274801,60.18343923071473,60.18343923071473,133.20915643528298,0.0,sim 10s
Qwen/Qwen2-72B,h100,8,8192,NaiveSparse,0.2561,True,-1.6195993760626193,-1.020060287274801,60.18343923071473,60.18343923071473,133.20915643528298,0.0,sim 10s
Qwen/Qwen2-72B,h100,1,16384,Dense,1.0,True,-1.6195993760626193,-1.020060287274801,250.47203951282205,400.6787586989703,19.972475374301776,0.0,sim 8s
Qwen/Qwen2-72B,h100,1,16384,NaiveSparse,1.0,True,-1.6195993760626193,-1.020060287274801,250.47203951282205,400.6787586989703,19.972475374301776,0.0,copy-from-Dense (hbm_frac=1.0)
Qwen/Qwen2-72B,h100,2,16384,Dense,0.5122,True,-1.6195993760626193,-1.020060287274801,151.70493472205703,208.50922241686234,38.39108438362907,0.0,sim 14s
Qwen/Qwen2-72B,h100,2,16384,NaiveSparse,0.5122,True,-1.6195993760626193,-1.020060287274801,151.70493472205703,208.50922241686234,38.39108438362907,0.0,sim 12s
Qwen/Qwen2-72B,h100,4,16384,Dense,0.2561,True,-1.6195993760626193,-1.020060287274801,103.46662032667449,109.8719496260973,72.89663009472135,0.0,sim 16s
Qwen/Qwen2-72B,h100,4,16384,NaiveSparse,0.2561,True,-1.6195993760626193,-1.020060287274801,103.46662032667449,109.8719496260973,72.89663009472135,0.0,sim 16s
Qwen/Qwen2-72B,h100,8,16384,Dense,0.1281,True,-1.6195993760626193,-1.020060287274801,60.18343923071473,60.18343923071473,133.20915643528298,0.0,sim 19s
Qwen/Qwen2-72B,h100,8,16384,NaiveSparse,0.1281,True,-1.6195993760626193,-1.020060287274801,60.18343923071473,60.18343923071473,133.20915643528298,0.0,sim 19s
Qwen/Qwen2-72B,h100,1,32768,Dense,0.5122,True,-1.6195993760626193,-1.020060287274801,250.47203951282205,400.6787586989703,19.972475374301776,0.0,sim 29s
Qwen/Qwen2-72B,h100,1,32768,NaiveSparse,0.5122,True,-1.6195993760626193,-1.020060287274801,250.47203951282205,400.6787586989703,19.972475374301776,0.0,sim 29s
Qwen/Qwen2-72B,h100,2,32768,Dense,0.2561,True,-1.6195993760626193,-1.020060287274801,151.70493472205703,208.50922241686234,38.39108438362907,0.0,sim 29s
Qwen/Qwen2-72B,h100,2,32768,NaiveSparse,0.2561,True,-1.6195993760626193,-1.020060287274801,151.70493472205703,208.50922241686234,38.39108438362907,0.0,sim 29s
Qwen/Qwen2-72B,h100,4,32768,Dense,0.1281,True,-1.6195993760626193,-1.020060287274801,103.46662032667449,109.8719496260973,72.89663009472135,0.0,sim 34s
Qwen/Qwen2-72B,h100,4,32768,NaiveSparse,0.1281,True,-1.6195993760626193,-1.020060287274801,103.46662032667449,109.8719496260973,72.89663009472135,0.0,sim 34s
Qwen/Qwen2-72B,h100,8,32768,Dense,0.064,True,-1.6195993760626193,-1.020060287274801,110.19237458533215,110.19237458533215,72.68441069762737,400.07,sim 38s
Qwen/Qwen2-72B,h100,8,32768,NaiveSparse,0.064,True,-1.6195993760626193,-1.020060287274801,110.19237458533215,110.19237458533215,72.68441069762737,400.07,sim 38s
Qwen/Qwen2-72B,h100,1,65536,Dense,0.2561,True,-1.6195993760626193,-1.020060287274801,250.47203951282205,400.6787586989703,19.972475374301776,0.0,sim 65s
Qwen/Qwen2-72B,h100,1,65536,NaiveSparse,0.2561,True,-1.6195993760626193,-1.020060287274801,250.47203951282205,400.6787586989703,19.972475374301776,0.0,sim 62s
Qwen/Qwen2-72B,a100,1,524288,Dense,0.032,True,-1.6195993760626193,-1.020060287274801,1082.4061662859099,1731.7733615359086,4.6198822822348315,7932.82,sim 593s
Qwen/Qwen2-72B,a100,1,524288,NaiveSparse,0.032,True,-1.6195993760626193,-1.020060287274801,1082.4061662859099,1731.7733615359086,4.6198822822348315,7932.82,sim 577s
Qwen/Qwen2-72B,h100,2,65536,Dense,0.1281,True,-1.6195993760626193,-1.020060287274801,151.70493472205703,208.50922241686234,38.39108438362907,0.0,sim 63s
Qwen/Qwen2-72B,h100,2,65536,NaiveSparse,0.1281,True,-1.6195993760626193,-1.020060287274801,151.70493472205703,208.50922241686234,38.39108438362907,0.0,sim 63s
Qwen/Qwen2-72B,h100,4,65536,Dense,0.064,True,-1.6195993760626193,-1.020060287274801,202.5543237103322,213.0438415853322,37.57344421561858,825.38,sim 69s
Qwen/Qwen2-72B,h100,4,65536,NaiveSparse,0.064,True,-1.6195993760626193,-1.020060287274801,202.5543237103322,213.0438415853322,37.57344421561858,825.38,sim 69s
Qwen/Qwen2-72B,h100,8,65536,Dense,0.032,True,-1.6195993760626193,-1.020060287274801,220.29404808533218,220.29404808533218,36.336129822615646,1280.88,sim 74s
Qwen/Qwen2-72B,h100,8,65536,NaiveSparse,0.032,True,-1.6195993760626193,-1.020060287274801,220.29404808533218,220.29404808533218,36.336129822615646,1280.88,sim 74s
Qwen/Qwen2-72B,h100,1,131072,Dense,0.1281,True,-1.6195993760626193,-1.020060287274801,250.47203951282205,400.6787586989703,19.972475374301776,0.0,sim 140s
Qwen/Qwen2-72B,h100,1,131072,NaiveSparse,0.1281,True,-1.6195993760626193,-1.020060287274801,250.47203951282205,400.6787586989703,19.972475374301776,0.0,sim 132s
Qwen/Qwen2-72B,h100,2,131072,Dense,0.064,True,-1.6195993760626193,-1.020060287274801,307.14300771033214,418.74677558533216,19.110443810377856,1681.9,sim 131s
Qwen/Qwen2-72B,h100,2,131072,NaiveSparse,0.064,True,-1.6195993760626193,-1.020060287274801,307.14300771033214,418.74677558533216,19.110443810377856,1681.9,sim 131s
Qwen/Qwen2-72B,h100,4,131072,Dense,0.032,True,-1.6195993760626193,-1.020060287274801,412.2746412103323,433.2488950853323,18.47057252301384,2587.02,sim 138s
Qwen/Qwen2-72B,h100,4,131072,NaiveSparse,0.032,True,-1.6195993760626193,-1.020060287274801,412.2746412103323,433.2488950853323,18.47057252301384,2587.02,sim 138s
Qwen/Qwen2-72B,h100,1,262144,Dense,0.064,True,-1.6195993760626193,-1.020060287274801,523.1519862859096,836.9666735359099,9.55978200475382,3490.3,sim 288s
Qwen/Qwen2-72B,h100,1,262144,NaiveSparse,0.064,True,-1.6195993760626193,-1.020060287274801,523.1519862859096,836.9666735359099,9.55978200475382,3490.3,sim 276s
Qwen/Qwen2-72B,h100,2,262144,Dense,0.032,True,-1.6195993760626193,-1.020060287274801,635.5321197859093,865.9765476609097,9.239485902583043,5259.74,sim 266s
Qwen/Qwen2-72B,h100,2,262144,NaiveSparse,0.032,True,-1.6195993760626193,-1.020060287274801,635.5321197859093,865.9765476609097,9.239485902583043,5259.74,sim 267s
Qwen/Qwen2-72B,a40,1,4096,Dense,1.0,True,-1.6195993760626193,-1.020060287274801,1277.4735875359092,2043.8812355359094,3.914365948498468,0.0,sim 6s
Qwen/Qwen2-72B,a40,1,4096,NaiveSparse,1.0,True,-1.6195993760626193,-1.020060287274801,1277.4735875359092,2043.8812355359094,3.914365948498468,0.0,copy-from-Dense (hbm_frac=1.0)
Qwen/Qwen2-72B,a40,2,4096,Dense,1.0,True,-1.6195993760626193,-1.020060287274801,773.7619395359097,1063.67847153591,7.521971462384942,0.0,sim 4s
Qwen/Qwen2-72B,a40,2,4096,NaiveSparse,1.0,True,-1.6195993760626193,-1.020060287274801,773.7619395359097,1063.67847153591,7.521971462384942,0.0,copy-from-Dense (hbm_frac=1.0)
Qwen/Qwen2-72B,a40,4,4096,Dense,1.0,True,-1.6195993760626193,-1.020060287274801,525.7272395359099,558.2686895359099,14.333291034597034,0.0,sim 4s
Qwen/Qwen2-72B,a40,4,4096,NaiveSparse,1.0,True,-1.6195993760626193,-1.020060287274801,525.7272395359099,558.2686895359099,14.333291034597034,0.0,copy-from-Dense (hbm_frac=1.0)
Qwen/Qwen2-72B,a40,8,4096,Dense,0.6286,True,-1.6195993760626193,-1.020060287274801,305.1861775359095,305.1861775359095,26.22446364169881,0.0,sim 5s
Qwen/Qwen2-72B,a40,8,4096,NaiveSparse,0.6286,True,-1.6195993760626193,-1.020060287274801,305.1861775359095,305.1861775359095,26.22446364169881,0.0,sim 5s
Qwen/Qwen2-72B,a40,1,8192,Dense,1.0,True,-1.6195993760626193,-1.020060287274801,1277.4735875359092,2043.8812355359094,3.914365948498468,0.0,sim 7s
Qwen/Qwen2-72B,a40,1,8192,NaiveSparse,1.0,True,-1.6195993760626193,-1.020060287274801,1277.4735875359092,2043.8812355359094,3.914365948498468,0.0,copy-from-Dense (hbm_frac=1.0)
Qwen/Qwen2-72B,a40,2,8192,Dense,1.0,True,-1.6195993760626193,-1.020060287274801,773.7619395359097,1063.67847153591,7.521971462384942,0.0,sim 6s
Qwen/Qwen2-72B,a40,2,8192,NaiveSparse,1.0,True,-1.6195993760626193,-1.020060287274801,773.7619395359097,1063.67847153591,7.521971462384942,0.0,copy-from-Dense (hbm_frac=1.0)
Qwen/Qwen2-72B,a40,4,8192,Dense,0.6286,True,-1.6195993760626193,-1.020060287274801,525.7272395359099,558.2686895359099,14.333291034597034,0.0,sim 7s
Qwen/Qwen2-72B,a40,4,8192,NaiveSparse,0.6286,True,-1.6195993760626193,-1.020060287274801,525.7272395359099,558.2686895359099,14.333291034597034,0.0,sim 7s
Qwen/Qwen2-72B,a40,8,8192,Dense,0.3143,True,-1.6195993760626193,-1.020060287274801,305.1861775359095,305.1861775359095,26.22446364169881,0.0,sim 10s
Qwen/Qwen2-72B,a40,8,8192,NaiveSparse,0.3143,True,-1.6195993760626193,-1.020060287274801,305.1861775359095,305.1861775359095,26.22446364169881,0.0,sim 10s
Qwen/Qwen2-72B,a40,1,16384,Dense,1.0,True,-1.6195993760626193,-1.020060287274801,1277.4735875359092,2043.8812355359094,3.914365948498468,0.0,sim 9s
Qwen/Qwen2-72B,a40,1,16384,NaiveSparse,1.0,True,-1.6195993760626193,-1.020060287274801,1277.4735875359092,2043.8812355359094,3.914365948498468,0.0,copy-from-Dense (hbm_frac=1.0)
Qwen/Qwen2-72B,a40,2,16384,Dense,0.6286,True,-1.6195993760626193,-1.020060287274801,773.7619395359097,1063.67847153591,7.521971462384942,0.0,sim 13s
Qwen/Qwen2-72B,a40,2,16384,NaiveSparse,0.6286,True,-1.6195993760626193,-1.020060287274801,773.7619395359097,1063.67847153591,7.521971462384942,0.0,sim 10s
Qwen/Qwen2-72B,a40,4,16384,Dense,0.3143,True,-1.6195993760626193,-1.020060287274801,525.7272395359099,558.2686895359099,14.333291034597034,0.0,sim 16s
Qwen/Qwen2-72B,a40,4,16384,NaiveSparse,0.3143,True,-1.6195993760626193,-1.020060287274801,525.7272395359099,558.2686895359099,14.333291034597034,0.0,sim 16s
Qwen/Qwen2-72B,a40,8,16384,Dense,0.1572,True,-1.6195993760626193,-1.020060287274801,305.1861775359095,305.1861775359095,26.22446364169881,0.0,sim 19s
Qwen/Qwen2-72B,a40,8,16384,NaiveSparse,0.1572,True,-1.6195993760626193,-1.020060287274801,305.1861775359095,305.1861775359095,26.22446364169881,0.0,sim 19s
Qwen/Qwen2-72B,a40,1,32768,Dense,0.6286,True,-1.6195993760626193,-1.020060287274801,1277.4735875359092,2043.8812355359094,3.914365948498468,0.0,sim 26s
Qwen/Qwen2-72B,a40,1,32768,NaiveSparse,0.6286,True,-1.6195993760626193,-1.020060287274801,1277.4735875359092,2043.8812355359094,3.914365948498468,0.0,sim 26s
Qwen/Qwen2-72B,a40,2,32768,Dense,0.3143,True,-1.6195993760626193,-1.020060287274801,773.7619395359097,1063.67847153591,7.521971462384942,0.0,sim 27s
Qwen/Qwen2-72B,a40,2,32768,NaiveSparse,0.3143,True,-1.6195993760626193,-1.020060287274801,773.7619395359097,1063.67847153591,7.521971462384942,0.0,sim 27s
Qwen/Qwen2-72B,a40,4,32768,Dense,0.1572,True,-1.6195993760626193,-1.020060287274801,525.7272395359099,558.2686895359099,14.333291034597034,0.0,sim 33s
Qwen/Qwen2-72B,a40,4,32768,NaiveSparse,0.1572,True,-1.6195993760626193,-1.020060287274801,525.7272395359099,558.2686895359099,14.333291034597034,0.0,sim 33s
Qwen/Qwen2-72B,a40,8,32768,Dense,0.0786,True,-1.6195993760626193,-1.020060287274801,305.1861775359095,305.1861775359095,26.22446364169881,0.0,sim 37s
Qwen/Qwen2-72B,a40,8,32768,NaiveSparse,0.0786,True,-1.6195993760626193,-1.020060287274801,305.1861775359095,305.1861775359095,26.22446364169881,0.0,sim 37s
Qwen/Qwen2-72B,a40,1,65536,Dense,0.3143,True,-1.6195993760626193,-1.020060287274801,1277.4735875359092,2043.8812355359094,3.914365948498468,0.0,sim 62s
Qwen/Qwen2-72B,a40,1,65536,NaiveSparse,0.3143,True,-1.6195993760626193,-1.020060287274801,1277.4735875359092,2043.8812355359094,3.914365948498468,0.0,sim 59s
Qwen/Qwen2-72B,h100,1,524288,NaiveSparse,0.032,True,-1.6195993760626193,-1.020060287274801,1082.4061662859099,1731.7733615359086,4.6198822822348315,10648.76,sim 570s
Qwen/Qwen2-72B,h100,1,524288,Dense,0.032,True,-1.6195993760626193,-1.020060287274801,1082.4061662859099,1731.7733615359086,4.6198822822348315,10648.76,sim 595s
Qwen/Qwen2-72B,a40,2,65536,Dense,0.1572,True,-1.6195993760626193,-1.020060287274801,773.7619395359097,1063.67847153591,7.521971462384942,0.0,sim 61s
Qwen/Qwen2-72B,a40,2,65536,NaiveSparse,0.1572,True,-1.6195993760626193,-1.020060287274801,773.7619395359097,1063.67847153591,7.521971462384942,0.0,sim 61s
Qwen/Qwen2-72B,a40,4,65536,Dense,0.0786,True,-1.6195993760626193,-1.020060287274801,525.7272395359099,558.2686895359099,14.333291034597034,0.0,sim 69s
Qwen/Qwen2-72B,a40,4,65536,NaiveSparse,0.0786,True,-1.6195993760626193,-1.020060287274801,525.7272395359099,558.2686895359099,14.333291034597034,0.0,sim 68s
Qwen/Qwen2-72B,a40,8,65536,Dense,0.0393,True,-1.6195993760626193,-1.020060287274801,305.1861775359095,305.1861775359095,26.22446364169881,0.0,sim 74s
Qwen/Qwen2-72B,a40,8,65536,NaiveSparse,0.0393,True,-1.6195993760626193,-1.020060287274801,305.1861775359095,305.1861775359095,26.22446364169881,0.0,sim 73s
Qwen/Qwen2-72B,a40,1,131072,NaiveSparse,0.1572,True,-1.6195993760626193,-1.020060287274801,1277.4735875359092,2043.8812355359094,3.914365948498468,0.0,sim 132s
Qwen/Qwen2-72B,a40,1,131072,Dense,0.1572,True,-1.6195993760626193,-1.020060287274801,1277.4735875359092,2043.8812355359094,3.914365948498468,0.0,sim 139s
Qwen/Qwen2-72B,a40,2,131072,Dense,0.0786,True,-1.6195993760626193,-1.020060287274801,773.7619395359097,1063.67847153591,7.521971462384942,0.0,sim 134s
Qwen/Qwen2-72B,a40,2,131072,NaiveSparse,0.0786,True,-1.6195993760626193,-1.020060287274801,773.7619395359097,1063.67847153591,7.521971462384942,0.0,sim 129s
Qwen/Qwen2-72B,a40,4,131072,Dense,0.0393,True,-1.6195993760626193,-1.020060287274801,525.7272395359099,558.2686895359099,14.333291034597034,0.0,sim 138s
Qwen/Qwen2-72B,a40,4,131072,NaiveSparse,0.0393,True,-1.6195993760626193,-1.020060287274801,525.7272395359099,558.2686895359099,14.333291034597034,0.0,sim 137s
Qwen/Qwen2-72B,a40,1,262144,NaiveSparse,0.0786,True,-1.6195993760626193,-1.020060287274801,1277.4735875359092,2043.8812355359094,3.914365948498468,0.0,sim 274s
Qwen/Qwen2-72B,a40,1,262144,Dense,0.0786,True,-1.6195993760626193,-1.020060287274801,1277.4735875359092,2043.8812355359094,3.914365948498468,0.0,sim 285s
Qwen/Qwen2-72B,a40,2,262144,NaiveSparse,0.0393,True,-1.6195993760626193,-1.020060287274801,773.7619395359097,1063.67847153591,7.521971462384942,0.0,sim 265s
Qwen/Qwen2-72B,a40,2,262144,Dense,0.0393,True,-1.6195993760626193,-1.020060287274801,773.7619395359097,1063.67847153591,7.521971462384942,0.0,sim 267s
Qwen/Qwen2-72B,h200,1,4096,Dense,1.0,True,-1.6195993760626193,-1.020060287274801,251.40482400166582,402.1712138811198,19.898334120745783,0.0,sim 154s
Qwen/Qwen2-72B,h200,1,4096,NaiveSparse,1.0,True,-1.6195993760626193,-1.020060287274801,251.40482400166582,402.1712138811198,19.898334120745783,0.0,copy-from-Dense (hbm_frac=1.0)
Qwen/Qwen2-72B,h200,4,4096,Dense,1.0,True,-1.6195993760626193,-1.020060287274801,103.8301941222119,110.25869103385581,72.64064314853358,0.0,sim 4s
Qwen/Qwen2-72B,h200,4,4096,NaiveSparse,1.0,True,-1.6195993760626193,-1.020060287274801,103.8301941222119,110.25869103385581,72.64064314853358,0.0,copy-from-Dense (hbm_frac=1.0)
Qwen/Qwen2-72B,h200,8,4096,Dense,1.0,True,-1.6195993760626193,-1.020060287274801,60.389547740704515,60.389547740704515,132.7535538593236,0.0,sim 4s
Qwen/Qwen2-72B,h200,8,4096,NaiveSparse,1.0,True,-1.6195993760626193,-1.020060287274801,60.389547740704515,60.389547740704515,132.7535538593236,0.0,copy-from-Dense (hbm_frac=1.0)
Qwen/Qwen2-72B,h200,2,4096,Dense,1.0,True,-1.6195993760626193,-1.020060287274801,152.27056141536323,209.28680162015849,38.248360107668034,0.0,sim 101s
Qwen/Qwen2-72B,h200,2,4096,NaiveSparse,1.0,True,-1.6195993760626193,-1.020060287274801,152.27056141536323,209.28680162015849,38.248360107668034,0.0,copy-from-Dense (hbm_frac=1.0)
Qwen/Qwen2-72B,h200,1,8192,Dense,1.0,True,-1.6195993760626193,-1.020060287274801,251.4050906683325,402.1716405477864,19.898313003770824,0.0,sim 8s
Qwen/Qwen2-72B,h200,1,8192,NaiveSparse,1.0,True,-1.6195993760626193,-1.020060287274801,251.4050906683325,402.1716405477864,19.898313003770824,0.0,copy-from-Dense (hbm_frac=1.0)
Qwen/Qwen2-72B,h200,2,8192,Dense,1.0,True,-1.6195993760626193,-1.020060287274801,152.27056141536323,209.28680162015849,38.248360107668034,0.0,sim 8s
Qwen/Qwen2-72B,h200,2,8192,NaiveSparse,1.0,True,-1.6195993760626193,-1.020060287274801,152.27056141536323,209.28680162015849,38.248360107668034,0.0,copy-from-Dense (hbm_frac=1.0)
Qwen/Qwen2-72B,h200,4,8192,Dense,1.0,True,-1.6195993760626193,-1.020060287274801,103.8317407888786,110.26010570052252,72.6397100706055,0.0,sim 4s
Qwen/Qwen2-72B,h200,4,8192,NaiveSparse,1.0,True,-1.6195993760626193,-1.020060287274801,103.8317407888786,110.26010570052252,72.6397100706055,0.0,copy-from-Dense (hbm_frac=1.0)
Qwen/Qwen2-72B,h200,8,8192,Dense,1.0,True,-1.6195993760626193,-1.020060287274801,60.38393707403785,60.38393707403785,132.76591496244953,0.0,sim 4s
Qwen/Qwen2-72B,h200,8,8192,NaiveSparse,1.0,True,-1.6195993760626193,-1.020060287274801,60.38393707403785,60.38393707403785,132.76591496244953,0.0,copy-from-Dense (hbm_frac=1.0)
Qwen/Qwen2-72B,h200,1,16384,Dense,1.0,True,-1.6195993760626193,-1.020060287274801,251.4050906683325,402.1716405477864,19.898313003770824,0.0,sim 11s
Qwen/Qwen2-72B,h200,1,16384,NaiveSparse,1.0,True,-1.6195993760626193,-1.020060287274801,251.4050906683325,402.1716405477864,19.898313003770824,0.0,copy-from-Dense (hbm_frac=1.0)
Qwen/Qwen2-72B,h200,2,16384,Dense,1.0,True,-1.6195993760626193,-1.020060287274801,152.27056141536323,209.28680162015849,38.248360107668034,0.0,sim 9s
Qwen/Qwen2-72B,h200,2,16384,NaiveSparse,1.0,True,-1.6195993760626193,-1.020060287274801,152.27056141536323,209.28680162015849,38.248360107668034,0.0,copy-from-Dense (hbm_frac=1.0)
Qwen/Qwen2-72B,h200,4,16384,Dense,1.0,True,-1.6195993760626193,-1.020060287274801,103.8317407888786,110.26010570052252,72.6397100706055,0.0,sim 4s
Qwen/Qwen2-72B,h200,4,16384,NaiveSparse,1.0,True,-1.6195993760626193,-1.020060287274801,103.8317407888786,110.26010570052252,72.6397100706055,0.0,copy-from-Dense (hbm_frac=1.0)
Qwen/Qwen2-72B,h200,8,16384,Dense,1.0,True,-1.6195993760626193,-1.020060287274801,60.38393707403785,60.38393707403785,132.76591496244953,0.0,sim 4s
Qwen/Qwen2-72B,h200,8,16384,NaiveSparse,1.0,True,-1.6195993760626193,-1.020060287274801,60.38393707403785,60.38393707403785,132.76591496244953,0.0,copy-from-Dense (hbm_frac=1.0)
Qwen/Qwen2-72B,h200,1,32768,Dense,1.0,True,-1.6195993760626193,-1.020060287274801,251.4050906683325,402.1716405477864,19.898313003770824,0.0,sim 17s
Qwen/Qwen2-72B,h200,1,32768,NaiveSparse,1.0,True,-1.6195993760626193,-1.020060287274801,251.4050906683325,402.1716405477864,19.898313003770824,0.0,copy-from-Dense (hbm_frac=1.0)
Qwen/Qwen2-72B,h200,2,32768,Dense,1.0,True,-1.6195993760626193,-1.020060287274801,152.27056141536323,209.28680162015849,38.248360107668034,0.0,sim 18s
Qwen/Qwen2-72B,h200,2,32768,NaiveSparse,1.0,True,-1.6195993760626193,-1.020060287274801,152.27056141536323,209.28680162015849,38.248360107668034,0.0,copy-from-Dense (hbm_frac=1.0)
Qwen/Qwen2-72B,h200,4,32768,Dense,1.0,True,-1.6195993760626193,-1.020060287274801,103.8317407888786,110.26010570052252,72.6397100706055,0.0,sim 5s
Qwen/Qwen2-72B,h200,4,32768,NaiveSparse,1.0,True,-1.6195993760626193,-1.020060287274801,103.8317407888786,110.26010570052252,72.6397100706055,0.0,copy-from-Dense (hbm_frac=1.0)
Qwen/Qwen2-72B,h200,8,32768,Dense,0.7742,True,-1.6195993760626193,-1.020060287274801,60.38393707403785,60.38393707403785,132.76591496244953,0.0,sim 12s
Qwen/Qwen2-72B,h200,8,32768,NaiveSparse,0.7742,True,-1.6195993760626193,-1.020060287274801,60.38393707403785,60.38393707403785,132.76591496244953,0.0,sim 12s
Qwen/Qwen2-72B,h200,2,65536,Dense,1.0,True,-1.6195993760626193,-1.020060287274801,152.27056141536323,209.28680162015849,38.248360107668034,0.0,sim 18s
Qwen/Qwen2-72B,h200,2,65536,NaiveSparse,1.0,True,-1.6195993760626193,-1.020060287274801,152.27056141536323,209.28680162015849,38.248360107668034,0.0,copy-from-Dense (hbm_frac=1.0)
Qwen/Qwen2-72B,h200,1,65536,Dense,1.0,True,-1.6195993760626193,-1.020060287274801,251.4050906683325,402.1716405477864,19.898313003770824,0.0,sim 23s
Qwen/Qwen2-72B,h200,1,65536,NaiveSparse,1.0,True,-1.6195993760626193,-1.020060287274801,251.4050906683325,402.1716405477864,19.898313003770824,0.0,copy-from-Dense (hbm_frac=1.0)
Qwen/Qwen2-72B,h200,4,65536,Dense,0.7742,True,-1.6195993760626193,-1.020060287274801,103.8317407888786,110.26010570052252,72.6397100706055,0.0,sim 20s
Qwen/Qwen2-72B,h200,4,65536,NaiveSparse,0.7742,True,-1.6195993760626193,-1.020060287274801,103.8317407888786,110.26010570052252,72.6397100706055,0.0,sim 20s
Qwen/Qwen2-72B,h200,8,65536,Dense,0.3871,True,-1.6195993760626193,-1.020060287274801,142.53339786421992,142.53339786421992,56.17745151943047,657.2,sim 49s
Qwen/Qwen2-72B,h200,8,65536,NaiveSparse,0.3871,True,-1.6195993760626193,-1.020060287274801,142.53339786421992,142.53339786421992,56.17745151943047,657.2,sim 49s
Qwen/Qwen2-72B,h200,1,131072,Dense,1.0,True,-1.6195993760626193,-1.020060287274801,251.4050906683325,402.1716405477864,19.898313003770824,0.0,sim 29s
Qwen/Qwen2-72B,h200,1,131072,NaiveSparse,1.0,True,-1.6195993760626193,-1.020060287274801,251.4050906683325,402.1716405477864,19.898313003770824,0.0,copy-from-Dense (hbm_frac=1.0)
Qwen/Qwen2-72B,h200,2,131072,Dense,0.7742,True,-1.6195993760626193,-1.020060287274801,152.27056141536323,209.28680162015849,38.248360107668034,0.0,sim 53s
Qwen/Qwen2-72B,h200,2,131072,NaiveSparse,0.7742,True,-1.6195993760626193,-1.020060287274801,152.27056141536323,209.28680162015849,38.248360107668034,0.0,sim 34s
Qwen/Qwen2-72B,h200,4,131072,Dense,0.3871,True,-1.6195993760626193,-1.020060287274801,261.5935394892199,278.60615361421986,28.727516858690606,1346.77,sim 89s
Qwen/Qwen2-72B,h200,4,131072,NaiveSparse,0.3871,True,-1.6195993760626193,-1.020060287274801,261.5935394892199,278.60615361421986,28.727516858690606,1346.77,sim 89s
Qwen/Qwen2-72B,a40,1,524288,NaiveSparse,0.0393,True,-1.6195993760626193,-1.020060287274801,1277.4735875359092,2043.8812355359094,3.914365948498468,0.0,sim 643s
Qwen/Qwen2-72B,a40,1,524288,Dense,0.0393,True,-1.6195993760626193,-1.020060287274801,1277.4735875359092,2043.8812355359094,3.914365948498468,0.0,sim 666s
Qwen/Qwen2-72B,h200,1,262144,NaiveSparse,0.7742,True,-1.6195993760626193,-1.020060287274801,251.4050906683325,402.1716405477864,19.898313003770824,0.0,sim 90s
Qwen/Qwen2-72B,h200,1,262144,Dense,0.7742,True,-1.6195993760626193,-1.020060287274801,251.4050906683325,402.1716405477864,19.898313003770824,0.0,sim 105s
Qwen/Qwen2-72B,h200,2,262144,Dense,0.3871,True,-1.6195993760626193,-1.020060287274801,397.65605623921994,547.72433411422,14.609288461345633,2707.5,sim 187s
Qwen/Qwen2-72B,h200,2,262144,NaiveSparse,0.3871,True,-1.6195993760626193,-1.020060287274801,397.65605623921994,547.72433411422,14.609288461345633,2707.5,sim 171s
Qwen/Qwen2-72B,h200,1,524288,NaiveSparse,0.3871,True,-1.6195993760626193,-1.020060287274801,680.52541628591,1088.7641615359105,7.348641046216318,5492.74,sim 386s
Qwen/Qwen2-72B,h200,1,524288,Dense,0.3871,True,-1.6195993760626193,-1.020060287274801,680.52541628591,1088.7641615359105,7.348641046216318,5492.74,sim 406s
microsoft/phi-2,h100,16,4096,Dense,1.0,True,-6.400605561827242,-1.020060287274801,12.297154751460955,12.297154751460955,1314.7464110178626,0.0,sim 6s
microsoft/phi-2,h100,16,4096,NaiveSparse,1.0,True,-6.400605561827242,-1.020060287274801,12.297154751460955,12.297154751460955,1314.7464110178626,0.0,copy-from-Dense (hbm_frac=1.0)
microsoft/phi-2,a100,32,4096,Dense,1.0,True,-10.014941450566031,-1.020060287274801,38.79182567405255,39.65744944788613,809.5129527702302,0.0,sim 6s
microsoft/phi-2,a100,32,4096,NaiveSparse,1.0,True,-10.014941450566031,-1.020060287274801,38.79182567405255,39.65744944788613,809.5129527702302,0.0,copy-from-Dense (hbm_frac=1.0)
microsoft/phi-2,h100,32,4096,Dense,1.0,True,-10.014941450566031,-1.020060287274801,19.795449622736946,21.124376435580235,1524.0367577139837,0.0,sim 6s
microsoft/phi-2,h100,32,4096,NaiveSparse,1.0,True,-10.014941450566031,-1.020060287274801,19.795449622736946,21.124376435580235,1524.0367577139837,0.0,copy-from-Dense (hbm_frac=1.0)
microsoft/phi-2,a100,16,4096,Dense,1.0,True,-6.400605561827242,-1.020060287274801,21.917369043268707,23.232112817102283,692.5026333613213,0.0,sim 7s
microsoft/phi-2,a100,16,4096,NaiveSparse,1.0,True,-6.400605561827242,-1.020060287274801,21.917369043268707,23.232112817102283,692.5026333613213,0.0,copy-from-Dense (hbm_frac=1.0)
microsoft/phi-2,a100,16,8192,Dense,1.0,True,-6.400605561827242,-1.020060287274801,21.917369043268707,23.232112817102283,692.5026333613213,0.0,sim 7s
microsoft/phi-2,a100,16,8192,NaiveSparse,1.0,True,-6.400605561827242,-1.020060287274801,21.917369043268707,23.232112817102283,692.5026333613213,0.0,copy-from-Dense (hbm_frac=1.0)
microsoft/phi-2,h100,16,8192,Dense,1.0,True,-6.400605561827242,-1.020060287274801,12.297274751460957,12.297274751460957,1314.733446959756,0.0,sim 6s
microsoft/phi-2,h100,16,8192,NaiveSparse,1.0,True,-6.400605561827242,-1.020060287274801,12.297274751460957,12.297274751460957,1314.733446959756,0.0,copy-from-Dense (hbm_frac=1.0)
microsoft/phi-2,h100,64,4096,NaiveSparse,0.8452,True,-25.60936564091922,-1.020060287274801,37.79755109737019,39.85354597237019,1611.0340350791269,6.09,sim 13s
microsoft/phi-2,a100,32,8192,Dense,0.8452,True,-10.014941450566031,-1.020060287274801,38.79182567405255,39.669482299052554,809.2666133059944,0.1,sim 13s
microsoft/phi-2,a100,64,4096,NaiveSparse,0.8452,True,-25.60936564091922,-1.020060287274801,77.82691781931439,77.82691781931439,823.6870751858081,0.0,sim 14s
microsoft/phi-2,a100,32,8192,NaiveSparse,0.8452,True,-10.014941450566031,-1.020060287274801,38.79182567405255,39.669482299052554,809.2666133059944,0.1,sim 15s
microsoft/phi-2,a100,64,4096,Dense,0.8452,True,-25.60936564091922,-1.020060287274801,77.82691781931439,77.82691781931439,823.6870751858081,0.0,sim 16s
microsoft/phi-2,h100,64,4096,Dense,0.8452,True,-25.60936564091922,-1.020060287274801,37.79755109737019,39.85354597237019,1611.0340350791269,6.09,sim 18s
microsoft/phi-2,a100,16,16384,NaiveSparse,0.8452,True,-6.400605561827242,-1.020060287274801,21.917369043268707,23.93240791826871,672.1305169525856,5.6,sim 18s
microsoft/phi-2,a100,16,16384,Dense,0.8452,True,-6.400605561827242,-1.020060287274801,21.917369043268707,23.93240791826871,672.1305169525856,5.6,sim 19s
microsoft/phi-2,a40,16,4096,Dense,1.0,True,-6.400605561827242,-1.020060287274801,60.155958695461095,60.155958695461095,266.54027700086806,0.0,sim 6s
microsoft/phi-2,a40,16,4096,NaiveSparse,1.0,True,-6.400605561827242,-1.020060287274801,60.155958695461095,60.155958695461095,266.54027700086806,0.0,copy-from-Dense (hbm_frac=1.0)
microsoft/phi-2,h100,32,8192,NaiveSparse,0.8452,True,-10.014941450566031,-1.020060287274801,19.79718562273694,21.82587649773694,1474.7652257317284,5.6,sim 15s
microsoft/phi-2,h100,16,16384,Dense,0.8452,True,-6.400605561827242,-1.020060287274801,17.552400832048008,17.552400832048008,918.2265697744953,42.04,sim 15s
microsoft/phi-2,h100,16,16384,NaiveSparse,0.8452,True,-6.400605561827242,-1.020060287274801,17.552400832048008,17.552400832048008,918.2265697744953,42.04,sim 14s
microsoft/phi-2,h100,32,8192,Dense,0.8452,True,-10.014941450566031,-1.020060287274801,19.79718562273694,21.82587649773694,1474.7652257317284,5.6,sim 17s
microsoft/phi-2,a40,32,4096,NaiveSparse,0.8754,True,-10.014941450566031,-1.020060287274801,115.77822907525838,121.03269315131567,264.6702028297652,0.0,sim 10s
microsoft/phi-2,a40,32,4096,Dense,0.8754,True,-10.014941450566031,-1.020060287274801,115.77822907525838,121.03269315131567,264.6702028297652,0.0,sim 11s
microsoft/phi-2,a40,16,8192,Dense,0.8754,True,-6.400605561827242,-1.020060287274801,60.155958695461095,60.155958695461095,266.54027700086806,0.0,sim 9s
microsoft/phi-2,a40,16,8192,NaiveSparse,0.8754,True,-6.400605561827242,-1.020060287274801,60.155958695461095,60.155958695461095,266.54027700086806,0.0,sim 9s
microsoft/phi-2,h200,16,4096,Dense,1.0,True,-6.400605561827242,-1.020060287274801,12.262101907877993,12.262101907877993,1318.5442800593803,0.0,sim 6s
microsoft/phi-2,h200,16,4096,NaiveSparse,1.0,True,-6.400605561827242,-1.020060287274801,12.262101907877993,12.262101907877993,1318.5442800593803,0.0,copy-from-Dense (hbm_frac=1.0)
microsoft/phi-2,a40,16,16384,Dense,0.4377,True,-6.400605561827242,-1.020060287274801,64.08617583700271,64.08617583700271,250.1615562831611,31.44,sim 30s
microsoft/phi-2,a40,32,8192,Dense,0.4377,True,-10.014941450566031,-1.020060287274801,115.77822907525838,121.03305820025838,264.6694037136189,0.0,sim 33s
microsoft/phi-2,a40,32,8192,NaiveSparse,0.4377,True,-10.014941450566031,-1.020060287274801,115.77822907525838,121.03305820025838,264.6694037136189,0.0,sim 34s
microsoft/phi-2,a40,16,16384,NaiveSparse,0.4377,True,-6.400605561827242,-1.020060287274801,64.08617583700271,64.08617583700271,250.1615562831611,31.44,sim 31s
microsoft/phi-2,a100,128,4096,Dense,0.4226,True,-54.228452211937125,-1.04538912631754,141.8794082595228,154.38088963452282,813.8128185511357,42.78,sim 58s
microsoft/phi-2,h200,32,4096,Dense,1.0,True,-10.014941450566031,-1.020060287274801,19.802459183027654,21.127845067110968,1523.7850321431947,0.0,sim 7s
microsoft/phi-2,h200,32,4096,NaiveSparse,1.0,True,-10.014941450566031,-1.020060287274801,19.802459183027654,21.127845067110968,1523.7850321431947,0.0,copy-from-Dense (hbm_frac=1.0)
microsoft/phi-2,h100,128,4096,Dense,0.4226,True,-54.228452211937125,-1.04538912631754,127.70073675943266,136.69365413443265,930.9855605193204,472.79,sim 59s
microsoft/phi-2,a100,32,16384,Dense,0.4226,True,-10.014941450566031,-1.020060287274801,129.3527964431003,131.1041810681003,244.3183136128065,731.57,sim 61s
microsoft/phi-2,a40,64,4096,NaiveSparse,0.4377,True,-25.60936564091922,-1.020060287274801,238.72171764209122,238.72171764209122,268.23785862832966,0.0,sim 43s
microsoft/phi-2,a40,64,4096,Dense,0.4377,True,-25.60936564091922,-1.020060287274801,238.72171764209122,238.72171764209122,268.23785862832966,0.0,sim 45s
microsoft/phi-2,a100,32,16384,NaiveSparse,0.4226,True,-10.014941450566031,-1.020060287274801,129.3527964431003,131.1041810681003,244.3183136128065,731.57,sim 62s
microsoft/phi-2,h100,128,4096,NaiveSparse,0.4226,True,-54.228452211937125,-1.04538912631754,127.70073675943266,136.69365413443265,930.9855605193204,472.79,sim 62s
microsoft/phi-2,h200,64,4096,Dense,1.0,True,-25.60936564091922,-1.020060287274801,37.82306128196399,39.11417516604729,1641.586826736788,0.0,sim 8s
microsoft/phi-2,h200,64,4096,NaiveSparse,1.0,True,-25.60936564091922,-1.020060287274801,37.82306128196399,39.11417516604729,1641.586826736788,0.0,copy-from-Dense (hbm_frac=1.0)
microsoft/phi-2,h200,32,8192,Dense,1.0,True,-10.014941450566031,-1.020060287274801,19.802459183027654,21.127845067110968,1523.7850321431947,0.0,sim 6s
microsoft/phi-2,h200,32,8192,NaiveSparse,1.0,True,-10.014941450566031,-1.020060287274801,19.802459183027654,21.127845067110968,1523.7850321431947,0.0,copy-from-Dense (hbm_frac=1.0)
microsoft/phi-2,a100,16,32768,NaiveSparse,0.4226,True,-6.400605561827242,-1.020060287274801,118.52865230974294,129.02072993474295,124.1337574018538,846.31,sim 64s
microsoft/phi-2,a100,128,4096,NaiveSparse,0.4226,True,-54.228452211937125,-1.04538912631754,141.8794082595228,154.38088963452282,813.8128185511357,42.78,sim 65s
microsoft/phi-2,a100,64,8192,NaiveSparse,0.4226,True,-25.60936564091922,-1.020060287274801,134.61142859502434,134.61142859502434,475.89332238362954,454.28,sim 65s
microsoft/phi-2,h200,16,8192,Dense,1.0,True,-6.400605561827242,-1.020060287274801,12.262101907877993,12.262101907877993,1318.5442800593803,0.0,sim 8s
microsoft/phi-2,h200,16,8192,NaiveSparse,1.0,True,-6.400605561827242,-1.020060287274801,12.262101907877993,12.262101907877993,1318.5442800593803,0.0,copy-from-Dense (hbm_frac=1.0)
microsoft/phi-2,h200,16,16384,Dense,1.0,True,-6.400605561827242,-1.020060287274801,12.262101907877993,12.262101907877993,1318.5442800593803,0.0,sim 6s
microsoft/phi-2,h200,16,16384,NaiveSparse,1.0,True,-6.400605561827242,-1.020060287274801,12.262101907877993,12.262101907877993,1318.5442800593803,0.0,copy-from-Dense (hbm_frac=1.0)
microsoft/phi-2,a100,64,8192,Dense,0.4226,True,-25.60936564091922,-1.020060287274801,134.61142859502434,134.61142859502434,475.89332238362954,454.28,sim 68s
microsoft/phi-2,a100,16,32768,Dense,0.4226,True,-6.400605561827242,-1.020060287274801,118.52865230974294,129.02072993474295,124.1337574018538,846.31,sim 70s
mistralai/Mistral-7B-v0.1,a100,32,4096,Dense,1.0,True,-10.014941450566031,-1.020060287274801,23.488853963241457,25.649690614159184,1253.8112394966165,0.0,sim 6s
mistralai/Mistral-7B-v0.1,a100,32,4096,NaiveSparse,1.0,True,-10.014941450566031,-1.020060287274801,23.488853963241457,25.649690614159184,1253.8112394966165,0.0,copy-from-Dense (hbm_frac=1.0)
mistralai/Mistral-7B-v0.1,a100,64,4096,Dense,1.0,True,-25.60936564091922,-1.020060287274801,37.332823383732226,41.534134986580774,1545.6462875718273,0.0,sim 6s
mistralai/Mistral-7B-v0.1,a100,64,4096,NaiveSparse,1.0,True,-25.60936564091922,-1.020060287274801,37.332823383732226,41.534134986580774,1545.6462875718273,0.0,copy-from-Dense (hbm_frac=1.0)
mistralai/Mistral-7B-v0.1,a100,16,4096,Dense,1.0,True,-6.400605561827242,-1.020060287274801,18.977710317977966,18.977710317977966,848.7972349676846,0.0,sim 7s
mistralai/Mistral-7B-v0.1,a100,16,4096,NaiveSparse,1.0,True,-6.400605561827242,-1.020060287274801,18.977710317977966,18.977710317977966,848.7972349676846,0.0,copy-from-Dense (hbm_frac=1.0)
microsoft/phi-2,h100,32,16384,Dense,0.4226,True,-10.014941450566031,-1.020060287274801,117.42531333204799,129.67167295704797,247.02000198905395,868.36,sim 60s
microsoft/phi-2,h100,32,16384,NaiveSparse,0.4226,True,-10.014941450566031,-1.020060287274801,117.42531333204799,129.67167295704797,247.02000198905395,868.36,sim 61s
mistralai/Mistral-7B-v0.1,a100,16,8192,Dense,1.0,True,-6.400605561827242,-1.020060287274801,25.66039726654938,25.66039726654938,626.6427407470313,0.0,sim 6s
mistralai/Mistral-7B-v0.1,a100,16,8192,NaiveSparse,1.0,True,-6.400605561827242,-1.020060287274801,25.66039726654938,25.66039726654938,626.6427407470313,0.0,copy-from-Dense (hbm_frac=1.0)
mistralai/Mistral-7B-v0.1,a100,32,8192,Dense,1.0,True,-10.014941450566031,-1.020060287274801,34.81013684514616,37.79515128273055,849.5354850195667,0.0,sim 5s
mistralai/Mistral-7B-v0.1,a100,32,8192,NaiveSparse,1.0,True,-10.014941450566031,-1.020060287274801,34.81013684514616,37.79515128273055,849.5354850195667,0.0,copy-from-Dense (hbm_frac=1.0)
microsoft/phi-2,h100,16,32768,Dense,0.4226,True,-6.400605561827242,-1.020060287274801,129.56791408204805,129.56791408204805,123.6090060818593,938.17,sim 64s
microsoft/phi-2,h100,64,8192,Dense,0.4226,True,-25.60936564091922,-1.020060287274801,127.63123550357508,132.0106301285751,485.2781670757859,743.35,sim 70s
microsoft/phi-2,h100,64,8192,NaiveSparse,0.4226,True,-25.60936564091922,-1.020060287274801,127.63123550357508,132.0106301285751,485.2781670757859,743.35,sim 71s
mistralai/Mistral-7B-v0.1,a100,128,4096,NaiveSparse,0.9313,True,-54.228452211937125,-1.04538912631754,63.82571609636278,66.59328554802542,1813.2212415232855,0.0,sim 11s
microsoft/phi-2,h100,16,32768,NaiveSparse,0.4226,True,-6.400605561827242,-1.020060287274801,129.56791408204805,129.56791408204805,123.6090060818593,938.17,sim 65s
mistralai/Mistral-7B-v0.1,a100,128,4096,Dense,0.9313,True,-54.228452211937125,-1.04538912631754,63.82571609636278,66.59328554802542,1813.2212415232855,0.0,sim 13s
mistralai/Mistral-7B-v0.1,a100,16,16384,Dense,1.0,True,-6.400605561827242,-1.020060287274801,38.33137086654939,38.33137086654939,418.80581190247767,0.0,sim 7s
mistralai/Mistral-7B-v0.1,a100,16,16384,NaiveSparse,1.0,True,-6.400605561827242,-1.020060287274801,38.33137086654939,38.33137086654939,418.80581190247767,0.0,copy-from-Dense (hbm_frac=1.0)
mistralai/Mistral-7B-v0.1,a100,64,8192,NaiveSparse,0.9313,True,-25.60936564091922,-1.020060287274801,60.052070187951934,63.505731559838324,1009.8105616818209,0.0,sim 11s
mistralai/Mistral-7B-v0.1,a100,64,8192,Dense,0.9313,True,-25.60936564091922,-1.020060287274801,60.052070187951934,63.505731559838324,1009.8105616818209,0.0,sim 13s
microsoft/phi-2,h200,128,4096,Dense,0.7777,True,-54.228452211937125,-1.04538912631754,74.70596781015215,80.55295243515215,1573.629170902864,23.67,sim 31s
mistralai/Mistral-7B-v0.1,a100,32,16384,Dense,0.9313,True,-10.014941450566031,-1.020060287274801,56.36416707741707,59.76291387144424,536.593979421453,0.0,sim 12s
microsoft/phi-2,h200,64,8192,Dense,0.7777,True,-25.60936564091922,-1.020060287274801,51.673048868445285,56.05244349344529,1144.391118276747,135.51,sim 29s
microsoft/phi-2,h200,32,16384,NaiveSparse,0.7777,True,-10.014941450566031,-1.020060287274801,45.11325295549504,51.09761083049504,627.8190141199734,239.76,sim 26s
microsoft/phi-2,h200,64,8192,NaiveSparse,0.7777,True,-25.60936564091922,-1.020060287274801,51.673048868445285,56.05244349344529,1144.391118276747,135.51,sim 30s
microsoft/phi-2,h200,32,16384,Dense,0.7777,True,-10.014941450566031,-1.020060287274801,45.11325295549504,51.09761083049504,627.8190141199734,239.76,sim 28s
microsoft/phi-2,h200,128,4096,NaiveSparse,0.7777,True,-54.228452211937125,-1.04538912631754,74.70596781015215,80.55295243515215,1573.629170902864,23.67,sim 34s
mistralai/Mistral-7B-v0.1,a100,32,16384,NaiveSparse,0.9313,True,-10.014941450566031,-1.020060287274801,56.36416707741707,59.76291387144424,536.593979421453,0.0,sim 16s
mistralai/Mistral-7B-v0.1,a100,16,32768,NaiveSparse,0.9313,True,-6.400605561827242,-1.020060287274801,38.33137086654939,38.33137086654939,418.80581190247767,0.0,sim 13s
mistralai/Mistral-7B-v0.1,h100,16,4096,Dense,1.0,True,-6.400605561827242,-1.020060287274801,18.960236315581977,18.960236315581977,849.5847939609168,0.0,sim 8s
mistralai/Mistral-7B-v0.1,h100,16,4096,NaiveSparse,1.0,True,-6.400605561827242,-1.020060287274801,18.960236315581977,18.960236315581977,849.5847939609168,0.0,copy-from-Dense (hbm_frac=1.0)
mistralai/Mistral-7B-v0.1,h100,64,4096,Dense,1.0,True,-25.60936564091922,-1.020060287274801,37.333830291664874,41.534364549240756,1545.6377183951556,0.0,sim 6s
mistralai/Mistral-7B-v0.1,h100,64,4096,NaiveSparse,1.0,True,-25.60936564091922,-1.020060287274801,37.333830291664874,41.534364549240756,1545.6377183951556,0.0,copy-from-Dense (hbm_frac=1.0)
microsoft/phi-2,a40,128,4096,NaiveSparse,0.2189,True,-54.228452211937125,-1.04538912631754,449.33511698137727,464.5663698831199,270.81746616554824,0.0,sim 75s
mistralai/Mistral-7B-v0.1,h100,32,4096,Dense,1.0,True,-10.014941450566031,-1.020060287274801,23.48958239383614,25.64848885290456,1253.8702803990616,0.0,sim 8s
mistralai/Mistral-7B-v0.1,h100,32,4096,NaiveSparse,1.0,True,-10.014941450566031,-1.020060287274801,23.48958239383614,25.64848885290456,1253.8702803990616,0.0,copy-from-Dense (hbm_frac=1.0)
microsoft/phi-2,h200,16,32768,NaiveSparse,0.7777,True,-6.400605561827242,-1.020060287274801,49.189067501878164,49.189067501878164,326.1208981348795,295.42,sim 32s
mistralai/Mistral-7B-v0.1,h100,16,8192,Dense,1.0,True,-6.400605561827242,-1.020060287274801,25.63965133526462,25.63965133526462,627.1523132604929,0.0,sim 7s
mistralai/Mistral-7B-v0.1,h100,16,8192,NaiveSparse,1.0,True,-6.400605561827242,-1.020060287274801,25.63965133526462,25.63965133526462,627.1523132604929,0.0,copy-from-Dense (hbm_frac=1.0)
mistralai/Mistral-7B-v0.1,a100,16,32768,Dense,0.9313,True,-6.400605561827242,-1.020060287274801,38.33137086654939,38.33137086654939,418.80581190247767,0.0,sim 19s
mistralai/Mistral-7B-v0.1,h100,32,8192,Dense,1.0,True,-10.014941450566031,-1.020060287274801,34.83370809732823,37.81324788465061,849.1275401219187,0.0,sim 9s
mistralai/Mistral-7B-v0.1,h100,32,8192,NaiveSparse,1.0,True,-10.014941450566031,-1.020060287274801,34.83370809732823,37.81324788465061,849.1275401219187,0.0,copy-from-Dense (hbm_frac=1.0)
microsoft/phi-2,a40,64,8192,Dense,0.2189,True,-25.60936564091922,-1.020060287274801,238.72171764209122,238.72171764209122,268.23785862832966,0.0,sim 76s
microsoft/phi-2,h200,16,32768,Dense,0.7777,True,-6.400605561827242,-1.020060287274801,49.189067501878164,49.189067501878164,326.1208981348795,295.42,sim 37s
mistralai/Mistral-7B-v0.1,h100,128,4096,NaiveSparse,0.9313,True,-54.228452211937125,-1.04538912631754,63.79592095688966,66.56454165026,1814.1137776749274,0.0,sim 12s
mistralai/Mistral-7B-v0.1,h100,128,4096,Dense,0.9313,True,-54.228452211937125,-1.04538912631754,63.79592095688966,66.56454165026,1814.1137776749274,0.0,sim 14s
mistralai/Mistral-7B-v0.1,h100,16,16384,Dense,1.0,True,-6.400605561827242,-1.020060287274801,38.30469293526442,38.30469293526442,419.09847026780255,0.0,sim 9s
mistralai/Mistral-7B-v0.1,h100,16,16384,NaiveSparse,1.0,True,-6.400605561827242,-1.020060287274801,38.30469293526442,38.30469293526442,419.09847026780255,0.0,copy-from-Dense (hbm_frac=1.0)
mistralai/Mistral-7B-v0.1,h100,64,8192,Dense,0.9313,True,-25.60936564091922,-1.020060287274801,60.06774408341474,63.5147997303684,1009.666098429655,0.0,sim 12s
microsoft/phi-2,a40,64,8192,NaiveSparse,0.2189,True,-25.60936564091922,-1.020060287274801,238.72171764209122,238.72171764209122,268.23785862832966,0.0,sim 82s
mistralai/Mistral-7B-v0.1,h100,64,8192,NaiveSparse,0.9313,True,-25.60936564091922,-1.020060287274801,60.06774408341474,63.5147997303684,1009.666098429655,0.0,sim 15s
microsoft/phi-2,a40,32,16384,NaiveSparse,0.2189,True,-10.014941450566031,-1.020060287274801,165.6195128370027,176.11670996200272,181.82933702105043,440.67,sim 79s
mistralai/Mistral-7B-v0.1,h100,32,16384,Dense,0.9313,True,-10.014941450566031,-1.020060287274801,56.31613874746919,59.71227374014593,537.0500219857327,0.0,sim 13s
mistralai/Mistral-7B-v0.1,h100,32,16384,NaiveSparse,0.9313,True,-10.014941450566031,-1.020060287274801,56.31613874746919,59.71227374014593,537.0500219857327,0.0,sim 15s
microsoft/phi-2,a40,128,4096,Dense,0.2189,True,-54.228452211937125,-1.04538912631754,449.33511698137727,464.5663698831199,270.81746616554824,0.0,sim 94s
mistralai/Mistral-7B-v0.1,a40,32,4096,Dense,1.0,True,-10.014941450566031,-1.020060287274801,23.47243644238302,25.633130409699625,1254.6253098128955,0.0,sim 6s
mistralai/Mistral-7B-v0.1,a40,32,4096,NaiveSparse,1.0,True,-10.014941450566031,-1.020060287274801,23.47243644238302,25.633130409699625,1254.6253098128955,0.0,copy-from-Dense (hbm_frac=1.0)
mistralai/Mistral-7B-v0.1,a40,16,4096,Dense,1.0,True,-6.400605561827242,-1.020060287274801,18.970693918096323,18.970693918096323,849.1132908988935,0.0,sim 8s
mistralai/Mistral-7B-v0.1,a40,16,4096,NaiveSparse,1.0,True,-6.400605561827242,-1.020060287274801,18.970693918096323,18.970693918096323,849.1132908988935,0.0,copy-from-Dense (hbm_frac=1.0)
mistralai/Mistral-7B-v0.1,h100,16,32768,Dense,0.9313,True,-6.400605561827242,-1.020060287274801,38.30469293526442,38.30469293526442,419.09847026780255,0.0,sim 16s
mistralai/Mistral-7B-v0.1,h100,16,32768,NaiveSparse,0.9313,True,-6.400605561827242,-1.020060287274801,38.30469293526442,38.30469293526442,419.09847026780255,0.0,sim 16s
mistralai/Mistral-7B-v0.1,a40,16,8192,Dense,1.0,True,-6.400605561827242,-1.020060287274801,25.65357120571535,25.65357120571535,626.8103146246519,0.0,sim 6s
mistralai/Mistral-7B-v0.1,a40,16,8192,NaiveSparse,1.0,True,-6.400605561827242,-1.020060287274801,25.65357120571535,25.65357120571535,626.8103146246519,0.0,copy-from-Dense (hbm_frac=1.0)
mistralai/Mistral-7B-v0.1,a40,64,4096,Dense,0.844,True,-25.60936564091922,-1.020060287274801,37.36322672775135,41.56116158566238,1544.638083890684,0.0,sim 12s
microsoft/phi-2,a40,32,16384,Dense,0.2189,True,-10.014941450566031,-1.020060287274801,165.6195128370027,176.11670996200272,181.82933702105043,440.67,sim 92s
mistralai/Mistral-7B-v0.1,a40,64,4096,NaiveSparse,0.844,True,-25.60936564091922,-1.020060287274801,37.36322672775135,41.56116158566238,1544.638083890684,0.0,sim 13s
microsoft/phi-2,a40,16,32768,NaiveSparse,0.2189,True,-6.400605561827242,-1.020060287274801,176.01551083700272,176.01551083700272,90.96697727934546,926.88,sim 87s
microsoft/phi-2,a40,16,32768,Dense,0.2189,True,-6.400605561827242,-1.020060287274801,176.01551083700272,176.01551083700272,90.96697727934546,926.88,sim 93s
mistralai/Mistral-7B-v0.1,a40,32,8192,NaiveSparse,0.844,True,-10.014941450566031,-1.020060287274801,34.822837878573445,37.80601684779481,849.2904996617207,0.0,sim 14s
mistralai/Mistral-7B-v0.1,a40,32,8192,Dense,0.844,True,-10.014941450566031,-1.020060287274801,34.822837878573445,37.80601684779481,849.2904996617207,0.0,sim 19s
mistralai/Mistral-7B-v0.1,a40,16,16384,Dense,0.844,True,-6.400605561827242,-1.020060287274801,38.32258560571537,38.32258560571537,418.9021415470892,0.0,sim 19s
mistralai/Mistral-7B-v0.1,a40,16,16384,NaiveSparse,0.844,True,-6.400605561827242,-1.020060287274801,38.32258560571537,38.32258560571537,418.9021415470892,0.0,sim 20s
mistralai/Mistral-7B-v0.1,a40,128,4096,Dense,0.422,True,-54.228452211937125,-1.04538912631754,65.17917233174222,67.94496536385205,1779.2470431149636,11.39,sim 58s
mistralai/Mistral-7B-v0.1,a40,128,4096,NaiveSparse,0.422,True,-54.228452211937125,-1.04538912631754,65.17917233174222,67.94496536385205,1779.2470431149636,11.39,sim 60s
mistralai/Mistral-7B-v0.1,a40,64,8192,Dense,0.422,True,-25.60936564091922,-1.020060287274801,60.25860788190889,64.46127600690889,994.8119241429173,7.42,sim 58s
mistralai/Mistral-7B-v0.1,a40,64,8192,NaiveSparse,0.422,True,-25.60936564091922,-1.020060287274801,60.25860788190889,64.46127600690889,994.8119241429173,7.42,sim 58s
mistralai/Mistral-7B-v0.1,h200,16,4096,Dense,1.0,True,-6.400605561827242,-1.020060287274801,18.896498994897936,18.896498994897936,852.469885500294,0.0,sim 5s
mistralai/Mistral-7B-v0.1,h200,16,4096,NaiveSparse,1.0,True,-6.400605561827242,-1.020060287274801,18.896498994897936,18.896498994897936,852.469885500294,0.0,copy-from-Dense (hbm_frac=1.0)
mistralai/Mistral-7B-v0.1,h200,32,4096,Dense,1.0,True,-10.014941450566031,-1.020060287274801,23.663953292700892,25.817484563147797,1245.6219780216693,0.0,sim 5s
mistralai/Mistral-7B-v0.1,h200,32,4096,NaiveSparse,1.0,True,-10.014941450566031,-1.020060287274801,23.663953292700892,25.817484563147797,1245.6219780216693,0.0,copy-from-Dense (hbm_frac=1.0)
mistralai/Mistral-7B-v0.1,h200,64,4096,Dense,1.0,True,-25.60936564091922,-1.020060287274801,37.279724591043916,41.485605220366416,1547.4599554430683,0.0,sim 5s
mistralai/Mistral-7B-v0.1,h200,64,4096,NaiveSparse,1.0,True,-25.60936564091922,-1.020060287274801,37.279724591043916,41.485605220366416,1547.4599554430683,0.0,copy-from-Dense (hbm_frac=1.0)
mistralai/Mistral-7B-v0.1,a100,128,8192,Dense,0.4657,True,-54.228452211937125,-1.04538912631754,99.6287164370862,106.8074258120862,1139.2740618760204,190.25,sim 112s
mistralai/Mistral-7B-v0.1,a100,64,16384,NaiveSparse,0.4657,True,-25.60936564091922,-1.020060287274801,100.7059359635937,102.40140017192248,625.7706473319862,99.8,sim 108s
mistralai/Mistral-7B-v0.1,h200,16,8192,Dense,1.0,True,-6.400605561827242,-1.020060287274801,25.57650926918363,25.57650926918363,628.7083543666147,0.0,sim 6s
mistralai/Mistral-7B-v0.1,h200,16,8192,NaiveSparse,1.0,True,-6.400605561827242,-1.020060287274801,25.57650926918363,25.57650926918363,628.7083543666147,0.0,copy-from-Dense (hbm_frac=1.0)
mistralai/Mistral-7B-v0.1,h200,128,4096,Dense,1.0,True,-54.228452211937125,-1.04538912631754,63.93206474171245,66.72715078022352,1811.5479890116872,0.0,sim 8s
mistralai/Mistral-7B-v0.1,h200,128,4096,NaiveSparse,1.0,True,-54.228452211937125,-1.04538912631754,63.93206474171245,66.72715078022352,1811.5479890116872,0.0,copy-from-Dense (hbm_frac=1.0)
mistralai/Mistral-7B-v0.1,a40,32,16384,NaiveSparse,0.422,True,-10.014941450566031,-1.020060287274801,56.33115743938392,60.529730564383925,529.7818258264218,6.42,sim 60s
mistralai/Mistral-7B-v0.1,h200,32,8192,Dense,1.0,True,-10.014941450566031,-1.020060287274801,34.993594172700845,37.96757686981441,845.6644124414354,0.0,sim 6s
mistralai/Mistral-7B-v0.1,h200,32,8192,NaiveSparse,1.0,True,-10.014941450566031,-1.020060287274801,34.993594172700845,37.96757686981441,845.6644124414354,0.0,copy-from-Dense (hbm_frac=1.0)
mistralai/Mistral-7B-v0.1,h200,64,8192,Dense,1.0,True,-25.60936564091922,-1.020060287274801,59.97578297774207,63.42814914315212,1011.0482038570239,0.0,sim 5s
mistralai/Mistral-7B-v0.1,h200,64,8192,NaiveSparse,1.0,True,-25.60936564091922,-1.020060287274801,59.97578297774207,63.42814914315212,1011.0482038570239,0.0,copy-from-Dense (hbm_frac=1.0)
mistralai/Mistral-7B-v0.1,h200,16,16384,Dense,1.0,True,-6.400605561827242,-1.020060287274801,38.23604686918364,38.23604686918364,419.853405035382,0.0,sim 6s
mistralai/Mistral-7B-v0.1,h200,16,16384,NaiveSparse,1.0,True,-6.400605561827242,-1.020060287274801,38.23604686918364,38.23604686918364,419.853405035382,0.0,copy-from-Dense (hbm_frac=1.0)
mistralai/Mistral-7B-v0.1,h200,32,16384,Dense,1.0,True,-10.014941450566031,-1.020060287274801,56.542678819534245,59.92982464085908,535.0963231715886,0.0,sim 5s
mistralai/Mistral-7B-v0.1,h200,32,16384,NaiveSparse,1.0,True,-10.014941450566031,-1.020060287274801,56.542678819534245,59.92982464085908,535.0963231715886,0.0,copy-from-Dense (hbm_frac=1.0)
mistralai/Mistral-7B-v0.1,a100,32,32768,NaiveSparse,0.4657,True,-10.014941450566031,-1.020060287274801,89.4786365885937,97.8704897135937,327.3892333449378,304.86,sim 114s
mistralai/Mistral-7B-v0.1,a40,16,32768,NaiveSparse,0.422,True,-6.400605561827242,-1.020060287274801,52.932827657276164,52.932827657276164,302.99977281125996,116.88,sim 58s
mistralai/Mistral-7B-v0.1,h100,128,8192,Dense,0.4657,True,-54.228452211937125,-1.04538912631754,99.6228811679556,106.80159054295558,1139.4145230453944,190.97,sim 106s
mistralai/Mistral-7B-v0.1,a100,128,8192,NaiveSparse,0.4657,True,-54.228452211937125,-1.04538912631754,99.6287164370862,106.8074258120862,1139.2740618760204,190.25,sim 129s
mistralai/Mistral-7B-v0.1,a100,16,65536,Dense,0.4657,True,-6.400605561827242,-1.020060287274801,96.36102529118571,96.36102529118571,166.2622376611889,464.24,sim 119s
mistralai/Mistral-7B-v0.1,a40,32,16384,Dense,0.422,True,-10.014941450566031,-1.020060287274801,56.33115743938392,60.529730564383925,529.7818258264218,6.42,sim 78s
mistralai/Mistral-7B-v0.1,h200,128,8192,Dense,0.9095,True,-54.228452211937125,-1.04538912631754,77.01562974485563,83.20483941916744,1443.7404439597487,0.0,sim 19s
mistralai/Mistral-7B-v0.1,h100,64,16384,NaiveSparse,0.4657,True,-25.60936564091922,-1.020060287274801,100.69976333604386,102.39357284120176,625.8185431202652,104.91,sim 108s
mistralai/Mistral-7B-v0.1,h200,16,32768,Dense,1.0,True,-6.400605561827242,-1.020060287274801,38.23604686918364,38.23604686918364,419.853405035382,0.0,sim 8s
mistralai/Mistral-7B-v0.1,h200,16,32768,NaiveSparse,1.0,True,-6.400605561827242,-1.020060287274801,38.23604686918364,38.23604686918364,419.853405035382,0.0,copy-from-Dense (hbm_frac=1.0)
mistralai/Mistral-7B-v0.1,a40,16,32768,Dense,0.422,True,-6.400605561827242,-1.020060287274801,52.932827657276164,52.932827657276164,302.99977281125996,116.88,sim 74s
mistralai/Mistral-7B-v0.1,a100,16,65536,NaiveSparse,0.4657,True,-6.400605561827242,-1.020060287274801,96.36102529118571,96.36102529118571,166.2622376611889,464.24,sim 126s
mistralai/Mistral-7B-v0.1,h200,64,16384,Dense,0.9095,True,-25.60936564091922,-1.020060287274801,87.4122702549124,89.23360842008466,718.2448717309545,0.0,sim 21s
mistralai/Mistral-7B-v0.1,a100,64,16384,Dense,0.4657,True,-25.60936564091922,-1.020060287274801,100.7059359635937,102.40140017192248,625.7706473319862,99.8,sim 135s
mistralai/Mistral-7B-v0.1,h100,128,8192,NaiveSparse,0.4657,True,-54.228452211937125,-1.04538912631754,99.6228811679556,106.80159054295558,1139.4145230453944,190.97,sim 118s
mistralai/Mistral-7B-v0.1,h200,64,16384,NaiveSparse,0.9095,True,-25.60936564091922,-1.020060287274801,87.4122702549124,89.23360842008466,718.2448717309545,0.0,sim 20s
mistralai/Mistral-7B-v0.1,h200,128,8192,NaiveSparse,0.9095,True,-54.228452211937125,-1.04538912631754,77.01562974485563,83.20483941916744,1443.7404439597487,0.0,sim 28s
mistralai/Mistral-7B-v0.1,h100,16,65536,Dense,0.4657,True,-6.400605561827242,-1.020060287274801,96.35868555652227,96.35868555652227,166.26628010905952,464.43,sim 110s
mistralai/Mistral-7B-v0.1,h100,32,32768,NaiveSparse,0.4657,True,-10.014941450566031,-1.020060287274801,89.47246396104387,97.86431708604387,327.40990981075004,305.22,sim 115s
mistralai/Mistral-7B-v0.1,h100,16,65536,NaiveSparse,0.4657,True,-6.400605561827242,-1.020060287274801,96.35868555652227,96.35868555652227,166.26628010905952,464.43,sim 114s
mistralai/Mistral-7B-v0.1,h100,32,32768,Dense,0.4657,True,-10.014941450566031,-1.020060287274801,89.47246396104387,97.86431708604387,327.40990981075004,305.22,sim 118s
meta-llama/Meta-Llama-3-8B,a100,16,4096,Dense,1.0,True,-6.400605561827242,-1.020060287274801,18.983765200786888,18.983765200786888,848.524679942313,0.0,sim 6s
meta-llama/Meta-Llama-3-8B,a100,16,4096,NaiveSparse,1.0,True,-6.400605561827242,-1.020060287274801,18.983765200786888,18.983765200786888,848.524679942313,0.0,copy-from-Dense (hbm_frac=1.0)
meta-llama/Meta-Llama-3-8B,a100,32,4096,Dense,1.0,True,-10.014941450566031,-1.020060287274801,23.483563962417144,25.644540877148664,1254.064278243633,0.0,sim 6s
meta-llama/Meta-Llama-3-8B,a100,32,4096,NaiveSparse,1.0,True,-10.014941450566031,-1.020060287274801,23.483563962417144,25.644540877148664,1254.064278243633,0.0,copy-from-Dense (hbm_frac=1.0)
meta-llama/Meta-Llama-3-8B,a100,64,4096,Dense,1.0,True,-25.60936564091922,-1.020060287274801,37.34152769042386,41.541728214094746,1545.362895931819,0.0,sim 5s
meta-llama/Meta-Llama-3-8B,a100,64,4096,NaiveSparse,1.0,True,-25.60936564091922,-1.020060287274801,37.34152769042386,41.541728214094746,1545.362895931819,0.0,copy-from-Dense (hbm_frac=1.0)
mistralai/Mistral-7B-v0.1,h100,64,16384,Dense,0.4657,True,-25.60936564091922,-1.020060287274801,100.69976333604386,102.39357284120176,625.8185431202652,104.91,sim 128s
mistralai/Mistral-7B-v0.1,h200,32,32768,NaiveSparse,0.9095,True,-10.014941450566031,-1.020060287274801,56.542678819534245,59.92982464085908,535.0963231715886,0.0,sim 24s
mistralai/Mistral-7B-v0.1,h200,32,32768,Dense,0.9095,True,-10.014941450566031,-1.020060287274801,56.542678819534245,59.92982464085908,535.0963231715886,0.0,sim 25s
meta-llama/Meta-Llama-3-8B,a100,32,8192,Dense,1.0,True,-10.014941450566031,-1.020060287274801,34.832790486226635,37.81523550000578,849.082757933434,0.0,sim 6s
meta-llama/Meta-Llama-3-8B,a100,32,8192,NaiveSparse,1.0,True,-10.014941450566031,-1.020060287274801,34.832790486226635,37.81523550000578,849.082757933434,0.0,copy-from-Dense (hbm_frac=1.0)
mistralai/Mistral-7B-v0.1,a100,32,32768,Dense,0.4657,True,-10.014941450566031,-1.020060287274801,89.4786365885937,97.8704897135937,327.3892333449378,304.86,sim 147s
meta-llama/Meta-Llama-3-8B,a100,16,8192,Dense,1.0,True,-6.400605561827242,-1.020060287274801,25.659728181104327,25.659728181104327,626.6591622539149,0.0,sim 8s
meta-llama/Meta-Llama-3-8B,a100,16,8192,NaiveSparse,1.0,True,-6.400605561827242,-1.020060287274801,25.659728181104327,25.659728181104327,626.6591622539149,0.0,copy-from-Dense (hbm_frac=1.0)
mistralai/Mistral-7B-v0.1,h200,16,65536,Dense,0.9095,True,-6.400605561827242,-1.020060287274801,38.23604686918364,38.23604686918364,419.853405035382,0.0,sim 23s
meta-llama/Meta-Llama-3-8B,a100,128,4096,Dense,0.9022,True,-54.228452211937125,-1.04538912631754,63.777920684127245,66.54453316191643,1814.4880769378371,0.0,sim 14s
meta-llama/Meta-Llama-3-8B,a100,128,4096,NaiveSparse,0.9022,True,-54.228452211937125,-1.04538912631754,63.777920684127245,66.54453316191643,1814.4880769378371,0.0,sim 13s
meta-llama/Meta-Llama-3-8B,a100,16,16384,Dense,1.0,True,-6.400605561827242,-1.020060287274801,38.306744181104335,38.306744181104335,419.07595347414224,0.0,sim 7s
meta-llama/Meta-Llama-3-8B,a100,16,16384,NaiveSparse,1.0,True,-6.400605561827242,-1.020060287274801,38.306744181104335,38.306744181104335,419.07595347414224,0.0,copy-from-Dense (hbm_frac=1.0)
meta-llama/Meta-Llama-3-8B,a100,64,8192,Dense,0.9022,True,-25.60936564091922,-1.020060287274801,60.089604672756906,63.53432403597943,1009.3552007918464,0.0,sim 15s
mistralai/Mistral-7B-v0.1,h200,16,65536,NaiveSparse,0.9095,True,-6.400605561827242,-1.020060287274801,38.23604686918364,38.23604686918364,419.853405035382,0.0,sim 29s
meta-llama/Meta-Llama-3-8B,a100,64,8192,NaiveSparse,0.9022,True,-25.60936564091922,-1.020060287274801,60.089604672756906,63.53432403597943,1009.3552007918464,0.0,sim 15s
meta-llama/Meta-Llama-3-8B,a100,32,16384,Dense,0.9022,True,-10.014941450566031,-1.020060287274801,56.32059632089896,59.71572953911941,537.0188759496152,0.0,sim 15s
meta-llama/Meta-Llama-3-8B,a100,32,16384,NaiveSparse,0.9022,True,-10.014941450566031,-1.020060287274801,56.32059632089896,59.71572953911941,537.0188759496152,0.0,sim 21s
meta-llama/Meta-Llama-3-8B,a100,16,32768,Dense,0.9022,True,-6.400605561827242,-1.020060287274801,38.306744181104335,38.306744181104335,419.07595347414224,0.0,sim 16s
meta-llama/Meta-Llama-3-8B,h100,32,4096,Dense,1.0,True,-10.014941450566031,-1.020060287274801,23.65446773835137,25.808193729721083,1246.072622767807,0.0,sim 7s
meta-llama/Meta-Llama-3-8B,h100,32,4096,NaiveSparse,1.0,True,-10.014941450566031,-1.020060287274801,23.65446773835137,25.808193729721083,1246.072622767807,0.0,copy-from-Dense (hbm_frac=1.0)
meta-llama/Meta-Llama-3-8B,h100,16,4096,Dense,1.0,True,-6.400605561827242,-1.020060287274801,18.89570815742917,18.89570815742917,852.5058061055798,0.0,sim 8s
meta-llama/Meta-Llama-3-8B,h100,16,4096,NaiveSparse,1.0,True,-6.400605561827242,-1.020060287274801,18.89570815742917,18.89570815742917,852.5058061055798,0.0,copy-from-Dense (hbm_frac=1.0)
meta-llama/Meta-Llama-3-8B,h100,64,4096,Dense,1.0,True,-25.60936564091922,-1.020060287274801,37.276108266294656,41.48151314923439,1547.613080058634,0.0,sim 7s
meta-llama/Meta-Llama-3-8B,h100,64,4096,NaiveSparse,1.0,True,-25.60936564091922,-1.020060287274801,37.276108266294656,41.48151314923439,1547.613080058634,0.0,copy-from-Dense (hbm_frac=1.0)
meta-llama/Meta-Llama-3-8B,a100,16,32768,NaiveSparse,0.9022,True,-6.400605561827242,-1.020060287274801,38.306744181104335,38.306744181104335,419.07595347414224,0.0,sim 23s
meta-llama/Meta-Llama-3-8B,h100,16,8192,Dense,1.0,True,-6.400605561827242,-1.020060287274801,25.581873314889602,25.581873314889602,628.5758654891533,0.0,sim 9s
meta-llama/Meta-Llama-3-8B,h100,16,8192,NaiveSparse,1.0,True,-6.400605561827242,-1.020060287274801,25.581873314889602,25.581873314889602,628.5758654891533,0.0,copy-from-Dense (hbm_frac=1.0)
meta-llama/Meta-Llama-3-8B,h100,32,8192,Dense,1.0,True,-10.014941450566031,-1.020060287274801,34.99534171612917,37.971124386863956,845.5851385989497,0.0,sim 6s
meta-llama/Meta-Llama-3-8B,h100,32,8192,NaiveSparse,1.0,True,-10.014941450566031,-1.020060287274801,34.99534171612917,37.971124386863956,845.5851385989497,0.0,copy-from-Dense (hbm_frac=1.0)
meta-llama/Meta-Llama-3-8B,h100,128,4096,Dense,0.9022,True,-54.228452211937125,-1.04538912631754,63.941886170792884,66.73576487566562,1811.2544572186493,0.0,sim 14s
meta-llama/Meta-Llama-3-8B,h100,128,4096,NaiveSparse,0.9022,True,-54.228452211937125,-1.04538912631754,63.941886170792884,66.73576487566562,1811.2544572186493,0.0,sim 15s
meta-llama/Meta-Llama-3-8B,h100,16,16384,Dense,1.0,True,-6.400605561827242,-1.020060287274801,38.244237048222736,38.244237048222736,419.76319072262726,0.0,sim 7s
meta-llama/Meta-Llama-3-8B,h100,16,16384,NaiveSparse,1.0,True,-6.400605561827242,-1.020060287274801,38.244237048222736,38.244237048222736,419.76319072262726,0.0,copy-from-Dense (hbm_frac=1.0)
meta-llama/Meta-Llama-3-8B,h100,64,8192,Dense,0.9022,True,-25.60936564091922,-1.020060287274801,60.00154885365384,63.46232805916996,1010.5025872220651,0.0,sim 15s
meta-llama/Meta-Llama-3-8B,h100,64,8192,NaiveSparse,0.9022,True,-25.60936564091922,-1.020060287274801,60.00154885365384,63.46232805916996,1010.5025872220651,0.0,sim 14s
meta-llama/Meta-Llama-3-8B,h100,32,16384,Dense,0.9022,True,-10.014941450566031,-1.020060287274801,56.51011306444663,59.89931479169555,535.3694570930385,0.0,sim 14s
meta-llama/Meta-Llama-3-8B,h100,32,16384,NaiveSparse,0.9022,True,-10.014941450566031,-1.020060287274801,56.51011306444663,59.89931479169555,535.3694570930385,0.0,sim 14s
mistralai/Mistral-7B-v0.1,a40,64,16384,Dense,0.211,True,-25.60936564091922,-1.020060287274801,144.53866530902326,146.23264577101497,438.04072035450366,456.26,sim 156s
mistralai/Mistral-7B-v0.1,a40,128,8192,NaiveSparse,0.211,True,-54.228452211937125,-1.04538912631754,139.65784448244412,146.83655385744413,840.0344191116716,508.98,sim 171s
mistralai/Mistral-7B-v0.1,a40,128,8192,Dense,0.211,True,-54.228452211937125,-1.04538912631754,139.65784448244412,146.83655385744413,840.0344191116716,508.98,sim 176s
mistralai/Mistral-7B-v0.1,a40,64,16384,NaiveSparse,0.211,True,-25.60936564091922,-1.020060287274801,144.53866530902326,146.23264577101497,438.04072035450366,456.26,sim 168s
mistralai/Mistral-7B-v0.1,a40,32,32768,NaiveSparse,0.211,True,-10.014941450566031,-1.020060287274801,134.07252265727615,142.46437578227614,224.81877249548668,661.9,sim 163s
mistralai/Mistral-7B-v0.1,a40,32,32768,Dense,0.211,True,-10.014941450566031,-1.020060287274801,134.07252265727615,142.46437578227614,224.81877249548668,661.9,sim 171s
mistralai/Mistral-7B-v0.1,a40,16,65536,NaiveSparse,0.211,True,-6.400605561827242,-1.020060287274801,142.42393390727617,142.42393390727617,112.44133396746744,832.81,sim 151s
mistralai/Mistral-7B-v0.1,a40,16,65536,Dense,0.211,True,-6.400605561827242,-1.020060287274801,142.42393390727617,142.42393390727617,112.44133396746744,832.81,sim 168s
meta-llama/Meta-Llama-3-8B,a100,128,8192,NaiveSparse,0.4511,True,-54.228452211937125,-1.04538912631754,101.95896225508784,109.13767163008784,1116.138745213416,206.88,sim 110s
meta-llama/Meta-Llama-3-8B,a100,128,8192,Dense,0.4511,True,-54.228452211937125,-1.04538912631754,101.95896225508784,109.13767163008784,1116.138745213416,206.88,sim 115s
meta-llama/Meta-Llama-3-8B,a100,64,16384,NaiveSparse,0.4511,True,-25.60936564091922,-1.020060287274801,103.33148169489681,105.02700134268328,610.1078058383077,124.54,sim 113s
meta-llama/Meta-Llama-3-8B,a100,16,65536,NaiveSparse,0.4511,True,-6.400605561827242,-1.020060287274801,98.9924409945946,98.9924409945946,161.83695715211553,485.49,sim 111s
meta-llama/Meta-Llama-3-8B,h100,128,8192,Dense,0.4511,True,-54.228452211937125,-1.04538912631754,101.95043346601413,109.12914284101413,1117.06688093992,207.08,sim 102s
meta-llama/Meta-Llama-3-8B,a100,32,32768,Dense,0.4511,True,-10.014941450566031,-1.020060287274801,91.77555856989679,100.16741169489678,319.87235762585607,323.61,sim 129s
meta-llama/Meta-Llama-3-8B,h100,128,8192,NaiveSparse,0.4511,True,-54.228452211937125,-1.04538912631754,101.95043346601413,109.12914284101413,1117.06688093992,207.08,sim 110s
meta-llama/Meta-Llama-3-8B,a100,64,16384,Dense,0.4511,True,-25.60936564091922,-1.020060287274801,103.33148169489681,105.02700134268328,610.1078058383077,124.54,sim 141s
meta-llama/Meta-Llama-3-8B,a100,32,32768,NaiveSparse,0.4511,True,-10.014941450566031,-1.020060287274801,91.77555856989679,100.16741169489678,319.87235762585607,323.61,sim 141s
meta-llama/Meta-Llama-3-8B,a40,16,4096,Dense,1.0,True,-6.400605561827242,-1.020060287274801,18.884243473989958,18.884243473989958,853.0268833990575,0.0,sim 61s
meta-llama/Meta-Llama-3-8B,a40,16,4096,NaiveSparse,1.0,True,-6.400605561827242,-1.020060287274801,18.884243473989958,18.884243473989958,853.0268833990575,0.0,copy-from-Dense (hbm_frac=1.0)
meta-llama/Meta-Llama-3-8B,a100,16,65536,Dense,0.4511,True,-6.400605561827242,-1.020060287274801,98.9924409945946,98.9924409945946,161.83695715211553,485.49,sim 152s
meta-llama/Meta-Llama-3-8B,a40,32,4096,Dense,1.0,True,-10.014941450566031,-1.020060287274801,23.65997311013068,25.81235106606708,1245.870934056007,0.0,sim 56s
meta-llama/Meta-Llama-3-8B,a40,32,4096,NaiveSparse,1.0,True,-10.014941450566031,-1.020060287274801,23.65997311013068,25.81235106606708,1245.870934056007,0.0,copy-from-Dense (hbm_frac=1.0)
mistralai/Mistral-7B-v0.1,h200,64,32768,NaiveSparse,0.4547,True,-25.60936564091922,-1.020060287274801,197.99154887196653,200.0904107469665,320.05936587372497,886.85,sim 207s
mistralai/Mistral-7B-v0.1,h200,64,32768,Dense,0.4547,True,-25.60936564091922,-1.020060287274801,197.99154887196653,200.0904107469665,320.05936587372497,886.85,sim 208s
mistralai/Mistral-7B-v0.1,h200,128,16384,Dense,0.4547,True,-54.228452211937125,-1.04538912631754,209.53389734581447,209.53389734581447,611.2516438309061,876.03,sim 221s
mistralai/Mistral-7B-v0.1,h200,16,131072,NaiveSparse,0.4547,True,-6.400605561827242,-1.020060287274801,195.04375518524324,195.04375518524324,82.0865381565572,1254.46,sim 205s
meta-llama/Meta-Llama-3-8B,a40,64,4096,NaiveSparse,0.7858,True,-25.60936564091922,-1.020060287274801,37.265844770785925,41.414948508225166,1550.1081804249743,0.0,sim 82s
mistralai/Mistral-7B-v0.1,h200,128,16384,NaiveSparse,0.4547,True,-54.228452211937125,-1.04538912631754,209.53389734581447,209.53389734581447,611.2516438309061,876.03,sim 227s
mistralai/Mistral-7B-v0.1,h200,32,65536,Dense,0.4547,True,-10.014941450566031,-1.020060287274801,178.30714893524325,195.08556206024323,164.1378709798619,1081.25,sim 222s
meta-llama/Meta-Llama-3-8B,a40,64,4096,Dense,0.7858,True,-25.60936564091922,-1.020060287274801,37.265844770785925,41.414948508225166,1550.1081804249743,0.0,sim 95s
meta-llama/Meta-Llama-3-8B,a40,128,4096,Dense,0.3929,True,-54.228452211937125,-1.04538912631754,65.87784267139764,68.6725376428291,1762.8849160918007,16.27,sim 102s
mistralai/Mistral-7B-v0.1,h200,16,131072,Dense,0.4547,True,-6.400605561827242,-1.020060287274801,195.04375518524324,195.04375518524324,82.0865381565572,1254.46,sim 248s
meta-llama/Meta-Llama-3-8B,a40,16,8192,Dense,1.0,True,-6.400605561827242,-1.020060287274801,25.56712076160899,25.56712076160899,628.9403796373939,0.0,sim 89s
meta-llama/Meta-Llama-3-8B,a40,16,8192,NaiveSparse,1.0,True,-6.400605561827242,-1.020060287274801,25.56712076160899,25.56712076160899,628.9403796373939,0.0,copy-from-Dense (hbm_frac=1.0)
mistralai/Mistral-7B-v0.1,h200,32,65536,NaiveSparse,0.4547,True,-10.014941450566031,-1.020060287274801,178.30714893524325,195.08556206024323,164.1378709798619,1081.25,sim 266s
meta-llama/Meta-Llama-3-8B,a40,128,4096,NaiveSparse,0.3929,True,-54.228452211937125,-1.04538912631754,65.87784267139764,68.6725376428291,1762.8849160918007,16.27,sim 125s
meta-llama/Meta-Llama-3-8B,a40,32,8192,Dense,0.7858,True,-10.014941450566031,-1.020060287274801,35.010374546321096,37.98523750416226,845.2699099189216,0.0,sim 121s
meta-llama/Meta-Llama-3-8B,a40,64,8192,Dense,0.3929,True,-25.60936564091922,-1.020060287274801,60.47862530500596,64.68129343000597,991.4213258536822,9.88,sim 159s
meta-llama/Meta-Llama-3-8B,h100,64,16384,NaiveSparse,0.4511,True,-25.60936564091922,-1.020060287274801,102.96437643524658,104.78650381445284,611.5097820130811,123.51,sim 283s
meta-llama/Meta-Llama-3-8B,h100,16,32768,NaiveSparse,0.9022,True,-6.400605561827242,-1.020060287274801,38.244237048222736,38.244237048222736,419.76319072262726,0.0,sim 305s
meta-llama/Meta-Llama-3-8B,h100,64,16384,Dense,0.4511,True,-25.60936564091922,-1.020060287274801,102.96437643524658,104.78650381445284,611.5097820130811,123.51,sim 318s
meta-llama/Meta-Llama-3-8B,a40,16,16384,Dense,0.7858,True,-6.400605561827242,-1.020060287274801,38.236135161608985,38.236135161608985,419.85243229304706,0.0,sim 193s
meta-llama/Meta-Llama-3-8B,a40,64,8192,NaiveSparse,0.3929,True,-25.60936564091922,-1.020060287274801,60.47862530500596,64.68129343000597,991.4213258536822,9.88,sim 228s
meta-llama/Meta-Llama-3-8B,a40,32,8192,NaiveSparse,0.7858,True,-10.014941450566031,-1.020060287274801,35.010374546321096,37.98523750416226,845.2699099189216,0.0,sim 253s
meta-llama/Meta-Llama-3-8B,h200,128,4096,Dense,1.0,True,-54.228452211937125,-1.04538912631754,63.75517575054698,66.52207736877575,1815.2360358305102,0.0,sim 19s
meta-llama/Meta-Llama-3-8B,h200,128,4096,NaiveSparse,1.0,True,-54.228452211937125,-1.04538912631754,63.75517575054698,66.52207736877575,1815.2360358305102,0.0,copy-from-Dense (hbm_frac=1.0)
meta-llama/Meta-Llama-3-8B,h200,16,4096,Dense,1.0,True,-6.400605561827242,-1.020060287274801,18.96382875983845,18.96382875983845,849.4227620027033,0.0,sim 55s
meta-llama/Meta-Llama-3-8B,h200,16,4096,NaiveSparse,1.0,True,-6.400605561827242,-1.020060287274801,18.96382875983845,18.96382875983845,849.4227620027033,0.0,copy-from-Dense (hbm_frac=1.0)
meta-llama/Meta-Llama-3-8B,h200,32,4096,Dense,1.0,True,-10.014941450566031,-1.020060287274801,23.486617364389048,25.6460728234854,1253.9889934791706,0.0,sim 50s
meta-llama/Meta-Llama-3-8B,h200,32,4096,NaiveSparse,1.0,True,-10.014941450566031,-1.020060287274801,23.486617364389048,25.6460728234854,1253.9889934791706,0.0,copy-from-Dense (hbm_frac=1.0)
meta-llama/Meta-Llama-3-8B,h200,64,4096,Dense,1.0,True,-25.60936564091922,-1.020060287274801,37.361466551789086,41.55954776997171,1544.6982489504328,0.0,sim 43s
meta-llama/Meta-Llama-3-8B,h200,64,4096,NaiveSparse,1.0,True,-25.60936564091922,-1.020060287274801,37.361466551789086,41.55954776997171,1544.6982489504328,0.0,copy-from-Dense (hbm_frac=1.0)
meta-llama/Meta-Llama-3-8B,a40,128,8192,Dense,0.1965,True,-54.228452211937125,-1.04538912631754,141.98106718310387,149.15977655810389,827.8460587489498,525.84,sim 268s
meta-llama/Meta-Llama-3-8B,a40,32,16384,Dense,0.3929,True,-10.014941450566031,-1.020060287274801,56.518692455234046,60.71726558023405,528.1420661325344,6.49,sim 257s
meta-llama/Meta-Llama-3-8B,h100,16,65536,NaiveSparse,0.4511,True,-6.400605561827242,-1.020060287274801,98.97031996592825,98.97031996592825,161.87317627498774,485.81,sim 393s
meta-llama/Meta-Llama-3-8B,a40,128,8192,NaiveSparse,0.1965,True,-54.228452211937125,-1.04538912631754,141.98106718310387,149.15977655810389,827.8460587489498,525.84,sim 301s
meta-llama/Meta-Llama-3-8B,h200,32,8192,Dense,1.0,True,-10.014941450566031,-1.020060287274801,34.81328473073828,37.79263748888224,849.5921835382981,0.0,sim 125s
meta-llama/Meta-Llama-3-8B,h200,32,8192,NaiveSparse,1.0,True,-10.014941450566031,-1.020060287274801,34.81328473073828,37.79263748888224,849.5921835382981,0.0,copy-from-Dense (hbm_frac=1.0)
meta-llama/Meta-Llama-3-8B,h200,16,8192,Dense,1.0,True,-6.400605561827242,-1.020060287274801,25.63104339814542,25.63104339814542,627.3639893083111,0.0,sim 150s
meta-llama/Meta-Llama-3-8B,h200,16,8192,NaiveSparse,1.0,True,-6.400605561827242,-1.020060287274801,25.63104339814542,25.63104339814542,627.3639893083111,0.0,copy-from-Dense (hbm_frac=1.0)
meta-llama/Meta-Llama-3-8B,h200,64,8192,Dense,1.0,True,-25.60936564091922,-1.020060287274801,60.08264134170357,63.53602411056895,1009.3281385102891,0.0,sim 142s
meta-llama/Meta-Llama-3-8B,h200,64,8192,NaiveSparse,1.0,True,-25.60936564091922,-1.020060287274801,60.08264134170357,63.53602411056895,1009.3281385102891,0.0,copy-from-Dense (hbm_frac=1.0)
meta-llama/Meta-Llama-3-8B,a40,16,16384,NaiveSparse,0.7858,True,-6.400605561827242,-1.020060287274801,38.236135161608985,38.236135161608985,419.85243229304706,0.0,sim 368s
meta-llama/Meta-Llama-3-8B,a40,32,16384,NaiveSparse,0.3929,True,-10.014941450566031,-1.020060287274801,56.518692455234046,60.71726558023405,528.1420661325344,6.49,sim 358s
meta-llama/Meta-Llama-3-8B,h200,128,8192,Dense,0.8949,True,-54.228452211937125,-1.04538912631754,76.75500972754283,82.92416792754787,1446.99024751485,0.0,sim 149s
meta-llama/Meta-Llama-3-8B,h200,128,8192,NaiveSparse,0.8949,True,-54.228452211937125,-1.04538912631754,76.75500972754283,82.92416792754787,1446.99024751485,0.0,sim 163s
meta-llama/Meta-Llama-3-8B,h100,16,65536,Dense,0.4511,True,-6.400605561827242,-1.020060287274801,98.97031996592825,98.97031996592825,161.87317627498774,485.81,sim 535s
meta-llama/Meta-Llama-3-8B,a40,64,16384,Dense,0.1965,True,-25.60936564091922,-1.020060287274801,146.8265778687726,148.50061301428366,431.34501898882297,475.76,sim 396s
meta-llama/Meta-Llama-3-8B,a40,16,32768,Dense,0.3929,True,-6.400605561827242,-1.020060287274801,55.54732440191712,55.54732440191712,288.7053928504361,138.49,sim 403s
meta-llama/Meta-Llama-3-8B,h100,32,32768,NaiveSparse,0.4511,True,-10.014941450566031,-1.020060287274801,91.75823456024655,100.15008768524655,319.9277598340583,322.01,sim 579s
meta-llama/Meta-Llama-3-8B,a40,16,32768,NaiveSparse,0.3929,True,-6.400605561827242,-1.020060287274801,55.54732440191712,55.54732440191712,288.7053928504361,138.49,sim 454s
meta-llama/Meta-Llama-3-8B,h100,16,32768,Dense,0.9022,True,-6.400605561827242,-1.020060287274801,38.244237048222736,38.244237048222736,419.76319072262726,0.0,sim 654s
meta-llama/Meta-Llama-3-8B,h100,32,32768,Dense,0.4511,True,-10.014941450566031,-1.020060287274801,91.75823456024655,100.15008768524655,319.9277598340583,322.01,sim 654s
meta-llama/Meta-Llama-3-8B,a40,64,16384,NaiveSparse,0.1965,True,-25.60936564091922,-1.020060287274801,146.8265778687726,148.50061301428366,431.34501898882297,475.76,sim 565s
mistralai/Mixtral-8x7B-v0.1,a100,16,4096,Dense,1.0,True,-6.400605561827242,-1.020060287274801,18.971657937087148,18.971657937087148,849.0698524142518,0.0,sim 40s
mistralai/Mixtral-8x7B-v0.1,a100,16,4096,NaiveSparse,1.0,True,-6.400605561827242,-1.020060287274801,18.971657937087148,18.971657937087148,849.0698524142518,0.0,copy-from-Dense (hbm_frac=1.0)
mistralai/Mixtral-8x7B-v0.1,a100,32,4096,Dense,1.0,True,-10.014941450566031,-1.020060287274801,23.48918491436987,25.649212874869228,1253.8347095149143,0.0,sim 10s
mistralai/Mixtral-8x7B-v0.1,a100,32,4096,NaiveSparse,1.0,True,-10.014941450566031,-1.020060287274801,23.48918491436987,25.649212874869228,1253.8347095149143,0.0,copy-from-Dense (hbm_frac=1.0)
meta-llama/Meta-Llama-3-8B,a40,16,65536,Dense,0.1965,True,-6.400605561827242,-1.020060287274801,145.03570065191713,145.03570065191713,110.41473677883094,854.4,sim 491s
mistralai/Mixtral-8x7B-v0.1,a100,64,4096,Dense,0.9168,True,-25.60936564091922,-1.020060287274801,37.33274057538536,41.533386602964235,1545.6742240964138,0.0,sim 14s
mistralai/Mixtral-8x7B-v0.1,a100,64,4096,NaiveSparse,0.9168,True,-25.60936564091922,-1.020060287274801,37.33274057538536,41.533386602964235,1545.6742240964138,0.0,sim 14s
meta-llama/Meta-Llama-3-8B,a40,32,32768,Dense,0.1965,True,-10.014941450566031,-1.020060287274801,136.6842894019171,145.07614252691712,220.76786029744395,681.36,sim 595s
mistralai/Mixtral-8x7B-v0.1,a100,128,4096,Dense,0.4584,True,-54.228452211937125,-1.04538912631754,64.83631157545919,67.60455476506019,1787.7188884596442,8.7,sim 52s
mistralai/Mixtral-8x7B-v0.1,a100,128,4096,NaiveSparse,0.4584,True,-54.228452211937125,-1.04538912631754,64.83631157545919,67.60455476506019,1787.7188884596442,8.7,sim 52s
meta-llama/Meta-Llama-3-8B,h200,16,16384,Dense,1.0,True,-6.400605561827242,-1.020060287274801,38.32115913147854,38.32115913147854,418.9177868988088,0.0,sim 424s
meta-llama/Meta-Llama-3-8B,h200,16,16384,NaiveSparse,1.0,True,-6.400605561827242,-1.020060287274801,38.32115913147854,38.32115913147854,418.9177868988088,0.0,copy-from-Dense (hbm_frac=1.0)
meta-llama/Meta-Llama-3-8B,h200,32,16384,Dense,1.0,True,-10.014941450566031,-1.020060287274801,56.33452987159933,59.73082308838641,536.8828848426386,0.0,sim 431s
meta-llama/Meta-Llama-3-8B,h200,32,16384,NaiveSparse,1.0,True,-10.014941450566031,-1.020060287274801,56.33452987159933,59.73082308838641,536.8828848426386,0.0,copy-from-Dense (hbm_frac=1.0)
meta-llama/Meta-Llama-3-8B,h200,64,16384,Dense,0.8949,True,-25.60936564091922,-1.020060287274801,87.759571948236,89.45354270755493,716.476443592509,0.0,sim 438s
meta-llama/Meta-Llama-3-8B,h200,64,16384,NaiveSparse,0.8949,True,-25.60936564091922,-1.020060287274801,87.759571948236,89.45354270755493,716.476443592509,0.0,sim 432s
mistralai/Mixtral-8x7B-v0.1,a100,16,8192,Dense,1.0,True,-6.400605561827242,-1.020060287274801,25.650797785976142,25.650797785976142,626.8784252828896,0.0,sim 69s
mistralai/Mixtral-8x7B-v0.1,a100,16,8192,NaiveSparse,1.0,True,-6.400605561827242,-1.020060287274801,25.650797785976142,25.650797785976142,626.8784252828896,0.0,copy-from-Dense (hbm_frac=1.0)
mistralai/Mixtral-8x7B-v0.1,a100,32,8192,Dense,0.9168,True,-10.014941450566031,-1.020060287274801,34.81614159119528,37.796976002488286,849.4943332792444,0.0,sim 66s
meta-llama/Meta-Llama-3-8B,a40,32,32768,NaiveSparse,0.1965,True,-10.014941450566031,-1.020060287274801,136.6842894019171,145.07614252691712,220.76786029744395,681.36,sim 624s
mistralai/Mixtral-8x7B-v0.1,a100,32,8192,NaiveSparse,0.9168,True,-10.014941450566031,-1.020060287274801,34.81614159119528,37.796976002488286,849.4943332792444,0.0,sim 90s
meta-llama/Meta-Llama-3-8B,a40,16,65536,NaiveSparse,0.1965,True,-6.400605561827242,-1.020060287274801,145.03570065191713,145.03570065191713,110.41473677883094,854.4,sim 631s
mistralai/Mixtral-8x7B-v0.1,a100,64,8192,NaiveSparse,0.4584,True,-25.60936564091922,-1.020060287274801,60.06830916187238,64.27097728687238,997.7632991866506,6.0,sim 122s
mistralai/Mixtral-8x7B-v0.1,a100,64,8192,Dense,0.4584,True,-25.60936564091922,-1.020060287274801,60.06830916187238,64.27097728687238,997.7632991866506,6.0,sim 123s
mistralai/Mixtral-8x7B-v0.1,a100,128,8192,Dense,0.2292,True,-54.228452211937125,-1.04538912631754,136.7847814704668,143.9634908454668,856.1716558419025,488.29,sim 540s
mistralai/Mixtral-8x7B-v0.1,a100,128,8192,NaiveSparse,0.2292,True,-54.228452211937125,-1.04538912631754,136.7847814704668,143.9634908454668,856.1716558419025,488.29,sim 591s
meta-llama/Meta-Llama-3-8B,h200,128,16384,Dense,0.4475,True,-54.228452211937125,-1.04538912631754,211.54753331691063,211.54753331691063,605.4298760354346,892.11,sim 1183s
meta-llama/Meta-Llama-3-8B,h200,128,16384,NaiveSparse,0.4475,True,-54.228452211937125,-1.04538912631754,211.54753331691063,211.54753331691063,605.4298760354346,892.11,sim 1196s
mistralai/Mixtral-8x7B-v0.1,a100,16,16384,Dense,0.9168,True,-6.400605561827242,-1.020060287274801,38.32083618597594,38.32083618597594,418.9213290780326,0.0,sim 1617s
mistralai/Mixtral-8x7B-v0.1,a100,16,65536,Dense,0.2292,True,-6.400605561827242,-1.020060287274801,139.13409098860012,139.13409098860012,115.10246207472186,806.51,sim 382s
mistralai/Mixtral-8x7B-v0.1,a100,16,32768,NaiveSparse,0.4584,True,-6.400605561827242,-1.020060287274801,49.63786598860016,49.63786598860016,323.1646972479235,90.54,sim 426s
mistralai/Mixtral-8x7B-v0.1,a100,32,32768,Dense,0.2292,True,-10.014941450566031,-1.020060287274801,130.78302098860016,139.17487411360014,230.13740416378502,635.53,sim 438s
mistralai/Mixtral-8x7B-v0.1,a100,16,65536,NaiveSparse,0.2292,True,-6.400605561827242,-1.020060287274801,139.13409098860012,139.13409098860012,115.10246207472186,806.51,sim 435s
mistralai/Mixtral-8x7B-v0.1,a100,16,32768,Dense,0.4584,True,-6.400605561827242,-1.020060287274801,49.63786598860016,49.63786598860016,323.1646972479235,90.54,sim 567s
mistralai/Mixtral-8x7B-v0.1,a100,32,32768,NaiveSparse,0.2292,True,-10.014941450566031,-1.020060287274801,130.78302098860016,139.17487411360014,230.13740416378502,635.53,sim 705s
microsoft/phi-2,a100,4,4096,Dense,1.0,True,,,,,,,"FAILED: INFO 06-12 03:18:25 sklearn_execution_time_predictor.py:385] Trained model attn_pre_proj and found best parameters: {'max_depth': 16, 'min_samples_split': 5, 'n_estimators': 500} with mean absolute percentage error (MEAP) 1.4544710722389063%"
meta-llama/Meta-Llama-3-8B,h200,32,32768,Dense,0.8949,True,,,,,,,FAILED: 
microsoft/phi-2,a100,8,4096,Dense,1.0,True,,,,,,,FAILED: 
microsoft/phi-2,a100,2,4096,Dense,1.0,True,,,,,,,"FAILED: INFO 06-12 03:18:25 sklearn_execution_time_predictor.py:385] Trained model attn_pre_proj and found best parameters: {'max_depth': 16, 'min_samples_split': 5, 'n_estimators': 500} with mean absolute percentage error (MEAP) 1.4544710722389063%"
meta-llama/Meta-Llama-3-8B,h200,64,32768,Dense,0.4475,True,,,,,,,FAILED: 
meta-llama/Meta-Llama-3-8B,h200,16,32768,Dense,1.0,True,,,,,,,FAILED: 
meta-llama/Meta-Llama-3-8B,h200,64,32768,NaiveSparse,0.4475,True,,,,,,,FAILED: 
microsoft/phi-2,a100,1,4096,Dense,1.0,True,,,,,,,FAILED: 
meta-llama/Meta-Llama-3-8B,h200,32,32768,NaiveSparse,0.8949,True,,,,,,,FAILED: 
meta-llama/Meta-Llama-3-8B,h200,16,65536,Dense,0.8949,True,-6.400605561827242,-1.020060287274801,38.33099292514769,38.33099292514769,418.809955086116,0.0,sim 5049s
meta-llama/Meta-Llama-3-8B,h200,16,65536,NaiveSparse,0.8949,True,-6.400605561827242,-1.020060287274801,38.33099292514769,38.33099292514769,418.809955086116,0.0,sim 5074s
meta-llama/Meta-Llama-3-8B,h200,32,65536,NaiveSparse,0.4475,True,-10.014941450566031,-1.020060287274801,180.9599924425891,197.73840556758913,161.93438883552847,1104.05,sim 5131s
meta-llama/Meta-Llama-3-8B,h200,16,131072,NaiveSparse,0.4475,True,-6.400605561827242,-1.020060287274801,197.69659869258905,197.69659869258905,80.98432759055109,1274.93,sim 5249s
mistralai/Mixtral-8x7B-v0.1,a100,32,16384,Dense,0.4584,True,-10.014941450566031,-1.020060287274801,56.357219401586185,60.55579252658619,529.5533375626514,6.43,sim 5331s
meta-llama/Meta-Llama-3-8B,h200,32,65536,Dense,0.4475,True,-10.014941450566031,-1.020060287274801,180.96027412995417,197.73868725495416,161.93415800409795,1103.53,sim 5377s
meta-llama/Meta-Llama-3-8B,h200,16,131072,Dense,0.4475,True,-6.400605561827242,-1.020060287274801,197.6966214376657,197.6966214376657,80.98431826725809,1274.92,sim 5423s
mistralai/Mixtral-8x7B-v0.1,a100,16,16384,NaiveSparse,0.9168,True,-6.400605561827242,-1.020060287274801,38.32218452493554,38.32218452493554,418.90654042177135,0.0,sim 5957s
mistralai/Mixtral-8x7B-v0.1,a100,32,16384,NaiveSparse,0.4584,True,-10.014941450566031,-1.020060287274801,56.35180713492005,60.550380259920054,529.6007713198965,6.4,sim 2477s
mistralai/Mixtral-8x7B-v0.1,a100,64,16384,Dense,0.2292,True,-25.60936564091922,-1.020060287274801,141.6641538430819,143.3603028367156,446.8250435634677,431.31,sim 2377s
mistralai/Mixtral-8x7B-v0.1,a100,64,16384,NaiveSparse,0.2292,True,-25.60936564091922,-1.020060287274801,141.6641538430819,143.3603028367156,446.8250435634677,431.31,sim 2667s
mistralai/Mixtral-8x7B-v0.1,h100,64,4096,Dense,0.9168,True,-25.60936564091922,-1.020060287274801,37.33841481849709,41.54160567426409,1545.3674684932432,0.0,sim 5153s
mistralai/Mixtral-8x7B-v0.1,h100,64,8192,NaiveSparse,0.4584,True,-25.60936564091922,-1.020060287274801,60.03561259039002,64.23828071539002,998.2721596700985,5.99,sim 193s
mistralai/Mixtral-8x7B-v0.1,h100,32,8192,Dense,0.9168,True,-10.014941450566031,-1.020060287274801,34.82394959991837,37.80677644926462,849.2733782490595,0.0,sim 3640s
mistralai/Mixtral-8x7B-v0.1,h100,128,4096,NaiveSparse,0.4584,True,-54.228452211937125,-1.04538912631754,64.88407448847555,67.65276908469573,1786.3538262794273,8.74,sim 4972s
mistralai/Mixtral-8x7B-v0.1,h100,128,4096,Dense,0.4584,True,-54.228452211937125,-1.04538912631754,64.88423448847556,67.6528597513624,1786.3503693044593,8.74,sim 5278s
mistralai/Mixtral-8x7B-v0.1,h100,16,8192,Dense,1.0,True,-6.400605561827242,-1.020060287274801,25.6791957998498,25.6791957998498,626.1817158508399,0.0,sim 3789s
mistralai/Mixtral-8x7B-v0.1,h100,16,8192,NaiveSparse,1.0,True,-6.400605561827242,-1.020060287274801,25.6791957998498,25.6791957998498,626.1817158508399,0.0,copy-from-Dense (hbm_frac=1.0)
mistralai/Mixtral-8x7B-v0.1,h100,32,4096,Dense,1.0,True,-10.014941450566031,-1.020060287274801,23.49438793655356,25.656064294455934,1253.498202137372,0.0,sim 5510s
mistralai/Mixtral-8x7B-v0.1,h100,32,4096,NaiveSparse,1.0,True,-10.014941450566031,-1.020060287274801,23.49438793655356,25.656064294455934,1253.498202137372,0.0,copy-from-Dense (hbm_frac=1.0)
mistralai/Mixtral-8x7B-v0.1,h100,16,4096,Dense,1.0,True,-6.400605561827242,-1.020060287274801,18.98556441377809,18.98556441377809,848.4437237421384,0.0,sim 5623s
mistralai/Mixtral-8x7B-v0.1,h100,16,4096,NaiveSparse,1.0,True,-6.400605561827242,-1.020060287274801,18.98556441377809,18.98556441377809,848.4437237421384,0.0,copy-from-Dense (hbm_frac=1.0)
mistralai/Mixtral-8x7B-v0.1,h100,128,8192,NaiveSparse,0.2292,True,-54.228452211937125,-1.04538912631754,136.77690217456345,143.95561154956346,856.1732111053332,485.62,sim 173s
mistralai/Mixtral-8x7B-v0.1,h100,128,8192,Dense,0.2292,True,-54.228452211937125,-1.04538912631754,136.77690217456345,143.95561154956346,856.1732111053332,485.62,sim 189s
mistralai/Mixtral-8x7B-v0.1,h100,64,4096,NaiveSparse,0.9168,True,-25.60936564091922,-1.020060287274801,37.351094897091905,41.55410885420439,1544.901053027876,0.0,sim 5508s
mistralai/Mixtral-8x7B-v0.1,h100,16,16384,NaiveSparse,0.9168,True,-6.400605561827242,-1.020060287274801,38.34055659984973,38.34055659984973,418.70513847842483,0.0,sim 238s
mistralai/Mixtral-8x7B-v0.1,h100,16,16384,Dense,0.9168,True,-6.400605561827242,-1.020060287274801,38.31152379984981,38.31152379984981,419.0234963604337,0.0,sim 308s
mistralai/Mixtral-8x7B-v0.1,h100,32,16384,NaiveSparse,0.4584,True,-10.014941450566031,-1.020060287274801,56.31460989230192,60.51318301730191,529.9270024703223,6.38,sim 427s
mistralai/Mixtral-8x7B-v0.1,h100,64,16384,Dense,0.2292,True,-25.60936564091922,-1.020060287274801,141.65606506837798,143.35222725012812,446.85023735917525,429.83,sim 491s
mistralai/Mixtral-8x7B-v0.1,h100,32,8192,NaiveSparse,0.9168,True,-10.014941450566031,-1.020060287274801,34.82394959991837,37.80677644926462,849.2733782490595,0.0,sim 3851s
mistralai/Mixtral-8x7B-v0.1,h100,32,16384,Dense,0.4584,True,-10.014941450566031,-1.020060287274801,56.31460989230192,60.51318301730191,529.9270024703223,6.38,sim 542s
mistralai/Mixtral-8x7B-v0.1,h100,16,32768,Dense,0.4584,True,-6.400605561827242,-1.020060287274801,49.63914391856637,49.63914391856637,323.15635614104843,90.62,sim 465s
mistralai/Mixtral-8x7B-v0.1,h100,64,16384,NaiveSparse,0.2292,True,-25.60936564091922,-1.020060287274801,141.65606506837798,143.35222725012812,446.85023735917525,429.83,sim 511s
mistralai/Mixtral-8x7B-v0.1,h100,32,32768,Dense,0.2292,True,-10.014941450566031,-1.020060287274801,130.78429891856632,139.1761520435663,230.1352890803467,635.69,sim 290s
mistralai/Mixtral-8x7B-v0.1,h100,64,8192,Dense,0.4584,True,-25.60936564091922,-1.020060287274801,60.08053819039021,64.2832063153902,997.5731106909764,6.03,sim 3814s
mistralai/Mixtral-8x7B-v0.1,h100,16,32768,NaiveSparse,0.4584,True,-6.400605561827242,-1.020060287274801,49.63914391856637,49.63914391856637,323.15635614104843,90.62,sim 627s
mistralai/Mixtral-8x7B-v0.1,h100,32,32768,NaiveSparse,0.2292,True,-10.014941450566031,-1.020060287274801,130.78551491856635,139.17736804356633,230.13327653239804,635.76,sim 356s
mistralai/Mixtral-8x7B-v0.1,h100,16,65536,Dense,0.2292,True,-6.400605561827242,-1.020060287274801,139.13658491856634,139.13658491856634,115.10039704785629,806.46,sim 578s
mistralai/Mixtral-8x7B-v0.1,h100,16,65536,NaiveSparse,0.2292,True,-6.400605561827242,-1.020060287274801,139.13658491856634,139.13658491856634,115.10039704785629,806.46,sim 749s
mistralai/Mixtral-8x7B-v0.1,a40,64,4096,Dense,0.3492,True,-25.60936564091922,-1.020060287274801,37.342945252732484,41.54367902708686,1545.2901051859249,0.0,sim 5020s
mistralai/Mixtral-8x7B-v0.1,a40,32,8192,Dense,0.3492,True,-10.014941450566031,-1.020060287274801,34.82283309554754,37.808926255319115,849.224925374605,0.0,sim 117s
mistralai/Mixtral-8x7B-v0.1,a40,32,8192,NaiveSparse,0.3492,True,-10.014941450566031,-1.020060287274801,34.82283309554754,37.808926255319115,849.224925374605,0.0,sim 64s
mistralai/Mixtral-8x7B-v0.1,a40,32,4096,Dense,0.6985,True,-10.014941450566031,-1.020060287274801,23.486136135951774,25.647860302055705,1253.9011624654781,0.0,sim 5329s
mistralai/Mixtral-8x7B-v0.1,a40,32,4096,NaiveSparse,0.6985,True,-10.014941450566031,-1.020060287274801,23.486046556983997,25.647757684513916,1253.906204432316,0.0,sim 5352s
mistralai/Mixtral-8x7B-v0.1,a40,128,4096,Dense,0.1746,True,-54.228452211937125,-1.04538912631754,77.29334296105638,80.06020728492771,1522.680649262287,107.98,sim 5175s
mistralai/Mixtral-8x7B-v0.1,a40,64,8192,NaiveSparse,0.1746,True,-25.60936564091922,-1.020060287274801,73.05696140990334,77.25962953490334,829.7450963534327,109.89,sim 88s
mistralai/Mixtral-8x7B-v0.1,a40,64,8192,Dense,0.1746,True,-25.60936564091922,-1.020060287274801,73.05696140990334,77.25962953490334,829.7450963534327,109.89,sim 122s
mistralai/Mixtral-8x7B-v0.1,a40,128,4096,NaiveSparse,0.1746,True,-54.228452211937125,-1.04538912631754,77.29335197063436,80.06022287650357,1522.6800368177644,107.98,sim 5389s
mistralai/Mixtral-8x7B-v0.1,a40,16,16384,Dense,0.3492,True,-6.400605561827242,-1.020060287274801,38.346890163123796,38.346890163123796,418.63575233701084,0.0,sim 225s
mistralai/Mixtral-8x7B-v0.1,a40,128,8192,Dense,0.0873,True,-54.228452211937125,-1.04538912631754,158.30582203490334,165.48453140990335,748.3950608627141,660.29,sim 267s
mistralai/Mixtral-8x7B-v0.1,a40,128,8192,NaiveSparse,0.0873,True,-54.228452211937125,-1.04538912631754,158.30582203490334,165.48453140990335,748.3950608627141,660.29,sim 262s
mistralai/Mixtral-8x7B-v0.1,a40,16,4096,Dense,1.0,True,-6.400605561827242,-1.020060287274801,18.98715304876016,18.98715304876016,848.3722554115733,0.0,sim 5760s
mistralai/Mixtral-8x7B-v0.1,a40,16,4096,NaiveSparse,1.0,True,-6.400605561827242,-1.020060287274801,18.98715304876016,18.98715304876016,848.3722554115733,0.0,copy-from-Dense (hbm_frac=1.0)
mistralai/Mixtral-8x7B-v0.1,a40,16,16384,NaiveSparse,0.3492,True,-6.400605561827242,-1.020060287274801,38.346890163123796,38.346890163123796,418.63575233701084,0.0,sim 309s
mistralai/Mixtral-8x7B-v0.1,a40,32,16384,Dense,0.1746,True,-10.014941450566031,-1.020060287274801,71.16963148877687,75.36820461377687,425.3017481600789,124.94,sim 156s
mistralai/Mixtral-8x7B-v0.1,a40,16,8192,NaiveSparse,0.6985,True,-6.400605561827242,-1.020060287274801,25.684809845071857,25.684809845071857,626.0441656341743,0.0,sim 5196s
mistralai/Mixtral-8x7B-v0.1,a40,32,16384,NaiveSparse,0.1746,True,-10.014941450566031,-1.020060287274801,71.16963148877687,75.36820461377687,425.3017481600789,124.94,sim 178s
mistralai/Mixtral-8x7B-v0.1,a40,64,16384,Dense,0.0873,True,-25.60936564091922,-1.020060287274801,164.56788336377687,166.0724410666444,385.6701053674917,615.61,sim 283s
mistralai/Mixtral-8x7B-v0.1,a40,64,16384,NaiveSparse,0.0873,True,-25.60936564091922,-1.020060287274801,164.56788336377687,166.0724410666444,385.6701053674917,615.61,sim 289s
mistralai/Mixtral-8x7B-v0.1,a40,64,4096,NaiveSparse,0.3492,True,-25.60936564091922,-1.020060287274801,37.342945252732484,41.54367902708686,1545.2901051859249,0.0,sim 5918s
mistralai/Mixtral-8x7B-v0.1,a40,16,8192,Dense,0.6985,True,-6.400605561827242,-1.020060287274801,25.668790296435816,25.668790296435816,626.4368219096526,0.0,sim 5550s
mistralai/Mixtral-8x7B-v0.1,a40,16,32768,NaiveSparse,0.1746,True,-6.400605561827242,-1.020060287274801,75.32789073877687,75.32789073877687,212.76487324322426,295.73,sim 539s
mistralai/Mixtral-8x7B-v0.1,a40,16,32768,Dense,0.1746,True,-6.400605561827242,-1.020060287274801,75.32810940544354,75.32810940544354,212.76425457017564,295.88,sim 590s
mistralai/Mixtral-8x7B-v0.1,a40,16,65536,Dense,0.0873,True,-6.400605561827242,-1.020060287274801,164.80056948877686,164.80056948877686,97.1622183389017,1011.51,sim 738s
mistralai/Mixtral-8x7B-v0.1,a40,32,32768,NaiveSparse,0.0873,True,-10.014941450566031,-1.020060287274801,156.44847573877686,164.84032886377688,194.27752947235788,840.64,sim 810s
mistralai/Mixtral-8x7B-v0.1,a40,16,65536,NaiveSparse,0.0873,True,-6.400605561827242,-1.020060287274801,164.80056948877686,164.80056948877686,97.1622183389017,1011.51,sim 725s
mistralai/Mixtral-8x7B-v0.1,a40,32,32768,Dense,0.0873,True,-10.014941450566031,-1.020060287274801,156.44847573877686,164.84032886377688,194.27752947235788,840.64,sim 1069s
microsoft/phi-2,a100,4,131072,Sparse,0.4226,True,-1.04538912631754,-1.020060287274801,17.673278371695787,17.673278371695787,227.9751649235941,57.27,sim 2948s
microsoft/phi-2,a100,32,16384,Sparse,0.4226,True,-10.014941450566031,-1.020060287274801,38.78512499853564,39.64920483432208,809.6818251093985,0.0,sim 2951s
microsoft/phi-2,a100,32,8192,Sparse,0.8452,True,-10.014941450566031,-1.020060287274801,38.78483699853565,39.64867683432209,809.6926424007701,0.0,sim 2956s
microsoft/phi-2,a100,8,32768,Sparse,0.8452,True,-1.6195993760626193,-1.020060287274801,15.012946057987316,15.012946057987316,537.4379792798487,0.0,sim 2987s
microsoft/phi-2,a100,16,32768,Sparse,0.4226,True,-6.400605561827242,-1.020060287274801,21.90950580401908,23.224070973138854,692.7437514019723,0.0,sim 3003s
microsoft/phi-2,h100,64,4096,Sparse,0.8452,True,-25.60936564091922,-1.020060287274801,37.811579854740906,39.105958800014584,1641.9328609635343,0.0,sim 3025s
microsoft/phi-2,a40,32,4096,Sparse,0.8754,True,-10.014941450566031,-1.020060287274801,115.7444218140757,120.99503195016182,264.75267161363837,0.0,sim 3089s
microsoft/phi-2,a40,128,4096,Sparse,0.2189,True,-54.228452211937125,-1.04538912631754,449.40036821159066,464.67892730221115,270.75843382455247,0.0,sim 3096s
microsoft/phi-2,a40,64,8192,Sparse,0.2189,True,-25.60936564091922,-1.020060287274801,238.86686988253973,238.86686988253973,268.07477146176313,0.0,sim 3135s
microsoft/phi-2,a40,16,16384,Sparse,0.4377,True,-6.400605561827242,-1.020060287274801,60.225984269819854,60.225984269819854,266.22970946237,0.0,sim 3145s
microsoft/phi-2,a100,1,524288,Sparse,0.4226,True,-1.020060287274801,-1.020060287274801,12.950860535909348,12.950860535909348,77.9827241751826,54.17,sim 3181s
microsoft/phi-2,a40,16,32768,Sparse,0.2189,True,-6.400605561827242,-1.020060287274801,60.22651206936799,60.22651206936799,266.2273713883629,0.0,sim 350s
microsoft/phi-2,a40,4,65536,Sparse,0.4377,True,-1.04538912631754,-1.020060287274801,22.080115946557555,22.080115946557555,182.21069337982556,0.0,sim 331s
microsoft/phi-2,h100,16,32768,Sparse,0.4226,True,-6.400605561827242,-1.020060287274801,21.59861878503245,21.59861878503245,745.1873270254447,74.35,sim 3322s
microsoft/phi-2,a100,128,4096,Sparse,0.4226,True,-54.228452211937125,-1.04538912631754,140.4005554074267,149.04185247287236,842.43704878628,0.0,sim 3370s
microsoft/phi-2,h100,1,262144,Sparse,0.8452,True,-1.020060287274801,-1.020060287274801,3.817428795068488,3.817428795068488,271.00849307225616,0.0,sim 3377s
microsoft/phi-2,a100,16,16384,Sparse,0.8452,True,-6.400605561827242,-1.020060287274801,21.931609804018983,23.24492163980542,692.118933722066,0.0,sim 3383s
microsoft/phi-2,a100,4,65536,Sparse,0.8452,True,-1.04538912631754,-1.020060287274801,10.546265847200857,10.546265847200857,383.922909092241,0.2,sim 3387s
microsoft/phi-2,a40,4,131072,Sparse,0.2189,True,-1.04538912631754,-1.020060287274801,22.078723946557552,22.078723946557552,182.22224796889438,0.0,sim 314s
microsoft/phi-2,a40,8,32768,Sparse,0.4377,True,-1.6195993760626193,-1.020060287274801,34.466771946557536,34.466771946557536,232.9694633039168,0.0,sim 468s
microsoft/phi-2,a40,8,65536,Sparse,0.2189,True,-1.6195993760626193,-1.020060287274801,34.445731946557515,34.445731946557515,233.11229346462875,0.0,sim 503s
microsoft/phi-2,a40,2,65536,Sparse,0.8754,True,-1.020060287274801,-1.020060287274801,17.096803946557547,17.096803946557547,117.85992486671425,0.0,sim 561s
microsoft/phi-2,a100,64,4096,Sparse,0.8452,True,-25.60936564091922,-1.020060287274801,77.86407930651649,77.86407930651649,823.2933166754203,0.0,sim 3527s
microsoft/phi-2,a40,1,131072,Sparse,0.8754,True,-1.020060287274801,-1.020060287274801,13.239728345374411,13.239728345374411,76.26473154556318,0.0,sim 506s
microsoft/phi-2,h100,2,262144,Sparse,0.4226,True,-1.020060287274801,-1.020060287274801,13.202968410032444,13.202968410032444,152.95827957835786,66.6,sim 3544s
microsoft/phi-2,a100,64,8192,Sparse,0.4226,True,-25.60936564091922,-1.020060287274801,77.83063930651647,77.83063930651647,823.6476257989046,0.0,sim 3559s
microsoft/phi-2,a40,16,8192,Sparse,0.8754,True,-6.400605561827242,-1.020060287274801,60.05651777193992,60.05651777193992,266.98255047069784,0.0,sim 3598s
microsoft/phi-2,a40,2,262144,Sparse,0.2189,True,-1.020060287274801,-1.020060287274801,18.657858863275617,18.657858863275617,107.93103512540156,12.52,sim 459s
microsoft/phi-2,a40,2,131072,Sparse,0.4377,True,-1.020060287274801,-1.020060287274801,17.092691946557544,17.092691946557544,117.88849160665183,0.0,sim 522s
microsoft/phi-2,a100,2,262144,Sparse,0.4226,True,-1.020060287274801,-1.020060287274801,13.497958121695785,13.497958121695785,149.58359010923058,46.48,sim 3657s
microsoft/phi-2,h100,128,4096,Sparse,0.4226,True,-54.228452211937125,-1.04538912631754,74.22216614413041,77.58057654433343,1633.1566472291327,0.0,sim 3669s
microsoft/phi-2,a40,32,8192,Sparse,0.4377,True,-10.014941450566031,-1.020060287274801,115.75686181407511,121.01047995016124,264.71883807042497,0.0,sim 3670s
microsoft/phi-2,a100,1,262144,Sparse,0.8452,True,-1.020060287274801,-1.020060287274801,6.176274222200844,6.176274222200844,165.32295786285343,0.0,sim 3672s
microsoft/phi-2,a40,1,524288,Sparse,0.2189,True,-1.020060287274801,-1.020060287274801,17.56523653590935,17.56523653590935,57.34691713582658,34.6,sim 511s
microsoft/phi-2,a40,1,262144,Sparse,0.4377,True,-1.020060287274801,-1.020060287274801,13.24075234537441,13.24075234537441,76.25877610995305,0.0,sim 562s
microsoft/phi-2,a40,64,4096,Sparse,0.4377,True,-25.60936564091922,-1.020060287274801,238.80659788253965,238.80659788253965,268.14246655228027,0.0,sim 3748s
microsoft/phi-2,h100,64,8192,Sparse,0.4226,True,-25.60936564091922,-1.020060287274801,37.776289188074244,39.071681466681255,1643.3780342540565,0.0,sim 3768s
microsoft/phi-2,a100,8,65536,Sparse,0.4226,True,-1.6195993760626193,-1.020060287274801,20.492048371695784,20.492048371695784,392.8396944723481,43.86,sim 3796s
microsoft/phi-2,h100,16,16384,Sparse,0.8452,True,-6.400605561827242,-1.020060287274801,12.304073746837265,12.304073746837265,1313.9993429051228,0.0,sim 3803s
microsoft/phi-2,a40,32,16384,Sparse,0.2189,True,-10.014941450566031,-1.020060287274801,115.94427781407508,121.20082395016122,264.3026634416466,0.0,sim 3850s
microsoft/phi-2,a100,2,131072,Sparse,0.8452,True,-1.020060287274801,-1.020060287274801,7.689858057987284,7.689858057987284,264.46803730679926,0.0,sim 3850s
microsoft/phi-2,a40,8,16384,Sparse,0.8754,True,-1.6195993760626193,-1.020060287274801,34.45291594655752,34.45291594655752,233.06350515317686,0.0,sim 3851s
microsoft/phi-2,h100,2,131072,Sparse,0.8452,True,-1.020060287274801,-1.020060287274801,6.197012660032445,6.197012660032445,329.5161564410006,10.54,sim 3897s
microsoft/phi-2,h100,32,8192,Sparse,0.8452,True,-10.014941450566031,-1.020060287274801,19.80067086893342,21.13052911426864,1523.5903025006444,0.0,sim 3928s
microsoft/phi-2,a40,4,32768,Sparse,0.8754,True,-1.04538912631754,-1.020060287274801,22.078931946557642,22.078931946557642,182.22052132797646,0.0,sim 3954s
microsoft/phi-2,h100,32,16384,Sparse,0.4226,True,-10.014941450566031,-1.020060287274801,21.209001446684514,22.539653725291526,1427.79721895443,11.27,sim 3968s
microsoft/phi-2,h100,4,131072,Sparse,0.4226,True,-1.04538912631754,-1.020060287274801,17.378062693304244,17.378062693304244,231.8765954778735,89.47,sim 4051s
microsoft/phi-2,h100,1,524288,Sparse,0.4226,True,-1.020060287274801,-1.020060287274801,12.950860535909348,12.950860535909348,77.9827241751826,73.06,sim 4125s
microsoft/phi-2,h100,8,32768,Sparse,0.8452,True,-1.6195993760626193,-1.020060287274801,10.051950826699112,10.599059617488875,763.9746178670854,20.5,sim 4128s
microsoft/phi-2,h100,4,65536,Sparse,0.8452,True,-1.04538912631754,-1.020060287274801,9.002768693304242,9.002768693304242,450.6909632362974,22.45,sim 4139s
microsoft/phi-2,h100,8,65536,Sparse,0.4226,True,-1.6195993760626193,-1.020060287274801,19.49768166003245,20.19956878503245,398.56394919826687,97.31,sim 4217s
