time_stats.emb.min,time_stats.emb.max,time_stats.emb.mean,time_stats.emb.median,time_stats.emb.std,time_stats.input_layernorm.min,time_stats.input_layernorm.max,time_stats.input_layernorm.mean,time_stats.input_layernorm.median,time_stats.input_layernorm.std,time_stats.attn_pre_proj.min,time_stats.attn_pre_proj.max,time_stats.attn_pre_proj.mean,time_stats.attn_pre_proj.median,time_stats.attn_pre_proj.std,time_stats.attn_rope.min,time_stats.attn_rope.max,time_stats.attn_rope.mean,time_stats.attn_rope.median,time_stats.attn_rope.std,time_stats.attn_post_proj.min,time_stats.attn_post_proj.max,time_stats.attn_post_proj.mean,time_stats.attn_post_proj.median,time_stats.attn_post_proj.std,time_stats.mlp_up_proj.min,time_stats.mlp_up_proj.max,time_stats.mlp_up_proj.mean,time_stats.mlp_up_proj.median,time_stats.mlp_up_proj.std,time_stats.mlp_act.min,time_stats.mlp_act.max,time_stats.mlp_act.mean,time_stats.mlp_act.median,time_stats.mlp_act.std,time_stats.mlp_down_proj.min,time_stats.mlp_down_proj.max,time_stats.mlp_down_proj.mean,time_stats.mlp_down_proj.median,time_stats.mlp_down_proj.std,time_stats.add.min,time_stats.add.max,time_stats.add.mean,time_stats.add.median,time_stats.add.std,n_head,n_kv_head,n_embd,n_expanded_embd,vocab_size,use_gated_mlp,num_tokens,num_tensor_parallel_workers
0.136,0.15,0.14142857142857143,0.14,0.004645237485050353,0.041,0.045,0.04295,0.043000000000000003,0.0013219304066402267,0.637,0.707,0.66455,0.651,0.025336682892596663,0.096,0.10300000000000001,0.099,0.098,0.0024083189157584613,0.234,0.254,0.24109999999999995,0.23600000000000002,0.007279423054061352,0.847,0.9400000000000001,0.8833,0.867,0.03450811498763736,0.121,0.131,0.1246,0.123,0.0035693136595149524,0.771,0.857,0.8076999999999999,0.79,0.03201733905245716,0.078,0.078,0.07800000000000001,0.078,1.3877787807814457e-17,32,32,2560,10240,51200,False,4096,1
0.136,0.149,0.1422857142857143,0.14100000000000001,0.004452317290097439,0.041,0.045,0.043250000000000004,0.043000000000000003,0.0012196310917650447,0.638,0.709,0.6697,0.6605000000000001,0.026619729525297585,0.096,0.10400000000000001,0.09935000000000002,0.099,0.0027977669667075583,0.232,0.255,0.24244999999999997,0.23900000000000002,0.008065203035262033,0.849,0.9430000000000001,0.8916000000000001,0.878,0.03432987037551994,0.121,0.131,0.12560000000000002,0.126,0.0036796738985948227,0.773,0.86,0.8154,0.8200000000000001,0.03302483913662561,0.078,0.078,0.07800000000000001,0.078,1.3877787807814457e-17,32,32,2560,10240,51200,False,4096,1
0.138,0.149,0.14204761904761906,0.14100000000000001,0.0037856394122574746,0.042,0.045,0.042800000000000005,0.042,0.0011224972160321803,0.654,0.7000000000000001,0.6694499999999999,0.654,0.02075686633381833,0.096,0.10300000000000001,0.0988,0.098,0.0021118712081942895,0.23500000000000001,0.254,0.24175000000000005,0.23650000000000002,0.007313514886837922,0.866,0.9450000000000001,0.89405,0.874,0.028814015686814666,0.122,0.13,0.12430000000000001,0.122,0.002984962311319862,0.791,0.866,0.8133000000000001,0.796,0.02585942768121519,0.076,0.078,0.07710000000000002,0.077,0.0007681145747868615,32,32,2560,10240,51200,False,4064,1
0.135,0.145,0.13995238095238097,0.138,0.0037477128323716133,0.041,0.045,0.04270000000000001,0.042,0.0012288205727444487,0.641,0.709,0.66955,0.661,0.023122445804888377,0.095,0.10200000000000001,0.09815000000000002,0.0975,0.002127792283095323,0.232,0.254,0.24050000000000002,0.23700000000000002,0.007605918747922562,0.854,0.9420000000000001,0.8930999999999999,0.879,0.03026697870617419,0.12,0.129,0.12354999999999998,0.122,0.0031220986531498357,0.781,0.859,0.8147500000000001,0.8015000000000001,0.028328210321162162,0.076,0.077,0.07605,0.076,0.00021794494717703385,32,32,2560,10240,51200,False,4032,1
0.14200000000000002,0.147,0.14347619047619048,0.14300000000000002,0.0013316315670580444,0.043000000000000003,0.044,0.043500000000000004,0.0435,0.000499999999999997,0.6890000000000001,0.707,0.6949500000000001,0.6900000000000001,0.007031891637390287,0.099,0.10200000000000001,0.0999,0.1,0.0008888194417315598,0.247,0.253,0.24895,0.2475,0.0024994999499899995,0.917,0.9390000000000001,0.9237500000000001,0.917,0.00936949838571949,0.125,0.128,0.12615000000000004,0.126,0.0012359207094308285,0.836,0.857,0.8431,0.837,0.0086307589469293,0.076,0.076,0.07600000000000001,0.076,1.3877787807814457e-17,32,32,2560,10240,51200,False,4000,1
0.14300000000000002,0.146,0.14428571428571432,0.14400000000000002,0.001030157507275415,0.044,0.044,0.044000000000000004,0.044,6.938893903907228e-18,0.707,0.709,0.7076000000000001,0.708,0.0005830951894845306,0.099,0.101,0.09995000000000001,0.1,0.0005894913061275802,0.252,0.254,0.25279999999999997,0.253,0.000509901951359279,0.9400000000000001,0.9420000000000001,0.94085,0.9410000000000001,0.0007262919523166983,0.127,0.127,0.12699999999999995,0.127,5.551115123125783e-17,0.857,0.858,0.8575499999999998,0.858,0.0004974937185533104,0.076,0.076,0.07600000000000001,0.076,1.3877787807814457e-17,32,32,2560,10240,51200,False,3968,1
0.14100000000000001,0.145,0.14242857142857146,0.14200000000000002,0.0010497813183356455,0.043000000000000003,0.044,0.04340000000000001,0.043000000000000003,0.0004898979485566326,0.704,0.714,0.7066000000000001,0.705,0.0037469987990390425,0.098,0.1,0.09875000000000003,0.0985,0.0008291561975888507,0.25,0.254,0.25165000000000004,0.251,0.0012359207094308287,0.936,0.9490000000000001,0.9392500000000001,0.937,0.004794528131109467,0.125,0.126,0.1252,0.125,0.0004000000000000003,0.853,0.866,0.8556500000000001,0.854,0.004304358256465188,0.074,0.076,0.07519999999999999,0.075,0.000509901951359279,32,32,2560,10240,51200,False,3936,1
0.14,0.14400000000000002,0.14204761904761903,0.14200000000000002,0.0010454523047666747,0.042,0.043000000000000003,0.04295000000000001,0.043000000000000003,0.00021794494717703385,0.6990000000000001,0.709,0.7075000000000001,0.708,0.002012461179749789,0.098,0.101,0.09855,0.098,0.0007399324293474377,0.249,0.252,0.2516,0.252,0.0007348469228349541,0.93,0.9420000000000001,0.9405000000000001,0.9410000000000001,0.0025000000000000022,0.124,0.125,0.12495,0.125,0.00021794494717703385,0.857,0.858,0.8571499999999999,0.857,0.0003570714214271428,0.074,0.075,0.07415000000000001,0.074,0.0003570714214271428,32,32,2560,10240,51200,False,3904,1
0.137,0.14300000000000002,0.13914285714285712,0.139,0.0012453996981544792,0.041,0.043000000000000003,0.04200000000000001,0.042,0.00044721359549995833,0.6950000000000001,0.705,0.7009500000000001,0.704,0.004271709259769393,0.096,0.098,0.09720000000000001,0.097,0.0006000000000000005,0.247,0.251,0.2492,0.25,0.0014696938456699082,0.924,0.937,0.9322000000000001,0.936,0.005519057890618657,0.122,0.124,0.1227,0.123,0.0005567764362830027,0.843,0.854,0.8497999999999999,0.853,0.005005996404313535,0.074,0.074,0.07400000000000001,0.074,1.3877787807814457e-17,32,32,2560,10240,51200,False,3872,1
0.137,0.14,0.1388095238095238,0.139,0.0007315376902732014,0.041,0.043000000000000003,0.04195000000000001,0.042,0.0004974937185533105,0.773,0.788,0.7764500000000002,0.774,0.005545042831214206,0.096,0.099,0.0971,0.097,0.0009949874371066208,0.247,0.252,0.2484,0.248,0.0018547236990991425,0.93,0.9460000000000001,0.9329000000000001,0.93,0.005575840743780264,0.122,0.124,0.12229999999999999,0.122,0.0007141428428542857,0.851,0.865,0.85415,0.852,0.004596466033813373,0.073,0.074,0.07365000000000001,0.074,0.0004769696007084732,32,32,2560,10240,51200,False,3840,1
0.136,0.138,0.13690476190476192,0.137,0.0007499055118106493,0.04,0.042,0.04125000000000001,0.041,0.0005361902647381809,0.758,0.769,0.76725,0.768,0.0021880356487041083,0.094,0.096,0.0949,0.095,0.0006244997998398403,0.242,0.246,0.24500000000000002,0.245,0.0007745966692414841,0.909,0.92,0.91895,0.919,0.0023339880033967633,0.12,0.121,0.12025000000000001,0.12,0.0004330127018922197,0.836,0.843,0.84155,0.842,0.0013955285736952877,0.07200000000000001,0.073,0.0728,0.073,0.0003999999999999948,32,32,2560,10240,51200,False,3808,1
0.135,0.138,0.13585714285714287,0.136,0.0008329931278350436,0.04,0.041,0.04060000000000001,0.041,0.000489897948556636,0.758,0.768,0.7624500000000001,0.76,0.004177020469186143,0.092,0.096,0.09395,0.094,0.0009205976319760994,0.241,0.245,0.24299999999999997,0.242,0.0014832396974191339,0.91,0.922,0.9149499999999999,0.911,0.005370986873936674,0.11800000000000001,0.12,0.11885000000000001,0.11900000000000001,0.0008529361054615942,0.834,0.845,0.8386000000000001,0.835,0.005043808085167401,0.07200000000000001,0.07200000000000001,0.07200000000000002,0.07200000000000001,1.3877787807814457e-17,32,32,2560,10240,51200,False,3776,1
0.132,0.137,0.13466666666666668,0.135,0.001247219128924648,0.04,0.041,0.04025000000000001,0.04,0.0004330127018922198,0.768,0.771,0.7699499999999999,0.77,0.0006689544080129832,0.093,0.095,0.09380000000000001,0.094,0.0006000000000000006,0.245,0.246,0.24525000000000002,0.245,0.0004330127018922197,0.922,0.923,0.9225000000000003,0.9225000000000001,0.0005000000000000004,0.11800000000000001,0.11900000000000001,0.11890000000000005,0.11900000000000001,0.0003000000000000003,0.845,0.846,0.84505,0.845,0.00021794494717703385,0.07100000000000001,0.07200000000000001,0.07145000000000001,0.07100000000000001,0.0004974937185533104,32,32,2560,10240,51200,False,3744,1
0.133,0.137,0.13504761904761903,0.135,0.0009988655696858593,0.04,0.041,0.04055000000000001,0.041,0.0004974937185533104,0.761,0.777,0.7673500000000001,0.7625,0.0067102533484213606,0.092,0.096,0.09425000000000001,0.094,0.0008874119674649433,0.232,0.23800000000000002,0.23420000000000002,0.233,0.0021817424229271447,0.856,0.873,0.8625,0.857,0.0071798328671355644,0.117,0.11900000000000001,0.11785000000000004,0.11750000000000001,0.0009096702699330135,0.851,0.865,0.8562999999999998,0.851,0.006411708040764182,0.07,0.07100000000000001,0.0703,0.07,0.0004582575694955844,32,32,2560,10240,51200,False,3712,1
0.13,0.133,0.13085714285714287,0.131,0.0009404008408634056,0.039,0.04,0.03950000000000001,0.0395,0.0005000000000000004,0.746,0.758,0.74875,0.747,0.0036588932752951438,0.091,0.093,0.09154999999999999,0.091,0.0006689544080129831,0.227,0.231,0.22774999999999998,0.227,0.0011779218989389757,0.838,0.851,0.8407500000000001,0.8394999999999999,0.003561951712193755,0.114,0.116,0.11425,0.114,0.0005361902647381809,0.8300000000000001,0.843,0.8316500000000001,0.8300000000000001,0.003664355332115021,0.07,0.07,0.07000000000000002,0.07,1.3877787807814457e-17,32,32,2560,10240,51200,False,3680,1
0.131,0.133,0.132,0.132,0.0006172133998483682,0.039,0.04,0.03950000000000001,0.0395,0.0005000000000000004,0.757,0.762,0.7598,0.76,0.0011224972160321835,0.091,0.093,0.09195,0.092,0.0007399324293474377,0.229,0.231,0.23055000000000003,0.231,0.0005894913061275802,0.852,0.854,0.8525500000000001,0.8525,0.0005894913061275804,0.115,0.115,0.11500000000000003,0.115,2.7755575615628914e-17,0.845,0.846,0.8452,0.845,0.00040000000000000034,0.069,0.07,0.06985000000000001,0.07,0.00035707142142714284,32,32,2560,10240,51200,False,3648,1
0.128,0.131,0.1291904761904762,0.129,0.0007939681905015753,0.038,0.039,0.038950000000000005,0.039,0.00021794494717703385,0.753,0.757,0.7545999999999999,0.7545,0.0009695359714832669,0.089,0.091,0.09054999999999999,0.091,0.0005894913061275802,0.228,0.23,0.22895000000000004,0.229,0.00038405728739343076,0.847,0.849,0.84805,0.848,0.0007399324293474377,0.113,0.114,0.11305000000000001,0.113,0.00021794494717703385,0.839,0.84,0.8396000000000001,0.84,0.000489897948556636,0.068,0.07,0.06830000000000001,0.068,0.0005567764362830027,32,32,2560,10240,51200,False,3616,1
0.127,0.131,0.12828571428571428,0.128,0.0012399253872658618,0.038,0.039,0.038250000000000006,0.038,0.0004330127018922198,0.608,0.621,0.6141500000000001,0.615,0.00481949167444037,0.08700000000000001,0.09,0.08814999999999999,0.088,0.0010136567466356608,0.225,0.23,0.22685000000000005,0.227,0.001620956507744734,0.8320000000000001,0.85,0.8402999999999998,0.841,0.006716397844082758,0.112,0.114,0.11295,0.113,0.0007399324293474377,0.8260000000000001,0.845,0.8351500000000002,0.836,0.00695898699524575,0.068,0.068,0.06800000000000002,0.068,1.3877787807814457e-17,32,32,2560,10240,51200,False,3584,1
0.126,0.13,0.12785714285714286,0.128,0.0010816968277714816,0.038,0.039,0.03830000000000001,0.038,0.0004582575694955844,0.619,0.628,0.6217999999999999,0.62,0.003600000000000003,0.08600000000000001,0.089,0.08754999999999999,0.088,0.000668954408012977,0.228,0.232,0.22949999999999998,0.229,0.001161895003862226,0.846,0.858,0.8494000000000002,0.847,0.004872371086031937,0.112,0.114,0.11295000000000002,0.113,0.0007399324293474378,0.84,0.851,0.8427999999999999,0.84,0.004445222154178577,0.068,0.068,0.06800000000000002,0.068,1.3877787807814457e-17,32,32,2560,10240,51200,False,3552,1
0.124,0.128,0.12619047619047621,0.126,0.001005652956282995,0.037,0.038,0.03780000000000001,0.038,0.00040000000000000034,0.613,0.628,0.6200500000000001,0.621,0.004811184885243971,0.085,0.088,0.08675000000000002,0.08700000000000001,0.000993730345717586,0.225,0.231,0.22805,0.228,0.0019358460682605955,0.837,0.856,0.8457500000000001,0.847,0.007020505679792594,0.11,0.113,0.1117,0.112,0.0008426149773176366,0.8300000000000001,0.849,0.83955,0.841,0.006967603605257656,0.066,0.068,0.06725,0.067,0.0006224949798994371,32,32,2560,10240,51200,False,3520,1
0.122,0.127,0.12566666666666665,0.126,0.0012084359562332886,0.037,0.038,0.0374,0.037,0.000489897948556636,0.607,0.621,0.6189999999999999,0.62,0.004037325847637274,0.084,0.08700000000000001,0.086,0.08600000000000001,0.0008366600265340762,0.224,0.229,0.22799999999999998,0.228,0.0014142135623730963,0.8290000000000001,0.849,0.8469,0.849,0.005356304696336817,0.109,0.111,0.11090000000000003,0.111,0.0004358898943540677,0.859,0.881,0.8781999999999999,0.88,0.004749736834815171,0.066,0.067,0.0663,0.066,0.0004582575694955844,32,32,2560,10240,51200,False,3488,1
0.125,0.131,0.12904761904761905,0.129,0.001290115922299436,0.037,0.039,0.03815,0.038,0.0004769696007084732,0.6980000000000001,0.717,0.7135499999999999,0.714,0.0037346351896804927,0.08700000000000001,0.091,0.08895,0.089,0.0008645808232895283,0.216,0.222,0.2209,0.221,0.00126095202129185,0.792,0.811,0.80805,0.8085,0.003879110722833266,0.11,0.113,0.11285,0.113,0.0006538348415311016,0.735,0.744,0.7417000000000001,0.742,0.0016763054614240224,0.066,0.066,0.06600000000000002,0.066,1.3877787807814457e-17,32,32,2560,10240,51200,False,3456,1
0.124,0.128,0.12557142857142858,0.125,0.0012562767579307552,0.037,0.038,0.03735000000000001,0.037,0.00047696960070847325,0.7000000000000001,0.711,0.7033,0.7020000000000001,0.0035510561809129005,0.08600000000000001,0.088,0.0872,0.08700000000000001,0.0005099019513592736,0.216,0.22,0.21739999999999998,0.217,0.001019803902718558,0.795,0.806,0.7971999999999999,0.796,0.0036414282912066286,0.109,0.111,0.11005000000000001,0.11,0.0004974937185533104,0.728,0.738,0.7297999999999999,0.728,0.0034727510708370706,0.065,0.066,0.06555,0.066,0.0004974937185533104,32,32,2560,10240,51200,False,3424,1
0.123,0.128,0.12595238095238093,0.126,0.0011741740958036157,0.037,0.038,0.03730000000000001,0.037,0.0004582575694955844,0.6980000000000001,0.716,0.7138999999999999,0.715,0.0037269290307168244,0.085,0.089,0.08729999999999999,0.08700000000000001,0.0008426149773176312,0.216,0.222,0.22069999999999998,0.221,0.001187434208703793,0.791,0.81,0.8087,0.81,0.004100000000000004,0.108,0.111,0.11075000000000002,0.111,0.0006982120021884476,0.737,0.742,0.74085,0.741,0.0011947803145348531,0.064,0.066,0.06485,0.065,0.0005722761571129803,32,32,2560,10240,51200,False,3392,1
0.122,0.126,0.12371428571428573,0.123,0.0011187942975686422,0.036000000000000004,0.037,0.03640000000000001,0.036000000000000004,0.0004898979485566326,0.7020000000000001,0.705,0.7028,0.7030000000000001,0.0007483314773547637,0.084,0.08700000000000001,0.0856,0.08600000000000001,0.0006633249580710807,0.216,0.218,0.2171,0.217,0.00043588989435406776,0.795,0.797,0.7962999999999999,0.796,0.0005567764362830027,0.108,0.109,0.10825,0.108,0.00043301270189221973,0.73,0.73,0.7300000000000001,0.73,1.1102230246251565e-16,0.064,0.065,0.06405000000000001,0.064,0.00021794494717703385,32,32,2560,10240,51200,False,3360,1
0.12,0.125,0.12123809523809526,0.121,0.0013768411709334258,0.035,0.036000000000000004,0.03550000000000001,0.035500000000000004,0.0005000000000000006,0.677,0.6890000000000001,0.6803000000000001,0.6785000000000001,0.003912799509302773,0.083,0.085,0.08455,0.085,0.0005894913061275802,0.21,0.214,0.21075,0.21,0.0014097872179871696,0.773,0.786,0.7763,0.775,0.004172529209005017,0.105,0.106,0.10515,0.105,0.00035707142142714284,0.74,0.751,0.74195,0.74,0.0038272052466519256,0.063,0.064,0.06390000000000001,0.064,0.00030000000000000024,32,32,2560,10240,51200,False,3328,1
0.11800000000000001,0.124,0.11957142857142858,0.12,0.0014333254231707017,0.035,0.036000000000000004,0.035350000000000006,0.035,0.00047696960070847314,0.68,0.6920000000000001,0.6842500000000001,0.681,0.00467840784883063,0.083,0.085,0.08395000000000001,0.084,0.0005894913061275802,0.211,0.215,0.21255000000000007,0.212,0.0013592277219068199,0.778,0.792,0.7824,0.779,0.005238320341483523,0.10400000000000001,0.106,0.10455000000000003,0.10400000000000001,0.0008645808232895237,0.744,0.758,0.7484499999999998,0.745,0.005616716122433113,0.062,0.064,0.06285,0.063,0.0006538348415311016,32,32,2560,10240,51200,False,3296,1
0.115,0.11900000000000001,0.11733333333333333,0.117,0.0009428090415820643,0.034,0.035,0.034600000000000006,0.035,0.0004898979485566361,0.67,0.681,0.6735999999999999,0.672,0.004091454509095761,0.081,0.084,0.08235,0.082,0.0007921489758877437,0.20700000000000002,0.211,0.2082,0.20800000000000002,0.0012489995996796696,0.765,0.775,0.7678,0.765,0.004032369030731194,0.10200000000000001,0.10300000000000001,0.10230000000000002,0.10200000000000001,0.0004582575694955844,0.731,0.741,0.7338500000000001,0.732,0.0037983549070617433,0.062,0.063,0.062150000000000004,0.062,0.00035707142142714284,32,32,2560,10240,51200,False,3264,1
0.113,0.117,0.11538095238095239,0.116,0.0011328930717495553,0.034,0.035,0.034350000000000006,0.034,0.00047696960070847314,0.674,0.678,0.6756500000000002,0.676,0.0009630680142129119,0.08,0.083,0.08165,0.082,0.0009096702699330133,0.209,0.21,0.20925,0.209,0.0004330127018922198,0.77,0.774,0.7717500000000002,0.772,0.0009420721840708395,0.101,0.10200000000000001,0.1016,0.10200000000000001,0.0004898979485566361,0.736,0.739,0.7372500000000002,0.737,0.0010897247358851695,0.061,0.062,0.06170000000000001,0.062,0.00045825756949558437,32,32,2560,10240,51200,False,3232,1
0.114,0.11900000000000001,0.11733333333333336,0.117,0.0010837911120705763,0.034,0.035,0.03455000000000001,0.035,0.0004974937185533104,0.554,0.556,0.55495,0.555,0.0004974937185533105,0.079,0.083,0.08070000000000001,0.0805,0.0009539392014169464,0.212,0.214,0.21215,0.212,0.0004769696007084733,0.784,0.786,0.7854500000000001,0.7855000000000001,0.0005894913061275802,0.10200000000000001,0.10200000000000001,0.10200000000000002,0.10200000000000001,1.3877787807814457e-17,0.749,0.751,0.7498500000000001,0.75,0.0007262919523166982,0.06,0.062,0.06055000000000001,0.06,0.0006689544080129831,32,32,2560,10240,51200,False,3200,1
0.11,0.115,0.11300000000000002,0.113,0.0012724180205607048,0.033,0.034,0.033150000000000006,0.033,0.00035707142142714284,0.539,0.546,0.5423500000000001,0.5425,0.002987892233665735,0.077,0.079,0.07815000000000001,0.078,0.000726291952316698,0.20500000000000002,0.20800000000000002,0.20675000000000004,0.20700000000000002,0.0012990381056766592,0.762,0.772,0.7672500000000001,0.7675000000000001,0.0041937453427694,0.098,0.1,0.09910000000000001,0.099,0.0006244997998398404,0.727,0.737,0.7325500000000001,0.7344999999999999,0.004116734142496942,0.059000000000000004,0.061,0.06000000000000001,0.06,0.0003162277660168371,32,32,2560,10240,51200,False,3168,1
0.112,0.116,0.11404761904761905,0.114,0.0009499970163457152,0.033,0.034,0.033100000000000004,0.033,0.00030000000000000024,0.543,0.551,0.546,0.544,0.0034928498393145997,0.077,0.08,0.07850000000000001,0.078,0.0007416198487095669,0.20700000000000002,0.21,0.20785,0.20700000000000002,0.0011521718621802803,0.771,0.781,0.7739500000000001,0.771,0.0045108203245086175,0.099,0.1,0.0993,0.099,0.00045825756949558437,0.737,0.747,0.73995,0.737,0.004200892762258998,0.058,0.059000000000000004,0.05894999999999999,0.059000000000000004,0.0002179449471770339,32,32,2560,10240,51200,False,3136,1
0.10400000000000001,0.113,0.11100000000000002,0.112,0.0022886885410853173,0.031,0.033,0.032650000000000005,0.033,0.0005722761571129804,0.521,0.546,0.54105,0.5445,0.007060276198563346,0.074,0.079,0.0766,0.077,0.0012409673645990868,0.197,0.20700000000000002,0.2048,0.20600000000000002,0.0024207436873820427,0.738,0.774,0.7682,0.773,0.008041144197189857,0.095,0.098,0.09750000000000002,0.098,0.0007416198487095669,0.706,0.739,0.7339499999999999,0.738,0.007385627935389116,0.057,0.059000000000000004,0.058100000000000006,0.058,0.0004358898943540678,32,32,2560,10240,51200,False,3104,1
0.108,0.113,0.11133333333333335,0.112,0.0010389249632986404,0.032,0.033,0.03280000000000001,0.033,0.00040000000000000034,0.543,0.545,0.5438000000000001,0.544,0.0005099019513592789,0.076,0.078,0.077,0.077,0.0006324555320336764,0.192,0.193,0.19205000000000003,0.192,0.00021794494717703385,0.6980000000000001,0.7000000000000001,0.6993,0.6990000000000001,0.0006403124237432856,0.097,0.098,0.09795000000000001,0.098,0.00021794494717703385,0.738,0.739,0.7388000000000001,0.739,0.00040000000000000034,0.058,0.059000000000000004,0.05805000000000001,0.058,0.00021794494717703385,32,32,2560,10240,51200,False,3072,1
0.105,0.11,0.10799999999999998,0.108,0.0012344267996967364,0.031,0.033,0.03180000000000001,0.032,0.0006000000000000006,0.526,0.541,0.5334500000000001,0.5355000000000001,0.006599052962357559,0.074,0.076,0.0753,0.075,0.0007141428428542856,0.186,0.191,0.18844999999999995,0.1885,0.0023339880033967633,0.677,0.6980000000000001,0.6877000000000001,0.6900000000000001,0.00925796953980732,0.094,0.097,0.09505000000000001,0.095,0.0009733961166965903,0.715,0.735,0.725,0.726,0.008300602387778862,0.056,0.058,0.05755000000000001,0.058,0.0005894913061275802,32,32,2560,10240,51200,False,3040,1
0.10200000000000001,0.112,0.10880952380952381,0.109,0.0018928197061287412,0.031,0.032,0.031950000000000006,0.032,0.00021794494717703385,0.525,0.544,0.5423499999999999,0.543,0.004003436024217201,0.074,0.077,0.0757,0.076,0.0006403124237432856,0.184,0.193,0.19160000000000005,0.192,0.0017720045146669369,0.6940000000000001,0.7010000000000001,0.7003,0.7010000000000001,0.0015198684153570677,0.096,0.096,0.09600000000000002,0.096,1.3877787807814457e-17,0.737,0.738,0.7377999999999999,0.738,0.00040000000000000034,0.055,0.057,0.055700000000000006,0.056,0.0006403124237432856,32,32,2560,10240,51200,False,3008,1
0.10200000000000001,0.109,0.10695238095238098,0.107,0.0013619380615309598,0.031,0.032,0.03180000000000001,0.032,0.00040000000000000034,0.54,0.548,0.5434000000000002,0.542,0.002922327839240494,0.073,0.077,0.07505,0.075,0.0009205976319760993,0.19,0.193,0.19145,0.191,0.0009733961166965902,0.6970000000000001,0.706,0.70015,0.6980000000000001,0.003511053972812104,0.094,0.095,0.09444999999999999,0.094,0.0004974937185533104,0.732,0.741,0.7363999999999999,0.734,0.0034263683398023663,0.055,0.055,0.05500000000000001,0.055,6.938893903907228e-18,32,32,2560,10240,51200,False,2976,1
0.10200000000000001,0.108,0.1051904761904762,0.105,0.0013669238185149795,0.03,0.032,0.030900000000000004,0.031,0.0005385164807134509,0.5750000000000001,0.594,0.5833999999999999,0.585,0.0063198101237299424,0.07200000000000001,0.075,0.07335,0.073,0.0009096702699330093,0.185,0.19,0.18725,0.1875,0.0018940696924875826,0.675,0.6980000000000001,0.6851500000000001,0.6880000000000001,0.008278133847673647,0.091,0.094,0.09225000000000001,0.0925,0.0011346805717910226,0.712,0.738,0.7236499999999999,0.7255,0.00912291071972099,0.054,0.056,0.054900000000000004,0.055,0.0007681145747868615,32,32,2560,10240,51200,False,2944,1
0.099,0.105,0.10352380952380956,0.10400000000000001,0.0012580804584402746,0.03,0.032,0.031000000000000007,0.031,0.0003162277660168382,0.584,0.587,0.5849,0.585,0.0007681145747868615,0.07100000000000001,0.074,0.07265,0.07250000000000001,0.0008529361054615936,0.187,0.188,0.18785000000000002,0.188,0.00035707142142714284,0.687,0.6900000000000001,0.68825,0.6880000000000001,0.0006982120021884477,0.091,0.092,0.09109999999999999,0.091,0.00030000000000000024,0.724,0.726,0.7247,0.725,0.0006403124237432854,0.053,0.054,0.053700000000000005,0.054,0.00045825756949558437,32,32,2560,10240,51200,False,2912,1
0.099,0.105,0.10338095238095239,0.10300000000000001,0.001252661565520561,0.03,0.031,0.030950000000000005,0.031,0.00021794494717703385,0.591,0.594,0.5918,0.592,0.0006782329983125273,0.07200000000000001,0.073,0.07275,0.073,0.00043301270189221376,0.189,0.19,0.1898,0.19,0.0004000000000000003,0.6930000000000001,0.6940000000000001,0.6937,0.6940000000000001,0.0004582575694955844,0.091,0.091,0.091,0.091,0.0,0.732,0.734,0.7333500000000001,0.733,0.0006538348415311016,0.053,0.054,0.05315000000000001,0.053,0.0003570714214271428,32,32,2560,10240,51200,False,2880,1
0.095,0.10400000000000001,0.10171428571428574,0.10200000000000001,0.0017766436291597756,0.029,0.031,0.029850000000000005,0.03,0.0004769696007084721,0.5720000000000001,0.588,0.5822,0.581,0.0051439284598446475,0.07,0.07200000000000001,0.07089999999999999,0.07100000000000001,0.0007000000000000006,0.167,0.171,0.16959999999999997,0.169,0.0014282856857085711,0.671,0.6880000000000001,0.6825000000000001,0.6825000000000001,0.005826662852782892,0.088,0.09,0.08930000000000002,0.089,0.0007141428428542856,0.711,0.729,0.7228999999999999,0.724,0.006040695324215588,0.051000000000000004,0.053,0.05285000000000001,0.053,0.0004769696007084712,32,32,2560,10240,51200,False,2848,1
0.099,0.106,0.10390476190476192,0.10400000000000001,0.0013058389715049589,0.03,0.031,0.030900000000000004,0.031,0.0003000000000000003,0.528,0.53,0.5290999999999999,0.529,0.0005385164807134509,0.07100000000000001,0.074,0.07300000000000001,0.073,0.0008366600265340713,0.191,0.192,0.19115,0.191,0.00035707142142714284,0.649,0.652,0.6509000000000001,0.651,0.0008306623862918082,0.091,0.091,0.091,0.091,0.0,0.744,0.747,0.7454999999999999,0.7455,0.0006708203932499375,0.051000000000000004,0.052000000000000005,0.051550000000000006,0.052000000000000005,0.0004974937185533105,32,32,2560,10240,51200,False,2816,1
0.095,0.10200000000000001,0.09971428571428573,0.1,0.001350233036072175,0.028,0.03,0.029600000000000005,0.03,0.000583095189484529,0.5730000000000001,0.581,0.5764500000000001,0.5750000000000001,0.0028892040426386828,0.068,0.07100000000000001,0.06985,0.07,0.0008529361054615998,0.184,0.187,0.18505,0.185,0.0009733961166965902,0.626,0.634,0.6297499999999999,0.628,0.0033147398087934473,0.08700000000000001,0.088,0.08745000000000001,0.08700000000000001,0.0004974937185533034,0.718,0.727,0.7229,0.723,0.004109744517606906,0.051000000000000004,0.051000000000000004,0.05100000000000001,0.051000000000000004,6.938893903907228e-18,32,32,2560,10240,51200,False,2784,1
0.092,0.101,0.09909523809523811,0.1,0.001973750645339307,0.028,0.03,0.028950000000000004,0.029,0.0004974937185533096,0.579,0.589,0.58295,0.5805,0.003879110722833266,0.068,0.07100000000000001,0.06960000000000002,0.07,0.0007348469228349541,0.171,0.17400000000000002,0.17184999999999997,0.171,0.001061838029079766,0.631,0.642,0.6355999999999999,0.633,0.004152107898405342,0.08700000000000001,0.088,0.08739999999999999,0.08700000000000001,0.0004898979485566292,0.726,0.736,0.7301,0.727,0.0043462627624201505,0.049,0.05,0.04910000000000001,0.049,0.0003000000000000003,32,32,2560,10240,51200,False,2752,1
0.09,0.1,0.09757142857142859,0.098,0.0019656921371952675,0.028,0.029,0.028500000000000004,0.0285,0.0005000000000000004,0.5660000000000001,0.58,0.5747500000000001,0.5745,0.004391753636077467,0.067,0.069,0.06785,0.068,0.0005722761571129803,0.181,0.186,0.18419999999999997,0.1845,0.001503329637837292,0.619,0.632,0.6277,0.627,0.004112177038990421,0.084,0.08600000000000001,0.08535000000000001,0.085,0.0006538348415311016,0.709,0.726,0.7204999999999998,0.718,0.005536244214266568,0.048,0.049,0.04845000000000001,0.048,0.0004974937185533104,32,32,2560,10240,51200,False,2720,1
0.093,0.10200000000000001,0.1,0.1,0.0018516401995451043,0.029,0.031,0.029750000000000006,0.03,0.0006982120021884462,0.47900000000000004,0.492,0.48329999999999995,0.48,0.005282991576748914,0.067,0.069,0.0679,0.068,0.0008306623862918082,0.161,0.166,0.16240000000000002,0.161,0.0018547236990991425,0.636,0.652,0.6415999999999998,0.637,0.006952697318307484,0.08600000000000001,0.088,0.08730000000000002,0.08700000000000001,0.0005567764362829965,0.585,0.6,0.5907499999999999,0.586,0.006510568331566766,0.048,0.049,0.04825000000000001,0.048,0.0004330127018922198,32,32,2560,10240,51200,False,2688,1
0.08700000000000001,0.10200000000000001,0.09776190476190479,0.098,0.0029423793725286496,0.027,0.029,0.028650000000000002,0.029,0.0006538348415311016,0.454,0.484,0.47705000000000003,0.47800000000000004,0.00997233673719454,0.064,0.067,0.0662,0.0665,0.001029563014098701,0.152,0.163,0.1598,0.1605,0.0034146742157927777,0.602,0.643,0.6331,0.6355,0.013579027947537346,0.082,0.08700000000000001,0.0854,0.08600000000000001,0.001496662954709578,0.555,0.591,0.5831499999999998,0.5845,0.011208367410109263,0.046,0.048,0.047450000000000006,0.0475,0.0005894913061275802,32,32,2560,10240,51200,False,2656,1
0.089,0.099,0.09623809523809523,0.096,0.0019248936125150242,0.028,0.029,0.028200000000000003,0.028,0.00040000000000000034,0.47300000000000003,0.492,0.47940000000000005,0.47900000000000004,0.005902541825349467,0.064,0.067,0.06570000000000001,0.0655,0.0010049875621120899,0.158,0.165,0.16065000000000002,0.1605,0.0020802644062714736,0.628,0.652,0.6364,0.636,0.007927168473042574,0.084,0.08700000000000001,0.08490000000000002,0.085,0.0008306623862918082,0.58,0.601,0.58735,0.587,0.00733672270158823,0.046,0.047,0.04610000000000001,0.046,0.0003000000000000003,32,32,2560,10240,51200,False,2624,1
0.08700000000000001,0.099,0.0964761904761905,0.097,0.0022807485742529607,0.027,0.028,0.027500000000000004,0.0275,0.0005000000000000004,0.47400000000000003,0.48,0.4770499999999999,0.47850000000000004,0.0023339880033967563,0.064,0.066,0.06489999999999999,0.065,0.0007000000000000006,0.159,0.161,0.15980000000000003,0.16,0.0008124038404635968,0.629,0.637,0.6334499999999998,0.6355,0.003185514087239298,0.083,0.084,0.08355000000000001,0.084,0.0004974937185533104,0.579,0.586,0.583,0.5845,0.0024083189157584613,0.045,0.045,0.045000000000000005,0.045,6.938893903907228e-18,32,32,2560,10240,51200,False,2592,1
0.084,0.094,0.09180952380952381,0.092,0.001942483624225822,0.025,0.027,0.026150000000000007,0.026000000000000002,0.000476969600708472,0.451,0.467,0.45640000000000003,0.456,0.005112729212465691,0.061,0.064,0.06275,0.063,0.0007664854858377953,0.152,0.157,0.15375,0.1535,0.0016992645467966442,0.599,0.62,0.6065999999999998,0.605,0.007045565981523421,0.08,0.083,0.08095000000000001,0.081,0.0009205976319760993,0.547,0.5660000000000001,0.5540000000000002,0.553,0.006745368781616027,0.042,0.044,0.043000000000000003,0.043000000000000003,0.0004472135954999568,32,32,2560,10240,51200,False,2560,1
0.08,0.091,0.08852380952380952,0.089,0.0023221305409974473,0.025,0.026000000000000002,0.025500000000000005,0.025500000000000002,0.0005000000000000004,0.442,0.46,0.44925,0.443,0.008080068069020218,0.06,0.063,0.06155000000000001,0.062,0.0008046738469715548,0.149,0.155,0.15124999999999994,0.149,0.0027726341266023566,0.587,0.611,0.5969999999999999,0.5885,0.010931605554537734,0.078,0.08,0.07880000000000001,0.078,0.000979795897113272,0.537,0.558,0.5459,0.538,0.009807650075323863,0.042,0.043000000000000003,0.04215000000000001,0.042,0.00035707142142714284,32,32,2560,10240,51200,False,2528,1
0.08,0.092,0.08976190476190476,0.09,0.002388559276949419,0.025,0.026000000000000002,0.025550000000000007,0.026000000000000002,0.0004974937185533105,0.455,0.46,0.45585000000000003,0.455,0.0013518505834595785,0.06,0.062,0.0612,0.061,0.0006000000000000006,0.153,0.155,0.1536,0.1535,0.0006633249580710806,0.604,0.611,0.6053499999999999,0.605,0.001930673457630784,0.079,0.08,0.0791,0.079,0.0003000000000000003,0.553,0.559,0.55395,0.553,0.0017741194999210186,0.041,0.042,0.04195000000000001,0.042,0.00021794494717703385,32,32,2560,10240,51200,False,2496,1
0.074,0.091,0.08776190476190476,0.089,0.0036108930685959757,0.023,0.026000000000000002,0.024800000000000006,0.025,0.0006782329983125273,0.425,0.464,0.45175,0.455,0.009374833331851833,0.057,0.062,0.060399999999999995,0.061,0.0011135528725660035,0.145,0.156,0.15235,0.153,0.002535251466817446,0.5650000000000001,0.618,0.6008,0.604,0.01218031198286807,0.074,0.079,0.07765000000000001,0.078,0.0012359207094308285,0.516,0.5650000000000001,0.54955,0.552,0.011706728834307227,0.04,0.042,0.04085000000000001,0.041,0.0006538348415311016,32,32,2560,10240,51200,False,2464,1
0.081,0.091,0.08857142857142856,0.089,0.0019656921371952654,0.025,0.026000000000000002,0.025100000000000004,0.025,0.0003000000000000003,0.497,0.509,0.49990000000000007,0.498,0.004581484475582127,0.061,0.063,0.06174999999999999,0.062,0.0006982120021884477,0.164,0.169,0.16560000000000002,0.165,0.0016248076809271936,0.56,0.5750000000000001,0.5644,0.562,0.005043808085167401,0.077,0.079,0.07759999999999999,0.077,0.0008602325267042635,0.559,0.5730000000000001,0.5625500000000001,0.56,0.005481559996935183,0.04,0.041,0.04010000000000001,0.04,0.0003000000000000003,32,32,2560,10240,51200,False,2432,1
0.074,0.088,0.08447619047619048,0.084,0.0028721826380952815,0.023,0.025,0.024300000000000006,0.024,0.0005567764362830027,0.47700000000000004,0.501,0.4859000000000001,0.47800000000000004,0.010391823709051248,0.058,0.062,0.059550000000000006,0.059000000000000004,0.0012835497652993416,0.148,0.156,0.15175,0.149,0.0034767082132384974,0.536,0.562,0.5492999999999999,0.542,0.010407209039891542,0.074,0.077,0.07544999999999999,0.075,0.0013219304066402298,0.536,0.5630000000000001,0.5468999999999999,0.538,0.012251122397560163,0.038,0.04,0.038650000000000004,0.039,0.0006538348415311017,32,32,2560,10240,51200,False,2400,1
0.076,0.088,0.08595238095238097,0.08600000000000001,0.002339641618388239,0.024,0.025,0.024700000000000007,0.025,0.0004582575694955844,0.499,0.505,0.5006,0.5,0.0013928388277184133,0.059000000000000004,0.062,0.06020000000000001,0.06,0.0006782329983125261,0.155,0.158,0.1562,0.156,0.0006000000000000005,0.56,0.5670000000000001,0.5617000000000001,0.561,0.0017349351572897489,0.076,0.076,0.07600000000000001,0.076,1.3877787807814457e-17,0.5630000000000001,0.5690000000000001,0.5650000000000002,0.5645,0.0015491933384829681,0.038,0.038,0.038000000000000006,0.038,6.938893903907228e-18,32,32,2560,10240,51200,False,2368,1
0.073,0.088,0.08500000000000002,0.08600000000000001,0.002828427124746192,0.024,0.025,0.024050000000000005,0.024,0.00021794494717703388,0.49,0.502,0.49634999999999996,0.5,0.004982720140646075,0.058,0.061,0.0591,0.059000000000000004,0.000768114574786859,0.152,0.156,0.15460000000000002,0.156,0.0015620499351813321,0.549,0.561,0.5558,0.56,0.005464430436925705,0.074,0.075,0.07454999999999998,0.075,0.0004974937185533104,0.551,0.5650000000000001,0.5594999999999999,0.5650000000000001,0.006391400472509923,0.036000000000000004,0.038,0.03690000000000001,0.037,0.000624499799839838,32,32,2560,10240,51200,False,2336,1
0.07100000000000001,0.08600000000000001,0.08261904761904763,0.083,0.0027856125337542216,0.023,0.024,0.023800000000000005,0.024,0.0004000000000000003,0.379,0.394,0.38634999999999997,0.388,0.004972675336275238,0.055,0.058,0.05675000000000001,0.057,0.0008291561975888507,0.146,0.152,0.14865,0.149,0.0020316249653910064,0.525,0.546,0.5352499999999999,0.536,0.007119515432949078,0.07100000000000001,0.074,0.07255000000000003,0.073,0.0010234744745229308,0.54,0.562,0.5513499999999999,0.552,0.0072957179221787415,0.036000000000000004,0.037,0.03605000000000001,0.036000000000000004,0.00021794494717703236,32,32,2560,10240,51200,False,2304,1
0.065,0.084,0.08180952380952383,0.083,0.0041475069691269875,0.021,0.024,0.023500000000000004,0.024,0.0009219544457292886,0.358,0.397,0.39,0.391,0.010639548862616319,0.053,0.057,0.05589999999999999,0.056,0.0011357816691600557,0.137,0.152,0.14950000000000002,0.15,0.004260281680828154,0.492,0.549,0.5402000000000001,0.541,0.012444275792507987,0.067,0.073,0.07215,0.07200000000000001,0.0012757350822173049,0.505,0.5630000000000001,0.55515,0.5555000000000001,0.012104854398133018,0.034,0.036000000000000004,0.03550000000000001,0.036000000000000004,0.0005916079783099621,32,32,2560,10240,51200,False,2272,1
0.068,0.083,0.08004761904761905,0.081,0.002967702181120549,0.022,0.023,0.022800000000000004,0.023,0.0004000000000000003,0.378,0.394,0.3841,0.3875,0.005485435260760996,0.053,0.056,0.0548,0.055,0.0008124038404635969,0.145,0.151,0.14764999999999998,0.149,0.0020802644062714736,0.524,0.543,0.5320500000000001,0.537,0.006895469527160574,0.069,0.07200000000000001,0.0704,0.07100000000000001,0.0009165151389911689,0.539,0.557,0.5472,0.552,0.006830812543175232,0.034,0.036000000000000004,0.03445000000000001,0.034,0.0005894913061275804,32,32,2560,10240,51200,False,2240,1
0.063,0.082,0.07785714285714287,0.078,0.004050699108216522,0.021,0.023,0.022050000000000004,0.022,0.000668954408012982,0.355,0.388,0.37415000000000004,0.374,0.01098760665477247,0.051000000000000004,0.055,0.0529,0.053,0.0012609520212918475,0.138,0.149,0.14430000000000004,0.14400000000000002,0.003689173349139337,0.493,0.538,0.5190000000000001,0.5185,0.015089731607951162,0.065,0.07,0.06800000000000002,0.068,0.0017320508075688785,0.505,0.551,0.5333,0.532,0.015495483212859172,0.033,0.034,0.03370000000000001,0.034,0.00045825756949558437,32,32,2560,10240,51200,False,2208,1
0.068,0.081,0.07890476190476192,0.079,0.00254305331863213,0.022,0.023,0.022300000000000004,0.022,0.00045825756949558437,0.381,0.39,0.38655,0.389,0.003734635189680516,0.052000000000000005,0.055,0.053300000000000014,0.053,0.0008999999999999989,0.146,0.149,0.14795,0.1485,0.001160818676624391,0.578,0.59,0.58465,0.5885,0.005350467269313966,0.068,0.07,0.06930000000000001,0.07,0.0009000000000000007,0.54,0.553,0.5478500000000001,0.552,0.005712048669260448,0.033,0.033,0.03300000000000001,0.033,6.938893903907228e-18,32,32,2560,10240,51200,False,2176,1
0.063,0.079,0.07538095238095238,0.076,0.0030312058024456285,0.021,0.022,0.021300000000000003,0.021,0.0004582575694955828,0.363,0.386,0.37365,0.372,0.0077024346800216425,0.05,0.053,0.051400000000000015,0.051000000000000004,0.0010198039027185556,0.135,0.14400000000000002,0.13929999999999998,0.1385,0.003034798181098707,0.549,0.583,0.5664,0.5630000000000001,0.01172348071180224,0.065,0.068,0.06640000000000001,0.066,0.0011135528725660054,0.515,0.544,0.5291,0.526,0.01054466689848476,0.031,0.032,0.031150000000000004,0.031,0.0003570714214271428,32,32,2560,10240,51200,False,2144,1
0.059000000000000004,0.078,0.07528571428571429,0.077,0.004037241598900312,0.02,0.022,0.021400000000000002,0.0215,0.0006633249580710789,0.35100000000000003,0.384,0.3769,0.3775,0.00909890103254233,0.048,0.052000000000000005,0.05130000000000001,0.052000000000000005,0.0010535653752852749,0.13,0.14300000000000002,0.13999999999999996,0.14,0.003346640106136305,0.526,0.58,0.5699000000000001,0.5715000000000001,0.014976314633447028,0.062,0.068,0.06609999999999999,0.066,0.0014798648586948754,0.493,0.54,0.5327499999999998,0.535,0.01333744728199517,0.03,0.031,0.030900000000000004,0.031,0.0003000000000000003,32,32,2560,10240,51200,False,2112,1
0.06,0.077,0.07371428571428572,0.074,0.003268068559385426,0.02,0.022,0.020800000000000006,0.021,0.0005099019513592785,0.36,0.381,0.37090000000000006,0.372,0.0069778220097678105,0.048,0.051000000000000004,0.04975000000000001,0.05,0.0008874119674649432,0.137,0.14400000000000002,0.14055000000000004,0.14100000000000001,0.002376446927663231,0.546,0.577,0.56225,0.5640000000000001,0.010671808656455554,0.063,0.066,0.06465000000000001,0.065,0.001107925990308018,0.51,0.54,0.5262499999999999,0.527,0.009648186358067518,0.029,0.031,0.029700000000000004,0.03,0.0005567764362830012,32,32,2560,10240,51200,False,2080,1
0.057,0.077,0.07233333333333333,0.073,0.004003966287538648,0.019,0.021,0.020500000000000004,0.021,0.0008062257748298558,0.375,0.41200000000000003,0.39635,0.3985,0.011654505566518052,0.05,0.054,0.052250000000000005,0.052000000000000005,0.0011346805717910196,0.132,0.14300000000000002,0.13844999999999996,0.139,0.0034274626183227763,0.424,0.464,0.44765000000000005,0.449,0.012920042569589325,0.061,0.066,0.06355,0.064,0.0014654350889752859,0.438,0.47900000000000004,0.4623499999999999,0.464,0.013454646037707583,0.029,0.031,0.030250000000000006,0.03,0.0006224949798994365,32,32,2560,10240,51200,False,2048,1
0.06,0.075,0.07300000000000001,0.074,0.0029760952365713795,0.02,0.022,0.021,0.021,0.0003162277660168377,0.398,0.402,0.39995,0.399,0.0014991664350564964,0.051000000000000004,0.054,0.05200000000000001,0.052000000000000005,0.0007071067811865462,0.138,0.14,0.13920000000000005,0.139,0.000748331477354789,0.451,0.454,0.4518000000000001,0.451,0.0011224972160321835,0.064,0.064,0.06400000000000002,0.064,1.3877787807814457e-17,0.465,0.46900000000000003,0.4662,0.465,0.0014696938456699082,0.029,0.03,0.029400000000000003,0.029,0.0004898979485566344,32,32,2560,10240,51200,False,2048,1
0.06,0.075,0.07285714285714287,0.073,0.0029806633056245375,0.02,0.021,0.020850000000000004,0.021,0.00035707142142714284,0.393,0.406,0.40015,0.403,0.004552746423863297,0.051000000000000004,0.053,0.052250000000000005,0.052000000000000005,0.0006224949798994342,0.136,0.14100000000000001,0.13870000000000002,0.1395,0.0017058722109231997,0.444,0.459,0.45089999999999997,0.455,0.005328226721902893,0.063,0.065,0.06365000000000001,0.064,0.0005722761571129803,0.459,0.47600000000000003,0.46620000000000006,0.47000000000000003,0.005626721958654084,0.029,0.03,0.029450000000000004,0.029,0.0004974937185533087,32,32,2560,10240,51200,False,2032,1
0.057,0.074,0.07076190476190478,0.07100000000000001,0.0032791514858451086,0.02,0.021,0.020350000000000004,0.02,0.0004769696007084732,0.385,0.41300000000000003,0.3945,0.398,0.0078771822373232,0.049,0.053,0.05115000000000001,0.051000000000000004,0.0008529361054615991,0.11800000000000001,0.125,0.12015,0.1205,0.0020802644062714684,0.435,0.467,0.4457,0.45,0.009950376877284608,0.061,0.065,0.0624,0.063,0.0011575836902790236,0.41600000000000004,0.447,0.42689999999999995,0.43,0.009004998611882186,0.029,0.03,0.029450000000000004,0.029,0.0004974937185533087,32,32,2560,10240,51200,False,2016,1
0.054,0.074,0.07152380952380952,0.073,0.0042158323769316865,0.019,0.021,0.020700000000000003,0.021,0.0006403124237432854,0.367,0.40800000000000003,0.40245,0.406,0.011663940157596841,0.048,0.053,0.051400000000000015,0.052000000000000005,0.0011135528725660048,0.113,0.123,0.12114999999999998,0.122,0.002329699551444347,0.41600000000000004,0.458,0.45535000000000003,0.457,0.009040326321543925,0.059000000000000004,0.063,0.0628,0.063,0.0008717797887081341,0.4,0.439,0.4356,0.437,0.008187795796183485,0.028,0.03,0.029400000000000003,0.029,0.000583095189484529,32,32,2560,10240,51200,False,2000,1
0.058,0.07200000000000001,0.07033333333333333,0.07100000000000001,0.0028840007485193765,0.02,0.021,0.020300000000000006,0.02,0.0004582575694955844,0.394,0.403,0.39775,0.3955,0.003433292880020582,0.049,0.052000000000000005,0.050350000000000006,0.05,0.0007262919523166982,0.117,0.122,0.11935,0.1195,0.001458595214581477,0.445,0.453,0.4488,0.448,0.003762977544445359,0.061,0.062,0.06155000000000001,0.062,0.0004974937185533104,0.425,0.435,0.42989999999999995,0.429,0.004036087214122117,0.028,0.029,0.028800000000000003,0.029,0.0004000000000000004,32,32,2560,10240,51200,False,1984,1
0.055,0.073,0.06928571428571428,0.07,0.0034934340744678534,0.019,0.021,0.019850000000000003,0.02,0.0006538348415311017,0.378,0.41100000000000003,0.3922,0.396,0.01018135550896835,0.048,0.052000000000000005,0.04985000000000001,0.05,0.001061838029079766,0.113,0.124,0.11775000000000002,0.11900000000000001,0.003222964473896663,0.426,0.464,0.44225000000000003,0.446,0.011449344959428912,0.059000000000000004,0.063,0.06069999999999999,0.061,0.001144552314225958,0.40900000000000003,0.443,0.4248,0.427,0.010632967600815859,0.027,0.029,0.028250000000000004,0.028,0.0005361902647381809,32,32,2560,10240,51200,False,1968,1
0.054,0.07200000000000001,0.06842857142857144,0.069,0.0034582052676886315,0.019,0.021,0.019800000000000005,0.02,0.0005099019513592789,0.374,0.405,0.38825000000000004,0.391,0.008864959108760747,0.048,0.052000000000000005,0.04930000000000001,0.049,0.0010535653752852749,0.114,0.122,0.1173,0.11800000000000001,0.002051828452868318,0.422,0.456,0.43784999999999996,0.44,0.01022386913061783,0.058,0.062,0.0598,0.06,0.0012083045973594558,0.404,0.436,0.4191000000000001,0.421,0.010039422294136239,0.027,0.029,0.028050000000000002,0.028,0.0005894913061275804,32,32,2560,10240,51200,False,1952,1
0.051000000000000004,0.07200000000000001,0.06904761904761905,0.07,0.004168774976807485,0.018000000000000002,0.021,0.020150000000000008,0.02,0.000653834841531101,0.396,0.405,0.4024000000000001,0.402,0.0022891046284519217,0.049,0.05,0.04955000000000001,0.05,0.0004974937185533104,0.11900000000000001,0.122,0.12055,0.1205,0.0007399324293474364,0.451,0.456,0.4535,0.452,0.00196214168703486,0.061,0.061,0.060999999999999985,0.061,1.3877787807814457e-17,0.432,0.437,0.4346,0.433,0.0021071307505705498,0.027,0.029,0.027800000000000002,0.028,0.0006000000000000005,32,32,2560,10240,51200,False,1936,1
0.055,0.07200000000000001,0.06900000000000002,0.07,0.003366501646120694,0.02,0.021,0.020250000000000004,0.02,0.00043301270189221973,0.343,0.357,0.35025000000000006,0.355,0.006163400035694563,0.048,0.051000000000000004,0.04920000000000001,0.049,0.0009797958971132722,0.111,0.116,0.11375000000000002,0.116,0.002487468592766552,0.444,0.462,0.45360000000000006,0.4605,0.008193900170248606,0.059000000000000004,0.061,0.06019999999999999,0.061,0.000927361849549568,0.424,0.441,0.43274999999999997,0.439,0.00773223770974484,0.027,0.028,0.027250000000000003,0.027,0.00043301270189221973,32,32,2560,10240,51200,False,1920,1
0.053,0.07200000000000001,0.06728571428571428,0.068,0.0034934340744678543,0.019,0.021,0.019450000000000002,0.019,0.0005894913061275802,0.333,0.361,0.34130000000000005,0.34,0.00689999999999999,0.047,0.05,0.04805000000000001,0.048,0.0007399324293474377,0.106,0.117,0.11040000000000001,0.11,0.003136877428271627,0.423,0.468,0.4406,0.441,0.01349592531099666,0.057,0.062,0.05885,0.059000000000000004,0.0013518505834595768,0.406,0.446,0.42085,0.421,0.012256732843625166,0.027,0.028,0.02705,0.027,0.00021794494717703388,32,32,2560,10240,51200,False,1904,1
0.055,0.07100000000000001,0.06842857142857144,0.069,0.0031254931583660855,0.019,0.02,0.019800000000000005,0.02,0.0004000000000000003,0.34700000000000003,0.356,0.3503000000000001,0.34750000000000003,0.0038613469152615413,0.047,0.051000000000000004,0.04885000000000001,0.049,0.0009096702699330135,0.112,0.115,0.11350000000000002,0.113,0.001284523257866514,0.45,0.462,0.45455000000000007,0.4505,0.00529598904832705,0.059000000000000004,0.061,0.05965,0.06,0.0006538348415310984,0.43,0.441,0.43455000000000005,0.43,0.005044551516240075,0.026000000000000002,0.027,0.026900000000000007,0.027,0.0002999999999999992,32,32,2560,10240,51200,False,1888,1
0.052000000000000005,0.07100000000000001,0.06733333333333333,0.069,0.00383385089673721,0.019,0.021,0.019950000000000002,0.02,0.0007399324293474377,0.339,0.367,0.35,0.354,0.008074651695274522,0.046,0.05,0.04785000000000001,0.048,0.0012757350822173083,0.109,0.12,0.11335000000000002,0.115,0.003453621287865827,0.431,0.47700000000000004,0.45345,0.46,0.01479349519214443,0.057,0.061,0.0588,0.059000000000000004,0.0013266499161421587,0.41400000000000003,0.458,0.43420000000000003,0.44,0.013941305534274745,0.025,0.027,0.026300000000000007,0.026000000000000002,0.000714142842854284,32,32,2560,10240,51200,False,1872,1
0.05,0.07100000000000001,0.06557142857142856,0.067,0.004203982562732048,0.017,0.021,0.019100000000000006,0.019,0.0011357816691600546,0.33,0.359,0.3417,0.341,0.009317188417113813,0.045,0.05,0.04685000000000001,0.047,0.0012359207094308285,0.10300000000000001,0.117,0.1099,0.111,0.0048672374094551815,0.41000000000000003,0.466,0.43965,0.443,0.01856145199061754,0.054,0.06,0.05725000000000001,0.057,0.0018674849396983096,0.395,0.445,0.42060000000000003,0.423,0.016551132891738853,0.025,0.027,0.026100000000000005,0.026000000000000002,0.0006999999999999993,32,32,2560,10240,51200,False,1856,1
0.053,0.069,0.06671428571428573,0.067,0.0032240592152020502,0.019,0.02,0.019750000000000004,0.02,0.0004330127018922198,0.341,0.356,0.3476000000000001,0.34400000000000003,0.005994997914928722,0.046,0.049,0.04755000000000001,0.048,0.0009205976319760994,0.111,0.116,0.11315000000000001,0.112,0.0022643983748448526,0.445,0.462,0.4523499999999999,0.446,0.00788209997399171,0.057,0.059000000000000004,0.058050000000000004,0.058,0.0008645808232895299,0.425,0.441,0.43190000000000006,0.426,0.007455870170543482,0.025,0.027,0.025850000000000005,0.026000000000000002,0.0006538348415311006,32,32,2560,10240,51200,False,1840,1
0.049,0.068,0.06433333333333333,0.065,0.003796405986284715,0.018000000000000002,0.021,0.018900000000000007,0.019,0.0007681145747868602,0.331,0.355,0.34125000000000005,0.3405,0.007196353243136405,0.044,0.049,0.04605000000000001,0.046,0.0013219304066402298,0.10400000000000001,0.115,0.10965000000000003,0.1105,0.003525265947414463,0.41300000000000003,0.461,0.43690000000000007,0.439,0.014117011015083888,0.054,0.058,0.05620000000000001,0.056,0.0012884098726725138,0.396,0.44,0.41880000000000006,0.42,0.012898061869908977,0.024,0.026000000000000002,0.025050000000000006,0.025,0.0003840572873934307,32,32,2560,10240,51200,False,1824,1
0.048,0.067,0.06452380952380952,0.066,0.004078036964953647,0.018000000000000002,0.02,0.019350000000000006,0.019,0.0006538348415311009,0.33,0.353,0.3481000000000001,0.34900000000000003,0.00617170964968378,0.044,0.048,0.046450000000000005,0.0465,0.0010712142642814286,0.10400000000000001,0.114,0.1125,0.113,0.0028722813232690127,0.40900000000000003,0.457,0.45004999999999995,0.4515,0.010860363713983063,0.054,0.058,0.05695,0.057,0.0007399324293474378,0.397,0.437,0.43170000000000003,0.432,0.008264986388373542,0.024,0.026000000000000002,0.025000000000000005,0.025,0.0003162277660168382,32,32,2560,10240,51200,False,1808,1
0.05,0.066,0.06319047619047619,0.064,0.003245789178657519,0.018000000000000002,0.02,0.018950000000000005,0.019,0.0005894913061275793,0.336,0.354,0.34669999999999995,0.353,0.007733692520394103,0.04,0.043000000000000003,0.041150000000000006,0.041,0.0009630680142129121,0.109,0.116,0.11295000000000002,0.115,0.0026358110706194426,0.459,0.482,0.47235000000000005,0.48,0.010403244686154393,0.055,0.057,0.05625,0.057,0.0009420721840708394,0.40700000000000003,0.428,0.4203499999999999,0.427,0.009177554140401441,0.024,0.025,0.024550000000000006,0.025,0.0004974937185533104,32,32,2560,10240,51200,False,1792,1
0.047,0.066,0.06219047619047619,0.063,0.003812498838332971,0.017,0.02,0.018350000000000005,0.018000000000000002,0.0007262919523166967,0.322,0.355,0.33875000000000005,0.34,0.010177794456560805,0.038,0.042,0.04005000000000001,0.04,0.0012031209415515976,0.105,0.116,0.11015000000000001,0.11,0.003275286247032466,0.441,0.483,0.46220000000000006,0.464,0.013908989898623117,0.052000000000000005,0.057,0.05475000000000001,0.055,0.0012599603168354156,0.395,0.429,0.4116000000000001,0.41100000000000003,0.011964113005150018,0.023,0.025,0.024100000000000003,0.024,0.0005385164807134509,32,32,2560,10240,51200,False,1776,1
0.05,0.064,0.06233333333333334,0.063,0.002884000748519375,0.018000000000000002,0.02,0.019050000000000004,0.019,0.0003840572873934303,0.34900000000000003,0.356,0.3514500000000001,0.35000000000000003,0.002783433131943333,0.04,0.042,0.040900000000000006,0.041,0.0007000000000000008,0.113,0.116,0.11450000000000002,0.114,0.0009746794344808972,0.47600000000000003,0.485,0.47939999999999994,0.47700000000000004,0.003942080668885382,0.055,0.056,0.055400000000000005,0.055,0.000489897948556636,0.44,0.449,0.4439,0.441,0.003700000000000003,0.023,0.024,0.023200000000000005,0.023,0.0004000000000000003,32,32,2560,10240,51200,False,1760,1
0.047,0.065,0.0609047619047619,0.062,0.00340734167999968,0.017,0.02,0.018450000000000005,0.018000000000000002,0.0006689544080129816,0.331,0.36,0.34120000000000006,0.34600000000000003,0.008170679286326199,0.039,0.042,0.04010000000000001,0.04,0.0008888194417315596,0.108,0.116,0.11115000000000001,0.112,0.0025548972582082456,0.452,0.491,0.4662,0.47200000000000003,0.012151543111885009,0.052000000000000005,0.056,0.05400000000000001,0.054,0.0010488088481701518,0.419,0.454,0.43295000000000006,0.4375,0.011088169371000796,0.022,0.024,0.022900000000000004,0.023,0.0004358898943540677,32,32,2560,10240,51200,False,1744,1
0.046,0.065,0.061142857142857145,0.062,0.003783242679245944,0.017,0.02,0.018800000000000004,0.019,0.0007483314773547876,0.323,0.366,0.34714999999999996,0.34900000000000003,0.01269360074998422,0.037,0.041,0.03975000000000001,0.04,0.001299038105676659,0.105,0.11900000000000001,0.1129,0.113,0.004060788100849395,0.383,0.41600000000000004,0.3993000000000001,0.397,0.00922008676748761,0.051000000000000004,0.056,0.05420000000000001,0.054,0.0012489995996796794,0.40800000000000003,0.461,0.43990000000000007,0.441,0.015115885683611129,0.022,0.024,0.022950000000000005,0.023,0.00038405728739343076,32,32,2560,10240,51200,False,1728,1
0.049,0.065,0.061714285714285715,0.062,0.003088270546112564,0.018000000000000002,0.02,0.019200000000000005,0.019,0.0005099019513592786,0.34500000000000003,0.36,0.35229999999999995,0.34800000000000003,0.006535288822997781,0.039,0.041,0.04010000000000001,0.04,0.0007000000000000006,0.124,0.131,0.12715,0.126,0.0024954959426935585,0.393,0.40800000000000003,0.40140000000000003,0.3985,0.00587707410196605,0.053,0.055,0.0541,0.054,0.0008888194417315598,0.437,0.453,0.44495000000000007,0.444,0.007165716991341487,0.023,0.024,0.023050000000000005,0.023,0.00021794494717703388,32,32,2560,10240,51200,False,1712,1
0.045,0.063,0.05928571428571428,0.061,0.0036140316116210045,0.017,0.02,0.018300000000000004,0.019,0.0009539392014169449,0.28,0.298,0.2911,0.2975,0.00783517708797955,0.035,0.038,0.03660000000000001,0.037,0.0011135528725660024,0.11900000000000001,0.128,0.12344999999999999,0.126,0.003570364127088437,0.385,0.4,0.3949500000000001,0.4,0.00620866330219316,0.05,0.054,0.05230000000000001,0.053,0.001099999999999998,0.41000000000000003,0.449,0.42925,0.441,0.0155108832759453,0.022,0.023,0.022600000000000002,0.023,0.0004898979485566361,32,32,2560,10240,51200,False,1696,1
0.045,0.063,0.06038095238095238,0.061,0.003644646308219516,0.017,0.02,0.019200000000000005,0.019,0.0006782329983125269,0.294,0.31,0.30369999999999997,0.302,0.0038871583451153655,0.037,0.038,0.037450000000000004,0.037,0.0004974937185533104,0.127,0.131,0.12865000000000001,0.128,0.0013143439428094927,0.403,0.41300000000000003,0.4061,0.404,0.004109744517606907,0.053,0.054,0.0533,0.053,0.00045825756949558437,0.447,0.458,0.4508000000000001,0.448,0.004654030511288042,0.023,0.023,0.023000000000000003,0.023,3.469446951953614e-18,32,32,2560,10240,51200,False,1680,1
0.047,0.061,0.05866666666666668,0.059000000000000004,0.0027660068059919244,0.017,0.02,0.018550000000000004,0.019,0.0006689544080129817,0.299,0.307,0.30355000000000004,0.304,0.00257827461687075,0.04,0.044,0.04215000000000001,0.042,0.0009630680142129114,0.10300000000000001,0.107,0.10535000000000003,0.106,0.0017399712641305268,0.361,0.376,0.36955000000000005,0.3695,0.00638337684928597,0.05,0.052000000000000005,0.051400000000000015,0.051500000000000004,0.0006633249580710807,0.509,0.523,0.51735,0.5185,0.005227571137727352,0.021,0.023,0.0216,0.022,0.000583095189484529,32,32,2560,10240,51200,False,1664,1
0.043000000000000003,0.062,0.058428571428571434,0.059000000000000004,0.003774241375320829,0.017,0.02,0.018500000000000006,0.018500000000000003,0.000921954445729288,0.291,0.313,0.29895000000000005,0.299,0.005054453481831645,0.04,0.044,0.04145000000000001,0.041,0.0010234744745229352,0.097,0.109,0.10365000000000002,0.10400000000000001,0.002920188350089767,0.35000000000000003,0.385,0.36685,0.367,0.009155735907069395,0.048,0.053,0.05095000000000001,0.051000000000000004,0.0012031209415515956,0.491,0.538,0.5143500000000001,0.513,0.01252307869495358,0.02,0.023,0.021200000000000004,0.021,0.0007483314773547876,32,32,2560,10240,51200,False,1648,1
0.042,0.061,0.0579047619047619,0.059000000000000004,0.0038533196807893156,0.017,0.02,0.018550000000000004,0.018500000000000003,0.0007399324293474364,0.291,0.311,0.3034999999999999,0.301,0.00533385414123784,0.039,0.043000000000000003,0.04130000000000001,0.041,0.0009539392014169465,0.1,0.109,0.10585000000000003,0.105,0.0021511624764298932,0.34600000000000003,0.382,0.37205000000000005,0.369,0.008794742747801097,0.049,0.052000000000000005,0.050850000000000006,0.0505,0.0010136567466356656,0.494,0.533,0.5206999999999999,0.515,0.010339729203417282,0.02,0.023,0.021550000000000003,0.0215,0.0007399324293474364,32,32,2560,10240,51200,False,1632,1
0.045,0.062,0.057714285714285725,0.058,0.0031036515689143477,0.018000000000000002,0.02,0.018650000000000007,0.019,0.0005722761571129788,0.297,0.325,0.3046000000000001,0.3065,0.0063592452382338635,0.04,0.043000000000000003,0.04105000000000001,0.041,0.0009205976319760994,0.10200000000000001,0.114,0.10600000000000001,0.107,0.0027748873851023187,0.359,0.4,0.37285,0.377,0.010145319117701532,0.049,0.053,0.05030000000000001,0.0505,0.001053565375285274,0.506,0.557,0.52105,0.523,0.01115112101987958,0.021,0.023,0.02125,0.021,0.000622494979899436,32,32,2560,10240,51200,False,1616,1
0.043000000000000003,0.059000000000000004,0.05657142857142857,0.058,0.0036328059281448876,0.016,0.019,0.018100000000000005,0.018000000000000002,0.0009433981132056598,0.28800000000000003,0.306,0.3005,0.305,0.006726812023536856,0.039,0.041,0.04020000000000001,0.04,0.0007483314773547889,0.098,0.107,0.10370000000000001,0.106,0.004001249804748508,0.34700000000000003,0.377,0.36785000000000007,0.376,0.012499099967597653,0.047,0.051000000000000004,0.04935000000000001,0.05,0.0011521718621802922,0.338,0.361,0.3514,0.356,0.007578918128598547,0.02,0.022,0.020750000000000005,0.021,0.0005361902647381805,32,32,2560,10240,51200,False,1600,1
0.041,0.06,0.057619047619047625,0.058,0.00392156662665015,0.017,0.02,0.018900000000000007,0.019,0.0006999999999999996,0.294,0.322,0.3109,0.31,0.0056115951386392846,0.038,0.043000000000000003,0.04105000000000001,0.041,0.0010712142642814286,0.098,0.112,0.10820000000000003,0.108,0.00267581763205193,0.34900000000000003,0.396,0.3831,0.382,0.009353608929178085,0.046,0.052000000000000005,0.05020000000000001,0.05,0.0012489995996796807,0.35100000000000003,0.374,0.36329999999999996,0.361,0.005701754116059372,0.021,0.022,0.021050000000000006,0.021,0.0002179449471770331,32,32,2560,10240,51200,False,1584,1
0.045,0.059000000000000004,0.05695238095238095,0.057,0.002869813175870357,0.018000000000000002,0.02,0.018750000000000006,0.019,0.0007664854858377937,0.302,0.32,0.30895000000000006,0.3055,0.007768365336414097,0.039,0.042,0.04010000000000001,0.04,0.001044030650891056,0.105,0.112,0.10740000000000001,0.106,0.002782085548648714,0.371,0.395,0.37950000000000006,0.372,0.010758717395675016,0.048,0.051000000000000004,0.04950000000000001,0.049,0.001161895003862226,0.353,0.374,0.36149999999999993,0.356,0.00903050386191159,0.021,0.022,0.021150000000000002,0.021,0.0003570714214271416,32,32,2560,10240,51200,False,1568,1
0.041,0.06,0.05519047619047619,0.056,0.00362030053499966,0.016,0.02,0.018300000000000004,0.018500000000000003,0.0010535653752852734,0.291,0.324,0.3042000000000001,0.3065,0.007366138744281166,0.037,0.041,0.03885000000000001,0.039,0.0010136567466356656,0.098,0.113,0.10505000000000002,0.107,0.003980891859872607,0.34800000000000003,0.399,0.37075,0.376,0.013080042048862069,0.046,0.051000000000000004,0.047950000000000007,0.048,0.0013219304066402298,0.336,0.378,0.35435,0.356,0.008995971320541203,0.019,0.021,0.020650000000000005,0.021,0.0006538348415311017,32,32,2560,10240,51200,False,1552,1
0.04,0.056,0.05395238095238096,0.055,0.003243692641128838,0.016,0.019,0.018000000000000006,0.018000000000000002,0.0007071067811865472,0.28700000000000003,0.315,0.30345000000000005,0.304,0.006070214164261421,0.033,0.037,0.03500000000000001,0.035,0.0007745966692414832,0.08700000000000001,0.094,0.09080000000000002,0.091,0.0017776388834631163,0.368,0.405,0.39135000000000003,0.391,0.008296234085414907,0.046,0.05,0.04825000000000001,0.048,0.0008291561975888507,0.354,0.39,0.37705,0.376,0.007088547100781661,0.019,0.021,0.019650000000000004,0.0195,0.0007262919523166982,32,32,2560,10240,51200,False,1536,1
0.041,0.056,0.05352380952380953,0.055,0.002985983886969692,0.017,0.019,0.017800000000000003,0.018000000000000002,0.0007483314773547878,0.291,0.309,0.3003,0.3005,0.008319254774317237,0.033,0.036000000000000004,0.03475000000000001,0.035,0.0008874119674649432,0.08700000000000001,0.092,0.08940000000000001,0.089,0.0024166091947189095,0.375,0.398,0.38665000000000005,0.387,0.010570122988877668,0.046,0.049,0.04715000000000001,0.0475,0.0011079259903080177,0.36,0.382,0.37185,0.3755,0.00973794126086208,0.019,0.021,0.019600000000000003,0.0195,0.0006633249580710807,32,32,2560,10240,51200,False,1520,1
0.039,0.055,0.05161904761904762,0.052000000000000005,0.002983704799584865,0.016,0.019,0.017500000000000005,0.018000000000000002,0.0008062257748298555,0.28500000000000003,0.312,0.29510000000000003,0.296,0.005923681287847942,0.033,0.036000000000000004,0.03370000000000001,0.034,0.0007810249675906662,0.08700000000000001,0.093,0.08915,0.089,0.0013883443376914823,0.368,0.402,0.3804,0.381,0.00863365507765976,0.045,0.048,0.04605000000000001,0.046,0.0008046738469715548,0.352,0.387,0.3658,0.366,0.008394045508573332,0.019,0.02,0.019100000000000002,0.019,0.0003000000000000003,32,32,2560,10240,51200,False,1504,1
0.041,0.055,0.05247619047619049,0.053,0.0027536823418668485,0.017,0.019,0.017900000000000006,0.018000000000000002,0.0006244997998398396,0.296,0.311,0.3020999999999999,0.297,0.007077428911688204,0.033,0.035,0.03415000000000001,0.034,0.0005722761571129803,0.088,0.092,0.08965000000000001,0.088,0.001930673457630784,0.381,0.4,0.3893000000000001,0.381,0.009236341266973636,0.046,0.048,0.04675000000000001,0.046,0.0008874119674649433,0.367,0.385,0.37495,0.3675,0.008697557128297586,0.019,0.02,0.019150000000000004,0.019,0.0003570714214271428,32,32,2560,10240,51200,False,1488,1
0.039,0.053,0.0510952380952381,0.052000000000000005,0.0029745709879507457,0.016,0.018000000000000002,0.017200000000000003,0.0175,0.0008717797887081354,0.28300000000000003,0.302,0.2945499999999999,0.301,0.008089962917096696,0.032,0.035,0.033350000000000005,0.033,0.0007921489758877436,0.084,0.089,0.08714999999999999,0.089,0.002056088519495204,0.364,0.389,0.3787,0.3875,0.01084020295012968,0.044,0.046,0.045200000000000004,0.046,0.0009797958971132722,0.35000000000000003,0.374,0.36425,0.373,0.01082531754730547,0.018000000000000002,0.019,0.018900000000000007,0.019,0.0002999999999999992,32,32,2560,10240,51200,False,1472,1
0.038,0.053,0.05095238095238096,0.052000000000000005,0.0031240418032108057,0.016,0.019,0.017600000000000005,0.018000000000000002,0.0006633249580710802,0.28300000000000003,0.313,0.29945,0.302,0.008599273225104537,0.032,0.035,0.033850000000000005,0.034,0.0007921489758877437,0.083,0.092,0.08804999999999999,0.088,0.002376446927663226,0.365,0.402,0.3867,0.388,0.010242558274181319,0.044,0.047,0.04580000000000001,0.046,0.0008717797887081355,0.35000000000000003,0.385,0.37134999999999996,0.373,0.009686459621554193,0.018000000000000002,0.02,0.019000000000000006,0.019,0.0004472135954999575,32,32,2560,10240,51200,False,1456,1
0.038,0.052000000000000005,0.049809523809523824,0.05,0.002888714454876782,0.016,0.019,0.016950000000000003,0.017,0.0007399324293474373,0.28700000000000003,0.305,0.2944000000000001,0.28800000000000003,0.007946068210127553,0.031,0.034,0.032900000000000006,0.033,0.0008888194417315596,0.08600000000000001,0.09,0.08754999999999999,0.08700000000000001,0.0015960889699512316,0.371,0.392,0.38020000000000004,0.372,0.009927738916792694,0.043000000000000003,0.046,0.044500000000000005,0.044,0.0009746794344808956,0.355,0.376,0.36455000000000004,0.356,0.009779953987621832,0.018000000000000002,0.019,0.018700000000000005,0.019,0.00045825756949558275,32,32,2560,10240,51200,False,1440,1
0.037,0.052000000000000005,0.04966666666666667,0.051000000000000004,0.0030446414025039593,0.016,0.018000000000000002,0.017000000000000005,0.017,0.0005477225575051665,0.28400000000000003,0.311,0.29445,0.297,0.0063912048942276764,0.031,0.034,0.032400000000000005,0.0325,0.0008000000000000007,0.084,0.091,0.08654999999999999,0.08700000000000001,0.0015321553446044558,0.365,0.4,0.37875,0.382,0.008359874400970396,0.043000000000000003,0.046,0.04385000000000001,0.044,0.0006538348415310993,0.34900000000000003,0.385,0.36469999999999997,0.367,0.00825893455598238,0.017,0.019,0.018500000000000006,0.019,0.0007416198487095654,32,32,2560,10240,51200,False,1424,1
0.037,0.052000000000000005,0.04952380952380954,0.051000000000000004,0.003231084848321406,0.016,0.019,0.017300000000000003,0.018000000000000002,0.0009539392014169463,0.253,0.273,0.26354999999999995,0.266,0.005526979283478459,0.035,0.036000000000000004,0.03565000000000001,0.036000000000000004,0.0004769696007084733,0.084,0.093,0.08875000000000001,0.09,0.002861380785564896,0.327,0.352,0.34075,0.343,0.007182443873780012,0.042,0.046,0.044500000000000005,0.045,0.0011618950038622233,0.34900000000000003,0.39,0.37474999999999997,0.381,0.014459858228903895,0.017,0.02,0.018550000000000004,0.019,0.0009205976319760979,32,32,2560,10240,51200,False,1408,1
0.038,0.053,0.049857142857142864,0.05,0.002996596709057577,0.016,0.019,0.017400000000000006,0.017,0.0008602325267042627,0.254,0.272,0.26199999999999996,0.2575,0.00754320886625845,0.034,0.037,0.03520000000000001,0.035,0.0007483314773547883,0.085,0.092,0.08860000000000001,0.08650000000000001,0.0029223278392404867,0.328,0.35000000000000003,0.3385,0.3325,0.009557719393244403,0.043000000000000003,0.045,0.04410000000000001,0.044,0.0008888194417315567,0.362,0.388,0.3741499999999999,0.364,0.012539039038140054,0.017,0.019,0.018300000000000004,0.018000000000000002,0.0007141428428542841,32,32,2560,10240,51200,False,1392,1
0.037,0.052000000000000005,0.04852380952380953,0.048,0.0029539166512896815,0.016,0.019,0.016950000000000003,0.017,0.0008645808232895295,0.254,0.27,0.25965000000000005,0.256,0.006271164166245376,0.033,0.036000000000000004,0.03405000000000001,0.034,0.0009733961166965902,0.08600000000000001,0.092,0.08835000000000001,0.08700000000000001,0.0024140215409146583,0.329,0.34900000000000003,0.33544999999999997,0.331,0.008363462201743973,0.042,0.045,0.04335000000000001,0.043000000000000003,0.0007262919523166953,0.36,0.388,0.37085000000000007,0.364,0.011824867863955191,0.019,0.021,0.019750000000000004,0.02,0.0005361902647381808,32,32,2560,10240,51200,False,1376,1
0.036000000000000004,0.05,0.04752380952380954,0.049,0.0029699935484786047,0.015,0.018000000000000002,0.016550000000000002,0.017,0.0006689544080129832,0.252,0.266,0.25945,0.2605,0.005044551516240076,0.033,0.035,0.033850000000000005,0.034,0.0006538348415311016,0.084,0.089,0.08704999999999999,0.088,0.0020609463845524902,0.324,0.34,0.33340000000000003,0.3365,0.005842944463196622,0.042,0.043000000000000003,0.04290000000000001,0.043000000000000003,0.0003000000000000003,0.34800000000000003,0.377,0.36679999999999996,0.374,0.011702991070662219,0.017,0.018000000000000002,0.017700000000000004,0.018000000000000002,0.0004582575694955845,32,32,2560,10240,51200,False,1360,1
0.035,0.05,0.04738095238095239,0.048,0.002983704799584865,0.015,0.018000000000000002,0.016600000000000004,0.017,0.0006633249580710806,0.25,0.271,0.2575,0.258,0.004213074886588183,0.032,0.034,0.03330000000000001,0.033,0.0006403124237432853,0.083,0.092,0.08700000000000001,0.08700000000000001,0.0023874672772626624,0.321,0.35000000000000003,0.33235000000000003,0.333,0.0070730120882124955,0.041,0.044,0.04215000000000001,0.042,0.0007262919523166964,0.34800000000000003,0.39,0.36845,0.371,0.011182463950310762,0.017,0.018000000000000002,0.017600000000000005,0.018000000000000002,0.0004898979485566361,32,32,2560,10240,51200,False,1344,1
0.036000000000000004,0.049,0.0462857142857143,0.046,0.002639315516295432,0.016,0.017,0.016500000000000004,0.0165,0.0005000000000000004,0.252,0.265,0.25825,0.257,0.004699734035027944,0.032,0.034,0.033150000000000006,0.033,0.0007262919523166983,0.084,0.089,0.086,0.085,0.002236067977499785,0.324,0.342,0.33280000000000004,0.33,0.006337191807101949,0.041,0.043000000000000003,0.04185000000000001,0.042,0.0007921489758877436,0.358,0.382,0.3675,0.36,0.01067941945987703,0.017,0.018000000000000002,0.017400000000000006,0.017,0.000489897948556636,32,32,2560,10240,51200,False,1328,1
0.034,0.049,0.04638095238095239,0.047,0.002886358563941283,0.015,0.017,0.016200000000000003,0.016,0.0006000000000000006,0.251,0.27,0.25915,0.2585,0.004257640191467573,0.031,0.033,0.032350000000000004,0.032,0.0005722761571129803,0.084,0.092,0.08725,0.08700000000000001,0.0017571283390805555,0.313,0.334,0.32199999999999995,0.3205,0.005108815909777925,0.04,0.043000000000000003,0.041400000000000006,0.041,0.0008602325267042634,0.34600000000000003,0.39,0.37144999999999995,0.37,0.009019284894047866,0.016,0.018000000000000002,0.017300000000000003,0.017,0.0005567764362830027,32,32,2560,10240,51200,False,1312,1
0.035,0.049,0.04585714285714287,0.046,0.0027823545062841035,0.013000000000000001,0.014,0.013350000000000004,0.013000000000000001,0.0004769696007084724,0.252,0.267,0.25855000000000006,0.256,0.006086665753924726,0.031,0.034,0.031950000000000006,0.032,0.001023474474522937,0.083,0.09,0.08564999999999999,0.084,0.002593742469868583,0.311,0.329,0.31885,0.3145,0.0068576599507412205,0.039,0.043000000000000003,0.04060000000000001,0.04,0.0010198039027185578,0.356,0.385,0.36669999999999997,0.3575,0.012442266674525197,0.016,0.018000000000000002,0.017250000000000005,0.017,0.0006982120021884476,32,32,2560,10240,51200,False,1296,1
0.034,0.046,0.04380952380952382,0.044,0.002461494853965729,0.013000000000000001,0.014,0.013250000000000003,0.013000000000000001,0.00043301270189221897,0.244,0.258,0.24945,0.245,0.006296626080687981,0.027,0.029,0.027850000000000003,0.028,0.0007262919523166982,0.07100000000000001,0.076,0.07285000000000001,0.07200000000000001,0.0021511624764298906,0.276,0.293,0.28345,0.2795,0.0065381572327376574,0.038,0.04,0.03885000000000001,0.038,0.0009630680142129119,0.25,0.268,0.25815,0.253,0.007695940488335399,0.015,0.018000000000000002,0.016300000000000002,0.016,0.0007141428428542856,32,32,2560,10240,51200,False,1280,1
0.033,0.044,0.042619047619047626,0.043000000000000003,0.0021925456063278735,0.012,0.013000000000000001,0.012850000000000004,0.013000000000000001,0.00035707142142714284,0.242,0.246,0.24339999999999998,0.243,0.0009165151389911689,0.027,0.029,0.02765,0.028,0.0005722761571129804,0.07,0.07100000000000001,0.07070000000000001,0.07100000000000001,0.0004582575694955844,0.276,0.281,0.27875000000000005,0.279,0.0014790199457749053,0.037,0.038,0.03785000000000001,0.038,0.00035707142142714284,0.249,0.252,0.25060000000000004,0.251,0.0007348469228349541,0.015,0.016,0.015950000000000002,0.016,0.00021794494717703385,32,32,2560,10240,51200,False,1264,1
0.033,0.047,0.042285714285714295,0.042,0.0023531712572582545,0.013000000000000001,0.014,0.013050000000000003,0.013000000000000001,0.0002179449471770335,0.242,0.26,0.24379999999999996,0.243,0.0038288379438153326,0.026000000000000002,0.029,0.027650000000000008,0.028,0.0007262919523166977,0.07100000000000001,0.076,0.07185,0.07150000000000001,0.0013143439428094888,0.276,0.295,0.2795,0.278,0.004974937185533088,0.037,0.039,0.03765,0.038,0.0006538348415311017,0.249,0.269,0.2521,0.25,0.005664803615307424,0.015,0.016,0.015900000000000004,0.016,0.0003000000000000003,32,32,2560,10240,51200,False,1248,1
0.032,0.044,0.04214285714285715,0.043000000000000003,0.0024550378580286175,0.012,0.013000000000000001,0.012850000000000004,0.013000000000000001,0.00035707142142714284,0.243,0.253,0.24789999999999995,0.2475,0.004060788100849394,0.026000000000000002,0.028,0.027400000000000008,0.027,0.0005830951894845301,0.07100000000000001,0.074,0.07255000000000002,0.07250000000000001,0.001395528573695281,0.278,0.28600000000000003,0.2821999999999999,0.28200000000000003,0.0037229020937972605,0.037,0.038,0.03715,0.037,0.00035707142142714284,0.249,0.261,0.25539999999999996,0.2555,0.005043808085167401,0.015,0.016,0.015850000000000003,0.016,0.00035707142142714284,32,32,2560,10240,51200,False,1232,1
0.033,0.044,0.04233333333333335,0.043000000000000003,0.002167582224141151,0.013000000000000001,0.013000000000000001,0.013000000000000003,0.013000000000000001,1.734723475976807e-18,0.247,0.254,0.24944999999999995,0.249,0.001596088969951238,0.026000000000000002,0.029,0.027350000000000006,0.027,0.0007262919523166975,0.082,0.085,0.0833,0.083,0.0007141428428542856,0.28200000000000003,0.28800000000000003,0.2830500000000001,0.28200000000000003,0.002108909670896316,0.036000000000000004,0.037,0.03680000000000001,0.037,0.00039999999999999763,0.256,0.263,0.2579000000000001,0.257,0.0020223748416156703,0.015,0.016,0.015900000000000004,0.016,0.0003000000000000003,32,32,2560,10240,51200,False,1216,1
0.031,0.043000000000000003,0.04076190476190478,0.041,0.00238855927694942,0.012,0.014,0.012700000000000003,0.013000000000000001,0.0006403124237432851,0.241,0.26,0.24575,0.242,0.007084313657652383,0.026000000000000002,0.029,0.027100000000000006,0.027,0.0008306623862918074,0.08,0.08700000000000001,0.0816,0.08,0.002576819745345027,0.274,0.295,0.2812,0.277,0.00807217442824421,0.035,0.038,0.03615000000000001,0.036000000000000004,0.0007262919523166956,0.249,0.269,0.25465,0.251,0.008326313710160104,0.014,0.016,0.015200000000000002,0.015,0.0006000000000000002,32,32,2560,10240,51200,False,1200,1
0.032,0.042,0.04061904761904763,0.041,0.0019874892147342107,0.012,0.013000000000000001,0.012050000000000002,0.012,0.00021794494717703388,0.244,0.26,0.24529999999999993,0.244,0.0034510867853474827,0.026000000000000002,0.028,0.026850000000000006,0.027,0.0006538348415311003,0.082,0.08700000000000001,0.08275000000000002,0.083,0.0010897247358851695,0.278,0.296,0.28035000000000004,0.278,0.004497499305169473,0.035,0.037,0.035350000000000006,0.035,0.0006538348415310999,0.252,0.271,0.2549,0.253,0.005393514624064725,0.014,0.016,0.015000000000000003,0.015,0.0007071067811865476,32,32,2560,10240,51200,False,1184,1
0.031,0.042,0.0401904761904762,0.04,0.002217227947966251,0.012,0.013000000000000001,0.012150000000000003,0.012,0.0003570714214271428,0.209,0.217,0.2125,0.21,0.003398529093593289,0.025,0.026000000000000002,0.025350000000000004,0.025,0.00047696960070847314,0.08,0.084,0.08180000000000001,0.0815,0.0012083045973594582,0.275,0.28700000000000003,0.28150000000000003,0.28200000000000003,0.004477722635447626,0.034,0.036000000000000004,0.03515000000000001,0.035,0.0006538348415311016,0.249,0.26,0.25504999999999994,0.2555,0.004984726672546855,0.014,0.016,0.014600000000000002,0.014499999999999999,0.0006633249580710798,32,32,2560,10240,51200,False,1168,1
0.03,0.042,0.03976190476190477,0.04,0.00224467119036051,0.012,0.013000000000000001,0.012050000000000002,0.012,0.0002179449471770339,0.21,0.215,0.21454999999999996,0.215,0.0011169153951844349,0.024,0.026000000000000002,0.025350000000000004,0.025,0.0005722761571129803,0.081,0.083,0.0829,0.083,0.0004358898943540678,0.28800000000000003,0.296,0.2945999999999999,0.295,0.0015620499351813204,0.035,0.036000000000000004,0.03540000000000001,0.035,0.000489897948556636,0.253,0.261,0.26060000000000005,0.261,0.0017435595774162708,0.014,0.016,0.014450000000000001,0.014,0.0005894913061275795,32,32,2560,10240,51200,False,1152,1
0.03,0.041,0.038666666666666676,0.039,0.002007920823076954,0.012,0.013000000000000001,0.012050000000000002,0.012,0.00021794494717703388,0.20600000000000002,0.219,0.20695000000000002,0.20600000000000002,0.0028013389655662845,0.024,0.026000000000000002,0.024900000000000005,0.025,0.0005385164807134509,0.079,0.084,0.08025000000000002,0.08,0.0009420721840708395,0.28300000000000003,0.301,0.28575,0.28450000000000003,0.0041818058300212724,0.034,0.035,0.03415000000000001,0.034,0.00035707142142714284,0.248,0.265,0.251,0.25,0.004732863826479697,0.014,0.016,0.014150000000000001,0.014,0.00047696960070847276,32,32,2560,10240,51200,False,1136,1
0.03,0.04,0.038666666666666676,0.039,0.0019840634910475866,0.012,0.013000000000000001,0.012050000000000002,0.012,0.0002179449471770339,0.20700000000000002,0.211,0.20995,0.21,0.0009205976319760919,0.024,0.026000000000000002,0.025000000000000005,0.025,0.0003162277660168382,0.082,0.083,0.08240000000000001,0.082,0.0004898979485566361,0.28600000000000003,0.29,0.2887999999999999,0.289,0.000812403840463581,0.033,0.034,0.033900000000000007,0.034,0.0003000000000000003,0.249,0.255,0.25444999999999995,0.255,0.0013955285736952875,0.014,0.014,0.014000000000000002,0.014,1.734723475976807e-18,32,32,2560,10240,51200,False,1120,1
0.029,0.039,0.03742857142857144,0.038,0.0019897697538834454,0.012,0.012,0.012000000000000002,0.012,1.734723475976807e-18,0.20600000000000002,0.21,0.2077,0.20800000000000002,0.0012288205727444422,0.024,0.025,0.024550000000000006,0.025,0.0004974937185533105,0.08,0.081,0.08080000000000001,0.081,0.00040000000000000034,0.28400000000000003,0.28700000000000003,0.28535000000000005,0.28600000000000003,0.0010136567466356653,0.033,0.034,0.03305000000000001,0.033,0.00021794494717703385,0.249,0.253,0.2511,0.252,0.0013747727084867532,0.014,0.014,0.014000000000000002,0.014,1.734723475976807e-18,32,32,2560,10240,51200,False,1104,1
0.029,0.039,0.037238095238095244,0.038,0.0019248936125150226,0.011,0.012,0.011850000000000003,0.012,0.00035707142142714284,0.20600000000000002,0.211,0.20865,0.21,0.0018241436346954586,0.024,0.025,0.024550000000000006,0.025,0.0004974937185533105,0.073,0.074,0.07370000000000002,0.074,0.0004582575694955843,0.28400000000000003,0.29,0.28719999999999996,0.289,0.0022494443758403746,0.032,0.033,0.032850000000000004,0.033,0.00035707142142714284,0.251,0.256,0.25385,0.255,0.0016515144564913761,0.014,0.014,0.014000000000000002,0.014,1.734723475976807e-18,32,32,2560,10240,51200,False,1088,1
0.028,0.037,0.03623809523809525,0.037,0.0018999940326914285,0.011,0.012,0.011150000000000002,0.011,0.0003570714214271428,0.20600000000000002,0.21,0.20895000000000002,0.209,0.0007399324293474323,0.024,0.025,0.024300000000000006,0.024,0.00045825756949558437,0.073,0.074,0.07395,0.074,0.00021794494717703385,0.28700000000000003,0.28800000000000003,0.28770000000000007,0.28800000000000003,0.0004582575694955844,0.032,0.033,0.03255000000000001,0.033,0.0004974937185533104,0.255,0.255,0.255,0.255,0.0,0.014,0.014,0.014000000000000002,0.014,1.734723475976807e-18,32,32,2560,10240,51200,False,1072,1
0.028,0.038,0.03604761904761906,0.036000000000000004,0.001938978387762126,0.011,0.012,0.011200000000000002,0.011,0.00040000000000000034,0.20500000000000002,0.211,0.2083,0.21,0.002812472222085035,0.024,0.025,0.024250000000000004,0.024,0.00043301270189221973,0.073,0.075,0.07425,0.075,0.0008874119674649431,0.28200000000000003,0.291,0.2874500000000001,0.29,0.00374799946638201,0.031,0.032,0.03175000000000001,0.032,0.0004330127018922197,0.249,0.257,0.2535,0.2555,0.0033241540277189354,0.013000000000000001,0.014,0.013750000000000004,0.014,0.000433012701892219,32,32,2560,10240,51200,False,1056,1
0.028,0.037,0.03538095238095239,0.036000000000000004,0.0017855555485002548,0.011,0.012,0.011150000000000002,0.011,0.0003570714214271428,0.20400000000000001,0.215,0.2061,0.20500000000000002,0.0030479501308256288,0.023,0.025,0.023850000000000003,0.024,0.0005722761571129804,0.073,0.077,0.07364999999999998,0.073,0.0012359207094308285,0.28200000000000003,0.296,0.28480000000000005,0.28300000000000003,0.004478839135311723,0.031,0.032,0.031150000000000004,0.031,0.00035707142142714284,0.249,0.263,0.2514,0.249,0.00476864760702655,0.013000000000000001,0.014,0.013150000000000004,0.013000000000000001,0.0003570714214271422,32,32,2560,10240,51200,False,1040,1
0.028,0.038,0.03490476190476192,0.035,0.0018491893179950092,0.011,0.012,0.011150000000000002,0.011,0.0003570714214271428,0.17400000000000002,0.19,0.17734999999999998,0.1755,0.005082076347321041,0.022,0.023,0.022500000000000003,0.0225,0.0005000000000000004,0.075,0.08700000000000001,0.08245,0.083,0.002957617284234053,0.228,0.248,0.23355,0.231,0.006200604809210143,0.032,0.034,0.032900000000000006,0.033,0.0007681145747868616,0.234,0.302,0.28964999999999996,0.291,0.013569358864736382,0.013000000000000001,0.014,0.013250000000000003,0.013000000000000001,0.00043301270189221897,32,32,2560,10240,51200,False,1024,1
0.027,0.037,0.03490476190476192,0.035,0.0021581465130713637,0.011,0.012,0.011350000000000002,0.011,0.00047696960070847325,0.17200000000000001,0.186,0.17745,0.17400000000000002,0.005713799086422265,0.021,0.024,0.022050000000000004,0.022,0.0006689544080129824,0.081,0.08700000000000001,0.08405000000000001,0.083,0.0018020821290940113,0.226,0.242,0.23369999999999996,0.231,0.006075360071633608,0.031,0.036000000000000004,0.03270000000000001,0.033,0.0010049875621120899,0.228,0.298,0.28575,0.2925,0.019094174504282704,0.013000000000000001,0.015,0.013600000000000004,0.013500000000000002,0.0006633249580710795,32,32,2560,10240,51200,False,1016,1
0.027,0.037,0.03438095238095239,0.034,0.0018638462657886603,0.011,0.012,0.011150000000000002,0.011,0.0003570714214271428,0.17400000000000002,0.182,0.1766,0.176,0.002537715508089898,0.021,0.022,0.021750000000000002,0.022,0.0004330127018922182,0.069,0.08600000000000001,0.08135,0.0825,0.004871088174114691,0.229,0.23800000000000002,0.23220000000000005,0.2315,0.0028565713714171423,0.03,0.033,0.031650000000000005,0.032,0.0007262919523166983,0.23,0.294,0.27424999999999994,0.28700000000000003,0.023974726275809693,0.013000000000000001,0.014,0.013400000000000004,0.013000000000000001,0.0004898979485566352,32,32,2560,10240,51200,False,1008,1
0.027,0.036000000000000004,0.0351904761904762,0.036000000000000004,0.0018928197061287427,0.011,0.012,0.011350000000000002,0.011,0.00047696960070847314,0.179,0.181,0.1797,0.18,0.0006403124237432856,0.021,0.022,0.021500000000000002,0.0215,0.0004999999999999987,0.07,0.08600000000000001,0.08070000000000002,0.0825,0.005158488150611571,0.233,0.23700000000000002,0.23525000000000001,0.23500000000000001,0.0009937303457175906,0.031,0.032,0.031150000000000004,0.031,0.00035707142142714284,0.23700000000000002,0.293,0.27520000000000006,0.28600000000000003,0.0215976850611356,0.013000000000000001,0.014,0.013850000000000005,0.014,0.00035707142142714214,32,32,2560,10240,51200,False,1000,1
0.027,0.037,0.03542857142857144,0.036000000000000004,0.0019413159152990018,0.011,0.012,0.011700000000000002,0.012,0.0004582575694955844,0.17200000000000001,0.182,0.1799,0.181,0.0027367864366807946,0.021,0.023,0.021950000000000004,0.022,0.0006689544080129819,0.07100000000000001,0.08600000000000001,0.08175000000000002,0.0825,0.003793085815006035,0.229,0.23800000000000002,0.23640000000000008,0.23700000000000002,0.0021071307505705498,0.031,0.033,0.03135,0.031,0.0005722761571129803,0.20600000000000002,0.217,0.21300000000000002,0.2135,0.0024899799195977415,0.013000000000000001,0.014,0.013900000000000004,0.014,0.00029999999999999976,32,32,2560,10240,51200,False,992,1
0.026000000000000002,0.036000000000000004,0.03476190476190477,0.035,0.0020909046095333476,0.011,0.012,0.011250000000000001,0.011,0.00043301270189221973,0.171,0.184,0.17515000000000003,0.17300000000000001,0.005189171417480822,0.021,0.023,0.021800000000000003,0.022,0.0005999999999999991,0.079,0.088,0.08255,0.083,0.0020850659461993043,0.228,0.243,0.23335,0.231,0.005237127075028819,0.031,0.033,0.03175000000000001,0.032,0.0006982120021884478,0.20500000000000002,0.216,0.20945000000000005,0.20700000000000002,0.004364344166080389,0.014,0.014,0.014000000000000002,0.014,1.734723475976807e-18,32,32,2560,10240,51200,False,984,1
0.027,0.036000000000000004,0.03395238095238096,0.034,0.0016754868653103988,0.011,0.011,0.011000000000000001,0.011,1.734723475976807e-18,0.17500000000000002,0.178,0.17595,0.176,0.0006689544080129753,0.021,0.022,0.021500000000000002,0.0215,0.0004999999999999986,0.079,0.085,0.0819,0.082,0.001640121946685674,0.23,0.23500000000000001,0.23215000000000002,0.2325,0.0015256146302392369,0.03,0.031,0.030700000000000005,0.031,0.0004582575694955844,0.20700000000000002,0.21,0.20815,0.20800000000000002,0.0009096702699330015,0.012,0.014,0.013400000000000004,0.013000000000000001,0.0005830951894845297,32,32,2560,10240,51200,False,976,1
0.026000000000000002,0.035,0.03376190476190477,0.034,0.0019248936125150229,0.01,0.011,0.010700000000000001,0.011,0.00045825756949558367,0.17300000000000001,0.181,0.177,0.178,0.0026457513110645795,0.02,0.022,0.0211,0.021,0.0006244997998398391,0.07,0.085,0.0813,0.0815,0.003067572330035594,0.228,0.23800000000000002,0.23335,0.23450000000000001,0.0032599846625406105,0.029,0.032,0.030750000000000006,0.031,0.0009937303457175897,0.20500000000000002,0.214,0.21010000000000004,0.211,0.0031448370387032677,0.012,0.014,0.013250000000000003,0.013000000000000001,0.0005361902647381801,32,32,2560,10240,51200,False,968,1
0.026000000000000002,0.036000000000000004,0.03400000000000001,0.034,0.0019518001458970668,0.01,0.011,0.010600000000000002,0.011,0.0004898979485566354,0.17200000000000001,0.177,0.17435000000000003,0.17400000000000002,0.0016815171720800147,0.02,0.022,0.021,0.021,0.000707106781186547,0.078,0.083,0.08005000000000001,0.08,0.0013219304066402295,0.227,0.232,0.22955,0.229,0.0013219304066402298,0.029,0.031,0.030100000000000005,0.03,0.0006244997998398395,0.20500000000000002,0.211,0.20760000000000006,0.20750000000000002,0.0017146428199482152,0.012,0.015,0.013350000000000004,0.013000000000000001,0.0007262919523166972,32,32,2560,10240,51200,False,960,1
0.026000000000000002,0.034,0.033142857142857154,0.033,0.0016700645635000174,0.01,0.011,0.01055,0.011,0.0004974937185533095,0.17,0.17500000000000002,0.1732,0.17300000000000001,0.0012489995996796807,0.02,0.021,0.020600000000000004,0.021,0.0004898979485566361,0.076,0.079,0.07785,0.078,0.0007262919523166982,0.227,0.232,0.22890000000000005,0.229,0.0011357816691600557,0.029,0.032,0.030250000000000006,0.03,0.0006982120021884469,0.20400000000000001,0.21,0.2077,0.20800000000000002,0.0015198684153570588,0.012,0.014,0.013000000000000003,0.013000000000000001,0.00044721359549995795,32,32,2560,10240,51200,False,952,1
0.025,0.034,0.0321904761904762,0.032,0.0017625481450782618,0.01,0.011,0.010350000000000002,0.01,0.0004769696007084724,0.171,0.18,0.17445000000000005,0.17300000000000001,0.0030573681492420805,0.019,0.021,0.020300000000000006,0.02,0.0005567764362830027,0.075,0.081,0.07725000000000001,0.0765,0.0016695807857064016,0.226,0.23700000000000002,0.22940000000000005,0.2275,0.003679673898594823,0.029,0.03,0.029300000000000003,0.029,0.0004582575694955828,0.20400000000000001,0.214,0.20765000000000003,0.20550000000000002,0.0035252659474144556,0.012,0.014,0.012750000000000003,0.013000000000000001,0.0006982120021884473,32,32,2560,10240,51200,False,944,1
0.025,0.034,0.03200000000000001,0.032,0.0016903085094570334,0.01,0.011,0.010350000000000002,0.01,0.0004769696007084724,0.171,0.184,0.17405,0.17300000000000001,0.003570364127088434,0.019,0.022,0.020300000000000002,0.02,0.0008426149773176359,0.076,0.082,0.07750000000000001,0.077,0.001884144368141679,0.227,0.243,0.23080000000000003,0.229,0.004905099387372283,0.029,0.031,0.029550000000000003,0.0295,0.0005894913061275787,0.20400000000000001,0.219,0.20775000000000002,0.20600000000000002,0.0045263119645026625,0.012,0.014,0.012800000000000002,0.013000000000000001,0.0006782329983125269,32,32,2560,10240,51200,False,936,1
0.025,0.034,0.032238095238095246,0.032,0.0017969487870584011,0.01,0.011,0.010400000000000001,0.01,0.0004898979485566351,0.171,0.184,0.1746,0.17200000000000001,0.004586937976471879,0.019,0.023,0.0205,0.02,0.0008660254037844387,0.076,0.082,0.07835,0.078,0.001930673457630784,0.224,0.242,0.2304,0.228,0.005739337940912697,0.028,0.03,0.029200000000000004,0.029,0.0005999999999999992,0.20500000000000002,0.217,0.20900000000000002,0.20700000000000002,0.004785394445602152,0.012,0.014,0.013100000000000004,0.013000000000000001,0.0006244997998398398,32,32,2560,10240,51200,False,928,1
0.025,0.034,0.032380952380952385,0.033,0.00181202834194671,0.01,0.011,0.010600000000000002,0.011,0.0004898979485566354,0.17,0.181,0.17544999999999997,0.176,0.0040183952020676015,0.019,0.022,0.020200000000000003,0.02,0.0006000000000000001,0.075,0.08,0.0774,0.0775,0.0015620499351813324,0.225,0.23800000000000002,0.23150000000000004,0.23500000000000001,0.0049949974974968754,0.028,0.031,0.029100000000000004,0.029,0.00053851648071345,0.20500000000000002,0.214,0.20990000000000003,0.212,0.003819685850956846,0.012,0.013000000000000001,0.012700000000000003,0.013000000000000001,0.0004582575694955844,32,32,2560,10240,51200,False,920,1
0.025,0.034,0.032238095238095246,0.033,0.0017156079556811263,0.01,0.011,0.0102,0.01,0.0003999999999999996,0.17,0.17300000000000001,0.17154999999999998,0.17200000000000001,0.0006689544080129832,0.019,0.021,0.019650000000000004,0.02,0.0005722761571129804,0.074,0.081,0.07605,0.076,0.0014309088021254197,0.224,0.242,0.22664999999999996,0.225,0.0038376425054973506,0.027,0.03,0.028550000000000002,0.028,0.0008046738469715539,0.20400000000000001,0.218,0.20575000000000002,0.20500000000000002,0.0029304436524185177,0.012,0.013000000000000001,0.012250000000000002,0.012,0.0004330127018922198,32,32,2560,10240,51200,False,912,1
0.025,0.034,0.032142857142857154,0.032,0.0017261494247992248,0.01,0.011,0.010450000000000001,0.01,0.0004974937185533096,0.17200000000000001,0.176,0.17434999999999998,0.17500000000000002,0.0011521718621802864,0.019,0.02,0.019650000000000004,0.02,0.0004769696007084733,0.076,0.079,0.07685,0.076,0.0010136567466356656,0.226,0.23500000000000001,0.22985000000000003,0.23,0.0019045996954740927,0.028,0.03,0.028500000000000004,0.028,0.0005916079783099616,0.20500000000000002,0.21,0.20775000000000002,0.20800000000000002,0.0011779218989389675,0.012,0.014,0.012350000000000003,0.012,0.0005722761571129801,32,32,2560,10240,51200,False,904,1
0.024,0.032,0.031047619047619053,0.031,0.0016468206157895795,0.01,0.011,0.010100000000000001,0.01,0.00029999999999999976,0.159,0.161,0.15965,0.1595,0.0007262919523166982,0.019,0.021,0.019700000000000002,0.02,0.0006403124237432854,0.067,0.07200000000000001,0.0693,0.069,0.001268857754044953,0.212,0.219,0.21460000000000004,0.214,0.0020099751242241798,0.028,0.032,0.029950000000000004,0.03,0.0012835497652993434,0.20800000000000002,0.213,0.21039999999999998,0.21,0.0014966629547095735,0.012,0.013000000000000001,0.012050000000000002,0.012,0.0002179449471770339,32,32,2560,10240,51200,False,896,1
0.024,0.032,0.03090476190476191,0.031,0.0016007367918068202,0.01,0.011,0.01005,0.01,0.00021794494717703353,0.158,0.16,0.15894999999999998,0.159,0.0006689544080129832,0.019,0.02,0.019400000000000004,0.019,0.000489897948556636,0.067,0.07,0.06870000000000001,0.0685,0.0010049875621120899,0.212,0.218,0.21455000000000002,0.214,0.0017457090250096105,0.029,0.032,0.030450000000000005,0.031,0.0009205976319760984,0.209,0.214,0.21155,0.211,0.001243985530462474,0.012,0.012,0.012000000000000002,0.012,1.734723475976807e-18,32,32,2560,10240,51200,False,888,1
0.024,0.031,0.029571428571428575,0.03,0.0013652639225553756,0.01,0.01,0.010000000000000002,0.01,1.734723475976807e-18,0.159,0.16,0.15985000000000005,0.16,0.0003570714214271428,0.018000000000000002,0.02,0.018900000000000007,0.019,0.0005385164807134497,0.067,0.069,0.06785,0.068,0.0007262919523166982,0.213,0.216,0.21434999999999998,0.214,0.0007262919523166982,0.028,0.03,0.028850000000000004,0.029,0.0005722761571129797,0.20800000000000002,0.211,0.20900000000000002,0.209,0.0008366600265340663,0.012,0.012,0.012000000000000002,0.012,1.734723475976807e-18,32,32,2560,10240,51200,False,880,1
0.024,0.031,0.029857142857142863,0.03,0.001489190073439227,0.01,0.011,0.010400000000000001,0.01,0.0004898979485566351,0.158,0.165,0.16135000000000005,0.16,0.002174281490515892,0.018000000000000002,0.02,0.018900000000000007,0.019,0.000624499799839839,0.067,0.07100000000000001,0.06860000000000001,0.068,0.001280624847486571,0.212,0.225,0.2182,0.2185,0.003802630668366313,0.028,0.031,0.029150000000000002,0.029,0.0007262919523166969,0.209,0.218,0.2133,0.2115,0.0033331666624997944,0.011,0.012,0.011950000000000002,0.012,0.00021794494717703385,32,32,2560,10240,51200,False,872,1
0.024,0.031,0.02971428571428572,0.03,0.0014190156595953653,0.01,0.01,0.010000000000000002,0.01,1.734723475976807e-18,0.157,0.161,0.15925000000000003,0.1595,0.0012990381056766592,0.018000000000000002,0.021,0.019100000000000006,0.019,0.0006244997998398398,0.068,0.07200000000000001,0.06910000000000001,0.069,0.0011789826122551605,0.211,0.218,0.21465000000000006,0.215,0.0018241436346954718,0.028,0.032,0.029400000000000003,0.029,0.001113552872566004,0.209,0.215,0.21149999999999997,0.211,0.0016583123951777014,0.011,0.012,0.011900000000000003,0.012,0.00030000000000000024,32,32,2560,10240,51200,False,864,1
0.023,0.03,0.028809523809523813,0.029,0.001401327520910682,0.01,0.01,0.010000000000000002,0.01,1.734723475976807e-18,0.156,0.159,0.15764999999999998,0.158,0.0007262919523166979,0.017,0.019,0.018250000000000006,0.018000000000000002,0.0005361902647381794,0.066,0.07100000000000001,0.0683,0.068,0.001228820572744452,0.21,0.215,0.21155000000000004,0.211,0.0013592277219068199,0.027,0.03,0.028250000000000004,0.028,0.0009420721840708385,0.20800000000000002,0.212,0.20994999999999994,0.21,0.0009733961166965874,0.011,0.012,0.011950000000000002,0.012,0.00021794494717703385,32,32,2560,10240,51200,False,856,1
0.023,0.03,0.02828571428571429,0.028,0.001314492737318311,0.009000000000000001,0.01,0.009950000000000004,0.01,0.00021794494717703353,0.158,0.163,0.15934999999999996,0.159,0.0011521718621802922,0.017,0.019,0.018000000000000006,0.018000000000000002,0.00031622776601683767,0.067,0.069,0.0677,0.067,0.0008426149773176366,0.211,0.219,0.2131,0.213,0.001786057109949177,0.026000000000000002,0.029,0.027450000000000002,0.027,0.0006689544080129828,0.20600000000000002,0.216,0.20895000000000002,0.20850000000000002,0.0023764469276632227,0.011,0.012,0.011800000000000001,0.012,0.00040000000000000034,32,32,2560,10240,51200,False,848,1
0.023,0.03,0.02828571428571429,0.028,0.001314492737318311,0.01,0.01,0.010000000000000002,0.01,1.734723475976807e-18,0.158,0.162,0.16015000000000004,0.16,0.0007921489758877438,0.018000000000000002,0.02,0.018550000000000004,0.018500000000000003,0.0005894913061275787,0.067,0.069,0.06760000000000001,0.0675,0.0006633249580710806,0.214,0.218,0.21565000000000004,0.2155,0.0011947803145348531,0.027,0.03,0.028100000000000003,0.028,0.0005385164807134503,0.20800000000000002,0.211,0.21014999999999998,0.21,0.0007921489758877399,0.011,0.012,0.011750000000000002,0.012,0.0004330127018922198,32,32,2560,10240,51200,False,840,1
0.023,0.03,0.02828571428571429,0.028,0.001314492737318311,0.01,0.01,0.010000000000000002,0.01,1.734723475976807e-18,0.157,0.159,0.15789999999999998,0.158,0.0006244997998398404,0.016,0.019,0.017300000000000003,0.017,0.000640312423743285,0.056,0.06,0.0581,0.058,0.001135781669160054,0.212,0.219,0.21484999999999999,0.215,0.0016815171720800251,0.026000000000000002,0.03,0.02755000000000001,0.027,0.0011169153951844338,0.20700000000000002,0.21,0.20855,0.20850000000000002,0.0008645808232895178,0.011,0.012,0.011400000000000002,0.011,0.000489897948556636,32,32,2560,10240,51200,False,832,1
0.023,0.03,0.02847619047619048,0.029,0.0013669238185149834,0.01,0.01,0.010000000000000002,0.01,1.734723475976807e-18,0.155,0.163,0.15719999999999995,0.156,0.0024819347291981735,0.017,0.018000000000000002,0.017350000000000004,0.017,0.00047696960070847314,0.056,0.059000000000000004,0.057699999999999994,0.058,0.0007810249675906662,0.21,0.22,0.21415,0.2135,0.00290301567339896,0.026000000000000002,0.029,0.027100000000000006,0.027,0.0008888194417315585,0.20600000000000002,0.218,0.20990000000000003,0.20800000000000002,0.003935733730830879,0.011,0.012,0.011250000000000001,0.011,0.00043301270189221973,32,32,2560,10240,51200,False,824,1
0.022,0.029,0.027666666666666676,0.028,0.0013569339855976198,0.01,0.01,0.010000000000000002,0.01,1.734723475976807e-18,0.159,0.161,0.15985000000000002,0.16,0.0006538348415311016,0.016,0.018000000000000002,0.017050000000000003,0.017,0.0003840572873934307,0.056,0.059000000000000004,0.05750000000000001,0.0575,0.0006708203932499376,0.213,0.219,0.21515000000000004,0.215,0.0014239030865898154,0.025,0.027,0.025950000000000008,0.026000000000000002,0.0005894913061275794,0.20700000000000002,0.21,0.20855,0.209,0.0009205976319760873,0.011,0.012,0.011200000000000002,0.011,0.00040000000000000034,32,32,2560,10240,51200,False,816,1
0.022,0.029,0.027142857142857153,0.027,0.0012830660557435702,0.009000000000000001,0.01,0.009950000000000004,0.01,0.00021794494717703353,0.158,0.163,0.15939999999999996,0.159,0.0018000000000000015,0.016,0.018000000000000002,0.017200000000000003,0.017,0.000509901951359279,0.057,0.058,0.05750000000000001,0.0575,0.0005000000000000004,0.213,0.225,0.21749999999999997,0.217,0.003570714214271428,0.025,0.027,0.026000000000000006,0.026000000000000002,0.0007071067811865469,0.20600000000000002,0.216,0.20929999999999999,0.20700000000000002,0.0036069377593742776,0.011,0.012,0.011350000000000002,0.011,0.0004769696007084732,32,32,2560,10240,51200,False,808,1
0.022,0.029,0.027666666666666676,0.028,0.0013915846853526153,0.01,0.01,0.010000000000000002,0.01,1.734723475976807e-18,0.157,0.161,0.159,0.158,0.0016124515496597116,0.016,0.018000000000000002,0.017150000000000006,0.017,0.0005722761571129803,0.056,0.06,0.05825,0.058,0.001089724735885168,0.213,0.221,0.21639999999999998,0.2165,0.0027459060435491988,0.025,0.028,0.026350000000000005,0.026000000000000002,0.0007262919523166967,0.20500000000000002,0.216,0.21020000000000003,0.20850000000000002,0.0037629775444453467,0.011,0.012,0.011400000000000002,0.011,0.000489897948556636,32,32,2560,10240,51200,False,800,1
0.022,0.028,0.02676190476190477,0.027,0.0011086139739831258,0.01,0.01,0.010000000000000002,0.01,1.734723475976807e-18,0.155,0.158,0.15645,0.157,0.0008046738469715547,0.016,0.018000000000000002,0.016950000000000003,0.017,0.0005894913061275802,0.056,0.06,0.05715,0.057,0.0009096702699330122,0.211,0.216,0.2133,0.213,0.0015842979517754871,0.025,0.028,0.026000000000000006,0.026000000000000002,0.0008944271909999153,0.20600000000000002,0.211,0.20785,0.20750000000000002,0.0011947803145348432,0.011,0.012,0.01105,0.011,0.0002179449471770339,32,32,2560,10240,51200,False,792,1
0.022,0.028,0.02676190476190477,0.027,0.0011507662831994833,0.009000000000000001,0.01,0.009950000000000004,0.01,0.00021794494717703353,0.158,0.159,0.15884999999999996,0.159,0.0003570714214271428,0.016,0.017,0.016200000000000003,0.016,0.00040000000000000034,0.062,0.064,0.06299999999999999,0.063,0.0006324555320336764,0.212,0.217,0.21425,0.214,0.0012599603168354165,0.023,0.027,0.024700000000000007,0.025,0.0009000000000000003,0.20600000000000002,0.211,0.20790000000000006,0.20800000000000002,0.001178982612255152,0.01,0.011,0.010950000000000001,0.011,0.00021794494717703347,32,32,2560,10240,51200,False,784,1
0.021,0.028,0.026619047619047626,0.027,0.0013964645998681116,0.009000000000000001,0.01,0.009950000000000004,0.01,0.00021794494717703353,0.157,0.162,0.15850000000000003,0.158,0.0016278820596099719,0.016,0.018000000000000002,0.016500000000000004,0.016,0.0005916079783099621,0.062,0.065,0.0631,0.0625,0.0012206555615733713,0.21,0.218,0.2141,0.2135,0.0023853720883753146,0.023,0.026000000000000002,0.024450000000000006,0.0245,0.0007399324293474377,0.20500000000000002,0.213,0.20865,0.20800000000000002,0.0029542342493444796,0.01,0.011,0.010900000000000002,0.011,0.00029999999999999976,32,32,2560,10240,51200,False,776,1
0.021,0.029,0.026619047619047626,0.027,0.0015267828135125134,0.009000000000000001,0.01,0.009800000000000003,0.01,0.0003999999999999997,0.14,0.14300000000000002,0.14089999999999997,0.14100000000000001,0.001044030650891056,0.016,0.017,0.016550000000000002,0.017,0.0004974937185533105,0.061,0.064,0.0624,0.062,0.0008602325267042635,0.177,0.184,0.17955000000000002,0.179,0.001564448784716203,0.023,0.027,0.025350000000000004,0.025,0.0010618380290797651,0.17400000000000002,0.181,0.17744999999999994,0.178,0.001687453703068615,0.011,0.012,0.011400000000000002,0.011,0.000489897948556636,32,32,2560,10240,51200,False,768,1
0.021,0.028,0.02633333333333334,0.026000000000000002,0.0014253932901995962,0.009000000000000001,0.01,0.009700000000000004,0.01,0.00045825756949558356,0.139,0.14100000000000001,0.14010000000000003,0.14,0.0007000000000000006,0.016,0.017,0.016400000000000005,0.016,0.000489897948556636,0.06,0.063,0.061649999999999996,0.062,0.0007921489758877436,0.176,0.181,0.17885,0.179,0.0013518505834595788,0.024,0.026000000000000002,0.025050000000000006,0.025,0.0007399324293474377,0.17400000000000002,0.178,0.17664999999999997,0.177,0.0012757350822172984,0.01,0.012,0.011200000000000002,0.011,0.0006000000000000002,32,32,2560,10240,51200,False,760,1
0.021,0.027,0.02533333333333334,0.025,0.001168366109179552,0.009000000000000001,0.01,0.009050000000000002,0.009000000000000001,0.00021794494717703353,0.14,0.14300000000000002,0.14189999999999997,0.14200000000000002,0.0005385164807134509,0.016,0.017,0.016700000000000003,0.017,0.0004582575694955844,0.061,0.064,0.06235,0.062,0.0007262919523166982,0.18,0.183,0.1809,0.181,0.0008888194417315598,0.023,0.026000000000000002,0.024500000000000004,0.024,0.0008062257748298558,0.17500000000000002,0.181,0.17685,0.177,0.001388344337691476,0.01,0.011,0.010750000000000001,0.011,0.00043301270189221897,32,32,2560,10240,51200,False,752,1
0.021,0.026000000000000002,0.025380952380952386,0.026000000000000002,0.0010900498230723428,0.009000000000000001,0.01,0.009150000000000002,0.009000000000000001,0.0003570714214271422,0.14,0.145,0.14175000000000001,0.14100000000000001,0.0014790199457749022,0.016,0.018000000000000002,0.016350000000000003,0.016,0.0005722761571129803,0.061,0.063,0.061999999999999986,0.062,0.0008944271909999167,0.178,0.184,0.18005,0.1795,0.001856744462762716,0.023,0.026000000000000002,0.023800000000000005,0.023,0.001029563014098701,0.17300000000000001,0.182,0.17670000000000002,0.17500000000000002,0.002570992026436478,0.01,0.011,0.010450000000000001,0.01,0.0004974937185533096,32,32,2560,10240,51200,False,744,1
0.021,0.028,0.025857142857142863,0.026000000000000002,0.0013552618543578763,0.009000000000000001,0.01,0.009200000000000003,0.009000000000000001,0.0003999999999999997,0.139,0.14100000000000001,0.14,0.14,0.0007071067811865482,0.016,0.017,0.016200000000000003,0.016,0.00040000000000000034,0.06,0.062,0.0613,0.061,0.0007141428428542856,0.177,0.18,0.17804999999999999,0.178,0.001023474474522937,0.023,0.026000000000000002,0.024300000000000006,0.024,0.0007810249675906661,0.17400000000000002,0.179,0.17615,0.176,0.0011079259903080108,0.01,0.012,0.010950000000000001,0.011,0.0007399324293474372,32,32,2560,10240,51200,False,736,1
0.02,0.028,0.025428571428571436,0.025,0.001466171839841967,0.009000000000000001,0.01,0.009250000000000003,0.009000000000000001,0.00043301270189221897,0.138,0.14,0.13930000000000003,0.139,0.0007141428428542856,0.015,0.017,0.016050000000000002,0.016,0.0004974937185533105,0.06,0.065,0.06124999999999999,0.061,0.0010897247358851695,0.17500000000000002,0.179,0.177,0.177,0.000999999999999998,0.022,0.025,0.023800000000000005,0.024,0.0008124038404635967,0.17300000000000001,0.179,0.1751,0.17500000000000002,0.001670329308848997,0.01,0.012,0.011000000000000001,0.011,0.0008366600265340757,32,32,2560,10240,51200,False,728,1
0.02,0.027,0.024809523809523816,0.025,0.0013669238185149836,0.009000000000000001,0.01,0.009150000000000002,0.009000000000000001,0.00035707142142714214,0.14,0.14100000000000001,0.14015000000000005,0.14,0.0003570714214271428,0.016,0.017,0.016050000000000002,0.016,0.0002179449471770339,0.061,0.062,0.0611,0.061,0.00030000000000000024,0.177,0.179,0.1779,0.178,0.00043588989435406776,0.022,0.023,0.022650000000000003,0.023,0.0004769696007084733,0.17300000000000001,0.176,0.17405,0.17400000000000002,0.0009205976319760934,0.01,0.012,0.0105,0.01,0.0006708203932499369,32,32,2560,10240,51200,False,720,1
0.02,0.026000000000000002,0.02476190476190477,0.025,0.0012688488185213552,0.009000000000000001,0.01,0.009050000000000002,0.009000000000000001,0.00021794494717703353,0.139,0.14100000000000001,0.14010000000000006,0.14,0.0005385164807134509,0.015,0.016,0.015850000000000003,0.016,0.00035707142142714284,0.06,0.062,0.06094999999999999,0.061,0.0004974937185533105,0.177,0.182,0.17865,0.1785,0.0010136567466356656,0.023,0.024,0.023300000000000005,0.023,0.0004582575694955844,0.17300000000000001,0.177,0.175,0.17500000000000002,0.0011832159566199138,0.01,0.012,0.010600000000000002,0.010499999999999999,0.0006633249580710798,32,32,2560,10240,51200,False,712,1
0.02,0.027,0.025238095238095243,0.025,0.001376841170933425,0.009000000000000001,0.01,0.009250000000000003,0.009000000000000001,0.00043301270189221897,0.138,0.139,0.1387,0.139,0.0004582575694955844,0.015,0.017,0.015900000000000004,0.016,0.0004358898943540677,0.06,0.063,0.0608,0.061,0.0008717797887081355,0.176,0.18,0.17704999999999999,0.177,0.0009733961166965902,0.022,0.026000000000000002,0.023300000000000005,0.023,0.0009539392014169465,0.17200000000000001,0.179,0.17395,0.17400000000000002,0.0013955285736952825,0.01,0.012,0.010750000000000001,0.011,0.0006224949798994364,32,32,2560,10240,51200,False,704,1
0.02,0.026000000000000002,0.024380952380952385,0.024,0.0011741740958036149,0.009000000000000001,0.01,0.009050000000000002,0.009000000000000001,0.00021794494717703353,0.137,0.139,0.13799999999999998,0.138,0.0003162277660168382,0.015,0.017,0.015950000000000002,0.016,0.0004974937185533103,0.059000000000000004,0.062,0.06020000000000001,0.06,0.0008124038404635952,0.17300000000000001,0.176,0.17439999999999997,0.17400000000000002,0.0007348469228349511,0.021,0.024,0.022250000000000002,0.022,0.0008291561975888499,0.17,0.17500000000000002,0.17270000000000002,0.17250000000000001,0.0014525839046333963,0.01,0.011,0.010150000000000001,0.01,0.00035707142142714214,32,32,2560,10240,51200,False,696,1
0.019,0.025,0.024238095238095243,0.024,0.0012688488185213554,0.009000000000000001,0.01,0.009100000000000002,0.009000000000000001,0.00029999999999999976,0.139,0.14,0.13920000000000005,0.139,0.0004000000000000004,0.015,0.016,0.015550000000000003,0.016,0.0004974937185533105,0.06,0.061,0.06015,0.06,0.00035707142142714284,0.176,0.179,0.17725,0.177,0.0008291561975888507,0.021,0.024,0.022400000000000003,0.022,0.0006633249580710802,0.17200000000000001,0.17500000000000002,0.17385,0.17400000000000002,0.0008529361054615998,0.01,0.011,0.0105,0.010499999999999999,0.0004999999999999996,32,32,2560,10240,51200,False,688,1
0.019,0.024,0.023571428571428577,0.024,0.0010942024088643866,0.009000000000000001,0.01,0.009150000000000002,0.009000000000000001,0.00035707142142714214,0.138,0.14,0.13875,0.139,0.0005361902647381809,0.015,0.016,0.015200000000000002,0.015,0.00040000000000000034,0.06,0.061,0.06015,0.06,0.0003570714214271428,0.176,0.178,0.17665000000000003,0.177,0.0006538348415311016,0.021,0.023,0.022050000000000004,0.022,0.0003840572873934303,0.17200000000000001,0.17500000000000002,0.1735,0.17350000000000002,0.0006708203932499375,0.01,0.011,0.010150000000000001,0.01,0.00035707142142714214,32,32,2560,10240,51200,False,680,1
0.019,0.024,0.022809523809523814,0.023,0.000957131011535323,0.009000000000000001,0.01,0.009050000000000002,0.009000000000000001,0.00021794494717703353,0.137,0.14,0.13825,0.138,0.0006982120021884477,0.014,0.016,0.015050000000000003,0.015,0.00038405728739343055,0.059000000000000004,0.062,0.060250000000000005,0.06,0.0007664854858377941,0.17500000000000002,0.179,0.176,0.176,0.001264911064067343,0.021,0.024,0.021750000000000002,0.022,0.0007664854858377938,0.171,0.176,0.17285000000000003,0.17200000000000001,0.0014585952145814746,0.01,0.01,0.010000000000000002,0.01,1.734723475976807e-18,32,32,2560,10240,51200,False,672,1
0.019,0.024,0.0230952380952381,0.023,0.0011086139739831253,0.009000000000000001,0.009000000000000001,0.009000000000000003,0.009000000000000001,1.734723475976807e-18,0.135,0.138,0.1364,0.1365,0.0009165151389911689,0.015,0.016,0.015150000000000002,0.015,0.0003570714214271428,0.059000000000000004,0.06,0.0596,0.06,0.0004898979485566328,0.17300000000000001,0.17500000000000002,0.17370000000000002,0.17400000000000002,0.0006403124237432854,0.021,0.022,0.02125,0.021,0.00043301270189221826,0.169,0.17500000000000002,0.17215,0.17200000000000001,0.0015580436450882897,0.01,0.011,0.01005,0.01,0.00021794494717703353,32,32,2560,10240,51200,False,664,1
0.019,0.024,0.02285714285714286,0.023,0.0009404008408634049,0.009000000000000001,0.009000000000000001,0.009000000000000003,0.009000000000000001,1.734723475976807e-18,0.136,0.139,0.13765,0.138,0.0007921489758877436,0.014,0.016,0.014900000000000002,0.015,0.0004358898943540672,0.06,0.061,0.06010000000000001,0.06,0.0003000000000000003,0.17500000000000002,0.177,0.17585,0.176,0.0007921489758877318,0.02,0.023,0.0211,0.021,0.0009949874371066195,0.17,0.17500000000000002,0.1723,0.17250000000000001,0.0013453624047073723,0.01,0.01,0.010000000000000002,0.01,1.734723475976807e-18,32,32,2560,10240,51200,False,656,1
0.018000000000000002,0.024,0.02285714285714286,0.023,0.001283066055743569,0.009000000000000001,0.009000000000000001,0.009000000000000003,0.009000000000000001,1.734723475976807e-18,0.137,0.139,0.1379,0.138,0.0007681145747868615,0.014,0.016,0.014950000000000001,0.015,0.0004974937185533098,0.059000000000000004,0.06,0.059800000000000006,0.06,0.0003999999999999976,0.17400000000000002,0.178,0.17565000000000003,0.17500000000000002,0.001061838029079754,0.02,0.022,0.020950000000000003,0.021,0.0008046738469715534,0.17,0.17500000000000002,0.17265000000000003,0.17300000000000001,0.0012359207094308285,0.01,0.01,0.010000000000000002,0.01,1.734723475976807e-18,32,32,2560,10240,51200,False,648,1
0.018000000000000002,0.022,0.02166666666666667,0.022,0.0008908708063747471,0.009000000000000001,0.009000000000000001,0.009000000000000003,0.009000000000000001,1.734723475976807e-18,0.12,0.122,0.121,0.121,0.0008366600265340764,0.014,0.015,0.014050000000000002,0.014,0.00021794494717703353,0.043000000000000003,0.044,0.04390000000000001,0.044,0.0002999999999999982,0.14,0.14100000000000001,0.14040000000000002,0.14,0.0004898979485566361,0.019,0.019,0.019000000000000003,0.019,3.469446951953614e-18,0.13,0.135,0.13225000000000003,0.132,0.0014448183276799904,0.009000000000000001,0.01,0.009850000000000003,0.01,0.0003570714214271422,32,32,2560,10240,51200,False,640,1
0.018000000000000002,0.023,0.02152380952380953,0.022,0.0009571310115353218,0.008,0.009000000000000001,0.008950000000000003,0.009000000000000001,0.00021794494717703385,0.11900000000000001,0.121,0.11995000000000003,0.12,0.0008046738469715491,0.014,0.015,0.014250000000000002,0.014,0.00043301270189221897,0.043000000000000003,0.047,0.043750000000000004,0.044,0.000942072184070837,0.139,0.14100000000000001,0.14,0.14,0.0005477225575051667,0.018000000000000002,0.02,0.018950000000000005,0.019,0.0003840572873934299,0.129,0.134,0.13209999999999997,0.1325,0.0016703293088490081,0.009000000000000001,0.01,0.009850000000000003,0.01,0.00035707142142714224,32,32,2560,10240,51200,False,632,1
0.018000000000000002,0.022,0.02123809523809524,0.021,0.0008676603408708846,0.009000000000000001,0.009000000000000001,0.009000000000000003,0.009000000000000001,1.734723475976807e-18,0.12,0.122,0.12109999999999999,0.121,0.0006244997998398404,0.013000000000000001,0.014,0.013900000000000001,0.014,0.00029999999999999976,0.043000000000000003,0.044,0.04335000000000001,0.043000000000000003,0.0004769696007084699,0.14,0.14100000000000001,0.14025000000000004,0.14,0.0004330127018922197,0.018000000000000002,0.019,0.018400000000000007,0.018000000000000002,0.0004898979485566343,0.129,0.132,0.13055,0.1305,0.00086458082328953,0.009000000000000001,0.01,0.009550000000000003,0.01,0.0004974937185533095,32,32,2560,10240,51200,False,624,1
0.018000000000000002,0.023,0.021761904761904767,0.022,0.0009209085526577952,0.009000000000000001,0.009000000000000001,0.009000000000000003,0.009000000000000001,1.734723475976807e-18,0.12,0.122,0.12065000000000001,0.121,0.0005722761571129803,0.013000000000000001,0.015,0.013750000000000004,0.014,0.0005361902647381799,0.038,0.039,0.038400000000000004,0.038,0.000489897948556636,0.14,0.14100000000000001,0.1405,0.1405,0.0005000000000000004,0.018000000000000002,0.019,0.018300000000000004,0.018000000000000002,0.0004582575694955828,0.129,0.135,0.13175,0.1315,0.0014790199457749055,0.009000000000000001,0.01,0.009150000000000002,0.009000000000000001,0.00035707142142714214,32,32,2560,10240,51200,False,616,1
0.017,0.022,0.02104761904761905,0.021,0.000998865569685858,0.008,0.009000000000000001,0.008900000000000002,0.009000000000000001,0.0003000000000000003,0.11800000000000001,0.121,0.11965000000000003,0.12,0.0007262919523166923,0.013000000000000001,0.015,0.013950000000000004,0.014,0.00038405728739343006,0.038,0.039,0.038400000000000004,0.038,0.000489897948556636,0.14,0.14100000000000001,0.14065000000000003,0.14100000000000001,0.0004769696007084732,0.018000000000000002,0.019,0.018250000000000006,0.018000000000000002,0.0004330127018922182,0.129,0.136,0.13225,0.132,0.0020463381929681146,0.009000000000000001,0.01,0.009150000000000002,0.009000000000000001,0.0003570714214271422,32,32,2560,10240,51200,False,608,1
0.017,0.021,0.020619047619047627,0.021,0.0008984743935292006,0.008,0.009000000000000001,0.008900000000000002,0.009000000000000001,0.0003000000000000003,0.11800000000000001,0.12,0.11875,0.11900000000000001,0.0006982120021884439,0.013000000000000001,0.014,0.013700000000000004,0.014,0.0004582575694955836,0.038,0.039,0.03805000000000001,0.038,0.00021794494717703385,0.139,0.14,0.13970000000000002,0.14,0.00045825756949558437,0.018000000000000002,0.018000000000000002,0.018000000000000006,0.018000000000000002,3.469446951953614e-18,0.129,0.134,0.13125,0.131,0.0016085707942145426,0.009000000000000001,0.01,0.009100000000000002,0.009000000000000001,0.00029999999999999976,32,32,2560,10240,51200,False,600,1
0.017,0.021,0.020047619047619054,0.02,0.000785353452498602,0.008,0.009000000000000001,0.008800000000000002,0.009000000000000001,0.00040000000000000034,0.11900000000000001,0.121,0.12000000000000002,0.12,0.0006324555320336721,0.013000000000000001,0.015,0.013650000000000004,0.014,0.0005722761571129795,0.038,0.039,0.038200000000000005,0.038,0.0004000000000000003,0.14,0.14100000000000001,0.14040000000000002,0.14,0.0004898979485566361,0.017,0.019,0.017800000000000003,0.018000000000000002,0.0005099019513592786,0.129,0.134,0.13115000000000002,0.131,0.0012359207094308285,0.009000000000000001,0.01,0.009050000000000002,0.009000000000000001,0.00021794494717703353,32,32,2560,10240,51200,False,592,1
0.017,0.021,0.020333333333333342,0.02,0.0008908708063747481,0.009000000000000001,0.009000000000000001,0.009000000000000003,0.009000000000000001,1.734723475976807e-18,0.11,0.111,0.11045000000000002,0.11,0.0004974937185533104,0.014,0.015,0.014650000000000002,0.015,0.0004769696007084724,0.038,0.039,0.03835000000000001,0.038,0.0004769696007084732,0.14,0.14200000000000002,0.14100000000000001,0.14100000000000001,0.0005477225575051667,0.017,0.018000000000000002,0.017800000000000003,0.018000000000000002,0.00040000000000000034,0.13,0.136,0.13255,0.1325,0.0014654350889752856,0.009000000000000001,0.01,0.009050000000000002,0.009000000000000001,0.00021794494717703353,32,32,2560,10240,51200,False,584,1
0.017,0.021,0.020000000000000007,0.02,0.0007559289460184545,0.009000000000000001,0.009000000000000001,0.009000000000000003,0.009000000000000001,1.734723475976807e-18,0.109,0.11,0.10985,0.11,0.0003570714214271428,0.014,0.015,0.014300000000000002,0.014,0.00045825756949558356,0.043000000000000003,0.044,0.043500000000000004,0.0435,0.0004999999999999969,0.14,0.14100000000000001,0.14020000000000005,0.14,0.00040000000000000034,0.017,0.018000000000000002,0.017200000000000003,0.017,0.00040000000000000034,0.13,0.134,0.1316,0.131,0.001200000000000001,0.009000000000000001,0.009000000000000001,0.009000000000000003,0.009000000000000001,1.734723475976807e-18,32,32,2560,10240,51200,False,576,1
0.016,0.021,0.019857142857142865,0.02,0.0008883218145798875,0.008,0.009000000000000001,0.008700000000000003,0.009000000000000001,0.0004582575694955844,0.108,0.109,0.10815000000000001,0.108,0.0003570714214271428,0.014,0.015,0.014100000000000001,0.014,0.00029999999999999976,0.043000000000000003,0.043000000000000003,0.04300000000000001,0.043000000000000003,6.938893903907228e-18,0.139,0.14,0.13940000000000002,0.139,0.0004898979485566361,0.017,0.018000000000000002,0.017200000000000003,0.017,0.00040000000000000034,0.129,0.133,0.13085,0.131,0.0011521718621802922,0.009000000000000001,0.009000000000000001,0.009000000000000003,0.009000000000000001,1.734723475976807e-18,32,32,2560,10240,51200,False,568,1
0.016,0.021,0.019857142857142865,0.02,0.0008883218145798875,0.008,0.009000000000000001,0.008600000000000002,0.009000000000000001,0.000489897948556636,0.11,0.111,0.11080000000000001,0.111,0.00040000000000000034,0.013000000000000001,0.014,0.013800000000000003,0.014,0.0003999999999999997,0.043000000000000003,0.043000000000000003,0.04300000000000001,0.043000000000000003,6.938893903907228e-18,0.139,0.14,0.13980000000000004,0.14,0.0004000000000000003,0.016,0.017,0.016900000000000005,0.017,0.0003000000000000003,0.128,0.132,0.1298,0.129,0.001400000000000001,0.009000000000000001,0.009000000000000001,0.009000000000000003,0.009000000000000001,1.734723475976807e-18,32,32,2560,10240,51200,False,560,1
0.016,0.02,0.01914285714285715,0.019,0.0008329931278350432,0.008,0.009000000000000001,0.008350000000000002,0.008,0.00047696960070847325,0.109,0.11,0.10905000000000001,0.109,0.00021794494717703385,0.013000000000000001,0.015,0.013900000000000004,0.014,0.00043588989435406695,0.043000000000000003,0.043000000000000003,0.04300000000000001,0.043000000000000003,6.938893903907228e-18,0.139,0.14100000000000001,0.14005000000000004,0.14,0.0003840572873934307,0.016,0.017,0.016550000000000002,0.017,0.0004974937185533105,0.129,0.135,0.13120000000000004,0.1315,0.0019390719429665333,0.008,0.009000000000000001,0.008900000000000002,0.009000000000000001,0.0003000000000000003,32,32,2560,10240,51200,False,552,1
0.016,0.02,0.01890476190476191,0.019,0.0006834619092574917,0.008,0.009000000000000001,0.008050000000000002,0.008,0.00021794494717703388,0.107,0.108,0.10735000000000001,0.107,0.0004769696007084733,0.013000000000000001,0.015,0.014000000000000002,0.014,0.0003162277660168377,0.043000000000000003,0.043000000000000003,0.04300000000000001,0.043000000000000003,6.938893903907228e-18,0.135,0.136,0.1356,0.136,0.000489897948556636,0.017,0.018000000000000002,0.017050000000000003,0.017,0.0002179449471770339,0.131,0.135,0.13235000000000002,0.132,0.001061838029079766,0.008,0.009000000000000001,0.008750000000000003,0.009000000000000001,0.0004330127018922198,32,32,2560,10240,51200,False,544,1
0.016,0.02,0.01895238095238096,0.019,0.0007221786137191953,0.008,0.008,0.008000000000000002,0.008,1.734723475976807e-18,0.106,0.107,0.10605,0.106,0.00021794494717703385,0.013000000000000001,0.014,0.013850000000000005,0.014,0.00035707142142714214,0.043000000000000003,0.043000000000000003,0.04300000000000001,0.043000000000000003,6.938893903907228e-18,0.133,0.134,0.1336,0.134,0.0004898979485566361,0.016,0.017,0.016950000000000003,0.017,0.00021794494717703385,0.13,0.137,0.13344999999999999,0.134,0.002312466215969437,0.008,0.009000000000000001,0.008950000000000003,0.009000000000000001,0.00021794494717703385,32,32,2560,10240,51200,False,536,1
0.015,0.02,0.01890476190476191,0.019,0.0009712418121129115,0.008,0.008,0.008000000000000002,0.008,1.734723475976807e-18,0.108,0.109,0.1083,0.108,0.0004582575694955844,0.013000000000000001,0.015,0.013650000000000004,0.014,0.0006538348415311004,0.042,0.043000000000000003,0.04295000000000001,0.043000000000000003,0.00021794494717703385,0.136,0.138,0.13705,0.137,0.00038405728739343076,0.016,0.017,0.016300000000000002,0.016,0.0004582575694955844,0.128,0.133,0.1302,0.13,0.0011224972160321835,0.008,0.009000000000000001,0.008400000000000001,0.008,0.0004898979485566361,32,32,2560,10240,51200,False,528,1
0.015,0.02,0.018761904761904768,0.019,0.000920908552657796,0.008,0.009000000000000001,0.008250000000000002,0.008,0.0004330127018922198,0.107,0.108,0.10710000000000001,0.107,0.00030000000000000024,0.013000000000000001,0.014,0.013550000000000003,0.014,0.0004974937185533095,0.043000000000000003,0.044,0.04305000000000001,0.043000000000000003,0.00021794494717703236,0.135,0.136,0.13525,0.135,0.00043301270189221973,0.016,0.017,0.016200000000000003,0.016,0.00040000000000000034,0.13,0.134,0.13140000000000002,0.131,0.0011135528725660054,0.008,0.009000000000000001,0.008150000000000001,0.008,0.0003570714214271428,32,32,2560,10240,51200,False,520,1
0.015,0.018000000000000002,0.017857142857142863,0.018000000000000002,0.0006388765649999405,0.008,0.009000000000000001,0.008050000000000002,0.008,0.0002179449471770339,0.1,0.10300000000000001,0.101,0.101,0.0005477225575051667,0.01,0.011,0.010350000000000002,0.01,0.0004769696007084724,0.037,0.038,0.037950000000000005,0.038,0.00021794494717703385,0.125,0.127,0.12589999999999998,0.126,0.00043588989435406776,0.015,0.016,0.015050000000000003,0.015,0.00021794494717703385,0.128,0.132,0.12955,0.1295,0.0012031209415515976,0.008,0.009000000000000001,0.008350000000000002,0.008,0.00047696960070847325,32,32,2560,10240,51200,False,512,1
0.015,0.018000000000000002,0.017809523809523813,0.018000000000000002,0.0006632565846278159,0.008,0.009000000000000001,0.008150000000000001,0.008,0.0003570714214271428,0.10400000000000001,0.106,0.10505,0.105,0.0004974937185533076,0.013000000000000001,0.014,0.013300000000000003,0.013000000000000001,0.00045825756949558356,0.037,0.038,0.037750000000000006,0.038,0.00043301270189221973,0.125,0.127,0.12574999999999997,0.126,0.0005361902647381809,0.015,0.015,0.015000000000000003,0.015,3.469446951953614e-18,0.128,0.13,0.12880000000000003,0.129,0.0007483314773547889,0.008,0.009000000000000001,0.008150000000000001,0.008,0.0003570714214271428,32,32,2560,10240,51200,False,504,1
0.014,0.018000000000000002,0.01766666666666667,0.018000000000000002,0.0008908708063747481,0.008,0.009000000000000001,0.008100000000000001,0.008,0.0003000000000000003,0.106,0.107,0.10685,0.107,0.0003570714214271428,0.012,0.014,0.013250000000000003,0.013000000000000001,0.0005361902647381801,0.037,0.038,0.03735000000000001,0.037,0.00047696960070847325,0.125,0.126,0.1255,0.1255,0.0005000000000000004,0.014,0.015,0.014550000000000002,0.015,0.0004974937185533095,0.128,0.131,0.12895000000000004,0.1285,0.0010712142642814284,0.008,0.009000000000000001,0.008050000000000002,0.008,0.0002179449471770339,32,32,2560,10240,51200,False,496,1
0.014,0.018000000000000002,0.017619047619047624,0.018000000000000002,0.0008984743935292011,0.008,0.008,0.008000000000000002,0.008,1.734723475976807e-18,0.105,0.107,0.10575000000000001,0.106,0.0005361902647381809,0.013000000000000001,0.014,0.013100000000000004,0.013000000000000001,0.00029999999999999976,0.037,0.038,0.03780000000000001,0.038,0.00040000000000000034,0.125,0.126,0.12525,0.125,0.0004330127018922198,0.014,0.015,0.014050000000000002,0.014,0.00021794494717703353,0.128,0.13,0.12875000000000003,0.129,0.0006982120021884477,0.008,0.009000000000000001,0.008200000000000002,0.008,0.00040000000000000034,32,32,2560,10240,51200,False,488,1
0.014,0.018000000000000002,0.017428571428571432,0.018000000000000002,0.0009035079029052519,0.008,0.009000000000000001,0.008050000000000002,0.008,0.00021794494717703388,0.08700000000000001,0.089,0.088,0.088,0.00031622776601683604,0.012,0.013000000000000001,0.012350000000000003,0.012,0.0004769696007084732,0.037,0.038,0.037950000000000005,0.038,0.00021794494717703385,0.124,0.126,0.125,0.125,0.0003162277660168382,0.014,0.014,0.014000000000000002,0.014,1.734723475976807e-18,0.128,0.131,0.12905000000000005,0.129,0.001023474474522937,0.008,0.008,0.008000000000000002,0.008,1.734723475976807e-18,32,32,2560,10240,51200,False,480,1
0.014,0.018000000000000002,0.017238095238095243,0.017,0.0008676603408708859,0.008,0.008,0.008000000000000002,0.008,1.734723475976807e-18,0.08600000000000001,0.088,0.08695,0.08700000000000001,0.00038405728739342886,0.012,0.013000000000000001,0.012350000000000003,0.012,0.0004769696007084732,0.037,0.038,0.037200000000000004,0.037,0.00040000000000000034,0.124,0.125,0.1244,0.124,0.000489897948556636,0.014,0.014,0.014000000000000002,0.014,1.734723475976807e-18,0.127,0.13,0.12830000000000003,0.128,0.0006403124237432853,0.008,0.008,0.008000000000000002,0.008,1.734723475976807e-18,32,32,2560,10240,51200,False,472,1
0.014,0.017,0.01666666666666667,0.017,0.0007126966450997987,0.008,0.008,0.008000000000000002,0.008,1.734723475976807e-18,0.088,0.089,0.08875,0.089,0.0004330127018922198,0.012,0.013000000000000001,0.012150000000000003,0.012,0.0003570714214271428,0.037,0.038,0.03730000000000001,0.037,0.0004582575694955844,0.124,0.125,0.12460000000000002,0.125,0.000489897948556636,0.013000000000000001,0.014,0.013950000000000004,0.014,0.00021794494717703353,0.128,0.13,0.12845000000000004,0.128,0.0008046738469715548,0.008,0.008,0.008000000000000002,0.008,1.734723475976807e-18,32,32,2560,10240,51200,False,464,1
0.014,0.017,0.016190476190476193,0.016,0.0006632565846278156,0.008,0.009000000000000001,0.008050000000000002,0.008,0.00021794494717703388,0.088,0.089,0.08810000000000001,0.088,0.00030000000000000024,0.012,0.013000000000000001,0.012050000000000002,0.012,0.0002179449471770339,0.037,0.038,0.0374,0.037,0.000489897948556636,0.124,0.126,0.1246,0.125,0.0005830951894845307,0.013000000000000001,0.014,0.013400000000000004,0.013000000000000001,0.0004898979485566351,0.128,0.13,0.12835000000000002,0.128,0.0005722761571129803,0.008,0.008,0.008000000000000002,0.008,1.734723475976807e-18,32,32,2560,10240,51200,False,456,1
0.013000000000000001,0.017,0.01633333333333334,0.016,0.0008908708063747481,0.008,0.008,0.008000000000000002,0.008,1.734723475976807e-18,0.08600000000000001,0.088,0.08665,0.08700000000000001,0.0005722761571129787,0.011,0.012,0.011900000000000003,0.012,0.00030000000000000024,0.037,0.038,0.037950000000000005,0.038,0.00021794494717703385,0.124,0.125,0.12484999999999999,0.125,0.00035707142142714273,0.013000000000000001,0.014,0.013050000000000003,0.013000000000000001,0.00021794494717703353,0.129,0.132,0.13065000000000002,0.131,0.0007921489758877437,0.008,0.008,0.008000000000000002,0.008,1.734723475976807e-18,32,32,2560,10240,51200,False,448,1
0.013000000000000001,0.017,0.01604761904761905,0.016,0.000785353452498602,0.008,0.009000000000000001,0.008050000000000002,0.008,0.0002179449471770339,0.084,0.08600000000000001,0.08550000000000002,0.08600000000000001,0.0005916079783099621,0.011,0.012,0.011550000000000001,0.012,0.0004974937185533104,0.037,0.038,0.03705000000000001,0.037,0.00021794494717703385,0.123,0.125,0.12400000000000003,0.124,0.00044721359549995833,0.013000000000000001,0.013000000000000001,0.013000000000000003,0.013000000000000001,1.734723475976807e-18,0.129,0.13,0.12925,0.129,0.0004330127018922198,0.008,0.008,0.008000000000000002,0.008,1.734723475976807e-18,32,32,2560,10240,51200,False,440,1
0.013000000000000001,0.017,0.01604761904761905,0.016,0.000785353452498602,0.008,0.008,0.008000000000000002,0.008,1.734723475976807e-18,0.08700000000000001,0.088,0.08754999999999999,0.088,0.0004974937185533034,0.009000000000000001,0.01,0.009900000000000003,0.01,0.00029999999999999976,0.037,0.038,0.03710000000000001,0.037,0.0003000000000000003,0.123,0.125,0.12415000000000001,0.124,0.00047696960070847325,0.013000000000000001,0.013000000000000001,0.013000000000000003,0.013000000000000001,1.734723475976807e-18,0.129,0.131,0.12945,0.129,0.0008046738469715548,0.008,0.008,0.008000000000000002,0.008,1.734723475976807e-18,32,32,2560,10240,51200,False,432,1
0.013000000000000001,0.016,0.015761904761904765,0.016,0.0006834619092574916,0.008,0.008,0.008000000000000002,0.008,1.734723475976807e-18,0.085,0.08700000000000001,0.08620000000000001,0.08600000000000001,0.0006000000000000005,0.01,0.01,0.010000000000000002,0.01,1.734723475976807e-18,0.037,0.038,0.03755000000000001,0.038,0.0004974937185533104,0.123,0.125,0.12410000000000002,0.124,0.00043588989435406776,0.013000000000000001,0.013000000000000001,0.013000000000000003,0.013000000000000001,1.734723475976807e-18,0.129,0.131,0.12965,0.1295,0.0007262919523166982,0.008,0.008,0.008000000000000002,0.008,1.734723475976807e-18,32,32,2560,10240,51200,False,424,1
0.012,0.016,0.015142857142857145,0.015,0.000832993127835043,0.008,0.008,0.008000000000000002,0.008,1.734723475976807e-18,0.085,0.08700000000000001,0.08585000000000001,0.08600000000000001,0.0005722761571129803,0.009000000000000001,0.011,0.009950000000000004,0.01,0.00038405728739343006,0.037,0.038,0.037950000000000005,0.038,0.00021794494717703385,0.124,0.125,0.12420000000000002,0.124,0.0004000000000000003,0.012,0.013000000000000001,0.012700000000000003,0.013000000000000001,0.0004582575694955845,0.13,0.13,0.12999999999999998,0.13,2.7755575615628914e-17,0.008,0.008,0.008000000000000002,0.008,1.734723475976807e-18,32,32,2560,10240,51200,False,416,1
0.013000000000000001,0.016,0.015047619047619051,0.015,0.0005753831415997415,0.008,0.008,0.008000000000000002,0.008,1.734723475976807e-18,0.083,0.08600000000000001,0.08460000000000001,0.085,0.0006633249580710806,0.009000000000000001,0.01,0.009850000000000003,0.01,0.0003570714214271422,0.037,0.037,0.037000000000000005,0.037,6.938893903907228e-18,0.123,0.125,0.12365000000000001,0.124,0.0005722761571129803,0.012,0.013000000000000001,0.012050000000000002,0.012,0.0002179449471770339,0.127,0.129,0.12800000000000003,0.128,0.00044721359549995833,0.008,0.008,0.008000000000000002,0.008,1.734723475976807e-18,32,32,2560,10240,51200,False,408,1
0.012,0.016,0.014904761904761907,0.015,0.0006834619092574916,0.008,0.008,0.008000000000000002,0.008,1.734723475976807e-18,0.085,0.08600000000000001,0.08555000000000001,0.08600000000000001,0.0004974937185533104,0.009000000000000001,0.01,0.009800000000000003,0.01,0.0003999999999999997,0.037,0.038,0.03710000000000001,0.037,0.0003000000000000003,0.123,0.124,0.12355000000000002,0.124,0.0004974937185533105,0.012,0.012,0.012000000000000002,0.012,1.734723475976807e-18,0.128,0.13,0.12840000000000001,0.128,0.0008000000000000006,0.007,0.008,0.0079,0.008,0.00030000000000000003,32,32,2560,10240,51200,False,400,1
0.012,0.015,0.014761904761904764,0.015,0.0006834619092574914,0.008,0.008,0.008000000000000002,0.008,1.734723475976807e-18,0.083,0.085,0.08414999999999999,0.084,0.0007921489758877436,0.009000000000000001,0.01,0.009850000000000003,0.01,0.00035707142142714224,0.037,0.038,0.03730000000000001,0.037,0.0004582575694955844,0.108,0.11,0.10905000000000001,0.109,0.0004974937185533105,0.012,0.013000000000000001,0.012200000000000003,0.012,0.00040000000000000034,0.128,0.131,0.1296,0.13,0.0007348469228349541,0.007,0.008,0.007950000000000002,0.008,0.00021794494717703366,32,32,2560,10240,51200,False,392,1
0.012,0.015,0.014523809523809526,0.015,0.0007315376902732005,0.008,0.008,0.008000000000000002,0.008,1.734723475976807e-18,0.07100000000000001,0.07200000000000001,0.07125000000000001,0.07100000000000001,0.0004330127018922198,0.008,0.009000000000000001,0.008100000000000001,0.008,0.0003000000000000003,0.037,0.037,0.037000000000000005,0.037,6.938893903907228e-18,0.10400000000000001,0.106,0.10470000000000002,0.105,0.0005567764362829965,0.011,0.012,0.011200000000000002,0.011,0.00040000000000000034,0.10400000000000001,0.109,0.10595000000000002,0.106,0.0012031209415515963,0.007,0.008,0.007350000000000001,0.007,0.00047696960070847287,32,32,2560,10240,51200,False,384,1
0.011,0.014,0.013857142857142861,0.014,0.0006388765649999401,0.008,0.008,0.008000000000000002,0.008,1.734723475976807e-18,0.07,0.07100000000000001,0.07095,0.07100000000000001,0.00021794494717703385,0.008,0.008,0.008000000000000002,0.008,1.734723475976807e-18,0.04,0.041,0.04080000000000001,0.041,0.00040000000000000034,0.105,0.106,0.1052,0.105,0.0004000000000000003,0.011,0.012,0.011100000000000002,0.011,0.00030000000000000024,0.10400000000000001,0.107,0.10535000000000001,0.105,0.0008529361054615965,0.007,0.008,0.007350000000000001,0.007,0.00047696960070847287,32,32,2560,10240,51200,False,376,1
0.011,0.014,0.013857142857142861,0.014,0.0006388765649999401,0.008,0.008,0.008000000000000002,0.008,1.734723475976807e-18,0.07100000000000001,0.07200000000000001,0.07115,0.07100000000000001,0.00035707142142714284,0.008,0.009000000000000001,0.008050000000000002,0.008,0.0002179449471770339,0.04,0.041,0.04010000000000001,0.04,0.0003000000000000003,0.092,0.094,0.09340000000000001,0.0935,0.0006633249580710807,0.011,0.012,0.011950000000000002,0.012,0.00021794494717703385,0.10400000000000001,0.113,0.1056,0.105,0.001933907960581371,0.007,0.008,0.0071,0.007,0.00030000000000000003,32,32,2560,10240,51200,False,368,1
0.011,0.014,0.013857142857142861,0.014,0.0006388765649999401,0.008,0.008,0.008000000000000002,0.008,1.734723475976807e-18,0.07100000000000001,0.07200000000000001,0.07104999999999999,0.07100000000000001,0.00021794494717703388,0.008,0.008,0.008000000000000002,0.008,1.734723475976807e-18,0.038,0.039,0.038250000000000006,0.038,0.00043301270189221973,0.091,0.093,0.09219999999999999,0.0925,0.0008717797887081355,0.011,0.012,0.011300000000000001,0.011,0.0004582575694955844,0.10400000000000001,0.109,0.10545,0.105,0.0011608186766243883,0.007,0.007,0.007000000000000001,0.007,8.673617379884035e-19,32,32,2560,10240,51200,False,360,1
0.011,0.014,0.013761904761904767,0.014,0.0006834619092574916,0.008,0.008,0.008000000000000002,0.008,1.734723475976807e-18,0.07100000000000001,0.07200000000000001,0.07135,0.07100000000000001,0.0004769696007084732,0.008,0.008,0.008000000000000002,0.008,1.734723475976807e-18,0.038,0.038,0.038000000000000006,0.038,6.938893903907228e-18,0.09,0.093,0.09145,0.0915,0.0008645808232895299,0.011,0.011,0.011000000000000001,0.011,1.734723475976807e-18,0.10400000000000001,0.11,0.1058,0.105,0.0013266499161421602,0.007,0.007,0.007000000000000001,0.007,8.673617379884035e-19,32,32,2560,10240,51200,False,352,1
0.011,0.014,0.01366666666666667,0.014,0.0007126966450997983,0.008,0.008,0.008000000000000002,0.008,1.734723475976807e-18,0.07,0.07100000000000001,0.07050000000000001,0.07050000000000001,0.0005000000000000004,0.008,0.008,0.008000000000000002,0.008,1.734723475976807e-18,0.037,0.038,0.03760000000000001,0.038,0.0004898979485566361,0.089,0.091,0.08975000000000001,0.09,0.0006982120021884477,0.011,0.011,0.011000000000000001,0.011,1.734723475976807e-18,0.10300000000000001,0.111,0.10529999999999999,0.105,0.001763519208854837,0.007,0.007,0.007000000000000001,0.007,8.673617379884035e-19,32,32,2560,10240,51200,False,344,1
0.011,0.014,0.013000000000000003,0.013000000000000001,0.000534522483824849,0.008,0.008,0.008000000000000002,0.008,1.734723475976807e-18,0.07100000000000001,0.07100000000000001,0.071,0.07100000000000001,1.3877787807814457e-17,0.008,0.008,0.008000000000000002,0.008,1.734723475976807e-18,0.038,0.039,0.03805000000000001,0.038,0.00021794494717703385,0.091,0.093,0.0921,0.092,0.00043588989435406776,0.011,0.011,0.011000000000000001,0.011,1.734723475976807e-18,0.10300000000000001,0.108,0.10475000000000001,0.10400000000000001,0.0012599603168354113,0.007,0.007,0.007000000000000001,0.007,8.673617379884035e-19,32,32,2560,10240,51200,False,336,1
0.01,0.013000000000000001,0.012809523809523812,0.013000000000000001,0.0006632565846278155,0.008,0.008,0.008000000000000002,0.008,1.734723475976807e-18,0.07,0.07100000000000001,0.07095,0.07100000000000001,0.00021794494717703385,0.008,0.008,0.008000000000000002,0.008,1.734723475976807e-18,0.038,0.039,0.03815,0.038,0.00035707142142714284,0.09,0.092,0.09104999999999999,0.091,0.0005894913061275804,0.01,0.011,0.0102,0.01,0.0003999999999999996,0.10300000000000001,0.108,0.10510000000000001,0.105,0.0011789826122551564,0.007,0.007,0.007000000000000001,0.007,8.673617379884035e-19,32,32,2560,10240,51200,False,328,1
0.01,0.013000000000000001,0.012523809523809527,0.013000000000000001,0.0007315376902732012,0.008,0.008,0.008000000000000002,0.008,1.734723475976807e-18,0.07100000000000001,0.07100000000000001,0.071,0.07100000000000001,1.3877787807814457e-17,0.007,0.007,0.007000000000000001,0.007,8.673617379884035e-19,0.026000000000000002,0.027,0.026650000000000007,0.027,0.0004769696007084717,0.089,0.091,0.08965000000000001,0.09,0.0006538348415311016,0.01,0.011,0.010100000000000001,0.01,0.00029999999999999976,0.10400000000000001,0.109,0.10520000000000003,0.105,0.0012489995996796766,0.007,0.007,0.007000000000000001,0.007,8.673617379884035e-19,32,32,2560,10240,51200,False,320,1
0.01,0.013000000000000001,0.012285714285714289,0.012,0.0006998542122237657,0.008,0.008,0.008000000000000002,0.008,1.734723475976807e-18,0.07,0.07100000000000001,0.07055,0.07100000000000001,0.0004974937185533104,0.007,0.007,0.007000000000000001,0.007,8.673617379884035e-19,0.026000000000000002,0.027,0.026750000000000006,0.027,0.00043301270189221816,0.088,0.09,0.08870000000000001,0.0885,0.0007810249675906661,0.01,0.01,0.010000000000000002,0.01,1.734723475976807e-18,0.10200000000000001,0.11,0.10465000000000002,0.10400000000000001,0.0016209565077447295,0.006,0.007,0.006900000000000002,0.007,0.00030000000000000003,32,32,2560,10240,51200,False,312,1
0.01,0.013000000000000001,0.012285714285714289,0.012,0.0006998542122237657,0.008,0.008,0.008000000000000002,0.008,1.734723475976807e-18,0.07,0.07100000000000001,0.07070000000000001,0.07100000000000001,0.0004582575694955844,0.007,0.007,0.007000000000000001,0.007,8.673617379884035e-19,0.026000000000000002,0.026000000000000002,0.026000000000000006,0.026000000000000002,3.469446951953614e-18,0.091,0.092,0.09109999999999999,0.091,0.00030000000000000024,0.01,0.01,0.010000000000000002,0.01,1.734723475976807e-18,0.10300000000000001,0.107,0.10430000000000002,0.10400000000000001,0.001382027496108521,0.006,0.007,0.006900000000000002,0.007,0.00030000000000000003,32,32,2560,10240,51200,False,304,1
0.01,0.012,0.011904761904761908,0.012,0.00042591770999995997,0.008,0.008,0.008000000000000002,0.008,1.734723475976807e-18,0.07100000000000001,0.07200000000000001,0.07104999999999999,0.07100000000000001,0.00021794494717703388,0.007,0.007,0.007000000000000001,0.007,8.673617379884035e-19,0.026000000000000002,0.026000000000000002,0.026000000000000006,0.026000000000000002,3.469446951953614e-18,0.089,0.09,0.0896,0.09,0.0004898979485566361,0.01,0.01,0.010000000000000002,0.01,1.734723475976807e-18,0.10300000000000001,0.108,0.1042,0.10400000000000001,0.0011661903789690563,0.006,0.007,0.006300000000000002,0.006,0.000458257569495584,32,32,2560,10240,51200,False,296,1
0.009000000000000001,0.012,0.011333333333333336,0.011,0.0007126966450997985,0.008,0.008,0.008000000000000002,0.008,1.734723475976807e-18,0.07100000000000001,0.07200000000000001,0.07104999999999999,0.07100000000000001,0.00021794494717703388,0.007,0.007,0.007000000000000001,0.007,8.673617379884035e-19,0.026000000000000002,0.026000000000000002,0.026000000000000006,0.026000000000000002,3.469446951953614e-18,0.08700000000000001,0.088,0.08729999999999999,0.08700000000000001,0.000458257569495578,0.009000000000000001,0.009000000000000001,0.009000000000000003,0.009000000000000001,1.734723475976807e-18,0.10300000000000001,0.107,0.10415000000000003,0.10400000000000001,0.0010618380290797619,0.006,0.007,0.006300000000000002,0.006,0.000458257569495584,32,32,2560,10240,51200,False,288,1
0.009000000000000001,0.012,0.01104761904761905,0.011,0.0005753831415997413,0.008,0.008,0.008000000000000002,0.008,1.734723475976807e-18,0.07,0.07100000000000001,0.07070000000000001,0.07100000000000001,0.0004582575694955844,0.007,0.007,0.007000000000000001,0.007,8.673617379884035e-19,0.025,0.026000000000000002,0.025600000000000005,0.026000000000000002,0.0004898979485566361,0.08600000000000001,0.08700000000000001,0.08665,0.08700000000000001,0.0004769696007084732,0.009000000000000001,0.009000000000000001,0.009000000000000003,0.009000000000000001,1.734723475976807e-18,0.10200000000000001,0.107,0.10395000000000001,0.10400000000000001,0.0012835497652993399,0.006,0.007,0.0060500000000000016,0.006,0.0002179449471770337,32,32,2560,10240,51200,False,280,1
0.009000000000000001,0.011,0.010904761904761907,0.011,0.0004259177099999596,0.008,0.008,0.008000000000000002,0.008,1.734723475976807e-18,0.069,0.07,0.06990000000000002,0.07,0.00030000000000000024,0.007,0.007,0.007000000000000001,0.007,8.673617379884035e-19,0.025,0.025,0.025000000000000005,0.025,3.469446951953614e-18,0.093,0.095,0.09400000000000001,0.094,0.0003162277660168382,0.009000000000000001,0.01,0.009050000000000002,0.009000000000000001,0.00021794494717703353,0.10200000000000001,0.105,0.10330000000000002,0.10300000000000001,0.000714142842854284,0.006,0.007,0.0060500000000000016,0.006,0.0002179449471770337,32,32,2560,10240,51200,False,272,1
0.009000000000000001,0.011,0.010904761904761907,0.011,0.0004259177099999596,0.008,0.008,0.008000000000000002,0.008,1.734723475976807e-18,0.07,0.07,0.07000000000000002,0.07,1.3877787807814457e-17,0.007,0.007,0.007000000000000001,0.007,8.673617379884035e-19,0.025,0.025,0.025000000000000005,0.025,3.469446951953614e-18,0.093,0.095,0.09395,0.094,0.0004974937185533104,0.009000000000000001,0.009000000000000001,0.009000000000000003,0.009000000000000001,1.734723475976807e-18,0.10200000000000001,0.106,0.10365000000000002,0.10300000000000001,0.0011079259903080132,0.006,0.007,0.006100000000000001,0.006,0.00030000000000000003,32,32,2560,10240,51200,False,264,1
0.009000000000000001,0.012,0.010952380952380955,0.011,0.0004856209060564555,0.008,0.008,0.008000000000000002,0.008,1.734723475976807e-18,0.069,0.07200000000000001,0.07075000000000001,0.07100000000000001,0.0008291561975888506,0.007,0.007,0.007000000000000001,0.007,8.673617379884035e-19,0.024,0.025,0.024900000000000005,0.025,0.0003000000000000003,0.07100000000000001,0.07100000000000001,0.071,0.07100000000000001,1.3877787807814457e-17,0.008,0.008,0.008000000000000002,0.008,1.734723475976807e-18,0.08,0.08600000000000001,0.08225,0.082,0.001577181029558752,0.006,0.006,0.006000000000000001,0.006,8.673617379884035e-19,32,32,2560,10240,51200,False,256,1
0.008,0.01,0.009904761904761908,0.01,0.00042591770999995997,0.008,0.008,0.008000000000000002,0.008,1.734723475976807e-18,0.068,0.07100000000000001,0.07010000000000001,0.07,0.0009433981132056613,0.007,0.007,0.007000000000000001,0.007,8.673617379884035e-19,0.024,0.024,0.024000000000000004,0.024,3.469446951953614e-18,0.07100000000000001,0.07100000000000001,0.071,0.07100000000000001,1.3877787807814457e-17,0.008,0.008,0.008000000000000002,0.008,1.734723475976807e-18,0.08,0.08600000000000001,0.08205,0.0815,0.0018567444627627155,0.006,0.006,0.006000000000000001,0.006,8.673617379884035e-19,32,32,2560,10240,51200,False,248,1
0.008,0.01,0.009904761904761908,0.01,0.00042591770999995997,0.007,0.008,0.007950000000000002,0.008,0.00021794494717703366,0.068,0.07100000000000001,0.06970000000000001,0.07,0.0007810249675906662,0.007,0.007,0.007000000000000001,0.007,8.673617379884035e-19,0.024,0.025,0.024050000000000005,0.024,0.00021794494717703388,0.07,0.07100000000000001,0.0707,0.07100000000000001,0.0004582575694955844,0.008,0.008,0.008000000000000002,0.008,1.734723475976807e-18,0.075,0.076,0.07515,0.075,0.00035707142142714284,0.006,0.006,0.006000000000000001,0.006,8.673617379884035e-19,32,32,2560,10240,51200,False,240,1
0.008,0.01,0.009904761904761908,0.01,0.00042591770999995997,0.008,0.008,0.008000000000000002,0.008,1.734723475976807e-18,0.068,0.07100000000000001,0.06945,0.0695,0.00086458082328953,0.007,0.007,0.007000000000000001,0.007,8.673617379884035e-19,0.024,0.024,0.024000000000000004,0.024,3.469446951953614e-18,0.07100000000000001,0.07100000000000001,0.071,0.07100000000000001,1.3877787807814457e-17,0.007,0.008,0.007450000000000001,0.007,0.0004974937185533101,0.075,0.076,0.07519999999999999,0.075,0.00040000000000000034,0.006,0.006,0.006000000000000001,0.006,8.673617379884035e-19,32,32,2560,10240,51200,False,232,1
0.008,0.01,0.009904761904761908,0.01,0.00042591770999995997,0.007,0.008,0.007950000000000002,0.008,0.00021794494717703366,0.067,0.07100000000000001,0.069,0.069,0.0009486832980505146,0.007,0.007,0.007000000000000001,0.007,8.673617379884035e-19,0.024,0.024,0.024000000000000004,0.024,3.469446951953614e-18,0.07100000000000001,0.07100000000000001,0.071,0.07100000000000001,1.3877787807814457e-17,0.007,0.007,0.007000000000000001,0.007,8.673617379884035e-19,0.075,0.076,0.07514999999999998,0.075,0.00035707142142714284,0.006,0.006,0.006000000000000001,0.006,8.673617379884035e-19,32,32,2560,10240,51200,False,224,1
0.008,0.01,0.009809523809523813,0.01,0.0004994327848429292,0.007,0.008,0.0079,0.008,0.00030000000000000003,0.065,0.07,0.06785000000000001,0.068,0.0012757350822173085,0.006,0.006,0.006000000000000001,0.006,8.673617379884035e-19,0.023,0.023,0.023000000000000003,0.023,3.469446951953614e-18,0.07,0.07100000000000001,0.07089999999999999,0.07100000000000001,0.00030000000000000024,0.007,0.007,0.007000000000000001,0.007,8.673617379884035e-19,0.074,0.075,0.07494999999999999,0.075,0.00021794494717703385,0.006,0.006,0.006000000000000001,0.006,8.673617379884035e-19,32,32,2560,10240,51200,False,216,1
0.007,0.01,0.009142857142857145,0.009000000000000001,0.0006388765649999398,0.007,0.008,0.007700000000000001,0.008,0.00045825756949558405,0.065,0.069,0.06750000000000002,0.068,0.001161895003862226,0.006,0.006,0.006000000000000001,0.006,8.673617379884035e-19,0.023,0.024,0.023600000000000003,0.024,0.0004898979485566361,0.07,0.07,0.07000000000000002,0.07,1.3877787807814457e-17,0.007,0.007,0.007000000000000001,0.007,8.673617379884035e-19,0.074,0.075,0.0745,0.0745,0.0005000000000000004,0.006,0.006,0.006000000000000001,0.006,8.673617379884035e-19,32,32,2560,10240,51200,False,208,1
0.007,0.009000000000000001,0.008904761904761907,0.009000000000000001,0.0004259177099999602,0.007,0.008,0.007700000000000001,0.008,0.000458257569495584,0.065,0.07,0.06745000000000001,0.068,0.0012031209415515976,0.006,0.006,0.006000000000000001,0.006,8.673617379884035e-19,0.023,0.023,0.023000000000000003,0.023,3.469446951953614e-18,0.07100000000000001,0.07100000000000001,0.071,0.07100000000000001,1.3877787807814457e-17,0.007,0.007,0.007000000000000001,0.007,8.673617379884035e-19,0.073,0.074,0.0732,0.073,0.00040000000000000034,0.006,0.006,0.006000000000000001,0.006,8.673617379884035e-19,32,32,2560,10240,51200,False,200,1
0.007,0.009000000000000001,0.008333333333333335,0.008,0.0005634361698190115,0.007,0.008,0.007550000000000001,0.008,0.0004974937185533101,0.043000000000000003,0.045,0.04415000000000001,0.044,0.00047696960070847243,0.006,0.006,0.006000000000000001,0.006,8.673617379884035e-19,0.021,0.022,0.021900000000000003,0.022,0.00029999999999999927,0.07100000000000001,0.07100000000000001,0.071,0.07100000000000001,1.3877787807814457e-17,0.006,0.007,0.006850000000000002,0.007,0.0003570714214271425,0.07200000000000001,0.073,0.07289999999999999,0.073,0.00029999999999999607,0.006,0.006,0.006000000000000001,0.006,8.673617379884035e-19,32,32,2560,10240,51200,False,192,1
0.007,0.009000000000000001,0.008095238095238096,0.008,0.0004259177099999602,0.007,0.008,0.007250000000000001,0.007,0.00043301270189221935,0.043000000000000003,0.045,0.044000000000000004,0.044,0.0003162277660168371,0.006,0.006,0.006000000000000001,0.006,8.673617379884035e-19,0.021,0.022,0.021050000000000006,0.021,0.0002179449471770331,0.07,0.07100000000000001,0.07025,0.07,0.00043301270189221973,0.006,0.007,0.006150000000000001,0.006,0.0003570714214271425,0.07200000000000001,0.073,0.0723,0.07200000000000001,0.00045825756949557803,0.006,0.006,0.006000000000000001,0.006,8.673617379884035e-19,32,32,2560,10240,51200,False,184,1
0.007,0.009000000000000001,0.008285714285714289,0.008,0.0005471012044321936,0.007,0.008,0.007350000000000001,0.007,0.00047696960070847287,0.043000000000000003,0.045,0.044000000000000004,0.044,0.0005477225575051647,0.006,0.006,0.006000000000000001,0.006,8.673617379884035e-19,0.021,0.022,0.021050000000000003,0.021,0.00021794494717703315,0.07,0.07,0.07000000000000002,0.07,1.3877787807814457e-17,0.006,0.006,0.006000000000000001,0.006,8.673617379884035e-19,0.089,0.09,0.08929999999999999,0.089,0.00045825756949558437,0.006,0.006,0.006000000000000001,0.006,8.673617379884035e-19,32,32,2560,10240,51200,False,176,1
0.007,0.008,0.007952380952380954,0.008,0.00021295885499997998,0.007,0.008,0.0075000000000000015,0.0075,0.0005,0.044,0.046,0.04410000000000001,0.044,0.00043588989435406776,0.006,0.006,0.006000000000000001,0.006,8.673617379884035e-19,0.021,0.022,0.021950000000000004,0.022,0.0002179449471770331,0.07100000000000001,0.07100000000000001,0.071,0.07100000000000001,1.3877787807814457e-17,0.006,0.006,0.006000000000000001,0.006,8.673617379884035e-19,0.089,0.09,0.08954999999999999,0.09,0.0004974937185533104,0.006,0.006,0.006000000000000001,0.006,8.673617379884035e-19,32,32,2560,10240,51200,False,168,1
0.006,0.008,0.0075238095238095255,0.008,0.0005870870479018072,0.007,0.008,0.007800000000000001,0.008,0.0004,0.043000000000000003,0.045,0.04360000000000001,0.044,0.0005830951894845274,0.006,0.006,0.006000000000000001,0.006,8.673617379884035e-19,0.021,0.022,0.021400000000000002,0.021,0.0004898979485566344,0.07,0.07100000000000001,0.0706,0.07100000000000001,0.0004898979485566361,0.006,0.006,0.006000000000000001,0.006,8.673617379884035e-19,0.077,0.079,0.07780000000000001,0.078,0.000509901951359279,0.006,0.006,0.006000000000000001,0.006,8.673617379884035e-19,32,32,2560,10240,51200,False,160,1
0.006,0.008,0.00704761904761905,0.007,0.0003749527559053244,0.007,0.008,0.007450000000000001,0.007,0.0004974937185533101,0.044,0.046,0.044250000000000005,0.044,0.0005361902647381809,0.006,0.006,0.006000000000000001,0.006,8.673617379884035e-19,0.021,0.021,0.021000000000000005,0.021,3.469446951953614e-18,0.07,0.07,0.07000000000000002,0.07,1.3877787807814457e-17,0.006,0.006,0.006000000000000001,0.006,8.673617379884035e-19,0.06,0.061,0.0607,0.061,0.0004582575694955844,0.005,0.006,0.005700000000000001,0.006,0.000458257569495584,32,32,2560,10240,51200,False,152,1
0.006,0.008,0.007333333333333335,0.007,0.0005634361698190111,0.007,0.008,0.007600000000000001,0.008,0.0004898979485566356,0.045,0.048,0.045750000000000006,0.046,0.0006982120021884477,0.006,0.006,0.006000000000000001,0.006,8.673617379884035e-19,0.025,0.026000000000000002,0.025350000000000004,0.025,0.00047696960070847314,0.07,0.07,0.07000000000000002,0.07,1.3877787807814457e-17,0.005,0.006,0.005550000000000001,0.006,0.00049749371855331,0.091,0.093,0.09135,0.091,0.0005722761571129803,0.004,0.006,0.004750000000000002,0.005,0.0006982120021884472,32,32,2560,10240,51200,False,144,1
0.006,0.007,0.006952380952380955,0.007,0.00021295885499997996,0.007,0.008,0.007650000000000001,0.008,0.00047696960070847287,0.069,0.07,0.0691,0.069,0.00030000000000000024,0.005,0.006,0.005950000000000001,0.006,0.00021794494717703366,0.025,0.025,0.025000000000000005,0.025,3.469446951953614e-18,0.07100000000000001,0.07200000000000001,0.07104999999999999,0.07100000000000001,0.00021794494717703388,0.005,0.006,0.005050000000000001,0.005,0.0002179449471770337,0.091,0.092,0.0915,0.0915,0.0005000000000000004,0.004,0.006,0.004650000000000001,0.005,0.0005722761571129799,32,32,2560,10240,51200,False,136,1
0.006,0.007,0.006952380952380955,0.007,0.00021295885499997996,0.007,0.008,0.007650000000000001,0.008,0.00047696960070847287,0.042,0.045,0.04290000000000001,0.043000000000000003,0.000699999999999999,0.006,0.006,0.006000000000000001,0.006,8.673617379884035e-19,0.017,0.018000000000000002,0.017400000000000006,0.017,0.000489897948556636,0.05,0.051000000000000004,0.05050000000000001,0.0505,0.0005000000000000004,0.005,0.005,0.005000000000000001,0.005,8.673617379884035e-19,0.054,0.055,0.05415000000000001,0.054,0.0003570714214271428,0.004,0.004,0.004000000000000001,0.004,8.673617379884035e-19,32,32,2560,10240,51200,False,128,1
0.005,0.007,0.006333333333333335,0.006,0.0005634361698190111,0.007,0.008,0.007550000000000001,0.008,0.00049749371855331,0.042,0.044,0.04250000000000001,0.042,0.0005916079783099613,0.006,0.006,0.006000000000000001,0.006,8.673617379884035e-19,0.017,0.018000000000000002,0.017100000000000004,0.017,0.00030000000000000024,0.049,0.051000000000000004,0.05010000000000001,0.05,0.0005385164807134509,0.005,0.005,0.005000000000000001,0.005,8.673617379884035e-19,0.053,0.054,0.053649999999999996,0.054,0.0004769696007084732,0.004,0.004,0.004000000000000001,0.004,8.673617379884035e-19,32,32,2560,10240,51200,False,120,1
0.005,0.007,0.006142857142857144,0.006,0.0004665694748158435,0.007,0.008,0.007300000000000001,0.007,0.00045825756949558405,0.057,0.059000000000000004,0.05735,0.057,0.0005722761571129804,0.005,0.006,0.0051,0.005,0.00030000000000000003,0.017,0.017,0.017000000000000005,0.017,3.469446951953614e-18,0.049,0.051000000000000004,0.05000000000000001,0.05,0.0005477225575051667,0.005,0.005,0.005000000000000001,0.005,8.673617379884035e-19,0.052000000000000005,0.054,0.052550000000000006,0.052500000000000005,0.000589491306127577,0.004,0.004,0.004000000000000001,0.004,8.673617379884035e-19,32,32,2560,10240,51200,False,112,1
0.005,0.006,0.005952380952380954,0.006,0.00021295885499997998,0.007,0.008,0.007300000000000001,0.007,0.00045825756949558405,0.055,0.058,0.05615,0.056,0.0005722761571129803,0.005,0.005,0.005000000000000001,0.005,8.673617379884035e-19,0.019,0.019,0.019000000000000003,0.019,3.469446951953614e-18,0.051000000000000004,0.053,0.05185000000000001,0.052000000000000005,0.00047696960070847243,0.004,0.005,0.004200000000000001,0.004,0.0004,0.054,0.055,0.0541,0.054,0.00030000000000000024,0.004,0.005,0.004750000000000002,0.005,0.0004330127018922194,32,32,2560,10240,51200,False,104,1
0.005,0.006,0.005952380952380954,0.006,0.00021295885499997998,0.007,0.008,0.007050000000000001,0.007,0.0002179449471770337,0.039,0.042,0.03950000000000001,0.039,0.000741619848709567,0.005,0.005,0.005000000000000001,0.005,8.673617379884035e-19,0.016,0.017,0.016850000000000004,0.017,0.00035707142142714284,0.048,0.05,0.04905000000000001,0.049,0.0004974937185533105,0.004,0.004,0.004000000000000001,0.004,8.673617379884035e-19,0.054,0.055,0.0543,0.054,0.0004582575694955844,0.004,0.005,0.004550000000000001,0.005,0.00049749371855331,32,32,2560,10240,51200,False,96,1
0.005,0.006,0.005952380952380954,0.006,0.00021295885499997998,0.007,0.008,0.0071,0.007,0.00030000000000000003,0.039,0.041,0.03935000000000001,0.039,0.0005722761571129803,0.005,0.005,0.005000000000000001,0.005,8.673617379884035e-19,0.016,0.016,0.016000000000000004,0.016,3.469446951953614e-18,0.048,0.049,0.04835000000000001,0.048,0.0004769696007084732,0.004,0.004,0.004000000000000001,0.004,8.673617379884035e-19,0.053,0.054,0.053500000000000006,0.0535,0.0005000000000000006,0.004,0.005,0.004100000000000001,0.004,0.00030000000000000003,32,32,2560,10240,51200,False,88,1
0.005,0.006,0.005095238095238095,0.005,0.0002935435239509036,0.007,0.007,0.007000000000000001,0.007,8.673617379884035e-19,0.041,0.044,0.041800000000000004,0.042,0.0006782329983125264,0.005,0.005,0.005000000000000001,0.005,8.673617379884035e-19,0.016,0.016,0.016000000000000004,0.016,3.469446951953614e-18,0.048,0.05,0.04880000000000001,0.049,0.0006782329983125273,0.004,0.004,0.004000000000000001,0.004,8.673617379884035e-19,0.049,0.05,0.04930000000000001,0.049,0.0004582575694955844,0.004,0.004,0.004000000000000001,0.004,8.673617379884035e-19,32,32,2560,10240,51200,False,80,1
0.004,0.005,0.004952380952380954,0.005,0.00021295885499997998,0.007,0.007,0.007000000000000001,0.007,8.673617379884035e-19,0.041,0.043000000000000003,0.04130000000000001,0.041,0.0005567764362830027,0.005,0.005,0.005000000000000001,0.005,8.673617379884035e-19,0.016,0.016,0.016000000000000004,0.016,3.469446951953614e-18,0.047,0.05,0.04820000000000001,0.048,0.0006000000000000005,0.004,0.004,0.004000000000000001,0.004,8.673617379884035e-19,0.049,0.05,0.04920000000000001,0.049,0.0004000000000000003,0.004,0.004,0.004000000000000001,0.004,8.673617379884035e-19,32,32,2560,10240,51200,False,72,1
0.004,0.005,0.004952380952380954,0.005,0.00021295885499997998,0.007,0.007,0.007000000000000001,0.007,8.673617379884035e-19,0.033,0.036000000000000004,0.033900000000000007,0.034,0.0007000000000000008,0.005,0.005,0.005000000000000001,0.005,8.673617379884035e-19,0.015,0.015,0.015000000000000003,0.015,3.469446951953614e-18,0.041,0.042,0.041650000000000006,0.042,0.0004769696007084733,0.003,0.004,0.0031000000000000008,0.003,0.0003,0.044,0.045,0.04460000000000001,0.045,0.0004898979485566361,0.004,0.004,0.004000000000000001,0.004,8.673617379884035e-19,32,32,2560,10240,51200,False,64,1
0.004,0.005,0.004952380952380954,0.005,0.00021295885499997998,0.007,0.007,0.007000000000000001,0.007,8.673617379884035e-19,0.035,0.037,0.03530000000000001,0.035,0.0005567764362830016,0.005,0.005,0.005000000000000001,0.005,8.673617379884035e-19,0.014,0.015,0.014850000000000002,0.015,0.00035707142142714224,0.042,0.044,0.04290000000000001,0.043000000000000003,0.00043588989435406684,0.003,0.003,0.0030000000000000005,0.003,4.336808689942018e-19,0.044,0.046,0.045000000000000005,0.045,0.0006324555320336764,0.004,0.004,0.004000000000000001,0.004,8.673617379884035e-19,32,32,2560,10240,51200,False,56,1
0.004,0.005,0.004619047619047621,0.005,0.0004856209060564558,0.007,0.007,0.007000000000000001,0.007,8.673617379884035e-19,0.034,0.036000000000000004,0.03475000000000001,0.035,0.0005361902647381809,0.005,0.005,0.005000000000000001,0.005,8.673617379884035e-19,0.015,0.016,0.015850000000000003,0.016,0.00035707142142714284,0.043000000000000003,0.045,0.04395,0.044,0.0004974937185533084,0.003,0.003,0.0030000000000000005,0.003,4.336808689942018e-19,0.044,0.045,0.04415000000000001,0.044,0.0003570714214271428,0.004,0.004,0.004000000000000001,0.004,8.673617379884035e-19,32,32,2560,10240,51200,False,48,1
0.004,0.004,0.004000000000000001,0.004,8.673617379884035e-19,0.007,0.007,0.007000000000000001,0.007,8.673617379884035e-19,0.034,0.036000000000000004,0.03425000000000001,0.034,0.0005361902647381809,0.005,0.005,0.005000000000000001,0.005,8.673617379884035e-19,0.015,0.016,0.015650000000000004,0.016,0.00047696960070847325,0.043000000000000003,0.044,0.043300000000000005,0.043000000000000003,0.0004582575694955813,0.003,0.003,0.0030000000000000005,0.003,4.336808689942018e-19,0.043000000000000003,0.044,0.043550000000000005,0.044,0.0004974937185533069,0.004,0.004,0.004000000000000001,0.004,8.673617379884035e-19,32,32,2560,10240,51200,False,40,1
0.004,0.004,0.004000000000000001,0.004,8.673617379884035e-19,0.007,0.007,0.007000000000000001,0.007,8.673617379884035e-19,0.033,0.035,0.03330000000000001,0.033,0.0005567764362830027,0.005,0.005,0.005000000000000001,0.005,8.673617379884035e-19,0.013000000000000001,0.013000000000000001,0.013000000000000003,0.013000000000000001,1.734723475976807e-18,0.04,0.042,0.04095000000000001,0.041,0.00038405728739343076,0.003,0.003,0.0030000000000000005,0.003,4.336808689942018e-19,0.043000000000000003,0.044,0.04305000000000001,0.043000000000000003,0.00021794494717703236,0.004,0.004,0.004000000000000001,0.004,8.673617379884035e-19,32,32,2560,10240,51200,False,32,1
0.003,0.004,0.003952380952380953,0.004,0.00021295885499997998,0.007,0.007,0.007000000000000001,0.007,8.673617379884035e-19,0.032,0.033,0.032150000000000005,0.032,0.00035707142142714284,0.005,0.005,0.005000000000000001,0.005,8.673617379884035e-19,0.014,0.014,0.014000000000000002,0.014,1.734723475976807e-18,0.039,0.041,0.04005000000000001,0.04,0.00038405728739343076,0.002,0.003,0.0021000000000000003,0.002,0.00030000000000000003,0.042,0.043000000000000003,0.04215000000000001,0.042,0.00035707142142714284,0.004,0.004,0.004000000000000001,0.004,8.673617379884035e-19,32,32,2560,10240,51200,False,24,1
0.009000000000000001,0.014,0.013380952380952386,0.014,0.001090049823072342,0.007,0.007,0.007000000000000001,0.007,8.673617379884035e-19,0.032,0.034,0.03245000000000001,0.032,0.0005894913061275802,0.005,0.005,0.005000000000000001,0.005,8.673617379884035e-19,0.012,0.013000000000000001,0.012200000000000003,0.012,0.00040000000000000034,0.039,0.04,0.039650000000000005,0.04,0.0004769696007084733,0.002,0.002,0.0020000000000000005,0.002,4.336808689942018e-19,0.04,0.042,0.04180000000000001,0.042,0.000509901951359279,0.004,0.004,0.004000000000000001,0.004,8.673617379884035e-19,32,32,2560,10240,51200,False,16,1
0.006,0.008,0.007904761904761906,0.008,0.00042591770999995997,0.006,0.007,0.006750000000000002,0.007,0.0004330127018922194,0.031,0.034,0.03150000000000001,0.031,0.000741619848709567,0.005,0.005,0.005000000000000001,0.005,8.673617379884035e-19,0.012,0.013000000000000001,0.012200000000000003,0.012,0.00040000000000000034,0.038,0.039,0.038400000000000004,0.038,0.000489897948556636,0.002,0.002,0.0020000000000000005,0.002,4.336808689942018e-19,0.04,0.042,0.04060000000000001,0.041,0.0005830951894845307,0.004,0.004,0.004000000000000001,0.004,8.673617379884035e-19,32,32,2560,10240,51200,False,8,1
0.004,0.005,0.004952380952380954,0.005,0.00021295885499997998,0.007,0.007,0.007000000000000001,0.007,8.673617379884035e-19,0.031,0.034,0.031150000000000004,0.031,0.0006538348415311017,0.004,0.005,0.004250000000000001,0.004,0.0004330127018922194,0.014,0.015,0.014900000000000002,0.015,0.00029999999999999976,0.038,0.04,0.038900000000000004,0.039,0.0005385164807134509,0.002,0.002,0.0020000000000000005,0.002,4.336808689942018e-19,0.038,0.04,0.03910000000000001,0.039,0.00043588989435406776,0.004,0.004,0.004000000000000001,0.004,8.673617379884035e-19,32,32,2560,10240,51200,False,4,1
0.003,0.004,0.003952380952380953,0.004,0.00021295885499997998,0.007,0.007,0.007000000000000001,0.007,8.673617379884035e-19,0.03,0.033,0.030400000000000003,0.03,0.0007348469228349541,0.004,0.005,0.004200000000000001,0.004,0.0004,0.013000000000000001,0.014,0.013650000000000004,0.014,0.00047696960070847243,0.038,0.039,0.038250000000000006,0.038,0.00043301270189221973,0.002,0.002,0.0020000000000000005,0.002,4.336808689942018e-19,0.039,0.04,0.03935000000000001,0.039,0.00047696960070847325,0.004,0.004,0.004000000000000001,0.004,8.673617379884035e-19,32,32,2560,10240,51200,False,2,1
0.003,0.003,0.0030000000000000005,0.003,4.336808689942018e-19,0.007,0.008,0.007050000000000001,0.007,0.0002179449471770337,0.029,0.033,0.030100000000000005,0.03,0.0007000000000000004,0.004,0.005,0.004250000000000001,0.004,0.00043301270189221935,0.013000000000000001,0.014,0.013650000000000004,0.014,0.0004769696007084724,0.037,0.039,0.03805000000000001,0.038,0.0003840572873934307,0.002,0.002,0.0020000000000000005,0.002,4.336808689942018e-19,0.039,0.04,0.03905000000000001,0.039,0.00021794494717703385,0.004,0.004,0.004000000000000001,0.004,8.673617379884035e-19,32,32,2560,10240,51200,False,1,1
0.136,0.15,0.14142857142857143,0.14,0.004645237485050353,0.041,0.045,0.04295,0.043000000000000003,0.0013219304066402267,0.3185,0.3535,0.332275,0.3255,0.012668341446298331,0.096,0.10300000000000001,0.099,0.098,0.0024083189157584613,0.117,0.127,0.12054999999999998,0.11800000000000001,0.003639711527030676,0.4235,0.47000000000000003,0.44165,0.4335,0.01725405749381868,0.0605,0.0655,0.0623,0.0615,0.0017846568297574762,0.3855,0.4285,0.40384999999999993,0.395,0.01600866952622858,0.078,0.078,0.07800000000000001,0.078,1.3877787807814457e-17,32,32,2560,10240,51200,False,4096,2
0.136,0.149,0.1422857142857143,0.14100000000000001,0.004452317290097439,0.041,0.045,0.043250000000000004,0.043000000000000003,0.0012196310917650447,0.319,0.3545,0.33485,0.33025000000000004,0.013309864762648792,0.096,0.10400000000000001,0.09935000000000002,0.099,0.0027977669667075583,0.116,0.1275,0.12122499999999999,0.11950000000000001,0.004032601517631016,0.4245,0.47150000000000003,0.44580000000000003,0.439,0.01716493518775997,0.0605,0.0655,0.06280000000000001,0.063,0.0018398369492974114,0.3865,0.43,0.4077,0.41000000000000003,0.016512419568312803,0.078,0.078,0.07800000000000001,0.078,1.3877787807814457e-17,32,32,2560,10240,51200,False,4096,2
0.138,0.149,0.14204761904761906,0.14100000000000001,0.0037856394122574746,0.042,0.045,0.042800000000000005,0.042,0.0011224972160321803,0.327,0.35000000000000003,0.33472499999999994,0.327,0.010378433166909165,0.096,0.10300000000000001,0.0988,0.098,0.0021118712081942895,0.11750000000000001,0.127,0.12087500000000002,0.11825000000000001,0.003656757443418961,0.433,0.47250000000000003,0.447025,0.437,0.014407007843407333,0.061,0.065,0.062150000000000004,0.061,0.001492481155659931,0.3955,0.433,0.40665000000000007,0.398,0.012929713840607595,0.076,0.078,0.07710000000000002,0.077,0.0007681145747868615,32,32,2560,10240,51200,False,4064,2
0.135,0.145,0.13995238095238097,0.138,0.0037477128323716133,0.041,0.045,0.04270000000000001,0.042,0.0012288205727444487,0.3205,0.3545,0.334775,0.3305,0.011561222902444188,0.095,0.10200000000000001,0.09815000000000002,0.0975,0.002127792283095323,0.116,0.127,0.12025000000000001,0.11850000000000001,0.003802959373961281,0.427,0.47100000000000003,0.44654999999999995,0.4395,0.015133489353087094,0.06,0.0645,0.06177499999999999,0.061,0.0015610493265749178,0.3905,0.4295,0.40737500000000004,0.40075000000000005,0.014164105160581081,0.076,0.077,0.07605,0.076,0.00021794494717703385,32,32,2560,10240,51200,False,4032,2
0.14200000000000002,0.147,0.14347619047619048,0.14300000000000002,0.0013316315670580444,0.043000000000000003,0.044,0.043500000000000004,0.0435,0.000499999999999997,0.34450000000000003,0.3535,0.34747500000000003,0.34500000000000003,0.0035159458186951433,0.099,0.10200000000000001,0.0999,0.1,0.0008888194417315598,0.1235,0.1265,0.124475,0.12375,0.0012497499749949998,0.4585,0.46950000000000003,0.46187500000000004,0.4585,0.004684749192859745,0.0625,0.064,0.06307500000000002,0.063,0.0006179603547154142,0.418,0.4285,0.42155,0.4185,0.00431537947346465,0.076,0.076,0.07600000000000001,0.076,1.3877787807814457e-17,32,32,2560,10240,51200,False,4000,2
0.14300000000000002,0.146,0.14428571428571432,0.14400000000000002,0.001030157507275415,0.044,0.044,0.044000000000000004,0.044,6.938893903907228e-18,0.3535,0.3545,0.35380000000000006,0.354,0.0002915475947422653,0.099,0.101,0.09995000000000001,0.1,0.0005894913061275802,0.126,0.127,0.12639999999999998,0.1265,0.0002549509756796395,0.47000000000000003,0.47100000000000003,0.470425,0.47050000000000003,0.00036314597615834913,0.0635,0.0635,0.06349999999999997,0.0635,2.7755575615628914e-17,0.4285,0.429,0.4287749999999999,0.429,0.0002487468592766552,0.076,0.076,0.07600000000000001,0.076,1.3877787807814457e-17,32,32,2560,10240,51200,False,3968,2
0.14100000000000001,0.145,0.14242857142857146,0.14200000000000002,0.0010497813183356455,0.043000000000000003,0.044,0.04340000000000001,0.043000000000000003,0.0004898979485566326,0.352,0.357,0.35330000000000006,0.3525,0.0018734993995195212,0.098,0.1,0.09875000000000003,0.0985,0.0008291561975888507,0.125,0.127,0.12582500000000002,0.1255,0.0006179603547154143,0.468,0.47450000000000003,0.46962500000000007,0.4685,0.0023972640655547336,0.0625,0.063,0.0626,0.0625,0.00020000000000000015,0.4265,0.433,0.42782500000000007,0.427,0.002152179128232594,0.074,0.076,0.07519999999999999,0.075,0.000509901951359279,32,32,2560,10240,51200,False,3936,2
0.14,0.14400000000000002,0.14204761904761903,0.14200000000000002,0.0010454523047666747,0.042,0.043000000000000003,0.04295000000000001,0.043000000000000003,0.00021794494717703385,0.34950000000000003,0.3545,0.35375000000000006,0.354,0.0010062305898748945,0.098,0.101,0.09855,0.098,0.0007399324293474377,0.1245,0.126,0.1258,0.126,0.00036742346141747706,0.465,0.47100000000000003,0.47025000000000006,0.47050000000000003,0.0012500000000000011,0.062,0.0625,0.062475,0.0625,0.00010897247358851693,0.4285,0.429,0.42857499999999993,0.4285,0.0001785357107135714,0.074,0.075,0.07415000000000001,0.074,0.0003570714214271428,32,32,2560,10240,51200,False,3904,2
0.137,0.14300000000000002,0.13914285714285712,0.139,0.0012453996981544792,0.041,0.043000000000000003,0.04200000000000001,0.042,0.00044721359549995833,0.34750000000000003,0.3525,0.35047500000000004,0.352,0.0021358546298846964,0.096,0.098,0.09720000000000001,0.097,0.0006000000000000005,0.1235,0.1255,0.1246,0.125,0.0007348469228349541,0.462,0.4685,0.46610000000000007,0.468,0.0027595289453093285,0.061,0.062,0.06135,0.0615,0.00027838821814150135,0.4215,0.427,0.42489999999999994,0.4265,0.0025029982021567677,0.074,0.074,0.07400000000000001,0.074,1.3877787807814457e-17,32,32,2560,10240,51200,False,3872,2
0.137,0.14,0.1388095238095238,0.139,0.0007315376902732014,0.041,0.043000000000000003,0.04195000000000001,0.042,0.0004974937185533105,0.3865,0.394,0.3882250000000001,0.387,0.002772521415607103,0.096,0.099,0.0971,0.097,0.0009949874371066208,0.1235,0.126,0.1242,0.124,0.0009273618495495712,0.465,0.47300000000000003,0.46645000000000003,0.465,0.002787920371890132,0.061,0.062,0.061149999999999996,0.061,0.00035707142142714284,0.4255,0.4325,0.427075,0.426,0.0022982330169066863,0.073,0.074,0.07365000000000001,0.074,0.0004769696007084732,32,32,2560,10240,51200,False,3840,2
0.136,0.138,0.13690476190476192,0.137,0.0007499055118106493,0.04,0.042,0.04125000000000001,0.041,0.0005361902647381809,0.379,0.3845,0.383625,0.384,0.0010940178243520541,0.094,0.096,0.0949,0.095,0.0006244997998398403,0.121,0.123,0.12250000000000001,0.1225,0.00038729833462074204,0.4545,0.46,0.459475,0.4595,0.0011669940016983816,0.06,0.0605,0.060125000000000005,0.06,0.00021650635094610984,0.418,0.4215,0.420775,0.421,0.0006977642868476439,0.07200000000000001,0.073,0.0728,0.073,0.0003999999999999948,32,32,2560,10240,51200,False,3808,2
0.135,0.138,0.13585714285714287,0.136,0.0008329931278350436,0.04,0.041,0.04060000000000001,0.041,0.000489897948556636,0.379,0.384,0.38122500000000004,0.38,0.0020885102345930716,0.092,0.096,0.09395,0.094,0.0009205976319760994,0.1205,0.1225,0.12149999999999998,0.121,0.0007416198487095669,0.455,0.461,0.45747499999999997,0.4555,0.002685493436968337,0.059000000000000004,0.06,0.059425000000000006,0.059500000000000004,0.0004264680527307971,0.417,0.4225,0.41930000000000006,0.4175,0.0025219040425837006,0.07200000000000001,0.07200000000000001,0.07200000000000002,0.07200000000000001,1.3877787807814457e-17,32,32,2560,10240,51200,False,3776,2
0.132,0.137,0.13466666666666668,0.135,0.001247219128924648,0.04,0.041,0.04025000000000001,0.04,0.0004330127018922198,0.384,0.3855,0.38497499999999996,0.385,0.0003344772040064916,0.093,0.095,0.09380000000000001,0.094,0.0006000000000000006,0.1225,0.123,0.12262500000000001,0.1225,0.00021650635094610984,0.461,0.4615,0.46125000000000016,0.46125000000000005,0.0002500000000000002,0.059000000000000004,0.059500000000000004,0.059450000000000024,0.059500000000000004,0.00015000000000000015,0.4225,0.423,0.422525,0.4225,0.00010897247358851693,0.07100000000000001,0.07200000000000001,0.07145000000000001,0.07100000000000001,0.0004974937185533104,32,32,2560,10240,51200,False,3744,2
0.133,0.137,0.13504761904761903,0.135,0.0009988655696858593,0.04,0.041,0.04055000000000001,0.041,0.0004974937185533104,0.3805,0.3885,0.38367500000000004,0.38125,0.0033551266742106803,0.092,0.096,0.09425000000000001,0.094,0.0008874119674649433,0.116,0.11900000000000001,0.11710000000000001,0.1165,0.0010908712114635723,0.428,0.4365,0.43125,0.4285,0.0035899164335677822,0.0585,0.059500000000000004,0.05892500000000002,0.058750000000000004,0.0004548351349665067,0.4255,0.4325,0.4281499999999999,0.4255,0.003205854020382091,0.07,0.07100000000000001,0.0703,0.07,0.0004582575694955844,32,32,2560,10240,51200,False,3712,2
0.13,0.133,0.13085714285714287,0.131,0.0009404008408634056,0.039,0.04,0.03950000000000001,0.0395,0.0005000000000000004,0.373,0.379,0.374375,0.3735,0.0018294466376475719,0.091,0.093,0.09154999999999999,0.091,0.0006689544080129831,0.1135,0.1155,0.11387499999999999,0.1135,0.0005889609494694879,0.419,0.4255,0.42037500000000005,0.41974999999999996,0.0017809758560968776,0.057,0.058,0.057125,0.057,0.00026809513236909045,0.41500000000000004,0.4215,0.41582500000000006,0.41500000000000004,0.0018321776660575105,0.07,0.07,0.07000000000000002,0.07,1.3877787807814457e-17,32,32,2560,10240,51200,False,3680,2
0.131,0.133,0.132,0.132,0.0006172133998483682,0.039,0.04,0.03950000000000001,0.0395,0.0005000000000000004,0.3785,0.381,0.3799,0.38,0.0005612486080160918,0.091,0.093,0.09195,0.092,0.0007399324293474377,0.1145,0.1155,0.11527500000000002,0.1155,0.0002947456530637901,0.426,0.427,0.42627500000000007,0.42625,0.0002947456530637902,0.0575,0.0575,0.057500000000000016,0.0575,1.3877787807814457e-17,0.4225,0.423,0.4226,0.4225,0.00020000000000000017,0.069,0.07,0.06985000000000001,0.07,0.00035707142142714284,32,32,2560,10240,51200,False,3648,2
0.128,0.131,0.1291904761904762,0.129,0.0007939681905015753,0.038,0.039,0.038950000000000005,0.039,0.00021794494717703385,0.3765,0.3785,0.37729999999999997,0.37725,0.00048476798574163344,0.089,0.091,0.09054999999999999,0.091,0.0005894913061275802,0.114,0.115,0.11447500000000002,0.1145,0.00019202864369671538,0.4235,0.4245,0.424025,0.424,0.00036996621467371885,0.0565,0.057,0.056525000000000006,0.0565,0.00010897247358851693,0.4195,0.42,0.41980000000000006,0.42,0.000244948974278318,0.068,0.07,0.06830000000000001,0.068,0.0005567764362830027,32,32,2560,10240,51200,False,3616,2
0.127,0.131,0.12828571428571428,0.128,0.0012399253872658618,0.038,0.039,0.038250000000000006,0.038,0.0004330127018922198,0.304,0.3105,0.30707500000000004,0.3075,0.002409745837220185,0.08700000000000001,0.09,0.08814999999999999,0.088,0.0010136567466356608,0.1125,0.115,0.11342500000000003,0.1135,0.000810478253872367,0.41600000000000004,0.425,0.4201499999999999,0.4205,0.003358198922041379,0.056,0.057,0.056475,0.0565,0.00036996621467371885,0.41300000000000003,0.4225,0.4175750000000001,0.418,0.003479493497622875,0.068,0.068,0.06800000000000002,0.068,1.3877787807814457e-17,32,32,2560,10240,51200,False,3584,2
0.126,0.13,0.12785714285714286,0.128,0.0010816968277714816,0.038,0.039,0.03830000000000001,0.038,0.0004582575694955844,0.3095,0.314,0.31089999999999995,0.31,0.0018000000000000015,0.08600000000000001,0.089,0.08754999999999999,0.088,0.000668954408012977,0.114,0.116,0.11474999999999999,0.1145,0.000580947501931113,0.423,0.429,0.4247000000000001,0.4235,0.0024361855430159686,0.056,0.057,0.05647500000000001,0.0565,0.0003699662146737189,0.42,0.4255,0.42139999999999994,0.42,0.0022226110770892887,0.068,0.068,0.06800000000000002,0.068,1.3877787807814457e-17,32,32,2560,10240,51200,False,3552,2
0.124,0.128,0.12619047619047621,0.126,0.001005652956282995,0.037,0.038,0.03780000000000001,0.038,0.00040000000000000034,0.3065,0.314,0.31002500000000005,0.3105,0.0024055924426219853,0.085,0.088,0.08675000000000002,0.08700000000000001,0.000993730345717586,0.1125,0.1155,0.114025,0.114,0.0009679230341302977,0.4185,0.428,0.42287500000000006,0.4235,0.003510252839896297,0.055,0.0565,0.05585,0.056,0.0004213074886588183,0.41500000000000004,0.4245,0.419775,0.4205,0.003483801802628828,0.066,0.068,0.06725,0.067,0.0006224949798994371,32,32,2560,10240,51200,False,3520,2
0.122,0.127,0.12566666666666665,0.126,0.0012084359562332886,0.037,0.038,0.0374,0.037,0.000489897948556636,0.3035,0.3105,0.30949999999999994,0.31,0.002018662923818637,0.084,0.08700000000000001,0.086,0.08600000000000001,0.0008366600265340762,0.112,0.1145,0.11399999999999999,0.114,0.0007071067811865482,0.41450000000000004,0.4245,0.42345,0.4245,0.0026781523481684087,0.0545,0.0555,0.05545000000000001,0.0555,0.00021794494717703385,0.4295,0.4405,0.43909999999999993,0.44,0.0023748684174075855,0.066,0.067,0.0663,0.066,0.0004582575694955844,32,32,2560,10240,51200,False,3488,2
0.125,0.131,0.12904761904761905,0.129,0.001290115922299436,0.037,0.039,0.03815,0.038,0.0004769696007084732,0.34900000000000003,0.3585,0.35677499999999995,0.357,0.0018673175948402464,0.08700000000000001,0.091,0.08895,0.089,0.0008645808232895283,0.108,0.111,0.11045,0.1105,0.000630476010645925,0.396,0.4055,0.404025,0.40425,0.001939555361416633,0.055,0.0565,0.056425,0.0565,0.0003269174207655508,0.3675,0.372,0.37085000000000007,0.371,0.0008381527307120112,0.066,0.066,0.06600000000000002,0.066,1.3877787807814457e-17,32,32,2560,10240,51200,False,3456,2
0.124,0.128,0.12557142857142858,0.125,0.0012562767579307552,0.037,0.038,0.03735000000000001,0.037,0.00047696960070847325,0.35000000000000003,0.3555,0.35165,0.35100000000000003,0.0017755280904564502,0.08600000000000001,0.088,0.0872,0.08700000000000001,0.0005099019513592736,0.108,0.11,0.10869999999999999,0.1085,0.000509901951359279,0.3975,0.403,0.39859999999999995,0.398,0.0018207141456033143,0.0545,0.0555,0.055025000000000004,0.055,0.0002487468592766552,0.364,0.369,0.36489999999999995,0.364,0.0017363755354185353,0.065,0.066,0.06555,0.066,0.0004974937185533104,32,32,2560,10240,51200,False,3424,2
0.123,0.128,0.12595238095238093,0.126,0.0011741740958036157,0.037,0.038,0.03730000000000001,0.037,0.0004582575694955844,0.34900000000000003,0.358,0.35694999999999993,0.3575,0.0018634645153584122,0.085,0.089,0.08729999999999999,0.08700000000000001,0.0008426149773176312,0.108,0.111,0.11034999999999999,0.1105,0.0005937171043518965,0.3955,0.405,0.40435,0.405,0.002050000000000002,0.054,0.0555,0.05537500000000001,0.0555,0.0003491060010942238,0.3685,0.371,0.370425,0.3705,0.0005973901572674266,0.064,0.066,0.06485,0.065,0.0005722761571129803,32,32,2560,10240,51200,False,3392,2
0.122,0.126,0.12371428571428573,0.123,0.0011187942975686422,0.036000000000000004,0.037,0.03640000000000001,0.036000000000000004,0.0004898979485566326,0.35100000000000003,0.3525,0.3514,0.35150000000000003,0.00037416573867738183,0.084,0.08700000000000001,0.0856,0.08600000000000001,0.0006633249580710807,0.108,0.109,0.10855,0.1085,0.00021794494717703388,0.3975,0.3985,0.39814999999999995,0.398,0.00027838821814150135,0.054,0.0545,0.054125,0.054,0.00021650635094610986,0.365,0.365,0.36500000000000005,0.365,5.551115123125783e-17,0.064,0.065,0.06405000000000001,0.064,0.00021794494717703385,32,32,2560,10240,51200,False,3360,2
0.12,0.125,0.12123809523809526,0.121,0.0013768411709334258,0.035,0.036000000000000004,0.03550000000000001,0.035500000000000004,0.0005000000000000006,0.3385,0.34450000000000003,0.34015000000000006,0.33925000000000005,0.0019563997546513867,0.083,0.085,0.08455,0.085,0.0005894913061275802,0.105,0.107,0.105375,0.105,0.0007048936089935848,0.3865,0.393,0.38815,0.3875,0.0020862646045025084,0.0525,0.053,0.052575,0.0525,0.00017853571071357142,0.37,0.3755,0.370975,0.37,0.0019136026233259628,0.063,0.064,0.06390000000000001,0.064,0.00030000000000000024,32,32,2560,10240,51200,False,3328,2
0.11800000000000001,0.124,0.11957142857142858,0.12,0.0014333254231707017,0.035,0.036000000000000004,0.035350000000000006,0.035,0.00047696960070847314,0.34,0.34600000000000003,0.34212500000000007,0.3405,0.002339203924415315,0.083,0.085,0.08395000000000001,0.084,0.0005894913061275802,0.1055,0.1075,0.10627500000000004,0.106,0.0006796138609534099,0.389,0.396,0.3912,0.3895,0.0026191601707417616,0.052000000000000005,0.053,0.052275000000000016,0.052000000000000005,0.00043229041164476184,0.372,0.379,0.3742249999999999,0.3725,0.0028083580612165565,0.062,0.064,0.06285,0.063,0.0006538348415311016,32,32,2560,10240,51200,False,3296,2
0.115,0.11900000000000001,0.11733333333333333,0.117,0.0009428090415820643,0.034,0.035,0.034600000000000006,0.035,0.0004898979485566361,0.335,0.3405,0.33679999999999993,0.336,0.0020457272545478804,0.081,0.084,0.08235,0.082,0.0007921489758877437,0.10350000000000001,0.1055,0.1041,0.10400000000000001,0.0006244997998398348,0.3825,0.3875,0.3839,0.3825,0.002016184515365597,0.051000000000000004,0.051500000000000004,0.05115000000000001,0.051000000000000004,0.0002291287847477922,0.3655,0.3705,0.36692500000000006,0.366,0.0018991774535308717,0.062,0.063,0.062150000000000004,0.062,0.00035707142142714284,32,32,2560,10240,51200,False,3264,2
0.113,0.117,0.11538095238095239,0.116,0.0011328930717495553,0.034,0.035,0.034350000000000006,0.034,0.00047696960070847314,0.337,0.339,0.3378250000000001,0.338,0.00048153400710645593,0.08,0.083,0.08165,0.082,0.0009096702699330133,0.1045,0.105,0.104625,0.1045,0.0002165063509461099,0.385,0.387,0.3858750000000001,0.386,0.00047103609203541974,0.0505,0.051000000000000004,0.0508,0.051000000000000004,0.00024494897427831806,0.368,0.3695,0.3686250000000001,0.3685,0.0005448623679425847,0.061,0.062,0.06170000000000001,0.062,0.00045825756949558437,32,32,2560,10240,51200,False,3232,2
0.114,0.11900000000000001,0.11733333333333336,0.117,0.0010837911120705763,0.034,0.035,0.03455000000000001,0.035,0.0004974937185533104,0.277,0.278,0.277475,0.2775,0.00024874685927665525,0.079,0.083,0.08070000000000001,0.0805,0.0009539392014169464,0.106,0.107,0.106075,0.106,0.00023848480035423665,0.392,0.393,0.39272500000000005,0.39275000000000004,0.0002947456530637901,0.051000000000000004,0.051000000000000004,0.05100000000000001,0.051000000000000004,6.938893903907228e-18,0.3745,0.3755,0.37492500000000006,0.375,0.0003631459761583491,0.06,0.062,0.06055000000000001,0.06,0.0006689544080129831,32,32,2560,10240,51200,False,3200,2
0.11,0.115,0.11300000000000002,0.113,0.0012724180205607048,0.033,0.034,0.033150000000000006,0.033,0.00035707142142714284,0.2695,0.273,0.27117500000000005,0.27125,0.0014939461168328675,0.077,0.079,0.07815000000000001,0.078,0.000726291952316698,0.10250000000000001,0.10400000000000001,0.10337500000000002,0.10350000000000001,0.0006495190528383296,0.381,0.386,0.38362500000000005,0.38375000000000004,0.0020968726713847,0.049,0.05,0.049550000000000004,0.0495,0.0003122498999199202,0.3635,0.3685,0.3662750000000001,0.36724999999999997,0.002058367071248471,0.059000000000000004,0.061,0.06000000000000001,0.06,0.0003162277660168371,32,32,2560,10240,51200,False,3168,2
0.112,0.116,0.11404761904761905,0.114,0.0009499970163457152,0.033,0.034,0.033100000000000004,0.033,0.00030000000000000024,0.2715,0.2755,0.273,0.272,0.0017464249196572999,0.077,0.08,0.07850000000000001,0.078,0.0007416198487095669,0.10350000000000001,0.105,0.103925,0.10350000000000001,0.0005760859310901402,0.3855,0.3905,0.38697500000000007,0.3855,0.0022554101622543087,0.0495,0.05,0.04965,0.0495,0.00022912878474779219,0.3685,0.3735,0.369975,0.3685,0.002100446381129499,0.058,0.059000000000000004,0.05894999999999999,0.059000000000000004,0.0002179449471770339,32,32,2560,10240,51200,False,3136,2
0.10400000000000001,0.113,0.11100000000000002,0.112,0.0022886885410853173,0.031,0.033,0.032650000000000005,0.033,0.0005722761571129804,0.2605,0.273,0.270525,0.27225,0.003530138099281673,0.074,0.079,0.0766,0.077,0.0012409673645990868,0.0985,0.10350000000000001,0.1024,0.10300000000000001,0.0012103718436910214,0.369,0.387,0.3841,0.3865,0.004020572098594928,0.0475,0.049,0.04875000000000001,0.049,0.00037080992435478346,0.353,0.3695,0.36697499999999994,0.369,0.003692813967694558,0.057,0.059000000000000004,0.058100000000000006,0.058,0.0004358898943540678,32,32,2560,10240,51200,False,3104,2
0.108,0.113,0.11133333333333335,0.112,0.0010389249632986404,0.032,0.033,0.03280000000000001,0.033,0.00040000000000000034,0.2715,0.2725,0.27190000000000003,0.272,0.00025495097567963945,0.076,0.078,0.077,0.077,0.0006324555320336764,0.096,0.0965,0.09602500000000001,0.096,0.00010897247358851693,0.34900000000000003,0.35000000000000003,0.34965,0.34950000000000003,0.0003201562118716428,0.0485,0.049,0.048975000000000005,0.049,0.00010897247358851693,0.369,0.3695,0.36940000000000006,0.3695,0.00020000000000000017,0.058,0.059000000000000004,0.05805000000000001,0.058,0.00021794494717703385,32,32,2560,10240,51200,False,3072,2
0.105,0.11,0.10799999999999998,0.108,0.0012344267996967364,0.031,0.033,0.03180000000000001,0.032,0.0006000000000000006,0.263,0.2705,0.26672500000000005,0.26775000000000004,0.0032995264811787797,0.074,0.076,0.0753,0.075,0.0007141428428542856,0.093,0.0955,0.09422499999999998,0.09425,0.0011669940016983816,0.3385,0.34900000000000003,0.34385000000000004,0.34500000000000003,0.00462898476990366,0.047,0.0485,0.047525000000000005,0.0475,0.00048669805834829514,0.3575,0.3675,0.3625,0.363,0.004150301193889431,0.056,0.058,0.05755000000000001,0.058,0.0005894913061275802,32,32,2560,10240,51200,False,3040,2
0.10200000000000001,0.112,0.10880952380952381,0.109,0.0018928197061287412,0.031,0.032,0.031950000000000006,0.032,0.00021794494717703385,0.2625,0.272,0.27117499999999994,0.2715,0.0020017180121086006,0.074,0.077,0.0757,0.076,0.0006403124237432856,0.092,0.0965,0.09580000000000002,0.096,0.0008860022573334684,0.34700000000000003,0.35050000000000003,0.35015,0.35050000000000003,0.0007599342076785339,0.048,0.048,0.04800000000000001,0.048,6.938893903907228e-18,0.3685,0.369,0.36889999999999995,0.369,0.00020000000000000017,0.055,0.057,0.055700000000000006,0.056,0.0006403124237432856,32,32,2560,10240,51200,False,3008,2
0.10200000000000001,0.109,0.10695238095238098,0.107,0.0013619380615309598,0.031,0.032,0.03180000000000001,0.032,0.00040000000000000034,0.27,0.274,0.2717000000000001,0.271,0.001461163919620247,0.073,0.077,0.07505,0.075,0.0009205976319760993,0.095,0.0965,0.095725,0.0955,0.0004866980583482951,0.34850000000000003,0.353,0.350075,0.34900000000000003,0.001755526986406052,0.047,0.0475,0.047224999999999996,0.047,0.0002487468592766552,0.366,0.3705,0.36819999999999997,0.367,0.0017131841699011832,0.055,0.055,0.05500000000000001,0.055,6.938893903907228e-18,32,32,2560,10240,51200,False,2976,2
0.10200000000000001,0.108,0.1051904761904762,0.105,0.0013669238185149795,0.03,0.032,0.030900000000000004,0.031,0.0005385164807134509,0.28750000000000003,0.297,0.29169999999999996,0.2925,0.0031599050618649712,0.07200000000000001,0.075,0.07335,0.073,0.0009096702699330093,0.0925,0.095,0.093625,0.09375,0.0009470348462437913,0.3375,0.34900000000000003,0.3425750000000001,0.34400000000000003,0.004139066923836823,0.0455,0.047,0.046125000000000006,0.04625,0.0005673402858955113,0.356,0.369,0.36182499999999995,0.36275,0.004561455359860495,0.054,0.056,0.054900000000000004,0.055,0.0007681145747868615,32,32,2560,10240,51200,False,2944,2
0.099,0.105,0.10352380952380956,0.10400000000000001,0.0012580804584402746,0.03,0.032,0.031000000000000007,0.031,0.0003162277660168382,0.292,0.2935,0.29245,0.2925,0.00038405728739343076,0.07100000000000001,0.074,0.07265,0.07250000000000001,0.0008529361054615936,0.0935,0.094,0.09392500000000001,0.094,0.00017853571071357142,0.3435,0.34500000000000003,0.344125,0.34400000000000003,0.00034910600109422385,0.0455,0.046,0.04554999999999999,0.0455,0.00015000000000000012,0.362,0.363,0.36235,0.3625,0.0003201562118716427,0.053,0.054,0.053700000000000005,0.054,0.00045825756949558437,32,32,2560,10240,51200,False,2912,2
0.099,0.105,0.10338095238095239,0.10300000000000001,0.001252661565520561,0.03,0.031,0.030950000000000005,0.031,0.00021794494717703385,0.2955,0.297,0.2959,0.296,0.00033911649915626367,0.07200000000000001,0.073,0.07275,0.073,0.00043301270189221376,0.0945,0.095,0.0949,0.095,0.00020000000000000015,0.34650000000000003,0.34700000000000003,0.34685,0.34700000000000003,0.0002291287847477922,0.0455,0.0455,0.0455,0.0455,0.0,0.366,0.367,0.36667500000000003,0.3665,0.0003269174207655508,0.053,0.054,0.05315000000000001,0.053,0.0003570714214271428,32,32,2560,10240,51200,False,2880,2
0.095,0.10400000000000001,0.10171428571428574,0.10200000000000001,0.0017766436291597756,0.029,0.031,0.029850000000000005,0.03,0.0004769696007084721,0.28600000000000003,0.294,0.2911,0.2905,0.0025719642299223237,0.07,0.07200000000000001,0.07089999999999999,0.07100000000000001,0.0007000000000000006,0.0835,0.0855,0.08479999999999999,0.0845,0.0007141428428542856,0.3355,0.34400000000000003,0.34125000000000005,0.34125000000000005,0.002913331426391446,0.044,0.045,0.04465000000000001,0.0445,0.0003570714214271428,0.3555,0.3645,0.36144999999999994,0.362,0.003020347662107794,0.051000000000000004,0.053,0.05285000000000001,0.053,0.0004769696007084712,32,32,2560,10240,51200,False,2848,2
0.099,0.106,0.10390476190476192,0.10400000000000001,0.0013058389715049589,0.03,0.031,0.030900000000000004,0.031,0.0003000000000000003,0.264,0.265,0.26454999999999995,0.2645,0.00026925824035672544,0.07100000000000001,0.074,0.07300000000000001,0.073,0.0008366600265340713,0.0955,0.096,0.095575,0.0955,0.00017853571071357142,0.3245,0.326,0.3254500000000001,0.3255,0.0004153311931459041,0.0455,0.0455,0.0455,0.0455,0.0,0.372,0.3735,0.37274999999999997,0.37275,0.00033541019662496876,0.051000000000000004,0.052000000000000005,0.051550000000000006,0.052000000000000005,0.0004974937185533105,32,32,2560,10240,51200,False,2816,2
0.095,0.10200000000000001,0.09971428571428573,0.1,0.001350233036072175,0.028,0.03,0.029600000000000005,0.03,0.000583095189484529,0.28650000000000003,0.2905,0.28822500000000006,0.28750000000000003,0.0014446020213193414,0.068,0.07100000000000001,0.06985,0.07,0.0008529361054615998,0.092,0.0935,0.092525,0.0925,0.0004866980583482951,0.313,0.317,0.31487499999999996,0.314,0.0016573699043967236,0.043500000000000004,0.044,0.04372500000000001,0.043500000000000004,0.0002487468592766517,0.359,0.3635,0.36145,0.3615,0.002054872258803453,0.051000000000000004,0.051000000000000004,0.05100000000000001,0.051000000000000004,6.938893903907228e-18,32,32,2560,10240,51200,False,2784,2
0.092,0.101,0.09909523809523811,0.1,0.001973750645339307,0.028,0.03,0.028950000000000004,0.029,0.0004974937185533096,0.2895,0.2945,0.291475,0.29025,0.001939555361416633,0.068,0.07100000000000001,0.06960000000000002,0.07,0.0007348469228349541,0.0855,0.08700000000000001,0.08592499999999999,0.0855,0.000530919014539883,0.3155,0.321,0.31779999999999997,0.3165,0.002076053949202671,0.043500000000000004,0.044,0.043699999999999996,0.043500000000000004,0.0002449489742783146,0.363,0.368,0.36505,0.3635,0.0021731313812100752,0.049,0.05,0.04910000000000001,0.049,0.0003000000000000003,32,32,2560,10240,51200,False,2752,2
0.09,0.1,0.09757142857142859,0.098,0.0019656921371952675,0.028,0.029,0.028500000000000004,0.0285,0.0005000000000000004,0.28300000000000003,0.29,0.28737500000000005,0.28725,0.0021958768180387334,0.067,0.069,0.06785,0.068,0.0005722761571129803,0.0905,0.093,0.09209999999999999,0.09225,0.000751664818918646,0.3095,0.316,0.31385,0.3135,0.0020560885194952105,0.042,0.043000000000000003,0.042675000000000005,0.0425,0.0003269174207655508,0.3545,0.363,0.3602499999999999,0.359,0.002768122107133284,0.048,0.049,0.04845000000000001,0.048,0.0004974937185533104,32,32,2560,10240,51200,False,2720,2
0.093,0.10200000000000001,0.1,0.1,0.0018516401995451043,0.029,0.031,0.029750000000000006,0.03,0.0006982120021884462,0.23950000000000002,0.246,0.24164999999999998,0.24,0.002641495788374457,0.067,0.069,0.0679,0.068,0.0008306623862918082,0.0805,0.083,0.08120000000000001,0.0805,0.0009273618495495712,0.318,0.326,0.3207999999999999,0.3185,0.003476348659153742,0.043000000000000003,0.044,0.04365000000000001,0.043500000000000004,0.00027838821814149826,0.2925,0.3,0.29537499999999994,0.293,0.003255284165783383,0.048,0.049,0.04825000000000001,0.048,0.0004330127018922198,32,32,2560,10240,51200,False,2688,2
0.08700000000000001,0.10200000000000001,0.09776190476190479,0.098,0.0029423793725286496,0.027,0.029,0.028650000000000002,0.029,0.0006538348415311016,0.227,0.242,0.23852500000000001,0.23900000000000002,0.00498616836859727,0.064,0.067,0.0662,0.0665,0.001029563014098701,0.076,0.0815,0.0799,0.08025,0.0017073371078963888,0.301,0.3215,0.31655,0.31775,0.006789513973768673,0.041,0.043500000000000004,0.0427,0.043000000000000003,0.000748331477354789,0.2775,0.2955,0.2915749999999999,0.29225,0.005604183705054631,0.046,0.048,0.047450000000000006,0.0475,0.0005894913061275802,32,32,2560,10240,51200,False,2656,2
0.089,0.099,0.09623809523809523,0.096,0.0019248936125150242,0.028,0.029,0.028200000000000003,0.028,0.00040000000000000034,0.23650000000000002,0.246,0.23970000000000002,0.23950000000000002,0.0029512709126747333,0.064,0.067,0.06570000000000001,0.0655,0.0010049875621120899,0.079,0.0825,0.08032500000000001,0.08025,0.0010401322031357368,0.314,0.326,0.3182,0.318,0.003963584236521287,0.042,0.043500000000000004,0.04245000000000001,0.0425,0.0004153311931459041,0.29,0.3005,0.293675,0.2935,0.003668361350794115,0.046,0.047,0.04610000000000001,0.046,0.0003000000000000003,32,32,2560,10240,51200,False,2624,2
0.08700000000000001,0.099,0.0964761904761905,0.097,0.0022807485742529607,0.027,0.028,0.027500000000000004,0.0275,0.0005000000000000004,0.23700000000000002,0.24,0.23852499999999996,0.23925000000000002,0.0011669940016983782,0.064,0.066,0.06489999999999999,0.065,0.0007000000000000006,0.0795,0.0805,0.07990000000000001,0.08,0.0004062019202317984,0.3145,0.3185,0.3167249999999999,0.31775,0.001592757043619649,0.0415,0.042,0.04177500000000001,0.042,0.0002487468592766552,0.2895,0.293,0.2915,0.29225,0.0012041594578792306,0.045,0.045,0.045000000000000005,0.045,6.938893903907228e-18,32,32,2560,10240,51200,False,2592,2
0.084,0.094,0.09180952380952381,0.092,0.001942483624225822,0.025,0.027,0.026150000000000007,0.026000000000000002,0.000476969600708472,0.2255,0.2335,0.22820000000000001,0.228,0.0025563646062328454,0.061,0.064,0.06275,0.063,0.0007664854858377953,0.076,0.0785,0.076875,0.07675,0.0008496322733983221,0.2995,0.31,0.3032999999999999,0.3025,0.0035227829907617104,0.04,0.0415,0.040475000000000004,0.0405,0.00046029881598804963,0.2735,0.28300000000000003,0.2770000000000001,0.2765,0.0033726843908080135,0.042,0.044,0.043000000000000003,0.043000000000000003,0.0004472135954999568,32,32,2560,10240,51200,False,2560,2
0.08,0.091,0.08852380952380952,0.089,0.0023221305409974473,0.025,0.026000000000000002,0.025500000000000005,0.025500000000000002,0.0005000000000000004,0.221,0.23,0.224625,0.2215,0.004040034034510109,0.06,0.063,0.06155000000000001,0.062,0.0008046738469715548,0.0745,0.0775,0.07562499999999997,0.0745,0.0013863170633011783,0.2935,0.3055,0.29849999999999993,0.29425,0.005465802777268867,0.039,0.04,0.039400000000000004,0.039,0.000489897948556636,0.2685,0.279,0.27295,0.269,0.004903825037661931,0.042,0.043000000000000003,0.04215000000000001,0.042,0.00035707142142714284,32,32,2560,10240,51200,False,2528,2
0.08,0.092,0.08976190476190476,0.09,0.002388559276949419,0.025,0.026000000000000002,0.025550000000000007,0.026000000000000002,0.0004974937185533105,0.2275,0.23,0.22792500000000002,0.2275,0.0006759252917297893,0.06,0.062,0.0612,0.061,0.0006000000000000006,0.0765,0.0775,0.0768,0.07675,0.0003316624790355403,0.302,0.3055,0.30267499999999997,0.3025,0.000965336728815392,0.0395,0.04,0.03955,0.0395,0.00015000000000000015,0.2765,0.2795,0.276975,0.2765,0.0008870597499605093,0.041,0.042,0.04195000000000001,0.042,0.00021794494717703385,32,32,2560,10240,51200,False,2496,2
0.074,0.091,0.08776190476190476,0.089,0.0036108930685959757,0.023,0.026000000000000002,0.024800000000000006,0.025,0.0006782329983125273,0.2125,0.232,0.225875,0.2275,0.004687416665925917,0.057,0.062,0.060399999999999995,0.061,0.0011135528725660035,0.0725,0.078,0.076175,0.0765,0.001267625733408723,0.28250000000000003,0.309,0.3004,0.302,0.006090155991434035,0.037,0.0395,0.038825000000000005,0.039,0.0006179603547154142,0.258,0.28250000000000003,0.274775,0.276,0.0058533644171536135,0.04,0.042,0.04085000000000001,0.041,0.0006538348415311016,32,32,2560,10240,51200,False,2464,2
0.081,0.091,0.08857142857142856,0.089,0.0019656921371952654,0.025,0.026000000000000002,0.025100000000000004,0.025,0.0003000000000000003,0.2485,0.2545,0.24995000000000003,0.249,0.0022907422377910634,0.061,0.063,0.06174999999999999,0.062,0.0006982120021884477,0.082,0.0845,0.08280000000000001,0.0825,0.0008124038404635968,0.28,0.28750000000000003,0.2822,0.281,0.0025219040425837006,0.0385,0.0395,0.038799999999999994,0.0385,0.00043011626335213174,0.2795,0.28650000000000003,0.28127500000000005,0.28,0.0027407799984675916,0.04,0.041,0.04010000000000001,0.04,0.0003000000000000003,32,32,2560,10240,51200,False,2432,2
0.074,0.088,0.08447619047619048,0.084,0.0028721826380952815,0.023,0.025,0.024300000000000006,0.024,0.0005567764362830027,0.23850000000000002,0.2505,0.24295000000000005,0.23900000000000002,0.005195911854525624,0.058,0.062,0.059550000000000006,0.059000000000000004,0.0012835497652993416,0.074,0.078,0.075875,0.0745,0.0017383541066192487,0.268,0.281,0.27464999999999995,0.271,0.005203604519945771,0.037,0.0385,0.037724999999999995,0.0375,0.0006609652033201149,0.268,0.28150000000000003,0.27344999999999997,0.269,0.006125561198780082,0.038,0.04,0.038650000000000004,0.039,0.0006538348415311017,32,32,2560,10240,51200,False,2400,2
0.076,0.088,0.08595238095238097,0.08600000000000001,0.002339641618388239,0.024,0.025,0.024700000000000007,0.025,0.0004582575694955844,0.2495,0.2525,0.2503,0.25,0.0006964194138592067,0.059000000000000004,0.062,0.06020000000000001,0.06,0.0006782329983125261,0.0775,0.079,0.0781,0.078,0.00030000000000000024,0.28,0.28350000000000003,0.28085000000000004,0.2805,0.0008674675786448744,0.038,0.038,0.038000000000000006,0.038,6.938893903907228e-18,0.28150000000000003,0.28450000000000003,0.2825000000000001,0.28225,0.0007745966692414841,0.038,0.038,0.038000000000000006,0.038,6.938893903907228e-18,32,32,2560,10240,51200,False,2368,2
0.073,0.088,0.08500000000000002,0.08600000000000001,0.002828427124746192,0.024,0.025,0.024050000000000005,0.024,0.00021794494717703388,0.245,0.251,0.24817499999999998,0.25,0.0024913600703230375,0.058,0.061,0.0591,0.059000000000000004,0.000768114574786859,0.076,0.078,0.07730000000000001,0.078,0.0007810249675906661,0.2745,0.2805,0.2779,0.28,0.0027322152184628525,0.037,0.0375,0.03727499999999999,0.0375,0.0002487468592766552,0.2755,0.28250000000000003,0.27974999999999994,0.28250000000000003,0.0031957002362549614,0.036000000000000004,0.038,0.03690000000000001,0.037,0.000624499799839838,32,32,2560,10240,51200,False,2336,2
0.07100000000000001,0.08600000000000001,0.08261904761904763,0.083,0.0027856125337542216,0.023,0.024,0.023800000000000005,0.024,0.0004000000000000003,0.1895,0.197,0.19317499999999999,0.194,0.002486337668137619,0.055,0.058,0.05675000000000001,0.057,0.0008291561975888507,0.073,0.076,0.074325,0.0745,0.0010158124826955032,0.2625,0.273,0.26762499999999995,0.268,0.003559757716474539,0.035500000000000004,0.037,0.036275000000000016,0.0365,0.0005117372372614654,0.27,0.281,0.27567499999999995,0.276,0.0036478589610893708,0.036000000000000004,0.037,0.03605000000000001,0.036000000000000004,0.00021794494717703236,32,32,2560,10240,51200,False,2304,2
0.065,0.084,0.08180952380952383,0.083,0.0041475069691269875,0.021,0.024,0.023500000000000004,0.024,0.0009219544457292886,0.179,0.1985,0.195,0.1955,0.0053197744313081595,0.053,0.057,0.05589999999999999,0.056,0.0011357816691600557,0.0685,0.076,0.07475000000000001,0.075,0.002130140840414077,0.246,0.2745,0.27010000000000006,0.2705,0.006222137896253994,0.0335,0.0365,0.036075,0.036000000000000004,0.0006378675411086524,0.2525,0.28150000000000003,0.277575,0.27775000000000005,0.006052427199066509,0.034,0.036000000000000004,0.03550000000000001,0.036000000000000004,0.0005916079783099621,32,32,2560,10240,51200,False,2272,2
0.068,0.083,0.08004761904761905,0.081,0.002967702181120549,0.022,0.023,0.022800000000000004,0.023,0.0004000000000000003,0.189,0.197,0.19205,0.19375,0.002742717630380498,0.053,0.056,0.0548,0.055,0.0008124038404635969,0.0725,0.0755,0.07382499999999999,0.0745,0.0010401322031357368,0.262,0.2715,0.26602500000000007,0.2685,0.003447734763580287,0.0345,0.036000000000000004,0.0352,0.035500000000000004,0.0004582575694955844,0.2695,0.2785,0.2736,0.276,0.003415406271587616,0.034,0.036000000000000004,0.03445000000000001,0.034,0.0005894913061275804,32,32,2560,10240,51200,False,2240,2
0.063,0.082,0.07785714285714287,0.078,0.004050699108216522,0.021,0.023,0.022050000000000004,0.022,0.000668954408012982,0.1775,0.194,0.18707500000000002,0.187,0.005493803327386235,0.051000000000000004,0.055,0.0529,0.053,0.0012609520212918475,0.069,0.0745,0.07215000000000002,0.07200000000000001,0.0018445866745696684,0.2465,0.269,0.25950000000000006,0.25925,0.007544865803975581,0.0325,0.035,0.03400000000000001,0.034,0.0008660254037844392,0.2525,0.2755,0.26665,0.266,0.007747741606429586,0.033,0.034,0.03370000000000001,0.034,0.00045825756949558437,32,32,2560,10240,51200,False,2208,2
0.068,0.081,0.07890476190476192,0.079,0.00254305331863213,0.022,0.023,0.022300000000000004,0.022,0.00045825756949558437,0.1905,0.195,0.193275,0.1945,0.001867317594840258,0.052000000000000005,0.055,0.053300000000000014,0.053,0.0008999999999999989,0.073,0.0745,0.073975,0.07425,0.0005804093383121955,0.289,0.295,0.292325,0.29425,0.002675233634656983,0.034,0.035,0.03465000000000001,0.035,0.00045000000000000037,0.27,0.2765,0.27392500000000003,0.276,0.002856024334630224,0.033,0.033,0.03300000000000001,0.033,6.938893903907228e-18,32,32,2560,10240,51200,False,2176,2
0.063,0.079,0.07538095238095238,0.076,0.0030312058024456285,0.021,0.022,0.021300000000000003,0.021,0.0004582575694955828,0.1815,0.193,0.186825,0.186,0.0038512173400108212,0.05,0.053,0.051400000000000015,0.051000000000000004,0.0010198039027185556,0.0675,0.07200000000000001,0.06964999999999999,0.06925,0.0015173990905493534,0.2745,0.2915,0.2832,0.28150000000000003,0.00586174035590112,0.0325,0.034,0.03320000000000001,0.033,0.0005567764362830027,0.2575,0.272,0.26455,0.263,0.00527233344924238,0.031,0.032,0.031150000000000004,0.031,0.0003570714214271428,32,32,2560,10240,51200,False,2144,2
0.059000000000000004,0.078,0.07528571428571429,0.077,0.004037241598900312,0.02,0.022,0.021400000000000002,0.0215,0.0006633249580710789,0.17550000000000002,0.192,0.18845,0.18875,0.004549450516271165,0.048,0.052000000000000005,0.05130000000000001,0.052000000000000005,0.0010535653752852749,0.065,0.07150000000000001,0.06999999999999998,0.07,0.0016733200530681526,0.263,0.29,0.28495000000000004,0.28575000000000006,0.007488157316723514,0.031,0.034,0.033049999999999996,0.033,0.0007399324293474377,0.2465,0.27,0.2663749999999999,0.2675,0.006668723640997585,0.03,0.031,0.030900000000000004,0.031,0.0003000000000000003,32,32,2560,10240,51200,False,2112,2
0.06,0.077,0.07371428571428572,0.074,0.003268068559385426,0.02,0.022,0.020800000000000006,0.021,0.0005099019513592785,0.18,0.1905,0.18545000000000003,0.186,0.0034889110048839053,0.048,0.051000000000000004,0.04975000000000001,0.05,0.0008874119674649432,0.0685,0.07200000000000001,0.07027500000000002,0.07050000000000001,0.0011882234638316154,0.273,0.2885,0.281125,0.28200000000000003,0.005335904328227777,0.0315,0.033,0.032325000000000007,0.0325,0.000553962995154009,0.255,0.27,0.26312499999999994,0.2635,0.004824093179033759,0.029,0.031,0.029700000000000004,0.03,0.0005567764362830012,32,32,2560,10240,51200,False,2080,2
0.057,0.077,0.07233333333333333,0.073,0.004003966287538648,0.019,0.021,0.020500000000000004,0.021,0.0008062257748298558,0.1875,0.20600000000000002,0.198175,0.19925,0.005827252783259026,0.05,0.054,0.052250000000000005,0.052000000000000005,0.0011346805717910196,0.066,0.07150000000000001,0.06922499999999998,0.0695,0.0017137313091613881,0.212,0.232,0.22382500000000002,0.2245,0.0064600212847946625,0.0305,0.033,0.031775,0.032,0.0007327175444876429,0.219,0.23950000000000002,0.23117499999999996,0.232,0.006727323018853791,0.029,0.031,0.030250000000000006,0.03,0.0006224949798994365,32,32,2560,10240,51200,False,2048,2
0.06,0.075,0.07300000000000001,0.074,0.0029760952365713795,0.02,0.022,0.021,0.021,0.0003162277660168377,0.199,0.201,0.199975,0.1995,0.0007495832175282482,0.051000000000000004,0.054,0.05200000000000001,0.052000000000000005,0.0007071067811865462,0.069,0.07,0.06960000000000002,0.0695,0.0003741657386773945,0.2255,0.227,0.22590000000000005,0.2255,0.0005612486080160918,0.032,0.032,0.03200000000000001,0.032,6.938893903907228e-18,0.2325,0.23450000000000001,0.2331,0.2325,0.0007348469228349541,0.029,0.03,0.029400000000000003,0.029,0.0004898979485566344,32,32,2560,10240,51200,False,2048,2
0.06,0.075,0.07285714285714287,0.073,0.0029806633056245375,0.02,0.021,0.020850000000000004,0.021,0.00035707142142714284,0.1965,0.203,0.200075,0.2015,0.0022763732119316484,0.051000000000000004,0.053,0.052250000000000005,0.052000000000000005,0.0006224949798994342,0.068,0.07050000000000001,0.06935000000000001,0.06975,0.0008529361054615998,0.222,0.2295,0.22544999999999998,0.2275,0.0026641133609514463,0.0315,0.0325,0.031825000000000006,0.032,0.00028613807855649016,0.2295,0.23800000000000002,0.23310000000000003,0.23500000000000001,0.002813360979327042,0.029,0.03,0.029450000000000004,0.029,0.0004974937185533087,32,32,2560,10240,51200,False,2032,2
0.057,0.074,0.07076190476190478,0.07100000000000001,0.0032791514858451086,0.02,0.021,0.020350000000000004,0.02,0.0004769696007084732,0.1925,0.20650000000000002,0.19725,0.199,0.0039385911186616,0.049,0.053,0.05115000000000001,0.051000000000000004,0.0008529361054615991,0.059000000000000004,0.0625,0.060075,0.06025,0.0010401322031357342,0.2175,0.2335,0.22285,0.225,0.004975188438642304,0.0305,0.0325,0.0312,0.0315,0.0005787918451395118,0.20800000000000002,0.2235,0.21344999999999997,0.215,0.004502499305941093,0.029,0.03,0.029450000000000004,0.029,0.0004974937185533087,32,32,2560,10240,51200,False,2016,2
0.054,0.074,0.07152380952380952,0.073,0.0042158323769316865,0.019,0.021,0.020700000000000003,0.021,0.0006403124237432854,0.1835,0.20400000000000001,0.201225,0.203,0.005831970078798421,0.048,0.053,0.051400000000000015,0.052000000000000005,0.0011135528725660048,0.0565,0.0615,0.06057499999999999,0.061,0.0011648497757221735,0.20800000000000002,0.229,0.22767500000000002,0.2285,0.004520163160771962,0.029500000000000002,0.0315,0.0314,0.0315,0.00043588989435406706,0.2,0.2195,0.2178,0.2185,0.0040938978980917425,0.028,0.03,0.029400000000000003,0.029,0.000583095189484529,32,32,2560,10240,51200,False,2000,2
0.058,0.07200000000000001,0.07033333333333333,0.07100000000000001,0.0028840007485193765,0.02,0.021,0.020300000000000006,0.02,0.0004582575694955844,0.197,0.2015,0.198875,0.19775,0.001716646440010291,0.049,0.052000000000000005,0.050350000000000006,0.05,0.0007262919523166982,0.0585,0.061,0.059675,0.05975,0.0007292976072907385,0.2225,0.2265,0.2244,0.224,0.0018814887722226794,0.0305,0.031,0.030775000000000004,0.031,0.0002487468592766552,0.2125,0.2175,0.21494999999999997,0.2145,0.0020180436070610583,0.028,0.029,0.028800000000000003,0.029,0.0004000000000000004,32,32,2560,10240,51200,False,1984,2
0.055,0.073,0.06928571428571428,0.07,0.0034934340744678534,0.019,0.021,0.019850000000000003,0.02,0.0006538348415311017,0.189,0.20550000000000002,0.1961,0.198,0.005090677754484175,0.048,0.052000000000000005,0.04985000000000001,0.05,0.001061838029079766,0.0565,0.062,0.05887500000000001,0.059500000000000004,0.0016114822369483314,0.213,0.232,0.22112500000000002,0.223,0.005724672479714456,0.029500000000000002,0.0315,0.030349999999999995,0.0305,0.000572276157112979,0.20450000000000002,0.2215,0.2124,0.2135,0.0053164838004079295,0.027,0.029,0.028250000000000004,0.028,0.0005361902647381809,32,32,2560,10240,51200,False,1968,2
0.054,0.07200000000000001,0.06842857142857144,0.069,0.0034582052676886315,0.019,0.021,0.019800000000000005,0.02,0.0005099019513592789,0.187,0.2025,0.19412500000000002,0.1955,0.004432479554380374,0.048,0.052000000000000005,0.04930000000000001,0.049,0.0010535653752852749,0.057,0.061,0.05865,0.059000000000000004,0.001025914226434159,0.211,0.228,0.21892499999999998,0.22,0.005111934565308915,0.029,0.031,0.0299,0.03,0.0006041522986797279,0.202,0.218,0.20955000000000004,0.2105,0.0050197111470681195,0.027,0.029,0.028050000000000002,0.028,0.0005894913061275804,32,32,2560,10240,51200,False,1952,2
0.051000000000000004,0.07200000000000001,0.06904761904761905,0.07,0.004168774976807485,0.018000000000000002,0.021,0.020150000000000008,0.02,0.000653834841531101,0.198,0.2025,0.20120000000000005,0.201,0.0011445523142259609,0.049,0.05,0.04955000000000001,0.05,0.0004974937185533104,0.059500000000000004,0.061,0.060275,0.06025,0.0003699662146737182,0.2255,0.228,0.22675,0.226,0.00098107084351743,0.0305,0.0305,0.030499999999999992,0.0305,6.938893903907228e-18,0.216,0.2185,0.2173,0.2165,0.0010535653752852749,0.027,0.029,0.027800000000000002,0.028,0.0006000000000000005,32,32,2560,10240,51200,False,1936,2
0.055,0.07200000000000001,0.06900000000000002,0.07,0.003366501646120694,0.02,0.021,0.020250000000000004,0.02,0.00043301270189221973,0.1715,0.1785,0.17512500000000003,0.1775,0.0030817000178472815,0.048,0.051000000000000004,0.04920000000000001,0.049,0.0009797958971132722,0.0555,0.058,0.05687500000000001,0.058,0.001243734296383276,0.222,0.231,0.22680000000000003,0.23025,0.004096950085124303,0.029500000000000002,0.0305,0.030099999999999995,0.0305,0.000463680924774784,0.212,0.2205,0.21637499999999998,0.2195,0.00386611885487242,0.027,0.028,0.027250000000000003,0.027,0.00043301270189221973,32,32,2560,10240,51200,False,1920,2
0.053,0.07200000000000001,0.06728571428571428,0.068,0.0034934340744678543,0.019,0.021,0.019450000000000002,0.019,0.0005894913061275802,0.1665,0.1805,0.17065000000000002,0.17,0.003449999999999995,0.047,0.05,0.04805000000000001,0.048,0.0007399324293474377,0.053,0.0585,0.055200000000000006,0.055,0.0015684387141358135,0.2115,0.234,0.2203,0.2205,0.00674796265549833,0.0285,0.031,0.029425,0.029500000000000002,0.0006759252917297884,0.203,0.223,0.210425,0.2105,0.006128366421812583,0.027,0.028,0.02705,0.027,0.00021794494717703388,32,32,2560,10240,51200,False,1904,2
0.055,0.07100000000000001,0.06842857142857144,0.069,0.0031254931583660855,0.019,0.02,0.019800000000000005,0.02,0.0004000000000000003,0.17350000000000002,0.178,0.17515000000000006,0.17375000000000002,0.0019306734576307707,0.047,0.051000000000000004,0.04885000000000001,0.049,0.0009096702699330135,0.056,0.0575,0.05675000000000001,0.0565,0.000642261628933257,0.225,0.231,0.22727500000000003,0.22525,0.002647994524163525,0.029500000000000002,0.0305,0.029825,0.03,0.0003269174207655492,0.215,0.2205,0.21727500000000002,0.215,0.0025222757581200377,0.026000000000000002,0.027,0.026900000000000007,0.027,0.0002999999999999992,32,32,2560,10240,51200,False,1888,2
0.052000000000000005,0.07100000000000001,0.06733333333333333,0.069,0.00383385089673721,0.019,0.021,0.019950000000000002,0.02,0.0007399324293474377,0.1695,0.1835,0.175,0.177,0.004037325847637261,0.046,0.05,0.04785000000000001,0.048,0.0012757350822173083,0.0545,0.06,0.05667500000000001,0.0575,0.0017268106439329136,0.2155,0.23850000000000002,0.226725,0.23,0.007396747596072215,0.0285,0.0305,0.0294,0.029500000000000002,0.0006633249580710794,0.20700000000000002,0.229,0.21710000000000002,0.22,0.006970652767137373,0.025,0.027,0.026300000000000007,0.026000000000000002,0.000714142842854284,32,32,2560,10240,51200,False,1872,2
0.05,0.07100000000000001,0.06557142857142856,0.067,0.004203982562732048,0.017,0.021,0.019100000000000006,0.019,0.0011357816691600546,0.165,0.1795,0.17085,0.1705,0.004658594208556906,0.045,0.05,0.04685000000000001,0.047,0.0012359207094308285,0.051500000000000004,0.0585,0.05495,0.0555,0.0024336187047275908,0.20500000000000002,0.233,0.219825,0.2215,0.00928072599530877,0.027,0.03,0.028625000000000005,0.0285,0.0009337424698491548,0.1975,0.2225,0.21030000000000001,0.2115,0.008275566445869426,0.025,0.027,0.026100000000000005,0.026000000000000002,0.0006999999999999993,32,32,2560,10240,51200,False,1856,2
0.053,0.069,0.06671428571428573,0.067,0.0032240592152020502,0.019,0.02,0.019750000000000004,0.02,0.0004330127018922198,0.1705,0.178,0.17380000000000004,0.17200000000000001,0.002997498957464361,0.046,0.049,0.04755000000000001,0.048,0.0009205976319760994,0.0555,0.058,0.05657500000000001,0.056,0.0011321991874224263,0.2225,0.231,0.22617499999999996,0.223,0.003941049986995855,0.0285,0.029500000000000002,0.029025000000000002,0.029,0.00043229041164476493,0.2125,0.2205,0.21595000000000003,0.213,0.003727935085271741,0.025,0.027,0.025850000000000005,0.026000000000000002,0.0006538348415311006,32,32,2560,10240,51200,False,1840,2
0.049,0.068,0.06433333333333333,0.065,0.003796405986284715,0.018000000000000002,0.021,0.018900000000000007,0.019,0.0007681145747868602,0.1655,0.1775,0.17062500000000003,0.17025,0.0035981766215682025,0.044,0.049,0.04605000000000001,0.046,0.0013219304066402298,0.052000000000000005,0.0575,0.05482500000000001,0.05525,0.0017626329737072315,0.20650000000000002,0.2305,0.21845000000000003,0.2195,0.007058505507541944,0.027,0.029,0.028100000000000003,0.028,0.0006442049363362569,0.198,0.22,0.20940000000000003,0.21,0.0064490309349544885,0.024,0.026000000000000002,0.025050000000000006,0.025,0.0003840572873934307,32,32,2560,10240,51200,False,1824,2
0.048,0.067,0.06452380952380952,0.066,0.004078036964953647,0.018000000000000002,0.02,0.019350000000000006,0.019,0.0006538348415311009,0.165,0.1765,0.17405000000000004,0.17450000000000002,0.00308585482484189,0.044,0.048,0.046450000000000005,0.0465,0.0010712142642814286,0.052000000000000005,0.057,0.05625,0.0565,0.0014361406616345063,0.20450000000000002,0.2285,0.22502499999999998,0.22575,0.005430181856991532,0.027,0.029,0.028475,0.0285,0.0003699662146737189,0.1985,0.2185,0.21585000000000001,0.216,0.004132493194186771,0.024,0.026000000000000002,0.025000000000000005,0.025,0.0003162277660168382,32,32,2560,10240,51200,False,1808,2
0.05,0.066,0.06319047619047619,0.064,0.003245789178657519,0.018000000000000002,0.02,0.018950000000000005,0.019,0.0005894913061275793,0.168,0.177,0.17334999999999998,0.1765,0.0038668462601970516,0.04,0.043000000000000003,0.041150000000000006,0.041,0.0009630680142129121,0.0545,0.058,0.05647500000000001,0.0575,0.0013179055353097213,0.2295,0.241,0.23617500000000002,0.24,0.005201622343077196,0.0275,0.0285,0.028125,0.0285,0.0004710360920354197,0.20350000000000001,0.214,0.21017499999999995,0.2135,0.004588777070200721,0.024,0.025,0.024550000000000006,0.025,0.0004974937185533104,32,32,2560,10240,51200,False,1792,2
0.047,0.066,0.06219047619047619,0.063,0.003812498838332971,0.017,0.02,0.018350000000000005,0.018000000000000002,0.0007262919523166967,0.161,0.1775,0.16937500000000003,0.17,0.005088897228280403,0.038,0.042,0.04005000000000001,0.04,0.0012031209415515976,0.0525,0.058,0.055075000000000006,0.055,0.001637643123516233,0.2205,0.2415,0.23110000000000003,0.232,0.0069544949493115585,0.026000000000000002,0.0285,0.027375000000000003,0.0275,0.0006299801584177078,0.1975,0.2145,0.20580000000000004,0.20550000000000002,0.005982056502575009,0.023,0.025,0.024100000000000003,0.024,0.0005385164807134509,32,32,2560,10240,51200,False,1776,2
0.05,0.064,0.06233333333333334,0.063,0.002884000748519375,0.018000000000000002,0.02,0.019050000000000004,0.019,0.0003840572873934303,0.17450000000000002,0.178,0.17572500000000005,0.17500000000000002,0.0013917165659716665,0.04,0.042,0.040900000000000006,0.041,0.0007000000000000008,0.0565,0.058,0.05725000000000001,0.057,0.0004873397172404486,0.23800000000000002,0.2425,0.23969999999999997,0.23850000000000002,0.001971040334442691,0.0275,0.028,0.027700000000000002,0.0275,0.000244948974278318,0.22,0.2245,0.22195,0.2205,0.0018500000000000016,0.023,0.024,0.023200000000000005,0.023,0.0004000000000000003,32,32,2560,10240,51200,False,1760,2
0.047,0.065,0.0609047619047619,0.062,0.00340734167999968,0.017,0.02,0.018450000000000005,0.018000000000000002,0.0006689544080129816,0.1655,0.18,0.17060000000000003,0.17300000000000001,0.0040853396431630995,0.039,0.042,0.04010000000000001,0.04,0.0008888194417315596,0.054,0.058,0.055575000000000006,0.056,0.0012774486291041228,0.226,0.2455,0.2331,0.23600000000000002,0.0060757715559425045,0.026000000000000002,0.028,0.027000000000000007,0.027,0.0005244044240850759,0.2095,0.227,0.21647500000000003,0.21875,0.005544084685500398,0.022,0.024,0.022900000000000004,0.023,0.0004358898943540677,32,32,2560,10240,51200,False,1744,2
0.046,0.065,0.061142857142857145,0.062,0.003783242679245944,0.017,0.02,0.018800000000000004,0.019,0.0007483314773547876,0.1615,0.183,0.17357499999999998,0.17450000000000002,0.00634680037499211,0.037,0.041,0.03975000000000001,0.04,0.001299038105676659,0.0525,0.059500000000000004,0.05645,0.0565,0.0020303940504246974,0.1915,0.20800000000000002,0.19965000000000005,0.1985,0.004610043383743805,0.025500000000000002,0.028,0.027100000000000006,0.027,0.0006244997998398397,0.20400000000000001,0.2305,0.21995000000000003,0.2205,0.007557942841805564,0.022,0.024,0.022950000000000005,0.023,0.00038405728739343076,32,32,2560,10240,51200,False,1728,2
0.049,0.065,0.061714285714285715,0.062,0.003088270546112564,0.018000000000000002,0.02,0.019200000000000005,0.019,0.0005099019513592786,0.17250000000000001,0.18,0.17614999999999997,0.17400000000000002,0.0032676444114988906,0.039,0.041,0.04010000000000001,0.04,0.0007000000000000006,0.062,0.0655,0.063575,0.063,0.0012477479713467793,0.1965,0.20400000000000001,0.20070000000000002,0.19925,0.002938537050983025,0.0265,0.0275,0.02705,0.027,0.0004444097208657799,0.2185,0.2265,0.22247500000000003,0.222,0.0035828584956707436,0.023,0.024,0.023050000000000005,0.023,0.00021794494717703388,32,32,2560,10240,51200,False,1712,2
0.045,0.063,0.05928571428571428,0.061,0.0036140316116210045,0.017,0.02,0.018300000000000004,0.019,0.0009539392014169449,0.14,0.149,0.14555,0.14875,0.003917588543989775,0.035,0.038,0.03660000000000001,0.037,0.0011135528725660024,0.059500000000000004,0.064,0.061724999999999995,0.063,0.0017851820635442185,0.1925,0.2,0.19747500000000004,0.2,0.00310433165109658,0.025,0.027,0.026150000000000007,0.0265,0.000549999999999999,0.20500000000000002,0.2245,0.214625,0.2205,0.00775544163797265,0.022,0.023,0.022600000000000002,0.023,0.0004898979485566361,32,32,2560,10240,51200,False,1696,2
0.045,0.063,0.06038095238095238,0.061,0.003644646308219516,0.017,0.02,0.019200000000000005,0.019,0.0006782329983125269,0.147,0.155,0.15184999999999998,0.151,0.0019435791725576827,0.037,0.038,0.037450000000000004,0.037,0.0004974937185533104,0.0635,0.0655,0.06432500000000001,0.064,0.0006571719714047464,0.2015,0.20650000000000002,0.20305,0.202,0.0020548722588034536,0.0265,0.027,0.02665,0.0265,0.00022912878474779219,0.2235,0.229,0.22540000000000004,0.224,0.002327015255644021,0.023,0.023,0.023000000000000003,0.023,3.469446951953614e-18,32,32,2560,10240,51200,False,1680,2
0.047,0.061,0.05866666666666668,0.059000000000000004,0.0027660068059919244,0.017,0.02,0.018550000000000004,0.019,0.0006689544080129817,0.1495,0.1535,0.15177500000000002,0.152,0.001289137308435375,0.04,0.044,0.04215000000000001,0.042,0.0009630680142129114,0.051500000000000004,0.0535,0.052675000000000013,0.053,0.0008699856320652634,0.1805,0.188,0.18477500000000002,0.18475,0.003191688424642985,0.025,0.026000000000000002,0.025700000000000008,0.025750000000000002,0.00033166247903554033,0.2545,0.2615,0.258675,0.25925,0.002613785568863676,0.021,0.023,0.0216,0.022,0.000583095189484529,32,32,2560,10240,51200,False,1664,2
0.043000000000000003,0.062,0.058428571428571434,0.059000000000000004,0.003774241375320829,0.017,0.02,0.018500000000000006,0.018500000000000003,0.000921954445729288,0.1455,0.1565,0.14947500000000002,0.1495,0.0025272267409158227,0.04,0.044,0.04145000000000001,0.041,0.0010234744745229352,0.0485,0.0545,0.05182500000000001,0.052000000000000005,0.0014600941750448834,0.17500000000000002,0.1925,0.183425,0.1835,0.004577867953534698,0.024,0.0265,0.025475000000000005,0.025500000000000002,0.0006015604707757978,0.2455,0.269,0.25717500000000004,0.2565,0.00626153934747679,0.02,0.023,0.021200000000000004,0.021,0.0007483314773547876,32,32,2560,10240,51200,False,1648,2
0.042,0.061,0.0579047619047619,0.059000000000000004,0.0038533196807893156,0.017,0.02,0.018550000000000004,0.018500000000000003,0.0007399324293474364,0.1455,0.1555,0.15174999999999994,0.1505,0.00266692707061892,0.039,0.043000000000000003,0.04130000000000001,0.041,0.0009539392014169465,0.05,0.0545,0.052925000000000014,0.0525,0.0010755812382149466,0.17300000000000001,0.191,0.18602500000000002,0.1845,0.004397371373900548,0.0245,0.026000000000000002,0.025425000000000003,0.02525,0.0005068283733178328,0.247,0.2665,0.26034999999999997,0.2575,0.005169864601708641,0.02,0.023,0.021550000000000003,0.0215,0.0007399324293474364,32,32,2560,10240,51200,False,1632,2
0.045,0.062,0.057714285714285725,0.058,0.0031036515689143477,0.018000000000000002,0.02,0.018650000000000007,0.019,0.0005722761571129788,0.1485,0.1625,0.15230000000000005,0.15325,0.0031796226191169318,0.04,0.043000000000000003,0.04105000000000001,0.041,0.0009205976319760994,0.051000000000000004,0.057,0.053000000000000005,0.0535,0.0013874436925511594,0.1795,0.2,0.186425,0.1885,0.005072659558850766,0.0245,0.0265,0.025150000000000006,0.02525,0.000526782687642637,0.253,0.2785,0.260525,0.2615,0.00557556050993979,0.021,0.023,0.02125,0.021,0.000622494979899436,32,32,2560,10240,51200,False,1616,2
0.043000000000000003,0.059000000000000004,0.05657142857142857,0.058,0.0036328059281448876,0.016,0.019,0.018100000000000005,0.018000000000000002,0.0009433981132056598,0.14400000000000002,0.153,0.15025,0.1525,0.003363406011768428,0.039,0.041,0.04020000000000001,0.04,0.0007483314773547889,0.049,0.0535,0.05185000000000001,0.053,0.002000624902374254,0.17350000000000002,0.1885,0.18392500000000003,0.188,0.006249549983798826,0.0235,0.025500000000000002,0.024675000000000006,0.025,0.0005760859310901461,0.169,0.1805,0.1757,0.178,0.0037894590642992736,0.02,0.022,0.020750000000000005,0.021,0.0005361902647381805,32,32,2560,10240,51200,False,1600,2
0.041,0.06,0.057619047619047625,0.058,0.00392156662665015,0.017,0.02,0.018900000000000007,0.019,0.0006999999999999996,0.147,0.161,0.15545,0.155,0.0028057975693196423,0.038,0.043000000000000003,0.04105000000000001,0.041,0.0010712142642814286,0.049,0.056,0.054100000000000016,0.054,0.001337908816025965,0.17450000000000002,0.198,0.19155,0.191,0.004676804464589042,0.023,0.026000000000000002,0.025100000000000004,0.025,0.0006244997998398403,0.17550000000000002,0.187,0.18164999999999998,0.1805,0.002850877058029686,0.021,0.022,0.021050000000000006,0.021,0.0002179449471770331,32,32,2560,10240,51200,False,1584,2
0.045,0.059000000000000004,0.05695238095238095,0.057,0.002869813175870357,0.018000000000000002,0.02,0.018750000000000006,0.019,0.0007664854858377937,0.151,0.16,0.15447500000000003,0.15275,0.0038841826682070486,0.039,0.042,0.04010000000000001,0.04,0.001044030650891056,0.0525,0.056,0.053700000000000005,0.053,0.001391042774324357,0.1855,0.1975,0.18975000000000003,0.186,0.005379358697837508,0.024,0.025500000000000002,0.024750000000000005,0.0245,0.000580947501931113,0.1765,0.187,0.18074999999999997,0.178,0.004515251930955795,0.021,0.022,0.021150000000000002,0.021,0.0003570714214271416,32,32,2560,10240,51200,False,1568,2
0.041,0.06,0.05519047619047619,0.056,0.00362030053499966,0.016,0.02,0.018300000000000004,0.018500000000000003,0.0010535653752852734,0.1455,0.162,0.15210000000000004,0.15325,0.003683069372140583,0.037,0.041,0.03885000000000001,0.039,0.0010136567466356656,0.049,0.0565,0.05252500000000001,0.0535,0.0019904459299363033,0.17400000000000002,0.1995,0.185375,0.188,0.0065400210244310345,0.023,0.025500000000000002,0.023975000000000003,0.024,0.0006609652033201149,0.168,0.189,0.177175,0.178,0.0044979856602706016,0.019,0.021,0.020650000000000005,0.021,0.0006538348415311017,32,32,2560,10240,51200,False,1552,2
0.04,0.056,0.05395238095238096,0.055,0.003243692641128838,0.016,0.019,0.018000000000000006,0.018000000000000002,0.0007071067811865472,0.14350000000000002,0.1575,0.15172500000000003,0.152,0.0030351070821307106,0.033,0.037,0.03500000000000001,0.035,0.0007745966692414832,0.043500000000000004,0.047,0.04540000000000001,0.0455,0.0008888194417315581,0.184,0.2025,0.19567500000000002,0.1955,0.004148117042707454,0.023,0.025,0.024125000000000004,0.024,0.00041457809879442536,0.177,0.195,0.188525,0.188,0.0035442735503908307,0.019,0.021,0.019650000000000004,0.0195,0.0007262919523166982,32,32,2560,10240,51200,False,1536,2
0.041,0.056,0.05352380952380953,0.055,0.002985983886969692,0.017,0.019,0.017800000000000003,0.018000000000000002,0.0007483314773547878,0.1455,0.1545,0.15015,0.15025,0.0041596273871586185,0.033,0.036000000000000004,0.03475000000000001,0.035,0.0008874119674649432,0.043500000000000004,0.046,0.044700000000000004,0.0445,0.0012083045973594548,0.1875,0.199,0.19332500000000002,0.1935,0.005285061494438834,0.023,0.0245,0.023575000000000006,0.02375,0.0005539629951540089,0.18,0.191,0.185925,0.18775,0.00486897063043104,0.019,0.021,0.019600000000000003,0.0195,0.0006633249580710807,32,32,2560,10240,51200,False,1520,2
0.039,0.055,0.05161904761904762,0.052000000000000005,0.002983704799584865,0.016,0.019,0.017500000000000005,0.018000000000000002,0.0008062257748298555,0.14250000000000002,0.156,0.14755000000000001,0.148,0.002961840643923971,0.033,0.036000000000000004,0.03370000000000001,0.034,0.0007810249675906662,0.043500000000000004,0.0465,0.044575,0.0445,0.0006941721688457412,0.184,0.201,0.1902,0.1905,0.00431682753882988,0.0225,0.024,0.023025000000000004,0.023,0.0004023369234857774,0.176,0.1935,0.1829,0.183,0.004197022754286666,0.019,0.02,0.019100000000000002,0.019,0.0003000000000000003,32,32,2560,10240,51200,False,1504,2
0.041,0.055,0.05247619047619049,0.053,0.0027536823418668485,0.017,0.019,0.017900000000000006,0.018000000000000002,0.0006244997998398396,0.148,0.1555,0.15104999999999996,0.1485,0.003538714455844102,0.033,0.035,0.03415000000000001,0.034,0.0005722761571129803,0.044,0.046,0.044825000000000004,0.044,0.000965336728815392,0.1905,0.2,0.19465000000000005,0.1905,0.004618170633486818,0.023,0.024,0.023375000000000003,0.023,0.00044370598373247164,0.1835,0.1925,0.187475,0.18375,0.004348778564148793,0.019,0.02,0.019150000000000004,0.019,0.0003570714214271428,32,32,2560,10240,51200,False,1488,2
0.039,0.053,0.0510952380952381,0.052000000000000005,0.0029745709879507457,0.016,0.018000000000000002,0.017200000000000003,0.0175,0.0008717797887081354,0.14150000000000001,0.151,0.14727499999999996,0.1505,0.004044981458548348,0.032,0.035,0.033350000000000005,0.033,0.0007921489758877436,0.042,0.0445,0.043574999999999996,0.0445,0.001028044259747602,0.182,0.1945,0.18935,0.19375,0.00542010147506484,0.022,0.023,0.022600000000000002,0.023,0.0004898979485566361,0.17500000000000002,0.187,0.182125,0.1865,0.005412658773652735,0.018000000000000002,0.019,0.018900000000000007,0.019,0.0002999999999999992,32,32,2560,10240,51200,False,1472,2
0.038,0.053,0.05095238095238096,0.052000000000000005,0.0031240418032108057,0.016,0.019,0.017600000000000005,0.018000000000000002,0.0006633249580710802,0.14150000000000001,0.1565,0.149725,0.151,0.004299636612552268,0.032,0.035,0.033850000000000005,0.034,0.0007921489758877437,0.0415,0.046,0.044024999999999995,0.044,0.001188223463831613,0.1825,0.201,0.19335,0.194,0.005121279137090659,0.022,0.0235,0.022900000000000004,0.023,0.00043588989435406776,0.17500000000000002,0.1925,0.18567499999999998,0.1865,0.004843229810777097,0.018000000000000002,0.02,0.019000000000000006,0.019,0.0004472135954999575,32,32,2560,10240,51200,False,1456,2
0.038,0.052000000000000005,0.049809523809523824,0.05,0.002888714454876782,0.016,0.019,0.016950000000000003,0.017,0.0007399324293474373,0.14350000000000002,0.1525,0.14720000000000005,0.14400000000000002,0.0039730341050637765,0.031,0.034,0.032900000000000006,0.033,0.0008888194417315596,0.043000000000000003,0.045,0.043774999999999994,0.043500000000000004,0.0007980444849756158,0.1855,0.196,0.19010000000000002,0.186,0.004963869458396347,0.021500000000000002,0.023,0.022250000000000002,0.022,0.0004873397172404478,0.1775,0.188,0.18227500000000002,0.178,0.004889976993810916,0.018000000000000002,0.019,0.018700000000000005,0.019,0.00045825756949558275,32,32,2560,10240,51200,False,1440,2
0.037,0.052000000000000005,0.04966666666666667,0.051000000000000004,0.0030446414025039593,0.016,0.018000000000000002,0.017000000000000005,0.017,0.0005477225575051665,0.14200000000000002,0.1555,0.147225,0.1485,0.0031956024471138382,0.031,0.034,0.032400000000000005,0.0325,0.0008000000000000007,0.042,0.0455,0.043274999999999994,0.043500000000000004,0.0007660776723022279,0.1825,0.2,0.189375,0.191,0.004179937200485198,0.021500000000000002,0.023,0.021925000000000004,0.022,0.00032691742076554965,0.17450000000000002,0.1925,0.18234999999999998,0.1835,0.00412946727799119,0.017,0.019,0.018500000000000006,0.019,0.0007416198487095654,32,32,2560,10240,51200,False,1424,2
0.037,0.052000000000000005,0.04952380952380954,0.051000000000000004,0.003231084848321406,0.016,0.019,0.017300000000000003,0.018000000000000002,0.0009539392014169463,0.1265,0.1365,0.13177499999999998,0.133,0.0027634896417392295,0.035,0.036000000000000004,0.03565000000000001,0.036000000000000004,0.0004769696007084733,0.042,0.0465,0.044375000000000005,0.045,0.001430690392782448,0.1635,0.176,0.170375,0.1715,0.003591221936890006,0.021,0.023,0.022250000000000002,0.0225,0.0005809475019311116,0.17450000000000002,0.195,0.18737499999999999,0.1905,0.0072299291144519474,0.017,0.02,0.018550000000000004,0.019,0.0009205976319760979,32,32,2560,10240,51200,False,1408,2
0.038,0.053,0.049857142857142864,0.05,0.002996596709057577,0.016,0.019,0.017400000000000006,0.017,0.0008602325267042627,0.127,0.136,0.13099999999999998,0.12875,0.003771604433129225,0.034,0.037,0.03520000000000001,0.035,0.0007483314773547883,0.0425,0.046,0.044300000000000006,0.043250000000000004,0.0014611639196202434,0.164,0.17500000000000002,0.16925,0.16625,0.004778859696622202,0.021500000000000002,0.0225,0.022050000000000004,0.022,0.00044440972086577836,0.181,0.194,0.18707499999999996,0.182,0.006269519519070027,0.017,0.019,0.018300000000000004,0.018000000000000002,0.0007141428428542841,32,32,2560,10240,51200,False,1392,2
0.037,0.052000000000000005,0.04852380952380953,0.048,0.0029539166512896815,0.016,0.019,0.016950000000000003,0.017,0.0008645808232895295,0.127,0.135,0.12982500000000002,0.128,0.003135582083122688,0.033,0.036000000000000004,0.03405000000000001,0.034,0.0009733961166965902,0.043000000000000003,0.046,0.044175000000000006,0.043500000000000004,0.0012070107704573291,0.1645,0.17450000000000002,0.16772499999999999,0.1655,0.004181731100871986,0.021,0.0225,0.021675000000000003,0.021500000000000002,0.00036314597615834767,0.18,0.194,0.18542500000000003,0.182,0.005912433931977596,0.019,0.021,0.019750000000000004,0.02,0.0005361902647381808,32,32,2560,10240,51200,False,1376,2
0.036000000000000004,0.05,0.04752380952380954,0.049,0.0029699935484786047,0.015,0.018000000000000002,0.016550000000000002,0.017,0.0006689544080129832,0.126,0.133,0.129725,0.13025,0.002522275758120038,0.033,0.035,0.033850000000000005,0.034,0.0006538348415311016,0.042,0.0445,0.043524999999999994,0.044,0.0010304731922762451,0.162,0.17,0.16670000000000001,0.16825,0.002921472231598311,0.021,0.021500000000000002,0.021450000000000004,0.021500000000000002,0.00015000000000000015,0.17400000000000002,0.1885,0.18339999999999998,0.187,0.005851495535331109,0.017,0.018000000000000002,0.017700000000000004,0.018000000000000002,0.0004582575694955845,32,32,2560,10240,51200,False,1360,2
0.035,0.05,0.04738095238095239,0.048,0.002983704799584865,0.015,0.018000000000000002,0.016600000000000004,0.017,0.0006633249580710806,0.125,0.1355,0.12875,0.129,0.0021065374432940914,0.032,0.034,0.03330000000000001,0.033,0.0006403124237432853,0.0415,0.046,0.043500000000000004,0.043500000000000004,0.0011937336386313312,0.1605,0.17500000000000002,0.16617500000000002,0.1665,0.0035365060441062478,0.0205,0.022,0.021075000000000003,0.021,0.0003631459761583482,0.17400000000000002,0.195,0.184225,0.1855,0.005591231975155381,0.017,0.018000000000000002,0.017600000000000005,0.018000000000000002,0.0004898979485566361,32,32,2560,10240,51200,False,1344,2
0.036000000000000004,0.049,0.0462857142857143,0.046,0.002639315516295432,0.016,0.017,0.016500000000000004,0.0165,0.0005000000000000004,0.126,0.1325,0.129125,0.1285,0.002349867017513972,0.032,0.034,0.033150000000000006,0.033,0.0007262919523166983,0.042,0.0445,0.043,0.0425,0.0011180339887498926,0.162,0.171,0.16640000000000002,0.165,0.0031685959035509747,0.0205,0.021500000000000002,0.020925000000000006,0.021,0.0003960744879438718,0.179,0.191,0.18375,0.18,0.005339709729938515,0.017,0.018000000000000002,0.017400000000000006,0.017,0.000489897948556636,32,32,2560,10240,51200,False,1328,2
0.034,0.049,0.04638095238095239,0.047,0.002886358563941283,0.015,0.017,0.016200000000000003,0.016,0.0006000000000000006,0.1255,0.135,0.129575,0.12925,0.0021288200957337864,0.031,0.033,0.032350000000000004,0.032,0.0005722761571129803,0.042,0.046,0.043625,0.043500000000000004,0.0008785641695402777,0.1565,0.167,0.16099999999999998,0.16025,0.0025544079548889625,0.02,0.021500000000000002,0.020700000000000003,0.0205,0.0004301162633521317,0.17300000000000001,0.195,0.18572499999999997,0.185,0.004509642447023933,0.016,0.018000000000000002,0.017300000000000003,0.017,0.0005567764362830027,32,32,2560,10240,51200,False,1312,2
0.035,0.049,0.04585714285714287,0.046,0.0027823545062841035,0.013000000000000001,0.014,0.013350000000000004,0.013000000000000001,0.0004769696007084724,0.126,0.1335,0.12927500000000003,0.128,0.003043332876962363,0.031,0.034,0.031950000000000006,0.032,0.001023474474522937,0.0415,0.045,0.042824999999999995,0.042,0.0012968712349342914,0.1555,0.1645,0.159425,0.15725,0.0034288299753706102,0.0195,0.021500000000000002,0.020300000000000006,0.02,0.0005099019513592789,0.178,0.1925,0.18334999999999999,0.17875,0.006221133337262598,0.016,0.018000000000000002,0.017250000000000005,0.017,0.0006982120021884476,32,32,2560,10240,51200,False,1296,2
0.034,0.046,0.04380952380952382,0.044,0.002461494853965729,0.013000000000000001,0.014,0.013250000000000003,0.013000000000000001,0.00043301270189221897,0.122,0.129,0.124725,0.1225,0.0031483130403439905,0.027,0.029,0.027850000000000003,0.028,0.0007262919523166982,0.035500000000000004,0.038,0.036425000000000006,0.036000000000000004,0.0010755812382149453,0.138,0.1465,0.141725,0.13975,0.0032690786163688287,0.019,0.02,0.019425000000000005,0.019,0.00048153400710645593,0.125,0.134,0.129075,0.1265,0.0038479702441676996,0.015,0.018000000000000002,0.016300000000000002,0.016,0.0007141428428542856,32,32,2560,10240,51200,False,1280,2
0.033,0.044,0.042619047619047626,0.043000000000000003,0.0021925456063278735,0.012,0.013000000000000001,0.012850000000000004,0.013000000000000001,0.00035707142142714284,0.121,0.123,0.12169999999999999,0.1215,0.0004582575694955844,0.027,0.029,0.02765,0.028,0.0005722761571129804,0.035,0.035500000000000004,0.035350000000000006,0.035500000000000004,0.0002291287847477922,0.138,0.1405,0.13937500000000003,0.1395,0.0007395099728874526,0.0185,0.019,0.018925000000000004,0.019,0.00017853571071357142,0.1245,0.126,0.12530000000000002,0.1255,0.00036742346141747706,0.015,0.016,0.015950000000000002,0.016,0.00021794494717703385,32,32,2560,10240,51200,False,1264,2
0.033,0.047,0.042285714285714295,0.042,0.0023531712572582545,0.013000000000000001,0.014,0.013050000000000003,0.013000000000000001,0.0002179449471770335,0.121,0.13,0.12189999999999998,0.1215,0.0019144189719076663,0.026000000000000002,0.029,0.027650000000000008,0.028,0.0007262919523166977,0.035500000000000004,0.038,0.035925,0.035750000000000004,0.0006571719714047444,0.138,0.1475,0.13975,0.139,0.002487468592766544,0.0185,0.0195,0.018825,0.019,0.00032691742076555085,0.1245,0.1345,0.12605,0.125,0.002832401807653712,0.015,0.016,0.015900000000000004,0.016,0.0003000000000000003,32,32,2560,10240,51200,False,1248,2
0.032,0.044,0.04214285714285715,0.043000000000000003,0.0024550378580286175,0.012,0.013000000000000001,0.012850000000000004,0.013000000000000001,0.00035707142142714284,0.1215,0.1265,0.12394999999999998,0.12375,0.002030394050424697,0.026000000000000002,0.028,0.027400000000000008,0.027,0.0005830951894845301,0.035500000000000004,0.037,0.03627500000000001,0.036250000000000004,0.0006977642868476405,0.139,0.14300000000000002,0.14109999999999995,0.14100000000000001,0.0018614510468986302,0.0185,0.019,0.018575,0.0185,0.00017853571071357142,0.1245,0.1305,0.12769999999999998,0.12775,0.0025219040425837006,0.015,0.016,0.015850000000000003,0.016,0.00035707142142714284,32,32,2560,10240,51200,False,1232,2
0.033,0.044,0.04233333333333335,0.043000000000000003,0.002167582224141151,0.013000000000000001,0.013000000000000001,0.013000000000000003,0.013000000000000001,1.734723475976807e-18,0.1235,0.127,0.12472499999999997,0.1245,0.000798044484975619,0.026000000000000002,0.029,0.027350000000000006,0.027,0.0007262919523166975,0.041,0.0425,0.04165,0.0415,0.0003570714214271428,0.14100000000000001,0.14400000000000002,0.14152500000000004,0.14100000000000001,0.001054454835448158,0.018000000000000002,0.0185,0.018400000000000007,0.0185,0.00019999999999999882,0.128,0.1315,0.12895000000000004,0.1285,0.0010111874208078352,0.015,0.016,0.015900000000000004,0.016,0.0003000000000000003,32,32,2560,10240,51200,False,1216,2
0.031,0.043000000000000003,0.04076190476190478,0.041,0.00238855927694942,0.012,0.014,0.012700000000000003,0.013000000000000001,0.0006403124237432851,0.1205,0.13,0.122875,0.121,0.0035421568288261916,0.026000000000000002,0.029,0.027100000000000006,0.027,0.0008306623862918074,0.04,0.043500000000000004,0.0408,0.04,0.0012884098726725136,0.137,0.1475,0.1406,0.1385,0.004036087214122105,0.0175,0.019,0.018075000000000004,0.018000000000000002,0.0003631459761583478,0.1245,0.1345,0.127325,0.1255,0.004163156855080052,0.014,0.016,0.015200000000000002,0.015,0.0006000000000000002,32,32,2560,10240,51200,False,1200,2
0.032,0.042,0.04061904761904763,0.041,0.0019874892147342107,0.012,0.013000000000000001,0.012050000000000002,0.012,0.00021794494717703388,0.122,0.13,0.12264999999999997,0.122,0.0017255433926737414,0.026000000000000002,0.028,0.026850000000000006,0.027,0.0006538348415311003,0.041,0.043500000000000004,0.04137500000000001,0.0415,0.0005448623679425847,0.139,0.148,0.14017500000000002,0.139,0.0022487496525847367,0.0175,0.0185,0.017675000000000003,0.0175,0.0003269174207655499,0.126,0.1355,0.12745,0.1265,0.0026967573120323623,0.014,0.016,0.015000000000000003,0.015,0.0007071067811865476,32,32,2560,10240,51200,False,1184,2
0.031,0.042,0.0401904761904762,0.04,0.002217227947966251,0.012,0.013000000000000001,0.012150000000000003,0.012,0.0003570714214271428,0.1045,0.1085,0.10625,0.105,0.0016992645467966444,0.025,0.026000000000000002,0.025350000000000004,0.025,0.00047696960070847314,0.04,0.042,0.040900000000000006,0.04075,0.0006041522986797291,0.1375,0.14350000000000002,0.14075000000000001,0.14100000000000001,0.002238861317723813,0.017,0.018000000000000002,0.017575000000000004,0.0175,0.0003269174207655508,0.1245,0.13,0.12752499999999997,0.12775,0.0024923633362734276,0.014,0.016,0.014600000000000002,0.014499999999999999,0.0006633249580710798,32,32,2560,10240,51200,False,1168,2
0.03,0.042,0.03976190476190477,0.04,0.00224467119036051,0.012,0.013000000000000001,0.012050000000000002,0.012,0.0002179449471770339,0.105,0.1075,0.10727499999999998,0.1075,0.0005584576975922174,0.024,0.026000000000000002,0.025350000000000004,0.025,0.0005722761571129803,0.0405,0.0415,0.04145,0.0415,0.0002179449471770339,0.14400000000000002,0.148,0.14729999999999996,0.1475,0.0007810249675906602,0.0175,0.018000000000000002,0.017700000000000004,0.0175,0.000244948974278318,0.1265,0.1305,0.13030000000000003,0.1305,0.0008717797887081354,0.014,0.016,0.014450000000000001,0.014,0.0005894913061275795,32,32,2560,10240,51200,False,1152,2
0.03,0.041,0.038666666666666676,0.039,0.002007920823076954,0.012,0.013000000000000001,0.012050000000000002,0.012,0.00021794494717703388,0.10300000000000001,0.1095,0.10347500000000001,0.10300000000000001,0.0014006694827831422,0.024,0.026000000000000002,0.024900000000000005,0.025,0.0005385164807134509,0.0395,0.042,0.04012500000000001,0.04,0.00047103609203541974,0.14150000000000001,0.1505,0.142875,0.14225000000000002,0.0020909029150106362,0.017,0.0175,0.017075000000000003,0.017,0.00017853571071357142,0.124,0.1325,0.1255,0.125,0.0023664319132398483,0.014,0.016,0.014150000000000001,0.014,0.00047696960070847276,32,32,2560,10240,51200,False,1136,2
0.03,0.04,0.038666666666666676,0.039,0.0019840634910475866,0.012,0.013000000000000001,0.012050000000000002,0.012,0.0002179449471770339,0.10350000000000001,0.1055,0.104975,0.105,0.00046029881598804595,0.024,0.026000000000000002,0.025000000000000005,0.025,0.0003162277660168382,0.041,0.0415,0.04120000000000001,0.041,0.00024494897427831806,0.14300000000000002,0.145,0.14439999999999995,0.1445,0.0004062019202317905,0.0165,0.017,0.016950000000000003,0.017,0.00015000000000000015,0.1245,0.1275,0.12722499999999998,0.1275,0.0006977642868476438,0.014,0.014,0.014000000000000002,0.014,1.734723475976807e-18,32,32,2560,10240,51200,False,1120,2
0.029,0.039,0.03742857142857144,0.038,0.0019897697538834454,0.012,0.012,0.012000000000000002,0.012,1.734723475976807e-18,0.10300000000000001,0.105,0.10385,0.10400000000000001,0.0006144102863722211,0.024,0.025,0.024550000000000006,0.025,0.0004974937185533105,0.04,0.0405,0.040400000000000005,0.0405,0.00020000000000000017,0.14200000000000002,0.14350000000000002,0.14267500000000002,0.14300000000000002,0.0005068283733178327,0.0165,0.017,0.016525000000000005,0.0165,0.00010897247358851693,0.1245,0.1265,0.12555,0.126,0.0006873863542433766,0.014,0.014,0.014000000000000002,0.014,1.734723475976807e-18,32,32,2560,10240,51200,False,1104,2
0.029,0.039,0.037238095238095244,0.038,0.0019248936125150226,0.011,0.012,0.011850000000000003,0.012,0.00035707142142714284,0.10300000000000001,0.1055,0.104325,0.105,0.0009120718173477293,0.024,0.025,0.024550000000000006,0.025,0.0004974937185533105,0.0365,0.037,0.03685000000000001,0.037,0.00022912878474779216,0.14200000000000002,0.145,0.14359999999999998,0.1445,0.0011247221879201873,0.016,0.0165,0.016425000000000002,0.0165,0.00017853571071357142,0.1255,0.128,0.126925,0.1275,0.0008257572282456881,0.014,0.014,0.014000000000000002,0.014,1.734723475976807e-18,32,32,2560,10240,51200,False,1088,2
0.028,0.037,0.03623809523809525,0.037,0.0018999940326914285,0.011,0.012,0.011150000000000002,0.011,0.0003570714214271428,0.10300000000000001,0.105,0.10447500000000001,0.1045,0.00036996621467371614,0.024,0.025,0.024300000000000006,0.024,0.00045825756949558437,0.0365,0.037,0.036975,0.037,0.00010897247358851693,0.14350000000000002,0.14400000000000002,0.14385000000000003,0.14400000000000002,0.0002291287847477922,0.016,0.0165,0.016275000000000005,0.0165,0.0002487468592766552,0.1275,0.1275,0.1275,0.1275,0.0,0.014,0.014,0.014000000000000002,0.014,1.734723475976807e-18,32,32,2560,10240,51200,False,1072,2
0.028,0.038,0.03604761904761906,0.036000000000000004,0.001938978387762126,0.011,0.012,0.011200000000000002,0.011,0.00040000000000000034,0.10250000000000001,0.1055,0.10415,0.105,0.0014062361110425176,0.024,0.025,0.024250000000000004,0.024,0.00043301270189221973,0.0365,0.0375,0.037125,0.0375,0.00044370598373247153,0.14100000000000001,0.1455,0.14372500000000005,0.145,0.001873999733191005,0.0155,0.016,0.015875000000000004,0.016,0.00021650635094610984,0.1245,0.1285,0.12675,0.12775,0.0016620770138594677,0.013000000000000001,0.014,0.013750000000000004,0.014,0.000433012701892219,32,32,2560,10240,51200,False,1056,2
0.028,0.037,0.03538095238095239,0.036000000000000004,0.0017855555485002548,0.011,0.012,0.011150000000000002,0.011,0.0003570714214271428,0.10200000000000001,0.1075,0.10305,0.10250000000000001,0.0015239750654128144,0.023,0.025,0.023850000000000003,0.024,0.0005722761571129804,0.0365,0.0385,0.03682499999999999,0.0365,0.0006179603547154142,0.14100000000000001,0.148,0.14240000000000003,0.14150000000000001,0.0022394195676558614,0.0155,0.016,0.015575000000000002,0.0155,0.00017853571071357142,0.1245,0.1315,0.1257,0.1245,0.002384323803513275,0.013000000000000001,0.014,0.013150000000000004,0.013000000000000001,0.0003570714214271422,32,32,2560,10240,51200,False,1040,2
0.028,0.038,0.03490476190476192,0.035,0.0018491893179950092,0.011,0.012,0.011150000000000002,0.011,0.0003570714214271428,0.08700000000000001,0.095,0.08867499999999999,0.08775,0.0025410381736605207,0.022,0.023,0.022500000000000003,0.0225,0.0005000000000000004,0.0375,0.043500000000000004,0.041225,0.0415,0.0014788086421170265,0.114,0.124,0.116775,0.1155,0.0031003024046050713,0.016,0.017,0.016450000000000003,0.0165,0.0003840572873934308,0.117,0.151,0.14482499999999998,0.1455,0.006784679432368191,0.013000000000000001,0.014,0.013250000000000003,0.013000000000000001,0.00043301270189221897,32,32,2560,10240,51200,False,1024,2
0.027,0.037,0.03490476190476192,0.035,0.0021581465130713637,0.011,0.012,0.011350000000000002,0.011,0.00047696960070847325,0.08600000000000001,0.093,0.088725,0.08700000000000001,0.0028568995432111323,0.021,0.024,0.022050000000000004,0.022,0.0006689544080129824,0.0405,0.043500000000000004,0.04202500000000001,0.0415,0.0009010410645470056,0.113,0.121,0.11684999999999998,0.1155,0.003037680035816804,0.0155,0.018000000000000002,0.016350000000000003,0.0165,0.0005024937810560449,0.114,0.149,0.142875,0.14625,0.009547087252141352,0.013000000000000001,0.015,0.013600000000000004,0.013500000000000002,0.0006633249580710795,32,32,2560,10240,51200,False,1016,2
0.027,0.037,0.03438095238095239,0.034,0.0018638462657886603,0.011,0.012,0.011150000000000002,0.011,0.0003570714214271428,0.08700000000000001,0.091,0.0883,0.088,0.001268857754044949,0.021,0.022,0.021750000000000002,0.022,0.0004330127018922182,0.0345,0.043000000000000003,0.040675,0.04125,0.0024355440870573457,0.1145,0.11900000000000001,0.11610000000000002,0.11575,0.0014282856857085711,0.015,0.0165,0.015825000000000002,0.016,0.00036314597615834913,0.115,0.147,0.13712499999999997,0.14350000000000002,0.011987363137904846,0.013000000000000001,0.014,0.013400000000000004,0.013000000000000001,0.0004898979485566352,32,32,2560,10240,51200,False,1008,2
0.027,0.036000000000000004,0.0351904761904762,0.036000000000000004,0.0018928197061287427,0.011,0.012,0.011350000000000002,0.011,0.00047696960070847314,0.0895,0.0905,0.08985,0.09,0.0003201562118716428,0.021,0.022,0.021500000000000002,0.0215,0.0004999999999999987,0.035,0.043000000000000003,0.04035000000000001,0.04125,0.0025792440753057855,0.1165,0.11850000000000001,0.11762500000000001,0.11750000000000001,0.0004968651728587953,0.0155,0.016,0.015575000000000002,0.0155,0.00017853571071357142,0.11850000000000001,0.1465,0.13760000000000003,0.14300000000000002,0.0107988425305678,0.013000000000000001,0.014,0.013850000000000005,0.014,0.00035707142142714214,32,32,2560,10240,51200,False,1000,2
0.027,0.037,0.03542857142857144,0.036000000000000004,0.0019413159152990018,0.011,0.012,0.011700000000000002,0.012,0.0004582575694955844,0.08600000000000001,0.091,0.08995,0.0905,0.0013683932183403973,0.021,0.023,0.021950000000000004,0.022,0.0006689544080129819,0.035500000000000004,0.043000000000000003,0.04087500000000001,0.04125,0.0018965429075030176,0.1145,0.11900000000000001,0.11820000000000004,0.11850000000000001,0.0010535653752852749,0.0155,0.0165,0.015675,0.0155,0.00028613807855649016,0.10300000000000001,0.1085,0.10650000000000001,0.10675,0.0012449899597988708,0.013000000000000001,0.014,0.013900000000000004,0.014,0.00029999999999999976,32,32,2560,10240,51200,False,992,2
0.026000000000000002,0.036000000000000004,0.03476190476190477,0.035,0.0020909046095333476,0.011,0.012,0.011250000000000001,0.011,0.00043301270189221973,0.0855,0.092,0.08757500000000001,0.08650000000000001,0.002594585708740411,0.021,0.023,0.021800000000000003,0.022,0.0005999999999999991,0.0395,0.044,0.041275,0.0415,0.0010425329730996522,0.114,0.1215,0.116675,0.1155,0.0026185635375144097,0.0155,0.0165,0.015875000000000004,0.016,0.0003491060010942239,0.10250000000000001,0.108,0.10472500000000003,0.10350000000000001,0.0021821720830401945,0.014,0.014,0.014000000000000002,0.014,1.734723475976807e-18,32,32,2560,10240,51200,False,984,2
0.027,0.036000000000000004,0.03395238095238096,0.034,0.0016754868653103988,0.011,0.011,0.011000000000000001,0.011,1.734723475976807e-18,0.08750000000000001,0.089,0.087975,0.088,0.00033447720400648766,0.021,0.022,0.021500000000000002,0.0215,0.0004999999999999986,0.0395,0.0425,0.04095,0.041,0.000820060973342837,0.115,0.11750000000000001,0.11607500000000001,0.11625,0.0007628073151196184,0.015,0.0155,0.015350000000000003,0.0155,0.0002291287847477922,0.10350000000000001,0.105,0.104075,0.10400000000000001,0.00045483513496650076,0.012,0.014,0.013400000000000004,0.013000000000000001,0.0005830951894845297,32,32,2560,10240,51200,False,976,2
0.026000000000000002,0.035,0.03376190476190477,0.034,0.0019248936125150229,0.01,0.011,0.010700000000000001,0.011,0.00045825756949558367,0.08650000000000001,0.0905,0.0885,0.089,0.0013228756555322897,0.02,0.022,0.0211,0.021,0.0006244997998398391,0.035,0.0425,0.04065,0.04075,0.001533786165017797,0.114,0.11900000000000001,0.116675,0.11725000000000001,0.0016299923312703053,0.0145,0.016,0.015375000000000003,0.0155,0.0004968651728587949,0.10250000000000001,0.107,0.10505000000000002,0.1055,0.0015724185193516339,0.012,0.014,0.013250000000000003,0.013000000000000001,0.0005361902647381801,32,32,2560,10240,51200,False,968,2
0.026000000000000002,0.036000000000000004,0.03400000000000001,0.034,0.0019518001458970668,0.01,0.011,0.010600000000000002,0.011,0.0004898979485566354,0.08600000000000001,0.0885,0.08717500000000002,0.08700000000000001,0.0008407585860400074,0.02,0.022,0.021,0.021,0.000707106781186547,0.039,0.0415,0.040025000000000005,0.04,0.0006609652033201148,0.1135,0.116,0.114775,0.1145,0.0006609652033201149,0.0145,0.0155,0.015050000000000003,0.015,0.00031224989991991974,0.10250000000000001,0.1055,0.10380000000000003,0.10375000000000001,0.0008573214099741076,0.012,0.015,0.013350000000000004,0.013000000000000001,0.0007262919523166972,32,32,2560,10240,51200,False,960,2
0.026000000000000002,0.034,0.033142857142857154,0.033,0.0016700645635000174,0.01,0.011,0.01055,0.011,0.0004974937185533095,0.085,0.08750000000000001,0.0866,0.08650000000000001,0.0006244997998398403,0.02,0.021,0.020600000000000004,0.021,0.0004898979485566361,0.038,0.0395,0.038925,0.039,0.0003631459761583491,0.1135,0.116,0.11445000000000002,0.1145,0.0005678908345800278,0.0145,0.016,0.015125000000000003,0.015,0.00034910600109422347,0.10200000000000001,0.105,0.10385,0.10400000000000001,0.0007599342076785294,0.012,0.014,0.013000000000000003,0.013000000000000001,0.00044721359549995795,32,32,2560,10240,51200,False,952,2
0.025,0.034,0.0321904761904762,0.032,0.0017625481450782618,0.01,0.011,0.010350000000000002,0.01,0.0004769696007084724,0.0855,0.09,0.08722500000000002,0.08650000000000001,0.0015286840746210402,0.019,0.021,0.020300000000000006,0.02,0.0005567764362830027,0.0375,0.0405,0.03862500000000001,0.03825,0.0008347903928532008,0.113,0.11850000000000001,0.11470000000000002,0.11375,0.0018398369492974116,0.0145,0.015,0.014650000000000002,0.0145,0.0002291287847477914,0.10200000000000001,0.107,0.10382500000000001,0.10275000000000001,0.0017626329737072278,0.012,0.014,0.012750000000000003,0.013000000000000001,0.0006982120021884473,32,32,2560,10240,51200,False,944,2
0.025,0.034,0.03200000000000001,0.032,0.0016903085094570334,0.01,0.011,0.010350000000000002,0.01,0.0004769696007084724,0.0855,0.092,0.087025,0.08650000000000001,0.001785182063544217,0.019,0.022,0.020300000000000002,0.02,0.0008426149773176359,0.038,0.041,0.03875000000000001,0.0385,0.0009420721840708395,0.1135,0.1215,0.11540000000000002,0.1145,0.0024525496936861416,0.0145,0.0155,0.014775000000000002,0.01475,0.00029474565306378936,0.10200000000000001,0.1095,0.10387500000000001,0.10300000000000001,0.0022631559822513313,0.012,0.014,0.012800000000000002,0.013000000000000001,0.0006782329983125269,32,32,2560,10240,51200,False,936,2
0.025,0.034,0.032238095238095246,0.032,0.0017969487870584011,0.01,0.011,0.010400000000000001,0.01,0.0004898979485566351,0.0855,0.092,0.0873,0.08600000000000001,0.0022934689882359396,0.019,0.023,0.0205,0.02,0.0008660254037844387,0.038,0.041,0.039175,0.039,0.000965336728815392,0.112,0.121,0.1152,0.114,0.0028696689704563487,0.014,0.015,0.014600000000000002,0.0145,0.0002999999999999996,0.10250000000000001,0.1085,0.10450000000000001,0.10350000000000001,0.002392697222801076,0.012,0.014,0.013100000000000004,0.013000000000000001,0.0006244997998398398,32,32,2560,10240,51200,False,928,2
0.025,0.034,0.032380952380952385,0.033,0.00181202834194671,0.01,0.011,0.010600000000000002,0.011,0.0004898979485566354,0.085,0.0905,0.08772499999999998,0.088,0.0020091976010338007,0.019,0.022,0.020200000000000003,0.02,0.0006000000000000001,0.0375,0.04,0.0387,0.03875,0.0007810249675906662,0.1125,0.11900000000000001,0.11575000000000002,0.11750000000000001,0.0024974987487484377,0.014,0.0155,0.014550000000000002,0.0145,0.000269258240356725,0.10250000000000001,0.107,0.10495000000000002,0.106,0.001909842925478423,0.012,0.013000000000000001,0.012700000000000003,0.013000000000000001,0.0004582575694955844,32,32,2560,10240,51200,False,920,2
0.025,0.034,0.032238095238095246,0.033,0.0017156079556811263,0.01,0.011,0.0102,0.01,0.0003999999999999996,0.085,0.08650000000000001,0.08577499999999999,0.08600000000000001,0.0003344772040064916,0.019,0.021,0.019650000000000004,0.02,0.0005722761571129804,0.037,0.0405,0.038025,0.038,0.0007154544010627099,0.112,0.121,0.11332499999999998,0.1125,0.0019188212527486753,0.0135,0.015,0.014275000000000001,0.014,0.00040233692348577694,0.10200000000000001,0.109,0.10287500000000001,0.10250000000000001,0.0014652218262092588,0.012,0.013000000000000001,0.012250000000000002,0.012,0.0004330127018922198,32,32,2560,10240,51200,False,912,2
0.025,0.034,0.032142857142857154,0.032,0.0017261494247992248,0.01,0.011,0.010450000000000001,0.01,0.0004974937185533096,0.08600000000000001,0.088,0.08717499999999999,0.08750000000000001,0.0005760859310901432,0.019,0.02,0.019650000000000004,0.02,0.0004769696007084733,0.038,0.0395,0.038425,0.038,0.0005068283733178328,0.113,0.11750000000000001,0.11492500000000001,0.115,0.0009522998477370463,0.014,0.015,0.014250000000000002,0.014,0.0002958039891549808,0.10250000000000001,0.105,0.10387500000000001,0.10400000000000001,0.0005889609494694837,0.012,0.014,0.012350000000000003,0.012,0.0005722761571129801,32,32,2560,10240,51200,False,904,2
0.024,0.032,0.031047619047619053,0.031,0.0016468206157895795,0.01,0.011,0.010100000000000001,0.01,0.00029999999999999976,0.0795,0.0805,0.079825,0.07975,0.0003631459761583491,0.019,0.021,0.019700000000000002,0.02,0.0006403124237432854,0.0335,0.036000000000000004,0.03465,0.0345,0.0006344288770224765,0.106,0.1095,0.10730000000000002,0.107,0.0010049875621120899,0.014,0.016,0.014975000000000002,0.015,0.0006417748826496717,0.10400000000000001,0.1065,0.10519999999999999,0.105,0.0007483314773547867,0.012,0.013000000000000001,0.012050000000000002,0.012,0.0002179449471770339,32,32,2560,10240,51200,False,896,2
0.024,0.032,0.03090476190476191,0.031,0.0016007367918068202,0.01,0.011,0.01005,0.01,0.00021794494717703353,0.079,0.08,0.07947499999999999,0.0795,0.0003344772040064916,0.019,0.02,0.019400000000000004,0.019,0.000489897948556636,0.0335,0.035,0.034350000000000006,0.03425,0.0005024937810560449,0.106,0.109,0.10727500000000001,0.107,0.0008728545125048053,0.0145,0.016,0.015225000000000002,0.0155,0.0004602988159880492,0.1045,0.107,0.105775,0.1055,0.000621992765231237,0.012,0.012,0.012000000000000002,0.012,1.734723475976807e-18,32,32,2560,10240,51200,False,888,2
0.024,0.031,0.029571428571428575,0.03,0.0013652639225553756,0.01,0.01,0.010000000000000002,0.01,1.734723475976807e-18,0.0795,0.08,0.07992500000000002,0.08,0.0001785357107135714,0.018000000000000002,0.02,0.018900000000000007,0.019,0.0005385164807134497,0.0335,0.0345,0.033925,0.034,0.0003631459761583491,0.1065,0.108,0.10717499999999999,0.107,0.0003631459761583491,0.014,0.015,0.014425000000000002,0.0145,0.00028613807855648984,0.10400000000000001,0.1055,0.10450000000000001,0.1045,0.00041833001326703316,0.012,0.012,0.012000000000000002,0.012,1.734723475976807e-18,32,32,2560,10240,51200,False,880,2
0.024,0.031,0.029857142857142863,0.03,0.001489190073439227,0.01,0.011,0.010400000000000001,0.01,0.0004898979485566351,0.079,0.0825,0.08067500000000002,0.08,0.001087140745257946,0.018000000000000002,0.02,0.018900000000000007,0.019,0.000624499799839839,0.0335,0.035500000000000004,0.034300000000000004,0.034,0.0006403124237432854,0.106,0.1125,0.1091,0.10925,0.0019013153341831564,0.014,0.0155,0.014575000000000001,0.0145,0.00036314597615834843,0.1045,0.109,0.10665,0.10575,0.0016665833312498972,0.011,0.012,0.011950000000000002,0.012,0.00021794494717703385,32,32,2560,10240,51200,False,872,2
0.024,0.031,0.02971428571428572,0.03,0.0014190156595953653,0.01,0.01,0.010000000000000002,0.01,1.734723475976807e-18,0.0785,0.0805,0.07962500000000002,0.07975,0.0006495190528383296,0.018000000000000002,0.021,0.019100000000000006,0.019,0.0006244997998398398,0.034,0.036000000000000004,0.034550000000000004,0.0345,0.0005894913061275802,0.1055,0.109,0.10732500000000003,0.1075,0.0009120718173477359,0.014,0.016,0.014700000000000001,0.0145,0.000556776436283002,0.1045,0.1075,0.10574999999999998,0.1055,0.0008291561975888507,0.011,0.012,0.011900000000000003,0.012,0.00030000000000000024,32,32,2560,10240,51200,False,864,2
0.023,0.03,0.028809523809523813,0.029,0.001401327520910682,0.01,0.01,0.010000000000000002,0.01,1.734723475976807e-18,0.078,0.0795,0.07882499999999999,0.079,0.00036314597615834897,0.017,0.019,0.018250000000000006,0.018000000000000002,0.0005361902647381794,0.033,0.035500000000000004,0.03415,0.034,0.000614410286372226,0.105,0.1075,0.10577500000000002,0.1055,0.0006796138609534099,0.0135,0.015,0.014125000000000002,0.014,0.00047103609203541925,0.10400000000000001,0.106,0.10497499999999997,0.105,0.0004866980583482937,0.011,0.012,0.011950000000000002,0.012,0.00021794494717703385,32,32,2560,10240,51200,False,856,2
0.023,0.03,0.02828571428571429,0.028,0.001314492737318311,0.009000000000000001,0.01,0.009950000000000004,0.01,0.00021794494717703353,0.079,0.0815,0.07967499999999998,0.0795,0.0005760859310901461,0.017,0.019,0.018000000000000006,0.018000000000000002,0.00031622776601683767,0.0335,0.0345,0.03385,0.0335,0.0004213074886588183,0.1055,0.1095,0.10655,0.1065,0.0008930285549745884,0.013000000000000001,0.0145,0.013725000000000001,0.0135,0.0003344772040064914,0.10300000000000001,0.108,0.10447500000000001,0.10425000000000001,0.0011882234638316113,0.011,0.012,0.011800000000000001,0.012,0.00040000000000000034,32,32,2560,10240,51200,False,848,2
0.023,0.03,0.02828571428571429,0.028,0.001314492737318311,0.01,0.01,0.010000000000000002,0.01,1.734723475976807e-18,0.079,0.081,0.08007500000000002,0.08,0.0003960744879438719,0.018000000000000002,0.02,0.018550000000000004,0.018500000000000003,0.0005894913061275787,0.0335,0.0345,0.033800000000000004,0.03375,0.0003316624790355403,0.107,0.109,0.10782500000000002,0.10775,0.0005973901572674266,0.0135,0.015,0.014050000000000002,0.014,0.00026925824035672517,0.10400000000000001,0.1055,0.10507499999999999,0.105,0.00039607448794386994,0.011,0.012,0.011750000000000002,0.012,0.0004330127018922198,32,32,2560,10240,51200,False,840,2
0.023,0.03,0.02828571428571429,0.028,0.001314492737318311,0.01,0.01,0.010000000000000002,0.01,1.734723475976807e-18,0.0785,0.0795,0.07894999999999999,0.079,0.0003122498999199202,0.016,0.019,0.017300000000000003,0.017,0.000640312423743285,0.028,0.03,0.02905,0.029,0.000567890834580027,0.106,0.1095,0.10742499999999999,0.1075,0.0008407585860400126,0.013000000000000001,0.015,0.013775000000000004,0.0135,0.0005584576975922169,0.10350000000000001,0.105,0.104275,0.10425000000000001,0.0004322904116447589,0.011,0.012,0.011400000000000002,0.011,0.000489897948556636,32,32,2560,10240,51200,False,832,2
0.023,0.03,0.02847619047619048,0.029,0.0013669238185149834,0.01,0.01,0.010000000000000002,0.01,1.734723475976807e-18,0.0775,0.0815,0.07859999999999998,0.078,0.0012409673645990868,0.017,0.018000000000000002,0.017350000000000004,0.017,0.00047696960070847314,0.028,0.029500000000000002,0.028849999999999997,0.029,0.0003905124837953331,0.105,0.11,0.107075,0.10675,0.00145150783669948,0.013000000000000001,0.0145,0.013550000000000003,0.0135,0.0004444097208657792,0.10300000000000001,0.109,0.10495000000000002,0.10400000000000001,0.0019678668654154394,0.011,0.012,0.011250000000000001,0.011,0.00043301270189221973,32,32,2560,10240,51200,False,824,2
0.022,0.029,0.027666666666666676,0.028,0.0013569339855976198,0.01,0.01,0.010000000000000002,0.01,1.734723475976807e-18,0.0795,0.0805,0.07992500000000001,0.08,0.0003269174207655508,0.016,0.018000000000000002,0.017050000000000003,0.017,0.0003840572873934307,0.028,0.029500000000000002,0.028750000000000005,0.02875,0.0003354101966249688,0.1065,0.1095,0.10757500000000002,0.1075,0.0007119515432949077,0.0125,0.0135,0.012975000000000004,0.013000000000000001,0.0002947456530637897,0.10350000000000001,0.105,0.104275,0.1045,0.00046029881598804367,0.011,0.012,0.011200000000000002,0.011,0.00040000000000000034,32,32,2560,10240,51200,False,816,2
0.022,0.029,0.027142857142857153,0.027,0.0012830660557435702,0.009000000000000001,0.01,0.009950000000000004,0.01,0.00021794494717703353,0.079,0.0815,0.07969999999999998,0.0795,0.0009000000000000007,0.016,0.018000000000000002,0.017200000000000003,0.017,0.000509901951359279,0.0285,0.029,0.028750000000000005,0.02875,0.0002500000000000002,0.1065,0.1125,0.10874999999999999,0.1085,0.001785357107135714,0.0125,0.0135,0.013000000000000003,0.013000000000000001,0.00035355339059327343,0.10300000000000001,0.108,0.10464999999999999,0.10350000000000001,0.0018034688796871388,0.011,0.012,0.011350000000000002,0.011,0.0004769696007084732,32,32,2560,10240,51200,False,808,2
0.022,0.029,0.027666666666666676,0.028,0.0013915846853526153,0.01,0.01,0.010000000000000002,0.01,1.734723475976807e-18,0.0785,0.0805,0.0795,0.079,0.0008062257748298558,0.016,0.018000000000000002,0.017150000000000006,0.017,0.0005722761571129803,0.028,0.03,0.029125,0.029,0.000544862367942584,0.1065,0.1105,0.10819999999999999,0.10825,0.0013729530217745994,0.0125,0.014,0.013175000000000003,0.013000000000000001,0.0003631459761583484,0.10250000000000001,0.108,0.10510000000000001,0.10425000000000001,0.0018814887722226733,0.011,0.012,0.011400000000000002,0.011,0.000489897948556636,32,32,2560,10240,51200,False,800,2
0.022,0.028,0.02676190476190477,0.027,0.0011086139739831258,0.01,0.01,0.010000000000000002,0.01,1.734723475976807e-18,0.0775,0.079,0.078225,0.0785,0.00040233692348577737,0.016,0.018000000000000002,0.016950000000000003,0.017,0.0005894913061275802,0.028,0.03,0.028575,0.0285,0.0004548351349665061,0.1055,0.108,0.10665,0.1065,0.0007921489758877436,0.0125,0.014,0.013000000000000003,0.013000000000000001,0.00044721359549995763,0.10300000000000001,0.1055,0.103925,0.10375000000000001,0.0005973901572674216,0.011,0.012,0.01105,0.011,0.0002179449471770339,32,32,2560,10240,51200,False,792,2
0.022,0.028,0.02676190476190477,0.027,0.0011507662831994833,0.009000000000000001,0.01,0.009950000000000004,0.01,0.00021794494717703353,0.079,0.0795,0.07942499999999998,0.0795,0.0001785357107135714,0.016,0.017,0.016200000000000003,0.016,0.00040000000000000034,0.031,0.032,0.03149999999999999,0.0315,0.0003162277660168382,0.106,0.1085,0.107125,0.107,0.0006299801584177082,0.0115,0.0135,0.012350000000000003,0.0125,0.00045000000000000015,0.10300000000000001,0.1055,0.10395000000000003,0.10400000000000001,0.000589491306127576,0.01,0.011,0.010950000000000001,0.011,0.00021794494717703347,32,32,2560,10240,51200,False,784,2
0.021,0.028,0.026619047619047626,0.027,0.0013964645998681116,0.009000000000000001,0.01,0.009950000000000004,0.01,0.00021794494717703353,0.0785,0.081,0.07925000000000001,0.079,0.0008139410298049859,0.016,0.018000000000000002,0.016500000000000004,0.016,0.0005916079783099621,0.031,0.0325,0.03155,0.03125,0.0006103277807866857,0.105,0.109,0.10705,0.10675,0.0011926860441876573,0.0115,0.013000000000000001,0.012225000000000003,0.01225,0.00036996621467371885,0.10250000000000001,0.1065,0.104325,0.10400000000000001,0.0014771171246722398,0.01,0.011,0.010900000000000002,0.011,0.00029999999999999976,32,32,2560,10240,51200,False,776,2
0.021,0.029,0.026619047619047626,0.027,0.0015267828135125134,0.009000000000000001,0.01,0.009800000000000003,0.01,0.0003999999999999997,0.07,0.07150000000000001,0.07044999999999998,0.07050000000000001,0.000522015325445528,0.016,0.017,0.016550000000000002,0.017,0.0004974937185533105,0.0305,0.032,0.0312,0.031,0.00043011626335213174,0.0885,0.092,0.08977500000000001,0.0895,0.0007822243923581015,0.0115,0.0135,0.012675000000000002,0.0125,0.0005309190145398826,0.08700000000000001,0.0905,0.08872499999999997,0.089,0.0008437268515343075,0.011,0.012,0.011400000000000002,0.011,0.000489897948556636,32,32,2560,10240,51200,False,768,2
0.021,0.028,0.02633333333333334,0.026000000000000002,0.0014253932901995962,0.009000000000000001,0.01,0.009700000000000004,0.01,0.00045825756949558356,0.0695,0.07050000000000001,0.07005000000000002,0.07,0.0003500000000000003,0.016,0.017,0.016400000000000005,0.016,0.000489897948556636,0.03,0.0315,0.030824999999999998,0.031,0.0003960744879438718,0.088,0.0905,0.089425,0.0895,0.0006759252917297894,0.012,0.013000000000000001,0.012525000000000003,0.0125,0.00036996621467371885,0.08700000000000001,0.089,0.08832499999999999,0.0885,0.0006378675411086492,0.01,0.012,0.011200000000000002,0.011,0.0006000000000000002,32,32,2560,10240,51200,False,760,2
0.021,0.027,0.02533333333333334,0.025,0.001168366109179552,0.009000000000000001,0.01,0.009050000000000002,0.009000000000000001,0.00021794494717703353,0.07,0.07150000000000001,0.07094999999999999,0.07100000000000001,0.00026925824035672544,0.016,0.017,0.016700000000000003,0.017,0.0004582575694955844,0.0305,0.032,0.031175,0.031,0.0003631459761583491,0.09,0.0915,0.09045,0.0905,0.0004444097208657799,0.0115,0.013000000000000001,0.012250000000000002,0.012,0.0004031128874149279,0.08750000000000001,0.0905,0.088425,0.0885,0.000694172168845738,0.01,0.011,0.010750000000000001,0.011,0.00043301270189221897,32,32,2560,10240,51200,False,752,2
0.021,0.026000000000000002,0.025380952380952386,0.026000000000000002,0.0010900498230723428,0.009000000000000001,0.01,0.009150000000000002,0.009000000000000001,0.0003570714214271422,0.07,0.0725,0.07087500000000001,0.07050000000000001,0.0007395099728874511,0.016,0.018000000000000002,0.016350000000000003,0.016,0.0005722761571129803,0.0305,0.0315,0.030999999999999993,0.031,0.00044721359549995833,0.089,0.092,0.090025,0.08975,0.000928372231381358,0.0115,0.013000000000000001,0.011900000000000003,0.0115,0.0005147815070493505,0.08650000000000001,0.091,0.08835000000000001,0.08750000000000001,0.001285496013218239,0.01,0.011,0.010450000000000001,0.01,0.0004974937185533096,32,32,2560,10240,51200,False,744,2
0.021,0.028,0.025857142857142863,0.026000000000000002,0.0013552618543578763,0.009000000000000001,0.01,0.009200000000000003,0.009000000000000001,0.0003999999999999997,0.0695,0.07050000000000001,0.07,0.07,0.0003535533905932741,0.016,0.017,0.016200000000000003,0.016,0.00040000000000000034,0.03,0.031,0.03065,0.0305,0.0003570714214271428,0.0885,0.09,0.08902499999999999,0.089,0.0005117372372614685,0.0115,0.013000000000000001,0.012150000000000003,0.012,0.00039051248379533304,0.08700000000000001,0.0895,0.088075,0.088,0.0005539629951540054,0.01,0.012,0.010950000000000001,0.011,0.0007399324293474372,32,32,2560,10240,51200,False,736,2
0.02,0.028,0.025428571428571436,0.025,0.001466171839841967,0.009000000000000001,0.01,0.009250000000000003,0.009000000000000001,0.00043301270189221897,0.069,0.07,0.06965000000000002,0.0695,0.0003570714214271428,0.015,0.017,0.016050000000000002,0.016,0.0004974937185533105,0.03,0.0325,0.030624999999999996,0.0305,0.0005448623679425847,0.08750000000000001,0.0895,0.0885,0.0885,0.000499999999999999,0.011,0.0125,0.011900000000000003,0.012,0.00040620192023179834,0.08650000000000001,0.0895,0.08755,0.08750000000000001,0.0008351646544244985,0.01,0.012,0.011000000000000001,0.011,0.0008366600265340757,32,32,2560,10240,51200,False,728,2
0.02,0.027,0.024809523809523816,0.025,0.0013669238185149836,0.009000000000000001,0.01,0.009150000000000002,0.009000000000000001,0.00035707142142714214,0.07,0.07050000000000001,0.07007500000000003,0.07,0.0001785357107135714,0.016,0.017,0.016050000000000002,0.016,0.0002179449471770339,0.0305,0.031,0.03055,0.0305,0.00015000000000000012,0.0885,0.0895,0.08895,0.089,0.00021794494717703388,0.011,0.0115,0.011325000000000002,0.0115,0.00023848480035423665,0.08650000000000001,0.088,0.087025,0.08700000000000001,0.0004602988159880467,0.01,0.012,0.0105,0.01,0.0006708203932499369,32,32,2560,10240,51200,False,720,2
0.02,0.026000000000000002,0.02476190476190477,0.025,0.0012688488185213552,0.009000000000000001,0.01,0.009050000000000002,0.009000000000000001,0.00021794494717703353,0.0695,0.07050000000000001,0.07005000000000003,0.07,0.00026925824035672544,0.015,0.016,0.015850000000000003,0.016,0.00035707142142714284,0.03,0.031,0.030474999999999995,0.0305,0.00024874685927665525,0.0885,0.091,0.089325,0.08925,0.0005068283733178328,0.0115,0.012,0.011650000000000002,0.0115,0.0002291287847477922,0.08650000000000001,0.0885,0.0875,0.08750000000000001,0.0005916079783099569,0.01,0.012,0.010600000000000002,0.010499999999999999,0.0006633249580710798,32,32,2560,10240,51200,False,712,2
0.02,0.027,0.025238095238095243,0.025,0.001376841170933425,0.009000000000000001,0.01,0.009250000000000003,0.009000000000000001,0.00043301270189221897,0.069,0.0695,0.06935,0.0695,0.0002291287847477922,0.015,0.017,0.015900000000000004,0.016,0.0004358898943540677,0.03,0.0315,0.0304,0.0305,0.00043588989435406776,0.088,0.09,0.08852499999999999,0.0885,0.0004866980583482951,0.011,0.013000000000000001,0.011650000000000002,0.0115,0.00047696960070847325,0.08600000000000001,0.0895,0.086975,0.08700000000000001,0.0006977642868476413,0.01,0.012,0.010750000000000001,0.011,0.0006224949798994364,32,32,2560,10240,51200,False,704,2
0.02,0.026000000000000002,0.024380952380952385,0.024,0.0011741740958036149,0.009000000000000001,0.01,0.009050000000000002,0.009000000000000001,0.00021794494717703353,0.0685,0.0695,0.06899999999999999,0.069,0.0001581138830084191,0.015,0.017,0.015950000000000002,0.016,0.0004974937185533103,0.029500000000000002,0.031,0.030100000000000005,0.03,0.0004062019202317976,0.08650000000000001,0.088,0.08719999999999999,0.08700000000000001,0.00036742346141747554,0.0105,0.012,0.011125000000000001,0.011,0.0004145780987944249,0.085,0.08750000000000001,0.08635000000000001,0.08625000000000001,0.0007262919523166982,0.01,0.011,0.010150000000000001,0.01,0.00035707142142714214,32,32,2560,10240,51200,False,696,2
0.019,0.025,0.024238095238095243,0.024,0.0012688488185213554,0.009000000000000001,0.01,0.009100000000000002,0.009000000000000001,0.00029999999999999976,0.0695,0.07,0.06960000000000002,0.0695,0.0002000000000000002,0.015,0.016,0.015550000000000003,0.016,0.0004974937185533105,0.03,0.0305,0.030075,0.03,0.00017853571071357142,0.088,0.0895,0.088625,0.0885,0.00041457809879442536,0.0105,0.012,0.011200000000000002,0.011,0.0003316624790355401,0.08600000000000001,0.08750000000000001,0.086925,0.08700000000000001,0.0004264680527307999,0.01,0.011,0.0105,0.010499999999999999,0.0004999999999999996,32,32,2560,10240,51200,False,688,2
0.019,0.024,0.023571428571428577,0.024,0.0010942024088643866,0.009000000000000001,0.01,0.009150000000000002,0.009000000000000001,0.00035707142142714214,0.069,0.07,0.069375,0.0695,0.00026809513236909045,0.015,0.016,0.015200000000000002,0.015,0.00040000000000000034,0.03,0.0305,0.030075,0.03,0.0001785357107135714,0.088,0.089,0.08832500000000001,0.0885,0.0003269174207655508,0.0105,0.0115,0.011025000000000002,0.011,0.00019202864369671514,0.08600000000000001,0.08750000000000001,0.08675,0.08675000000000001,0.00033541019662496876,0.01,0.011,0.010150000000000001,0.01,0.00035707142142714214,32,32,2560,10240,51200,False,680,2
0.019,0.024,0.022809523809523814,0.023,0.000957131011535323,0.009000000000000001,0.01,0.009050000000000002,0.009000000000000001,0.00021794494717703353,0.0685,0.07,0.069125,0.069,0.00034910600109422385,0.014,0.016,0.015050000000000003,0.015,0.00038405728739343055,0.029500000000000002,0.031,0.030125000000000002,0.03,0.00038324274291889703,0.08750000000000001,0.0895,0.088,0.088,0.0006324555320336715,0.0105,0.012,0.010875000000000001,0.011,0.0003832427429188969,0.0855,0.088,0.08642500000000002,0.08600000000000001,0.0007292976072907373,0.01,0.01,0.010000000000000002,0.01,1.734723475976807e-18,32,32,2560,10240,51200,False,672,2
0.019,0.024,0.0230952380952381,0.023,0.0011086139739831253,0.009000000000000001,0.009000000000000001,0.009000000000000003,0.009000000000000001,1.734723475976807e-18,0.0675,0.069,0.0682,0.06825,0.0004582575694955844,0.015,0.016,0.015150000000000002,0.015,0.0003570714214271428,0.029500000000000002,0.03,0.0298,0.03,0.0002449489742783164,0.08650000000000001,0.08750000000000001,0.08685000000000001,0.08700000000000001,0.0003201562118716427,0.0105,0.011,0.010625,0.0105,0.00021650635094610913,0.0845,0.08750000000000001,0.086075,0.08600000000000001,0.0007790218225441449,0.01,0.011,0.01005,0.01,0.00021794494717703353,32,32,2560,10240,51200,False,664,2
0.019,0.024,0.02285714285714286,0.023,0.0009404008408634049,0.009000000000000001,0.009000000000000001,0.009000000000000003,0.009000000000000001,1.734723475976807e-18,0.068,0.0695,0.068825,0.069,0.0003960744879438718,0.014,0.016,0.014900000000000002,0.015,0.0004358898943540672,0.03,0.0305,0.030050000000000004,0.03,0.00015000000000000015,0.08750000000000001,0.0885,0.087925,0.088,0.0003960744879438659,0.01,0.0115,0.01055,0.0105,0.0004974937185533097,0.085,0.08750000000000001,0.08615,0.08625000000000001,0.0006726812023536862,0.01,0.01,0.010000000000000002,0.01,1.734723475976807e-18,32,32,2560,10240,51200,False,656,2
0.018000000000000002,0.024,0.02285714285714286,0.023,0.001283066055743569,0.009000000000000001,0.009000000000000001,0.009000000000000003,0.009000000000000001,1.734723475976807e-18,0.0685,0.0695,0.06895,0.069,0.00038405728739343076,0.014,0.016,0.014950000000000001,0.015,0.0004974937185533098,0.029500000000000002,0.03,0.029900000000000003,0.03,0.0001999999999999988,0.08700000000000001,0.089,0.08782500000000001,0.08750000000000001,0.000530919014539877,0.01,0.011,0.010475000000000002,0.0105,0.0004023369234857767,0.085,0.08750000000000001,0.08632500000000001,0.08650000000000001,0.0006179603547154142,0.01,0.01,0.010000000000000002,0.01,1.734723475976807e-18,32,32,2560,10240,51200,False,648,2
0.018000000000000002,0.022,0.02166666666666667,0.022,0.0008908708063747471,0.009000000000000001,0.009000000000000001,0.009000000000000003,0.009000000000000001,1.734723475976807e-18,0.06,0.061,0.0605,0.0605,0.0004183300132670382,0.014,0.015,0.014050000000000002,0.014,0.00021794494717703353,0.021500000000000002,0.022,0.021950000000000004,0.022,0.0001499999999999991,0.07,0.07050000000000001,0.07020000000000001,0.07,0.00024494897427831806,0.0095,0.0095,0.009500000000000001,0.0095,1.734723475976807e-18,0.065,0.0675,0.06612500000000002,0.066,0.0007224091638399952,0.009000000000000001,0.01,0.009850000000000003,0.01,0.0003570714214271422,32,32,2560,10240,51200,False,640,2
0.018000000000000002,0.023,0.02152380952380953,0.022,0.0009571310115353218,0.008,0.009000000000000001,0.008950000000000003,0.009000000000000001,0.00021794494717703385,0.059500000000000004,0.0605,0.059975000000000014,0.06,0.00040233692348577455,0.014,0.015,0.014250000000000002,0.014,0.00043301270189221897,0.021500000000000002,0.0235,0.021875000000000002,0.022,0.0004710360920354185,0.0695,0.07050000000000001,0.07,0.07,0.0002738612787525833,0.009000000000000001,0.01,0.009475000000000003,0.0095,0.00019202864369671495,0.0645,0.067,0.06604999999999998,0.06625,0.0008351646544245041,0.009000000000000001,0.01,0.009850000000000003,0.01,0.00035707142142714224,32,32,2560,10240,51200,False,632,2
0.018000000000000002,0.022,0.02123809523809524,0.021,0.0008676603408708846,0.009000000000000001,0.009000000000000001,0.009000000000000003,0.009000000000000001,1.734723475976807e-18,0.06,0.061,0.06054999999999999,0.0605,0.0003122498999199202,0.013000000000000001,0.014,0.013900000000000001,0.014,0.00029999999999999976,0.021500000000000002,0.022,0.021675000000000003,0.021500000000000002,0.00023848480035423494,0.07,0.07050000000000001,0.07012500000000002,0.07,0.00021650635094610984,0.009000000000000001,0.0095,0.009200000000000003,0.009000000000000001,0.00024494897427831713,0.0645,0.066,0.065275,0.06525,0.000432290411644765,0.009000000000000001,0.01,0.009550000000000003,0.01,0.0004974937185533095,32,32,2560,10240,51200,False,624,2
0.018000000000000002,0.023,0.021761904761904767,0.022,0.0009209085526577952,0.009000000000000001,0.009000000000000001,0.009000000000000003,0.009000000000000001,1.734723475976807e-18,0.06,0.061,0.060325000000000004,0.0605,0.00028613807855649016,0.013000000000000001,0.015,0.013750000000000004,0.014,0.0005361902647381799,0.019,0.0195,0.019200000000000002,0.019,0.000244948974278318,0.07,0.07050000000000001,0.07025,0.07025,0.0002500000000000002,0.009000000000000001,0.0095,0.009150000000000002,0.009000000000000001,0.0002291287847477914,0.0645,0.0675,0.065875,0.06575,0.0007395099728874527,0.009000000000000001,0.01,0.009150000000000002,0.009000000000000001,0.00035707142142714214,32,32,2560,10240,51200,False,616,2
0.017,0.022,0.02104761904761905,0.021,0.000998865569685858,0.008,0.009000000000000001,0.008900000000000002,0.009000000000000001,0.0003000000000000003,0.059000000000000004,0.0605,0.05982500000000002,0.06,0.00036314597615834615,0.013000000000000001,0.015,0.013950000000000004,0.014,0.00038405728739343006,0.019,0.0195,0.019200000000000002,0.019,0.000244948974278318,0.07,0.07050000000000001,0.07032500000000001,0.07050000000000001,0.0002384848003542366,0.009000000000000001,0.0095,0.009125000000000003,0.009000000000000001,0.0002165063509461091,0.0645,0.068,0.066125,0.066,0.0010231690964840573,0.009000000000000001,0.01,0.009150000000000002,0.009000000000000001,0.0003570714214271422,32,32,2560,10240,51200,False,608,2
0.017,0.021,0.020619047619047627,0.021,0.0008984743935292006,0.008,0.009000000000000001,0.008900000000000002,0.009000000000000001,0.0003000000000000003,0.059000000000000004,0.06,0.059375,0.059500000000000004,0.00034910600109422195,0.013000000000000001,0.014,0.013700000000000004,0.014,0.0004582575694955836,0.019,0.0195,0.019025000000000004,0.019,0.00010897247358851693,0.0695,0.07,0.06985000000000001,0.07,0.00022912878474779219,0.009000000000000001,0.009000000000000001,0.009000000000000003,0.009000000000000001,1.734723475976807e-18,0.0645,0.067,0.065625,0.0655,0.0008042853971072713,0.009000000000000001,0.01,0.009100000000000002,0.009000000000000001,0.00029999999999999976,32,32,2560,10240,51200,False,600,2
0.017,0.021,0.020047619047619054,0.02,0.000785353452498602,0.008,0.009000000000000001,0.008800000000000002,0.009000000000000001,0.00040000000000000034,0.059500000000000004,0.0605,0.06000000000000001,0.06,0.00031622776601683604,0.013000000000000001,0.015,0.013650000000000004,0.014,0.0005722761571129795,0.019,0.0195,0.019100000000000002,0.019,0.00020000000000000015,0.07,0.07050000000000001,0.07020000000000001,0.07,0.00024494897427831806,0.0085,0.0095,0.008900000000000002,0.009000000000000001,0.0002549509756796393,0.0645,0.067,0.06557500000000001,0.0655,0.0006179603547154142,0.009000000000000001,0.01,0.009050000000000002,0.009000000000000001,0.00021794494717703353,32,32,2560,10240,51200,False,592,2
0.017,0.021,0.020333333333333342,0.02,0.0008908708063747481,0.009000000000000001,0.009000000000000001,0.009000000000000003,0.009000000000000001,1.734723475976807e-18,0.055,0.0555,0.05522500000000001,0.055,0.0002487468592766552,0.014,0.015,0.014650000000000002,0.015,0.0004769696007084724,0.019,0.0195,0.019175000000000005,0.019,0.0002384848003542366,0.07,0.07100000000000001,0.07050000000000001,0.07050000000000001,0.0002738612787525833,0.0085,0.009000000000000001,0.008900000000000002,0.009000000000000001,0.00020000000000000017,0.065,0.068,0.066275,0.06625,0.0007327175444876428,0.009000000000000001,0.01,0.009050000000000002,0.009000000000000001,0.00021794494717703353,32,32,2560,10240,51200,False,584,2
0.017,0.021,0.020000000000000007,0.02,0.0007559289460184545,0.009000000000000001,0.009000000000000001,0.009000000000000003,0.009000000000000001,1.734723475976807e-18,0.0545,0.055,0.054925,0.055,0.0001785357107135714,0.014,0.015,0.014300000000000002,0.014,0.00045825756949558356,0.021500000000000002,0.022,0.021750000000000002,0.02175,0.00024999999999999843,0.07,0.07050000000000001,0.07010000000000002,0.07,0.00020000000000000017,0.0085,0.009000000000000001,0.008600000000000002,0.0085,0.00020000000000000017,0.065,0.067,0.0658,0.0655,0.0006000000000000005,0.009000000000000001,0.009000000000000001,0.009000000000000003,0.009000000000000001,1.734723475976807e-18,32,32,2560,10240,51200,False,576,2
0.016,0.021,0.019857142857142865,0.02,0.0008883218145798875,0.008,0.009000000000000001,0.008700000000000003,0.009000000000000001,0.0004582575694955844,0.054,0.0545,0.054075000000000005,0.054,0.0001785357107135714,0.014,0.015,0.014100000000000001,0.014,0.00029999999999999976,0.021500000000000002,0.021500000000000002,0.021500000000000005,0.021500000000000002,3.469446951953614e-18,0.0695,0.07,0.06970000000000001,0.0695,0.00024494897427831806,0.0085,0.009000000000000001,0.008600000000000002,0.0085,0.00020000000000000017,0.0645,0.0665,0.065425,0.0655,0.0005760859310901461,0.009000000000000001,0.009000000000000001,0.009000000000000003,0.009000000000000001,1.734723475976807e-18,32,32,2560,10240,51200,False,568,2
0.016,0.021,0.019857142857142865,0.02,0.0008883218145798875,0.008,0.009000000000000001,0.008600000000000002,0.009000000000000001,0.000489897948556636,0.055,0.0555,0.055400000000000005,0.0555,0.00020000000000000017,0.013000000000000001,0.014,0.013800000000000003,0.014,0.0003999999999999997,0.021500000000000002,0.021500000000000002,0.021500000000000005,0.021500000000000002,3.469446951953614e-18,0.0695,0.07,0.06990000000000002,0.07,0.00020000000000000015,0.008,0.0085,0.008450000000000003,0.0085,0.00015000000000000015,0.064,0.066,0.0649,0.0645,0.0007000000000000005,0.009000000000000001,0.009000000000000001,0.009000000000000003,0.009000000000000001,1.734723475976807e-18,32,32,2560,10240,51200,False,560,2
0.016,0.02,0.01914285714285715,0.019,0.0008329931278350432,0.008,0.009000000000000001,0.008350000000000002,0.008,0.00047696960070847325,0.0545,0.055,0.054525000000000004,0.0545,0.00010897247358851693,0.013000000000000001,0.015,0.013900000000000004,0.014,0.00043588989435406695,0.021500000000000002,0.021500000000000002,0.021500000000000005,0.021500000000000002,3.469446951953614e-18,0.0695,0.07050000000000001,0.07002500000000002,0.07,0.00019202864369671535,0.008,0.0085,0.008275000000000001,0.0085,0.00024874685927665525,0.0645,0.0675,0.06560000000000002,0.06575,0.0009695359714832667,0.008,0.009000000000000001,0.008900000000000002,0.009000000000000001,0.0003000000000000003,32,32,2560,10240,51200,False,552,2
0.016,0.02,0.01890476190476191,0.019,0.0006834619092574917,0.008,0.009000000000000001,0.008050000000000002,0.008,0.00021794494717703388,0.0535,0.054,0.05367500000000001,0.0535,0.00023848480035423665,0.013000000000000001,0.015,0.014000000000000002,0.014,0.0003162277660168377,0.021500000000000002,0.021500000000000002,0.021500000000000005,0.021500000000000002,3.469446951953614e-18,0.0675,0.068,0.0678,0.068,0.000244948974278318,0.0085,0.009000000000000001,0.008525000000000001,0.0085,0.00010897247358851695,0.0655,0.0675,0.06617500000000001,0.066,0.000530919014539883,0.008,0.009000000000000001,0.008750000000000003,0.009000000000000001,0.0004330127018922198,32,32,2560,10240,51200,False,544,2
0.016,0.02,0.01895238095238096,0.019,0.0007221786137191953,0.008,0.008,0.008000000000000002,0.008,1.734723475976807e-18,0.053,0.0535,0.053025,0.053,0.00010897247358851693,0.013000000000000001,0.014,0.013850000000000005,0.014,0.00035707142142714214,0.021500000000000002,0.021500000000000002,0.021500000000000005,0.021500000000000002,3.469446951953614e-18,0.0665,0.067,0.0668,0.067,0.00024494897427831806,0.008,0.0085,0.008475000000000002,0.0085,0.00010897247358851693,0.065,0.0685,0.06672499999999999,0.067,0.0011562331079847186,0.008,0.009000000000000001,0.008950000000000003,0.009000000000000001,0.00021794494717703385,32,32,2560,10240,51200,False,536,2
0.015,0.02,0.01890476190476191,0.019,0.0009712418121129115,0.008,0.008,0.008000000000000002,0.008,1.734723475976807e-18,0.054,0.0545,0.05415,0.054,0.0002291287847477922,0.013000000000000001,0.015,0.013650000000000004,0.014,0.0006538348415311004,0.021,0.021500000000000002,0.021475000000000005,0.021500000000000002,0.00010897247358851693,0.068,0.069,0.068525,0.0685,0.00019202864369671538,0.008,0.0085,0.008150000000000001,0.008,0.0002291287847477922,0.064,0.0665,0.0651,0.065,0.0005612486080160918,0.008,0.009000000000000001,0.008400000000000001,0.008,0.0004898979485566361,32,32,2560,10240,51200,False,528,2
0.015,0.02,0.018761904761904768,0.019,0.000920908552657796,0.008,0.009000000000000001,0.008250000000000002,0.008,0.0004330127018922198,0.0535,0.054,0.05355000000000001,0.0535,0.00015000000000000012,0.013000000000000001,0.014,0.013550000000000003,0.014,0.0004974937185533095,0.021500000000000002,0.022,0.021525000000000006,0.021500000000000002,0.00010897247358851618,0.0675,0.068,0.067625,0.0675,0.00021650635094610986,0.008,0.0085,0.008100000000000001,0.008,0.00020000000000000017,0.065,0.067,0.06570000000000001,0.0655,0.0005567764362830027,0.008,0.009000000000000001,0.008150000000000001,0.008,0.0003570714214271428,32,32,2560,10240,51200,False,520,2
0.015,0.018000000000000002,0.017857142857142863,0.018000000000000002,0.0006388765649999405,0.008,0.009000000000000001,0.008050000000000002,0.008,0.0002179449471770339,0.05,0.051500000000000004,0.0505,0.0505,0.0002738612787525833,0.01,0.011,0.010350000000000002,0.01,0.0004769696007084724,0.0185,0.019,0.018975000000000002,0.019,0.00010897247358851693,0.0625,0.0635,0.06294999999999999,0.063,0.00021794494717703388,0.0075,0.008,0.007525000000000001,0.0075,0.00010897247358851693,0.064,0.066,0.064775,0.06475,0.0006015604707757988,0.008,0.009000000000000001,0.008350000000000002,0.008,0.00047696960070847325,32,32,2560,10240,51200,False,512,2
0.015,0.018000000000000002,0.017809523809523813,0.018000000000000002,0.0006632565846278159,0.008,0.009000000000000001,0.008150000000000001,0.008,0.0003570714214271428,0.052000000000000005,0.053,0.052525,0.0525,0.0002487468592766538,0.013000000000000001,0.014,0.013300000000000003,0.013000000000000001,0.00045825756949558356,0.0185,0.019,0.018875000000000003,0.019,0.00021650635094610986,0.0625,0.0635,0.06287499999999999,0.063,0.00026809513236909045,0.0075,0.0075,0.0075000000000000015,0.0075,1.734723475976807e-18,0.064,0.065,0.06440000000000001,0.0645,0.00037416573867739446,0.008,0.009000000000000001,0.008150000000000001,0.008,0.0003570714214271428,32,32,2560,10240,51200,False,504,2
0.014,0.018000000000000002,0.01766666666666667,0.018000000000000002,0.0008908708063747481,0.008,0.009000000000000001,0.008100000000000001,0.008,0.0003000000000000003,0.053,0.0535,0.053425,0.0535,0.0001785357107135714,0.012,0.014,0.013250000000000003,0.013000000000000001,0.0005361902647381801,0.0185,0.019,0.018675000000000004,0.0185,0.00023848480035423662,0.0625,0.063,0.06275,0.06275,0.0002500000000000002,0.007,0.0075,0.007275000000000001,0.0075,0.00024874685927665476,0.064,0.0655,0.06447500000000002,0.06425,0.0005356071321407142,0.008,0.009000000000000001,0.008050000000000002,0.008,0.0002179449471770339,32,32,2560,10240,51200,False,496,2
0.014,0.018000000000000002,0.017619047619047624,0.018000000000000002,0.0008984743935292011,0.008,0.008,0.008000000000000002,0.008,1.734723475976807e-18,0.0525,0.0535,0.052875000000000005,0.053,0.00026809513236909045,0.013000000000000001,0.014,0.013100000000000004,0.013000000000000001,0.00029999999999999976,0.0185,0.019,0.018900000000000004,0.019,0.00020000000000000017,0.0625,0.063,0.062625,0.0625,0.0002165063509461099,0.007,0.0075,0.007025000000000001,0.007,0.00010897247358851676,0.064,0.065,0.06437500000000002,0.0645,0.00034910600109422385,0.008,0.009000000000000001,0.008200000000000002,0.008,0.00040000000000000034,32,32,2560,10240,51200,False,488,2
0.014,0.018000000000000002,0.017428571428571432,0.018000000000000002,0.0009035079029052519,0.008,0.009000000000000001,0.008050000000000002,0.008,0.00021794494717703388,0.043500000000000004,0.0445,0.044,0.044,0.00015811388300841802,0.012,0.013000000000000001,0.012350000000000003,0.012,0.0004769696007084732,0.0185,0.019,0.018975000000000002,0.019,0.00010897247358851693,0.062,0.063,0.0625,0.0625,0.0001581138830084191,0.007,0.007,0.007000000000000001,0.007,8.673617379884035e-19,0.064,0.0655,0.06452500000000003,0.0645,0.0005117372372614685,0.008,0.008,0.008000000000000002,0.008,1.734723475976807e-18,32,32,2560,10240,51200,False,480,2
0.014,0.018000000000000002,0.017238095238095243,0.017,0.0008676603408708859,0.008,0.008,0.008000000000000002,0.008,1.734723475976807e-18,0.043000000000000003,0.044,0.043475,0.043500000000000004,0.00019202864369671443,0.012,0.013000000000000001,0.012350000000000003,0.012,0.0004769696007084732,0.0185,0.019,0.018600000000000002,0.0185,0.00020000000000000017,0.062,0.0625,0.0622,0.062,0.000244948974278318,0.007,0.007,0.007000000000000001,0.007,8.673617379884035e-19,0.0635,0.065,0.06415000000000001,0.064,0.00032015621187164267,0.008,0.008,0.008000000000000002,0.008,1.734723475976807e-18,32,32,2560,10240,51200,False,472,2
0.014,0.017,0.01666666666666667,0.017,0.0007126966450997987,0.008,0.008,0.008000000000000002,0.008,1.734723475976807e-18,0.044,0.0445,0.044375,0.0445,0.0002165063509461099,0.012,0.013000000000000001,0.012150000000000003,0.012,0.0003570714214271428,0.0185,0.019,0.018650000000000003,0.0185,0.0002291287847477922,0.062,0.0625,0.06230000000000001,0.0625,0.000244948974278318,0.006500000000000001,0.007,0.006975000000000002,0.007,0.00010897247358851676,0.064,0.065,0.06422500000000002,0.064,0.0004023369234857774,0.008,0.008,0.008000000000000002,0.008,1.734723475976807e-18,32,32,2560,10240,51200,False,464,2
0.014,0.017,0.016190476190476193,0.016,0.0006632565846278156,0.008,0.009000000000000001,0.008050000000000002,0.008,0.00021794494717703388,0.044,0.0445,0.044050000000000006,0.044,0.00015000000000000012,0.012,0.013000000000000001,0.012050000000000002,0.012,0.0002179449471770339,0.0185,0.019,0.0187,0.0185,0.000244948974278318,0.062,0.063,0.0623,0.0625,0.00029154759474226533,0.006500000000000001,0.007,0.006700000000000002,0.006500000000000001,0.00024494897427831757,0.064,0.065,0.06417500000000001,0.064,0.00028613807855649016,0.008,0.008,0.008000000000000002,0.008,1.734723475976807e-18,32,32,2560,10240,51200,False,456,2
0.013000000000000001,0.017,0.01633333333333334,0.016,0.0008908708063747481,0.008,0.008,0.008000000000000002,0.008,1.734723475976807e-18,0.043000000000000003,0.044,0.043325,0.043500000000000004,0.00028613807855648935,0.011,0.012,0.011900000000000003,0.012,0.00030000000000000024,0.0185,0.019,0.018975000000000002,0.019,0.00010897247358851693,0.062,0.0625,0.062424999999999994,0.0625,0.00017853571071357137,0.006500000000000001,0.007,0.006525000000000001,0.006500000000000001,0.00010897247358851676,0.0645,0.066,0.06532500000000001,0.0655,0.00039607448794387183,0.008,0.008,0.008000000000000002,0.008,1.734723475976807e-18,32,32,2560,10240,51200,False,448,2
0.013000000000000001,0.017,0.01604761904761905,0.016,0.000785353452498602,0.008,0.009000000000000001,0.008050000000000002,0.008,0.0002179449471770339,0.042,0.043000000000000003,0.04275000000000001,0.043000000000000003,0.00029580398915498104,0.011,0.012,0.011550000000000001,0.012,0.0004974937185533104,0.0185,0.019,0.018525000000000003,0.0185,0.00010897247358851693,0.0615,0.0625,0.06200000000000001,0.062,0.00022360679774997917,0.006500000000000001,0.006500000000000001,0.0065000000000000014,0.006500000000000001,8.673617379884035e-19,0.0645,0.065,0.064625,0.0645,0.0002165063509461099,0.008,0.008,0.008000000000000002,0.008,1.734723475976807e-18,32,32,2560,10240,51200,False,440,2
0.013000000000000001,0.017,0.01604761904761905,0.016,0.000785353452498602,0.008,0.008,0.008000000000000002,0.008,1.734723475976807e-18,0.043500000000000004,0.044,0.043774999999999994,0.044,0.0002487468592766517,0.009000000000000001,0.01,0.009900000000000003,0.01,0.00029999999999999976,0.0185,0.019,0.018550000000000004,0.0185,0.00015000000000000015,0.0615,0.0625,0.062075000000000005,0.062,0.00023848480035423662,0.006500000000000001,0.006500000000000001,0.0065000000000000014,0.006500000000000001,8.673617379884035e-19,0.0645,0.0655,0.064725,0.0645,0.0004023369234857774,0.008,0.008,0.008000000000000002,0.008,1.734723475976807e-18,32,32,2560,10240,51200,False,432,2
0.013000000000000001,0.016,0.015761904761904765,0.016,0.0006834619092574916,0.008,0.008,0.008000000000000002,0.008,1.734723475976807e-18,0.0425,0.043500000000000004,0.043100000000000006,0.043000000000000003,0.00030000000000000024,0.01,0.01,0.010000000000000002,0.01,1.734723475976807e-18,0.0185,0.019,0.018775000000000003,0.019,0.0002487468592766552,0.0615,0.0625,0.06205000000000001,0.062,0.00021794494717703388,0.006500000000000001,0.006500000000000001,0.0065000000000000014,0.006500000000000001,8.673617379884035e-19,0.0645,0.0655,0.064825,0.06475,0.0003631459761583491,0.008,0.008,0.008000000000000002,0.008,1.734723475976807e-18,32,32,2560,10240,51200,False,424,2
0.012,0.016,0.015142857142857145,0.015,0.000832993127835043,0.008,0.008,0.008000000000000002,0.008,1.734723475976807e-18,0.0425,0.043500000000000004,0.042925000000000005,0.043000000000000003,0.00028613807855649016,0.009000000000000001,0.011,0.009950000000000004,0.01,0.00038405728739343006,0.0185,0.019,0.018975000000000002,0.019,0.00010897247358851693,0.062,0.0625,0.06210000000000001,0.062,0.00020000000000000015,0.006,0.006500000000000001,0.0063500000000000015,0.006500000000000001,0.00022912878474779224,0.065,0.065,0.06499999999999999,0.065,1.3877787807814457e-17,0.008,0.008,0.008000000000000002,0.008,1.734723475976807e-18,32,32,2560,10240,51200,False,416,2
0.013000000000000001,0.016,0.015047619047619051,0.015,0.0005753831415997415,0.008,0.008,0.008000000000000002,0.008,1.734723475976807e-18,0.0415,0.043000000000000003,0.042300000000000004,0.0425,0.0003316624790355403,0.009000000000000001,0.01,0.009850000000000003,0.01,0.0003570714214271422,0.0185,0.0185,0.018500000000000003,0.0185,3.469446951953614e-18,0.0615,0.0625,0.061825000000000005,0.062,0.00028613807855649016,0.006,0.006500000000000001,0.006025000000000001,0.006,0.00010897247358851695,0.0635,0.0645,0.06400000000000002,0.064,0.00022360679774997917,0.008,0.008,0.008000000000000002,0.008,1.734723475976807e-18,32,32,2560,10240,51200,False,408,2
0.012,0.016,0.014904761904761907,0.015,0.0006834619092574916,0.008,0.008,0.008000000000000002,0.008,1.734723475976807e-18,0.0425,0.043000000000000003,0.04277500000000001,0.043000000000000003,0.0002487468592766552,0.009000000000000001,0.01,0.009800000000000003,0.01,0.0003999999999999997,0.0185,0.019,0.018550000000000004,0.0185,0.00015000000000000015,0.0615,0.062,0.06177500000000001,0.062,0.00024874685927665525,0.006,0.006,0.006000000000000001,0.006,8.673617379884035e-19,0.064,0.065,0.06420000000000001,0.064,0.0004000000000000003,0.007,0.008,0.0079,0.008,0.00030000000000000003,32,32,2560,10240,51200,False,400,2
0.012,0.015,0.014761904761904764,0.015,0.0006834619092574914,0.008,0.008,0.008000000000000002,0.008,1.734723475976807e-18,0.0415,0.0425,0.042074999999999994,0.042,0.0003960744879438718,0.009000000000000001,0.01,0.009850000000000003,0.01,0.00035707142142714224,0.0185,0.019,0.018650000000000003,0.0185,0.0002291287847477922,0.054,0.055,0.054525000000000004,0.0545,0.00024874685927665525,0.006,0.006500000000000001,0.006100000000000001,0.006,0.00020000000000000017,0.064,0.0655,0.0648,0.065,0.00036742346141747706,0.007,0.008,0.007950000000000002,0.008,0.00021794494717703366,32,32,2560,10240,51200,False,392,2
0.012,0.015,0.014523809523809526,0.015,0.0007315376902732005,0.008,0.008,0.008000000000000002,0.008,1.734723475976807e-18,0.035500000000000004,0.036000000000000004,0.035625000000000004,0.035500000000000004,0.0002165063509461099,0.008,0.009000000000000001,0.008100000000000001,0.008,0.0003000000000000003,0.0185,0.0185,0.018500000000000003,0.0185,3.469446951953614e-18,0.052000000000000005,0.053,0.05235000000000001,0.0525,0.00027838821814149826,0.0055,0.006,0.005600000000000001,0.0055,0.00020000000000000017,0.052000000000000005,0.0545,0.05297500000000001,0.053,0.0006015604707757981,0.007,0.008,0.007350000000000001,0.007,0.00047696960070847287,32,32,2560,10240,51200,False,384,2
0.011,0.014,0.013857142857142861,0.014,0.0006388765649999401,0.008,0.008,0.008000000000000002,0.008,1.734723475976807e-18,0.035,0.035500000000000004,0.035475,0.035500000000000004,0.00010897247358851693,0.008,0.008,0.008000000000000002,0.008,1.734723475976807e-18,0.02,0.0205,0.020400000000000005,0.0205,0.00020000000000000017,0.0525,0.053,0.0526,0.0525,0.00020000000000000015,0.0055,0.006,0.005550000000000001,0.0055,0.00015000000000000012,0.052000000000000005,0.0535,0.05267500000000001,0.0525,0.00042646805273079824,0.007,0.008,0.007350000000000001,0.007,0.00047696960070847287,32,32,2560,10240,51200,False,376,2
0.011,0.014,0.013857142857142861,0.014,0.0006388765649999401,0.008,0.008,0.008000000000000002,0.008,1.734723475976807e-18,0.035500000000000004,0.036000000000000004,0.035575,0.035500000000000004,0.00017853571071357142,0.008,0.009000000000000001,0.008050000000000002,0.008,0.0002179449471770339,0.02,0.0205,0.020050000000000005,0.02,0.00015000000000000015,0.046,0.047,0.046700000000000005,0.04675,0.00033166247903554033,0.0055,0.006,0.005975000000000001,0.006,0.00010897247358851693,0.052000000000000005,0.0565,0.0528,0.0525,0.0009669539802906855,0.007,0.008,0.0071,0.007,0.00030000000000000003,32,32,2560,10240,51200,False,368,2
0.011,0.014,0.013857142857142861,0.014,0.0006388765649999401,0.008,0.008,0.008000000000000002,0.008,1.734723475976807e-18,0.035500000000000004,0.036000000000000004,0.035524999999999994,0.035500000000000004,0.00010897247358851694,0.008,0.008,0.008000000000000002,0.008,1.734723475976807e-18,0.019,0.0195,0.019125000000000003,0.019,0.00021650635094610986,0.0455,0.0465,0.046099999999999995,0.04625,0.00043588989435406776,0.0055,0.006,0.0056500000000000005,0.0055,0.0002291287847477922,0.052000000000000005,0.0545,0.052725,0.0525,0.0005804093383121942,0.007,0.007,0.007000000000000001,0.007,8.673617379884035e-19,32,32,2560,10240,51200,False,360,2
0.011,0.014,0.013761904761904767,0.014,0.0006834619092574916,0.008,0.008,0.008000000000000002,0.008,1.734723475976807e-18,0.035500000000000004,0.036000000000000004,0.035675,0.035500000000000004,0.0002384848003542366,0.008,0.008,0.008000000000000002,0.008,1.734723475976807e-18,0.019,0.019,0.019000000000000003,0.019,3.469446951953614e-18,0.045,0.0465,0.045725,0.04575,0.00043229041164476493,0.0055,0.0055,0.0055000000000000005,0.0055,8.673617379884035e-19,0.052000000000000005,0.055,0.0529,0.0525,0.0006633249580710801,0.007,0.007,0.007000000000000001,0.007,8.673617379884035e-19,32,32,2560,10240,51200,False,352,2
0.011,0.014,0.01366666666666667,0.014,0.0007126966450997983,0.008,0.008,0.008000000000000002,0.008,1.734723475976807e-18,0.035,0.035500000000000004,0.035250000000000004,0.035250000000000004,0.0002500000000000002,0.008,0.008,0.008000000000000002,0.008,1.734723475976807e-18,0.0185,0.019,0.018800000000000004,0.019,0.00024494897427831806,0.0445,0.0455,0.044875000000000005,0.045,0.00034910600109422385,0.0055,0.0055,0.0055000000000000005,0.0055,8.673617379884035e-19,0.051500000000000004,0.0555,0.052649999999999995,0.0525,0.0008817596044274185,0.007,0.007,0.007000000000000001,0.007,8.673617379884035e-19,32,32,2560,10240,51200,False,344,2
0.011,0.014,0.013000000000000003,0.013000000000000001,0.000534522483824849,0.008,0.008,0.008000000000000002,0.008,1.734723475976807e-18,0.035500000000000004,0.035500000000000004,0.0355,0.035500000000000004,6.938893903907228e-18,0.008,0.008,0.008000000000000002,0.008,1.734723475976807e-18,0.019,0.0195,0.019025000000000004,0.019,0.00010897247358851693,0.0455,0.0465,0.04605,0.046,0.00021794494717703388,0.0055,0.0055,0.0055000000000000005,0.0055,8.673617379884035e-19,0.051500000000000004,0.054,0.052375000000000005,0.052000000000000005,0.0006299801584177056,0.007,0.007,0.007000000000000001,0.007,8.673617379884035e-19,32,32,2560,10240,51200,False,336,2
0.01,0.013000000000000001,0.012809523809523812,0.013000000000000001,0.0006632565846278155,0.008,0.008,0.008000000000000002,0.008,1.734723475976807e-18,0.035,0.035500000000000004,0.035475,0.035500000000000004,0.00010897247358851693,0.008,0.008,0.008000000000000002,0.008,1.734723475976807e-18,0.019,0.0195,0.019075,0.019,0.00017853571071357142,0.045,0.046,0.045524999999999996,0.0455,0.0002947456530637902,0.005,0.0055,0.0051,0.005,0.0001999999999999998,0.051500000000000004,0.054,0.052550000000000006,0.0525,0.0005894913061275782,0.007,0.007,0.007000000000000001,0.007,8.673617379884035e-19,32,32,2560,10240,51200,False,328,2
0.01,0.013000000000000001,0.012523809523809527,0.013000000000000001,0.0007315376902732012,0.008,0.008,0.008000000000000002,0.008,1.734723475976807e-18,0.035500000000000004,0.035500000000000004,0.0355,0.035500000000000004,6.938893903907228e-18,0.007,0.007,0.007000000000000001,0.007,8.673617379884035e-19,0.013000000000000001,0.0135,0.013325000000000004,0.0135,0.00023848480035423584,0.0445,0.0455,0.044825000000000004,0.045,0.0003269174207655508,0.005,0.0055,0.005050000000000001,0.005,0.00014999999999999988,0.052000000000000005,0.0545,0.052600000000000015,0.0525,0.0006244997998398383,0.007,0.007,0.007000000000000001,0.007,8.673617379884035e-19,32,32,2560,10240,51200,False,320,2
0.01,0.013000000000000001,0.012285714285714289,0.012,0.0006998542122237657,0.008,0.008,0.008000000000000002,0.008,1.734723475976807e-18,0.035,0.035500000000000004,0.035275,0.035500000000000004,0.0002487468592766552,0.007,0.007,0.007000000000000001,0.007,8.673617379884035e-19,0.013000000000000001,0.0135,0.013375000000000003,0.0135,0.00021650635094610908,0.044,0.045,0.04435000000000001,0.04425,0.00039051248379533304,0.005,0.005,0.005000000000000001,0.005,8.673617379884035e-19,0.051000000000000004,0.055,0.05232500000000001,0.052000000000000005,0.0008104782538723648,0.006,0.007,0.006900000000000002,0.007,0.00030000000000000003,32,32,2560,10240,51200,False,312,2
0.01,0.013000000000000001,0.012285714285714289,0.012,0.0006998542122237657,0.008,0.008,0.008000000000000002,0.008,1.734723475976807e-18,0.035,0.035500000000000004,0.035350000000000006,0.035500000000000004,0.0002291287847477922,0.007,0.007,0.007000000000000001,0.007,8.673617379884035e-19,0.013000000000000001,0.013000000000000001,0.013000000000000003,0.013000000000000001,1.734723475976807e-18,0.0455,0.046,0.04554999999999999,0.0455,0.00015000000000000012,0.005,0.005,0.005000000000000001,0.005,8.673617379884035e-19,0.051500000000000004,0.0535,0.05215000000000001,0.052000000000000005,0.0006910137480542605,0.006,0.007,0.006900000000000002,0.007,0.00030000000000000003,32,32,2560,10240,51200,False,304,2
0.01,0.012,0.011904761904761908,0.012,0.00042591770999995997,0.008,0.008,0.008000000000000002,0.008,1.734723475976807e-18,0.035500000000000004,0.036000000000000004,0.035524999999999994,0.035500000000000004,0.00010897247358851694,0.007,0.007,0.007000000000000001,0.007,8.673617379884035e-19,0.013000000000000001,0.013000000000000001,0.013000000000000003,0.013000000000000001,1.734723475976807e-18,0.0445,0.045,0.0448,0.045,0.00024494897427831806,0.005,0.005,0.005000000000000001,0.005,8.673617379884035e-19,0.051500000000000004,0.054,0.0521,0.052000000000000005,0.0005830951894845282,0.006,0.007,0.006300000000000002,0.006,0.000458257569495584,32,32,2560,10240,51200,False,296,2
0.009000000000000001,0.012,0.011333333333333336,0.011,0.0007126966450997985,0.008,0.008,0.008000000000000002,0.008,1.734723475976807e-18,0.035500000000000004,0.036000000000000004,0.035524999999999994,0.035500000000000004,0.00010897247358851694,0.007,0.007,0.007000000000000001,0.007,8.673617379884035e-19,0.013000000000000001,0.013000000000000001,0.013000000000000003,0.013000000000000001,1.734723475976807e-18,0.043500000000000004,0.044,0.043649999999999994,0.043500000000000004,0.000229128784747789,0.0045000000000000005,0.0045000000000000005,0.004500000000000001,0.0045000000000000005,8.673617379884035e-19,0.051500000000000004,0.0535,0.05207500000000002,0.052000000000000005,0.0005309190145398809,0.006,0.007,0.006300000000000002,0.006,0.000458257569495584,32,32,2560,10240,51200,False,288,2
0.009000000000000001,0.012,0.01104761904761905,0.011,0.0005753831415997413,0.008,0.008,0.008000000000000002,0.008,1.734723475976807e-18,0.035,0.035500000000000004,0.035350000000000006,0.035500000000000004,0.0002291287847477922,0.007,0.007,0.007000000000000001,0.007,8.673617379884035e-19,0.0125,0.013000000000000001,0.012800000000000002,0.013000000000000001,0.00024494897427831806,0.043000000000000003,0.043500000000000004,0.043325,0.043500000000000004,0.0002384848003542366,0.0045000000000000005,0.0045000000000000005,0.004500000000000001,0.0045000000000000005,8.673617379884035e-19,0.051000000000000004,0.0535,0.05197500000000001,0.052000000000000005,0.0006417748826496699,0.006,0.007,0.0060500000000000016,0.006,0.0002179449471770337,32,32,2560,10240,51200,False,280,2
0.009000000000000001,0.011,0.010904761904761907,0.011,0.0004259177099999596,0.008,0.008,0.008000000000000002,0.008,1.734723475976807e-18,0.0345,0.035,0.03495000000000001,0.035,0.00015000000000000012,0.007,0.007,0.007000000000000001,0.007,8.673617379884035e-19,0.0125,0.0125,0.012500000000000002,0.0125,1.734723475976807e-18,0.0465,0.0475,0.04700000000000001,0.047,0.0001581138830084191,0.0045000000000000005,0.005,0.004525000000000001,0.0045000000000000005,0.00010897247358851676,0.051000000000000004,0.0525,0.05165000000000001,0.051500000000000004,0.000357071421427142,0.006,0.007,0.0060500000000000016,0.006,0.0002179449471770337,32,32,2560,10240,51200,False,272,2
0.009000000000000001,0.011,0.010904761904761907,0.011,0.0004259177099999596,0.008,0.008,0.008000000000000002,0.008,1.734723475976807e-18,0.035,0.035,0.03500000000000001,0.035,6.938893903907228e-18,0.007,0.007,0.007000000000000001,0.007,8.673617379884035e-19,0.0125,0.0125,0.012500000000000002,0.0125,1.734723475976807e-18,0.0465,0.0475,0.046975,0.047,0.0002487468592766552,0.0045000000000000005,0.0045000000000000005,0.004500000000000001,0.0045000000000000005,8.673617379884035e-19,0.051000000000000004,0.053,0.05182500000000001,0.051500000000000004,0.0005539629951540066,0.006,0.007,0.006100000000000001,0.006,0.00030000000000000003,32,32,2560,10240,51200,False,264,2
0.009000000000000001,0.012,0.010952380952380955,0.011,0.0004856209060564555,0.008,0.008,0.008000000000000002,0.008,1.734723475976807e-18,0.0345,0.036000000000000004,0.035375000000000004,0.035500000000000004,0.0004145780987944253,0.007,0.007,0.007000000000000001,0.007,8.673617379884035e-19,0.012,0.0125,0.012450000000000003,0.0125,0.00015000000000000015,0.035500000000000004,0.035500000000000004,0.0355,0.035500000000000004,6.938893903907228e-18,0.004,0.004,0.004000000000000001,0.004,8.673617379884035e-19,0.04,0.043000000000000003,0.041125,0.041,0.000788590514779376,0.006,0.006,0.006000000000000001,0.006,8.673617379884035e-19,32,32,2560,10240,51200,False,256,2
0.008,0.01,0.009904761904761908,0.01,0.00042591770999995997,0.008,0.008,0.008000000000000002,0.008,1.734723475976807e-18,0.034,0.035500000000000004,0.035050000000000005,0.035,0.00047169905660283067,0.007,0.007,0.007000000000000001,0.007,8.673617379884035e-19,0.012,0.012,0.012000000000000002,0.012,1.734723475976807e-18,0.035500000000000004,0.035500000000000004,0.0355,0.035500000000000004,6.938893903907228e-18,0.004,0.004,0.004000000000000001,0.004,8.673617379884035e-19,0.04,0.043000000000000003,0.041025,0.04075,0.0009283722313813578,0.006,0.006,0.006000000000000001,0.006,8.673617379884035e-19,32,32,2560,10240,51200,False,248,2
0.008,0.01,0.009904761904761908,0.01,0.00042591770999995997,0.007,0.008,0.007950000000000002,0.008,0.00021794494717703366,0.034,0.035500000000000004,0.034850000000000006,0.035,0.0003905124837953331,0.007,0.007,0.007000000000000001,0.007,8.673617379884035e-19,0.012,0.0125,0.012025000000000003,0.012,0.00010897247358851694,0.035,0.035500000000000004,0.03535,0.035500000000000004,0.0002291287847477922,0.004,0.004,0.004000000000000001,0.004,8.673617379884035e-19,0.0375,0.038,0.037575,0.0375,0.00017853571071357142,0.006,0.006,0.006000000000000001,0.006,8.673617379884035e-19,32,32,2560,10240,51200,False,240,2
0.008,0.01,0.009904761904761908,0.01,0.00042591770999995997,0.008,0.008,0.008000000000000002,0.008,1.734723475976807e-18,0.034,0.035500000000000004,0.034725,0.03475,0.000432290411644765,0.007,0.007,0.007000000000000001,0.007,8.673617379884035e-19,0.012,0.012,0.012000000000000002,0.012,1.734723475976807e-18,0.035500000000000004,0.035500000000000004,0.0355,0.035500000000000004,6.938893903907228e-18,0.0035,0.004,0.0037250000000000004,0.0035,0.00024874685927665503,0.0375,0.038,0.037599999999999995,0.0375,0.00020000000000000017,0.006,0.006,0.006000000000000001,0.006,8.673617379884035e-19,32,32,2560,10240,51200,False,232,2
0.008,0.01,0.009904761904761908,0.01,0.00042591770999995997,0.007,0.008,0.007950000000000002,0.008,0.00021794494717703366,0.0335,0.035500000000000004,0.0345,0.0345,0.0004743416490252573,0.007,0.007,0.007000000000000001,0.007,8.673617379884035e-19,0.012,0.012,0.012000000000000002,0.012,1.734723475976807e-18,0.035500000000000004,0.035500000000000004,0.0355,0.035500000000000004,6.938893903907228e-18,0.0035,0.0035,0.0035000000000000005,0.0035,4.336808689942018e-19,0.0375,0.038,0.03757499999999999,0.0375,0.00017853571071357142,0.006,0.006,0.006000000000000001,0.006,8.673617379884035e-19,32,32,2560,10240,51200,False,224,2
0.008,0.01,0.009809523809523813,0.01,0.0004994327848429292,0.007,0.008,0.0079,0.008,0.00030000000000000003,0.0325,0.035,0.033925000000000004,0.034,0.0006378675411086543,0.006,0.006,0.006000000000000001,0.006,8.673617379884035e-19,0.0115,0.0115,0.011500000000000002,0.0115,1.734723475976807e-18,0.035,0.035500000000000004,0.035449999999999995,0.035500000000000004,0.00015000000000000012,0.0035,0.0035,0.0035000000000000005,0.0035,4.336808689942018e-19,0.037,0.0375,0.037474999999999994,0.0375,0.00010897247358851693,0.006,0.006,0.006000000000000001,0.006,8.673617379884035e-19,32,32,2560,10240,51200,False,216,2
0.007,0.01,0.009142857142857145,0.009000000000000001,0.0006388765649999398,0.007,0.008,0.007700000000000001,0.008,0.00045825756949558405,0.0325,0.0345,0.03375000000000001,0.034,0.000580947501931113,0.006,0.006,0.006000000000000001,0.006,8.673617379884035e-19,0.0115,0.012,0.011800000000000001,0.012,0.00024494897427831806,0.035,0.035,0.03500000000000001,0.035,6.938893903907228e-18,0.0035,0.0035,0.0035000000000000005,0.0035,4.336808689942018e-19,0.037,0.0375,0.03725,0.03725,0.0002500000000000002,0.006,0.006,0.006000000000000001,0.006,8.673617379884035e-19,32,32,2560,10240,51200,False,208,2
0.007,0.009000000000000001,0.008904761904761907,0.009000000000000001,0.0004259177099999602,0.007,0.008,0.007700000000000001,0.008,0.000458257569495584,0.0325,0.035,0.033725000000000005,0.034,0.0006015604707757988,0.006,0.006,0.006000000000000001,0.006,8.673617379884035e-19,0.0115,0.0115,0.011500000000000002,0.0115,1.734723475976807e-18,0.035500000000000004,0.035500000000000004,0.0355,0.035500000000000004,6.938893903907228e-18,0.0035,0.0035,0.0035000000000000005,0.0035,4.336808689942018e-19,0.0365,0.037,0.0366,0.0365,0.00020000000000000017,0.006,0.006,0.006000000000000001,0.006,8.673617379884035e-19,32,32,2560,10240,51200,False,200,2
0.007,0.009000000000000001,0.008333333333333335,0.008,0.0005634361698190115,0.007,0.008,0.007550000000000001,0.008,0.0004974937185533101,0.021500000000000002,0.0225,0.022075000000000004,0.022,0.00023848480035423622,0.006,0.006,0.006000000000000001,0.006,8.673617379884035e-19,0.0105,0.011,0.010950000000000001,0.011,0.00014999999999999963,0.035500000000000004,0.035500000000000004,0.0355,0.035500000000000004,6.938893903907228e-18,0.003,0.0035,0.003425000000000001,0.0035,0.00017853571071357126,0.036000000000000004,0.0365,0.036449999999999996,0.0365,0.00014999999999999804,0.006,0.006,0.006000000000000001,0.006,8.673617379884035e-19,32,32,2560,10240,51200,False,192,2
0.007,0.009000000000000001,0.008095238095238096,0.008,0.0004259177099999602,0.007,0.008,0.007250000000000001,0.007,0.00043301270189221935,0.021500000000000002,0.0225,0.022000000000000002,0.022,0.00015811388300841856,0.006,0.006,0.006000000000000001,0.006,8.673617379884035e-19,0.0105,0.011,0.010525000000000003,0.0105,0.00010897247358851655,0.035,0.035500000000000004,0.035125,0.035,0.00021650635094610986,0.003,0.0035,0.0030750000000000005,0.003,0.00017853571071357126,0.036000000000000004,0.0365,0.03615,0.036000000000000004,0.00022912878474778901,0.006,0.006,0.006000000000000001,0.006,8.673617379884035e-19,32,32,2560,10240,51200,False,184,2
0.007,0.009000000000000001,0.008285714285714289,0.008,0.0005471012044321936,0.007,0.008,0.007350000000000001,0.007,0.00047696960070847287,0.021500000000000002,0.0225,0.022000000000000002,0.022,0.00027386127875258235,0.006,0.006,0.006000000000000001,0.006,8.673617379884035e-19,0.0105,0.011,0.010525000000000001,0.0105,0.00010897247358851657,0.035,0.035,0.03500000000000001,0.035,6.938893903907228e-18,0.003,0.003,0.0030000000000000005,0.003,4.336808689942018e-19,0.0445,0.045,0.044649999999999995,0.0445,0.00022912878474779219,0.006,0.006,0.006000000000000001,0.006,8.673617379884035e-19,32,32,2560,10240,51200,False,176,2
0.007,0.008,0.007952380952380954,0.008,0.00021295885499997998,0.007,0.008,0.0075000000000000015,0.0075,0.0005,0.022,0.023,0.022050000000000004,0.022,0.00021794494717703388,0.006,0.006,0.006000000000000001,0.006,8.673617379884035e-19,0.0105,0.011,0.010975000000000002,0.011,0.00010897247358851655,0.035500000000000004,0.035500000000000004,0.0355,0.035500000000000004,6.938893903907228e-18,0.003,0.003,0.0030000000000000005,0.003,4.336808689942018e-19,0.0445,0.045,0.044774999999999995,0.045,0.0002487468592766552,0.006,0.006,0.006000000000000001,0.006,8.673617379884035e-19,32,32,2560,10240,51200,False,168,2
0.006,0.008,0.0075238095238095255,0.008,0.0005870870479018072,0.007,0.008,0.007800000000000001,0.008,0.0004,0.021500000000000002,0.0225,0.021800000000000003,0.022,0.0002915475947422637,0.006,0.006,0.006000000000000001,0.006,8.673617379884035e-19,0.0105,0.011,0.010700000000000001,0.0105,0.0002449489742783172,0.035,0.035500000000000004,0.0353,0.035500000000000004,0.00024494897427831806,0.003,0.003,0.0030000000000000005,0.003,4.336808689942018e-19,0.0385,0.0395,0.038900000000000004,0.039,0.0002549509756796395,0.006,0.006,0.006000000000000001,0.006,8.673617379884035e-19,32,32,2560,10240,51200,False,160,2
0.006,0.008,0.00704761904761905,0.007,0.0003749527559053244,0.007,0.008,0.007450000000000001,0.007,0.0004974937185533101,0.022,0.023,0.022125000000000002,0.022,0.00026809513236909045,0.006,0.006,0.006000000000000001,0.006,8.673617379884035e-19,0.0105,0.0105,0.010500000000000002,0.0105,1.734723475976807e-18,0.035,0.035,0.03500000000000001,0.035,6.938893903907228e-18,0.003,0.003,0.0030000000000000005,0.003,4.336808689942018e-19,0.03,0.0305,0.03035,0.0305,0.0002291287847477922,0.005,0.006,0.005700000000000001,0.006,0.000458257569495584,32,32,2560,10240,51200,False,152,2
0.006,0.008,0.007333333333333335,0.007,0.0005634361698190111,0.007,0.008,0.007600000000000001,0.008,0.0004898979485566356,0.0225,0.024,0.022875000000000003,0.023,0.00034910600109422385,0.006,0.006,0.006000000000000001,0.006,8.673617379884035e-19,0.0125,0.013000000000000001,0.012675000000000002,0.0125,0.00023848480035423657,0.035,0.035,0.03500000000000001,0.035,6.938893903907228e-18,0.0025,0.003,0.0027750000000000006,0.003,0.000248746859276655,0.0455,0.0465,0.045675,0.0455,0.00028613807855649016,0.004,0.006,0.004750000000000002,0.005,0.0006982120021884472,32,32,2560,10240,51200,False,144,2
0.006,0.007,0.006952380952380955,0.007,0.00021295885499997996,0.007,0.008,0.007650000000000001,0.008,0.00047696960070847287,0.0345,0.035,0.03455,0.0345,0.00015000000000000012,0.005,0.006,0.005950000000000001,0.006,0.00021794494717703366,0.0125,0.0125,0.012500000000000002,0.0125,1.734723475976807e-18,0.035500000000000004,0.036000000000000004,0.035524999999999994,0.035500000000000004,0.00010897247358851694,0.0025,0.003,0.0025250000000000003,0.0025,0.00010897247358851685,0.0455,0.046,0.04575,0.04575,0.0002500000000000002,0.004,0.006,0.004650000000000001,0.005,0.0005722761571129799,32,32,2560,10240,51200,False,136,2
0.006,0.007,0.006952380952380955,0.007,0.00021295885499997996,0.007,0.008,0.007650000000000001,0.008,0.00047696960070847287,0.021,0.0225,0.021450000000000004,0.021500000000000002,0.0003499999999999995,0.006,0.006,0.006000000000000001,0.006,8.673617379884035e-19,0.0085,0.009000000000000001,0.008700000000000003,0.0085,0.000244948974278318,0.025,0.025500000000000002,0.025250000000000005,0.02525,0.0002500000000000002,0.0025,0.0025,0.0025000000000000005,0.0025,4.336808689942018e-19,0.027,0.0275,0.027075000000000005,0.027,0.0001785357107135714,0.004,0.004,0.004000000000000001,0.004,8.673617379884035e-19,32,32,2560,10240,51200,False,128,2
0.005,0.007,0.006333333333333335,0.006,0.0005634361698190111,0.007,0.008,0.007550000000000001,0.008,0.00049749371855331,0.021,0.022,0.021250000000000005,0.021,0.00029580398915498066,0.006,0.006,0.006000000000000001,0.006,8.673617379884035e-19,0.0085,0.009000000000000001,0.008550000000000002,0.0085,0.00015000000000000012,0.0245,0.025500000000000002,0.025050000000000006,0.025,0.00026925824035672544,0.0025,0.0025,0.0025000000000000005,0.0025,4.336808689942018e-19,0.0265,0.027,0.026824999999999998,0.027,0.0002384848003542366,0.004,0.004,0.004000000000000001,0.004,8.673617379884035e-19,32,32,2560,10240,51200,False,120,2
0.005,0.007,0.006142857142857144,0.006,0.0004665694748158435,0.007,0.008,0.007300000000000001,0.007,0.00045825756949558405,0.0285,0.029500000000000002,0.028675,0.0285,0.0002861380785564902,0.005,0.006,0.0051,0.005,0.00030000000000000003,0.0085,0.0085,0.008500000000000002,0.0085,1.734723475976807e-18,0.0245,0.025500000000000002,0.025000000000000005,0.025,0.0002738612787525833,0.0025,0.0025,0.0025000000000000005,0.0025,4.336808689942018e-19,0.026000000000000002,0.027,0.026275000000000003,0.026250000000000002,0.0002947456530637885,0.004,0.004,0.004000000000000001,0.004,8.673617379884035e-19,32,32,2560,10240,51200,False,112,2
0.005,0.006,0.005952380952380954,0.006,0.00021295885499997998,0.007,0.008,0.007300000000000001,0.007,0.00045825756949558405,0.0275,0.029,0.028075,0.028,0.00028613807855649016,0.005,0.005,0.005000000000000001,0.005,8.673617379884035e-19,0.0095,0.0095,0.009500000000000001,0.0095,1.734723475976807e-18,0.025500000000000002,0.0265,0.025925000000000004,0.026000000000000002,0.00023848480035423622,0.002,0.0025,0.0021000000000000003,0.002,0.0002,0.027,0.0275,0.02705,0.027,0.00015000000000000012,0.004,0.005,0.004750000000000002,0.005,0.0004330127018922194,32,32,2560,10240,51200,False,104,2
0.005,0.006,0.005952380952380954,0.006,0.00021295885499997998,0.007,0.008,0.007050000000000001,0.007,0.0002179449471770337,0.0195,0.021,0.019750000000000004,0.0195,0.0003708099243547835,0.005,0.005,0.005000000000000001,0.005,8.673617379884035e-19,0.008,0.0085,0.008425000000000002,0.0085,0.00017853571071357142,0.024,0.025,0.024525000000000005,0.0245,0.00024874685927665525,0.002,0.002,0.0020000000000000005,0.002,4.336808689942018e-19,0.027,0.0275,0.02715,0.027,0.0002291287847477922,0.004,0.005,0.004550000000000001,0.005,0.00049749371855331,32,32,2560,10240,51200,False,96,2
0.005,0.006,0.005952380952380954,0.006,0.00021295885499997998,0.007,0.008,0.0071,0.007,0.00030000000000000003,0.0195,0.0205,0.019675000000000005,0.0195,0.00028613807855649016,0.005,0.005,0.005000000000000001,0.005,8.673617379884035e-19,0.008,0.008,0.008000000000000002,0.008,1.734723475976807e-18,0.024,0.0245,0.024175000000000006,0.024,0.0002384848003542366,0.002,0.002,0.0020000000000000005,0.002,4.336808689942018e-19,0.0265,0.027,0.026750000000000003,0.02675,0.0002500000000000003,0.004,0.005,0.004100000000000001,0.004,0.00030000000000000003,32,32,2560,10240,51200,False,88,2
0.005,0.006,0.005095238095238095,0.005,0.0002935435239509036,0.007,0.007,0.007000000000000001,0.007,8.673617379884035e-19,0.0205,0.022,0.020900000000000002,0.021,0.0003391164991562632,0.005,0.005,0.005000000000000001,0.005,8.673617379884035e-19,0.008,0.008,0.008000000000000002,0.008,1.734723475976807e-18,0.024,0.025,0.024400000000000005,0.0245,0.00033911649915626367,0.002,0.002,0.0020000000000000005,0.002,4.336808689942018e-19,0.0245,0.025,0.024650000000000005,0.0245,0.0002291287847477922,0.004,0.004,0.004000000000000001,0.004,8.673617379884035e-19,32,32,2560,10240,51200,False,80,2
0.004,0.005,0.004952380952380954,0.005,0.00021295885499997998,0.007,0.007,0.007000000000000001,0.007,8.673617379884035e-19,0.0205,0.021500000000000002,0.020650000000000005,0.0205,0.00027838821814150135,0.005,0.005,0.005000000000000001,0.005,8.673617379884035e-19,0.008,0.008,0.008000000000000002,0.008,1.734723475976807e-18,0.0235,0.025,0.024100000000000003,0.024,0.00030000000000000024,0.002,0.002,0.0020000000000000005,0.002,4.336808689942018e-19,0.0245,0.025,0.024600000000000004,0.0245,0.00020000000000000015,0.004,0.004,0.004000000000000001,0.004,8.673617379884035e-19,32,32,2560,10240,51200,False,72,2
0.004,0.005,0.004952380952380954,0.005,0.00021295885499997998,0.007,0.007,0.007000000000000001,0.007,8.673617379884035e-19,0.0165,0.018000000000000002,0.016950000000000003,0.017,0.0003500000000000004,0.005,0.005,0.005000000000000001,0.005,8.673617379884035e-19,0.0075,0.0075,0.0075000000000000015,0.0075,1.734723475976807e-18,0.0205,0.021,0.020825000000000003,0.021,0.00023848480035423665,0.0015,0.002,0.0015500000000000004,0.0015,0.00015,0.022,0.0225,0.022300000000000004,0.0225,0.00024494897427831806,0.004,0.004,0.004000000000000001,0.004,8.673617379884035e-19,32,32,2560,10240,51200,False,64,2
0.004,0.005,0.004952380952380954,0.005,0.00021295885499997998,0.007,0.007,0.007000000000000001,0.007,8.673617379884035e-19,0.0175,0.0185,0.017650000000000006,0.0175,0.0002783882181415008,0.005,0.005,0.005000000000000001,0.005,8.673617379884035e-19,0.007,0.0075,0.007425000000000001,0.0075,0.00017853571071357112,0.021,0.022,0.021450000000000004,0.021500000000000002,0.00021794494717703342,0.0015,0.0015,0.0015000000000000002,0.0015,2.168404344971009e-19,0.022,0.023,0.022500000000000003,0.0225,0.0003162277660168382,0.004,0.004,0.004000000000000001,0.004,8.673617379884035e-19,32,32,2560,10240,51200,False,56,2
0.004,0.005,0.004619047619047621,0.005,0.0004856209060564558,0.007,0.007,0.007000000000000001,0.007,8.673617379884035e-19,0.017,0.018000000000000002,0.017375000000000005,0.0175,0.00026809513236909045,0.005,0.005,0.005000000000000001,0.005,8.673617379884035e-19,0.0075,0.008,0.007925000000000001,0.008,0.00017853571071357142,0.021500000000000002,0.0225,0.021975,0.022,0.0002487468592766542,0.0015,0.0015,0.0015000000000000002,0.0015,2.168404344971009e-19,0.022,0.0225,0.022075000000000004,0.022,0.0001785357107135714,0.004,0.004,0.004000000000000001,0.004,8.673617379884035e-19,32,32,2560,10240,51200,False,48,2
0.004,0.004,0.004000000000000001,0.004,8.673617379884035e-19,0.007,0.007,0.007000000000000001,0.007,8.673617379884035e-19,0.017,0.018000000000000002,0.017125000000000005,0.017,0.00026809513236909045,0.005,0.005,0.005000000000000001,0.005,8.673617379884035e-19,0.0075,0.008,0.007825000000000002,0.008,0.00023848480035423662,0.021500000000000002,0.022,0.021650000000000003,0.021500000000000002,0.00022912878474779064,0.0015,0.0015,0.0015000000000000002,0.0015,2.168404344971009e-19,0.021500000000000002,0.022,0.021775000000000003,0.022,0.00024874685927665346,0.004,0.004,0.004000000000000001,0.004,8.673617379884035e-19,32,32,2560,10240,51200,False,40,2
0.004,0.004,0.004000000000000001,0.004,8.673617379884035e-19,0.007,0.007,0.007000000000000001,0.007,8.673617379884035e-19,0.0165,0.0175,0.016650000000000005,0.0165,0.00027838821814150135,0.005,0.005,0.005000000000000001,0.005,8.673617379884035e-19,0.006500000000000001,0.006500000000000001,0.0065000000000000014,0.006500000000000001,8.673617379884035e-19,0.02,0.021,0.020475000000000004,0.0205,0.00019202864369671538,0.0015,0.0015,0.0015000000000000002,0.0015,2.168404344971009e-19,0.021500000000000002,0.022,0.021525000000000006,0.021500000000000002,0.00010897247358851618,0.004,0.004,0.004000000000000001,0.004,8.673617379884035e-19,32,32,2560,10240,51200,False,32,2
0.003,0.004,0.003952380952380953,0.004,0.00021295885499997998,0.007,0.007,0.007000000000000001,0.007,8.673617379884035e-19,0.016,0.0165,0.016075000000000002,0.016,0.00017853571071357142,0.005,0.005,0.005000000000000001,0.005,8.673617379884035e-19,0.007,0.007,0.007000000000000001,0.007,8.673617379884035e-19,0.0195,0.0205,0.020025000000000005,0.02,0.00019202864369671538,0.001,0.0015,0.0010500000000000002,0.001,0.00015000000000000001,0.021,0.021500000000000002,0.021075000000000003,0.021,0.00017853571071357142,0.004,0.004,0.004000000000000001,0.004,8.673617379884035e-19,32,32,2560,10240,51200,False,24,2
0.009000000000000001,0.014,0.013380952380952386,0.014,0.001090049823072342,0.007,0.007,0.007000000000000001,0.007,8.673617379884035e-19,0.016,0.017,0.016225000000000003,0.016,0.0002947456530637901,0.005,0.005,0.005000000000000001,0.005,8.673617379884035e-19,0.006,0.006500000000000001,0.006100000000000001,0.006,0.00020000000000000017,0.0195,0.02,0.019825000000000002,0.02,0.00023848480035423665,0.001,0.001,0.0010000000000000002,0.001,2.168404344971009e-19,0.02,0.021,0.020900000000000005,0.021,0.0002549509756796395,0.004,0.004,0.004000000000000001,0.004,8.673617379884035e-19,32,32,2560,10240,51200,False,16,2
0.006,0.008,0.007904761904761906,0.008,0.00042591770999995997,0.006,0.007,0.006750000000000002,0.007,0.0004330127018922194,0.0155,0.017,0.015750000000000004,0.0155,0.0003708099243547835,0.005,0.005,0.005000000000000001,0.005,8.673617379884035e-19,0.006,0.006500000000000001,0.006100000000000001,0.006,0.00020000000000000017,0.019,0.0195,0.019200000000000002,0.019,0.000244948974278318,0.001,0.001,0.0010000000000000002,0.001,2.168404344971009e-19,0.02,0.021,0.020300000000000006,0.0205,0.00029154759474226533,0.004,0.004,0.004000000000000001,0.004,8.673617379884035e-19,32,32,2560,10240,51200,False,8,2
0.004,0.005,0.004952380952380954,0.005,0.00021295885499997998,0.007,0.007,0.007000000000000001,0.007,8.673617379884035e-19,0.0155,0.017,0.015575000000000002,0.0155,0.00032691742076555085,0.004,0.005,0.004250000000000001,0.004,0.0004330127018922194,0.007,0.0075,0.007450000000000001,0.0075,0.00014999999999999988,0.019,0.02,0.019450000000000002,0.0195,0.00026925824035672544,0.001,0.001,0.0010000000000000002,0.001,2.168404344971009e-19,0.019,0.02,0.019550000000000005,0.0195,0.00021794494717703388,0.004,0.004,0.004000000000000001,0.004,8.673617379884035e-19,32,32,2560,10240,51200,False,4,2
0.003,0.004,0.003952380952380953,0.004,0.00021295885499997998,0.007,0.007,0.007000000000000001,0.007,8.673617379884035e-19,0.015,0.0165,0.015200000000000002,0.015,0.00036742346141747706,0.004,0.005,0.004200000000000001,0.004,0.0004,0.006500000000000001,0.007,0.006825000000000002,0.007,0.00023848480035423622,0.019,0.0195,0.019125000000000003,0.019,0.00021650635094610986,0.001,0.001,0.0010000000000000002,0.001,2.168404344971009e-19,0.0195,0.02,0.019675000000000005,0.0195,0.00023848480035423662,0.004,0.004,0.004000000000000001,0.004,8.673617379884035e-19,32,32,2560,10240,51200,False,2,2
0.003,0.003,0.0030000000000000005,0.003,4.336808689942018e-19,0.007,0.008,0.007050000000000001,0.007,0.0002179449471770337,0.0145,0.0165,0.015050000000000003,0.015,0.0003500000000000002,0.004,0.005,0.004250000000000001,0.004,0.00043301270189221935,0.006500000000000001,0.007,0.006825000000000002,0.007,0.0002384848003542362,0.0185,0.0195,0.019025000000000004,0.019,0.00019202864369671535,0.001,0.001,0.0010000000000000002,0.001,2.168404344971009e-19,0.0195,0.02,0.019525000000000004,0.0195,0.00010897247358851693,0.004,0.004,0.004000000000000001,0.004,8.673617379884035e-19,32,32,2560,10240,51200,False,1,2
0.136,0.15,0.14142857142857143,0.14,0.004645237485050353,0.041,0.045,0.04295,0.043000000000000003,0.0013219304066402267,0.15925,0.17675,0.1661375,0.16275,0.006334170723149166,0.096,0.10300000000000001,0.099,0.098,0.0024083189157584613,0.0585,0.0635,0.06027499999999999,0.059000000000000004,0.001819855763515338,0.21175,0.23500000000000001,0.220825,0.21675,0.00862702874690934,0.03025,0.03275,0.03115,0.03075,0.0008923284148787381,0.19275,0.21425,0.20192499999999997,0.1975,0.00800433476311429,0.078,0.078,0.07800000000000001,0.078,1.3877787807814457e-17,32,32,2560,10240,51200,False,4096,4
0.136,0.149,0.1422857142857143,0.14100000000000001,0.004452317290097439,0.041,0.045,0.043250000000000004,0.043000000000000003,0.0012196310917650447,0.1595,0.17725,0.167425,0.16512500000000002,0.006654932381324396,0.096,0.10400000000000001,0.09935000000000002,0.099,0.0027977669667075583,0.058,0.06375,0.06061249999999999,0.059750000000000004,0.002016300758815508,0.21225,0.23575000000000002,0.22290000000000001,0.2195,0.008582467593879985,0.03025,0.03275,0.031400000000000004,0.0315,0.0009199184746487057,0.19325,0.215,0.20385,0.20500000000000002,0.008256209784156402,0.078,0.078,0.07800000000000001,0.078,1.3877787807814457e-17,32,32,2560,10240,51200,False,4096,4
0.138,0.149,0.14204761904761906,0.14100000000000001,0.0037856394122574746,0.042,0.045,0.042800000000000005,0.042,0.0011224972160321803,0.1635,0.17500000000000002,0.16736249999999997,0.1635,0.005189216583454582,0.096,0.10300000000000001,0.0988,0.098,0.0021118712081942895,0.058750000000000004,0.0635,0.06043750000000001,0.059125000000000004,0.0018283787217094805,0.2165,0.23625000000000002,0.2235125,0.2185,0.0072035039217036665,0.0305,0.0325,0.031075000000000002,0.0305,0.0007462405778299655,0.19775,0.2165,0.20332500000000003,0.199,0.006464856920303797,0.076,0.078,0.07710000000000002,0.077,0.0007681145747868615,32,32,2560,10240,51200,False,4064,4
0.135,0.145,0.13995238095238097,0.138,0.0037477128323716133,0.041,0.045,0.04270000000000001,0.042,0.0012288205727444487,0.16025,0.17725,0.1673875,0.16525,0.005780611451222094,0.095,0.10200000000000001,0.09815000000000002,0.0975,0.002127792283095323,0.058,0.0635,0.060125000000000005,0.059250000000000004,0.0019014796869806405,0.2135,0.23550000000000001,0.22327499999999997,0.21975,0.007566744676543547,0.03,0.03225,0.030887499999999995,0.0305,0.0007805246632874589,0.19525,0.21475,0.20368750000000002,0.20037500000000003,0.007082052580290541,0.076,0.077,0.07605,0.076,0.00021794494717703385,32,32,2560,10240,51200,False,4032,4
0.14200000000000002,0.147,0.14347619047619048,0.14300000000000002,0.0013316315670580444,0.043000000000000003,0.044,0.043500000000000004,0.0435,0.000499999999999997,0.17225000000000001,0.17675,0.17373750000000002,0.17250000000000001,0.0017579729093475716,0.099,0.10200000000000001,0.0999,0.1,0.0008888194417315598,0.06175,0.06325,0.0622375,0.061875,0.0006248749874974999,0.22925,0.23475000000000001,0.23093750000000002,0.22925,0.0023423745964298724,0.03125,0.032,0.03153750000000001,0.0315,0.0003089801773577071,0.209,0.21425,0.210775,0.20925,0.002157689736732325,0.076,0.076,0.07600000000000001,0.076,1.3877787807814457e-17,32,32,2560,10240,51200,False,4000,4
0.14300000000000002,0.146,0.14428571428571432,0.14400000000000002,0.001030157507275415,0.044,0.044,0.044000000000000004,0.044,6.938893903907228e-18,0.17675,0.17725,0.17690000000000003,0.177,0.00014577379737113264,0.099,0.101,0.09995000000000001,0.1,0.0005894913061275802,0.063,0.0635,0.06319999999999999,0.06325,0.00012747548783981975,0.23500000000000001,0.23550000000000001,0.2352125,0.23525000000000001,0.00018157298807917457,0.03175,0.03175,0.03174999999999999,0.03175,1.3877787807814457e-17,0.21425,0.2145,0.21438749999999995,0.2145,0.0001243734296383276,0.076,0.076,0.07600000000000001,0.076,1.3877787807814457e-17,32,32,2560,10240,51200,False,3968,4
0.14100000000000001,0.145,0.14242857142857146,0.14200000000000002,0.0010497813183356455,0.043000000000000003,0.044,0.04340000000000001,0.043000000000000003,0.0004898979485566326,0.176,0.1785,0.17665000000000003,0.17625,0.0009367496997597606,0.098,0.1,0.09875000000000003,0.0985,0.0008291561975888507,0.0625,0.0635,0.06291250000000001,0.06275,0.0003089801773577072,0.234,0.23725000000000002,0.23481250000000004,0.23425,0.0011986320327773668,0.03125,0.0315,0.0313,0.03125,0.00010000000000000007,0.21325,0.2165,0.21391250000000003,0.2135,0.001076089564116297,0.074,0.076,0.07519999999999999,0.075,0.000509901951359279,32,32,2560,10240,51200,False,3936,4
0.14,0.14400000000000002,0.14204761904761903,0.14200000000000002,0.0010454523047666747,0.042,0.043000000000000003,0.04295000000000001,0.043000000000000003,0.00021794494717703385,0.17475000000000002,0.17725,0.17687500000000003,0.177,0.0005031152949374472,0.098,0.101,0.09855,0.098,0.0007399324293474377,0.06225,0.063,0.0629,0.063,0.00018371173070873853,0.2325,0.23550000000000001,0.23512500000000003,0.23525000000000001,0.0006250000000000006,0.031,0.03125,0.0312375,0.03125,5.448623679425846e-05,0.21425,0.2145,0.21428749999999996,0.21425,8.92678553567857e-05,0.074,0.075,0.07415000000000001,0.074,0.0003570714214271428,32,32,2560,10240,51200,False,3904,4
0.137,0.14300000000000002,0.13914285714285712,0.139,0.0012453996981544792,0.041,0.043000000000000003,0.04200000000000001,0.042,0.00044721359549995833,0.17375000000000002,0.17625,0.17523750000000002,0.176,0.0010679273149423482,0.096,0.098,0.09720000000000001,0.097,0.0006000000000000005,0.06175,0.06275,0.0623,0.0625,0.00036742346141747706,0.231,0.23425,0.23305000000000003,0.234,0.0013797644726546642,0.0305,0.031,0.030675,0.03075,0.00013919410907075068,0.21075,0.2135,0.21244999999999997,0.21325,0.0012514991010783838,0.074,0.074,0.07400000000000001,0.074,1.3877787807814457e-17,32,32,2560,10240,51200,False,3872,4
0.137,0.14,0.1388095238095238,0.139,0.0007315376902732014,0.041,0.043000000000000003,0.04195000000000001,0.042,0.0004974937185533105,0.19325,0.197,0.19411250000000005,0.1935,0.0013862607078035515,0.096,0.099,0.0971,0.097,0.0009949874371066208,0.06175,0.063,0.0621,0.062,0.0004636809247747856,0.2325,0.23650000000000002,0.23322500000000002,0.2325,0.001393960185945066,0.0305,0.031,0.030574999999999998,0.0305,0.00017853571071357142,0.21275,0.21625,0.2135375,0.213,0.0011491165084533432,0.073,0.074,0.07365000000000001,0.074,0.0004769696007084732,32,32,2560,10240,51200,False,3840,4
0.136,0.138,0.13690476190476192,0.137,0.0007499055118106493,0.04,0.042,0.04125000000000001,0.041,0.0005361902647381809,0.1895,0.19225,0.1918125,0.192,0.0005470089121760271,0.094,0.096,0.0949,0.095,0.0006244997998398403,0.0605,0.0615,0.061250000000000006,0.06125,0.00019364916731037102,0.22725,0.23,0.2297375,0.22975,0.0005834970008491908,0.03,0.03025,0.030062500000000002,0.03,0.00010825317547305492,0.209,0.21075,0.2103875,0.2105,0.00034888214342382193,0.07200000000000001,0.073,0.0728,0.073,0.0003999999999999948,32,32,2560,10240,51200,False,3808,4
0.135,0.138,0.13585714285714287,0.136,0.0008329931278350436,0.04,0.041,0.04060000000000001,0.041,0.000489897948556636,0.1895,0.192,0.19061250000000002,0.19,0.0010442551172965358,0.092,0.096,0.09395,0.094,0.0009205976319760994,0.06025,0.06125,0.06074999999999999,0.0605,0.00037080992435478346,0.2275,0.2305,0.22873749999999998,0.22775,0.0013427467184841686,0.029500000000000002,0.03,0.029712500000000003,0.029750000000000002,0.00021323402636539855,0.2085,0.21125,0.20965000000000003,0.20875,0.0012609520212918503,0.07200000000000001,0.07200000000000001,0.07200000000000002,0.07200000000000001,1.3877787807814457e-17,32,32,2560,10240,51200,False,3776,4
0.132,0.137,0.13466666666666668,0.135,0.001247219128924648,0.04,0.041,0.04025000000000001,0.04,0.0004330127018922198,0.192,0.19275,0.19248749999999998,0.1925,0.0001672386020032458,0.093,0.095,0.09380000000000001,0.094,0.0006000000000000006,0.06125,0.0615,0.061312500000000006,0.06125,0.00010825317547305492,0.2305,0.23075,0.23062500000000008,0.23062500000000002,0.0001250000000000001,0.029500000000000002,0.029750000000000002,0.029725000000000012,0.029750000000000002,7.500000000000007e-05,0.21125,0.2115,0.2112625,0.21125,5.448623679425846e-05,0.07100000000000001,0.07200000000000001,0.07145000000000001,0.07100000000000001,0.0004974937185533104,32,32,2560,10240,51200,False,3744,4
0.133,0.137,0.13504761904761903,0.135,0.0009988655696858593,0.04,0.041,0.04055000000000001,0.041,0.0004974937185533104,0.19025,0.19425,0.19183750000000002,0.190625,0.0016775633371053401,0.092,0.096,0.09425000000000001,0.094,0.0008874119674649433,0.058,0.059500000000000004,0.058550000000000005,0.05825,0.0005454356057317862,0.214,0.21825,0.215625,0.21425,0.0017949582167838911,0.02925,0.029750000000000002,0.02946250000000001,0.029375000000000002,0.00022741756748325336,0.21275,0.21625,0.21407499999999996,0.21275,0.0016029270101910456,0.07,0.07100000000000001,0.0703,0.07,0.0004582575694955844,32,32,2560,10240,51200,False,3712,4
0.13,0.133,0.13085714285714287,0.131,0.0009404008408634056,0.039,0.04,0.03950000000000001,0.0395,0.0005000000000000004,0.1865,0.1895,0.1871875,0.18675,0.0009147233188237859,0.091,0.093,0.09154999999999999,0.091,0.0006689544080129831,0.05675,0.05775,0.056937499999999995,0.05675,0.00029448047473474393,0.2095,0.21275,0.21018750000000003,0.20987499999999998,0.0008904879280484388,0.0285,0.029,0.0285625,0.0285,0.00013404756618454522,0.20750000000000002,0.21075,0.20791250000000003,0.20750000000000002,0.0009160888330287553,0.07,0.07,0.07000000000000002,0.07,1.3877787807814457e-17,32,32,2560,10240,51200,False,3680,4
0.131,0.133,0.132,0.132,0.0006172133998483682,0.039,0.04,0.03950000000000001,0.0395,0.0005000000000000004,0.18925,0.1905,0.18995,0.19,0.0002806243040080459,0.091,0.093,0.09195,0.092,0.0007399324293474377,0.05725,0.05775,0.05763750000000001,0.05775,0.00014737282653189506,0.213,0.2135,0.21313750000000004,0.213125,0.0001473728265318951,0.02875,0.02875,0.028750000000000008,0.02875,6.938893903907228e-18,0.21125,0.2115,0.2113,0.21125,0.00010000000000000009,0.069,0.07,0.06985000000000001,0.07,0.00035707142142714284,32,32,2560,10240,51200,False,3648,4
0.128,0.131,0.1291904761904762,0.129,0.0007939681905015753,0.038,0.039,0.038950000000000005,0.039,0.00021794494717703385,0.18825,0.18925,0.18864999999999998,0.188625,0.00024238399287081672,0.089,0.091,0.09054999999999999,0.091,0.0005894913061275802,0.057,0.0575,0.05723750000000001,0.05725,9.601432184835769e-05,0.21175,0.21225,0.2120125,0.212,0.00018498310733685943,0.02825,0.0285,0.028262500000000003,0.02825,5.448623679425846e-05,0.20975,0.21,0.20990000000000003,0.21,0.000122474487139159,0.068,0.07,0.06830000000000001,0.068,0.0005567764362830027,32,32,2560,10240,51200,False,3616,4
0.127,0.131,0.12828571428571428,0.128,0.0012399253872658618,0.038,0.039,0.038250000000000006,0.038,0.0004330127018922198,0.152,0.15525,0.15353750000000002,0.15375,0.0012048729186100926,0.08700000000000001,0.09,0.08814999999999999,0.088,0.0010136567466356608,0.05625,0.0575,0.05671250000000001,0.05675,0.0004052391269361835,0.20800000000000002,0.2125,0.21007499999999996,0.21025,0.0016790994610206896,0.028,0.0285,0.0282375,0.02825,0.00018498310733685943,0.20650000000000002,0.21125,0.20878750000000004,0.209,0.0017397467488114375,0.068,0.068,0.06800000000000002,0.068,1.3877787807814457e-17,32,32,2560,10240,51200,False,3584,4
0.126,0.13,0.12785714285714286,0.128,0.0010816968277714816,0.038,0.039,0.03830000000000001,0.038,0.0004582575694955844,0.15475,0.157,0.15544999999999998,0.155,0.0009000000000000007,0.08600000000000001,0.089,0.08754999999999999,0.088,0.000668954408012977,0.057,0.058,0.057374999999999995,0.05725,0.0002904737509655565,0.2115,0.2145,0.21235000000000004,0.21175,0.0012180927715079843,0.028,0.0285,0.028237500000000006,0.02825,0.00018498310733685945,0.21,0.21275,0.21069999999999997,0.21,0.0011113055385446444,0.068,0.068,0.06800000000000002,0.068,1.3877787807814457e-17,32,32,2560,10240,51200,False,3552,4
0.124,0.128,0.12619047619047621,0.126,0.001005652956282995,0.037,0.038,0.03780000000000001,0.038,0.00040000000000000034,0.15325,0.157,0.15501250000000003,0.15525,0.0012027962213109927,0.085,0.088,0.08675000000000002,0.08700000000000001,0.000993730345717586,0.05625,0.05775,0.0570125,0.057,0.00048396151706514887,0.20925,0.214,0.21143750000000003,0.21175,0.0017551264199481486,0.0275,0.02825,0.027925,0.028,0.00021065374432940916,0.20750000000000002,0.21225,0.2098875,0.21025,0.001741900901314414,0.066,0.068,0.06725,0.067,0.0006224949798994371,32,32,2560,10240,51200,False,3520,4
0.122,0.127,0.12566666666666665,0.126,0.0012084359562332886,0.037,0.038,0.0374,0.037,0.000489897948556636,0.15175,0.15525,0.15474999999999997,0.155,0.0010093314619093186,0.084,0.08700000000000001,0.086,0.08600000000000001,0.0008366600265340762,0.056,0.05725,0.056999999999999995,0.057,0.0003535533905932741,0.20725000000000002,0.21225,0.211725,0.21225,0.0013390761740842043,0.02725,0.02775,0.027725000000000007,0.02775,0.00010897247358851693,0.21475,0.22025,0.21954999999999997,0.22,0.0011874342087037928,0.066,0.067,0.0663,0.066,0.0004582575694955844,32,32,2560,10240,51200,False,3488,4
0.125,0.131,0.12904761904761905,0.129,0.001290115922299436,0.037,0.039,0.03815,0.038,0.0004769696007084732,0.17450000000000002,0.17925,0.17838749999999998,0.1785,0.0009336587974201232,0.08700000000000001,0.091,0.08895,0.089,0.0008645808232895283,0.054,0.0555,0.055225,0.05525,0.0003152380053229625,0.198,0.20275,0.2020125,0.202125,0.0009697776807083165,0.0275,0.02825,0.0282125,0.02825,0.0001634587103827754,0.18375,0.186,0.18542500000000003,0.1855,0.0004190763653560056,0.066,0.066,0.06600000000000002,0.066,1.3877787807814457e-17,32,32,2560,10240,51200,False,3456,4
0.124,0.128,0.12557142857142858,0.125,0.0012562767579307552,0.037,0.038,0.03735000000000001,0.037,0.00047696960070847325,0.17500000000000002,0.17775,0.175825,0.17550000000000002,0.0008877640452282251,0.08600000000000001,0.088,0.0872,0.08700000000000001,0.0005099019513592736,0.054,0.055,0.054349999999999996,0.05425,0.0002549509756796395,0.19875,0.2015,0.19929999999999998,0.199,0.0009103570728016572,0.02725,0.02775,0.027512500000000002,0.0275,0.0001243734296383276,0.182,0.1845,0.18244999999999997,0.182,0.0008681877677092677,0.065,0.066,0.06555,0.066,0.0004974937185533104,32,32,2560,10240,51200,False,3424,4
0.123,0.128,0.12595238095238093,0.126,0.0011741740958036157,0.037,0.038,0.03730000000000001,0.037,0.0004582575694955844,0.17450000000000002,0.179,0.17847499999999997,0.17875,0.0009317322576792061,0.085,0.089,0.08729999999999999,0.08700000000000001,0.0008426149773176312,0.054,0.0555,0.055174999999999995,0.05525,0.00029685855217594824,0.19775,0.2025,0.202175,0.2025,0.001025000000000001,0.027,0.02775,0.027687500000000004,0.02775,0.0001745530005471119,0.18425,0.1855,0.1852125,0.18525,0.0002986950786337133,0.064,0.066,0.06485,0.065,0.0005722761571129803,32,32,2560,10240,51200,False,3392,4
0.122,0.126,0.12371428571428573,0.123,0.0011187942975686422,0.036000000000000004,0.037,0.03640000000000001,0.036000000000000004,0.0004898979485566326,0.17550000000000002,0.17625,0.1757,0.17575000000000002,0.00018708286933869091,0.084,0.08700000000000001,0.0856,0.08600000000000001,0.0006633249580710807,0.054,0.0545,0.054275,0.05425,0.00010897247358851694,0.19875,0.19925,0.19907499999999997,0.199,0.00013919410907075068,0.027,0.02725,0.0270625,0.027,0.00010825317547305493,0.1825,0.1825,0.18250000000000002,0.1825,2.7755575615628914e-17,0.064,0.065,0.06405000000000001,0.064,0.00021794494717703385,32,32,2560,10240,51200,False,3360,4
0.12,0.125,0.12123809523809526,0.121,0.0013768411709334258,0.035,0.036000000000000004,0.03550000000000001,0.035500000000000004,0.0005000000000000006,0.16925,0.17225000000000001,0.17007500000000003,0.16962500000000003,0.0009781998773256933,0.083,0.085,0.08455,0.085,0.0005894913061275802,0.0525,0.0535,0.0526875,0.0525,0.0003524468044967924,0.19325,0.1965,0.194075,0.19375,0.0010431323022512542,0.02625,0.0265,0.0262875,0.02625,8.926785535678571e-05,0.185,0.18775,0.1854875,0.185,0.0009568013116629814,0.063,0.064,0.06390000000000001,0.064,0.00030000000000000024,32,32,2560,10240,51200,False,3328,4
0.11800000000000001,0.124,0.11957142857142858,0.12,0.0014333254231707017,0.035,0.036000000000000004,0.035350000000000006,0.035,0.00047696960070847314,0.17,0.17300000000000001,0.17106250000000003,0.17025,0.0011696019622076574,0.083,0.085,0.08395000000000001,0.084,0.0005894913061275802,0.05275,0.05375,0.05313750000000002,0.053,0.00033980693047670497,0.1945,0.198,0.1956,0.19475,0.0013095800853708808,0.026000000000000002,0.0265,0.026137500000000008,0.026000000000000002,0.00021614520582238092,0.186,0.1895,0.18711249999999996,0.18625,0.0014041790306082783,0.062,0.064,0.06285,0.063,0.0006538348415311016,32,32,2560,10240,51200,False,3296,4
0.115,0.11900000000000001,0.11733333333333333,0.117,0.0009428090415820643,0.034,0.035,0.034600000000000006,0.035,0.0004898979485566361,0.1675,0.17025,0.16839999999999997,0.168,0.0010228636272739402,0.081,0.084,0.08235,0.082,0.0007921489758877437,0.051750000000000004,0.05275,0.05205,0.052000000000000005,0.0003122498999199174,0.19125,0.19375,0.19195,0.19125,0.0010080922576827984,0.025500000000000002,0.025750000000000002,0.025575000000000004,0.025500000000000002,0.0001145643923738961,0.18275,0.18525,0.18346250000000003,0.183,0.0009495887267654358,0.062,0.063,0.062150000000000004,0.062,0.00035707142142714284,32,32,2560,10240,51200,False,3264,4
0.113,0.117,0.11538095238095239,0.116,0.0011328930717495553,0.034,0.035,0.034350000000000006,0.034,0.00047696960070847314,0.1685,0.1695,0.16891250000000005,0.169,0.00024076700355322796,0.08,0.083,0.08165,0.082,0.0009096702699330133,0.05225,0.0525,0.0523125,0.05225,0.00010825317547305495,0.1925,0.1935,0.19293750000000004,0.193,0.00023551804601770987,0.02525,0.025500000000000002,0.0254,0.025500000000000002,0.00012247448713915903,0.184,0.18475,0.18431250000000005,0.18425,0.00027243118397129236,0.061,0.062,0.06170000000000001,0.062,0.00045825756949558437,32,32,2560,10240,51200,False,3232,4
0.114,0.11900000000000001,0.11733333333333336,0.117,0.0010837911120705763,0.034,0.035,0.03455000000000001,0.035,0.0004974937185533104,0.1385,0.139,0.1387375,0.13875,0.00012437342963832762,0.079,0.083,0.08070000000000001,0.0805,0.0009539392014169464,0.053,0.0535,0.0530375,0.053,0.00011924240017711833,0.196,0.1965,0.19636250000000002,0.19637500000000002,0.00014737282653189506,0.025500000000000002,0.025500000000000002,0.025500000000000005,0.025500000000000002,3.469446951953614e-18,0.18725,0.18775,0.18746250000000003,0.1875,0.00018157298807917454,0.06,0.062,0.06055000000000001,0.06,0.0006689544080129831,32,32,2560,10240,51200,False,3200,4
0.11,0.115,0.11300000000000002,0.113,0.0012724180205607048,0.033,0.034,0.033150000000000006,0.033,0.00035707142142714284,0.13475,0.1365,0.13558750000000003,0.135625,0.0007469730584164338,0.077,0.079,0.07815000000000001,0.078,0.000726291952316698,0.051250000000000004,0.052000000000000005,0.05168750000000001,0.051750000000000004,0.0003247595264191648,0.1905,0.193,0.19181250000000002,0.19187500000000002,0.00104843633569235,0.0245,0.025,0.024775000000000002,0.02475,0.0001561249499599601,0.18175,0.18425,0.18313750000000004,0.18362499999999998,0.0010291835356242354,0.059000000000000004,0.061,0.06000000000000001,0.06,0.0003162277660168371,32,32,2560,10240,51200,False,3168,4
0.112,0.116,0.11404761904761905,0.114,0.0009499970163457152,0.033,0.034,0.033100000000000004,0.033,0.00030000000000000024,0.13575,0.13775,0.1365,0.136,0.0008732124598286499,0.077,0.08,0.07850000000000001,0.078,0.0007416198487095669,0.051750000000000004,0.0525,0.0519625,0.051750000000000004,0.0002880429655450701,0.19275,0.19525,0.19348750000000003,0.19275,0.0011277050811271544,0.02475,0.025,0.024825,0.02475,0.00011456439237389609,0.18425,0.18675,0.1849875,0.18425,0.0010502231905647494,0.058,0.059000000000000004,0.05894999999999999,0.059000000000000004,0.0002179449471770339,32,32,2560,10240,51200,False,3136,4
0.10400000000000001,0.113,0.11100000000000002,0.112,0.0022886885410853173,0.031,0.033,0.032650000000000005,0.033,0.0005722761571129804,0.13025,0.1365,0.1352625,0.136125,0.0017650690496408365,0.074,0.079,0.0766,0.077,0.0012409673645990868,0.04925,0.051750000000000004,0.0512,0.051500000000000004,0.0006051859218455107,0.1845,0.1935,0.19205,0.19325,0.002010286049297464,0.02375,0.0245,0.024375000000000004,0.0245,0.00018540496217739173,0.1765,0.18475,0.18348749999999997,0.1845,0.001846406983847279,0.057,0.059000000000000004,0.058100000000000006,0.058,0.0004358898943540678,32,32,2560,10240,51200,False,3104,4
0.108,0.113,0.11133333333333335,0.112,0.0010389249632986404,0.032,0.033,0.03280000000000001,0.033,0.00040000000000000034,0.13575,0.13625,0.13595000000000002,0.136,0.00012747548783981972,0.076,0.078,0.077,0.077,0.0006324555320336764,0.048,0.04825,0.04801250000000001,0.048,5.448623679425846e-05,0.17450000000000002,0.17500000000000002,0.174825,0.17475000000000002,0.0001600781059358214,0.02425,0.0245,0.024487500000000002,0.0245,5.448623679425846e-05,0.1845,0.18475,0.18470000000000003,0.18475,0.00010000000000000009,0.058,0.059000000000000004,0.05805000000000001,0.058,0.00021794494717703385,32,32,2560,10240,51200,False,3072,4
0.105,0.11,0.10799999999999998,0.108,0.0012344267996967364,0.031,0.033,0.03180000000000001,0.032,0.0006000000000000006,0.1315,0.13525,0.13336250000000002,0.13387500000000002,0.0016497632405893898,0.074,0.076,0.0753,0.075,0.0007141428428542856,0.0465,0.04775,0.04711249999999999,0.047125,0.0005834970008491908,0.16925,0.17450000000000002,0.17192500000000002,0.17250000000000001,0.00231449238495183,0.0235,0.02425,0.023762500000000002,0.02375,0.00024334902917414757,0.17875,0.18375,0.18125,0.1815,0.0020751505969447154,0.056,0.058,0.05755000000000001,0.058,0.0005894913061275802,32,32,2560,10240,51200,False,3040,4
0.10200000000000001,0.112,0.10880952380952381,0.109,0.0018928197061287412,0.031,0.032,0.031950000000000006,0.032,0.00021794494717703385,0.13125,0.136,0.13558749999999997,0.13575,0.0010008590060543003,0.074,0.077,0.0757,0.076,0.0006403124237432856,0.046,0.04825,0.04790000000000001,0.048,0.0004430011286667342,0.17350000000000002,0.17525000000000002,0.175075,0.17525000000000002,0.0003799671038392669,0.024,0.024,0.024000000000000004,0.024,3.469446951953614e-18,0.18425,0.1845,0.18444999999999998,0.1845,0.00010000000000000009,0.055,0.057,0.055700000000000006,0.056,0.0006403124237432856,32,32,2560,10240,51200,False,3008,4
0.10200000000000001,0.109,0.10695238095238098,0.107,0.0013619380615309598,0.031,0.032,0.03180000000000001,0.032,0.00040000000000000034,0.135,0.137,0.13585000000000005,0.1355,0.0007305819598101235,0.073,0.077,0.07505,0.075,0.0009205976319760993,0.0475,0.04825,0.0478625,0.04775,0.00024334902917414754,0.17425000000000002,0.1765,0.1750375,0.17450000000000002,0.000877763493203026,0.0235,0.02375,0.023612499999999998,0.0235,0.0001243734296383276,0.183,0.18525,0.18409999999999999,0.1835,0.0008565920849505916,0.055,0.055,0.05500000000000001,0.055,6.938893903907228e-18,32,32,2560,10240,51200,False,2976,4
0.10200000000000001,0.108,0.1051904761904762,0.105,0.0013669238185149795,0.03,0.032,0.030900000000000004,0.031,0.0005385164807134509,0.14375000000000002,0.1485,0.14584999999999998,0.14625,0.0015799525309324856,0.07200000000000001,0.075,0.07335,0.073,0.0009096702699330093,0.04625,0.0475,0.0468125,0.046875,0.00047351742312189566,0.16875,0.17450000000000002,0.17128750000000004,0.17200000000000001,0.0020695334619184116,0.02275,0.0235,0.023062500000000003,0.023125,0.00028367014294775566,0.178,0.1845,0.18091249999999998,0.181375,0.0022807276799302477,0.054,0.056,0.054900000000000004,0.055,0.0007681145747868615,32,32,2560,10240,51200,False,2944,4
0.099,0.105,0.10352380952380956,0.10400000000000001,0.0012580804584402746,0.03,0.032,0.031000000000000007,0.031,0.0003162277660168382,0.146,0.14675,0.146225,0.14625,0.00019202864369671538,0.07100000000000001,0.074,0.07265,0.07250000000000001,0.0008529361054615936,0.04675,0.047,0.046962500000000004,0.047,8.926785535678571e-05,0.17175,0.17250000000000001,0.1720625,0.17200000000000001,0.00017455300054711192,0.02275,0.023,0.022774999999999997,0.02275,7.500000000000006e-05,0.181,0.1815,0.181175,0.18125,0.00016007810593582136,0.053,0.054,0.053700000000000005,0.054,0.00045825756949558437,32,32,2560,10240,51200,False,2912,4
0.099,0.105,0.10338095238095239,0.10300000000000001,0.001252661565520561,0.03,0.031,0.030950000000000005,0.031,0.00021794494717703385,0.14775,0.1485,0.14795,0.148,0.00016955824957813183,0.07200000000000001,0.073,0.07275,0.073,0.00043301270189221376,0.04725,0.0475,0.04745,0.0475,0.00010000000000000007,0.17325000000000002,0.17350000000000002,0.173425,0.17350000000000002,0.0001145643923738961,0.02275,0.02275,0.02275,0.02275,0.0,0.183,0.1835,0.18333750000000001,0.18325,0.0001634587103827754,0.053,0.054,0.05315000000000001,0.053,0.0003570714214271428,32,32,2560,10240,51200,False,2880,4
0.095,0.10400000000000001,0.10171428571428574,0.10200000000000001,0.0017766436291597756,0.029,0.031,0.029850000000000005,0.03,0.0004769696007084721,0.14300000000000002,0.147,0.14555,0.14525,0.0012859821149611619,0.07,0.07200000000000001,0.07089999999999999,0.07100000000000001,0.0007000000000000006,0.04175,0.04275,0.04239999999999999,0.04225,0.0003570714214271428,0.16775,0.17200000000000001,0.17062500000000003,0.17062500000000003,0.001456665713195723,0.022,0.0225,0.022325000000000005,0.02225,0.0001785357107135714,0.17775,0.18225,0.18072499999999997,0.181,0.001510173831053897,0.051000000000000004,0.053,0.05285000000000001,0.053,0.0004769696007084712,32,32,2560,10240,51200,False,2848,4
0.099,0.106,0.10390476190476192,0.10400000000000001,0.0013058389715049589,0.03,0.031,0.030900000000000004,0.031,0.0003000000000000003,0.132,0.1325,0.13227499999999998,0.13225,0.00013462912017836272,0.07100000000000001,0.074,0.07300000000000001,0.073,0.0008366600265340713,0.04775,0.048,0.0477875,0.04775,8.926785535678571e-05,0.16225,0.163,0.16272500000000004,0.16275,0.00020766559657295206,0.02275,0.02275,0.02275,0.02275,0.0,0.186,0.18675,0.18637499999999999,0.186375,0.00016770509831248438,0.051000000000000004,0.052000000000000005,0.051550000000000006,0.052000000000000005,0.0004974937185533105,32,32,2560,10240,51200,False,2816,4
0.095,0.10200000000000001,0.09971428571428573,0.1,0.001350233036072175,0.028,0.03,0.029600000000000005,0.03,0.000583095189484529,0.14325000000000002,0.14525,0.14411250000000003,0.14375000000000002,0.0007223010106596707,0.068,0.07100000000000001,0.06985,0.07,0.0008529361054615998,0.046,0.04675,0.0462625,0.04625,0.00024334902917414754,0.1565,0.1585,0.15743749999999998,0.157,0.0008286849521983618,0.021750000000000002,0.022,0.021862500000000003,0.021750000000000002,0.00012437342963832586,0.1795,0.18175,0.180725,0.18075,0.0010274361294017266,0.051000000000000004,0.051000000000000004,0.05100000000000001,0.051000000000000004,6.938893903907228e-18,32,32,2560,10240,51200,False,2784,4
0.092,0.101,0.09909523809523811,0.1,0.001973750645339307,0.028,0.03,0.028950000000000004,0.029,0.0004974937185533096,0.14475,0.14725,0.1457375,0.145125,0.0009697776807083165,0.068,0.07100000000000001,0.06960000000000002,0.07,0.0007348469228349541,0.04275,0.043500000000000004,0.042962499999999994,0.04275,0.0002654595072699415,0.15775,0.1605,0.15889999999999999,0.15825,0.0010380269746013355,0.021750000000000002,0.022,0.021849999999999998,0.021750000000000002,0.0001224744871391573,0.1815,0.184,0.182525,0.18175,0.0010865656906050376,0.049,0.05,0.04910000000000001,0.049,0.0003000000000000003,32,32,2560,10240,51200,False,2752,4
0.09,0.1,0.09757142857142859,0.098,0.0019656921371952675,0.028,0.029,0.028500000000000004,0.0285,0.0005000000000000004,0.14150000000000001,0.145,0.14368750000000002,0.143625,0.0010979384090193667,0.067,0.069,0.06785,0.068,0.0005722761571129803,0.04525,0.0465,0.046049999999999994,0.046125,0.000375832409459323,0.15475,0.158,0.156925,0.15675,0.0010280442597476052,0.021,0.021500000000000002,0.021337500000000002,0.02125,0.0001634587103827754,0.17725,0.1815,0.18012499999999995,0.1795,0.001384061053566642,0.048,0.049,0.04845000000000001,0.048,0.0004974937185533104,32,32,2560,10240,51200,False,2720,4
0.093,0.10200000000000001,0.1,0.1,0.0018516401995451043,0.029,0.031,0.029750000000000006,0.03,0.0006982120021884462,0.11975000000000001,0.123,0.12082499999999999,0.12,0.0013207478941872285,0.067,0.069,0.0679,0.068,0.0008306623862918082,0.04025,0.0415,0.040600000000000004,0.04025,0.0004636809247747856,0.159,0.163,0.16039999999999996,0.15925,0.001738174329576871,0.021500000000000002,0.022,0.021825000000000004,0.021750000000000002,0.00013919410907074913,0.14625,0.15,0.14768749999999997,0.1465,0.0016276420828916914,0.048,0.049,0.04825000000000001,0.048,0.0004330127018922198,32,32,2560,10240,51200,False,2688,4
0.08700000000000001,0.10200000000000001,0.09776190476190479,0.098,0.0029423793725286496,0.027,0.029,0.028650000000000002,0.029,0.0006538348415311016,0.1135,0.121,0.11926250000000001,0.11950000000000001,0.002493084184298635,0.064,0.067,0.0662,0.0665,0.001029563014098701,0.038,0.04075,0.03995,0.040125,0.0008536685539481944,0.1505,0.16075,0.158275,0.158875,0.0033947569868843365,0.0205,0.021750000000000002,0.02135,0.021500000000000002,0.0003741657386773945,0.13875,0.14775,0.14578749999999996,0.146125,0.0028020918525273157,0.046,0.048,0.047450000000000006,0.0475,0.0005894913061275802,32,32,2560,10240,51200,False,2656,4
0.089,0.099,0.09623809523809523,0.096,0.0019248936125150242,0.028,0.029,0.028200000000000003,0.028,0.00040000000000000034,0.11825000000000001,0.123,0.11985000000000001,0.11975000000000001,0.0014756354563373666,0.064,0.067,0.06570000000000001,0.0655,0.0010049875621120899,0.0395,0.04125,0.040162500000000004,0.040125,0.0005200661015678684,0.157,0.163,0.1591,0.159,0.0019817921182606435,0.021,0.021750000000000002,0.021225000000000004,0.02125,0.00020766559657295206,0.145,0.15025,0.1468375,0.14675,0.0018341806753970574,0.046,0.047,0.04610000000000001,0.046,0.0003000000000000003,32,32,2560,10240,51200,False,2624,4
0.08700000000000001,0.099,0.0964761904761905,0.097,0.0022807485742529607,0.027,0.028,0.027500000000000004,0.0275,0.0005000000000000004,0.11850000000000001,0.12,0.11926249999999998,0.11962500000000001,0.0005834970008491891,0.064,0.066,0.06489999999999999,0.065,0.0007000000000000006,0.03975,0.04025,0.039950000000000006,0.04,0.0002031009601158992,0.15725,0.15925,0.15836249999999996,0.158875,0.0007963785218098244,0.02075,0.021,0.020887500000000003,0.021,0.0001243734296383276,0.14475,0.1465,0.14575,0.146125,0.0006020797289396153,0.045,0.045,0.045000000000000005,0.045,6.938893903907228e-18,32,32,2560,10240,51200,False,2592,4
0.084,0.094,0.09180952380952381,0.092,0.001942483624225822,0.025,0.027,0.026150000000000007,0.026000000000000002,0.000476969600708472,0.11275,0.11675,0.11410000000000001,0.114,0.0012781823031164227,0.061,0.064,0.06275,0.063,0.0007664854858377953,0.038,0.03925,0.0384375,0.038375,0.00042481613669916106,0.14975,0.155,0.15164999999999995,0.15125,0.0017613914953808552,0.02,0.02075,0.020237500000000002,0.02025,0.00023014940799402482,0.13675,0.14150000000000001,0.13850000000000004,0.13825,0.0016863421954040067,0.042,0.044,0.043000000000000003,0.043000000000000003,0.0004472135954999568,32,32,2560,10240,51200,False,2560,4
0.08,0.091,0.08852380952380952,0.089,0.0023221305409974473,0.025,0.026000000000000002,0.025500000000000005,0.025500000000000002,0.0005000000000000004,0.1105,0.115,0.1123125,0.11075,0.0020200170172550544,0.06,0.063,0.06155000000000001,0.062,0.0008046738469715548,0.03725,0.03875,0.037812499999999985,0.03725,0.0006931585316505891,0.14675,0.15275,0.14924999999999997,0.147125,0.0027329013886344335,0.0195,0.02,0.019700000000000002,0.0195,0.000244948974278318,0.13425,0.1395,0.136475,0.1345,0.0024519125188309657,0.042,0.043000000000000003,0.04215000000000001,0.042,0.00035707142142714284,32,32,2560,10240,51200,False,2528,4
0.08,0.092,0.08976190476190476,0.09,0.002388559276949419,0.025,0.026000000000000002,0.025550000000000007,0.026000000000000002,0.0004974937185533105,0.11375,0.115,0.11396250000000001,0.11375,0.00033796264586489463,0.06,0.062,0.0612,0.061,0.0006000000000000006,0.03825,0.03875,0.0384,0.038375,0.00016583123951777014,0.151,0.15275,0.15133749999999999,0.15125,0.000482668364407696,0.01975,0.02,0.019775,0.01975,7.500000000000007e-05,0.13825,0.13975,0.1384875,0.13825,0.00044352987498025466,0.041,0.042,0.04195000000000001,0.042,0.00021794494717703385,32,32,2560,10240,51200,False,2496,4
0.074,0.091,0.08776190476190476,0.089,0.0036108930685959757,0.023,0.026000000000000002,0.024800000000000006,0.025,0.0006782329983125273,0.10625,0.116,0.1129375,0.11375,0.0023437083329629583,0.057,0.062,0.060399999999999995,0.061,0.0011135528725660035,0.03625,0.039,0.0380875,0.03825,0.0006338128667043615,0.14125000000000001,0.1545,0.1502,0.151,0.0030450779957170173,0.0185,0.01975,0.019412500000000003,0.0195,0.0003089801773577071,0.129,0.14125000000000001,0.1373875,0.138,0.0029266822085768068,0.04,0.042,0.04085000000000001,0.041,0.0006538348415311016,32,32,2560,10240,51200,False,2464,4
0.081,0.091,0.08857142857142856,0.089,0.0019656921371952654,0.025,0.026000000000000002,0.025100000000000004,0.025,0.0003000000000000003,0.12425,0.12725,0.12497500000000002,0.1245,0.0011453711188955317,0.061,0.063,0.06174999999999999,0.062,0.0006982120021884477,0.041,0.04225,0.041400000000000006,0.04125,0.0004062019202317984,0.14,0.14375000000000002,0.1411,0.1405,0.0012609520212918503,0.01925,0.01975,0.019399999999999997,0.01925,0.00021505813167606587,0.13975,0.14325000000000002,0.14063750000000003,0.14,0.0013703899992337958,0.04,0.041,0.04010000000000001,0.04,0.0003000000000000003,32,32,2560,10240,51200,False,2432,4
0.074,0.088,0.08447619047619048,0.084,0.0028721826380952815,0.023,0.025,0.024300000000000006,0.024,0.0005567764362830027,0.11925000000000001,0.12525,0.12147500000000003,0.11950000000000001,0.002597955927262812,0.058,0.062,0.059550000000000006,0.059000000000000004,0.0012835497652993416,0.037,0.039,0.0379375,0.03725,0.0008691770533096244,0.134,0.1405,0.13732499999999997,0.1355,0.0026018022599728855,0.0185,0.01925,0.018862499999999997,0.01875,0.00033048260166005744,0.134,0.14075000000000001,0.13672499999999999,0.1345,0.003062780599390041,0.038,0.04,0.038650000000000004,0.039,0.0006538348415311017,32,32,2560,10240,51200,False,2400,4
0.076,0.088,0.08595238095238097,0.08600000000000001,0.002339641618388239,0.024,0.025,0.024700000000000007,0.025,0.0004582575694955844,0.12475,0.12625,0.12515,0.125,0.00034820970692960333,0.059000000000000004,0.062,0.06020000000000001,0.06,0.0006782329983125261,0.03875,0.0395,0.03905,0.039,0.00015000000000000012,0.14,0.14175000000000001,0.14042500000000002,0.14025,0.0004337337893224372,0.019,0.019,0.019000000000000003,0.019,3.469446951953614e-18,0.14075000000000001,0.14225000000000002,0.14125000000000004,0.141125,0.00038729833462074204,0.038,0.038,0.038000000000000006,0.038,6.938893903907228e-18,32,32,2560,10240,51200,False,2368,4
0.073,0.088,0.08500000000000002,0.08600000000000001,0.002828427124746192,0.024,0.025,0.024050000000000005,0.024,0.00021794494717703388,0.1225,0.1255,0.12408749999999999,0.125,0.0012456800351615188,0.058,0.061,0.0591,0.059000000000000004,0.000768114574786859,0.038,0.039,0.038650000000000004,0.039,0.00039051248379533304,0.13725,0.14025,0.13895,0.14,0.0013661076092314262,0.0185,0.01875,0.018637499999999994,0.01875,0.0001243734296383276,0.13775,0.14125000000000001,0.13987499999999997,0.14125000000000001,0.0015978501181274807,0.036000000000000004,0.038,0.03690000000000001,0.037,0.000624499799839838,32,32,2560,10240,51200,False,2336,4
0.07100000000000001,0.08600000000000001,0.08261904761904763,0.083,0.0027856125337542216,0.023,0.024,0.023800000000000005,0.024,0.0004000000000000003,0.09475,0.0985,0.09658749999999999,0.097,0.0012431688340688095,0.055,0.058,0.05675000000000001,0.057,0.0008291561975888507,0.0365,0.038,0.0371625,0.03725,0.0005079062413477516,0.13125,0.1365,0.13381249999999997,0.134,0.0017798788582372696,0.017750000000000002,0.0185,0.018137500000000008,0.01825,0.0002558686186307327,0.135,0.1405,0.13783749999999997,0.138,0.0018239294805446854,0.036000000000000004,0.037,0.03605000000000001,0.036000000000000004,0.00021794494717703236,32,32,2560,10240,51200,False,2304,4
0.065,0.084,0.08180952380952383,0.083,0.0041475069691269875,0.021,0.024,0.023500000000000004,0.024,0.0009219544457292886,0.0895,0.09925,0.0975,0.09775,0.0026598872156540798,0.053,0.057,0.05589999999999999,0.056,0.0011357816691600557,0.03425,0.038,0.037375000000000005,0.0375,0.0010650704202070384,0.123,0.13725,0.13505000000000003,0.13525,0.003111068948126997,0.01675,0.01825,0.0180375,0.018000000000000002,0.0003189337705543262,0.12625,0.14075000000000001,0.1387875,0.13887500000000003,0.0030262135995332545,0.034,0.036000000000000004,0.03550000000000001,0.036000000000000004,0.0005916079783099621,32,32,2560,10240,51200,False,2272,4
0.068,0.083,0.08004761904761905,0.081,0.002967702181120549,0.022,0.023,0.022800000000000004,0.023,0.0004000000000000003,0.0945,0.0985,0.096025,0.096875,0.001371358815190249,0.053,0.056,0.0548,0.055,0.0008124038404635969,0.03625,0.03775,0.036912499999999994,0.03725,0.0005200661015678684,0.131,0.13575,0.13301250000000003,0.13425,0.0017238673817901436,0.01725,0.018000000000000002,0.0176,0.017750000000000002,0.0002291287847477922,0.13475,0.13925,0.1368,0.138,0.001707703135793808,0.034,0.036000000000000004,0.03445000000000001,0.034,0.0005894913061275804,32,32,2560,10240,51200,False,2240,4
0.063,0.082,0.07785714285714287,0.078,0.004050699108216522,0.021,0.023,0.022050000000000004,0.022,0.000668954408012982,0.08875,0.097,0.09353750000000001,0.0935,0.0027469016636931173,0.051000000000000004,0.055,0.0529,0.053,0.0012609520212918475,0.0345,0.03725,0.03607500000000001,0.036000000000000004,0.0009222933372848342,0.12325,0.1345,0.12975000000000003,0.129625,0.0037724329019877905,0.01625,0.0175,0.017000000000000005,0.017,0.0004330127018922196,0.12625,0.13775,0.133325,0.133,0.003873870803214793,0.033,0.034,0.03370000000000001,0.034,0.00045825756949558437,32,32,2560,10240,51200,False,2208,4
0.068,0.081,0.07890476190476192,0.079,0.00254305331863213,0.022,0.023,0.022300000000000004,0.022,0.00045825756949558437,0.09525,0.0975,0.0966375,0.09725,0.000933658797420129,0.052000000000000005,0.055,0.053300000000000014,0.053,0.0008999999999999989,0.0365,0.03725,0.0369875,0.037125,0.00029020466915609774,0.1445,0.1475,0.1461625,0.147125,0.0013376168173284916,0.017,0.0175,0.017325000000000004,0.0175,0.00022500000000000018,0.135,0.13825,0.13696250000000001,0.138,0.001428012167315112,0.033,0.033,0.03300000000000001,0.033,6.938893903907228e-18,32,32,2560,10240,51200,False,2176,4
0.063,0.079,0.07538095238095238,0.076,0.0030312058024456285,0.021,0.022,0.021300000000000003,0.021,0.0004582575694955828,0.09075,0.0965,0.0934125,0.093,0.0019256086700054106,0.05,0.053,0.051400000000000015,0.051000000000000004,0.0010198039027185556,0.03375,0.036000000000000004,0.034824999999999995,0.034625,0.0007586995452746767,0.13725,0.14575,0.1416,0.14075000000000001,0.00293087017795056,0.01625,0.017,0.016600000000000004,0.0165,0.00027838821814150135,0.12875,0.136,0.132275,0.1315,0.00263616672462119,0.031,0.032,0.031150000000000004,0.031,0.0003570714214271428,32,32,2560,10240,51200,False,2144,4
0.059000000000000004,0.078,0.07528571428571429,0.077,0.004037241598900312,0.02,0.022,0.021400000000000002,0.0215,0.0006633249580710789,0.08775000000000001,0.096,0.094225,0.094375,0.0022747252581355824,0.048,0.052000000000000005,0.05130000000000001,0.052000000000000005,0.0010535653752852749,0.0325,0.035750000000000004,0.03499999999999999,0.035,0.0008366600265340763,0.1315,0.145,0.14247500000000002,0.14287500000000003,0.003744078658361757,0.0155,0.017,0.016524999999999998,0.0165,0.00036996621467371885,0.12325,0.135,0.13318749999999996,0.13375,0.0033343618204987927,0.03,0.031,0.030900000000000004,0.031,0.0003000000000000003,32,32,2560,10240,51200,False,2112,4
0.06,0.077,0.07371428571428572,0.074,0.003268068559385426,0.02,0.022,0.020800000000000006,0.021,0.0005099019513592785,0.09,0.09525,0.09272500000000002,0.093,0.0017444555024419526,0.048,0.051000000000000004,0.04975000000000001,0.05,0.0008874119674649432,0.03425,0.036000000000000004,0.03513750000000001,0.035250000000000004,0.0005941117319158077,0.1365,0.14425,0.1405625,0.14100000000000001,0.0026679521641138886,0.01575,0.0165,0.016162500000000003,0.01625,0.0002769814975770045,0.1275,0.135,0.13156249999999997,0.13175,0.0024120465895168795,0.029,0.031,0.029700000000000004,0.03,0.0005567764362830012,32,32,2560,10240,51200,False,2080,4
0.057,0.077,0.07233333333333333,0.073,0.004003966287538648,0.019,0.021,0.020500000000000004,0.021,0.0008062257748298558,0.09375,0.10300000000000001,0.0990875,0.099625,0.002913626391629513,0.05,0.054,0.052250000000000005,0.052000000000000005,0.0011346805717910196,0.033,0.035750000000000004,0.03461249999999999,0.03475,0.0008568656545806941,0.106,0.116,0.11191250000000001,0.11225,0.0032300106423973312,0.01525,0.0165,0.0158875,0.016,0.00036635877224382147,0.1095,0.11975000000000001,0.11558749999999998,0.116,0.0033636615094268956,0.029,0.031,0.030250000000000006,0.03,0.0006224949798994365,32,32,2560,10240,51200,False,2048,4
0.06,0.075,0.07300000000000001,0.074,0.0029760952365713795,0.02,0.022,0.021,0.021,0.0003162277660168377,0.0995,0.1005,0.0999875,0.09975,0.0003747916087641241,0.051000000000000004,0.054,0.05200000000000001,0.052000000000000005,0.0007071067811865462,0.0345,0.035,0.03480000000000001,0.03475,0.00018708286933869726,0.11275,0.1135,0.11295000000000002,0.11275,0.0002806243040080459,0.016,0.016,0.016000000000000004,0.016,3.469446951953614e-18,0.11625,0.11725000000000001,0.11655,0.11625,0.00036742346141747706,0.029,0.03,0.029400000000000003,0.029,0.0004898979485566344,32,32,2560,10240,51200,False,2048,4
0.06,0.075,0.07285714285714287,0.073,0.0029806633056245375,0.02,0.021,0.020850000000000004,0.021,0.00035707142142714284,0.09825,0.1015,0.1000375,0.10075,0.0011381866059658242,0.051000000000000004,0.053,0.052250000000000005,0.052000000000000005,0.0006224949798994342,0.034,0.035250000000000004,0.034675000000000004,0.034875,0.0004264680527307999,0.111,0.11475,0.11272499999999999,0.11375,0.0013320566804757232,0.01575,0.01625,0.015912500000000003,0.016,0.00014306903927824508,0.11475,0.11900000000000001,0.11655000000000001,0.11750000000000001,0.001406680489663521,0.029,0.03,0.029450000000000004,0.029,0.0004974937185533087,32,32,2560,10240,51200,False,2032,4
0.057,0.074,0.07076190476190478,0.07100000000000001,0.0032791514858451086,0.02,0.021,0.020350000000000004,0.02,0.0004769696007084732,0.09625,0.10325000000000001,0.098625,0.0995,0.0019692955593308,0.049,0.053,0.05115000000000001,0.051000000000000004,0.0008529361054615991,0.029500000000000002,0.03125,0.0300375,0.030125,0.0005200661015678671,0.10875,0.11675,0.111425,0.1125,0.002487594219321152,0.01525,0.01625,0.0156,0.01575,0.0002893959225697559,0.10400000000000001,0.11175,0.10672499999999999,0.1075,0.0022512496529705464,0.029,0.03,0.029450000000000004,0.029,0.0004974937185533087,32,32,2560,10240,51200,False,2016,4
0.054,0.074,0.07152380952380952,0.073,0.0042158323769316865,0.019,0.021,0.020700000000000003,0.021,0.0006403124237432854,0.09175,0.10200000000000001,0.1006125,0.1015,0.0029159850393992103,0.048,0.053,0.051400000000000015,0.052000000000000005,0.0011135528725660048,0.02825,0.03075,0.030287499999999995,0.0305,0.0005824248878610867,0.10400000000000001,0.1145,0.11383750000000001,0.11425,0.002260081580385981,0.014750000000000001,0.01575,0.0157,0.01575,0.00021794494717703353,0.1,0.10975,0.1089,0.10925,0.0020469489490458712,0.028,0.03,0.029400000000000003,0.029,0.000583095189484529,32,32,2560,10240,51200,False,2000,4
0.058,0.07200000000000001,0.07033333333333333,0.07100000000000001,0.0028840007485193765,0.02,0.021,0.020300000000000006,0.02,0.0004582575694955844,0.0985,0.10075,0.0994375,0.098875,0.0008583232200051455,0.049,0.052000000000000005,0.050350000000000006,0.05,0.0007262919523166982,0.02925,0.0305,0.0298375,0.029875,0.00036464880364536924,0.11125,0.11325,0.1122,0.112,0.0009407443861113397,0.01525,0.0155,0.015387500000000002,0.0155,0.0001243734296383276,0.10625,0.10875,0.10747499999999999,0.10725,0.0010090218035305291,0.028,0.029,0.028800000000000003,0.029,0.0004000000000000004,32,32,2560,10240,51200,False,1984,4
0.055,0.073,0.06928571428571428,0.07,0.0034934340744678534,0.019,0.021,0.019850000000000003,0.02,0.0006538348415311017,0.0945,0.10275000000000001,0.09805,0.099,0.0025453388772420874,0.048,0.052000000000000005,0.04985000000000001,0.05,0.001061838029079766,0.02825,0.031,0.029437500000000005,0.029750000000000002,0.0008057411184741657,0.1065,0.116,0.11056250000000001,0.1115,0.002862336239857228,0.014750000000000001,0.01575,0.015174999999999998,0.01525,0.0002861380785564895,0.10225000000000001,0.11075,0.1062,0.10675,0.0026582419002039647,0.027,0.029,0.028250000000000004,0.028,0.0005361902647381809,32,32,2560,10240,51200,False,1968,4
0.054,0.07200000000000001,0.06842857142857144,0.069,0.0034582052676886315,0.019,0.021,0.019800000000000005,0.02,0.0005099019513592789,0.0935,0.10125,0.09706250000000001,0.09775,0.002216239777190187,0.048,0.052000000000000005,0.04930000000000001,0.049,0.0010535653752852749,0.0285,0.0305,0.029325,0.029500000000000002,0.0005129571132170795,0.1055,0.114,0.10946249999999999,0.11,0.0025559672826544577,0.0145,0.0155,0.01495,0.015,0.00030207614933986396,0.101,0.109,0.10477500000000002,0.10525,0.0025098555735340597,0.027,0.029,0.028050000000000002,0.028,0.0005894913061275804,32,32,2560,10240,51200,False,1952,4
0.051000000000000004,0.07200000000000001,0.06904761904761905,0.07,0.004168774976807485,0.018000000000000002,0.021,0.020150000000000008,0.02,0.000653834841531101,0.099,0.10125,0.10060000000000002,0.1005,0.0005722761571129804,0.049,0.05,0.04955000000000001,0.05,0.0004974937185533104,0.029750000000000002,0.0305,0.0301375,0.030125,0.0001849831073368591,0.11275,0.114,0.113375,0.113,0.000490535421758715,0.01525,0.01525,0.015249999999999996,0.01525,3.469446951953614e-18,0.108,0.10925,0.10865,0.10825,0.0005267826876426374,0.027,0.029,0.027800000000000002,0.028,0.0006000000000000005,32,32,2560,10240,51200,False,1936,4
0.055,0.07200000000000001,0.06900000000000002,0.07,0.003366501646120694,0.02,0.021,0.020250000000000004,0.02,0.00043301270189221973,0.08575,0.08925,0.08756250000000002,0.08875,0.0015408500089236408,0.048,0.051000000000000004,0.04920000000000001,0.049,0.0009797958971132722,0.02775,0.029,0.028437500000000004,0.029,0.000621867148191638,0.111,0.1155,0.11340000000000001,0.115125,0.0020484750425621514,0.014750000000000001,0.01525,0.015049999999999997,0.01525,0.000231840462387392,0.106,0.11025,0.10818749999999999,0.10975,0.00193305942743621,0.027,0.028,0.027250000000000003,0.027,0.00043301270189221973,32,32,2560,10240,51200,False,1920,4
0.053,0.07200000000000001,0.06728571428571428,0.068,0.0034934340744678543,0.019,0.021,0.019450000000000002,0.019,0.0005894913061275802,0.08325,0.09025,0.08532500000000001,0.085,0.0017249999999999976,0.047,0.05,0.04805000000000001,0.048,0.0007399324293474377,0.0265,0.02925,0.027600000000000003,0.0275,0.0007842193570679068,0.10575,0.117,0.11015,0.11025,0.003373981327749165,0.01425,0.0155,0.0147125,0.014750000000000001,0.0003379626458648942,0.1015,0.1115,0.1052125,0.10525,0.0030641832109062914,0.027,0.028,0.02705,0.027,0.00021794494717703388,32,32,2560,10240,51200,False,1904,4
0.055,0.07100000000000001,0.06842857142857144,0.069,0.0031254931583660855,0.019,0.02,0.019800000000000005,0.02,0.0004000000000000003,0.08675000000000001,0.089,0.08757500000000003,0.08687500000000001,0.0009653367288153853,0.047,0.051000000000000004,0.04885000000000001,0.049,0.0009096702699330135,0.028,0.02875,0.028375000000000004,0.02825,0.0003211308144666285,0.1125,0.1155,0.11363750000000002,0.112625,0.0013239972620817625,0.014750000000000001,0.01525,0.0149125,0.015,0.0001634587103827746,0.1075,0.11025,0.10863750000000001,0.1075,0.0012611378790600189,0.026000000000000002,0.027,0.026900000000000007,0.027,0.0002999999999999992,32,32,2560,10240,51200,False,1888,4
0.052000000000000005,0.07100000000000001,0.06733333333333333,0.069,0.00383385089673721,0.019,0.021,0.019950000000000002,0.02,0.0007399324293474377,0.08475,0.09175,0.0875,0.0885,0.0020186629238186306,0.046,0.05,0.04785000000000001,0.048,0.0012757350822173083,0.02725,0.03,0.028337500000000005,0.02875,0.0008634053219664568,0.10775,0.11925000000000001,0.1133625,0.115,0.0036983737980361077,0.01425,0.01525,0.0147,0.014750000000000001,0.0003316624790355397,0.10350000000000001,0.1145,0.10855000000000001,0.11,0.0034853263835686863,0.025,0.027,0.026300000000000007,0.026000000000000002,0.000714142842854284,32,32,2560,10240,51200,False,1872,4
0.05,0.07100000000000001,0.06557142857142856,0.067,0.004203982562732048,0.017,0.021,0.019100000000000006,0.019,0.0011357816691600546,0.0825,0.08975,0.085425,0.08525,0.002329297104278453,0.045,0.05,0.04685000000000001,0.047,0.0012359207094308285,0.025750000000000002,0.02925,0.027475,0.02775,0.0012168093523637954,0.10250000000000001,0.1165,0.1099125,0.11075,0.004640362997654385,0.0135,0.015,0.014312500000000002,0.01425,0.0004668712349245774,0.09875,0.11125,0.10515000000000001,0.10575,0.004137783222934713,0.025,0.027,0.026100000000000005,0.026000000000000002,0.0006999999999999993,32,32,2560,10240,51200,False,1856,4
0.053,0.069,0.06671428571428573,0.067,0.0032240592152020502,0.019,0.02,0.019750000000000004,0.02,0.0004330127018922198,0.08525,0.089,0.08690000000000002,0.08600000000000001,0.0014987494787321806,0.046,0.049,0.04755000000000001,0.048,0.0009205976319760994,0.02775,0.029,0.028287500000000004,0.028,0.0005660995937112131,0.11125,0.1155,0.11308749999999998,0.1115,0.0019705249934979276,0.01425,0.014750000000000001,0.014512500000000001,0.0145,0.00021614520582238246,0.10625,0.11025,0.10797500000000002,0.1065,0.0018639675426358705,0.025,0.027,0.025850000000000005,0.026000000000000002,0.0006538348415311006,32,32,2560,10240,51200,False,1840,4
0.049,0.068,0.06433333333333333,0.065,0.003796405986284715,0.018000000000000002,0.021,0.018900000000000007,0.019,0.0007681145747868602,0.08275,0.08875,0.08531250000000001,0.085125,0.0017990883107841013,0.044,0.049,0.04605000000000001,0.046,0.0013219304066402298,0.026000000000000002,0.02875,0.027412500000000006,0.027625,0.0008813164868536157,0.10325000000000001,0.11525,0.10922500000000002,0.10975,0.003529252753770972,0.0135,0.0145,0.014050000000000002,0.014,0.00032210246816812845,0.099,0.11,0.10470000000000002,0.105,0.0032245154674772443,0.024,0.026000000000000002,0.025050000000000006,0.025,0.0003840572873934307,32,32,2560,10240,51200,False,1824,4
0.048,0.067,0.06452380952380952,0.066,0.004078036964953647,0.018000000000000002,0.02,0.019350000000000006,0.019,0.0006538348415311009,0.0825,0.08825,0.08702500000000002,0.08725000000000001,0.001542927412420945,0.044,0.048,0.046450000000000005,0.0465,0.0010712142642814286,0.026000000000000002,0.0285,0.028125,0.02825,0.0007180703308172532,0.10225000000000001,0.11425,0.11251249999999999,0.112875,0.002715090928495766,0.0135,0.0145,0.0142375,0.01425,0.00018498310733685945,0.09925,0.10925,0.10792500000000001,0.108,0.0020662465970933855,0.024,0.026000000000000002,0.025000000000000005,0.025,0.0003162277660168382,32,32,2560,10240,51200,False,1808,4
0.05,0.066,0.06319047619047619,0.064,0.003245789178657519,0.018000000000000002,0.02,0.018950000000000005,0.019,0.0005894913061275793,0.084,0.0885,0.08667499999999999,0.08825,0.0019334231300985258,0.04,0.043000000000000003,0.041150000000000006,0.041,0.0009630680142129121,0.02725,0.029,0.028237500000000006,0.02875,0.0006589527676548607,0.11475,0.1205,0.11808750000000001,0.12,0.002600811171538598,0.01375,0.01425,0.0140625,0.01425,0.00023551804601770984,0.10175000000000001,0.107,0.10508749999999997,0.10675,0.0022943885351003604,0.024,0.025,0.024550000000000006,0.025,0.0004974937185533104,32,32,2560,10240,51200,False,1792,4
0.047,0.066,0.06219047619047619,0.063,0.003812498838332971,0.017,0.02,0.018350000000000005,0.018000000000000002,0.0007262919523166967,0.0805,0.08875,0.08468750000000001,0.085,0.0025444486141402013,0.038,0.042,0.04005000000000001,0.04,0.0012031209415515976,0.02625,0.029,0.027537500000000003,0.0275,0.0008188215617581165,0.11025,0.12075,0.11555000000000001,0.116,0.0034772474746557792,0.013000000000000001,0.01425,0.013687500000000002,0.01375,0.0003149900792088539,0.09875,0.10725,0.10290000000000002,0.10275000000000001,0.0029910282512875044,0.023,0.025,0.024100000000000003,0.024,0.0005385164807134509,32,32,2560,10240,51200,False,1776,4
0.05,0.064,0.06233333333333334,0.063,0.002884000748519375,0.018000000000000002,0.02,0.019050000000000004,0.019,0.0003840572873934303,0.08725000000000001,0.089,0.08786250000000002,0.08750000000000001,0.0006958582829858333,0.04,0.042,0.040900000000000006,0.041,0.0007000000000000008,0.02825,0.029,0.028625000000000005,0.0285,0.0002436698586202243,0.11900000000000001,0.12125,0.11984999999999998,0.11925000000000001,0.0009855201672213454,0.01375,0.014,0.013850000000000001,0.01375,0.000122474487139159,0.11,0.11225,0.110975,0.11025,0.0009250000000000008,0.023,0.024,0.023200000000000005,0.023,0.0004000000000000003,32,32,2560,10240,51200,False,1760,4
0.047,0.065,0.0609047619047619,0.062,0.00340734167999968,0.017,0.02,0.018450000000000005,0.018000000000000002,0.0006689544080129816,0.08275,0.09,0.08530000000000001,0.08650000000000001,0.0020426698215815497,0.039,0.042,0.04010000000000001,0.04,0.0008888194417315596,0.027,0.029,0.027787500000000003,0.028,0.0006387243145520614,0.113,0.12275,0.11655,0.11800000000000001,0.0030378857779712522,0.013000000000000001,0.014,0.013500000000000003,0.0135,0.00026220221204253794,0.10475,0.1135,0.10823750000000001,0.109375,0.002772042342750199,0.022,0.024,0.022900000000000004,0.023,0.0004358898943540677,32,32,2560,10240,51200,False,1744,4
0.046,0.065,0.061142857142857145,0.062,0.003783242679245944,0.017,0.02,0.018800000000000004,0.019,0.0007483314773547876,0.08075,0.0915,0.08678749999999999,0.08725000000000001,0.003173400187496055,0.037,0.041,0.03975000000000001,0.04,0.001299038105676659,0.02625,0.029750000000000002,0.028225,0.02825,0.0010151970252123487,0.09575,0.10400000000000001,0.09982500000000002,0.09925,0.0023050216918719026,0.012750000000000001,0.014,0.013550000000000003,0.0135,0.00031224989991991985,0.10200000000000001,0.11525,0.10997500000000002,0.11025,0.003778971420902782,0.022,0.024,0.022950000000000005,0.023,0.00038405728739343076,32,32,2560,10240,51200,False,1728,4
0.049,0.065,0.061714285714285715,0.062,0.003088270546112564,0.018000000000000002,0.02,0.019200000000000005,0.019,0.0005099019513592786,0.08625000000000001,0.09,0.08807499999999999,0.08700000000000001,0.0016338222057494453,0.039,0.041,0.04010000000000001,0.04,0.0007000000000000006,0.031,0.03275,0.0317875,0.0315,0.0006238739856733896,0.09825,0.10200000000000001,0.10035000000000001,0.099625,0.0014692685254915124,0.01325,0.01375,0.013525,0.0135,0.00022220486043288994,0.10925,0.11325,0.11123750000000002,0.111,0.0017914292478353718,0.023,0.024,0.023050000000000005,0.023,0.00021794494717703388,32,32,2560,10240,51200,False,1712,4
0.045,0.063,0.05928571428571428,0.061,0.0036140316116210045,0.017,0.02,0.018300000000000004,0.019,0.0009539392014169449,0.07,0.0745,0.072775,0.074375,0.0019587942719948874,0.035,0.038,0.03660000000000001,0.037,0.0011135528725660024,0.029750000000000002,0.032,0.030862499999999998,0.0315,0.0008925910317721092,0.09625,0.1,0.09873750000000002,0.1,0.00155216582554829,0.0125,0.0135,0.013075000000000003,0.01325,0.0002749999999999995,0.10250000000000001,0.11225,0.1073125,0.11025,0.003877720818986325,0.022,0.023,0.022600000000000002,0.023,0.0004898979485566361,32,32,2560,10240,51200,False,1696,4
0.045,0.063,0.06038095238095238,0.061,0.003644646308219516,0.017,0.02,0.019200000000000005,0.019,0.0006782329983125269,0.0735,0.0775,0.07592499999999999,0.0755,0.0009717895862788414,0.037,0.038,0.037450000000000004,0.037,0.0004974937185533104,0.03175,0.03275,0.032162500000000004,0.032,0.0003285859857023732,0.10075,0.10325000000000001,0.101525,0.101,0.0010274361294017268,0.01325,0.0135,0.013325,0.01325,0.00011456439237389609,0.11175,0.1145,0.11270000000000002,0.112,0.0011635076278220106,0.023,0.023,0.023000000000000003,0.023,3.469446951953614e-18,32,32,2560,10240,51200,False,1680,4
0.047,0.061,0.05866666666666668,0.059000000000000004,0.0027660068059919244,0.017,0.02,0.018550000000000004,0.019,0.0006689544080129817,0.07475,0.07675,0.07588750000000001,0.076,0.0006445686542176875,0.04,0.044,0.04215000000000001,0.042,0.0009630680142129114,0.025750000000000002,0.02675,0.026337500000000007,0.0265,0.0004349928160326317,0.09025,0.094,0.09238750000000001,0.092375,0.0015958442123214925,0.0125,0.013000000000000001,0.012850000000000004,0.012875000000000001,0.00016583123951777017,0.12725,0.13075,0.1293375,0.129625,0.001306892784431838,0.021,0.023,0.0216,0.022,0.000583095189484529,32,32,2560,10240,51200,False,1664,4
0.043000000000000003,0.062,0.058428571428571434,0.059000000000000004,0.003774241375320829,0.017,0.02,0.018500000000000006,0.018500000000000003,0.000921954445729288,0.07275,0.07825,0.07473750000000001,0.07475,0.0012636133704579113,0.04,0.044,0.04145000000000001,0.041,0.0010234744745229352,0.02425,0.02725,0.025912500000000005,0.026000000000000002,0.0007300470875224417,0.08750000000000001,0.09625,0.0917125,0.09175,0.002288933976767349,0.012,0.01325,0.012737500000000002,0.012750000000000001,0.0003007802353878989,0.12275,0.1345,0.12858750000000002,0.12825,0.003130769673738395,0.02,0.023,0.021200000000000004,0.021,0.0007483314773547876,32,32,2560,10240,51200,False,1648,4
0.042,0.061,0.0579047619047619,0.059000000000000004,0.0038533196807893156,0.017,0.02,0.018550000000000004,0.018500000000000003,0.0007399324293474364,0.07275,0.07775,0.07587499999999997,0.07525,0.00133346353530946,0.039,0.043000000000000003,0.04130000000000001,0.041,0.0009539392014169465,0.025,0.02725,0.026462500000000007,0.02625,0.0005377906191074733,0.08650000000000001,0.0955,0.09301250000000001,0.09225,0.002198685686950274,0.01225,0.013000000000000001,0.012712500000000002,0.012625,0.0002534141866589164,0.1235,0.13325,0.13017499999999999,0.12875,0.0025849323008543205,0.02,0.023,0.021550000000000003,0.0215,0.0007399324293474364,32,32,2560,10240,51200,False,1632,4
0.045,0.062,0.057714285714285725,0.058,0.0031036515689143477,0.018000000000000002,0.02,0.018650000000000007,0.019,0.0005722761571129788,0.07425,0.08125,0.07615000000000002,0.076625,0.0015898113095584659,0.04,0.043000000000000003,0.04105000000000001,0.041,0.0009205976319760994,0.025500000000000002,0.0285,0.026500000000000003,0.02675,0.0006937218462755797,0.08975,0.1,0.0932125,0.09425,0.002536329779425383,0.01225,0.01325,0.012575000000000003,0.012625,0.0002633913438213185,0.1265,0.13925,0.1302625,0.13075,0.002787780254969895,0.021,0.023,0.02125,0.021,0.000622494979899436,32,32,2560,10240,51200,False,1616,4
0.043000000000000003,0.059000000000000004,0.05657142857142857,0.058,0.0036328059281448876,0.016,0.019,0.018100000000000005,0.018000000000000002,0.0009433981132056598,0.07200000000000001,0.0765,0.075125,0.07625,0.001681703005884214,0.039,0.041,0.04020000000000001,0.04,0.0007483314773547889,0.0245,0.02675,0.025925000000000004,0.0265,0.001000312451187127,0.08675000000000001,0.09425,0.09196250000000002,0.094,0.003124774991899413,0.01175,0.012750000000000001,0.012337500000000003,0.0125,0.00028804296554507306,0.0845,0.09025,0.08785,0.089,0.0018947295321496368,0.02,0.022,0.020750000000000005,0.021,0.0005361902647381805,32,32,2560,10240,51200,False,1600,4
0.041,0.06,0.057619047619047625,0.058,0.00392156662665015,0.017,0.02,0.018900000000000007,0.019,0.0006999999999999996,0.0735,0.0805,0.077725,0.0775,0.0014028987846598211,0.038,0.043000000000000003,0.04105000000000001,0.041,0.0010712142642814286,0.0245,0.028,0.027050000000000008,0.027,0.0006689544080129825,0.08725000000000001,0.099,0.095775,0.0955,0.002338402232294521,0.0115,0.013000000000000001,0.012550000000000002,0.0125,0.00031224989991992017,0.08775000000000001,0.0935,0.09082499999999999,0.09025,0.001425438529014843,0.021,0.022,0.021050000000000006,0.021,0.0002179449471770331,32,32,2560,10240,51200,False,1584,4
0.045,0.059000000000000004,0.05695238095238095,0.057,0.002869813175870357,0.018000000000000002,0.02,0.018750000000000006,0.019,0.0007664854858377937,0.0755,0.08,0.07723750000000001,0.076375,0.0019420913341035243,0.039,0.042,0.04010000000000001,0.04,0.001044030650891056,0.02625,0.028,0.026850000000000002,0.0265,0.0006955213871621785,0.09275,0.09875,0.09487500000000001,0.093,0.002689679348918754,0.012,0.012750000000000001,0.012375000000000002,0.01225,0.0002904737509655565,0.08825,0.0935,0.09037499999999998,0.089,0.0022576259654778974,0.021,0.022,0.021150000000000002,0.021,0.0003570714214271416,32,32,2560,10240,51200,False,1568,4
0.041,0.06,0.05519047619047619,0.056,0.00362030053499966,0.016,0.02,0.018300000000000004,0.018500000000000003,0.0010535653752852734,0.07275,0.081,0.07605000000000002,0.076625,0.0018415346860702914,0.037,0.041,0.03885000000000001,0.039,0.0010136567466356656,0.0245,0.02825,0.026262500000000005,0.02675,0.0009952229649681516,0.08700000000000001,0.09975,0.0926875,0.094,0.0032700105122155172,0.0115,0.012750000000000001,0.011987500000000002,0.012,0.00033048260166005744,0.084,0.0945,0.0885875,0.089,0.0022489928301353008,0.019,0.021,0.020650000000000005,0.021,0.0006538348415311017,32,32,2560,10240,51200,False,1552,4
0.04,0.056,0.05395238095238096,0.055,0.003243692641128838,0.016,0.019,0.018000000000000006,0.018000000000000002,0.0007071067811865472,0.07175000000000001,0.07875,0.07586250000000001,0.076,0.0015175535410653553,0.033,0.037,0.03500000000000001,0.035,0.0007745966692414832,0.021750000000000002,0.0235,0.022700000000000005,0.02275,0.00044440972086577906,0.092,0.10125,0.09783750000000001,0.09775,0.002074058521353727,0.0115,0.0125,0.012062500000000002,0.012,0.00020728904939721268,0.0885,0.0975,0.0942625,0.094,0.0017721367751954153,0.019,0.021,0.019650000000000004,0.0195,0.0007262919523166982,32,32,2560,10240,51200,False,1536,4
0.041,0.056,0.05352380952380953,0.055,0.002985983886969692,0.017,0.019,0.017800000000000003,0.018000000000000002,0.0007483314773547878,0.07275,0.07725,0.075075,0.075125,0.0020798136935793092,0.033,0.036000000000000004,0.03475000000000001,0.035,0.0008874119674649432,0.021750000000000002,0.023,0.022350000000000002,0.02225,0.0006041522986797274,0.09375,0.0995,0.09666250000000001,0.09675,0.002642530747219417,0.0115,0.01225,0.011787500000000003,0.011875,0.00027698149757700443,0.09,0.0955,0.0929625,0.093875,0.00243448531521552,0.019,0.021,0.019600000000000003,0.0195,0.0006633249580710807,32,32,2560,10240,51200,False,1520,4
0.039,0.055,0.05161904761904762,0.052000000000000005,0.002983704799584865,0.016,0.019,0.017500000000000005,0.018000000000000002,0.0008062257748298555,0.07125000000000001,0.078,0.07377500000000001,0.074,0.0014809203219619854,0.033,0.036000000000000004,0.03370000000000001,0.034,0.0007810249675906662,0.021750000000000002,0.02325,0.0222875,0.02225,0.0003470860844228706,0.092,0.1005,0.0951,0.09525,0.00215841376941494,0.01125,0.012,0.011512500000000002,0.0115,0.0002011684617428887,0.088,0.09675,0.09145,0.0915,0.002098511377143333,0.019,0.02,0.019100000000000002,0.019,0.0003000000000000003,32,32,2560,10240,51200,False,1504,4
0.041,0.055,0.05247619047619049,0.053,0.0027536823418668485,0.017,0.019,0.017900000000000006,0.018000000000000002,0.0006244997998398396,0.074,0.07775,0.07552499999999998,0.07425,0.001769357227922051,0.033,0.035,0.03415000000000001,0.034,0.0005722761571129803,0.022,0.023,0.022412500000000002,0.022,0.000482668364407696,0.09525,0.1,0.09732500000000002,0.09525,0.002309085316743409,0.0115,0.012,0.011687500000000002,0.0115,0.00022185299186623582,0.09175,0.09625,0.0937375,0.091875,0.0021743892820743965,0.019,0.02,0.019150000000000004,0.019,0.0003570714214271428,32,32,2560,10240,51200,False,1488,4
0.039,0.053,0.0510952380952381,0.052000000000000005,0.0029745709879507457,0.016,0.018000000000000002,0.017200000000000003,0.0175,0.0008717797887081354,0.07075000000000001,0.0755,0.07363749999999998,0.07525,0.002022490729274174,0.032,0.035,0.033350000000000005,0.033,0.0007921489758877436,0.021,0.02225,0.021787499999999998,0.02225,0.000514022129873801,0.091,0.09725,0.094675,0.096875,0.00271005073753242,0.011,0.0115,0.011300000000000001,0.0115,0.00024494897427831806,0.08750000000000001,0.0935,0.0910625,0.09325,0.0027063293868263673,0.018000000000000002,0.019,0.018900000000000007,0.019,0.0002999999999999992,32,32,2560,10240,51200,False,1472,4
0.038,0.053,0.05095238095238096,0.052000000000000005,0.0031240418032108057,0.016,0.019,0.017600000000000005,0.018000000000000002,0.0006633249580710802,0.07075000000000001,0.07825,0.0748625,0.0755,0.002149818306276134,0.032,0.035,0.033850000000000005,0.034,0.0007921489758877437,0.02075,0.023,0.022012499999999997,0.022,0.0005941117319158065,0.09125,0.1005,0.096675,0.097,0.0025606395685453297,0.011,0.01175,0.011450000000000002,0.0115,0.00021794494717703388,0.08750000000000001,0.09625,0.09283749999999999,0.09325,0.0024216149053885483,0.018000000000000002,0.02,0.019000000000000006,0.019,0.0004472135954999575,32,32,2560,10240,51200,False,1456,4
0.038,0.052000000000000005,0.049809523809523824,0.05,0.002888714454876782,0.016,0.019,0.016950000000000003,0.017,0.0007399324293474373,0.07175000000000001,0.07625,0.07360000000000003,0.07200000000000001,0.0019865170525318883,0.031,0.034,0.032900000000000006,0.033,0.0008888194417315596,0.021500000000000002,0.0225,0.021887499999999997,0.021750000000000002,0.0003990222424878079,0.09275,0.098,0.09505000000000001,0.093,0.0024819347291981735,0.010750000000000001,0.0115,0.011125000000000001,0.011,0.0002436698586202239,0.08875,0.094,0.09113750000000001,0.089,0.002444988496905458,0.018000000000000002,0.019,0.018700000000000005,0.019,0.00045825756949558275,32,32,2560,10240,51200,False,1440,4
0.037,0.052000000000000005,0.04966666666666667,0.051000000000000004,0.0030446414025039593,0.016,0.018000000000000002,0.017000000000000005,0.017,0.0005477225575051665,0.07100000000000001,0.07775,0.0736125,0.07425,0.0015978012235569191,0.031,0.034,0.032400000000000005,0.0325,0.0008000000000000007,0.021,0.02275,0.021637499999999997,0.021750000000000002,0.00038303883615111394,0.09125,0.1,0.0946875,0.0955,0.002089968600242599,0.010750000000000001,0.0115,0.010962500000000002,0.011,0.00016345871038277483,0.08725000000000001,0.09625,0.09117499999999999,0.09175,0.002064733638995595,0.017,0.019,0.018500000000000006,0.019,0.0007416198487095654,32,32,2560,10240,51200,False,1424,4
0.037,0.052000000000000005,0.04952380952380954,0.051000000000000004,0.003231084848321406,0.016,0.019,0.017300000000000003,0.018000000000000002,0.0009539392014169463,0.06325,0.06825,0.06588749999999999,0.0665,0.0013817448208696148,0.035,0.036000000000000004,0.03565000000000001,0.036000000000000004,0.0004769696007084733,0.021,0.02325,0.022187500000000002,0.0225,0.000715345196391224,0.08175,0.088,0.0851875,0.08575,0.001795610968445003,0.0105,0.0115,0.011125000000000001,0.01125,0.0002904737509655558,0.08725000000000001,0.0975,0.09368749999999999,0.09525,0.0036149645572259737,0.017,0.02,0.018550000000000004,0.019,0.0009205976319760979,32,32,2560,10240,51200,False,1408,4
0.038,0.053,0.049857142857142864,0.05,0.002996596709057577,0.016,0.019,0.017400000000000006,0.017,0.0008602325267042627,0.0635,0.068,0.06549999999999999,0.064375,0.0018858022165646126,0.034,0.037,0.03520000000000001,0.035,0.0007483314773547883,0.02125,0.023,0.022150000000000003,0.021625000000000002,0.0007305819598101217,0.082,0.08750000000000001,0.084625,0.083125,0.002389429848311101,0.010750000000000001,0.01125,0.011025000000000002,0.011,0.00022220486043288918,0.0905,0.097,0.09353749999999998,0.091,0.0031347597595350134,0.017,0.019,0.018300000000000004,0.018000000000000002,0.0007141428428542841,32,32,2560,10240,51200,False,1392,4
0.037,0.052000000000000005,0.04852380952380953,0.048,0.0029539166512896815,0.016,0.019,0.016950000000000003,0.017,0.0008645808232895295,0.0635,0.0675,0.06491250000000001,0.064,0.001567791041561344,0.033,0.036000000000000004,0.03405000000000001,0.034,0.0009733961166965902,0.021500000000000002,0.023,0.022087500000000003,0.021750000000000002,0.0006035053852286646,0.08225,0.08725000000000001,0.08386249999999999,0.08275,0.002090865550435993,0.0105,0.01125,0.010837500000000002,0.010750000000000001,0.00018157298807917383,0.09,0.097,0.09271250000000002,0.091,0.002956216965988798,0.019,0.021,0.019750000000000004,0.02,0.0005361902647381808,32,32,2560,10240,51200,False,1376,4
0.036000000000000004,0.05,0.04752380952380954,0.049,0.0029699935484786047,0.015,0.018000000000000002,0.016550000000000002,0.017,0.0006689544080129832,0.063,0.0665,0.0648625,0.065125,0.001261137879060019,0.033,0.035,0.033850000000000005,0.034,0.0006538348415311016,0.021,0.02225,0.021762499999999997,0.022,0.0005152365961381226,0.081,0.085,0.08335000000000001,0.084125,0.0014607361157991554,0.0105,0.010750000000000001,0.010725000000000002,0.010750000000000001,7.500000000000007e-05,0.08700000000000001,0.09425,0.09169999999999999,0.0935,0.0029257477676655546,0.017,0.018000000000000002,0.017700000000000004,0.018000000000000002,0.0004582575694955845,32,32,2560,10240,51200,False,1360,4
0.035,0.05,0.04738095238095239,0.048,0.002983704799584865,0.015,0.018000000000000002,0.016600000000000004,0.017,0.0006633249580710806,0.0625,0.06775,0.064375,0.0645,0.0010532687216470457,0.032,0.034,0.03330000000000001,0.033,0.0006403124237432853,0.02075,0.023,0.021750000000000002,0.021750000000000002,0.0005968668193156656,0.08025,0.08750000000000001,0.08308750000000001,0.08325,0.0017682530220531239,0.01025,0.011,0.010537500000000002,0.0105,0.0001815729880791741,0.08700000000000001,0.0975,0.0921125,0.09275,0.0027956159875776906,0.017,0.018000000000000002,0.017600000000000005,0.018000000000000002,0.0004898979485566361,32,32,2560,10240,51200,False,1344,4
0.036000000000000004,0.049,0.0462857142857143,0.046,0.002639315516295432,0.016,0.017,0.016500000000000004,0.0165,0.0005000000000000004,0.063,0.06625,0.0645625,0.06425,0.001174933508756986,0.032,0.034,0.033150000000000006,0.033,0.0007262919523166983,0.021,0.02225,0.0215,0.02125,0.0005590169943749463,0.081,0.0855,0.08320000000000001,0.0825,0.0015842979517754873,0.01025,0.010750000000000001,0.010462500000000003,0.0105,0.0001980372439719359,0.0895,0.0955,0.091875,0.09,0.0026698548649692574,0.017,0.018000000000000002,0.017400000000000006,0.017,0.000489897948556636,32,32,2560,10240,51200,False,1328,4
0.034,0.049,0.04638095238095239,0.047,0.002886358563941283,0.015,0.017,0.016200000000000003,0.016,0.0006000000000000006,0.06275,0.0675,0.0647875,0.064625,0.0010644100478668932,0.031,0.033,0.032350000000000004,0.032,0.0005722761571129803,0.021,0.023,0.0218125,0.021750000000000002,0.00043928208477013887,0.07825,0.0835,0.08049999999999999,0.080125,0.0012772039774444812,0.01,0.010750000000000001,0.010350000000000002,0.01025,0.00021505813167606584,0.08650000000000001,0.0975,0.09286249999999999,0.0925,0.0022548212235119665,0.016,0.018000000000000002,0.017300000000000003,0.017,0.0005567764362830027,32,32,2560,10240,51200,False,1312,4
0.035,0.049,0.04585714285714287,0.046,0.0027823545062841035,0.013000000000000001,0.014,0.013350000000000004,0.013000000000000001,0.0004769696007084724,0.063,0.06675,0.06463750000000001,0.064,0.0015216664384811816,0.031,0.034,0.031950000000000006,0.032,0.001023474474522937,0.02075,0.0225,0.021412499999999998,0.021,0.0006484356174671457,0.07775,0.08225,0.0797125,0.078625,0.0017144149876853051,0.00975,0.010750000000000001,0.010150000000000003,0.01,0.00025495097567963945,0.089,0.09625,0.09167499999999999,0.089375,0.003110566668631299,0.016,0.018000000000000002,0.017250000000000005,0.017,0.0006982120021884476,32,32,2560,10240,51200,False,1296,4
0.034,0.046,0.04380952380952382,0.044,0.002461494853965729,0.013000000000000001,0.014,0.013250000000000003,0.013000000000000001,0.00043301270189221897,0.061,0.0645,0.0623625,0.06125,0.0015741565201719953,0.027,0.029,0.027850000000000003,0.028,0.0007262919523166982,0.017750000000000002,0.019,0.018212500000000003,0.018000000000000002,0.0005377906191074727,0.069,0.07325,0.0708625,0.069875,0.0016345393081844144,0.0095,0.01,0.009712500000000002,0.0095,0.00024076700355322796,0.0625,0.067,0.0645375,0.06325,0.0019239851220838498,0.015,0.018000000000000002,0.016300000000000002,0.016,0.0007141428428542856,32,32,2560,10240,51200,False,1280,4
0.033,0.044,0.042619047619047626,0.043000000000000003,0.0021925456063278735,0.012,0.013000000000000001,0.012850000000000004,0.013000000000000001,0.00035707142142714284,0.0605,0.0615,0.060849999999999994,0.06075,0.0002291287847477922,0.027,0.029,0.02765,0.028,0.0005722761571129804,0.0175,0.017750000000000002,0.017675000000000003,0.017750000000000002,0.0001145643923738961,0.069,0.07025,0.06968750000000001,0.06975,0.0003697549864437263,0.00925,0.0095,0.009462500000000002,0.0095,8.926785535678571e-05,0.06225,0.063,0.06265000000000001,0.06275,0.00018371173070873853,0.015,0.016,0.015950000000000002,0.016,0.00021794494717703385,32,32,2560,10240,51200,False,1264,4
0.033,0.047,0.042285714285714295,0.042,0.0023531712572582545,0.013000000000000001,0.014,0.013050000000000003,0.013000000000000001,0.0002179449471770335,0.0605,0.065,0.06094999999999999,0.06075,0.0009572094859538332,0.026000000000000002,0.029,0.027650000000000008,0.028,0.0007262919523166977,0.017750000000000002,0.019,0.0179625,0.017875000000000002,0.0003285859857023722,0.069,0.07375,0.069875,0.0695,0.001243734296383272,0.00925,0.00975,0.0094125,0.0095,0.00016345871038277542,0.06225,0.06725,0.063025,0.0625,0.001416200903826856,0.015,0.016,0.015900000000000004,0.016,0.0003000000000000003,32,32,2560,10240,51200,False,1248,4
0.032,0.044,0.04214285714285715,0.043000000000000003,0.0024550378580286175,0.012,0.013000000000000001,0.012850000000000004,0.013000000000000001,0.00035707142142714284,0.06075,0.06325,0.06197499999999999,0.061875,0.0010151970252123485,0.026000000000000002,0.028,0.027400000000000008,0.027,0.0005830951894845301,0.017750000000000002,0.0185,0.018137500000000004,0.018125000000000002,0.00034888214342382025,0.0695,0.07150000000000001,0.07054999999999997,0.07050000000000001,0.0009307255234493151,0.00925,0.0095,0.0092875,0.00925,8.926785535678571e-05,0.06225,0.06525,0.06384999999999999,0.063875,0.0012609520212918503,0.015,0.016,0.015850000000000003,0.016,0.00035707142142714284,32,32,2560,10240,51200,False,1232,4
0.033,0.044,0.04233333333333335,0.043000000000000003,0.002167582224141151,0.013000000000000001,0.013000000000000001,0.013000000000000003,0.013000000000000001,1.734723475976807e-18,0.06175,0.0635,0.06236249999999999,0.06225,0.0003990222424878095,0.026000000000000002,0.029,0.027350000000000006,0.027,0.0007262919523166975,0.0205,0.02125,0.020825,0.02075,0.0001785357107135714,0.07050000000000001,0.07200000000000001,0.07076250000000002,0.07050000000000001,0.000527227417724079,0.009000000000000001,0.00925,0.009200000000000003,0.00925,9.999999999999941e-05,0.064,0.06575,0.06447500000000002,0.06425,0.0005055937104039176,0.015,0.016,0.015900000000000004,0.016,0.0003000000000000003,32,32,2560,10240,51200,False,1216,4
0.031,0.043000000000000003,0.04076190476190478,0.041,0.00238855927694942,0.012,0.014,0.012700000000000003,0.013000000000000001,0.0006403124237432851,0.06025,0.065,0.0614375,0.0605,0.0017710784144130958,0.026000000000000002,0.029,0.027100000000000006,0.027,0.0008306623862918074,0.02,0.021750000000000002,0.0204,0.02,0.0006442049363362568,0.0685,0.07375,0.0703,0.06925,0.0020180436070610526,0.00875,0.0095,0.009037500000000002,0.009000000000000001,0.0001815729880791739,0.06225,0.06725,0.0636625,0.06275,0.002081578427540026,0.014,0.016,0.015200000000000002,0.015,0.0006000000000000002,32,32,2560,10240,51200,False,1200,4
0.032,0.042,0.04061904761904763,0.041,0.0019874892147342107,0.012,0.013000000000000001,0.012050000000000002,0.012,0.00021794494717703388,0.061,0.065,0.061324999999999984,0.061,0.0008627716963368707,0.026000000000000002,0.028,0.026850000000000006,0.027,0.0006538348415311003,0.0205,0.021750000000000002,0.020687500000000004,0.02075,0.00027243118397129236,0.0695,0.074,0.07008750000000001,0.0695,0.0011243748262923683,0.00875,0.00925,0.008837500000000002,0.00875,0.00016345871038277496,0.063,0.06775,0.063725,0.06325,0.0013483786560161812,0.014,0.016,0.015000000000000003,0.015,0.0007071067811865476,32,32,2560,10240,51200,False,1184,4
0.031,0.042,0.0401904761904762,0.04,0.002217227947966251,0.012,0.013000000000000001,0.012150000000000003,0.012,0.0003570714214271428,0.05225,0.05425,0.053125,0.0525,0.0008496322733983222,0.025,0.026000000000000002,0.025350000000000004,0.025,0.00047696960070847314,0.02,0.021,0.020450000000000003,0.020375,0.00030207614933986456,0.06875,0.07175000000000001,0.07037500000000001,0.07050000000000001,0.0011194306588619065,0.0085,0.009000000000000001,0.008787500000000002,0.00875,0.0001634587103827754,0.06225,0.065,0.06376249999999999,0.063875,0.0012461816681367138,0.014,0.016,0.014600000000000002,0.014499999999999999,0.0006633249580710798,32,32,2560,10240,51200,False,1168,4
0.03,0.042,0.03976190476190477,0.04,0.00224467119036051,0.012,0.013000000000000001,0.012050000000000002,0.012,0.0002179449471770339,0.0525,0.05375,0.05363749999999999,0.05375,0.0002792288487961087,0.024,0.026000000000000002,0.025350000000000004,0.025,0.0005722761571129803,0.02025,0.02075,0.020725,0.02075,0.00010897247358851695,0.07200000000000001,0.074,0.07364999999999998,0.07375,0.0003905124837953301,0.00875,0.009000000000000001,0.008850000000000002,0.00875,0.000122474487139159,0.06325,0.06525,0.06515000000000001,0.06525,0.0004358898943540677,0.014,0.016,0.014450000000000001,0.014,0.0005894913061275795,32,32,2560,10240,51200,False,1152,4
0.03,0.041,0.038666666666666676,0.039,0.002007920823076954,0.012,0.013000000000000001,0.012050000000000002,0.012,0.00021794494717703388,0.051500000000000004,0.05475,0.051737500000000006,0.051500000000000004,0.0007003347413915711,0.024,0.026000000000000002,0.024900000000000005,0.025,0.0005385164807134509,0.01975,0.021,0.020062500000000004,0.02,0.00023551804601770987,0.07075000000000001,0.07525,0.0714375,0.07112500000000001,0.0010454514575053181,0.0085,0.00875,0.008537500000000002,0.0085,8.926785535678571e-05,0.062,0.06625,0.06275,0.0625,0.0011832159566199242,0.014,0.016,0.014150000000000001,0.014,0.00047696960070847276,32,32,2560,10240,51200,False,1136,4
0.03,0.04,0.038666666666666676,0.039,0.0019840634910475866,0.012,0.013000000000000001,0.012050000000000002,0.012,0.0002179449471770339,0.051750000000000004,0.05275,0.0524875,0.0525,0.00023014940799402297,0.024,0.026000000000000002,0.025000000000000005,0.025,0.0003162277660168382,0.0205,0.02075,0.020600000000000004,0.0205,0.00012247448713915903,0.07150000000000001,0.0725,0.07219999999999997,0.07225,0.00020310096011589524,0.00825,0.0085,0.008475000000000002,0.0085,7.500000000000007e-05,0.06225,0.06375,0.06361249999999999,0.06375,0.0003488821434238219,0.014,0.014,0.014000000000000002,0.014,1.734723475976807e-18,32,32,2560,10240,51200,False,1120,4
0.029,0.039,0.03742857142857144,0.038,0.0019897697538834454,0.012,0.012,0.012000000000000002,0.012,1.734723475976807e-18,0.051500000000000004,0.0525,0.051925,0.052000000000000005,0.00030720514318611055,0.024,0.025,0.024550000000000006,0.025,0.0004974937185533105,0.02,0.02025,0.020200000000000003,0.02025,0.00010000000000000009,0.07100000000000001,0.07175000000000001,0.07133750000000001,0.07150000000000001,0.00025341418665891633,0.00825,0.0085,0.008262500000000002,0.00825,5.448623679425846e-05,0.06225,0.06325,0.062775,0.063,0.0003436931771216883,0.014,0.014,0.014000000000000002,0.014,1.734723475976807e-18,32,32,2560,10240,51200,False,1104,4
0.029,0.039,0.037238095238095244,0.038,0.0019248936125150226,0.011,0.012,0.011850000000000003,0.012,0.00035707142142714284,0.051500000000000004,0.05275,0.0521625,0.0525,0.00045603590867386465,0.024,0.025,0.024550000000000006,0.025,0.0004974937185533105,0.01825,0.0185,0.018425000000000004,0.0185,0.00011456439237389608,0.07100000000000001,0.0725,0.07179999999999999,0.07225,0.0005623610939600937,0.008,0.00825,0.008212500000000001,0.00825,8.926785535678571e-05,0.06275,0.064,0.0634625,0.06375,0.00041287861412284404,0.014,0.014,0.014000000000000002,0.014,1.734723475976807e-18,32,32,2560,10240,51200,False,1088,4
0.028,0.037,0.03623809523809525,0.037,0.0018999940326914285,0.011,0.012,0.011150000000000002,0.011,0.0003570714214271428,0.051500000000000004,0.0525,0.052237500000000006,0.05225,0.00018498310733685807,0.024,0.025,0.024300000000000006,0.024,0.00045825756949558437,0.01825,0.0185,0.0184875,0.0185,5.448623679425846e-05,0.07175000000000001,0.07200000000000001,0.07192500000000002,0.07200000000000001,0.0001145643923738961,0.008,0.00825,0.008137500000000002,0.00825,0.0001243734296383276,0.06375,0.06375,0.06375,0.06375,0.0,0.014,0.014,0.014000000000000002,0.014,1.734723475976807e-18,32,32,2560,10240,51200,False,1072,4
0.028,0.038,0.03604761904761906,0.036000000000000004,0.001938978387762126,0.011,0.012,0.011200000000000002,0.011,0.00040000000000000034,0.051250000000000004,0.05275,0.052075,0.0525,0.0007031180555212588,0.024,0.025,0.024250000000000004,0.024,0.00043301270189221973,0.01825,0.01875,0.0185625,0.01875,0.00022185299186623577,0.07050000000000001,0.07275,0.07186250000000002,0.0725,0.0009369998665955025,0.00775,0.008,0.007937500000000002,0.008,0.00010825317547305492,0.06225,0.06425,0.063375,0.063875,0.0008310385069297338,0.013000000000000001,0.014,0.013750000000000004,0.014,0.000433012701892219,32,32,2560,10240,51200,False,1056,4
0.028,0.037,0.03538095238095239,0.036000000000000004,0.0017855555485002548,0.011,0.012,0.011150000000000002,0.011,0.0003570714214271428,0.051000000000000004,0.05375,0.051525,0.051250000000000004,0.0007619875327064072,0.023,0.025,0.023850000000000003,0.024,0.0005722761571129804,0.01825,0.01925,0.018412499999999995,0.01825,0.0003089801773577071,0.07050000000000001,0.074,0.07120000000000001,0.07075000000000001,0.0011197097838279307,0.00775,0.008,0.007787500000000001,0.00775,8.926785535678571e-05,0.06225,0.06575,0.06285,0.06225,0.0011921619017566374,0.013000000000000001,0.014,0.013150000000000004,0.013000000000000001,0.0003570714214271422,32,32,2560,10240,51200,False,1040,4
0.028,0.038,0.03490476190476192,0.035,0.0018491893179950092,0.011,0.012,0.011150000000000002,0.011,0.0003570714214271428,0.043500000000000004,0.0475,0.044337499999999995,0.043875,0.0012705190868302603,0.022,0.023,0.022500000000000003,0.0225,0.0005000000000000004,0.01875,0.021750000000000002,0.0206125,0.02075,0.0007394043210585133,0.057,0.062,0.0583875,0.05775,0.0015501512023025357,0.008,0.0085,0.008225000000000001,0.00825,0.0001920286436967154,0.0585,0.0755,0.07241249999999999,0.07275,0.0033923397161840954,0.013000000000000001,0.014,0.013250000000000003,0.013000000000000001,0.00043301270189221897,32,32,2560,10240,51200,False,1024,4
0.027,0.037,0.03490476190476192,0.035,0.0021581465130713637,0.011,0.012,0.011350000000000002,0.011,0.00047696960070847325,0.043000000000000003,0.0465,0.0443625,0.043500000000000004,0.0014284497716055662,0.021,0.024,0.022050000000000004,0.022,0.0006689544080129824,0.02025,0.021750000000000002,0.021012500000000003,0.02075,0.0004505205322735028,0.0565,0.0605,0.05842499999999999,0.05775,0.001518840017908402,0.00775,0.009000000000000001,0.008175000000000002,0.00825,0.00025124689052802247,0.057,0.0745,0.0714375,0.073125,0.004773543626070676,0.013000000000000001,0.015,0.013600000000000004,0.013500000000000002,0.0006633249580710795,32,32,2560,10240,51200,False,1016,4
0.027,0.037,0.03438095238095239,0.034,0.0018638462657886603,0.011,0.012,0.011150000000000002,0.011,0.0003570714214271428,0.043500000000000004,0.0455,0.04415,0.044,0.0006344288770224745,0.021,0.022,0.021750000000000002,0.022,0.0004330127018922182,0.01725,0.021500000000000002,0.0203375,0.020625,0.0012177720435286728,0.05725,0.059500000000000004,0.05805000000000001,0.057875,0.0007141428428542856,0.0075,0.00825,0.007912500000000001,0.008,0.00018157298807917457,0.0575,0.0735,0.06856249999999998,0.07175000000000001,0.005993681568952423,0.013000000000000001,0.014,0.013400000000000004,0.013000000000000001,0.0004898979485566352,32,32,2560,10240,51200,False,1008,4
0.027,0.036000000000000004,0.0351904761904762,0.036000000000000004,0.0018928197061287427,0.011,0.012,0.011350000000000002,0.011,0.00047696960070847314,0.04475,0.04525,0.044925,0.045,0.0001600781059358214,0.021,0.022,0.021500000000000002,0.0215,0.0004999999999999987,0.0175,0.021500000000000002,0.020175000000000005,0.020625,0.0012896220376528928,0.05825,0.059250000000000004,0.058812500000000004,0.058750000000000004,0.00024843258642939765,0.00775,0.008,0.007787500000000001,0.00775,8.926785535678571e-05,0.059250000000000004,0.07325,0.06880000000000001,0.07150000000000001,0.0053994212652839,0.013000000000000001,0.014,0.013850000000000005,0.014,0.00035707142142714214,32,32,2560,10240,51200,False,1000,4
0.027,0.037,0.03542857142857144,0.036000000000000004,0.0019413159152990018,0.011,0.012,0.011700000000000002,0.012,0.0004582575694955844,0.043000000000000003,0.0455,0.044975,0.04525,0.0006841966091701986,0.021,0.023,0.021950000000000004,0.022,0.0006689544080129819,0.017750000000000002,0.021500000000000002,0.020437500000000004,0.020625,0.0009482714537515088,0.05725,0.059500000000000004,0.05910000000000002,0.059250000000000004,0.0005267826876426374,0.00775,0.00825,0.0078375,0.00775,0.00014306903927824508,0.051500000000000004,0.05425,0.053250000000000006,0.053375,0.0006224949798994354,0.013000000000000001,0.014,0.013900000000000004,0.014,0.00029999999999999976,32,32,2560,10240,51200,False,992,4
0.026000000000000002,0.036000000000000004,0.03476190476190477,0.035,0.0020909046095333476,0.011,0.012,0.011250000000000001,0.011,0.00043301270189221973,0.04275,0.046,0.04378750000000001,0.043250000000000004,0.0012972928543702055,0.021,0.023,0.021800000000000003,0.022,0.0005999999999999991,0.01975,0.022,0.0206375,0.02075,0.0005212664865498261,0.057,0.06075,0.0583375,0.05775,0.0013092817687572048,0.00775,0.00825,0.007937500000000002,0.008,0.00017455300054711195,0.051250000000000004,0.054,0.05236250000000001,0.051750000000000004,0.0010910860415200973,0.014,0.014,0.014000000000000002,0.014,1.734723475976807e-18,32,32,2560,10240,51200,False,984,4
0.027,0.036000000000000004,0.03395238095238096,0.034,0.0016754868653103988,0.011,0.011,0.011000000000000001,0.011,1.734723475976807e-18,0.043750000000000004,0.0445,0.0439875,0.044,0.00016723860200324383,0.021,0.022,0.021500000000000002,0.0215,0.0004999999999999986,0.01975,0.02125,0.020475,0.0205,0.0004100304866714185,0.0575,0.058750000000000004,0.058037500000000006,0.058125,0.0003814036575598092,0.0075,0.00775,0.007675000000000001,0.00775,0.0001145643923738961,0.051750000000000004,0.0525,0.0520375,0.052000000000000005,0.00022741756748325038,0.012,0.014,0.013400000000000004,0.013000000000000001,0.0005830951894845297,32,32,2560,10240,51200,False,976,4
0.026000000000000002,0.035,0.03376190476190477,0.034,0.0019248936125150229,0.01,0.011,0.010700000000000001,0.011,0.00045825756949558367,0.043250000000000004,0.04525,0.04425,0.0445,0.0006614378277661449,0.02,0.022,0.0211,0.021,0.0006244997998398391,0.0175,0.02125,0.020325,0.020375,0.0007668930825088985,0.057,0.059500000000000004,0.0583375,0.058625000000000003,0.0008149961656351526,0.00725,0.008,0.007687500000000002,0.00775,0.00024843258642939743,0.051250000000000004,0.0535,0.05252500000000001,0.05275,0.0007862092596758169,0.012,0.014,0.013250000000000003,0.013000000000000001,0.0005361902647381801,32,32,2560,10240,51200,False,968,4
0.026000000000000002,0.036000000000000004,0.03400000000000001,0.034,0.0019518001458970668,0.01,0.011,0.010600000000000002,0.011,0.0004898979485566354,0.043000000000000003,0.04425,0.04358750000000001,0.043500000000000004,0.0004203792930200037,0.02,0.022,0.021,0.021,0.000707106781186547,0.0195,0.02075,0.020012500000000003,0.02,0.0003304826016600574,0.05675,0.058,0.0573875,0.05725,0.00033048260166005744,0.00725,0.00775,0.007525000000000001,0.0075,0.00015612494995995987,0.051250000000000004,0.05275,0.051900000000000016,0.051875000000000004,0.0004286607049870538,0.012,0.015,0.013350000000000004,0.013000000000000001,0.0007262919523166972,32,32,2560,10240,51200,False,960,4
0.026000000000000002,0.034,0.033142857142857154,0.033,0.0016700645635000174,0.01,0.011,0.01055,0.011,0.0004974937185533095,0.0425,0.043750000000000004,0.0433,0.043250000000000004,0.00031224989991992017,0.02,0.021,0.020600000000000004,0.021,0.0004898979485566361,0.019,0.01975,0.0194625,0.0195,0.00018157298807917454,0.05675,0.058,0.05722500000000001,0.05725,0.0002839454172900139,0.00725,0.008,0.0075625000000000015,0.0075,0.00017455300054711173,0.051000000000000004,0.0525,0.051925,0.052000000000000005,0.0003799671038392647,0.012,0.014,0.013000000000000003,0.013000000000000001,0.00044721359549995795,32,32,2560,10240,51200,False,952,4
0.025,0.034,0.0321904761904762,0.032,0.0017625481450782618,0.01,0.011,0.010350000000000002,0.01,0.0004769696007084724,0.04275,0.045,0.04361250000000001,0.043250000000000004,0.0007643420373105201,0.019,0.021,0.020300000000000006,0.02,0.0005567764362830027,0.01875,0.02025,0.019312500000000003,0.019125,0.0004173951964266004,0.0565,0.059250000000000004,0.05735000000000001,0.056875,0.0009199184746487058,0.00725,0.0075,0.007325000000000001,0.00725,0.0001145643923738957,0.051000000000000004,0.0535,0.05191250000000001,0.051375000000000004,0.0008813164868536139,0.012,0.014,0.012750000000000003,0.013000000000000001,0.0006982120021884473,32,32,2560,10240,51200,False,944,4
0.025,0.034,0.03200000000000001,0.032,0.0016903085094570334,0.01,0.011,0.010350000000000002,0.01,0.0004769696007084724,0.04275,0.046,0.0435125,0.043250000000000004,0.0008925910317721085,0.019,0.022,0.020300000000000002,0.02,0.0008426149773176359,0.019,0.0205,0.019375000000000003,0.01925,0.00047103609203541974,0.05675,0.06075,0.05770000000000001,0.05725,0.0012262748468430708,0.00725,0.00775,0.007387500000000001,0.007375,0.00014737282653189468,0.051000000000000004,0.05475,0.051937500000000004,0.051500000000000004,0.0011315779911256656,0.012,0.014,0.012800000000000002,0.013000000000000001,0.0006782329983125269,32,32,2560,10240,51200,False,936,4
0.025,0.034,0.032238095238095246,0.032,0.0017969487870584011,0.01,0.011,0.010400000000000001,0.01,0.0004898979485566351,0.04275,0.046,0.04365,0.043000000000000003,0.0011467344941179698,0.019,0.023,0.0205,0.02,0.0008660254037844387,0.019,0.0205,0.0195875,0.0195,0.000482668364407696,0.056,0.0605,0.0576,0.057,0.0014348344852281743,0.007,0.0075,0.007300000000000001,0.00725,0.0001499999999999998,0.051250000000000004,0.05425,0.052250000000000005,0.051750000000000004,0.001196348611400538,0.012,0.014,0.013100000000000004,0.013000000000000001,0.0006244997998398398,32,32,2560,10240,51200,False,928,4
0.025,0.034,0.032380952380952385,0.033,0.00181202834194671,0.01,0.011,0.010600000000000002,0.011,0.0004898979485566354,0.0425,0.04525,0.04386249999999999,0.044,0.0010045988005169004,0.019,0.022,0.020200000000000003,0.02,0.0006000000000000001,0.01875,0.02,0.01935,0.019375,0.0003905124837953331,0.05625,0.059500000000000004,0.05787500000000001,0.058750000000000004,0.0012487493743742189,0.007,0.00775,0.007275000000000001,0.00725,0.0001346291201783625,0.051250000000000004,0.0535,0.05247500000000001,0.053,0.0009549214627392115,0.012,0.013000000000000001,0.012700000000000003,0.013000000000000001,0.0004582575694955844,32,32,2560,10240,51200,False,920,4
0.025,0.034,0.032238095238095246,0.033,0.0017156079556811263,0.01,0.011,0.0102,0.01,0.0003999999999999996,0.0425,0.043250000000000004,0.042887499999999995,0.043000000000000003,0.0001672386020032458,0.019,0.021,0.019650000000000004,0.02,0.0005722761571129804,0.0185,0.02025,0.0190125,0.019,0.00035772720053135493,0.056,0.0605,0.05666249999999999,0.05625,0.0009594106263743377,0.00675,0.0075,0.007137500000000001,0.007,0.00020116846174288847,0.051000000000000004,0.0545,0.051437500000000004,0.051250000000000004,0.0007326109131046294,0.012,0.013000000000000001,0.012250000000000002,0.012,0.0004330127018922198,32,32,2560,10240,51200,False,912,4
0.025,0.034,0.032142857142857154,0.032,0.0017261494247992248,0.01,0.011,0.010450000000000001,0.01,0.0004974937185533096,0.043000000000000003,0.044,0.043587499999999994,0.043750000000000004,0.0002880429655450716,0.019,0.02,0.019650000000000004,0.02,0.0004769696007084733,0.019,0.01975,0.0192125,0.019,0.0002534141866589164,0.0565,0.058750000000000004,0.05746250000000001,0.0575,0.00047614992386852317,0.007,0.0075,0.007125000000000001,0.007,0.0001479019945774904,0.051250000000000004,0.0525,0.051937500000000004,0.052000000000000005,0.0002944804747347419,0.012,0.014,0.012350000000000003,0.012,0.0005722761571129801,32,32,2560,10240,51200,False,904,4
0.024,0.032,0.031047619047619053,0.031,0.0016468206157895795,0.01,0.011,0.010100000000000001,0.01,0.00029999999999999976,0.03975,0.04025,0.0399125,0.039875,0.00018157298807917454,0.019,0.021,0.019700000000000002,0.02,0.0006403124237432854,0.01675,0.018000000000000002,0.017325,0.01725,0.00031721443851123824,0.053,0.05475,0.05365000000000001,0.0535,0.0005024937810560449,0.007,0.008,0.007487500000000001,0.0075,0.00032088744132483584,0.052000000000000005,0.05325,0.052599999999999994,0.0525,0.0003741657386773934,0.012,0.013000000000000001,0.012050000000000002,0.012,0.0002179449471770339,32,32,2560,10240,51200,False,896,4
0.024,0.032,0.03090476190476191,0.031,0.0016007367918068202,0.01,0.011,0.01005,0.01,0.00021794494717703353,0.0395,0.04,0.039737499999999995,0.03975,0.0001672386020032458,0.019,0.02,0.019400000000000004,0.019,0.000489897948556636,0.01675,0.0175,0.017175000000000003,0.017125,0.00025124689052802247,0.053,0.0545,0.053637500000000005,0.0535,0.0004364272562524026,0.00725,0.008,0.007612500000000001,0.00775,0.0002301494079940246,0.05225,0.0535,0.0528875,0.05275,0.0003109963826156185,0.012,0.012,0.012000000000000002,0.012,1.734723475976807e-18,32,32,2560,10240,51200,False,888,4
0.024,0.031,0.029571428571428575,0.03,0.0013652639225553756,0.01,0.01,0.010000000000000002,0.01,1.734723475976807e-18,0.03975,0.04,0.03996250000000001,0.04,8.92678553567857e-05,0.018000000000000002,0.02,0.018900000000000007,0.019,0.0005385164807134497,0.01675,0.01725,0.0169625,0.017,0.00018157298807917454,0.05325,0.054,0.053587499999999996,0.0535,0.00018157298807917454,0.007,0.0075,0.007212500000000001,0.00725,0.00014306903927824492,0.052000000000000005,0.05275,0.052250000000000005,0.05225,0.00020916500663351658,0.012,0.012,0.012000000000000002,0.012,1.734723475976807e-18,32,32,2560,10240,51200,False,880,4
0.024,0.031,0.029857142857142863,0.03,0.001489190073439227,0.01,0.011,0.010400000000000001,0.01,0.0004898979485566351,0.0395,0.04125,0.04033750000000001,0.04,0.000543570372628973,0.018000000000000002,0.02,0.018900000000000007,0.019,0.000624499799839839,0.01675,0.017750000000000002,0.017150000000000002,0.017,0.0003201562118716427,0.053,0.05625,0.05455,0.054625,0.0009506576670915782,0.007,0.00775,0.007287500000000001,0.00725,0.00018157298807917421,0.05225,0.0545,0.053325,0.052875,0.0008332916656249486,0.011,0.012,0.011950000000000002,0.012,0.00021794494717703385,32,32,2560,10240,51200,False,872,4
0.024,0.031,0.02971428571428572,0.03,0.0014190156595953653,0.01,0.01,0.010000000000000002,0.01,1.734723475976807e-18,0.03925,0.04025,0.03981250000000001,0.039875,0.0003247595264191648,0.018000000000000002,0.021,0.019100000000000006,0.019,0.0006244997998398398,0.017,0.018000000000000002,0.017275000000000002,0.01725,0.0002947456530637901,0.05275,0.0545,0.053662500000000016,0.05375,0.00045603590867386795,0.007,0.008,0.007350000000000001,0.00725,0.000278388218141501,0.05225,0.05375,0.05287499999999999,0.05275,0.00041457809879442536,0.011,0.012,0.011900000000000003,0.012,0.00030000000000000024,32,32,2560,10240,51200,False,864,4
0.023,0.03,0.028809523809523813,0.029,0.001401327520910682,0.01,0.01,0.010000000000000002,0.01,1.734723475976807e-18,0.039,0.03975,0.039412499999999996,0.0395,0.00018157298807917449,0.017,0.019,0.018250000000000006,0.018000000000000002,0.0005361902647381794,0.0165,0.017750000000000002,0.017075,0.017,0.000307205143186113,0.0525,0.05375,0.05288750000000001,0.05275,0.00033980693047670497,0.00675,0.0075,0.007062500000000001,0.007,0.00023551804601770963,0.052000000000000005,0.053,0.052487499999999986,0.0525,0.00024334902917414684,0.011,0.012,0.011950000000000002,0.012,0.00021794494717703385,32,32,2560,10240,51200,False,856,4
0.023,0.03,0.02828571428571429,0.028,0.001314492737318311,0.009000000000000001,0.01,0.009950000000000004,0.01,0.00021794494717703353,0.0395,0.04075,0.03983749999999999,0.03975,0.00028804296554507306,0.017,0.019,0.018000000000000006,0.018000000000000002,0.00031622776601683767,0.01675,0.01725,0.016925,0.01675,0.00021065374432940916,0.05275,0.05475,0.053275,0.05325,0.0004465142774872942,0.006500000000000001,0.00725,0.0068625000000000005,0.00675,0.0001672386020032457,0.051500000000000004,0.054,0.052237500000000006,0.052125000000000005,0.0005941117319158057,0.011,0.012,0.011800000000000001,0.012,0.00040000000000000034,32,32,2560,10240,51200,False,848,4
0.023,0.03,0.02828571428571429,0.028,0.001314492737318311,0.01,0.01,0.010000000000000002,0.01,1.734723475976807e-18,0.0395,0.0405,0.04003750000000001,0.04,0.00019803724397193594,0.018000000000000002,0.02,0.018550000000000004,0.018500000000000003,0.0005894913061275787,0.01675,0.01725,0.016900000000000002,0.016875,0.00016583123951777014,0.0535,0.0545,0.05391250000000001,0.053875,0.0002986950786337133,0.00675,0.0075,0.007025000000000001,0.007,0.00013462912017836258,0.052000000000000005,0.05275,0.052537499999999994,0.0525,0.00019803724397193497,0.011,0.012,0.011750000000000002,0.012,0.0004330127018922198,32,32,2560,10240,51200,False,840,4
0.023,0.03,0.02828571428571429,0.028,0.001314492737318311,0.01,0.01,0.010000000000000002,0.01,1.734723475976807e-18,0.03925,0.03975,0.039474999999999996,0.0395,0.0001561249499599601,0.016,0.019,0.017300000000000003,0.017,0.000640312423743285,0.014,0.015,0.014525,0.0145,0.0002839454172900135,0.053,0.05475,0.053712499999999996,0.05375,0.0004203792930200063,0.006500000000000001,0.0075,0.006887500000000002,0.00675,0.00027922884879610845,0.051750000000000004,0.0525,0.0521375,0.052125000000000005,0.00021614520582237946,0.011,0.012,0.011400000000000002,0.011,0.000489897948556636,32,32,2560,10240,51200,False,832,4
0.023,0.03,0.02847619047619048,0.029,0.0013669238185149834,0.01,0.01,0.010000000000000002,0.01,1.734723475976807e-18,0.03875,0.04075,0.03929999999999999,0.039,0.0006204836822995434,0.017,0.018000000000000002,0.017350000000000004,0.017,0.00047696960070847314,0.014,0.014750000000000001,0.014424999999999999,0.0145,0.00019525624189766655,0.0525,0.055,0.0535375,0.053375,0.00072575391834974,0.006500000000000001,0.00725,0.0067750000000000015,0.00675,0.0002222048604328896,0.051500000000000004,0.0545,0.05247500000000001,0.052000000000000005,0.0009839334327077197,0.011,0.012,0.011250000000000001,0.011,0.00043301270189221973,32,32,2560,10240,51200,False,824,4
0.022,0.029,0.027666666666666676,0.028,0.0013569339855976198,0.01,0.01,0.010000000000000002,0.01,1.734723475976807e-18,0.03975,0.04025,0.039962500000000005,0.04,0.0001634587103827754,0.016,0.018000000000000002,0.017050000000000003,0.017,0.0003840572873934307,0.014,0.014750000000000001,0.014375000000000002,0.014375,0.0001677050983124844,0.05325,0.05475,0.05378750000000001,0.05375,0.00035597577164745385,0.00625,0.00675,0.006487500000000002,0.006500000000000001,0.00014737282653189484,0.051750000000000004,0.0525,0.0521375,0.05225,0.00023014940799402184,0.011,0.012,0.011200000000000002,0.011,0.00040000000000000034,32,32,2560,10240,51200,False,816,4
0.022,0.029,0.027142857142857153,0.027,0.0012830660557435702,0.009000000000000001,0.01,0.009950000000000004,0.01,0.00021794494717703353,0.0395,0.04075,0.03984999999999999,0.03975,0.00045000000000000037,0.016,0.018000000000000002,0.017200000000000003,0.017,0.000509901951359279,0.01425,0.0145,0.014375000000000002,0.014375,0.0001250000000000001,0.05325,0.05625,0.05437499999999999,0.05425,0.000892678553567857,0.00625,0.00675,0.0065000000000000014,0.006500000000000001,0.00017677669529663672,0.051500000000000004,0.054,0.052324999999999997,0.051750000000000004,0.0009017344398435694,0.011,0.012,0.011350000000000002,0.011,0.0004769696007084732,32,32,2560,10240,51200,False,808,4
0.022,0.029,0.027666666666666676,0.028,0.0013915846853526153,0.01,0.01,0.010000000000000002,0.01,1.734723475976807e-18,0.03925,0.04025,0.03975,0.0395,0.0004031128874149279,0.016,0.018000000000000002,0.017150000000000006,0.017,0.0005722761571129803,0.014,0.015,0.0145625,0.0145,0.000272431183971292,0.05325,0.05525,0.054099999999999995,0.054125,0.0006864765108872997,0.00625,0.007,0.006587500000000001,0.006500000000000001,0.0001815729880791742,0.051250000000000004,0.054,0.052550000000000006,0.052125000000000005,0.0009407443861113367,0.011,0.012,0.011400000000000002,0.011,0.000489897948556636,32,32,2560,10240,51200,False,800,4
0.022,0.028,0.02676190476190477,0.027,0.0011086139739831258,0.01,0.01,0.010000000000000002,0.01,1.734723475976807e-18,0.03875,0.0395,0.0391125,0.03925,0.00020116846174288868,0.016,0.018000000000000002,0.016950000000000003,0.017,0.0005894913061275802,0.014,0.015,0.0142875,0.01425,0.00022741756748325304,0.05275,0.054,0.053325,0.05325,0.0003960744879438718,0.00625,0.007,0.0065000000000000014,0.006500000000000001,0.00022360679774997881,0.051500000000000004,0.05275,0.0519625,0.051875000000000004,0.0002986950786337108,0.011,0.012,0.01105,0.011,0.0002179449471770339,32,32,2560,10240,51200,False,792,4
0.022,0.028,0.02676190476190477,0.027,0.0011507662831994833,0.009000000000000001,0.01,0.009950000000000004,0.01,0.00021794494717703353,0.0395,0.03975,0.03971249999999999,0.03975,8.92678553567857e-05,0.016,0.017,0.016200000000000003,0.016,0.00040000000000000034,0.0155,0.016,0.015749999999999997,0.01575,0.0001581138830084191,0.053,0.05425,0.0535625,0.0535,0.0003149900792088541,0.00575,0.00675,0.006175000000000002,0.00625,0.00022500000000000008,0.051500000000000004,0.05275,0.051975000000000014,0.052000000000000005,0.000294745653063788,0.01,0.011,0.010950000000000001,0.011,0.00021794494717703347,32,32,2560,10240,51200,False,784,4
0.021,0.028,0.026619047619047626,0.027,0.0013964645998681116,0.009000000000000001,0.01,0.009950000000000004,0.01,0.00021794494717703353,0.03925,0.0405,0.03962500000000001,0.0395,0.00040697051490249297,0.016,0.018000000000000002,0.016500000000000004,0.016,0.0005916079783099621,0.0155,0.01625,0.015775,0.015625,0.00030516389039334283,0.0525,0.0545,0.053525,0.053375,0.0005963430220938287,0.00575,0.006500000000000001,0.006112500000000002,0.006125,0.00018498310733685943,0.051250000000000004,0.05325,0.0521625,0.052000000000000005,0.0007385585623361199,0.01,0.011,0.010900000000000002,0.011,0.00029999999999999976,32,32,2560,10240,51200,False,776,4
0.021,0.029,0.026619047619047626,0.027,0.0015267828135125134,0.009000000000000001,0.01,0.009800000000000003,0.01,0.0003999999999999997,0.035,0.035750000000000004,0.03522499999999999,0.035250000000000004,0.000261007662722764,0.016,0.017,0.016550000000000002,0.017,0.0004974937185533105,0.01525,0.016,0.0156,0.0155,0.00021505813167606587,0.04425,0.046,0.044887500000000004,0.04475,0.00039111219617905075,0.00575,0.00675,0.006337500000000001,0.00625,0.0002654595072699413,0.043500000000000004,0.04525,0.044362499999999985,0.0445,0.00042186342576715376,0.011,0.012,0.011400000000000002,0.011,0.000489897948556636,32,32,2560,10240,51200,False,768,4
0.021,0.028,0.02633333333333334,0.026000000000000002,0.0014253932901995962,0.009000000000000001,0.01,0.009700000000000004,0.01,0.00045825756949558356,0.03475,0.035250000000000004,0.03502500000000001,0.035,0.00017500000000000016,0.016,0.017,0.016400000000000005,0.016,0.000489897948556636,0.015,0.01575,0.015412499999999999,0.0155,0.0001980372439719359,0.044,0.04525,0.0447125,0.04475,0.0003379626458648947,0.006,0.006500000000000001,0.006262500000000002,0.00625,0.00018498310733685943,0.043500000000000004,0.0445,0.04416249999999999,0.04425,0.0003189337705543246,0.01,0.012,0.011200000000000002,0.011,0.0006000000000000002,32,32,2560,10240,51200,False,760,4
0.021,0.027,0.02533333333333334,0.025,0.001168366109179552,0.009000000000000001,0.01,0.009050000000000002,0.009000000000000001,0.00021794494717703353,0.035,0.035750000000000004,0.03547499999999999,0.035500000000000004,0.00013462912017836272,0.016,0.017,0.016700000000000003,0.017,0.0004582575694955844,0.01525,0.016,0.0155875,0.0155,0.00018157298807917454,0.045,0.04575,0.045225,0.04525,0.00022220486043288994,0.00575,0.006500000000000001,0.006125000000000001,0.006,0.00020155644370746395,0.043750000000000004,0.04525,0.0442125,0.04425,0.000347086084422869,0.01,0.011,0.010750000000000001,0.011,0.00043301270189221897,32,32,2560,10240,51200,False,752,4
0.021,0.026000000000000002,0.025380952380952386,0.026000000000000002,0.0010900498230723428,0.009000000000000001,0.01,0.009150000000000002,0.009000000000000001,0.0003570714214271422,0.035,0.03625,0.035437500000000004,0.035250000000000004,0.00036975498644372556,0.016,0.018000000000000002,0.016350000000000003,0.016,0.0005722761571129803,0.01525,0.01575,0.015499999999999996,0.0155,0.00022360679774997917,0.0445,0.046,0.0450125,0.044875,0.000464186115690679,0.00575,0.006500000000000001,0.005950000000000001,0.00575,0.00025739075352467525,0.043250000000000004,0.0455,0.044175000000000006,0.043750000000000004,0.0006427480066091195,0.01,0.011,0.010450000000000001,0.01,0.0004974937185533096,32,32,2560,10240,51200,False,744,4
0.021,0.028,0.025857142857142863,0.026000000000000002,0.0013552618543578763,0.009000000000000001,0.01,0.009200000000000003,0.009000000000000001,0.0003999999999999997,0.03475,0.035250000000000004,0.035,0.035,0.00017677669529663704,0.016,0.017,0.016200000000000003,0.016,0.00040000000000000034,0.015,0.0155,0.015325,0.01525,0.0001785357107135714,0.04425,0.045,0.044512499999999997,0.0445,0.00025586861863073423,0.00575,0.006500000000000001,0.006075000000000001,0.006,0.00019525624189766652,0.043500000000000004,0.04475,0.0440375,0.044,0.0002769814975770027,0.01,0.012,0.010950000000000001,0.011,0.0007399324293474372,32,32,2560,10240,51200,False,736,4
0.02,0.028,0.025428571428571436,0.025,0.001466171839841967,0.009000000000000001,0.01,0.009250000000000003,0.009000000000000001,0.00043301270189221897,0.0345,0.035,0.03482500000000001,0.03475,0.0001785357107135714,0.015,0.017,0.016050000000000002,0.016,0.0004974937185533105,0.015,0.01625,0.015312499999999998,0.01525,0.00027243118397129236,0.043750000000000004,0.04475,0.04425,0.04425,0.0002499999999999995,0.0055,0.00625,0.005950000000000001,0.006,0.00020310096011589917,0.043250000000000004,0.04475,0.043775,0.043750000000000004,0.00041758232721224927,0.01,0.012,0.011000000000000001,0.011,0.0008366600265340757,32,32,2560,10240,51200,False,728,4
0.02,0.027,0.024809523809523816,0.025,0.0013669238185149836,0.009000000000000001,0.01,0.009150000000000002,0.009000000000000001,0.00035707142142714214,0.035,0.035250000000000004,0.03503750000000001,0.035,8.92678553567857e-05,0.016,0.017,0.016050000000000002,0.016,0.0002179449471770339,0.01525,0.0155,0.015275,0.01525,7.500000000000006e-05,0.04425,0.04475,0.044475,0.0445,0.00010897247358851694,0.0055,0.00575,0.005662500000000001,0.00575,0.00011924240017711833,0.043250000000000004,0.044,0.0435125,0.043500000000000004,0.00023014940799402335,0.01,0.012,0.0105,0.01,0.0006708203932499369,32,32,2560,10240,51200,False,720,4
0.02,0.026000000000000002,0.02476190476190477,0.025,0.0012688488185213552,0.009000000000000001,0.01,0.009050000000000002,0.009000000000000001,0.00021794494717703353,0.03475,0.035250000000000004,0.035025000000000014,0.035,0.00013462912017836272,0.015,0.016,0.015850000000000003,0.016,0.00035707142142714284,0.015,0.0155,0.015237499999999998,0.01525,0.00012437342963832762,0.04425,0.0455,0.0446625,0.044625,0.0002534141866589164,0.00575,0.006,0.005825000000000001,0.00575,0.0001145643923738961,0.043250000000000004,0.04425,0.04375,0.043750000000000004,0.00029580398915497844,0.01,0.012,0.010600000000000002,0.010499999999999999,0.0006633249580710798,32,32,2560,10240,51200,False,712,4
0.02,0.027,0.025238095238095243,0.025,0.001376841170933425,0.009000000000000001,0.01,0.009250000000000003,0.009000000000000001,0.00043301270189221897,0.0345,0.03475,0.034675,0.03475,0.0001145643923738961,0.015,0.017,0.015900000000000004,0.016,0.0004358898943540677,0.015,0.01575,0.0152,0.01525,0.00021794494717703388,0.044,0.045,0.044262499999999996,0.04425,0.00024334902917414754,0.0055,0.006500000000000001,0.005825000000000001,0.00575,0.00023848480035423662,0.043000000000000003,0.04475,0.0434875,0.043500000000000004,0.00034888214342382063,0.01,0.012,0.010750000000000001,0.011,0.0006224949798994364,32,32,2560,10240,51200,False,704,4
0.02,0.026000000000000002,0.024380952380952385,0.024,0.0011741740958036149,0.009000000000000001,0.01,0.009050000000000002,0.009000000000000001,0.00021794494717703353,0.03425,0.03475,0.034499999999999996,0.0345,7.905694150420955e-05,0.015,0.017,0.015950000000000002,0.016,0.0004974937185533103,0.014750000000000001,0.0155,0.015050000000000003,0.015,0.0002031009601158988,0.043250000000000004,0.044,0.04359999999999999,0.043500000000000004,0.00018371173070873777,0.00525,0.006,0.005562500000000001,0.0055,0.00020728904939721246,0.0425,0.043750000000000004,0.043175000000000005,0.043125000000000004,0.0003631459761583491,0.01,0.011,0.010150000000000001,0.01,0.00035707142142714214,32,32,2560,10240,51200,False,696,4
0.019,0.025,0.024238095238095243,0.024,0.0012688488185213554,0.009000000000000001,0.01,0.009100000000000002,0.009000000000000001,0.00029999999999999976,0.03475,0.035,0.03480000000000001,0.03475,0.0001000000000000001,0.015,0.016,0.015550000000000003,0.016,0.0004974937185533105,0.015,0.01525,0.0150375,0.015,8.926785535678571e-05,0.044,0.04475,0.0443125,0.04425,0.00020728904939721268,0.00525,0.006,0.005600000000000001,0.0055,0.00016583123951777006,0.043000000000000003,0.043750000000000004,0.0434625,0.043500000000000004,0.00021323402636539996,0.01,0.011,0.0105,0.010499999999999999,0.0004999999999999996,32,32,2560,10240,51200,False,688,4
0.019,0.024,0.023571428571428577,0.024,0.0010942024088643866,0.009000000000000001,0.01,0.009150000000000002,0.009000000000000001,0.00035707142142714214,0.0345,0.035,0.0346875,0.03475,0.00013404756618454522,0.015,0.016,0.015200000000000002,0.015,0.00040000000000000034,0.015,0.01525,0.0150375,0.015,8.92678553567857e-05,0.044,0.0445,0.04416250000000001,0.04425,0.0001634587103827754,0.00525,0.00575,0.005512500000000001,0.0055,9.601432184835757e-05,0.043000000000000003,0.043750000000000004,0.043375,0.043375000000000004,0.00016770509831248438,0.01,0.011,0.010150000000000001,0.01,0.00035707142142714214,32,32,2560,10240,51200,False,680,4
0.019,0.024,0.022809523809523814,0.023,0.000957131011535323,0.009000000000000001,0.01,0.009050000000000002,0.009000000000000001,0.00021794494717703353,0.03425,0.035,0.0345625,0.0345,0.00017455300054711192,0.014,0.016,0.015050000000000003,0.015,0.00038405728739343055,0.014750000000000001,0.0155,0.015062500000000001,0.015,0.00019162137145944851,0.043750000000000004,0.04475,0.044,0.044,0.00031622776601683577,0.00525,0.006,0.0054375000000000005,0.0055,0.00019162137145944846,0.04275,0.044,0.04321250000000001,0.043000000000000003,0.00036464880364536865,0.01,0.01,0.010000000000000002,0.01,1.734723475976807e-18,32,32,2560,10240,51200,False,672,4
0.019,0.024,0.0230952380952381,0.023,0.0011086139739831253,0.009000000000000001,0.009000000000000001,0.009000000000000003,0.009000000000000001,1.734723475976807e-18,0.03375,0.0345,0.0341,0.034125,0.0002291287847477922,0.015,0.016,0.015150000000000002,0.015,0.0003570714214271428,0.014750000000000001,0.015,0.0149,0.015,0.0001224744871391582,0.043250000000000004,0.043750000000000004,0.043425000000000005,0.043500000000000004,0.00016007810593582136,0.00525,0.0055,0.0053125,0.00525,0.00010825317547305457,0.04225,0.043750000000000004,0.0430375,0.043000000000000003,0.0003895109112720724,0.01,0.011,0.01005,0.01,0.00021794494717703353,32,32,2560,10240,51200,False,664,4
0.019,0.024,0.02285714285714286,0.023,0.0009404008408634049,0.009000000000000001,0.009000000000000001,0.009000000000000003,0.009000000000000001,1.734723475976807e-18,0.034,0.03475,0.0344125,0.0345,0.0001980372439719359,0.014,0.016,0.014900000000000002,0.015,0.0004358898943540672,0.015,0.01525,0.015025000000000002,0.015,7.500000000000007e-05,0.043750000000000004,0.04425,0.0439625,0.044,0.00019803724397193296,0.005,0.00575,0.005275,0.00525,0.00024874685927665487,0.0425,0.043750000000000004,0.043075,0.043125000000000004,0.0003363406011768431,0.01,0.01,0.010000000000000002,0.01,1.734723475976807e-18,32,32,2560,10240,51200,False,656,4
0.018000000000000002,0.024,0.02285714285714286,0.023,0.001283066055743569,0.009000000000000001,0.009000000000000001,0.009000000000000003,0.009000000000000001,1.734723475976807e-18,0.03425,0.03475,0.034475,0.0345,0.00019202864369671538,0.014,0.016,0.014950000000000001,0.015,0.0004974937185533098,0.014750000000000001,0.015,0.014950000000000001,0.015,9.99999999999994e-05,0.043500000000000004,0.0445,0.04391250000000001,0.043750000000000004,0.0002654595072699385,0.005,0.0055,0.005237500000000001,0.00525,0.00020116846174288836,0.0425,0.043750000000000004,0.043162500000000006,0.043250000000000004,0.0003089801773577071,0.01,0.01,0.010000000000000002,0.01,1.734723475976807e-18,32,32,2560,10240,51200,False,648,4
0.018000000000000002,0.022,0.02166666666666667,0.022,0.0008908708063747471,0.009000000000000001,0.009000000000000001,0.009000000000000003,0.009000000000000001,1.734723475976807e-18,0.03,0.0305,0.03025,0.03025,0.0002091650066335191,0.014,0.015,0.014050000000000002,0.014,0.00021794494717703353,0.010750000000000001,0.011,0.010975000000000002,0.011,7.499999999999955e-05,0.035,0.035250000000000004,0.035100000000000006,0.035,0.00012247448713915903,0.00475,0.00475,0.004750000000000001,0.00475,8.673617379884035e-19,0.0325,0.03375,0.03306250000000001,0.033,0.0003612045819199976,0.009000000000000001,0.01,0.009850000000000003,0.01,0.0003570714214271422,32,32,2560,10240,51200,False,640,4
0.018000000000000002,0.023,0.02152380952380953,0.022,0.0009571310115353218,0.008,0.009000000000000001,0.008950000000000003,0.009000000000000001,0.00021794494717703385,0.029750000000000002,0.03025,0.029987500000000007,0.03,0.00020116846174288728,0.014,0.015,0.014250000000000002,0.014,0.00043301270189221897,0.010750000000000001,0.01175,0.010937500000000001,0.011,0.00023551804601770925,0.03475,0.035250000000000004,0.035,0.035,0.00013693063937629166,0.0045000000000000005,0.005,0.004737500000000001,0.00475,9.601432184835747e-05,0.03225,0.0335,0.03302499999999999,0.033125,0.00041758232721225203,0.009000000000000001,0.01,0.009850000000000003,0.01,0.00035707142142714224,32,32,2560,10240,51200,False,632,4
0.018000000000000002,0.022,0.02123809523809524,0.021,0.0008676603408708846,0.009000000000000001,0.009000000000000001,0.009000000000000003,0.009000000000000001,1.734723475976807e-18,0.03,0.0305,0.030274999999999996,0.03025,0.0001561249499599601,0.013000000000000001,0.014,0.013900000000000001,0.014,0.00029999999999999976,0.010750000000000001,0.011,0.010837500000000002,0.010750000000000001,0.00011924240017711747,0.035,0.035250000000000004,0.03506250000000001,0.035,0.00010825317547305492,0.0045000000000000005,0.00475,0.004600000000000002,0.0045000000000000005,0.00012247448713915857,0.03225,0.033,0.0326375,0.032625,0.0002161452058223825,0.009000000000000001,0.01,0.009550000000000003,0.01,0.0004974937185533095,32,32,2560,10240,51200,False,624,4
0.018000000000000002,0.023,0.021761904761904767,0.022,0.0009209085526577952,0.009000000000000001,0.009000000000000001,0.009000000000000003,0.009000000000000001,1.734723475976807e-18,0.03,0.0305,0.030162500000000002,0.03025,0.00014306903927824508,0.013000000000000001,0.015,0.013750000000000004,0.014,0.0005361902647381799,0.0095,0.00975,0.009600000000000001,0.0095,0.000122474487139159,0.035,0.035250000000000004,0.035125,0.035125,0.0001250000000000001,0.0045000000000000005,0.00475,0.004575000000000001,0.0045000000000000005,0.0001145643923738957,0.03225,0.03375,0.0329375,0.032875,0.00036975498644372637,0.009000000000000001,0.01,0.009150000000000002,0.009000000000000001,0.00035707142142714214,32,32,2560,10240,51200,False,616,4
0.017,0.022,0.02104761904761905,0.021,0.000998865569685858,0.008,0.009000000000000001,0.008900000000000002,0.009000000000000001,0.0003000000000000003,0.029500000000000002,0.03025,0.02991250000000001,0.03,0.00018157298807917308,0.013000000000000001,0.015,0.013950000000000004,0.014,0.00038405728739343006,0.0095,0.00975,0.009600000000000001,0.0095,0.000122474487139159,0.035,0.035250000000000004,0.035162500000000006,0.035250000000000004,0.0001192424001771183,0.0045000000000000005,0.00475,0.0045625000000000015,0.0045000000000000005,0.00010825317547305455,0.03225,0.034,0.0330625,0.033,0.0005115845482420286,0.009000000000000001,0.01,0.009150000000000002,0.009000000000000001,0.0003570714214271422,32,32,2560,10240,51200,False,608,4
0.017,0.021,0.020619047619047627,0.021,0.0008984743935292006,0.008,0.009000000000000001,0.008900000000000002,0.009000000000000001,0.0003000000000000003,0.029500000000000002,0.03,0.0296875,0.029750000000000002,0.00017455300054711098,0.013000000000000001,0.014,0.013700000000000004,0.014,0.0004582575694955836,0.0095,0.00975,0.009512500000000002,0.0095,5.448623679425846e-05,0.03475,0.035,0.034925000000000005,0.035,0.00011456439237389609,0.0045000000000000005,0.0045000000000000005,0.004500000000000001,0.0045000000000000005,8.673617379884035e-19,0.03225,0.0335,0.0328125,0.03275,0.00040214269855363564,0.009000000000000001,0.01,0.009100000000000002,0.009000000000000001,0.00029999999999999976,32,32,2560,10240,51200,False,600,4
0.017,0.021,0.020047619047619054,0.02,0.000785353452498602,0.008,0.009000000000000001,0.008800000000000002,0.009000000000000001,0.00040000000000000034,0.029750000000000002,0.03025,0.030000000000000006,0.03,0.00015811388300841802,0.013000000000000001,0.015,0.013650000000000004,0.014,0.0005722761571129795,0.0095,0.00975,0.009550000000000001,0.0095,0.00010000000000000007,0.035,0.035250000000000004,0.035100000000000006,0.035,0.00012247448713915903,0.00425,0.00475,0.004450000000000001,0.0045000000000000005,0.00012747548783981964,0.03225,0.0335,0.032787500000000004,0.03275,0.0003089801773577071,0.009000000000000001,0.01,0.009050000000000002,0.009000000000000001,0.00021794494717703353,32,32,2560,10240,51200,False,592,4
0.017,0.021,0.020333333333333342,0.02,0.0008908708063747481,0.009000000000000001,0.009000000000000001,0.009000000000000003,0.009000000000000001,1.734723475976807e-18,0.0275,0.02775,0.027612500000000005,0.0275,0.0001243734296383276,0.014,0.015,0.014650000000000002,0.015,0.0004769696007084724,0.0095,0.00975,0.009587500000000002,0.0095,0.0001192424001771183,0.035,0.035500000000000004,0.035250000000000004,0.035250000000000004,0.00013693063937629166,0.00425,0.0045000000000000005,0.004450000000000001,0.0045000000000000005,0.00010000000000000009,0.0325,0.034,0.0331375,0.033125,0.0003663587722438214,0.009000000000000001,0.01,0.009050000000000002,0.009000000000000001,0.00021794494717703353,32,32,2560,10240,51200,False,584,4
0.017,0.021,0.020000000000000007,0.02,0.0007559289460184545,0.009000000000000001,0.009000000000000001,0.009000000000000003,0.009000000000000001,1.734723475976807e-18,0.02725,0.0275,0.0274625,0.0275,8.92678553567857e-05,0.014,0.015,0.014300000000000002,0.014,0.00045825756949558356,0.010750000000000001,0.011,0.010875000000000001,0.010875,0.00012499999999999922,0.035,0.035250000000000004,0.03505000000000001,0.035,0.00010000000000000009,0.00425,0.0045000000000000005,0.004300000000000001,0.00425,0.00010000000000000009,0.0325,0.0335,0.0329,0.03275,0.00030000000000000024,0.009000000000000001,0.009000000000000001,0.009000000000000003,0.009000000000000001,1.734723475976807e-18,32,32,2560,10240,51200,False,576,4
0.016,0.021,0.019857142857142865,0.02,0.0008883218145798875,0.008,0.009000000000000001,0.008700000000000003,0.009000000000000001,0.0004582575694955844,0.027,0.02725,0.027037500000000003,0.027,8.92678553567857e-05,0.014,0.015,0.014100000000000001,0.014,0.00029999999999999976,0.010750000000000001,0.010750000000000001,0.010750000000000003,0.010750000000000001,1.734723475976807e-18,0.03475,0.035,0.034850000000000006,0.03475,0.00012247448713915903,0.00425,0.0045000000000000005,0.004300000000000001,0.00425,0.00010000000000000009,0.03225,0.03325,0.0327125,0.03275,0.00028804296554507306,0.009000000000000001,0.009000000000000001,0.009000000000000003,0.009000000000000001,1.734723475976807e-18,32,32,2560,10240,51200,False,568,4
0.016,0.021,0.019857142857142865,0.02,0.0008883218145798875,0.008,0.009000000000000001,0.008600000000000002,0.009000000000000001,0.000489897948556636,0.0275,0.02775,0.027700000000000002,0.02775,0.00010000000000000009,0.013000000000000001,0.014,0.013800000000000003,0.014,0.0003999999999999997,0.010750000000000001,0.010750000000000001,0.010750000000000003,0.010750000000000001,1.734723475976807e-18,0.03475,0.035,0.03495000000000001,0.035,0.00010000000000000007,0.004,0.00425,0.004225000000000001,0.00425,7.500000000000007e-05,0.032,0.033,0.03245,0.03225,0.00035000000000000027,0.009000000000000001,0.009000000000000001,0.009000000000000003,0.009000000000000001,1.734723475976807e-18,32,32,2560,10240,51200,False,560,4
0.016,0.02,0.01914285714285715,0.019,0.0008329931278350432,0.008,0.009000000000000001,0.008350000000000002,0.008,0.00047696960070847325,0.02725,0.0275,0.027262500000000002,0.02725,5.448623679425846e-05,0.013000000000000001,0.015,0.013900000000000004,0.014,0.00043588989435406695,0.010750000000000001,0.010750000000000001,0.010750000000000003,0.010750000000000001,1.734723475976807e-18,0.03475,0.035250000000000004,0.03501250000000001,0.035,9.601432184835768e-05,0.004,0.00425,0.0041375000000000006,0.00425,0.00012437342963832762,0.03225,0.03375,0.03280000000000001,0.032875,0.00048476798574163333,0.008,0.009000000000000001,0.008900000000000002,0.009000000000000001,0.0003000000000000003,32,32,2560,10240,51200,False,552,4
0.016,0.02,0.01890476190476191,0.019,0.0006834619092574917,0.008,0.009000000000000001,0.008050000000000002,0.008,0.00021794494717703388,0.02675,0.027,0.026837500000000004,0.02675,0.00011924240017711833,0.013000000000000001,0.015,0.014000000000000002,0.014,0.0003162277660168377,0.010750000000000001,0.010750000000000001,0.010750000000000003,0.010750000000000001,1.734723475976807e-18,0.03375,0.034,0.0339,0.034,0.000122474487139159,0.00425,0.0045000000000000005,0.004262500000000001,0.00425,5.448623679425848e-05,0.03275,0.03375,0.033087500000000006,0.033,0.0002654595072699415,0.008,0.009000000000000001,0.008750000000000003,0.009000000000000001,0.0004330127018922198,32,32,2560,10240,51200,False,544,4
0.016,0.02,0.01895238095238096,0.019,0.0007221786137191953,0.008,0.008,0.008000000000000002,0.008,1.734723475976807e-18,0.0265,0.02675,0.0265125,0.0265,5.448623679425846e-05,0.013000000000000001,0.014,0.013850000000000005,0.014,0.00035707142142714214,0.010750000000000001,0.010750000000000001,0.010750000000000003,0.010750000000000001,1.734723475976807e-18,0.03325,0.0335,0.0334,0.0335,0.00012247448713915903,0.004,0.00425,0.004237500000000001,0.00425,5.448623679425846e-05,0.0325,0.03425,0.033362499999999996,0.0335,0.0005781165539923593,0.008,0.009000000000000001,0.008950000000000003,0.009000000000000001,0.00021794494717703385,32,32,2560,10240,51200,False,536,4
0.015,0.02,0.01890476190476191,0.019,0.0009712418121129115,0.008,0.008,0.008000000000000002,0.008,1.734723475976807e-18,0.027,0.02725,0.027075,0.027,0.0001145643923738961,0.013000000000000001,0.015,0.013650000000000004,0.014,0.0006538348415311004,0.0105,0.010750000000000001,0.010737500000000002,0.010750000000000001,5.448623679425846e-05,0.034,0.0345,0.0342625,0.03425,9.601432184835769e-05,0.004,0.00425,0.0040750000000000005,0.004,0.0001145643923738961,0.032,0.03325,0.03255,0.0325,0.0002806243040080459,0.008,0.009000000000000001,0.008400000000000001,0.008,0.0004898979485566361,32,32,2560,10240,51200,False,528,4
0.015,0.02,0.018761904761904768,0.019,0.000920908552657796,0.008,0.009000000000000001,0.008250000000000002,0.008,0.0004330127018922198,0.02675,0.027,0.026775000000000004,0.02675,7.500000000000006e-05,0.013000000000000001,0.014,0.013550000000000003,0.014,0.0004974937185533095,0.010750000000000001,0.011,0.010762500000000003,0.010750000000000001,5.448623679425809e-05,0.03375,0.034,0.0338125,0.03375,0.00010825317547305493,0.004,0.00425,0.004050000000000001,0.004,0.00010000000000000009,0.0325,0.0335,0.032850000000000004,0.03275,0.00027838821814150135,0.008,0.009000000000000001,0.008150000000000001,0.008,0.0003570714214271428,32,32,2560,10240,51200,False,520,4
0.015,0.018000000000000002,0.017857142857142863,0.018000000000000002,0.0006388765649999405,0.008,0.009000000000000001,0.008050000000000002,0.008,0.0002179449471770339,0.025,0.025750000000000002,0.02525,0.02525,0.00013693063937629166,0.01,0.011,0.010350000000000002,0.01,0.0004769696007084724,0.00925,0.0095,0.009487500000000001,0.0095,5.448623679425846e-05,0.03125,0.03175,0.031474999999999996,0.0315,0.00010897247358851694,0.00375,0.004,0.0037625000000000007,0.00375,5.448623679425846e-05,0.032,0.033,0.0323875,0.032375,0.0003007802353878994,0.008,0.009000000000000001,0.008350000000000002,0.008,0.00047696960070847325,32,32,2560,10240,51200,False,512,4
0.015,0.018000000000000002,0.017809523809523813,0.018000000000000002,0.0006632565846278159,0.008,0.009000000000000001,0.008150000000000001,0.008,0.0003570714214271428,0.026000000000000002,0.0265,0.0262625,0.02625,0.0001243734296383269,0.013000000000000001,0.014,0.013300000000000003,0.013000000000000001,0.00045825756949558356,0.00925,0.0095,0.009437500000000001,0.0095,0.00010825317547305493,0.03125,0.03175,0.03143749999999999,0.0315,0.00013404756618454522,0.00375,0.00375,0.0037500000000000007,0.00375,8.673617379884035e-19,0.032,0.0325,0.032200000000000006,0.03225,0.00018708286933869723,0.008,0.009000000000000001,0.008150000000000001,0.008,0.0003570714214271428,32,32,2560,10240,51200,False,504,4
0.014,0.018000000000000002,0.01766666666666667,0.018000000000000002,0.0008908708063747481,0.008,0.009000000000000001,0.008100000000000001,0.008,0.0003000000000000003,0.0265,0.02675,0.0267125,0.02675,8.92678553567857e-05,0.012,0.014,0.013250000000000003,0.013000000000000001,0.0005361902647381801,0.00925,0.0095,0.009337500000000002,0.00925,0.00011924240017711831,0.03125,0.0315,0.031375,0.031375,0.0001250000000000001,0.0035,0.00375,0.0036375000000000005,0.00375,0.00012437342963832738,0.032,0.03275,0.03223750000000001,0.032125,0.0002678035660703571,0.008,0.009000000000000001,0.008050000000000002,0.008,0.0002179449471770339,32,32,2560,10240,51200,False,496,4
0.014,0.018000000000000002,0.017619047619047624,0.018000000000000002,0.0008984743935292011,0.008,0.008,0.008000000000000002,0.008,1.734723475976807e-18,0.02625,0.02675,0.026437500000000003,0.0265,0.00013404756618454522,0.013000000000000001,0.014,0.013100000000000004,0.013000000000000001,0.00029999999999999976,0.00925,0.0095,0.009450000000000002,0.0095,0.00010000000000000009,0.03125,0.0315,0.0313125,0.03125,0.00010825317547305495,0.0035,0.00375,0.0035125000000000004,0.0035,5.448623679425838e-05,0.032,0.0325,0.03218750000000001,0.03225,0.00017455300054711192,0.008,0.009000000000000001,0.008200000000000002,0.008,0.00040000000000000034,32,32,2560,10240,51200,False,488,4
0.014,0.018000000000000002,0.017428571428571432,0.018000000000000002,0.0009035079029052519,0.008,0.009000000000000001,0.008050000000000002,0.008,0.00021794494717703388,0.021750000000000002,0.02225,0.022,0.022,7.905694150420901e-05,0.012,0.013000000000000001,0.012350000000000003,0.012,0.0004769696007084732,0.00925,0.0095,0.009487500000000001,0.0095,5.448623679425846e-05,0.031,0.0315,0.03125,0.03125,7.905694150420955e-05,0.0035,0.0035,0.0035000000000000005,0.0035,4.336808689942018e-19,0.032,0.03275,0.03226250000000001,0.03225,0.00025586861863073423,0.008,0.008,0.008000000000000002,0.008,1.734723475976807e-18,32,32,2560,10240,51200,False,480,4
0.014,0.018000000000000002,0.017238095238095243,0.017,0.0008676603408708859,0.008,0.008,0.008000000000000002,0.008,1.734723475976807e-18,0.021500000000000002,0.022,0.0217375,0.021750000000000002,9.601432184835722e-05,0.012,0.013000000000000001,0.012350000000000003,0.012,0.0004769696007084732,0.00925,0.0095,0.009300000000000001,0.00925,0.00010000000000000009,0.031,0.03125,0.0311,0.031,0.000122474487139159,0.0035,0.0035,0.0035000000000000005,0.0035,4.336808689942018e-19,0.03175,0.0325,0.032075000000000006,0.032,0.00016007810593582133,0.008,0.008,0.008000000000000002,0.008,1.734723475976807e-18,32,32,2560,10240,51200,False,472,4
0.014,0.017,0.01666666666666667,0.017,0.0007126966450997987,0.008,0.008,0.008000000000000002,0.008,1.734723475976807e-18,0.022,0.02225,0.0221875,0.02225,0.00010825317547305495,0.012,0.013000000000000001,0.012150000000000003,0.012,0.0003570714214271428,0.00925,0.0095,0.009325000000000002,0.00925,0.0001145643923738961,0.031,0.03125,0.031150000000000004,0.03125,0.000122474487139159,0.0032500000000000003,0.0035,0.003487500000000001,0.0035,5.448623679425838e-05,0.032,0.0325,0.03211250000000001,0.032,0.0002011684617428887,0.008,0.008,0.008000000000000002,0.008,1.734723475976807e-18,32,32,2560,10240,51200,False,464,4
0.014,0.017,0.016190476190476193,0.016,0.0006632565846278156,0.008,0.009000000000000001,0.008050000000000002,0.008,0.00021794494717703388,0.022,0.02225,0.022025000000000003,0.022,7.500000000000006e-05,0.012,0.013000000000000001,0.012050000000000002,0.012,0.0002179449471770339,0.00925,0.0095,0.00935,0.00925,0.000122474487139159,0.031,0.0315,0.03115,0.03125,0.00014577379737113266,0.0032500000000000003,0.0035,0.003350000000000001,0.0032500000000000003,0.00012247448713915878,0.032,0.0325,0.032087500000000005,0.032,0.00014306903927824508,0.008,0.008,0.008000000000000002,0.008,1.734723475976807e-18,32,32,2560,10240,51200,False,456,4
0.013000000000000001,0.017,0.01633333333333334,0.016,0.0008908708063747481,0.008,0.008,0.008000000000000002,0.008,1.734723475976807e-18,0.021500000000000002,0.022,0.0216625,0.021750000000000002,0.00014306903927824467,0.011,0.012,0.011900000000000003,0.012,0.00030000000000000024,0.00925,0.0095,0.009487500000000001,0.0095,5.448623679425846e-05,0.031,0.03125,0.031212499999999997,0.03125,8.926785535678568e-05,0.0032500000000000003,0.0035,0.0032625000000000006,0.0032500000000000003,5.448623679425838e-05,0.03225,0.033,0.032662500000000004,0.03275,0.00019803724397193592,0.008,0.008,0.008000000000000002,0.008,1.734723475976807e-18,32,32,2560,10240,51200,False,448,4
0.013000000000000001,0.017,0.01604761904761905,0.016,0.000785353452498602,0.008,0.009000000000000001,0.008050000000000002,0.008,0.0002179449471770339,0.021,0.021500000000000002,0.021375000000000005,0.021500000000000002,0.00014790199457749052,0.011,0.012,0.011550000000000001,0.012,0.0004974937185533104,0.00925,0.0095,0.009262500000000002,0.00925,5.448623679425846e-05,0.03075,0.03125,0.031000000000000007,0.031,0.00011180339887498958,0.0032500000000000003,0.0032500000000000003,0.0032500000000000007,0.0032500000000000003,4.336808689942018e-19,0.03225,0.0325,0.0323125,0.03225,0.00010825317547305495,0.008,0.008,0.008000000000000002,0.008,1.734723475976807e-18,32,32,2560,10240,51200,False,440,4
0.013000000000000001,0.017,0.01604761904761905,0.016,0.000785353452498602,0.008,0.008,0.008000000000000002,0.008,1.734723475976807e-18,0.021750000000000002,0.022,0.021887499999999997,0.022,0.00012437342963832586,0.009000000000000001,0.01,0.009900000000000003,0.01,0.00029999999999999976,0.00925,0.0095,0.009275000000000002,0.00925,7.500000000000007e-05,0.03075,0.03125,0.031037500000000003,0.031,0.00011924240017711831,0.0032500000000000003,0.0032500000000000003,0.0032500000000000007,0.0032500000000000003,4.336808689942018e-19,0.03225,0.03275,0.0323625,0.03225,0.0002011684617428887,0.008,0.008,0.008000000000000002,0.008,1.734723475976807e-18,32,32,2560,10240,51200,False,432,4
0.013000000000000001,0.016,0.015761904761904765,0.016,0.0006834619092574916,0.008,0.008,0.008000000000000002,0.008,1.734723475976807e-18,0.02125,0.021750000000000002,0.021550000000000003,0.021500000000000002,0.00015000000000000012,0.01,0.01,0.010000000000000002,0.01,1.734723475976807e-18,0.00925,0.0095,0.009387500000000002,0.0095,0.0001243734296383276,0.03075,0.03125,0.031025000000000004,0.031,0.00010897247358851694,0.0032500000000000003,0.0032500000000000003,0.0032500000000000007,0.0032500000000000003,4.336808689942018e-19,0.03225,0.03275,0.0324125,0.032375,0.00018157298807917454,0.008,0.008,0.008000000000000002,0.008,1.734723475976807e-18,32,32,2560,10240,51200,False,424,4
0.012,0.016,0.015142857142857145,0.015,0.000832993127835043,0.008,0.008,0.008000000000000002,0.008,1.734723475976807e-18,0.02125,0.021750000000000002,0.021462500000000002,0.021500000000000002,0.00014306903927824508,0.009000000000000001,0.011,0.009950000000000004,0.01,0.00038405728739343006,0.00925,0.0095,0.009487500000000001,0.0095,5.448623679425846e-05,0.031,0.03125,0.031050000000000005,0.031,0.00010000000000000007,0.003,0.0032500000000000003,0.0031750000000000007,0.0032500000000000003,0.00011456439237389612,0.0325,0.0325,0.032499999999999994,0.0325,6.938893903907228e-18,0.008,0.008,0.008000000000000002,0.008,1.734723475976807e-18,32,32,2560,10240,51200,False,416,4
0.013000000000000001,0.016,0.015047619047619051,0.015,0.0005753831415997415,0.008,0.008,0.008000000000000002,0.008,1.734723475976807e-18,0.02075,0.021500000000000002,0.021150000000000002,0.02125,0.00016583123951777014,0.009000000000000001,0.01,0.009850000000000003,0.01,0.0003570714214271422,0.00925,0.00925,0.009250000000000001,0.00925,1.734723475976807e-18,0.03075,0.03125,0.030912500000000002,0.031,0.00014306903927824508,0.003,0.0032500000000000003,0.0030125000000000004,0.003,5.448623679425848e-05,0.03175,0.03225,0.03200000000000001,0.032,0.00011180339887498958,0.008,0.008,0.008000000000000002,0.008,1.734723475976807e-18,32,32,2560,10240,51200,False,408,4
0.012,0.016,0.014904761904761907,0.015,0.0006834619092574916,0.008,0.008,0.008000000000000002,0.008,1.734723475976807e-18,0.02125,0.021500000000000002,0.021387500000000004,0.021500000000000002,0.0001243734296383276,0.009000000000000001,0.01,0.009800000000000003,0.01,0.0003999999999999997,0.00925,0.0095,0.009275000000000002,0.00925,7.500000000000007e-05,0.03075,0.031,0.030887500000000005,0.031,0.00012437342963832762,0.003,0.003,0.0030000000000000005,0.003,4.336808689942018e-19,0.032,0.0325,0.032100000000000004,0.032,0.00020000000000000015,0.007,0.008,0.0079,0.008,0.00030000000000000003,32,32,2560,10240,51200,False,400,4
0.012,0.015,0.014761904761904764,0.015,0.0006834619092574914,0.008,0.008,0.008000000000000002,0.008,1.734723475976807e-18,0.02075,0.02125,0.021037499999999997,0.021,0.0001980372439719359,0.009000000000000001,0.01,0.009850000000000003,0.01,0.00035707142142714224,0.00925,0.0095,0.009325000000000002,0.00925,0.0001145643923738961,0.027,0.0275,0.027262500000000002,0.02725,0.00012437342963832762,0.003,0.0032500000000000003,0.0030500000000000006,0.003,0.00010000000000000009,0.032,0.03275,0.0324,0.0325,0.00018371173070873853,0.007,0.008,0.007950000000000002,0.008,0.00021794494717703366,32,32,2560,10240,51200,False,392,4
0.012,0.015,0.014523809523809526,0.015,0.0007315376902732005,0.008,0.008,0.008000000000000002,0.008,1.734723475976807e-18,0.017750000000000002,0.018000000000000002,0.017812500000000002,0.017750000000000002,0.00010825317547305495,0.008,0.009000000000000001,0.008100000000000001,0.008,0.0003000000000000003,0.00925,0.00925,0.009250000000000001,0.00925,1.734723475976807e-18,0.026000000000000002,0.0265,0.026175000000000004,0.02625,0.00013919410907074913,0.00275,0.003,0.0028000000000000004,0.00275,0.00010000000000000009,0.026000000000000002,0.02725,0.026487500000000004,0.0265,0.00030078023538789906,0.007,0.008,0.007350000000000001,0.007,0.00047696960070847287,32,32,2560,10240,51200,False,384,4
0.011,0.014,0.013857142857142861,0.014,0.0006388765649999401,0.008,0.008,0.008000000000000002,0.008,1.734723475976807e-18,0.0175,0.017750000000000002,0.0177375,0.017750000000000002,5.448623679425846e-05,0.008,0.008,0.008000000000000002,0.008,1.734723475976807e-18,0.01,0.01025,0.010200000000000002,0.01025,0.00010000000000000009,0.02625,0.0265,0.0263,0.02625,0.00010000000000000007,0.00275,0.003,0.0027750000000000006,0.00275,7.500000000000006e-05,0.026000000000000002,0.02675,0.026337500000000003,0.02625,0.00021323402636539912,0.007,0.008,0.007350000000000001,0.007,0.00047696960070847287,32,32,2560,10240,51200,False,376,4
0.011,0.014,0.013857142857142861,0.014,0.0006388765649999401,0.008,0.008,0.008000000000000002,0.008,1.734723475976807e-18,0.017750000000000002,0.018000000000000002,0.0177875,0.017750000000000002,8.926785535678571e-05,0.008,0.009000000000000001,0.008050000000000002,0.008,0.0002179449471770339,0.01,0.01025,0.010025000000000003,0.01,7.500000000000007e-05,0.023,0.0235,0.023350000000000003,0.023375,0.00016583123951777017,0.00275,0.003,0.0029875000000000006,0.003,5.448623679425846e-05,0.026000000000000002,0.02825,0.0264,0.02625,0.00048347699014534277,0.007,0.008,0.0071,0.007,0.00030000000000000003,32,32,2560,10240,51200,False,368,4
0.011,0.014,0.013857142857142861,0.014,0.0006388765649999401,0.008,0.008,0.008000000000000002,0.008,1.734723475976807e-18,0.017750000000000002,0.018000000000000002,0.017762499999999997,0.017750000000000002,5.448623679425847e-05,0.008,0.008,0.008000000000000002,0.008,1.734723475976807e-18,0.0095,0.00975,0.009562500000000002,0.0095,0.00010825317547305493,0.02275,0.02325,0.023049999999999998,0.023125,0.00021794494717703388,0.00275,0.003,0.0028250000000000003,0.00275,0.0001145643923738961,0.026000000000000002,0.02725,0.0263625,0.02625,0.0002902046691560971,0.007,0.007,0.007000000000000001,0.007,8.673617379884035e-19,32,32,2560,10240,51200,False,360,4
0.011,0.014,0.013761904761904767,0.014,0.0006834619092574916,0.008,0.008,0.008000000000000002,0.008,1.734723475976807e-18,0.017750000000000002,0.018000000000000002,0.0178375,0.017750000000000002,0.0001192424001771183,0.008,0.008,0.008000000000000002,0.008,1.734723475976807e-18,0.0095,0.0095,0.009500000000000001,0.0095,1.734723475976807e-18,0.0225,0.02325,0.0228625,0.022875,0.00021614520582238246,0.00275,0.00275,0.0027500000000000003,0.00275,4.336808689942018e-19,0.026000000000000002,0.0275,0.02645,0.02625,0.00033166247903554006,0.007,0.007,0.007000000000000001,0.007,8.673617379884035e-19,32,32,2560,10240,51200,False,352,4
0.011,0.014,0.01366666666666667,0.014,0.0007126966450997983,0.008,0.008,0.008000000000000002,0.008,1.734723475976807e-18,0.0175,0.017750000000000002,0.017625000000000002,0.017625000000000002,0.0001250000000000001,0.008,0.008,0.008000000000000002,0.008,1.734723475976807e-18,0.00925,0.0095,0.009400000000000002,0.0095,0.00012247448713915903,0.02225,0.02275,0.022437500000000003,0.0225,0.00017455300054711192,0.00275,0.00275,0.0027500000000000003,0.00275,4.336808689942018e-19,0.025750000000000002,0.02775,0.026324999999999998,0.02625,0.00044087980221370923,0.007,0.007,0.007000000000000001,0.007,8.673617379884035e-19,32,32,2560,10240,51200,False,344,4
0.011,0.014,0.013000000000000003,0.013000000000000001,0.000534522483824849,0.008,0.008,0.008000000000000002,0.008,1.734723475976807e-18,0.017750000000000002,0.017750000000000002,0.01775,0.017750000000000002,3.469446951953614e-18,0.008,0.008,0.008000000000000002,0.008,1.734723475976807e-18,0.0095,0.00975,0.009512500000000002,0.0095,5.448623679425846e-05,0.02275,0.02325,0.023025,0.023,0.00010897247358851694,0.00275,0.00275,0.0027500000000000003,0.00275,4.336808689942018e-19,0.025750000000000002,0.027,0.026187500000000002,0.026000000000000002,0.0003149900792088528,0.007,0.007,0.007000000000000001,0.007,8.673617379884035e-19,32,32,2560,10240,51200,False,336,4
0.01,0.013000000000000001,0.012809523809523812,0.013000000000000001,0.0006632565846278155,0.008,0.008,0.008000000000000002,0.008,1.734723475976807e-18,0.0175,0.017750000000000002,0.0177375,0.017750000000000002,5.448623679425846e-05,0.008,0.008,0.008000000000000002,0.008,1.734723475976807e-18,0.0095,0.00975,0.0095375,0.0095,8.926785535678571e-05,0.0225,0.023,0.022762499999999998,0.02275,0.0001473728265318951,0.0025,0.00275,0.00255,0.0025,9.99999999999999e-05,0.025750000000000002,0.027,0.026275000000000003,0.02625,0.0002947456530637891,0.007,0.007,0.007000000000000001,0.007,8.673617379884035e-19,32,32,2560,10240,51200,False,328,4
0.01,0.013000000000000001,0.012523809523809527,0.013000000000000001,0.0007315376902732012,0.008,0.008,0.008000000000000002,0.008,1.734723475976807e-18,0.017750000000000002,0.017750000000000002,0.01775,0.017750000000000002,3.469446951953614e-18,0.007,0.007,0.007000000000000001,0.007,8.673617379884035e-19,0.006500000000000001,0.00675,0.006662500000000002,0.00675,0.00011924240017711792,0.02225,0.02275,0.022412500000000002,0.0225,0.0001634587103827754,0.0025,0.00275,0.0025250000000000003,0.0025,7.499999999999994e-05,0.026000000000000002,0.02725,0.026300000000000007,0.02625,0.00031224989991991914,0.007,0.007,0.007000000000000001,0.007,8.673617379884035e-19,32,32,2560,10240,51200,False,320,4
0.01,0.013000000000000001,0.012285714285714289,0.012,0.0006998542122237657,0.008,0.008,0.008000000000000002,0.008,1.734723475976807e-18,0.0175,0.017750000000000002,0.0176375,0.017750000000000002,0.0001243734296383276,0.007,0.007,0.007000000000000001,0.007,8.673617379884035e-19,0.006500000000000001,0.00675,0.006687500000000002,0.00675,0.00010825317547305454,0.022,0.0225,0.022175000000000004,0.022125,0.00019525624189766652,0.0025,0.0025,0.0025000000000000005,0.0025,4.336808689942018e-19,0.025500000000000002,0.0275,0.026162500000000005,0.026000000000000002,0.0004052391269361824,0.006,0.007,0.006900000000000002,0.007,0.00030000000000000003,32,32,2560,10240,51200,False,312,4
0.01,0.013000000000000001,0.012285714285714289,0.012,0.0006998542122237657,0.008,0.008,0.008000000000000002,0.008,1.734723475976807e-18,0.0175,0.017750000000000002,0.017675000000000003,0.017750000000000002,0.0001145643923738961,0.007,0.007,0.007000000000000001,0.007,8.673617379884035e-19,0.006500000000000001,0.006500000000000001,0.0065000000000000014,0.006500000000000001,8.673617379884035e-19,0.02275,0.023,0.022774999999999997,0.02275,7.500000000000006e-05,0.0025,0.0025,0.0025000000000000005,0.0025,4.336808689942018e-19,0.025750000000000002,0.02675,0.026075000000000004,0.026000000000000002,0.0003455068740271303,0.006,0.007,0.006900000000000002,0.007,0.00030000000000000003,32,32,2560,10240,51200,False,304,4
0.01,0.012,0.011904761904761908,0.012,0.00042591770999995997,0.008,0.008,0.008000000000000002,0.008,1.734723475976807e-18,0.017750000000000002,0.018000000000000002,0.017762499999999997,0.017750000000000002,5.448623679425847e-05,0.007,0.007,0.007000000000000001,0.007,8.673617379884035e-19,0.006500000000000001,0.006500000000000001,0.0065000000000000014,0.006500000000000001,8.673617379884035e-19,0.02225,0.0225,0.0224,0.0225,0.00012247448713915903,0.0025,0.0025,0.0025000000000000005,0.0025,4.336808689942018e-19,0.025750000000000002,0.027,0.02605,0.026000000000000002,0.0002915475947422641,0.006,0.007,0.006300000000000002,0.006,0.000458257569495584,32,32,2560,10240,51200,False,296,4
0.009000000000000001,0.012,0.011333333333333336,0.011,0.0007126966450997985,0.008,0.008,0.008000000000000002,0.008,1.734723475976807e-18,0.017750000000000002,0.018000000000000002,0.017762499999999997,0.017750000000000002,5.448623679425847e-05,0.007,0.007,0.007000000000000001,0.007,8.673617379884035e-19,0.006500000000000001,0.006500000000000001,0.0065000000000000014,0.006500000000000001,8.673617379884035e-19,0.021750000000000002,0.022,0.021824999999999997,0.021750000000000002,0.0001145643923738945,0.0022500000000000003,0.0022500000000000003,0.0022500000000000007,0.0022500000000000003,4.336808689942018e-19,0.025750000000000002,0.02675,0.02603750000000001,0.026000000000000002,0.00026545950726994047,0.006,0.007,0.006300000000000002,0.006,0.000458257569495584,32,32,2560,10240,51200,False,288,4
0.009000000000000001,0.012,0.01104761904761905,0.011,0.0005753831415997413,0.008,0.008,0.008000000000000002,0.008,1.734723475976807e-18,0.0175,0.017750000000000002,0.017675000000000003,0.017750000000000002,0.0001145643923738961,0.007,0.007,0.007000000000000001,0.007,8.673617379884035e-19,0.00625,0.006500000000000001,0.006400000000000001,0.006500000000000001,0.00012247448713915903,0.021500000000000002,0.021750000000000002,0.0216625,0.021750000000000002,0.0001192424001771183,0.0022500000000000003,0.0022500000000000003,0.0022500000000000007,0.0022500000000000003,4.336808689942018e-19,0.025500000000000002,0.02675,0.025987500000000004,0.026000000000000002,0.00032088744132483497,0.006,0.007,0.0060500000000000016,0.006,0.0002179449471770337,32,32,2560,10240,51200,False,280,4
0.009000000000000001,0.011,0.010904761904761907,0.011,0.0004259177099999596,0.008,0.008,0.008000000000000002,0.008,1.734723475976807e-18,0.01725,0.0175,0.017475000000000004,0.0175,7.500000000000006e-05,0.007,0.007,0.007000000000000001,0.007,8.673617379884035e-19,0.00625,0.00625,0.006250000000000001,0.00625,8.673617379884035e-19,0.02325,0.02375,0.023500000000000004,0.0235,7.905694150420955e-05,0.0022500000000000003,0.0025,0.0022625000000000006,0.0022500000000000003,5.448623679425838e-05,0.025500000000000002,0.02625,0.025825000000000004,0.025750000000000002,0.000178535710713571,0.006,0.007,0.0060500000000000016,0.006,0.0002179449471770337,32,32,2560,10240,51200,False,272,4
0.009000000000000001,0.011,0.010904761904761907,0.011,0.0004259177099999596,0.008,0.008,0.008000000000000002,0.008,1.734723475976807e-18,0.0175,0.0175,0.017500000000000005,0.0175,3.469446951953614e-18,0.007,0.007,0.007000000000000001,0.007,8.673617379884035e-19,0.00625,0.00625,0.006250000000000001,0.00625,8.673617379884035e-19,0.02325,0.02375,0.0234875,0.0235,0.0001243734296383276,0.0022500000000000003,0.0022500000000000003,0.0022500000000000007,0.0022500000000000003,4.336808689942018e-19,0.025500000000000002,0.0265,0.025912500000000005,0.025750000000000002,0.0002769814975770033,0.006,0.007,0.006100000000000001,0.006,0.00030000000000000003,32,32,2560,10240,51200,False,264,4
0.009000000000000001,0.012,0.010952380952380955,0.011,0.0004856209060564555,0.008,0.008,0.008000000000000002,0.008,1.734723475976807e-18,0.01725,0.018000000000000002,0.017687500000000002,0.017750000000000002,0.00020728904939721265,0.007,0.007,0.007000000000000001,0.007,8.673617379884035e-19,0.006,0.00625,0.006225000000000001,0.00625,7.500000000000007e-05,0.017750000000000002,0.017750000000000002,0.01775,0.017750000000000002,3.469446951953614e-18,0.002,0.002,0.0020000000000000005,0.002,4.336808689942018e-19,0.02,0.021500000000000002,0.0205625,0.0205,0.000394295257389688,0.006,0.006,0.006000000000000001,0.006,8.673617379884035e-19,32,32,2560,10240,51200,False,256,4
0.008,0.01,0.009904761904761908,0.01,0.00042591770999995997,0.008,0.008,0.008000000000000002,0.008,1.734723475976807e-18,0.017,0.017750000000000002,0.017525000000000002,0.0175,0.00023584952830141533,0.007,0.007,0.007000000000000001,0.007,8.673617379884035e-19,0.006,0.006,0.006000000000000001,0.006,8.673617379884035e-19,0.017750000000000002,0.017750000000000002,0.01775,0.017750000000000002,3.469446951953614e-18,0.002,0.002,0.0020000000000000005,0.002,4.336808689942018e-19,0.02,0.021500000000000002,0.0205125,0.020375,0.0004641861156906789,0.006,0.006,0.006000000000000001,0.006,8.673617379884035e-19,32,32,2560,10240,51200,False,248,4
0.008,0.01,0.009904761904761908,0.01,0.00042591770999995997,0.007,0.008,0.007950000000000002,0.008,0.00021794494717703366,0.017,0.017750000000000002,0.017425000000000003,0.0175,0.00019525624189766655,0.007,0.007,0.007000000000000001,0.007,8.673617379884035e-19,0.006,0.00625,0.006012500000000001,0.006,5.448623679425847e-05,0.0175,0.017750000000000002,0.017675,0.017750000000000002,0.0001145643923738961,0.002,0.002,0.0020000000000000005,0.002,4.336808689942018e-19,0.01875,0.019,0.0187875,0.01875,8.926785535678571e-05,0.006,0.006,0.006000000000000001,0.006,8.673617379884035e-19,32,32,2560,10240,51200,False,240,4
0.008,0.01,0.009904761904761908,0.01,0.00042591770999995997,0.008,0.008,0.008000000000000002,0.008,1.734723475976807e-18,0.017,0.017750000000000002,0.0173625,0.017375,0.0002161452058223825,0.007,0.007,0.007000000000000001,0.007,8.673617379884035e-19,0.006,0.006,0.006000000000000001,0.006,8.673617379884035e-19,0.017750000000000002,0.017750000000000002,0.01775,0.017750000000000002,3.469446951953614e-18,0.00175,0.002,0.0018625000000000002,0.00175,0.00012437342963832752,0.01875,0.019,0.018799999999999997,0.01875,0.00010000000000000009,0.006,0.006,0.006000000000000001,0.006,8.673617379884035e-19,32,32,2560,10240,51200,False,232,4
0.008,0.01,0.009904761904761908,0.01,0.00042591770999995997,0.007,0.008,0.007950000000000002,0.008,0.00021794494717703366,0.01675,0.017750000000000002,0.01725,0.01725,0.00023717082451262864,0.007,0.007,0.007000000000000001,0.007,8.673617379884035e-19,0.006,0.006,0.006000000000000001,0.006,8.673617379884035e-19,0.017750000000000002,0.017750000000000002,0.01775,0.017750000000000002,3.469446951953614e-18,0.00175,0.00175,0.0017500000000000003,0.00175,2.168404344971009e-19,0.01875,0.019,0.018787499999999995,0.01875,8.926785535678571e-05,0.006,0.006,0.006000000000000001,0.006,8.673617379884035e-19,32,32,2560,10240,51200,False,224,4
0.008,0.01,0.009809523809523813,0.01,0.0004994327848429292,0.007,0.008,0.0079,0.008,0.00030000000000000003,0.01625,0.0175,0.016962500000000002,0.017,0.00031893377055432714,0.006,0.006,0.006000000000000001,0.006,8.673617379884035e-19,0.00575,0.00575,0.005750000000000001,0.00575,8.673617379884035e-19,0.0175,0.017750000000000002,0.017724999999999998,0.017750000000000002,7.500000000000006e-05,0.00175,0.00175,0.0017500000000000003,0.00175,2.168404344971009e-19,0.0185,0.01875,0.018737499999999997,0.01875,5.448623679425846e-05,0.006,0.006,0.006000000000000001,0.006,8.673617379884035e-19,32,32,2560,10240,51200,False,216,4
0.007,0.01,0.009142857142857145,0.009000000000000001,0.0006388765649999398,0.007,0.008,0.007700000000000001,0.008,0.00045825756949558405,0.01625,0.01725,0.016875000000000005,0.017,0.0002904737509655565,0.006,0.006,0.006000000000000001,0.006,8.673617379884035e-19,0.00575,0.006,0.005900000000000001,0.006,0.00012247448713915903,0.0175,0.0175,0.017500000000000005,0.0175,3.469446951953614e-18,0.00175,0.00175,0.0017500000000000003,0.00175,2.168404344971009e-19,0.0185,0.01875,0.018625,0.018625,0.0001250000000000001,0.006,0.006,0.006000000000000001,0.006,8.673617379884035e-19,32,32,2560,10240,51200,False,208,4
0.007,0.009000000000000001,0.008904761904761907,0.009000000000000001,0.0004259177099999602,0.007,0.008,0.007700000000000001,0.008,0.000458257569495584,0.01625,0.0175,0.016862500000000002,0.017,0.0003007802353878994,0.006,0.006,0.006000000000000001,0.006,8.673617379884035e-19,0.00575,0.00575,0.005750000000000001,0.00575,8.673617379884035e-19,0.017750000000000002,0.017750000000000002,0.01775,0.017750000000000002,3.469446951953614e-18,0.00175,0.00175,0.0017500000000000003,0.00175,2.168404344971009e-19,0.01825,0.0185,0.0183,0.01825,0.00010000000000000009,0.006,0.006,0.006000000000000001,0.006,8.673617379884035e-19,32,32,2560,10240,51200,False,200,4
0.007,0.009000000000000001,0.008333333333333335,0.008,0.0005634361698190115,0.007,0.008,0.007550000000000001,0.008,0.0004974937185533101,0.010750000000000001,0.01125,0.011037500000000002,0.011,0.00011924240017711811,0.006,0.006,0.006000000000000001,0.006,8.673617379884035e-19,0.00525,0.0055,0.005475000000000001,0.0055,7.499999999999982e-05,0.017750000000000002,0.017750000000000002,0.01775,0.017750000000000002,3.469446951953614e-18,0.0015,0.00175,0.0017125000000000005,0.00175,8.926785535678563e-05,0.018000000000000002,0.01825,0.018224999999999998,0.01825,7.499999999999902e-05,0.006,0.006,0.006000000000000001,0.006,8.673617379884035e-19,32,32,2560,10240,51200,False,192,4
0.007,0.009000000000000001,0.008095238095238096,0.008,0.0004259177099999602,0.007,0.008,0.007250000000000001,0.007,0.00043301270189221935,0.010750000000000001,0.01125,0.011000000000000001,0.011,7.905694150420928e-05,0.006,0.006,0.006000000000000001,0.006,8.673617379884035e-19,0.00525,0.0055,0.0052625000000000016,0.00525,5.4486236794258274e-05,0.0175,0.017750000000000002,0.0175625,0.0175,0.00010825317547305493,0.0015,0.00175,0.0015375000000000002,0.0015,8.926785535678563e-05,0.018000000000000002,0.01825,0.018075,0.018000000000000002,0.00011456439237389451,0.006,0.006,0.006000000000000001,0.006,8.673617379884035e-19,32,32,2560,10240,51200,False,184,4
0.007,0.009000000000000001,0.008285714285714289,0.008,0.0005471012044321936,0.007,0.008,0.007350000000000001,0.007,0.00047696960070847287,0.010750000000000001,0.01125,0.011000000000000001,0.011,0.00013693063937629117,0.006,0.006,0.006000000000000001,0.006,8.673617379884035e-19,0.00525,0.0055,0.005262500000000001,0.00525,5.448623679425829e-05,0.0175,0.0175,0.017500000000000005,0.0175,3.469446951953614e-18,0.0015,0.0015,0.0015000000000000002,0.0015,2.168404344971009e-19,0.02225,0.0225,0.022324999999999998,0.02225,0.00011456439237389609,0.006,0.006,0.006000000000000001,0.006,8.673617379884035e-19,32,32,2560,10240,51200,False,176,4
0.007,0.008,0.007952380952380954,0.008,0.00021295885499997998,0.007,0.008,0.0075000000000000015,0.0075,0.0005,0.011,0.0115,0.011025000000000002,0.011,0.00010897247358851694,0.006,0.006,0.006000000000000001,0.006,8.673617379884035e-19,0.00525,0.0055,0.005487500000000001,0.0055,5.4486236794258274e-05,0.017750000000000002,0.017750000000000002,0.01775,0.017750000000000002,3.469446951953614e-18,0.0015,0.0015,0.0015000000000000002,0.0015,2.168404344971009e-19,0.02225,0.0225,0.022387499999999998,0.0225,0.0001243734296383276,0.006,0.006,0.006000000000000001,0.006,8.673617379884035e-19,32,32,2560,10240,51200,False,168,4
0.006,0.008,0.0075238095238095255,0.008,0.0005870870479018072,0.007,0.008,0.007800000000000001,0.008,0.0004,0.010750000000000001,0.01125,0.010900000000000002,0.011,0.00014577379737113185,0.006,0.006,0.006000000000000001,0.006,8.673617379884035e-19,0.00525,0.0055,0.005350000000000001,0.00525,0.0001224744871391586,0.0175,0.017750000000000002,0.01765,0.017750000000000002,0.00012247448713915903,0.0015,0.0015,0.0015000000000000002,0.0015,2.168404344971009e-19,0.01925,0.01975,0.019450000000000002,0.0195,0.00012747548783981975,0.006,0.006,0.006000000000000001,0.006,8.673617379884035e-19,32,32,2560,10240,51200,False,160,4
0.006,0.008,0.00704761904761905,0.007,0.0003749527559053244,0.007,0.008,0.007450000000000001,0.007,0.0004974937185533101,0.011,0.0115,0.011062500000000001,0.011,0.00013404756618454522,0.006,0.006,0.006000000000000001,0.006,8.673617379884035e-19,0.00525,0.00525,0.005250000000000001,0.00525,8.673617379884035e-19,0.0175,0.0175,0.017500000000000005,0.0175,3.469446951953614e-18,0.0015,0.0015,0.0015000000000000002,0.0015,2.168404344971009e-19,0.015,0.01525,0.015175,0.01525,0.0001145643923738961,0.005,0.006,0.005700000000000001,0.006,0.000458257569495584,32,32,2560,10240,51200,False,152,4
0.006,0.008,0.007333333333333335,0.007,0.0005634361698190111,0.007,0.008,0.007600000000000001,0.008,0.0004898979485566356,0.01125,0.012,0.011437500000000001,0.0115,0.00017455300054711192,0.006,0.006,0.006000000000000001,0.006,8.673617379884035e-19,0.00625,0.006500000000000001,0.006337500000000001,0.00625,0.00011924240017711828,0.0175,0.0175,0.017500000000000005,0.0175,3.469446951953614e-18,0.00125,0.0015,0.0013875000000000003,0.0015,0.0001243734296383275,0.02275,0.02325,0.0228375,0.02275,0.00014306903927824508,0.004,0.006,0.004750000000000002,0.005,0.0006982120021884472,32,32,2560,10240,51200,False,144,4
0.006,0.007,0.006952380952380955,0.007,0.00021295885499997996,0.007,0.008,0.007650000000000001,0.008,0.00047696960070847287,0.01725,0.0175,0.017275,0.01725,7.500000000000006e-05,0.005,0.006,0.005950000000000001,0.006,0.00021794494717703366,0.00625,0.00625,0.006250000000000001,0.00625,8.673617379884035e-19,0.017750000000000002,0.018000000000000002,0.017762499999999997,0.017750000000000002,5.448623679425847e-05,0.00125,0.0015,0.0012625000000000002,0.00125,5.448623679425842e-05,0.02275,0.023,0.022875,0.022875,0.0001250000000000001,0.004,0.006,0.004650000000000001,0.005,0.0005722761571129799,32,32,2560,10240,51200,False,136,4
0.006,0.007,0.006952380952380955,0.007,0.00021295885499997996,0.007,0.008,0.007650000000000001,0.008,0.00047696960070847287,0.0105,0.01125,0.010725000000000002,0.010750000000000001,0.00017499999999999975,0.006,0.006,0.006000000000000001,0.006,8.673617379884035e-19,0.00425,0.0045000000000000005,0.0043500000000000014,0.00425,0.000122474487139159,0.0125,0.012750000000000001,0.012625000000000003,0.012625,0.0001250000000000001,0.00125,0.00125,0.0012500000000000002,0.00125,2.168404344971009e-19,0.0135,0.01375,0.013537500000000003,0.0135,8.92678553567857e-05,0.004,0.004,0.004000000000000001,0.004,8.673617379884035e-19,32,32,2560,10240,51200,False,128,4
0.005,0.007,0.006333333333333335,0.006,0.0005634361698190111,0.007,0.008,0.007550000000000001,0.008,0.00049749371855331,0.0105,0.011,0.010625000000000002,0.0105,0.00014790199457749033,0.006,0.006,0.006000000000000001,0.006,8.673617379884035e-19,0.00425,0.0045000000000000005,0.004275000000000001,0.00425,7.500000000000006e-05,0.01225,0.012750000000000001,0.012525000000000003,0.0125,0.00013462912017836272,0.00125,0.00125,0.0012500000000000002,0.00125,2.168404344971009e-19,0.01325,0.0135,0.013412499999999999,0.0135,0.0001192424001771183,0.004,0.004,0.004000000000000001,0.004,8.673617379884035e-19,32,32,2560,10240,51200,False,120,4
0.005,0.007,0.006142857142857144,0.006,0.0004665694748158435,0.007,0.008,0.007300000000000001,0.007,0.00045825756949558405,0.01425,0.014750000000000001,0.0143375,0.01425,0.0001430690392782451,0.005,0.006,0.0051,0.005,0.00030000000000000003,0.00425,0.00425,0.004250000000000001,0.00425,8.673617379884035e-19,0.01225,0.012750000000000001,0.012500000000000002,0.0125,0.00013693063937629166,0.00125,0.00125,0.0012500000000000002,0.00125,2.168404344971009e-19,0.013000000000000001,0.0135,0.013137500000000002,0.013125000000000001,0.00014737282653189425,0.004,0.004,0.004000000000000001,0.004,8.673617379884035e-19,32,32,2560,10240,51200,False,112,4
0.005,0.006,0.005952380952380954,0.006,0.00021295885499997998,0.007,0.008,0.007300000000000001,0.007,0.00045825756949558405,0.01375,0.0145,0.0140375,0.014,0.00014306903927824508,0.005,0.005,0.005000000000000001,0.005,8.673617379884035e-19,0.00475,0.00475,0.004750000000000001,0.00475,8.673617379884035e-19,0.012750000000000001,0.01325,0.012962500000000002,0.013000000000000001,0.00011924240017711811,0.001,0.00125,0.0010500000000000002,0.001,0.0001,0.0135,0.01375,0.013525,0.0135,7.500000000000006e-05,0.004,0.005,0.004750000000000002,0.005,0.0004330127018922194,32,32,2560,10240,51200,False,104,4
0.005,0.006,0.005952380952380954,0.006,0.00021295885499997998,0.007,0.008,0.007050000000000001,0.007,0.0002179449471770337,0.00975,0.0105,0.009875000000000002,0.00975,0.00018540496217739176,0.005,0.005,0.005000000000000001,0.005,8.673617379884035e-19,0.004,0.00425,0.004212500000000001,0.00425,8.926785535678571e-05,0.012,0.0125,0.012262500000000003,0.01225,0.00012437342963832762,0.001,0.001,0.0010000000000000002,0.001,2.168404344971009e-19,0.0135,0.01375,0.013575,0.0135,0.0001145643923738961,0.004,0.005,0.004550000000000001,0.005,0.00049749371855331,32,32,2560,10240,51200,False,96,4
0.005,0.006,0.005952380952380954,0.006,0.00021295885499997998,0.007,0.008,0.0071,0.007,0.00030000000000000003,0.00975,0.01025,0.009837500000000002,0.00975,0.00014306903927824508,0.005,0.005,0.005000000000000001,0.005,8.673617379884035e-19,0.004,0.004,0.004000000000000001,0.004,8.673617379884035e-19,0.012,0.01225,0.012087500000000003,0.012,0.0001192424001771183,0.001,0.001,0.0010000000000000002,0.001,2.168404344971009e-19,0.01325,0.0135,0.013375000000000001,0.013375,0.00012500000000000014,0.004,0.005,0.004100000000000001,0.004,0.00030000000000000003,32,32,2560,10240,51200,False,88,4
0.005,0.006,0.005095238095238095,0.005,0.0002935435239509036,0.007,0.007,0.007000000000000001,0.007,8.673617379884035e-19,0.01025,0.011,0.010450000000000001,0.0105,0.0001695582495781316,0.005,0.005,0.005000000000000001,0.005,8.673617379884035e-19,0.004,0.004,0.004000000000000001,0.004,8.673617379884035e-19,0.012,0.0125,0.012200000000000003,0.01225,0.00016955824957813183,0.001,0.001,0.0010000000000000002,0.001,2.168404344971009e-19,0.01225,0.0125,0.012325000000000003,0.01225,0.0001145643923738961,0.004,0.004,0.004000000000000001,0.004,8.673617379884035e-19,32,32,2560,10240,51200,False,80,4
0.004,0.005,0.004952380952380954,0.005,0.00021295885499997998,0.007,0.007,0.007000000000000001,0.007,8.673617379884035e-19,0.01025,0.010750000000000001,0.010325000000000003,0.01025,0.00013919410907075068,0.005,0.005,0.005000000000000001,0.005,8.673617379884035e-19,0.004,0.004,0.004000000000000001,0.004,8.673617379884035e-19,0.01175,0.0125,0.012050000000000002,0.012,0.00015000000000000012,0.001,0.001,0.0010000000000000002,0.001,2.168404344971009e-19,0.01225,0.0125,0.012300000000000002,0.01225,0.00010000000000000007,0.004,0.004,0.004000000000000001,0.004,8.673617379884035e-19,32,32,2560,10240,51200,False,72,4
0.004,0.005,0.004952380952380954,0.005,0.00021295885499997998,0.007,0.007,0.007000000000000001,0.007,8.673617379884035e-19,0.00825,0.009000000000000001,0.008475000000000002,0.0085,0.0001750000000000002,0.005,0.005,0.005000000000000001,0.005,8.673617379884035e-19,0.00375,0.00375,0.0037500000000000007,0.00375,8.673617379884035e-19,0.01025,0.0105,0.010412500000000002,0.0105,0.00011924240017711833,0.00075,0.001,0.0007750000000000002,0.00075,7.5e-05,0.011,0.01125,0.011150000000000002,0.01125,0.00012247448713915903,0.004,0.004,0.004000000000000001,0.004,8.673617379884035e-19,32,32,2560,10240,51200,False,64,4
0.004,0.005,0.004952380952380954,0.005,0.00021295885499997998,0.007,0.007,0.007000000000000001,0.007,8.673617379884035e-19,0.00875,0.00925,0.008825000000000003,0.00875,0.0001391941090707504,0.005,0.005,0.005000000000000001,0.005,8.673617379884035e-19,0.0035,0.00375,0.0037125000000000005,0.00375,8.926785535678556e-05,0.0105,0.011,0.010725000000000002,0.010750000000000001,0.00010897247358851671,0.00075,0.00075,0.0007500000000000001,0.00075,1.0842021724855044e-19,0.011,0.0115,0.011250000000000001,0.01125,0.0001581138830084191,0.004,0.004,0.004000000000000001,0.004,8.673617379884035e-19,32,32,2560,10240,51200,False,56,4
0.004,0.005,0.004619047619047621,0.005,0.0004856209060564558,0.007,0.007,0.007000000000000001,0.007,8.673617379884035e-19,0.0085,0.009000000000000001,0.008687500000000003,0.00875,0.00013404756618454522,0.005,0.005,0.005000000000000001,0.005,8.673617379884035e-19,0.00375,0.004,0.003962500000000001,0.004,8.926785535678571e-05,0.010750000000000001,0.01125,0.0109875,0.011,0.0001243734296383271,0.00075,0.00075,0.0007500000000000001,0.00075,1.0842021724855044e-19,0.011,0.01125,0.011037500000000002,0.011,8.92678553567857e-05,0.004,0.004,0.004000000000000001,0.004,8.673617379884035e-19,32,32,2560,10240,51200,False,48,4
0.004,0.004,0.004000000000000001,0.004,8.673617379884035e-19,0.007,0.007,0.007000000000000001,0.007,8.673617379884035e-19,0.0085,0.009000000000000001,0.008562500000000002,0.0085,0.00013404756618454522,0.005,0.005,0.005000000000000001,0.005,8.673617379884035e-19,0.00375,0.004,0.003912500000000001,0.004,0.00011924240017711831,0.010750000000000001,0.011,0.010825000000000001,0.010750000000000001,0.00011456439237389532,0.00075,0.00075,0.0007500000000000001,0.00075,1.0842021724855044e-19,0.010750000000000001,0.011,0.010887500000000001,0.011,0.00012437342963832673,0.004,0.004,0.004000000000000001,0.004,8.673617379884035e-19,32,32,2560,10240,51200,False,40,4
0.004,0.004,0.004000000000000001,0.004,8.673617379884035e-19,0.007,0.007,0.007000000000000001,0.007,8.673617379884035e-19,0.00825,0.00875,0.008325000000000003,0.00825,0.00013919410907075068,0.005,0.005,0.005000000000000001,0.005,8.673617379884035e-19,0.0032500000000000003,0.0032500000000000003,0.0032500000000000007,0.0032500000000000003,4.336808689942018e-19,0.01,0.0105,0.010237500000000002,0.01025,9.601432184835769e-05,0.00075,0.00075,0.0007500000000000001,0.00075,1.0842021724855044e-19,0.010750000000000001,0.011,0.010762500000000003,0.010750000000000001,5.448623679425809e-05,0.004,0.004,0.004000000000000001,0.004,8.673617379884035e-19,32,32,2560,10240,51200,False,32,4
0.003,0.004,0.003952380952380953,0.004,0.00021295885499997998,0.007,0.007,0.007000000000000001,0.007,8.673617379884035e-19,0.008,0.00825,0.008037500000000001,0.008,8.926785535678571e-05,0.005,0.005,0.005000000000000001,0.005,8.673617379884035e-19,0.0035,0.0035,0.0035000000000000005,0.0035,4.336808689942018e-19,0.00975,0.01025,0.010012500000000002,0.01,9.601432184835769e-05,0.0005,0.00075,0.0005250000000000001,0.0005,7.500000000000001e-05,0.0105,0.010750000000000001,0.010537500000000002,0.0105,8.926785535678571e-05,0.004,0.004,0.004000000000000001,0.004,8.673617379884035e-19,32,32,2560,10240,51200,False,24,4
0.009000000000000001,0.014,0.013380952380952386,0.014,0.001090049823072342,0.007,0.007,0.007000000000000001,0.007,8.673617379884035e-19,0.008,0.0085,0.008112500000000002,0.008,0.00014737282653189506,0.005,0.005,0.005000000000000001,0.005,8.673617379884035e-19,0.003,0.0032500000000000003,0.0030500000000000006,0.003,0.00010000000000000009,0.00975,0.01,0.009912500000000001,0.01,0.00011924240017711833,0.0005,0.0005,0.0005000000000000001,0.0005,1.0842021724855044e-19,0.01,0.0105,0.010450000000000003,0.0105,0.00012747548783981975,0.004,0.004,0.004000000000000001,0.004,8.673617379884035e-19,32,32,2560,10240,51200,False,16,4
0.006,0.008,0.007904761904761906,0.008,0.00042591770999995997,0.006,0.007,0.006750000000000002,0.007,0.0004330127018922194,0.00775,0.0085,0.007875000000000002,0.00775,0.00018540496217739176,0.005,0.005,0.005000000000000001,0.005,8.673617379884035e-19,0.003,0.0032500000000000003,0.0030500000000000006,0.003,0.00010000000000000009,0.0095,0.00975,0.009600000000000001,0.0095,0.000122474487139159,0.0005,0.0005,0.0005000000000000001,0.0005,1.0842021724855044e-19,0.01,0.0105,0.010150000000000003,0.01025,0.00014577379737113266,0.004,0.004,0.004000000000000001,0.004,8.673617379884035e-19,32,32,2560,10240,51200,False,8,4
0.004,0.005,0.004952380952380954,0.005,0.00021295885499997998,0.007,0.007,0.007000000000000001,0.007,8.673617379884035e-19,0.00775,0.0085,0.007787500000000001,0.00775,0.00016345871038277542,0.004,0.005,0.004250000000000001,0.004,0.0004330127018922194,0.0035,0.00375,0.0037250000000000004,0.00375,7.499999999999994e-05,0.0095,0.01,0.009725000000000001,0.00975,0.00013462912017836272,0.0005,0.0005,0.0005000000000000001,0.0005,1.0842021724855044e-19,0.0095,0.01,0.009775000000000002,0.00975,0.00010897247358851694,0.004,0.004,0.004000000000000001,0.004,8.673617379884035e-19,32,32,2560,10240,51200,False,4,4
0.003,0.004,0.003952380952380953,0.004,0.00021295885499997998,0.007,0.007,0.007000000000000001,0.007,8.673617379884035e-19,0.0075,0.00825,0.007600000000000001,0.0075,0.00018371173070873853,0.004,0.005,0.004200000000000001,0.004,0.0004,0.0032500000000000003,0.0035,0.003412500000000001,0.0035,0.00011924240017711811,0.0095,0.00975,0.009562500000000002,0.0095,0.00010825317547305493,0.0005,0.0005,0.0005000000000000001,0.0005,1.0842021724855044e-19,0.00975,0.01,0.009837500000000002,0.00975,0.00011924240017711831,0.004,0.004,0.004000000000000001,0.004,8.673617379884035e-19,32,32,2560,10240,51200,False,2,4
0.003,0.003,0.0030000000000000005,0.003,4.336808689942018e-19,0.007,0.008,0.007050000000000001,0.007,0.0002179449471770337,0.00725,0.00825,0.007525000000000001,0.0075,0.0001750000000000001,0.004,0.005,0.004250000000000001,0.004,0.00043301270189221935,0.0032500000000000003,0.0035,0.003412500000000001,0.0035,0.0001192424001771181,0.00925,0.00975,0.009512500000000002,0.0095,9.601432184835768e-05,0.0005,0.0005,0.0005000000000000001,0.0005,1.0842021724855044e-19,0.00975,0.01,0.009762500000000002,0.00975,5.448623679425846e-05,0.004,0.004,0.004000000000000001,0.004,8.673617379884035e-19,32,32,2560,10240,51200,False,1,4
0.136,0.15,0.14142857142857143,0.14,0.004645237485050353,0.041,0.045,0.04295,0.043000000000000003,0.0013219304066402267,0.079625,0.088375,0.08306875,0.081375,0.003167085361574583,0.096,0.10300000000000001,0.099,0.098,0.0024083189157584613,0.02925,0.03175,0.030137499999999994,0.029500000000000002,0.000909927881757669,0.105875,0.11750000000000001,0.1104125,0.108375,0.00431351437345467,0.015125,0.016375,0.015575,0.015375,0.00044616420743936905,0.096375,0.107125,0.10096249999999998,0.09875,0.004002167381557145,0.078,0.078,0.07800000000000001,0.078,1.3877787807814457e-17,32,32,2560,10240,51200,False,4096,8
0.136,0.149,0.1422857142857143,0.14100000000000001,0.004452317290097439,0.041,0.045,0.043250000000000004,0.043000000000000003,0.0012196310917650447,0.07975,0.088625,0.0837125,0.08256250000000001,0.003327466190662198,0.096,0.10400000000000001,0.09935000000000002,0.099,0.0027977669667075583,0.029,0.031875,0.030306249999999996,0.029875000000000002,0.001008150379407754,0.106125,0.11787500000000001,0.11145000000000001,0.10975,0.0042912337969399925,0.015125,0.016375,0.015700000000000002,0.01575,0.00045995923732435284,0.096625,0.1075,0.101925,0.10250000000000001,0.004128104892078201,0.078,0.078,0.07800000000000001,0.078,1.3877787807814457e-17,32,32,2560,10240,51200,False,4096,8
0.138,0.149,0.14204761904761906,0.14100000000000001,0.0037856394122574746,0.042,0.045,0.042800000000000005,0.042,0.0011224972160321803,0.08175,0.08750000000000001,0.08368124999999998,0.08175,0.002594608291727291,0.096,0.10300000000000001,0.0988,0.098,0.0021118712081942895,0.029375000000000002,0.03175,0.030218750000000006,0.029562500000000002,0.0009141893608547402,0.10825,0.11812500000000001,0.11175625,0.10925,0.0036017519608518333,0.01525,0.01625,0.015537500000000001,0.01525,0.00037312028891498276,0.098875,0.10825,0.10166250000000002,0.0995,0.0032324284601518987,0.076,0.078,0.07710000000000002,0.077,0.0007681145747868615,32,32,2560,10240,51200,False,4064,8
0.135,0.145,0.13995238095238097,0.138,0.0037477128323716133,0.041,0.045,0.04270000000000001,0.042,0.0012288205727444487,0.080125,0.088625,0.08369375,0.082625,0.002890305725611047,0.095,0.10200000000000001,0.09815000000000002,0.0975,0.002127792283095323,0.029,0.03175,0.030062500000000002,0.029625000000000002,0.0009507398434903203,0.10675,0.11775000000000001,0.11163749999999999,0.109875,0.0037833723382717736,0.015,0.016125,0.015443749999999997,0.01525,0.00039026233164372946,0.097625,0.107375,0.10184375000000001,0.10018750000000001,0.0035410262901452703,0.076,0.077,0.07605,0.076,0.00021794494717703385,32,32,2560,10240,51200,False,4032,8
0.14200000000000002,0.147,0.14347619047619048,0.14300000000000002,0.0013316315670580444,0.043000000000000003,0.044,0.043500000000000004,0.0435,0.000499999999999997,0.08612500000000001,0.088375,0.08686875000000001,0.08625000000000001,0.0008789864546737858,0.099,0.10200000000000001,0.0999,0.1,0.0008888194417315598,0.030875,0.031625,0.03111875,0.0309375,0.00031243749374874994,0.114625,0.11737500000000001,0.11546875000000001,0.114625,0.0011711872982149362,0.015625,0.016,0.015768750000000005,0.01575,0.00015449008867885356,0.1045,0.107125,0.1053875,0.104625,0.0010788448683661624,0.076,0.076,0.07600000000000001,0.076,1.3877787807814457e-17,32,32,2560,10240,51200,False,4000,8
0.14300000000000002,0.146,0.14428571428571432,0.14400000000000002,0.001030157507275415,0.044,0.044,0.044000000000000004,0.044,6.938893903907228e-18,0.088375,0.088625,0.08845000000000001,0.0885,7.288689868556632e-05,0.099,0.101,0.09995000000000001,0.1,0.0005894913061275802,0.0315,0.03175,0.031599999999999996,0.031625,6.373774391990988e-05,0.11750000000000001,0.11775000000000001,0.11760625,0.11762500000000001,9.078649403958728e-05,0.015875,0.015875,0.015874999999999993,0.015875,6.938893903907228e-18,0.107125,0.10725,0.10719374999999998,0.10725,6.21867148191638e-05,0.076,0.076,0.07600000000000001,0.076,1.3877787807814457e-17,32,32,2560,10240,51200,False,3968,8
0.14100000000000001,0.145,0.14242857142857146,0.14200000000000002,0.0010497813183356455,0.043000000000000003,0.044,0.04340000000000001,0.043000000000000003,0.0004898979485566326,0.088,0.08925,0.08832500000000001,0.088125,0.0004683748498798803,0.098,0.1,0.09875000000000003,0.0985,0.0008291561975888507,0.03125,0.03175,0.031456250000000005,0.031375,0.0001544900886788536,0.117,0.11862500000000001,0.11740625000000002,0.117125,0.0005993160163886834,0.015625,0.01575,0.01565,0.015625,5.0000000000000036e-05,0.106625,0.10825,0.10695625000000002,0.10675,0.0005380447820581485,0.074,0.076,0.07519999999999999,0.075,0.000509901951359279,32,32,2560,10240,51200,False,3936,8
0.14,0.14400000000000002,0.14204761904761903,0.14200000000000002,0.0010454523047666747,0.042,0.043000000000000003,0.04295000000000001,0.043000000000000003,0.00021794494717703385,0.08737500000000001,0.088625,0.08843750000000002,0.0885,0.0002515576474687236,0.098,0.101,0.09855,0.098,0.0007399324293474377,0.031125,0.0315,0.03145,0.0315,9.185586535436926e-05,0.11625,0.11775000000000001,0.11756250000000001,0.11762500000000001,0.0003125000000000003,0.0155,0.015625,0.01561875,0.015625,2.724311839712923e-05,0.107125,0.10725,0.10714374999999998,0.107125,4.463392767839285e-05,0.074,0.075,0.07415000000000001,0.074,0.0003570714214271428,32,32,2560,10240,51200,False,3904,8
0.137,0.14300000000000002,0.13914285714285712,0.139,0.0012453996981544792,0.041,0.043000000000000003,0.04200000000000001,0.042,0.00044721359549995833,0.08687500000000001,0.088125,0.08761875000000001,0.088,0.0005339636574711741,0.096,0.098,0.09720000000000001,0.097,0.0006000000000000005,0.030875,0.031375,0.03115,0.03125,0.00018371173070873853,0.1155,0.117125,0.11652500000000002,0.117,0.0006898822363273321,0.01525,0.0155,0.0153375,0.015375,6.959705453537534e-05,0.105375,0.10675,0.10622499999999999,0.106625,0.0006257495505391919,0.074,0.074,0.07400000000000001,0.074,1.3877787807814457e-17,32,32,2560,10240,51200,False,3872,8
0.137,0.14,0.1388095238095238,0.139,0.0007315376902732014,0.041,0.043000000000000003,0.04195000000000001,0.042,0.0004974937185533105,0.096625,0.0985,0.09705625000000002,0.09675,0.0006931303539017757,0.096,0.099,0.0971,0.097,0.0009949874371066208,0.030875,0.0315,0.03105,0.031,0.0002318404623873928,0.11625,0.11825000000000001,0.11661250000000001,0.11625,0.000696980092972533,0.01525,0.0155,0.015287499999999999,0.01525,8.926785535678571e-05,0.106375,0.108125,0.10676875,0.1065,0.0005745582542266716,0.073,0.074,0.07365000000000001,0.074,0.0004769696007084732,32,32,2560,10240,51200,False,3840,8
0.136,0.138,0.13690476190476192,0.137,0.0007499055118106493,0.04,0.042,0.04125000000000001,0.041,0.0005361902647381809,0.09475,0.096125,0.09590625,0.096,0.00027350445608801354,0.094,0.096,0.0949,0.095,0.0006244997998398403,0.03025,0.03075,0.030625000000000003,0.030625,9.682458365518551e-05,0.113625,0.115,0.11486875,0.114875,0.0002917485004245954,0.015,0.015125,0.015031250000000001,0.015,5.412658773652746e-05,0.1045,0.105375,0.10519375,0.10525,0.00017444107171191096,0.07200000000000001,0.073,0.0728,0.073,0.0003999999999999948,32,32,2560,10240,51200,False,3808,8
0.135,0.138,0.13585714285714287,0.136,0.0008329931278350436,0.04,0.041,0.04060000000000001,0.041,0.000489897948556636,0.09475,0.096,0.09530625000000001,0.095,0.0005221275586482679,0.092,0.096,0.09395,0.094,0.0009205976319760994,0.030125,0.030625,0.030374999999999996,0.03025,0.00018540496217739173,0.11375,0.11525,0.11436874999999999,0.113875,0.0006713733592420843,0.014750000000000001,0.015,0.014856250000000001,0.014875000000000001,0.00010661701318269928,0.10425,0.105625,0.10482500000000002,0.104375,0.0006304760106459252,0.07200000000000001,0.07200000000000001,0.07200000000000002,0.07200000000000001,1.3877787807814457e-17,32,32,2560,10240,51200,False,3776,8
0.132,0.137,0.13466666666666668,0.135,0.001247219128924648,0.04,0.041,0.04025000000000001,0.04,0.0004330127018922198,0.096,0.096375,0.09624374999999999,0.09625,8.36193010016229e-05,0.093,0.095,0.09380000000000001,0.094,0.0006000000000000006,0.030625,0.03075,0.030656250000000003,0.030625,5.412658773652746e-05,0.11525,0.115375,0.11531250000000004,0.11531250000000001,6.250000000000006e-05,0.014750000000000001,0.014875000000000001,0.014862500000000006,0.014875000000000001,3.750000000000004e-05,0.105625,0.10575,0.10563125,0.105625,2.724311839712923e-05,0.07100000000000001,0.07200000000000001,0.07145000000000001,0.07100000000000001,0.0004974937185533104,32,32,2560,10240,51200,False,3744,8
0.133,0.137,0.13504761904761903,0.135,0.0009988655696858593,0.04,0.041,0.04055000000000001,0.041,0.0004974937185533104,0.095125,0.097125,0.09591875000000001,0.0953125,0.0008387816685526701,0.092,0.096,0.09425000000000001,0.094,0.0008874119674649433,0.029,0.029750000000000002,0.029275000000000002,0.029125,0.0002727178028658931,0.107,0.109125,0.1078125,0.107125,0.0008974791083919456,0.014625,0.014875000000000001,0.014731250000000005,0.014687500000000001,0.00011370878374162668,0.106375,0.108125,0.10703749999999998,0.106375,0.0008014635050955228,0.07,0.07100000000000001,0.0703,0.07,0.0004582575694955844,32,32,2560,10240,51200,False,3712,8
0.13,0.133,0.13085714285714287,0.131,0.0009404008408634056,0.039,0.04,0.03950000000000001,0.0395,0.0005000000000000004,0.09325,0.09475,0.09359375,0.093375,0.00045736165941189297,0.091,0.093,0.09154999999999999,0.091,0.0006689544080129831,0.028375,0.028875,0.028468749999999998,0.028375,0.00014724023736737197,0.10475,0.106375,0.10509375000000001,0.10493749999999999,0.0004452439640242194,0.01425,0.0145,0.01428125,0.01425,6.702378309227261e-05,0.10375000000000001,0.105375,0.10395625000000001,0.10375000000000001,0.00045804441651437763,0.07,0.07,0.07000000000000002,0.07,1.3877787807814457e-17,32,32,2560,10240,51200,False,3680,8
0.131,0.133,0.132,0.132,0.0006172133998483682,0.039,0.04,0.03950000000000001,0.0395,0.0005000000000000004,0.094625,0.09525,0.094975,0.095,0.00014031215200402294,0.091,0.093,0.09195,0.092,0.0007399324293474377,0.028625,0.028875,0.028818750000000004,0.028875,7.368641326594753e-05,0.1065,0.10675,0.10656875000000002,0.1065625,7.368641326594754e-05,0.014375,0.014375,0.014375000000000004,0.014375,3.469446951953614e-18,0.105625,0.10575,0.10565,0.105625,5.000000000000004e-05,0.069,0.07,0.06985000000000001,0.07,0.00035707142142714284,32,32,2560,10240,51200,False,3648,8
0.128,0.131,0.1291904761904762,0.129,0.0007939681905015753,0.038,0.039,0.038950000000000005,0.039,0.00021794494717703385,0.094125,0.094625,0.09432499999999999,0.0943125,0.00012119199643540836,0.089,0.091,0.09054999999999999,0.091,0.0005894913061275802,0.0285,0.02875,0.028618750000000005,0.028625,4.8007160924178845e-05,0.105875,0.106125,0.10600625,0.106,9.249155366842971e-05,0.014125,0.01425,0.014131250000000001,0.014125,2.724311839712923e-05,0.104875,0.105,0.10495000000000002,0.105,6.12372435695795e-05,0.068,0.07,0.06830000000000001,0.068,0.0005567764362830027,32,32,2560,10240,51200,False,3616,8
0.127,0.131,0.12828571428571428,0.128,0.0012399253872658618,0.038,0.039,0.038250000000000006,0.038,0.0004330127018922198,0.076,0.077625,0.07676875000000001,0.076875,0.0006024364593050463,0.08700000000000001,0.09,0.08814999999999999,0.088,0.0010136567466356608,0.028125,0.02875,0.028356250000000006,0.028375,0.00020261956346809176,0.10400000000000001,0.10625,0.10503749999999998,0.105125,0.0008395497305103448,0.014,0.01425,0.01411875,0.014125,9.249155366842971e-05,0.10325000000000001,0.105625,0.10439375000000002,0.1045,0.0008698733744057187,0.068,0.068,0.06800000000000002,0.068,1.3877787807814457e-17,32,32,2560,10240,51200,False,3584,8
0.126,0.13,0.12785714285714286,0.128,0.0010816968277714816,0.038,0.039,0.03830000000000001,0.038,0.0004582575694955844,0.077375,0.0785,0.07772499999999999,0.0775,0.00045000000000000037,0.08600000000000001,0.089,0.08754999999999999,0.088,0.000668954408012977,0.0285,0.029,0.028687499999999998,0.028625,0.00014523687548277826,0.10575,0.10725,0.10617500000000002,0.105875,0.0006090463857539921,0.014,0.01425,0.014118750000000003,0.014125,9.249155366842973e-05,0.105,0.106375,0.10534999999999999,0.105,0.0005556527692723222,0.068,0.068,0.06800000000000002,0.068,1.3877787807814457e-17,32,32,2560,10240,51200,False,3552,8
0.124,0.128,0.12619047619047621,0.126,0.001005652956282995,0.037,0.038,0.03780000000000001,0.038,0.00040000000000000034,0.076625,0.0785,0.07750625000000001,0.077625,0.0006013981106554963,0.085,0.088,0.08675000000000002,0.08700000000000001,0.000993730345717586,0.028125,0.028875,0.02850625,0.0285,0.00024198075853257444,0.104625,0.107,0.10571875000000001,0.105875,0.0008775632099740743,0.01375,0.014125,0.0139625,0.014,0.00010532687216470458,0.10375000000000001,0.106125,0.10494375,0.105125,0.000870950450657207,0.066,0.068,0.06725,0.067,0.0006224949798994371,32,32,2560,10240,51200,False,3520,8
0.122,0.127,0.12566666666666665,0.126,0.0012084359562332886,0.037,0.038,0.0374,0.037,0.000489897948556636,0.075875,0.077625,0.07737499999999999,0.0775,0.0005046657309546593,0.084,0.08700000000000001,0.086,0.08600000000000001,0.0008366600265340762,0.028,0.028625,0.028499999999999998,0.0285,0.00017677669529663704,0.10362500000000001,0.106125,0.1058625,0.106125,0.0006695380870421022,0.013625,0.013875,0.013862500000000003,0.013875,5.448623679425846e-05,0.107375,0.110125,0.10977499999999998,0.11,0.0005937171043518964,0.066,0.067,0.0663,0.066,0.0004582575694955844,32,32,2560,10240,51200,False,3488,8
0.125,0.131,0.12904761904761905,0.129,0.001290115922299436,0.037,0.039,0.03815,0.038,0.0004769696007084732,0.08725000000000001,0.089625,0.08919374999999999,0.08925,0.0004668293987100616,0.08700000000000001,0.091,0.08895,0.089,0.0008645808232895283,0.027,0.02775,0.0276125,0.027625,0.00015761900266148126,0.099,0.101375,0.10100625,0.1010625,0.00048488884035415827,0.01375,0.014125,0.01410625,0.014125,8.17293551913877e-05,0.091875,0.093,0.09271250000000002,0.09275,0.0002095381826780028,0.066,0.066,0.06600000000000002,0.066,1.3877787807814457e-17,32,32,2560,10240,51200,False,3456,8
0.124,0.128,0.12557142857142858,0.125,0.0012562767579307552,0.037,0.038,0.03735000000000001,0.037,0.00047696960070847325,0.08750000000000001,0.088875,0.0879125,0.08775000000000001,0.00044388202261411256,0.08600000000000001,0.088,0.0872,0.08700000000000001,0.0005099019513592736,0.027,0.0275,0.027174999999999998,0.027125,0.00012747548783981975,0.099375,0.10075,0.09964999999999999,0.0995,0.0004551785364008286,0.013625,0.013875,0.013756250000000001,0.01375,6.21867148191638e-05,0.091,0.09225,0.09122499999999999,0.091,0.00043409388385463383,0.065,0.066,0.06555,0.066,0.0004974937185533104,32,32,2560,10240,51200,False,3424,8
0.123,0.128,0.12595238095238093,0.126,0.0011741740958036157,0.037,0.038,0.03730000000000001,0.037,0.0004582575694955844,0.08725000000000001,0.0895,0.08923749999999998,0.089375,0.00046586612883960305,0.085,0.089,0.08729999999999999,0.08700000000000001,0.0008426149773176312,0.027,0.02775,0.027587499999999997,0.027625,0.00014842927608797412,0.098875,0.10125,0.1010875,0.10125,0.0005125000000000005,0.0135,0.013875,0.013843750000000002,0.013875,8.727650027355595e-05,0.092125,0.09275,0.09260625,0.092625,0.00014934753931685664,0.064,0.066,0.06485,0.065,0.0005722761571129803,32,32,2560,10240,51200,False,3392,8
0.122,0.126,0.12371428571428573,0.123,0.0011187942975686422,0.036000000000000004,0.037,0.03640000000000001,0.036000000000000004,0.0004898979485566326,0.08775000000000001,0.088125,0.08785,0.08787500000000001,9.354143466934546e-05,0.084,0.08700000000000001,0.0856,0.08600000000000001,0.0006633249580710807,0.027,0.02725,0.0271375,0.027125,5.448623679425847e-05,0.099375,0.099625,0.09953749999999999,0.0995,6.959705453537534e-05,0.0135,0.013625,0.01353125,0.0135,5.4126587736527466e-05,0.09125,0.09125,0.09125000000000001,0.09125,1.3877787807814457e-17,0.064,0.065,0.06405000000000001,0.064,0.00021794494717703385,32,32,2560,10240,51200,False,3360,8
0.12,0.125,0.12123809523809526,0.121,0.0013768411709334258,0.035,0.036000000000000004,0.03550000000000001,0.035500000000000004,0.0005000000000000006,0.084625,0.08612500000000001,0.08503750000000002,0.08481250000000001,0.0004890999386628467,0.083,0.085,0.08455,0.085,0.0005894913061275802,0.02625,0.02675,0.02634375,0.02625,0.0001762234022483962,0.096625,0.09825,0.0970375,0.096875,0.0005215661511256271,0.013125,0.01325,0.01314375,0.013125,4.4633927678392855e-05,0.0925,0.093875,0.09274375,0.0925,0.0004784006558314907,0.063,0.064,0.06390000000000001,0.064,0.00030000000000000024,32,32,2560,10240,51200,False,3328,8
0.11800000000000001,0.124,0.11957142857142858,0.12,0.0014333254231707017,0.035,0.036000000000000004,0.035350000000000006,0.035,0.00047696960070847314,0.085,0.08650000000000001,0.08553125000000002,0.085125,0.0005848009811038287,0.083,0.085,0.08395000000000001,0.084,0.0005894913061275802,0.026375,0.026875,0.02656875000000001,0.0265,0.00016990346523835248,0.09725,0.099,0.0978,0.097375,0.0006547900426854404,0.013000000000000001,0.01325,0.013068750000000004,0.013000000000000001,0.00010807260291119046,0.093,0.09475,0.09355624999999998,0.093125,0.0007020895153041391,0.062,0.064,0.06285,0.063,0.0006538348415311016,32,32,2560,10240,51200,False,3296,8
0.115,0.11900000000000001,0.11733333333333333,0.117,0.0009428090415820643,0.034,0.035,0.034600000000000006,0.035,0.0004898979485566361,0.08375,0.085125,0.08419999999999998,0.084,0.0005114318136369701,0.081,0.084,0.08235,0.082,0.0007921489758877437,0.025875000000000002,0.026375,0.026025,0.026000000000000002,0.0001561249499599587,0.095625,0.096875,0.095975,0.095625,0.0005040461288413992,0.012750000000000001,0.012875000000000001,0.012787500000000002,0.012750000000000001,5.728219618694805e-05,0.091375,0.092625,0.09173125000000001,0.0915,0.0004747943633827179,0.062,0.063,0.062150000000000004,0.062,0.00035707142142714284,32,32,2560,10240,51200,False,3264,8
0.113,0.117,0.11538095238095239,0.116,0.0011328930717495553,0.034,0.035,0.034350000000000006,0.034,0.00047696960070847314,0.08425,0.08475,0.08445625000000002,0.0845,0.00012038350177661398,0.08,0.083,0.08165,0.082,0.0009096702699330133,0.026125,0.02625,0.02615625,0.026125,5.412658773652747e-05,0.09625,0.09675,0.09646875000000002,0.0965,0.00011775902300885493,0.012625,0.012750000000000001,0.0127,0.012750000000000001,6.123724356957951e-05,0.092,0.092375,0.09215625000000002,0.092125,0.00013621559198564618,0.061,0.062,0.06170000000000001,0.062,0.00045825756949558437,32,32,2560,10240,51200,False,3232,8
0.114,0.11900000000000001,0.11733333333333336,0.117,0.0010837911120705763,0.034,0.035,0.03455000000000001,0.035,0.0004974937185533104,0.06925,0.0695,0.06936875,0.069375,6.218671481916381e-05,0.079,0.083,0.08070000000000001,0.0805,0.0009539392014169464,0.0265,0.02675,0.02651875,0.0265,5.962120008855916e-05,0.098,0.09825,0.09818125000000001,0.09818750000000001,7.368641326594753e-05,0.012750000000000001,0.012750000000000001,0.012750000000000003,0.012750000000000001,1.734723475976807e-18,0.093625,0.093875,0.09373125000000002,0.09375,9.078649403958727e-05,0.06,0.062,0.06055000000000001,0.06,0.0006689544080129831,32,32,2560,10240,51200,False,3200,8
0.11,0.115,0.11300000000000002,0.113,0.0012724180205607048,0.033,0.034,0.033150000000000006,0.033,0.00035707142142714284,0.067375,0.06825,0.06779375000000001,0.0678125,0.0003734865292082169,0.077,0.079,0.07815000000000001,0.078,0.000726291952316698,0.025625000000000002,0.026000000000000002,0.025843750000000006,0.025875000000000002,0.0001623797632095824,0.09525,0.0965,0.09590625000000001,0.09593750000000001,0.000524218167846175,0.01225,0.0125,0.012387500000000001,0.012375,7.806247497998006e-05,0.090875,0.092125,0.09156875000000002,0.09181249999999999,0.0005145917678121177,0.059000000000000004,0.061,0.06000000000000001,0.06,0.0003162277660168371,32,32,2560,10240,51200,False,3168,8
0.112,0.116,0.11404761904761905,0.114,0.0009499970163457152,0.033,0.034,0.033100000000000004,0.033,0.00030000000000000024,0.067875,0.068875,0.06825,0.068,0.00043660622991432496,0.077,0.08,0.07850000000000001,0.078,0.0007416198487095669,0.025875000000000002,0.02625,0.02598125,0.025875000000000002,0.00014402148277253504,0.096375,0.097625,0.09674375000000002,0.096375,0.0005638525405635772,0.012375,0.0125,0.0124125,0.012375,5.7282196186948046e-05,0.092125,0.093375,0.09249375,0.092125,0.0005251115952823747,0.058,0.059000000000000004,0.05894999999999999,0.059000000000000004,0.0002179449471770339,32,32,2560,10240,51200,False,3136,8
0.10400000000000001,0.113,0.11100000000000002,0.112,0.0022886885410853173,0.031,0.033,0.032650000000000005,0.033,0.0005722761571129804,0.065125,0.06825,0.06763125,0.0680625,0.0008825345248204183,0.074,0.079,0.0766,0.077,0.0012409673645990868,0.024625,0.025875000000000002,0.0256,0.025750000000000002,0.00030259296092275534,0.09225,0.09675,0.096025,0.096625,0.001005143024648732,0.011875,0.01225,0.012187500000000002,0.01225,9.270248108869587e-05,0.08825,0.092375,0.09174374999999999,0.09225,0.0009232034919236395,0.057,0.059000000000000004,0.058100000000000006,0.058,0.0004358898943540678,32,32,2560,10240,51200,False,3104,8
0.108,0.113,0.11133333333333335,0.112,0.0010389249632986404,0.032,0.033,0.03280000000000001,0.033,0.00040000000000000034,0.067875,0.068125,0.06797500000000001,0.068,6.373774391990986e-05,0.076,0.078,0.077,0.077,0.0006324555320336764,0.024,0.024125,0.024006250000000003,0.024,2.724311839712923e-05,0.08725000000000001,0.08750000000000001,0.0874125,0.08737500000000001,8.00390529679107e-05,0.012125,0.01225,0.012243750000000001,0.01225,2.724311839712923e-05,0.09225,0.092375,0.09235000000000002,0.092375,5.000000000000004e-05,0.058,0.059000000000000004,0.05805000000000001,0.058,0.00021794494717703385,32,32,2560,10240,51200,False,3072,8
0.105,0.11,0.10799999999999998,0.108,0.0012344267996967364,0.031,0.033,0.03180000000000001,0.032,0.0006000000000000006,0.06575,0.067625,0.06668125000000001,0.06693750000000001,0.0008248816202946949,0.074,0.076,0.0753,0.075,0.0007141428428542856,0.02325,0.023875,0.023556249999999994,0.0235625,0.0002917485004245954,0.084625,0.08725000000000001,0.08596250000000001,0.08625000000000001,0.001157246192475915,0.01175,0.012125,0.011881250000000001,0.011875,0.00012167451458707379,0.089375,0.091875,0.090625,0.09075,0.0010375752984723577,0.056,0.058,0.05755000000000001,0.058,0.0005894913061275802,32,32,2560,10240,51200,False,3040,8
0.10200000000000001,0.112,0.10880952380952381,0.109,0.0018928197061287412,0.031,0.032,0.031950000000000006,0.032,0.00021794494717703385,0.065625,0.068,0.06779374999999999,0.067875,0.0005004295030271501,0.074,0.077,0.0757,0.076,0.0006403124237432856,0.023,0.024125,0.023950000000000006,0.024,0.0002215005643333671,0.08675000000000001,0.08762500000000001,0.0875375,0.08762500000000001,0.00018998355191963346,0.012,0.012,0.012000000000000002,0.012,1.734723475976807e-18,0.092125,0.09225,0.09222499999999999,0.09225,5.000000000000004e-05,0.055,0.057,0.055700000000000006,0.056,0.0006403124237432856,32,32,2560,10240,51200,False,3008,8
0.10200000000000001,0.109,0.10695238095238098,0.107,0.0013619380615309598,0.031,0.032,0.03180000000000001,0.032,0.00040000000000000034,0.0675,0.0685,0.06792500000000003,0.06775,0.00036529097990506176,0.073,0.077,0.07505,0.075,0.0009205976319760993,0.02375,0.024125,0.02393125,0.023875,0.00012167451458707377,0.08712500000000001,0.08825,0.08751875,0.08725000000000001,0.000438881746601513,0.01175,0.011875,0.011806249999999999,0.01175,6.21867148191638e-05,0.0915,0.092625,0.09204999999999999,0.09175,0.0004282960424752958,0.055,0.055,0.05500000000000001,0.055,6.938893903907228e-18,32,32,2560,10240,51200,False,2976,8
0.10200000000000001,0.108,0.1051904761904762,0.105,0.0013669238185149795,0.03,0.032,0.030900000000000004,0.031,0.0005385164807134509,0.07187500000000001,0.07425,0.07292499999999999,0.073125,0.0007899762654662428,0.07200000000000001,0.075,0.07335,0.073,0.0009096702699330093,0.023125,0.02375,0.02340625,0.0234375,0.00023675871156094783,0.084375,0.08725000000000001,0.08564375000000002,0.08600000000000001,0.0010347667309592058,0.011375,0.01175,0.011531250000000002,0.0115625,0.00014183507147387783,0.089,0.09225,0.09045624999999999,0.0906875,0.0011403638399651239,0.054,0.056,0.054900000000000004,0.055,0.0007681145747868615,32,32,2560,10240,51200,False,2944,8
0.099,0.105,0.10352380952380956,0.10400000000000001,0.0012580804584402746,0.03,0.032,0.031000000000000007,0.031,0.0003162277660168382,0.073,0.073375,0.0731125,0.073125,9.601432184835769e-05,0.07100000000000001,0.074,0.07265,0.07250000000000001,0.0008529361054615936,0.023375,0.0235,0.023481250000000002,0.0235,4.4633927678392855e-05,0.085875,0.08625000000000001,0.08603125,0.08600000000000001,8.727650027355596e-05,0.011375,0.0115,0.011387499999999998,0.011375,3.750000000000003e-05,0.0905,0.09075,0.0905875,0.090625,8.003905296791068e-05,0.053,0.054,0.053700000000000005,0.054,0.00045825756949558437,32,32,2560,10240,51200,False,2912,8
0.099,0.105,0.10338095238095239,0.10300000000000001,0.001252661565520561,0.03,0.031,0.030950000000000005,0.031,0.00021794494717703385,0.073875,0.07425,0.073975,0.074,8.477912478906592e-05,0.07200000000000001,0.073,0.07275,0.073,0.00043301270189221376,0.023625,0.02375,0.023725,0.02375,5.0000000000000036e-05,0.08662500000000001,0.08675000000000001,0.0867125,0.08675000000000001,5.728219618694805e-05,0.011375,0.011375,0.011375,0.011375,0.0,0.0915,0.09175,0.09166875000000001,0.091625,8.17293551913877e-05,0.053,0.054,0.05315000000000001,0.053,0.0003570714214271428,32,32,2560,10240,51200,False,2880,8
0.095,0.10400000000000001,0.10171428571428574,0.10200000000000001,0.0017766436291597756,0.029,0.031,0.029850000000000005,0.03,0.0004769696007084721,0.07150000000000001,0.0735,0.072775,0.072625,0.0006429910574805809,0.07,0.07200000000000001,0.07089999999999999,0.07100000000000001,0.0007000000000000006,0.020875,0.021375,0.021199999999999997,0.021125,0.0001785357107135714,0.083875,0.08600000000000001,0.08531250000000001,0.08531250000000001,0.0007283328565978615,0.011,0.01125,0.011162500000000002,0.011125,8.92678553567857e-05,0.088875,0.091125,0.09036249999999998,0.0905,0.0007550869155269485,0.051000000000000004,0.053,0.05285000000000001,0.053,0.0004769696007084712,32,32,2560,10240,51200,False,2848,8
0.099,0.106,0.10390476190476192,0.10400000000000001,0.0013058389715049589,0.03,0.031,0.030900000000000004,0.031,0.0003000000000000003,0.066,0.06625,0.06613749999999999,0.066125,6.731456008918136e-05,0.07100000000000001,0.074,0.07300000000000001,0.073,0.0008366600265340713,0.023875,0.024,0.02389375,0.023875,4.4633927678392855e-05,0.081125,0.0815,0.08136250000000002,0.081375,0.00010383279828647603,0.011375,0.011375,0.011375,0.011375,0.0,0.093,0.093375,0.09318749999999999,0.0931875,8.385254915624219e-05,0.051000000000000004,0.052000000000000005,0.051550000000000006,0.052000000000000005,0.0004974937185533105,32,32,2560,10240,51200,False,2816,8
0.095,0.10200000000000001,0.09971428571428573,0.1,0.001350233036072175,0.028,0.03,0.029600000000000005,0.03,0.000583095189484529,0.07162500000000001,0.072625,0.07205625000000002,0.07187500000000001,0.00036115050532983535,0.068,0.07100000000000001,0.06985,0.07,0.0008529361054615998,0.023,0.023375,0.02313125,0.023125,0.00012167451458707377,0.07825,0.07925,0.07871874999999999,0.0785,0.0004143424760991809,0.010875000000000001,0.011,0.010931250000000002,0.010875000000000001,6.218671481916293e-05,0.08975,0.090875,0.0903625,0.090375,0.0005137180647008633,0.051000000000000004,0.051000000000000004,0.05100000000000001,0.051000000000000004,6.938893903907228e-18,32,32,2560,10240,51200,False,2784,8
0.092,0.101,0.09909523809523811,0.1,0.001973750645339307,0.028,0.03,0.028950000000000004,0.029,0.0004974937185533096,0.072375,0.073625,0.07286875,0.0725625,0.00048488884035415827,0.068,0.07100000000000001,0.06960000000000002,0.07,0.0007348469228349541,0.021375,0.021750000000000002,0.021481249999999997,0.021375,0.00013272975363497075,0.078875,0.08025,0.07944999999999999,0.079125,0.0005190134873006677,0.010875000000000001,0.011,0.010924999999999999,0.010875000000000001,6.123724356957865e-05,0.09075,0.092,0.0912625,0.090875,0.0005432828453025188,0.049,0.05,0.04910000000000001,0.049,0.0003000000000000003,32,32,2560,10240,51200,False,2752,8
0.09,0.1,0.09757142857142859,0.098,0.0019656921371952675,0.028,0.029,0.028500000000000004,0.0285,0.0005000000000000004,0.07075000000000001,0.0725,0.07184375000000001,0.0718125,0.0005489692045096833,0.067,0.069,0.06785,0.068,0.0005722761571129803,0.022625,0.02325,0.023024999999999997,0.0230625,0.0001879162047296615,0.077375,0.079,0.0784625,0.078375,0.0005140221298738026,0.0105,0.010750000000000001,0.010668750000000001,0.010625,8.17293551913877e-05,0.088625,0.09075,0.09006249999999998,0.08975,0.000692030526783321,0.048,0.049,0.04845000000000001,0.048,0.0004974937185533104,32,32,2560,10240,51200,False,2720,8
0.093,0.10200000000000001,0.1,0.1,0.0018516401995451043,0.029,0.031,0.029750000000000006,0.03,0.0006982120021884462,0.059875000000000005,0.0615,0.060412499999999994,0.06,0.0006603739470936143,0.067,0.069,0.0679,0.068,0.0008306623862918082,0.020125,0.02075,0.020300000000000002,0.020125,0.0002318404623873928,0.0795,0.0815,0.08019999999999998,0.079625,0.0008690871647884356,0.010750000000000001,0.011,0.010912500000000002,0.010875000000000001,6.959705453537457e-05,0.073125,0.075,0.07384374999999999,0.07325,0.0008138210414458457,0.048,0.049,0.04825000000000001,0.048,0.0004330127018922198,32,32,2560,10240,51200,False,2688,8
0.08700000000000001,0.10200000000000001,0.09776190476190479,0.098,0.0029423793725286496,0.027,0.029,0.028650000000000002,0.029,0.0006538348415311016,0.05675,0.0605,0.059631250000000004,0.059750000000000004,0.0012465420921493175,0.064,0.067,0.0662,0.0665,0.001029563014098701,0.019,0.020375,0.019975,0.0200625,0.0004268342769740972,0.07525,0.080375,0.0791375,0.0794375,0.0016973784934421682,0.01025,0.010875000000000001,0.010675,0.010750000000000001,0.00018708286933869726,0.069375,0.073875,0.07289374999999998,0.0730625,0.0014010459262636579,0.046,0.048,0.047450000000000006,0.0475,0.0005894913061275802,32,32,2560,10240,51200,False,2656,8
0.089,0.099,0.09623809523809523,0.096,0.0019248936125150242,0.028,0.029,0.028200000000000003,0.028,0.00040000000000000034,0.059125000000000004,0.0615,0.059925000000000006,0.059875000000000005,0.0007378177281686833,0.064,0.067,0.06570000000000001,0.0655,0.0010049875621120899,0.01975,0.020625,0.020081250000000002,0.0200625,0.0002600330507839342,0.0785,0.0815,0.07955,0.0795,0.0009908960591303217,0.0105,0.010875000000000001,0.010612500000000002,0.010625,0.00010383279828647603,0.0725,0.075125,0.07341875,0.073375,0.0009170903376985287,0.046,0.047,0.04610000000000001,0.046,0.0003000000000000003,32,32,2560,10240,51200,False,2624,8
0.08700000000000001,0.099,0.0964761904761905,0.097,0.0022807485742529607,0.027,0.028,0.027500000000000004,0.0275,0.0005000000000000004,0.059250000000000004,0.06,0.05963124999999999,0.059812500000000005,0.00029174850042459454,0.064,0.066,0.06489999999999999,0.065,0.0007000000000000006,0.019875,0.020125,0.019975000000000003,0.02,0.0001015504800579496,0.078625,0.079625,0.07918124999999998,0.0794375,0.0003981892609049122,0.010375,0.0105,0.010443750000000002,0.0105,6.21867148191638e-05,0.072375,0.07325,0.072875,0.0730625,0.00030103986446980766,0.045,0.045,0.045000000000000005,0.045,6.938893903907228e-18,32,32,2560,10240,51200,False,2592,8
0.084,0.094,0.09180952380952381,0.092,0.001942483624225822,0.025,0.027,0.026150000000000007,0.026000000000000002,0.000476969600708472,0.056375,0.058375,0.057050000000000003,0.057,0.0006390911515582113,0.061,0.064,0.06275,0.063,0.0007664854858377953,0.019,0.019625,0.01921875,0.0191875,0.00021240806834958053,0.074875,0.0775,0.07582499999999998,0.075625,0.0008806957476904276,0.01,0.010375,0.010118750000000001,0.010125,0.00011507470399701241,0.068375,0.07075000000000001,0.06925000000000002,0.069125,0.0008431710977020034,0.042,0.044,0.043000000000000003,0.043000000000000003,0.0004472135954999568,32,32,2560,10240,51200,False,2560,8
0.08,0.091,0.08852380952380952,0.089,0.0023221305409974473,0.025,0.026000000000000002,0.025500000000000005,0.025500000000000002,0.0005000000000000004,0.05525,0.0575,0.05615625,0.055375,0.0010100085086275272,0.06,0.063,0.06155000000000001,0.062,0.0008046738469715548,0.018625,0.019375,0.018906249999999993,0.018625,0.0003465792658252946,0.073375,0.076375,0.07462499999999998,0.0735625,0.0013664506943172167,0.00975,0.01,0.009850000000000001,0.00975,0.000122474487139159,0.067125,0.06975,0.0682375,0.06725,0.0012259562594154829,0.042,0.043000000000000003,0.04215000000000001,0.042,0.00035707142142714284,32,32,2560,10240,51200,False,2528,8
0.08,0.092,0.08976190476190476,0.09,0.002388559276949419,0.025,0.026000000000000002,0.025550000000000007,0.026000000000000002,0.0004974937185533105,0.056875,0.0575,0.056981250000000004,0.056875,0.00016898132293244732,0.06,0.062,0.0612,0.061,0.0006000000000000006,0.019125,0.019375,0.0192,0.0191875,8.291561975888507e-05,0.0755,0.076375,0.07566874999999999,0.075625,0.000241334182203848,0.009875,0.01,0.0098875,0.009875,3.750000000000004e-05,0.069125,0.069875,0.06924375,0.069125,0.00022176493749012733,0.041,0.042,0.04195000000000001,0.042,0.00021794494717703385,32,32,2560,10240,51200,False,2496,8
0.074,0.091,0.08776190476190476,0.089,0.0036108930685959757,0.023,0.026000000000000002,0.024800000000000006,0.025,0.0006782329983125273,0.053125,0.058,0.05646875,0.056875,0.0011718541664814792,0.057,0.062,0.060399999999999995,0.061,0.0011135528725660035,0.018125,0.0195,0.01904375,0.019125,0.00031690643335218074,0.07062500000000001,0.07725,0.0751,0.0755,0.0015225389978585086,0.00925,0.009875,0.009706250000000001,0.00975,0.00015449008867885356,0.0645,0.07062500000000001,0.06869375,0.069,0.0014633411042884034,0.04,0.042,0.04085000000000001,0.041,0.0006538348415311016,32,32,2560,10240,51200,False,2464,8
0.081,0.091,0.08857142857142856,0.089,0.0019656921371952654,0.025,0.026000000000000002,0.025100000000000004,0.025,0.0003000000000000003,0.062125,0.063625,0.06248750000000001,0.06225,0.0005726855594477659,0.061,0.063,0.06174999999999999,0.062,0.0006982120021884477,0.0205,0.021125,0.020700000000000003,0.020625,0.0002031009601158992,0.07,0.07187500000000001,0.07055,0.07025,0.0006304760106459252,0.009625,0.009875,0.009699999999999999,0.009625,0.00010752906583803294,0.069875,0.07162500000000001,0.07031875000000001,0.07,0.0006851949996168979,0.04,0.041,0.04010000000000001,0.04,0.0003000000000000003,32,32,2560,10240,51200,False,2432,8
0.074,0.088,0.08447619047619048,0.084,0.0028721826380952815,0.023,0.025,0.024300000000000006,0.024,0.0005567764362830027,0.059625000000000004,0.062625,0.060737500000000014,0.059750000000000004,0.001298977963631406,0.058,0.062,0.059550000000000006,0.059000000000000004,0.0012835497652993416,0.0185,0.0195,0.01896875,0.018625,0.0004345885266548122,0.067,0.07025,0.06866249999999999,0.06775,0.0013009011299864428,0.00925,0.009625,0.009431249999999999,0.009375,0.00016524130083002872,0.067,0.07037500000000001,0.06836249999999999,0.06725,0.0015313902996950204,0.038,0.04,0.038650000000000004,0.039,0.0006538348415311017,32,32,2560,10240,51200,False,2400,8
0.076,0.088,0.08595238095238097,0.08600000000000001,0.002339641618388239,0.024,0.025,0.024700000000000007,0.025,0.0004582575694955844,0.062375,0.063125,0.062575,0.0625,0.00017410485346480166,0.059000000000000004,0.062,0.06020000000000001,0.06,0.0006782329983125261,0.019375,0.01975,0.019525,0.0195,7.500000000000006e-05,0.07,0.07087500000000001,0.07021250000000001,0.070125,0.0002168668946612186,0.0095,0.0095,0.009500000000000001,0.0095,1.734723475976807e-18,0.07037500000000001,0.07112500000000001,0.07062500000000002,0.0705625,0.00019364916731037102,0.038,0.038,0.038000000000000006,0.038,6.938893903907228e-18,32,32,2560,10240,51200,False,2368,8
0.073,0.088,0.08500000000000002,0.08600000000000001,0.002828427124746192,0.024,0.025,0.024050000000000005,0.024,0.00021794494717703388,0.06125,0.06275,0.062043749999999995,0.0625,0.0006228400175807594,0.058,0.061,0.0591,0.059000000000000004,0.000768114574786859,0.019,0.0195,0.019325000000000002,0.0195,0.00019525624189766652,0.068625,0.070125,0.069475,0.07,0.0006830538046157131,0.00925,0.009375,0.009318749999999997,0.009375,6.21867148191638e-05,0.068875,0.07062500000000001,0.06993749999999999,0.07062500000000001,0.0007989250590637404,0.036000000000000004,0.038,0.03690000000000001,0.037,0.000624499799839838,32,32,2560,10240,51200,False,2336,8
0.07100000000000001,0.08600000000000001,0.08261904761904763,0.083,0.0027856125337542216,0.023,0.024,0.023800000000000005,0.024,0.0004000000000000003,0.047375,0.04925,0.048293749999999996,0.0485,0.0006215844170344047,0.055,0.058,0.05675000000000001,0.057,0.0008291561975888507,0.01825,0.019,0.01858125,0.018625,0.0002539531206738758,0.065625,0.06825,0.06690624999999999,0.067,0.0008899394291186348,0.008875000000000001,0.00925,0.009068750000000004,0.009125,0.00012793430931536636,0.0675,0.07025,0.06891874999999999,0.069,0.0009119647402723427,0.036000000000000004,0.037,0.03605000000000001,0.036000000000000004,0.00021794494717703236,32,32,2560,10240,51200,False,2304,8
0.065,0.084,0.08180952380952383,0.083,0.0041475069691269875,0.021,0.024,0.023500000000000004,0.024,0.0009219544457292886,0.04475,0.049625,0.04875,0.048875,0.0013299436078270399,0.053,0.057,0.05589999999999999,0.056,0.0011357816691600557,0.017125,0.019,0.018687500000000003,0.01875,0.0005325352101035192,0.0615,0.068625,0.06752500000000002,0.067625,0.0015555344740634984,0.008375,0.009125,0.00901875,0.009000000000000001,0.0001594668852771631,0.063125,0.07037500000000001,0.06939375,0.06943750000000001,0.0015131067997666272,0.034,0.036000000000000004,0.03550000000000001,0.036000000000000004,0.0005916079783099621,32,32,2560,10240,51200,False,2272,8
0.068,0.083,0.08004761904761905,0.081,0.002967702181120549,0.022,0.023,0.022800000000000004,0.023,0.0004000000000000003,0.04725,0.04925,0.0480125,0.0484375,0.0006856794075951244,0.053,0.056,0.0548,0.055,0.0008124038404635969,0.018125,0.018875,0.018456249999999997,0.018625,0.0002600330507839342,0.0655,0.067875,0.06650625000000002,0.067125,0.0008619336908950718,0.008625,0.009000000000000001,0.0088,0.008875000000000001,0.0001145643923738961,0.067375,0.069625,0.0684,0.069,0.000853851567896904,0.034,0.036000000000000004,0.03445000000000001,0.034,0.0005894913061275804,32,32,2560,10240,51200,False,2240,8
0.063,0.082,0.07785714285714287,0.078,0.004050699108216522,0.021,0.023,0.022050000000000004,0.022,0.000668954408012982,0.044375,0.0485,0.046768750000000005,0.04675,0.0013734508318465587,0.051000000000000004,0.055,0.0529,0.053,0.0012609520212918475,0.01725,0.018625,0.018037500000000005,0.018000000000000002,0.0004611466686424171,0.061625,0.06725,0.06487500000000002,0.0648125,0.0018862164509938952,0.008125,0.00875,0.008500000000000002,0.0085,0.0002165063509461098,0.063125,0.068875,0.0666625,0.0665,0.0019369354016073965,0.033,0.034,0.03370000000000001,0.034,0.00045825756949558437,32,32,2560,10240,51200,False,2208,8
0.068,0.081,0.07890476190476192,0.079,0.00254305331863213,0.022,0.023,0.022300000000000004,0.022,0.00045825756949558437,0.047625,0.04875,0.04831875,0.048625,0.0004668293987100645,0.052000000000000005,0.055,0.053300000000000014,0.053,0.0008999999999999989,0.01825,0.018625,0.01849375,0.0185625,0.00014510233457804887,0.07225,0.07375,0.07308125,0.0735625,0.0006688084086642458,0.0085,0.00875,0.008662500000000002,0.00875,0.00011250000000000009,0.0675,0.069125,0.06848125000000001,0.069,0.000714006083657556,0.033,0.033,0.03300000000000001,0.033,6.938893903907228e-18,32,32,2560,10240,51200,False,2176,8
0.063,0.079,0.07538095238095238,0.076,0.0030312058024456285,0.021,0.022,0.021300000000000003,0.021,0.0004582575694955828,0.045375,0.04825,0.04670625,0.0465,0.0009628043350027053,0.05,0.053,0.051400000000000015,0.051000000000000004,0.0010198039027185556,0.016875,0.018000000000000002,0.017412499999999997,0.0173125,0.00037934977263733835,0.068625,0.072875,0.0708,0.07037500000000001,0.00146543508897528,0.008125,0.0085,0.008300000000000002,0.00825,0.00013919410907075068,0.064375,0.068,0.0661375,0.06575,0.001318083362310595,0.031,0.032,0.031150000000000004,0.031,0.0003570714214271428,32,32,2560,10240,51200,False,2144,8
0.059000000000000004,0.078,0.07528571428571429,0.077,0.004037241598900312,0.02,0.022,0.021400000000000002,0.0215,0.0006633249580710789,0.043875000000000004,0.048,0.0471125,0.0471875,0.0011373626290677912,0.048,0.052000000000000005,0.05130000000000001,0.052000000000000005,0.0010535653752852749,0.01625,0.017875000000000002,0.017499999999999995,0.0175,0.00041833001326703814,0.06575,0.0725,0.07123750000000001,0.07143750000000001,0.0018720393291808786,0.00775,0.0085,0.008262499999999999,0.00825,0.00018498310733685943,0.061625,0.0675,0.06659374999999998,0.066875,0.0016671809102493964,0.03,0.031,0.030900000000000004,0.031,0.0003000000000000003,32,32,2560,10240,51200,False,2112,8
0.06,0.077,0.07371428571428572,0.074,0.003268068559385426,0.02,0.022,0.020800000000000006,0.021,0.0005099019513592785,0.045,0.047625,0.04636250000000001,0.0465,0.0008722277512209763,0.048,0.051000000000000004,0.04975000000000001,0.05,0.0008874119674649432,0.017125,0.018000000000000002,0.017568750000000005,0.017625000000000002,0.00029705586595790386,0.06825,0.072125,0.07028125,0.07050000000000001,0.0013339760820569443,0.007875,0.00825,0.008081250000000002,0.008125,0.00013849074878850224,0.06375,0.0675,0.06578124999999999,0.065875,0.0012060232947584397,0.029,0.031,0.029700000000000004,0.03,0.0005567764362830012,32,32,2560,10240,51200,False,2080,8
0.057,0.077,0.07233333333333333,0.073,0.004003966287538648,0.019,0.021,0.020500000000000004,0.021,0.0008062257748298558,0.046875,0.051500000000000004,0.04954375,0.0498125,0.0014568131958147565,0.05,0.054,0.052250000000000005,0.052000000000000005,0.0011346805717910196,0.0165,0.017875000000000002,0.017306249999999995,0.017375,0.00042843282729034703,0.053,0.058,0.055956250000000006,0.056125,0.0016150053211986656,0.007625,0.00825,0.00794375,0.008,0.00018317938612191073,0.05475,0.059875000000000005,0.05779374999999999,0.058,0.0016818307547134478,0.029,0.031,0.030250000000000006,0.03,0.0006224949798994365,32,32,2560,10240,51200,False,2048,8
0.06,0.075,0.07300000000000001,0.074,0.0029760952365713795,0.02,0.022,0.021,0.021,0.0003162277660168377,0.04975,0.05025,0.04999375,0.049875,0.00018739580438206205,0.051000000000000004,0.054,0.05200000000000001,0.052000000000000005,0.0007071067811865462,0.01725,0.0175,0.017400000000000006,0.017375,9.354143466934863e-05,0.056375,0.05675,0.05647500000000001,0.056375,0.00014031215200402294,0.008,0.008,0.008000000000000002,0.008,1.734723475976807e-18,0.058125,0.058625000000000003,0.058275,0.058125,0.00018371173070873853,0.029,0.03,0.029400000000000003,0.029,0.0004898979485566344,32,32,2560,10240,51200,False,2048,8
0.06,0.075,0.07285714285714287,0.073,0.0029806633056245375,0.02,0.021,0.020850000000000004,0.021,0.00035707142142714284,0.049125,0.05075,0.05001875,0.050375,0.0005690933029829121,0.051000000000000004,0.053,0.052250000000000005,0.052000000000000005,0.0006224949798994342,0.017,0.017625000000000002,0.017337500000000002,0.0174375,0.00021323402636539996,0.0555,0.057375,0.056362499999999996,0.056875,0.0006660283402378616,0.007875,0.008125,0.007956250000000002,0.008,7.153451963912254e-05,0.057375,0.059500000000000004,0.05827500000000001,0.058750000000000004,0.0007033402448317605,0.029,0.03,0.029450000000000004,0.029,0.0004974937185533087,32,32,2560,10240,51200,False,2032,8
0.057,0.074,0.07076190476190478,0.07100000000000001,0.0032791514858451086,0.02,0.021,0.020350000000000004,0.02,0.0004769696007084732,0.048125,0.051625000000000004,0.0493125,0.04975,0.0009846477796654,0.049,0.053,0.05115000000000001,0.051000000000000004,0.0008529361054615991,0.014750000000000001,0.015625,0.01501875,0.0150625,0.00026003305078393355,0.054375,0.058375,0.0557125,0.05625,0.001243797109660576,0.007625,0.008125,0.0078,0.007875,0.00014469796128487795,0.052000000000000005,0.055875,0.05336249999999999,0.05375,0.0011256248264852732,0.029,0.03,0.029450000000000004,0.029,0.0004974937185533087,32,32,2560,10240,51200,False,2016,8
0.054,0.074,0.07152380952380952,0.073,0.0042158323769316865,0.019,0.021,0.020700000000000003,0.021,0.0006403124237432854,0.045875,0.051000000000000004,0.05030625,0.05075,0.0014579925196996052,0.048,0.053,0.051400000000000015,0.052000000000000005,0.0011135528725660048,0.014125,0.015375,0.015143749999999997,0.01525,0.00029121244393054337,0.052000000000000005,0.05725,0.056918750000000004,0.057125,0.0011300407901929906,0.0073750000000000005,0.007875,0.00785,0.007875,0.00010897247358851676,0.05,0.054875,0.05445,0.054625,0.0010234744745229356,0.028,0.03,0.029400000000000003,0.029,0.000583095189484529,32,32,2560,10240,51200,False,2000,8
0.058,0.07200000000000001,0.07033333333333333,0.07100000000000001,0.0028840007485193765,0.02,0.021,0.020300000000000006,0.02,0.0004582575694955844,0.04925,0.050375,0.04971875,0.0494375,0.00042916161000257277,0.049,0.052000000000000005,0.050350000000000006,0.05,0.0007262919523166982,0.014625,0.01525,0.01491875,0.0149375,0.00018232440182268462,0.055625,0.056625,0.0561,0.056,0.00047037219305566985,0.007625,0.00775,0.007693750000000001,0.00775,6.21867148191638e-05,0.053125,0.054375,0.053737499999999994,0.053625,0.0005045109017652646,0.028,0.029,0.028800000000000003,0.029,0.0004000000000000004,32,32,2560,10240,51200,False,1984,8
0.055,0.073,0.06928571428571428,0.07,0.0034934340744678534,0.019,0.021,0.019850000000000003,0.02,0.0006538348415311017,0.04725,0.051375000000000004,0.049025,0.0495,0.0012726694386210437,0.048,0.052000000000000005,0.04985000000000001,0.05,0.001061838029079766,0.014125,0.0155,0.014718750000000003,0.014875000000000001,0.00040287055923708285,0.05325,0.058,0.055281250000000004,0.05575,0.001431168119928614,0.0073750000000000005,0.007875,0.007587499999999999,0.007625,0.00014306903927824475,0.051125000000000004,0.055375,0.0531,0.053375,0.0013291209501019824,0.027,0.029,0.028250000000000004,0.028,0.0005361902647381809,32,32,2560,10240,51200,False,1968,8
0.054,0.07200000000000001,0.06842857142857144,0.069,0.0034582052676886315,0.019,0.021,0.019800000000000005,0.02,0.0005099019513592789,0.04675,0.050625,0.048531250000000005,0.048875,0.0011081198885950934,0.048,0.052000000000000005,0.04930000000000001,0.049,0.0010535653752852749,0.01425,0.01525,0.0146625,0.014750000000000001,0.00025647855660853973,0.05275,0.057,0.054731249999999995,0.055,0.0012779836413272288,0.00725,0.00775,0.007475,0.0075,0.00015103807466993198,0.0505,0.0545,0.05238750000000001,0.052625,0.0012549277867670299,0.027,0.029,0.028050000000000002,0.028,0.0005894913061275804,32,32,2560,10240,51200,False,1952,8
0.051000000000000004,0.07200000000000001,0.06904761904761905,0.07,0.004168774976807485,0.018000000000000002,0.021,0.020150000000000008,0.02,0.000653834841531101,0.0495,0.050625,0.05030000000000001,0.05025,0.0002861380785564902,0.049,0.05,0.04955000000000001,0.05,0.0004974937185533104,0.014875000000000001,0.01525,0.01506875,0.0150625,9.249155366842955e-05,0.056375,0.057,0.0566875,0.0565,0.0002452677108793575,0.007625,0.007625,0.007624999999999998,0.007625,1.734723475976807e-18,0.054,0.054625,0.054325,0.054125,0.0002633913438213187,0.027,0.029,0.027800000000000002,0.028,0.0006000000000000005,32,32,2560,10240,51200,False,1936,8
0.055,0.07200000000000001,0.06900000000000002,0.07,0.003366501646120694,0.02,0.021,0.020250000000000004,0.02,0.00043301270189221973,0.042875,0.044625,0.04378125000000001,0.044375,0.0007704250044618204,0.048,0.051000000000000004,0.04920000000000001,0.049,0.0009797958971132722,0.013875,0.0145,0.014218750000000002,0.0145,0.000310933574095819,0.0555,0.05775,0.05670000000000001,0.0575625,0.0010242375212810757,0.0073750000000000005,0.007625,0.007524999999999999,0.007625,0.000115920231193696,0.053,0.055125,0.054093749999999996,0.054875,0.000966529713718105,0.027,0.028,0.027250000000000003,0.027,0.00043301270189221973,32,32,2560,10240,51200,False,1920,8
0.053,0.07200000000000001,0.06728571428571428,0.068,0.0034934340744678543,0.019,0.021,0.019450000000000002,0.019,0.0005894913061275802,0.041625,0.045125,0.042662500000000006,0.0425,0.0008624999999999988,0.047,0.05,0.04805000000000001,0.048,0.0007399324293474377,0.01325,0.014625,0.013800000000000002,0.01375,0.0003921096785339534,0.052875,0.0585,0.055075,0.055125,0.0016869906638745825,0.007125,0.00775,0.00735625,0.0073750000000000005,0.0001689813229324471,0.05075,0.05575,0.05260625,0.052625,0.0015320916054531457,0.027,0.028,0.02705,0.027,0.00021794494717703388,32,32,2560,10240,51200,False,1904,8
0.055,0.07100000000000001,0.06842857142857144,0.069,0.0031254931583660855,0.019,0.02,0.019800000000000005,0.02,0.0004000000000000003,0.043375000000000004,0.0445,0.043787500000000014,0.043437500000000004,0.00048266836440769267,0.047,0.051000000000000004,0.04885000000000001,0.049,0.0009096702699330135,0.014,0.014375,0.014187500000000002,0.014125,0.00016056540723331425,0.05625,0.05775,0.05681875000000001,0.0563125,0.0006619986310408812,0.0073750000000000005,0.007625,0.00745625,0.0075,8.17293551913873e-05,0.05375,0.055125,0.054318750000000006,0.05375,0.0006305689395300094,0.026000000000000002,0.027,0.026900000000000007,0.027,0.0002999999999999992,32,32,2560,10240,51200,False,1888,8
0.052000000000000005,0.07100000000000001,0.06733333333333333,0.069,0.00383385089673721,0.019,0.021,0.019950000000000002,0.02,0.0007399324293474377,0.042375,0.045875,0.04375,0.04425,0.0010093314619093153,0.046,0.05,0.04785000000000001,0.048,0.0012757350822173083,0.013625,0.015,0.014168750000000003,0.014375,0.0004317026609832284,0.053875,0.059625000000000004,0.05668125,0.0575,0.0018491868990180539,0.007125,0.007625,0.00735,0.0073750000000000005,0.00016583123951776984,0.051750000000000004,0.05725,0.054275000000000004,0.055,0.0017426631917843432,0.025,0.027,0.026300000000000007,0.026000000000000002,0.000714142842854284,32,32,2560,10240,51200,False,1872,8
0.05,0.07100000000000001,0.06557142857142856,0.067,0.004203982562732048,0.017,0.021,0.019100000000000006,0.019,0.0011357816691600546,0.04125,0.044875,0.0427125,0.042625,0.0011646485521392266,0.045,0.05,0.04685000000000001,0.047,0.0012359207094308285,0.012875000000000001,0.014625,0.0137375,0.013875,0.0006084046761818977,0.051250000000000004,0.05825,0.05495625,0.055375,0.0023201814988271924,0.00675,0.0075,0.007156250000000001,0.007125,0.0002334356174622887,0.049375,0.055625,0.052575000000000004,0.052875,0.0020688916114673566,0.025,0.027,0.026100000000000005,0.026000000000000002,0.0006999999999999993,32,32,2560,10240,51200,False,1856,8
0.053,0.069,0.06671428571428573,0.067,0.0032240592152020502,0.019,0.02,0.019750000000000004,0.02,0.0004330127018922198,0.042625,0.0445,0.04345000000000001,0.043000000000000003,0.0007493747393660903,0.046,0.049,0.04755000000000001,0.048,0.0009205976319760994,0.013875,0.0145,0.014143750000000002,0.014,0.00028304979685560657,0.055625,0.05775,0.05654374999999999,0.05575,0.0009852624967489638,0.007125,0.0073750000000000005,0.0072562500000000005,0.00725,0.00010807260291119123,0.053125,0.055125,0.05398750000000001,0.05325,0.0009319837713179352,0.025,0.027,0.025850000000000005,0.026000000000000002,0.0006538348415311006,32,32,2560,10240,51200,False,1840,8
0.049,0.068,0.06433333333333333,0.065,0.003796405986284715,0.018000000000000002,0.021,0.018900000000000007,0.019,0.0007681145747868602,0.041375,0.044375,0.04265625000000001,0.0425625,0.0008995441553920506,0.044,0.049,0.04605000000000001,0.046,0.0013219304066402298,0.013000000000000001,0.014375,0.013706250000000003,0.0138125,0.00044065824342680787,0.051625000000000004,0.057625,0.05461250000000001,0.054875,0.001764626376885486,0.00675,0.00725,0.007025000000000001,0.007,0.00016105123408406423,0.0495,0.055,0.05235000000000001,0.0525,0.0016122577337386221,0.024,0.026000000000000002,0.025050000000000006,0.025,0.0003840572873934307,32,32,2560,10240,51200,False,1824,8
0.048,0.067,0.06452380952380952,0.066,0.004078036964953647,0.018000000000000002,0.02,0.019350000000000006,0.019,0.0006538348415311009,0.04125,0.044125,0.04351250000000001,0.043625000000000004,0.0007714637062104725,0.044,0.048,0.046450000000000005,0.0465,0.0010712142642814286,0.013000000000000001,0.01425,0.0140625,0.014125,0.0003590351654086266,0.051125000000000004,0.057125,0.056256249999999994,0.0564375,0.001357545464247883,0.00675,0.00725,0.00711875,0.007125,9.249155366842973e-05,0.049625,0.054625,0.053962500000000004,0.054,0.0010331232985466927,0.024,0.026000000000000002,0.025000000000000005,0.025,0.0003162277660168382,32,32,2560,10240,51200,False,1808,8
0.05,0.066,0.06319047619047619,0.064,0.003245789178657519,0.018000000000000002,0.02,0.018950000000000005,0.019,0.0005894913061275793,0.042,0.04425,0.043337499999999994,0.044125,0.0009667115650492629,0.04,0.043000000000000003,0.041150000000000006,0.041,0.0009630680142129121,0.013625,0.0145,0.014118750000000003,0.014375,0.00032947638382743033,0.057375,0.06025,0.059043750000000006,0.06,0.001300405585769299,0.006875,0.007125,0.00703125,0.007125,0.00011775902300885492,0.050875000000000004,0.0535,0.052543749999999986,0.053375,0.0011471942675501802,0.024,0.025,0.024550000000000006,0.025,0.0004974937185533104,32,32,2560,10240,51200,False,1792,8
0.047,0.066,0.06219047619047619,0.063,0.003812498838332971,0.017,0.02,0.018350000000000005,0.018000000000000002,0.0007262919523166967,0.04025,0.044375,0.042343750000000006,0.0425,0.0012722243070701007,0.038,0.042,0.04005000000000001,0.04,0.0012031209415515976,0.013125,0.0145,0.013768750000000001,0.01375,0.00040941078087905827,0.055125,0.060375,0.05777500000000001,0.058,0.0017386237373278896,0.006500000000000001,0.007125,0.006843750000000001,0.006875,0.00015749503960442695,0.049375,0.053625,0.05145000000000001,0.051375000000000004,0.0014955141256437522,0.023,0.025,0.024100000000000003,0.024,0.0005385164807134509,32,32,2560,10240,51200,False,1776,8
0.05,0.064,0.06233333333333334,0.063,0.002884000748519375,0.018000000000000002,0.02,0.019050000000000004,0.019,0.0003840572873934303,0.043625000000000004,0.0445,0.04393125000000001,0.043750000000000004,0.00034792914149291664,0.04,0.042,0.040900000000000006,0.041,0.0007000000000000008,0.014125,0.0145,0.014312500000000002,0.01425,0.00012183492931011215,0.059500000000000004,0.060625,0.05992499999999999,0.059625000000000004,0.0004927600836106727,0.006875,0.007,0.006925000000000001,0.006875,6.12372435695795e-05,0.055,0.056125,0.0554875,0.055125,0.0004625000000000004,0.023,0.024,0.023200000000000005,0.023,0.0004000000000000003,32,32,2560,10240,51200,False,1760,8
0.047,0.065,0.0609047619047619,0.062,0.00340734167999968,0.017,0.02,0.018450000000000005,0.018000000000000002,0.0006689544080129816,0.041375,0.045,0.04265000000000001,0.043250000000000004,0.0010213349107907749,0.039,0.042,0.04010000000000001,0.04,0.0008888194417315596,0.0135,0.0145,0.013893750000000002,0.014,0.0003193621572760307,0.0565,0.061375,0.058275,0.059000000000000004,0.0015189428889856261,0.006500000000000001,0.007,0.006750000000000002,0.00675,0.00013110110602126897,0.052375,0.05675,0.05411875000000001,0.0546875,0.0013860211713750995,0.022,0.024,0.022900000000000004,0.023,0.0004358898943540677,32,32,2560,10240,51200,False,1744,8
0.046,0.065,0.061142857142857145,0.062,0.003783242679245944,0.017,0.02,0.018800000000000004,0.019,0.0007483314773547876,0.040375,0.04575,0.043393749999999995,0.043625000000000004,0.0015867000937480275,0.037,0.041,0.03975000000000001,0.04,0.001299038105676659,0.013125,0.014875000000000001,0.0141125,0.014125,0.0005075985126061744,0.047875,0.052000000000000005,0.04991250000000001,0.049625,0.0011525108459359513,0.0063750000000000005,0.007,0.0067750000000000015,0.00675,0.00015612494995995992,0.051000000000000004,0.057625,0.05498750000000001,0.055125,0.001889485710451391,0.022,0.024,0.022950000000000005,0.023,0.00038405728739343076,32,32,2560,10240,51200,False,1728,8
0.049,0.065,0.061714285714285715,0.062,0.003088270546112564,0.018000000000000002,0.02,0.019200000000000005,0.019,0.0005099019513592786,0.043125000000000004,0.045,0.04403749999999999,0.043500000000000004,0.0008169111028747227,0.039,0.041,0.04010000000000001,0.04,0.0007000000000000006,0.0155,0.016375,0.01589375,0.01575,0.0003119369928366948,0.049125,0.051000000000000004,0.050175000000000004,0.0498125,0.0007346342627457562,0.006625,0.006875,0.0067625,0.00675,0.00011110243021644497,0.054625,0.056625,0.05561875000000001,0.0555,0.0008957146239176859,0.023,0.024,0.023050000000000005,0.023,0.00021794494717703388,32,32,2560,10240,51200,False,1712,8
0.045,0.063,0.05928571428571428,0.061,0.0036140316116210045,0.017,0.02,0.018300000000000004,0.019,0.0009539392014169449,0.035,0.03725,0.0363875,0.0371875,0.0009793971359974437,0.035,0.038,0.03660000000000001,0.037,0.0011135528725660024,0.014875000000000001,0.016,0.015431249999999999,0.01575,0.0004462955158860546,0.048125,0.05,0.04936875000000001,0.05,0.000776082912774145,0.00625,0.00675,0.006537500000000002,0.006625,0.00013749999999999974,0.051250000000000004,0.056125,0.05365625,0.055125,0.0019388604094931624,0.022,0.023,0.022600000000000002,0.023,0.0004898979485566361,32,32,2560,10240,51200,False,1696,8
0.045,0.063,0.06038095238095238,0.061,0.003644646308219516,0.017,0.02,0.019200000000000005,0.019,0.0006782329983125269,0.03675,0.03875,0.037962499999999996,0.03775,0.0004858947931394207,0.037,0.038,0.037450000000000004,0.037,0.0004974937185533104,0.015875,0.016375,0.016081250000000002,0.016,0.0001642929928511866,0.050375,0.051625000000000004,0.0507625,0.0505,0.0005137180647008634,0.006625,0.00675,0.0066625,0.006625,5.7282196186948046e-05,0.055875,0.05725,0.05635000000000001,0.056,0.0005817538139110053,0.023,0.023,0.023000000000000003,0.023,3.469446951953614e-18,32,32,2560,10240,51200,False,1680,8
0.047,0.061,0.05866666666666668,0.059000000000000004,0.0027660068059919244,0.017,0.02,0.018550000000000004,0.019,0.0006689544080129817,0.037375,0.038375,0.037943750000000005,0.038,0.00032228432710884375,0.04,0.044,0.04215000000000001,0.042,0.0009630680142129114,0.012875000000000001,0.013375,0.013168750000000003,0.01325,0.00021749640801631585,0.045125,0.047,0.046193750000000006,0.0461875,0.0007979221061607463,0.00625,0.006500000000000001,0.006425000000000002,0.0064375000000000005,8.291561975888508e-05,0.063625,0.065375,0.06466875,0.0648125,0.000653446392215919,0.021,0.023,0.0216,0.022,0.000583095189484529,32,32,2560,10240,51200,False,1664,8
0.043000000000000003,0.062,0.058428571428571434,0.059000000000000004,0.003774241375320829,0.017,0.02,0.018500000000000006,0.018500000000000003,0.000921954445729288,0.036375,0.039125,0.037368750000000006,0.037375,0.0006318066852289557,0.04,0.044,0.04145000000000001,0.041,0.0010234744745229352,0.012125,0.013625,0.012956250000000002,0.013000000000000001,0.00036502354376122086,0.043750000000000004,0.048125,0.04585625,0.045875,0.0011444669883836744,0.006,0.006625,0.006368750000000001,0.0063750000000000005,0.00015039011769394945,0.061375,0.06725,0.06429375000000001,0.064125,0.0015653848368691976,0.02,0.023,0.021200000000000004,0.021,0.0007483314773547876,32,32,2560,10240,51200,False,1648,8
0.042,0.061,0.0579047619047619,0.059000000000000004,0.0038533196807893156,0.017,0.02,0.018550000000000004,0.018500000000000003,0.0007399324293474364,0.036375,0.038875,0.037937499999999985,0.037625,0.00066673176765473,0.039,0.043000000000000003,0.04130000000000001,0.041,0.0009539392014169465,0.0125,0.013625,0.013231250000000003,0.013125,0.00026889530955373665,0.043250000000000004,0.04775,0.046506250000000006,0.046125,0.001099342843475137,0.006125,0.006500000000000001,0.006356250000000001,0.0063125,0.0001267070933294582,0.06175,0.066625,0.06508749999999999,0.064375,0.0012924661504271602,0.02,0.023,0.021550000000000003,0.0215,0.0007399324293474364,32,32,2560,10240,51200,False,1632,8
0.045,0.062,0.057714285714285725,0.058,0.0031036515689143477,0.018000000000000002,0.02,0.018650000000000007,0.019,0.0005722761571129788,0.037125,0.040625,0.03807500000000001,0.0383125,0.0007949056547792329,0.04,0.043000000000000003,0.04105000000000001,0.041,0.0009205976319760994,0.012750000000000001,0.01425,0.013250000000000001,0.013375,0.00034686092313778984,0.044875,0.05,0.04660625,0.047125,0.0012681648897126916,0.006125,0.006625,0.006287500000000001,0.0063125,0.00013169567191065925,0.06325,0.069625,0.06513125,0.065375,0.0013938901274849476,0.021,0.023,0.02125,0.021,0.000622494979899436,32,32,2560,10240,51200,False,1616,8
0.043000000000000003,0.059000000000000004,0.05657142857142857,0.058,0.0036328059281448876,0.016,0.019,0.018100000000000005,0.018000000000000002,0.0009433981132056598,0.036000000000000004,0.03825,0.0375625,0.038125,0.000840851502942107,0.039,0.041,0.04020000000000001,0.04,0.0007483314773547889,0.01225,0.013375,0.012962500000000002,0.01325,0.0005001562255935636,0.043375000000000004,0.047125,0.04598125000000001,0.047,0.0015623874959497066,0.005875,0.0063750000000000005,0.0061687500000000015,0.00625,0.00014402148277253653,0.04225,0.045125,0.043925,0.0445,0.0009473647660748184,0.02,0.022,0.020750000000000005,0.021,0.0005361902647381805,32,32,2560,10240,51200,False,1600,8
0.041,0.06,0.057619047619047625,0.058,0.00392156662665015,0.017,0.02,0.018900000000000007,0.019,0.0006999999999999996,0.03675,0.04025,0.0388625,0.03875,0.0007014493923299106,0.038,0.043000000000000003,0.04105000000000001,0.041,0.0010712142642814286,0.01225,0.014,0.013525000000000004,0.0135,0.00033447720400649124,0.043625000000000004,0.0495,0.0478875,0.04775,0.0011692011161472606,0.00575,0.006500000000000001,0.006275000000000001,0.00625,0.00015612494995996009,0.043875000000000004,0.04675,0.045412499999999995,0.045125,0.0007127192645074215,0.021,0.022,0.021050000000000006,0.021,0.0002179449471770331,32,32,2560,10240,51200,False,1584,8
0.045,0.059000000000000004,0.05695238095238095,0.057,0.002869813175870357,0.018000000000000002,0.02,0.018750000000000006,0.019,0.0007664854858377937,0.03775,0.04,0.03861875000000001,0.0381875,0.0009710456670517622,0.039,0.042,0.04010000000000001,0.04,0.001044030650891056,0.013125,0.014,0.013425000000000001,0.01325,0.0003477606935810892,0.046375,0.049375,0.04743750000000001,0.0465,0.001344839674459377,0.006,0.0063750000000000005,0.006187500000000001,0.006125,0.00014523687548277826,0.044125,0.04675,0.04518749999999999,0.0445,0.0011288129827389487,0.021,0.022,0.021150000000000002,0.021,0.0003570714214271416,32,32,2560,10240,51200,False,1568,8
0.041,0.06,0.05519047619047619,0.056,0.00362030053499966,0.016,0.02,0.018300000000000004,0.018500000000000003,0.0010535653752852734,0.036375,0.0405,0.03802500000000001,0.0383125,0.0009207673430351457,0.037,0.041,0.03885000000000001,0.039,0.0010136567466356656,0.01225,0.014125,0.013131250000000002,0.013375,0.0004976114824840758,0.043500000000000004,0.049875,0.04634375,0.047,0.0016350052561077586,0.00575,0.0063750000000000005,0.005993750000000001,0.006,0.00016524130083002872,0.042,0.04725,0.04429375,0.0445,0.0011244964150676504,0.019,0.021,0.020650000000000005,0.021,0.0006538348415311017,32,32,2560,10240,51200,False,1552,8
0.04,0.056,0.05395238095238096,0.055,0.003243692641128838,0.016,0.019,0.018000000000000006,0.018000000000000002,0.0007071067811865472,0.035875000000000004,0.039375,0.03793125000000001,0.038,0.0007587767705326777,0.033,0.037,0.03500000000000001,0.035,0.0007745966692414832,0.010875000000000001,0.01175,0.011350000000000002,0.011375,0.00022220486043288953,0.046,0.050625,0.048918750000000004,0.048875,0.0010370292606768634,0.00575,0.00625,0.006031250000000001,0.006,0.00010364452469860634,0.04425,0.04875,0.04713125,0.047,0.0008860683875977077,0.019,0.021,0.019650000000000004,0.0195,0.0007262919523166982,32,32,2560,10240,51200,False,1536,8
0.041,0.056,0.05352380952380953,0.055,0.002985983886969692,0.017,0.019,0.017800000000000003,0.018000000000000002,0.0007483314773547878,0.036375,0.038625,0.0375375,0.0375625,0.0010399068467896546,0.033,0.036000000000000004,0.03475000000000001,0.035,0.0008874119674649432,0.010875000000000001,0.0115,0.011175000000000001,0.011125,0.0003020761493398637,0.046875,0.04975,0.048331250000000006,0.048375,0.0013212653736097086,0.00575,0.006125,0.005893750000000001,0.0059375,0.00013849074878850222,0.045,0.04775,0.04648125,0.0469375,0.00121724265760776,0.019,0.021,0.019600000000000003,0.0195,0.0006633249580710807,32,32,2560,10240,51200,False,1520,8
0.039,0.055,0.05161904761904762,0.052000000000000005,0.002983704799584865,0.016,0.019,0.017500000000000005,0.018000000000000002,0.0008062257748298555,0.035625000000000004,0.039,0.036887500000000004,0.037,0.0007404601609809927,0.033,0.036000000000000004,0.03370000000000001,0.034,0.0007810249675906662,0.010875000000000001,0.011625,0.01114375,0.011125,0.0001735430422114353,0.046,0.05025,0.04755,0.047625,0.00107920688470747,0.005625,0.006,0.005756250000000001,0.00575,0.00010058423087144436,0.044,0.048375,0.045725,0.04575,0.0010492556885716665,0.019,0.02,0.019100000000000002,0.019,0.0003000000000000003,32,32,2560,10240,51200,False,1504,8
0.041,0.055,0.05247619047619049,0.053,0.0027536823418668485,0.017,0.019,0.017900000000000006,0.018000000000000002,0.0006244997998398396,0.037,0.038875,0.03776249999999999,0.037125,0.0008846786139610255,0.033,0.035,0.03415000000000001,0.034,0.0005722761571129803,0.011,0.0115,0.011206250000000001,0.011,0.000241334182203848,0.047625,0.05,0.04866250000000001,0.047625,0.0011545426583717045,0.00575,0.006,0.005843750000000001,0.00575,0.00011092649593311791,0.045875,0.048125,0.04686875,0.0459375,0.0010871946410371982,0.019,0.02,0.019150000000000004,0.019,0.0003570714214271428,32,32,2560,10240,51200,False,1488,8
0.039,0.053,0.0510952380952381,0.052000000000000005,0.0029745709879507457,0.016,0.018000000000000002,0.017200000000000003,0.0175,0.0008717797887081354,0.035375000000000004,0.03775,0.03681874999999999,0.037625,0.001011245364637087,0.032,0.035,0.033350000000000005,0.033,0.0007921489758877436,0.0105,0.011125,0.010893749999999999,0.011125,0.0002570110649369005,0.0455,0.048625,0.0473375,0.0484375,0.00135502536876621,0.0055,0.00575,0.0056500000000000005,0.00575,0.00012247448713915903,0.043750000000000004,0.04675,0.04553125,0.046625,0.0013531646934131837,0.018000000000000002,0.019,0.018900000000000007,0.019,0.0002999999999999992,32,32,2560,10240,51200,False,1472,8
0.038,0.053,0.05095238095238096,0.052000000000000005,0.0031240418032108057,0.016,0.019,0.017600000000000005,0.018000000000000002,0.0006633249580710802,0.035375000000000004,0.039125,0.03743125,0.03775,0.001074909153138067,0.032,0.035,0.033850000000000005,0.034,0.0007921489758877437,0.010375,0.0115,0.011006249999999999,0.011,0.00029705586595790327,0.045625,0.05025,0.0483375,0.0485,0.0012803197842726649,0.0055,0.005875,0.005725000000000001,0.00575,0.00010897247358851694,0.043750000000000004,0.048125,0.046418749999999995,0.046625,0.0012108074526942742,0.018000000000000002,0.02,0.019000000000000006,0.019,0.0004472135954999575,32,32,2560,10240,51200,False,1456,8
0.038,0.052000000000000005,0.049809523809523824,0.05,0.002888714454876782,0.016,0.019,0.016950000000000003,0.017,0.0007399324293474373,0.035875000000000004,0.038125,0.03680000000000001,0.036000000000000004,0.0009932585262659441,0.031,0.034,0.032900000000000006,0.033,0.0008888194417315596,0.010750000000000001,0.01125,0.010943749999999999,0.010875000000000001,0.00019951112124390395,0.046375,0.049,0.047525000000000005,0.0465,0.0012409673645990868,0.0053750000000000004,0.00575,0.005562500000000001,0.0055,0.00012183492931011195,0.044375,0.047,0.045568750000000005,0.0445,0.001222494248452729,0.018000000000000002,0.019,0.018700000000000005,0.019,0.00045825756949558275,32,32,2560,10240,51200,False,1440,8
0.037,0.052000000000000005,0.04966666666666667,0.051000000000000004,0.0030446414025039593,0.016,0.018000000000000002,0.017000000000000005,0.017,0.0005477225575051665,0.035500000000000004,0.038875,0.03680625,0.037125,0.0007989006117784596,0.031,0.034,0.032400000000000005,0.0325,0.0008000000000000007,0.0105,0.011375,0.010818749999999999,0.010875000000000001,0.00019151941807555697,0.045625,0.05,0.04734375,0.04775,0.0010449843001212994,0.0053750000000000004,0.00575,0.005481250000000001,0.0055,8.172935519138741e-05,0.043625000000000004,0.048125,0.045587499999999996,0.045875,0.0010323668194977976,0.017,0.019,0.018500000000000006,0.019,0.0007416198487095654,32,32,2560,10240,51200,False,1424,8
0.037,0.052000000000000005,0.04952380952380954,0.051000000000000004,0.003231084848321406,0.016,0.019,0.017300000000000003,0.018000000000000002,0.0009539392014169463,0.031625,0.034125,0.032943749999999994,0.03325,0.0006908724104348074,0.035,0.036000000000000004,0.03565000000000001,0.036000000000000004,0.0004769696007084733,0.0105,0.011625,0.011093750000000001,0.01125,0.000357672598195612,0.040875,0.044,0.04259375,0.042875,0.0008978054842225015,0.00525,0.00575,0.005562500000000001,0.005625,0.0001452368754827779,0.043625000000000004,0.04875,0.046843749999999997,0.047625,0.0018074822786129869,0.017,0.02,0.018550000000000004,0.019,0.0009205976319760979,32,32,2560,10240,51200,False,1408,8
0.038,0.053,0.049857142857142864,0.05,0.002996596709057577,0.016,0.019,0.017400000000000006,0.017,0.0008602325267042627,0.03175,0.034,0.032749999999999994,0.0321875,0.0009429011082823063,0.034,0.037,0.03520000000000001,0.035,0.0007483314773547883,0.010625,0.0115,0.011075000000000002,0.010812500000000001,0.00036529097990506084,0.041,0.043750000000000004,0.0423125,0.0415625,0.0011947149241555504,0.0053750000000000004,0.005625,0.005512500000000001,0.0055,0.00011110243021644459,0.04525,0.0485,0.04676874999999999,0.0455,0.0015673798797675067,0.017,0.019,0.018300000000000004,0.018000000000000002,0.0007141428428542841,32,32,2560,10240,51200,False,1392,8
0.037,0.052000000000000005,0.04852380952380953,0.048,0.0029539166512896815,0.016,0.019,0.016950000000000003,0.017,0.0008645808232895295,0.03175,0.03375,0.032456250000000006,0.032,0.000783895520780672,0.033,0.036000000000000004,0.03405000000000001,0.034,0.0009733961166965902,0.010750000000000001,0.0115,0.011043750000000001,0.010875000000000001,0.0003017526926143323,0.041125,0.043625000000000004,0.041931249999999996,0.041375,0.0010454327752179966,0.00525,0.005625,0.005418750000000001,0.0053750000000000004,9.078649403958692e-05,0.045,0.0485,0.04635625000000001,0.0455,0.001478108482994399,0.019,0.021,0.019750000000000004,0.02,0.0005361902647381808,32,32,2560,10240,51200,False,1376,8
0.036000000000000004,0.05,0.04752380952380954,0.049,0.0029699935484786047,0.015,0.018000000000000002,0.016550000000000002,0.017,0.0006689544080129832,0.0315,0.03325,0.03243125,0.0325625,0.0006305689395300095,0.033,0.035,0.033850000000000005,0.034,0.0006538348415311016,0.0105,0.011125,0.010881249999999999,0.011,0.0002576182980690613,0.0405,0.0425,0.041675000000000004,0.0420625,0.0007303680578995777,0.00525,0.0053750000000000004,0.005362500000000001,0.0053750000000000004,3.750000000000004e-05,0.043500000000000004,0.047125,0.045849999999999995,0.04675,0.0014628738838327773,0.017,0.018000000000000002,0.017700000000000004,0.018000000000000002,0.0004582575694955845,32,32,2560,10240,51200,False,1360,8
0.035,0.05,0.04738095238095239,0.048,0.002983704799584865,0.015,0.018000000000000002,0.016600000000000004,0.017,0.0006633249580710806,0.03125,0.033875,0.0321875,0.03225,0.0005266343608235229,0.032,0.034,0.03330000000000001,0.033,0.0006403124237432853,0.010375,0.0115,0.010875000000000001,0.010875000000000001,0.0002984334096578328,0.040125,0.043750000000000004,0.041543750000000004,0.041625,0.0008841265110265619,0.005125,0.0055,0.005268750000000001,0.00525,9.078649403958705e-05,0.043500000000000004,0.04875,0.04605625,0.046375,0.0013978079937888453,0.017,0.018000000000000002,0.017600000000000005,0.018000000000000002,0.0004898979485566361,32,32,2560,10240,51200,False,1344,8
0.036000000000000004,0.049,0.0462857142857143,0.046,0.002639315516295432,0.016,0.017,0.016500000000000004,0.0165,0.0005000000000000004,0.0315,0.033125,0.03228125,0.032125,0.000587466754378493,0.032,0.034,0.033150000000000006,0.033,0.0007262919523166983,0.0105,0.011125,0.01075,0.010625,0.00027950849718747314,0.0405,0.04275,0.041600000000000005,0.04125,0.0007921489758877437,0.005125,0.0053750000000000004,0.0052312500000000015,0.00525,9.901862198596794e-05,0.04475,0.04775,0.0459375,0.045,0.0013349274324846287,0.017,0.018000000000000002,0.017400000000000006,0.017,0.000489897948556636,32,32,2560,10240,51200,False,1328,8
0.034,0.049,0.04638095238095239,0.047,0.002886358563941283,0.015,0.017,0.016200000000000003,0.016,0.0006000000000000006,0.031375,0.03375,0.03239375,0.0323125,0.0005322050239334466,0.031,0.033,0.032350000000000004,0.032,0.0005722761571129803,0.0105,0.0115,0.01090625,0.010875000000000001,0.00021964104238506943,0.039125,0.04175,0.040249999999999994,0.0400625,0.0006386019887222406,0.005,0.0053750000000000004,0.005175000000000001,0.005125,0.00010752906583803292,0.043250000000000004,0.04875,0.04643124999999999,0.04625,0.0011274106117559832,0.016,0.018000000000000002,0.017300000000000003,0.017,0.0005567764362830027,32,32,2560,10240,51200,False,1312,8
0.035,0.049,0.04585714285714287,0.046,0.0027823545062841035,0.013000000000000001,0.014,0.013350000000000004,0.013000000000000001,0.0004769696007084724,0.0315,0.033375,0.03231875000000001,0.032,0.0007608332192405908,0.031,0.034,0.031950000000000006,0.032,0.001023474474522937,0.010375,0.01125,0.010706249999999999,0.0105,0.00032421780873357286,0.038875,0.041125,0.03985625,0.0393125,0.0008572074938426526,0.004875,0.0053750000000000004,0.005075000000000001,0.005,0.00012747548783981972,0.0445,0.048125,0.045837499999999996,0.0446875,0.0015552833343156496,0.016,0.018000000000000002,0.017250000000000005,0.017,0.0006982120021884476,32,32,2560,10240,51200,False,1296,8
0.034,0.046,0.04380952380952382,0.044,0.002461494853965729,0.013000000000000001,0.014,0.013250000000000003,0.013000000000000001,0.00043301270189221897,0.0305,0.03225,0.03118125,0.030625,0.0007870782600859976,0.027,0.029,0.027850000000000003,0.028,0.0007262919523166982,0.008875000000000001,0.0095,0.009106250000000001,0.009000000000000001,0.00026889530955373633,0.0345,0.036625,0.03543125,0.0349375,0.0008172696540922072,0.00475,0.005,0.004856250000000001,0.00475,0.00012038350177661398,0.03125,0.0335,0.03226875,0.031625,0.0009619925610419249,0.015,0.018000000000000002,0.016300000000000002,0.016,0.0007141428428542856,32,32,2560,10240,51200,False,1280,8
0.033,0.044,0.042619047619047626,0.043000000000000003,0.0021925456063278735,0.012,0.013000000000000001,0.012850000000000004,0.013000000000000001,0.00035707142142714284,0.03025,0.03075,0.030424999999999997,0.030375,0.0001145643923738961,0.027,0.029,0.02765,0.028,0.0005722761571129804,0.00875,0.008875000000000001,0.008837500000000002,0.008875000000000001,5.728219618694805e-05,0.0345,0.035125,0.03484375000000001,0.034875,0.00018487749322186316,0.004625,0.00475,0.004731250000000001,0.00475,4.4633927678392855e-05,0.031125,0.0315,0.031325000000000006,0.031375,9.185586535436926e-05,0.015,0.016,0.015950000000000002,0.016,0.00021794494717703385,32,32,2560,10240,51200,False,1264,8
0.033,0.047,0.042285714285714295,0.042,0.0023531712572582545,0.013000000000000001,0.014,0.013050000000000003,0.013000000000000001,0.0002179449471770335,0.03025,0.0325,0.030474999999999995,0.030375,0.0004786047429769166,0.026000000000000002,0.029,0.027650000000000008,0.028,0.0007262919523166977,0.008875000000000001,0.0095,0.00898125,0.008937500000000001,0.0001642929928511861,0.0345,0.036875,0.0349375,0.03475,0.000621867148191636,0.004625,0.004875,0.00470625,0.00475,8.172935519138771e-05,0.031125,0.033625,0.0315125,0.03125,0.000708100451913428,0.015,0.016,0.015900000000000004,0.016,0.0003000000000000003,32,32,2560,10240,51200,False,1248,8
0.032,0.044,0.04214285714285715,0.043000000000000003,0.0024550378580286175,0.012,0.013000000000000001,0.012850000000000004,0.013000000000000001,0.00035707142142714284,0.030375,0.031625,0.030987499999999994,0.0309375,0.0005075985126061743,0.026000000000000002,0.028,0.027400000000000008,0.027,0.0005830951894845301,0.008875000000000001,0.00925,0.009068750000000002,0.009062500000000001,0.00017444107171191012,0.03475,0.035750000000000004,0.03527499999999999,0.035250000000000004,0.00046536276172465756,0.004625,0.00475,0.00464375,0.004625,4.4633927678392855e-05,0.031125,0.032625,0.031924999999999995,0.0319375,0.0006304760106459252,0.015,0.016,0.015850000000000003,0.016,0.00035707142142714284,32,32,2560,10240,51200,False,1232,8
0.033,0.044,0.04233333333333335,0.043000000000000003,0.002167582224141151,0.013000000000000001,0.013000000000000001,0.013000000000000003,0.013000000000000001,1.734723475976807e-18,0.030875,0.03175,0.031181249999999994,0.031125,0.00019951112124390476,0.026000000000000002,0.029,0.027350000000000006,0.027,0.0007262919523166975,0.01025,0.010625,0.0104125,0.010375,8.92678553567857e-05,0.035250000000000004,0.036000000000000004,0.03538125000000001,0.035250000000000004,0.0002636137088620395,0.0045000000000000005,0.004625,0.004600000000000002,0.004625,4.9999999999999704e-05,0.032,0.032875,0.03223750000000001,0.032125,0.0002527968552019588,0.015,0.016,0.015900000000000004,0.016,0.0003000000000000003,32,32,2560,10240,51200,False,1216,8
0.031,0.043000000000000003,0.04076190476190478,0.041,0.00238855927694942,0.012,0.014,0.012700000000000003,0.013000000000000001,0.0006403124237432851,0.030125,0.0325,0.03071875,0.03025,0.0008855392072065479,0.026000000000000002,0.029,0.027100000000000006,0.027,0.0008306623862918074,0.01,0.010875000000000001,0.0102,0.01,0.0003221024681681284,0.03425,0.036875,0.03515,0.034625,0.0010090218035305263,0.004375,0.00475,0.004518750000000001,0.0045000000000000005,9.078649403958694e-05,0.031125,0.033625,0.03183125,0.031375,0.001040789213770013,0.014,0.016,0.015200000000000002,0.015,0.0006000000000000002,32,32,2560,10240,51200,False,1200,8
0.032,0.042,0.04061904761904763,0.041,0.0019874892147342107,0.012,0.013000000000000001,0.012050000000000002,0.012,0.00021794494717703388,0.0305,0.0325,0.030662499999999992,0.0305,0.00043138584816843534,0.026000000000000002,0.028,0.026850000000000006,0.027,0.0006538348415311003,0.01025,0.010875000000000001,0.010343750000000002,0.010375,0.00013621559198564618,0.03475,0.037,0.035043750000000005,0.03475,0.0005621874131461842,0.004375,0.004625,0.004418750000000001,0.004375,8.172935519138748e-05,0.0315,0.033875,0.0318625,0.031625,0.0006741893280080906,0.014,0.016,0.015000000000000003,0.015,0.0007071067811865476,32,32,2560,10240,51200,False,1184,8
0.031,0.042,0.0401904761904762,0.04,0.002217227947966251,0.012,0.013000000000000001,0.012150000000000003,0.012,0.0003570714214271428,0.026125,0.027125,0.0265625,0.02625,0.0004248161366991611,0.025,0.026000000000000002,0.025350000000000004,0.025,0.00047696960070847314,0.01,0.0105,0.010225000000000001,0.0101875,0.00015103807466993228,0.034375,0.035875000000000004,0.035187500000000003,0.035250000000000004,0.0005597153294309532,0.00425,0.0045000000000000005,0.004393750000000001,0.004375,8.17293551913877e-05,0.031125,0.0325,0.03188124999999999,0.0319375,0.0006230908340683569,0.014,0.016,0.014600000000000002,0.014499999999999999,0.0006633249580710798,32,32,2560,10240,51200,False,1168,8
0.03,0.042,0.03976190476190477,0.04,0.00224467119036051,0.012,0.013000000000000001,0.012050000000000002,0.012,0.0002179449471770339,0.02625,0.026875,0.026818749999999995,0.026875,0.00013961442439805436,0.024,0.026000000000000002,0.025350000000000004,0.025,0.0005722761571129803,0.010125,0.010375,0.0103625,0.010375,5.448623679425848e-05,0.036000000000000004,0.037,0.03682499999999999,0.036875,0.00019525624189766505,0.004375,0.0045000000000000005,0.004425000000000001,0.004375,6.12372435695795e-05,0.031625,0.032625,0.03257500000000001,0.032625,0.00021794494717703385,0.014,0.016,0.014450000000000001,0.014,0.0005894913061275795,32,32,2560,10240,51200,False,1152,8
0.03,0.041,0.038666666666666676,0.039,0.002007920823076954,0.012,0.013000000000000001,0.012050000000000002,0.012,0.00021794494717703388,0.025750000000000002,0.027375,0.025868750000000003,0.025750000000000002,0.00035016737069578556,0.024,0.026000000000000002,0.024900000000000005,0.025,0.0005385164807134509,0.009875,0.0105,0.010031250000000002,0.01,0.00011775902300885493,0.035375000000000004,0.037625,0.03571875,0.035562500000000004,0.0005227257287526591,0.00425,0.004375,0.004268750000000001,0.00425,4.4633927678392855e-05,0.031,0.033125,0.031375,0.03125,0.0005916079783099621,0.014,0.016,0.014150000000000001,0.014,0.00047696960070847276,32,32,2560,10240,51200,False,1136,8
0.03,0.04,0.038666666666666676,0.039,0.0019840634910475866,0.012,0.013000000000000001,0.012050000000000002,0.012,0.0002179449471770339,0.025875000000000002,0.026375,0.02624375,0.02625,0.00011507470399701149,0.024,0.026000000000000002,0.025000000000000005,0.025,0.0003162277660168382,0.01025,0.010375,0.010300000000000002,0.01025,6.123724356957951e-05,0.035750000000000004,0.03625,0.036099999999999986,0.036125,0.00010155048005794762,0.004125,0.00425,0.004237500000000001,0.00425,3.750000000000004e-05,0.031125,0.031875,0.031806249999999994,0.031875,0.00017444107171191094,0.014,0.014,0.014000000000000002,0.014,1.734723475976807e-18,32,32,2560,10240,51200,False,1120,8
0.029,0.039,0.03742857142857144,0.038,0.0019897697538834454,0.012,0.012,0.012000000000000002,0.012,1.734723475976807e-18,0.025750000000000002,0.02625,0.0259625,0.026000000000000002,0.00015360257159305527,0.024,0.025,0.024550000000000006,0.025,0.0004974937185533105,0.01,0.010125,0.010100000000000001,0.010125,5.000000000000004e-05,0.035500000000000004,0.035875000000000004,0.035668750000000006,0.035750000000000004,0.00012670709332945817,0.004125,0.00425,0.004131250000000001,0.004125,2.724311839712923e-05,0.031125,0.031625,0.0313875,0.0315,0.00017184658856084415,0.014,0.014,0.014000000000000002,0.014,1.734723475976807e-18,32,32,2560,10240,51200,False,1104,8
0.029,0.039,0.037238095238095244,0.038,0.0019248936125150226,0.011,0.012,0.011850000000000003,0.012,0.00035707142142714284,0.025750000000000002,0.026375,0.02608125,0.02625,0.00022801795433693232,0.024,0.025,0.024550000000000006,0.025,0.0004974937185533105,0.009125,0.00925,0.009212500000000002,0.00925,5.728219618694804e-05,0.035500000000000004,0.03625,0.035899999999999994,0.036125,0.00028118054698004683,0.004,0.004125,0.0041062500000000005,0.004125,4.4633927678392855e-05,0.031375,0.032,0.03173125,0.031875,0.00020643930706142202,0.014,0.014,0.014000000000000002,0.014,1.734723475976807e-18,32,32,2560,10240,51200,False,1088,8
0.028,0.037,0.03623809523809525,0.037,0.0018999940326914285,0.011,0.012,0.011150000000000002,0.011,0.0003570714214271428,0.025750000000000002,0.02625,0.026118750000000003,0.026125,9.249155366842904e-05,0.024,0.025,0.024300000000000006,0.024,0.00045825756949558437,0.009125,0.00925,0.00924375,0.00925,2.724311839712923e-05,0.035875000000000004,0.036000000000000004,0.03596250000000001,0.036000000000000004,5.728219618694805e-05,0.004,0.004125,0.004068750000000001,0.004125,6.21867148191638e-05,0.031875,0.031875,0.031875,0.031875,0.0,0.014,0.014,0.014000000000000002,0.014,1.734723475976807e-18,32,32,2560,10240,51200,False,1072,8
0.028,0.038,0.03604761904761906,0.036000000000000004,0.001938978387762126,0.011,0.012,0.011200000000000002,0.011,0.00040000000000000034,0.025625000000000002,0.026375,0.0260375,0.02625,0.0003515590277606294,0.024,0.025,0.024250000000000004,0.024,0.00043301270189221973,0.009125,0.009375,0.00928125,0.009375,0.00011092649593311788,0.035250000000000004,0.036375,0.03593125000000001,0.03625,0.00046849993329775124,0.003875,0.004,0.003968750000000001,0.004,5.412658773652746e-05,0.031125,0.032125,0.0316875,0.0319375,0.0004155192534648669,0.013000000000000001,0.014,0.013750000000000004,0.014,0.000433012701892219,32,32,2560,10240,51200,False,1056,8
0.028,0.037,0.03538095238095239,0.036000000000000004,0.0017855555485002548,0.011,0.012,0.011150000000000002,0.011,0.0003570714214271428,0.025500000000000002,0.026875,0.0257625,0.025625000000000002,0.0003809937663532036,0.023,0.025,0.023850000000000003,0.024,0.0005722761571129804,0.009125,0.009625,0.009206249999999997,0.009125,0.00015449008867885356,0.035250000000000004,0.037,0.03560000000000001,0.035375000000000004,0.0005598548919139654,0.003875,0.004,0.0038937500000000005,0.003875,4.4633927678392855e-05,0.031125,0.032875,0.031425,0.031125,0.0005960809508783187,0.013000000000000001,0.014,0.013150000000000004,0.013000000000000001,0.0003570714214271422,32,32,2560,10240,51200,False,1040,8
0.028,0.038,0.03490476190476192,0.035,0.0018491893179950092,0.011,0.012,0.011150000000000002,0.011,0.0003570714214271428,0.021750000000000002,0.02375,0.022168749999999997,0.0219375,0.0006352595434151302,0.022,0.023,0.022500000000000003,0.0225,0.0005000000000000004,0.009375,0.010875000000000001,0.01030625,0.010375,0.00036970216052925663,0.0285,0.031,0.02919375,0.028875,0.0007750756011512678,0.004,0.00425,0.004112500000000001,0.004125,9.60143218483577e-05,0.02925,0.03775,0.036206249999999995,0.036375,0.0016961698580920477,0.013000000000000001,0.014,0.013250000000000003,0.013000000000000001,0.00043301270189221897,32,32,2560,10240,51200,False,1024,8
0.027,0.037,0.03490476190476192,0.035,0.0021581465130713637,0.011,0.012,0.011350000000000002,0.011,0.00047696960070847325,0.021500000000000002,0.02325,0.02218125,0.021750000000000002,0.0007142248858027831,0.021,0.024,0.022050000000000004,0.022,0.0006689544080129824,0.010125,0.010875000000000001,0.010506250000000002,0.010375,0.0002252602661367514,0.02825,0.03025,0.029212499999999995,0.028875,0.000759420008954201,0.003875,0.0045000000000000005,0.004087500000000001,0.004125,0.00012562344526401124,0.0285,0.03725,0.03571875,0.0365625,0.002386771813035338,0.013000000000000001,0.015,0.013600000000000004,0.013500000000000002,0.0006633249580710795,32,32,2560,10240,51200,False,1016,8
0.027,0.037,0.03438095238095239,0.034,0.0018638462657886603,0.011,0.012,0.011150000000000002,0.011,0.0003570714214271428,0.021750000000000002,0.02275,0.022075,0.022,0.00031721443851123727,0.021,0.022,0.021750000000000002,0.022,0.0004330127018922182,0.008625,0.010750000000000001,0.01016875,0.0103125,0.0006088860217643364,0.028625,0.029750000000000002,0.029025000000000006,0.0289375,0.0003570714214271428,0.00375,0.004125,0.0039562500000000006,0.004,9.078649403958728e-05,0.02875,0.03675,0.03428124999999999,0.035875000000000004,0.0029968407844762116,0.013000000000000001,0.014,0.013400000000000004,0.013000000000000001,0.0004898979485566352,32,32,2560,10240,51200,False,1008,8
0.027,0.036000000000000004,0.0351904761904762,0.036000000000000004,0.0018928197061287427,0.011,0.012,0.011350000000000002,0.011,0.00047696960070847314,0.022375,0.022625,0.0224625,0.0225,8.00390529679107e-05,0.021,0.022,0.021500000000000002,0.0215,0.0004999999999999987,0.00875,0.010750000000000001,0.010087500000000003,0.0103125,0.0006448110188264464,0.029125,0.029625000000000002,0.029406250000000002,0.029375000000000002,0.00012421629321469882,0.003875,0.004,0.0038937500000000005,0.003875,4.4633927678392855e-05,0.029625000000000002,0.036625,0.03440000000000001,0.035750000000000004,0.00269971063264195,0.013000000000000001,0.014,0.013850000000000005,0.014,0.00035707142142714214,32,32,2560,10240,51200,False,1000,8
0.027,0.037,0.03542857142857144,0.036000000000000004,0.0019413159152990018,0.011,0.012,0.011700000000000002,0.012,0.0004582575694955844,0.021500000000000002,0.02275,0.0224875,0.022625,0.0003420983045850993,0.021,0.023,0.021950000000000004,0.022,0.0006689544080129819,0.008875000000000001,0.010750000000000001,0.010218750000000002,0.0103125,0.0004741357268757544,0.028625,0.029750000000000002,0.02955000000000001,0.029625000000000002,0.0002633913438213187,0.003875,0.004125,0.00391875,0.003875,7.153451963912254e-05,0.025750000000000002,0.027125,0.026625000000000003,0.0266875,0.0003112474899497177,0.013000000000000001,0.014,0.013900000000000004,0.014,0.00029999999999999976,32,32,2560,10240,51200,False,992,8
0.026000000000000002,0.036000000000000004,0.03476190476190477,0.035,0.0020909046095333476,0.011,0.012,0.011250000000000001,0.011,0.00043301270189221973,0.021375,0.023,0.021893750000000003,0.021625000000000002,0.0006486464271851027,0.021,0.023,0.021800000000000003,0.022,0.0005999999999999991,0.009875,0.011,0.01031875,0.010375,0.00026063324327491304,0.0285,0.030375,0.02916875,0.028875,0.0006546408843786024,0.003875,0.004125,0.003968750000000001,0.004,8.727650027355598e-05,0.025625000000000002,0.027,0.026181250000000007,0.025875000000000002,0.0005455430207600486,0.014,0.014,0.014000000000000002,0.014,1.734723475976807e-18,32,32,2560,10240,51200,False,984,8
0.027,0.036000000000000004,0.03395238095238096,0.034,0.0016754868653103988,0.011,0.011,0.011000000000000001,0.011,1.734723475976807e-18,0.021875000000000002,0.02225,0.02199375,0.022,8.361930100162192e-05,0.021,0.022,0.021500000000000002,0.0215,0.0004999999999999986,0.009875,0.010625,0.0102375,0.01025,0.00020501524333570926,0.02875,0.029375000000000002,0.029018750000000003,0.0290625,0.0001907018287799046,0.00375,0.003875,0.0038375000000000006,0.003875,5.728219618694805e-05,0.025875000000000002,0.02625,0.02601875,0.026000000000000002,0.00011370878374162519,0.012,0.014,0.013400000000000004,0.013000000000000001,0.0005830951894845297,32,32,2560,10240,51200,False,976,8
0.026000000000000002,0.035,0.03376190476190477,0.034,0.0019248936125150229,0.01,0.011,0.010700000000000001,0.011,0.00045825756949558367,0.021625000000000002,0.022625,0.022125,0.02225,0.00033071891388307244,0.02,0.022,0.0211,0.021,0.0006244997998398391,0.00875,0.010625,0.0101625,0.0101875,0.00038344654125444926,0.0285,0.029750000000000002,0.02916875,0.029312500000000002,0.0004074980828175763,0.003625,0.004,0.003843750000000001,0.003875,0.00012421629321469871,0.025625000000000002,0.02675,0.026262500000000005,0.026375,0.00039310462983790847,0.012,0.014,0.013250000000000003,0.013000000000000001,0.0005361902647381801,32,32,2560,10240,51200,False,968,8
0.026000000000000002,0.036000000000000004,0.03400000000000001,0.034,0.0019518001458970668,0.01,0.011,0.010600000000000002,0.011,0.0004898979485566354,0.021500000000000002,0.022125,0.021793750000000004,0.021750000000000002,0.00021018964651000184,0.02,0.022,0.021,0.021,0.000707106781186547,0.00975,0.010375,0.010006250000000001,0.01,0.0001652413008300287,0.028375,0.029,0.02869375,0.028625,0.00016524130083002872,0.003625,0.003875,0.0037625000000000007,0.00375,7.806247497997993e-05,0.025625000000000002,0.026375,0.025950000000000008,0.025937500000000002,0.0002143303524935269,0.012,0.015,0.013350000000000004,0.013000000000000001,0.0007262919523166972,32,32,2560,10240,51200,False,960,8
0.026000000000000002,0.034,0.033142857142857154,0.033,0.0016700645635000174,0.01,0.011,0.01055,0.011,0.0004974937185533095,0.02125,0.021875000000000002,0.02165,0.021625000000000002,0.00015612494995996009,0.02,0.021,0.020600000000000004,0.021,0.0004898979485566361,0.0095,0.009875,0.00973125,0.00975,9.078649403958727e-05,0.028375,0.029,0.028612500000000006,0.028625,0.00014197270864500696,0.003625,0.004,0.0037812500000000008,0.00375,8.727650027355587e-05,0.025500000000000002,0.02625,0.0259625,0.026000000000000002,0.00018998355191963235,0.012,0.014,0.013000000000000003,0.013000000000000001,0.00044721359549995795,32,32,2560,10240,51200,False,952,8
0.025,0.034,0.0321904761904762,0.032,0.0017625481450782618,0.01,0.011,0.010350000000000002,0.01,0.0004769696007084724,0.021375,0.0225,0.021806250000000006,0.021625000000000002,0.00038217101865526006,0.019,0.021,0.020300000000000006,0.02,0.0005567764362830027,0.009375,0.010125,0.009656250000000002,0.0095625,0.0002086975982133002,0.02825,0.029625000000000002,0.028675000000000006,0.0284375,0.0004599592373243529,0.003625,0.00375,0.0036625000000000004,0.003625,5.728219618694785e-05,0.025500000000000002,0.02675,0.025956250000000004,0.025687500000000002,0.00044065824342680695,0.012,0.014,0.012750000000000003,0.013000000000000001,0.0006982120021884473,32,32,2560,10240,51200,False,944,8
0.025,0.034,0.03200000000000001,0.032,0.0016903085094570334,0.01,0.011,0.010350000000000002,0.01,0.0004769696007084724,0.021375,0.023,0.02175625,0.021625000000000002,0.00044629551588605423,0.019,0.022,0.020300000000000002,0.02,0.0008426149773176359,0.0095,0.01025,0.009687500000000002,0.009625,0.00023551804601770987,0.028375,0.030375,0.028850000000000004,0.028625,0.0006131374234215354,0.003625,0.003875,0.0036937500000000004,0.0036875,7.368641326594734e-05,0.025500000000000002,0.027375,0.025968750000000002,0.025750000000000002,0.0005657889955628328,0.012,0.014,0.012800000000000002,0.013000000000000001,0.0006782329983125269,32,32,2560,10240,51200,False,936,8
0.025,0.034,0.032238095238095246,0.032,0.0017969487870584011,0.01,0.011,0.010400000000000001,0.01,0.0004898979485566351,0.021375,0.023,0.021825,0.021500000000000002,0.0005733672470589849,0.019,0.023,0.0205,0.02,0.0008660254037844387,0.0095,0.01025,0.00979375,0.00975,0.000241334182203848,0.028,0.03025,0.0288,0.0285,0.0007174172426140872,0.0035,0.00375,0.0036500000000000005,0.003625,7.49999999999999e-05,0.025625000000000002,0.027125,0.026125000000000002,0.025875000000000002,0.000598174305700269,0.012,0.014,0.013100000000000004,0.013000000000000001,0.0006244997998398398,32,32,2560,10240,51200,False,928,8
0.025,0.034,0.032380952380952385,0.033,0.00181202834194671,0.01,0.011,0.010600000000000002,0.011,0.0004898979485566354,0.02125,0.022625,0.021931249999999996,0.022,0.0005022994002584502,0.019,0.022,0.020200000000000003,0.02,0.0006000000000000001,0.009375,0.01,0.009675,0.0096875,0.00019525624189766655,0.028125,0.029750000000000002,0.028937500000000005,0.029375000000000002,0.0006243746871871094,0.0035,0.003875,0.0036375000000000005,0.003625,6.731456008918125e-05,0.025625000000000002,0.02675,0.026237500000000004,0.0265,0.00047746073136960575,0.012,0.013000000000000001,0.012700000000000003,0.013000000000000001,0.0004582575694955844,32,32,2560,10240,51200,False,920,8
0.025,0.034,0.032238095238095246,0.033,0.0017156079556811263,0.01,0.011,0.0102,0.01,0.0003999999999999996,0.02125,0.021625000000000002,0.021443749999999998,0.021500000000000002,8.36193010016229e-05,0.019,0.021,0.019650000000000004,0.02,0.0005722761571129804,0.00925,0.010125,0.00950625,0.0095,0.00017886360026567747,0.028,0.03025,0.028331249999999995,0.028125,0.00047970531318716883,0.003375,0.00375,0.0035687500000000003,0.0035,0.00010058423087144423,0.025500000000000002,0.02725,0.025718750000000002,0.025625000000000002,0.0003663054565523147,0.012,0.013000000000000001,0.012250000000000002,0.012,0.0004330127018922198,32,32,2560,10240,51200,False,912,8
0.025,0.034,0.032142857142857154,0.032,0.0017261494247992248,0.01,0.011,0.010450000000000001,0.01,0.0004974937185533096,0.021500000000000002,0.022,0.021793749999999997,0.021875000000000002,0.0001440214827725358,0.019,0.02,0.019650000000000004,0.02,0.0004769696007084733,0.0095,0.009875,0.00960625,0.0095,0.0001267070933294582,0.02825,0.029375000000000002,0.028731250000000003,0.02875,0.00023807496193426159,0.0035,0.00375,0.0035625000000000006,0.0035,7.39509972887452e-05,0.025625000000000002,0.02625,0.025968750000000002,0.026000000000000002,0.00014724023736737094,0.012,0.014,0.012350000000000003,0.012,0.0005722761571129801,32,32,2560,10240,51200,False,904,8
0.024,0.032,0.031047619047619053,0.031,0.0016468206157895795,0.01,0.011,0.010100000000000001,0.01,0.00029999999999999976,0.019875,0.020125,0.01995625,0.0199375,9.078649403958727e-05,0.019,0.021,0.019700000000000002,0.02,0.0006403124237432854,0.008375,0.009000000000000001,0.0086625,0.008625,0.00015860721925561912,0.0265,0.027375,0.026825000000000005,0.02675,0.00025124689052802247,0.0035,0.004,0.0037437500000000005,0.00375,0.00016044372066241792,0.026000000000000002,0.026625,0.026299999999999997,0.02625,0.0001870828693386967,0.012,0.013000000000000001,0.012050000000000002,0.012,0.0002179449471770339,32,32,2560,10240,51200,False,896,8
0.024,0.032,0.03090476190476191,0.031,0.0016007367918068202,0.01,0.011,0.01005,0.01,0.00021794494717703353,0.01975,0.02,0.019868749999999998,0.019875,8.36193010016229e-05,0.019,0.02,0.019400000000000004,0.019,0.000489897948556636,0.008375,0.00875,0.008587500000000001,0.0085625,0.00012562344526401124,0.0265,0.02725,0.026818750000000002,0.02675,0.0002182136281262013,0.003625,0.004,0.0038062500000000006,0.003875,0.0001150747039970123,0.026125,0.02675,0.02644375,0.026375,0.00015549819130780926,0.012,0.012,0.012000000000000002,0.012,1.734723475976807e-18,32,32,2560,10240,51200,False,888,8
0.024,0.031,0.029571428571428575,0.03,0.0013652639225553756,0.01,0.01,0.010000000000000002,0.01,1.734723475976807e-18,0.019875,0.02,0.019981250000000006,0.02,4.463392767839285e-05,0.018000000000000002,0.02,0.018900000000000007,0.019,0.0005385164807134497,0.008375,0.008625,0.00848125,0.0085,9.078649403958727e-05,0.026625,0.027,0.026793749999999998,0.02675,9.078649403958727e-05,0.0035,0.00375,0.0036062500000000005,0.003625,7.153451963912246e-05,0.026000000000000002,0.026375,0.026125000000000002,0.026125,0.00010458250331675829,0.012,0.012,0.012000000000000002,0.012,1.734723475976807e-18,32,32,2560,10240,51200,False,880,8
0.024,0.031,0.029857142857142863,0.03,0.001489190073439227,0.01,0.011,0.010400000000000001,0.01,0.0004898979485566351,0.01975,0.020625,0.020168750000000006,0.02,0.0002717851863144865,0.018000000000000002,0.02,0.018900000000000007,0.019,0.000624499799839839,0.008375,0.008875000000000001,0.008575000000000001,0.0085,0.00016007810593582136,0.0265,0.028125,0.027275,0.0273125,0.0004753288335457891,0.0035,0.003875,0.0036437500000000003,0.003625,9.078649403958711e-05,0.026125,0.02725,0.0266625,0.0264375,0.0004166458328124743,0.011,0.012,0.011950000000000002,0.012,0.00021794494717703385,32,32,2560,10240,51200,False,872,8
0.024,0.031,0.02971428571428572,0.03,0.0014190156595953653,0.01,0.01,0.010000000000000002,0.01,1.734723475976807e-18,0.019625,0.020125,0.019906250000000004,0.0199375,0.0001623797632095824,0.018000000000000002,0.021,0.019100000000000006,0.019,0.0006244997998398398,0.0085,0.009000000000000001,0.008637500000000001,0.008625,0.00014737282653189506,0.026375,0.02725,0.026831250000000008,0.026875,0.00022801795433693398,0.0035,0.004,0.0036750000000000003,0.003625,0.0001391941090707505,0.026125,0.026875,0.026437499999999996,0.026375,0.00020728904939721268,0.011,0.012,0.011900000000000003,0.012,0.00030000000000000024,32,32,2560,10240,51200,False,864,8
0.023,0.03,0.028809523809523813,0.029,0.001401327520910682,0.01,0.01,0.010000000000000002,0.01,1.734723475976807e-18,0.0195,0.019875,0.019706249999999998,0.01975,9.078649403958724e-05,0.017,0.019,0.018250000000000006,0.018000000000000002,0.0005361902647381794,0.00825,0.008875000000000001,0.0085375,0.0085,0.0001536025715930565,0.02625,0.026875,0.026443750000000005,0.026375,0.00016990346523835248,0.003375,0.00375,0.0035312500000000005,0.0035,0.00011775902300885481,0.026000000000000002,0.0265,0.026243749999999993,0.02625,0.00012167451458707342,0.011,0.012,0.011950000000000002,0.012,0.00021794494717703385,32,32,2560,10240,51200,False,856,8
0.023,0.03,0.02828571428571429,0.028,0.001314492737318311,0.009000000000000001,0.01,0.009950000000000004,0.01,0.00021794494717703353,0.01975,0.020375,0.019918749999999995,0.019875,0.00014402148277253653,0.017,0.019,0.018000000000000006,0.018000000000000002,0.00031622776601683767,0.008375,0.008625,0.0084625,0.008375,0.00010532687216470458,0.026375,0.027375,0.0266375,0.026625,0.0002232571387436471,0.0032500000000000003,0.003625,0.0034312500000000003,0.003375,8.361930100162285e-05,0.025750000000000002,0.027,0.026118750000000003,0.026062500000000002,0.00029705586595790283,0.011,0.012,0.011800000000000001,0.012,0.00040000000000000034,32,32,2560,10240,51200,False,848,8
0.023,0.03,0.02828571428571429,0.028,0.001314492737318311,0.01,0.01,0.010000000000000002,0.01,1.734723475976807e-18,0.01975,0.02025,0.020018750000000005,0.02,9.901862198596797e-05,0.018000000000000002,0.02,0.018550000000000004,0.018500000000000003,0.0005894913061275787,0.008375,0.008625,0.008450000000000001,0.0084375,8.291561975888507e-05,0.02675,0.02725,0.026956250000000005,0.0269375,0.00014934753931685664,0.003375,0.00375,0.0035125000000000004,0.0035,6.731456008918129e-05,0.026000000000000002,0.026375,0.026268749999999997,0.02625,9.901862198596748e-05,0.011,0.012,0.011750000000000002,0.012,0.0004330127018922198,32,32,2560,10240,51200,False,840,8
0.023,0.03,0.02828571428571429,0.028,0.001314492737318311,0.01,0.01,0.010000000000000002,0.01,1.734723475976807e-18,0.019625,0.019875,0.019737499999999998,0.01975,7.806247497998006e-05,0.016,0.019,0.017300000000000003,0.017,0.000640312423743285,0.007,0.0075,0.0072625,0.00725,0.00014197270864500675,0.0265,0.027375,0.026856249999999998,0.026875,0.00021018964651000314,0.0032500000000000003,0.00375,0.003443750000000001,0.003375,0.00013961442439805422,0.025875000000000002,0.02625,0.02606875,0.026062500000000002,0.00010807260291118973,0.011,0.012,0.011400000000000002,0.011,0.000489897948556636,32,32,2560,10240,51200,False,832,8
0.023,0.03,0.02847619047619048,0.029,0.0013669238185149834,0.01,0.01,0.010000000000000002,0.01,1.734723475976807e-18,0.019375,0.020375,0.019649999999999994,0.0195,0.0003102418411497717,0.017,0.018000000000000002,0.017350000000000004,0.017,0.00047696960070847314,0.007,0.0073750000000000005,0.007212499999999999,0.00725,9.762812094883327e-05,0.02625,0.0275,0.02676875,0.0266875,0.00036287695917487,0.0032500000000000003,0.003625,0.0033875000000000008,0.003375,0.0001111024302164448,0.025750000000000002,0.02725,0.026237500000000004,0.026000000000000002,0.0004919667163538598,0.011,0.012,0.011250000000000001,0.011,0.00043301270189221973,32,32,2560,10240,51200,False,824,8
0.022,0.029,0.027666666666666676,0.028,0.0013569339855976198,0.01,0.01,0.010000000000000002,0.01,1.734723475976807e-18,0.019875,0.020125,0.019981250000000002,0.02,8.17293551913877e-05,0.016,0.018000000000000002,0.017050000000000003,0.017,0.0003840572873934307,0.007,0.0073750000000000005,0.007187500000000001,0.0071875,8.38525491562422e-05,0.026625,0.027375,0.026893750000000004,0.026875,0.00017798788582372693,0.003125,0.003375,0.003243750000000001,0.0032500000000000003,7.368641326594742e-05,0.025875000000000002,0.02625,0.02606875,0.026125,0.00011507470399701092,0.011,0.012,0.011200000000000002,0.011,0.00040000000000000034,32,32,2560,10240,51200,False,816,8
0.022,0.029,0.027142857142857153,0.027,0.0012830660557435702,0.009000000000000001,0.01,0.009950000000000004,0.01,0.00021794494717703353,0.01975,0.020375,0.019924999999999995,0.019875,0.00022500000000000018,0.016,0.018000000000000002,0.017200000000000003,0.017,0.000509901951359279,0.007125,0.00725,0.007187500000000001,0.0071875,6.250000000000006e-05,0.026625,0.028125,0.027187499999999996,0.027125,0.0004463392767839285,0.003125,0.003375,0.0032500000000000007,0.0032500000000000003,8.838834764831836e-05,0.025750000000000002,0.027,0.026162499999999998,0.025875000000000002,0.0004508672199217847,0.011,0.012,0.011350000000000002,0.011,0.0004769696007084732,32,32,2560,10240,51200,False,808,8
0.022,0.029,0.027666666666666676,0.028,0.0013915846853526153,0.01,0.01,0.010000000000000002,0.01,1.734723475976807e-18,0.019625,0.020125,0.019875,0.01975,0.00020155644370746395,0.016,0.018000000000000002,0.017150000000000006,0.017,0.0005722761571129803,0.007,0.0075,0.00728125,0.00725,0.000136215591985646,0.026625,0.027625,0.027049999999999998,0.0270625,0.00034323825544364984,0.003125,0.0035,0.0032937500000000007,0.0032500000000000003,9.07864940395871e-05,0.025625000000000002,0.027,0.026275000000000003,0.026062500000000002,0.00047037219305566834,0.011,0.012,0.011400000000000002,0.011,0.000489897948556636,32,32,2560,10240,51200,False,800,8
0.022,0.028,0.02676190476190477,0.027,0.0011086139739831258,0.01,0.01,0.010000000000000002,0.01,1.734723475976807e-18,0.019375,0.01975,0.01955625,0.019625,0.00010058423087144434,0.016,0.018000000000000002,0.016950000000000003,0.017,0.0005894913061275802,0.007,0.0075,0.00714375,0.007125,0.00011370878374162652,0.026375,0.027,0.0266625,0.026625,0.0001980372439719359,0.003125,0.0035,0.0032500000000000007,0.0032500000000000003,0.00011180339887498941,0.025750000000000002,0.026375,0.02598125,0.025937500000000002,0.0001493475393168554,0.011,0.012,0.01105,0.011,0.0002179449471770339,32,32,2560,10240,51200,False,792,8
0.022,0.028,0.02676190476190477,0.027,0.0011507662831994833,0.009000000000000001,0.01,0.009950000000000004,0.01,0.00021794494717703353,0.01975,0.019875,0.019856249999999995,0.019875,4.463392767839285e-05,0.016,0.017,0.016200000000000003,0.016,0.00040000000000000034,0.00775,0.008,0.007874999999999998,0.007875,7.905694150420955e-05,0.0265,0.027125,0.02678125,0.02675,0.00015749503960442706,0.002875,0.003375,0.003087500000000001,0.003125,0.00011250000000000004,0.025750000000000002,0.026375,0.025987500000000007,0.026000000000000002,0.000147372826531894,0.01,0.011,0.010950000000000001,0.011,0.00021794494717703347,32,32,2560,10240,51200,False,784,8
0.021,0.028,0.026619047619047626,0.027,0.0013964645998681116,0.009000000000000001,0.01,0.009950000000000004,0.01,0.00021794494717703353,0.019625,0.02025,0.019812500000000004,0.01975,0.00020348525745124649,0.016,0.018000000000000002,0.016500000000000004,0.016,0.0005916079783099621,0.00775,0.008125,0.0078875,0.0078125,0.00015258194519667141,0.02625,0.02725,0.0267625,0.0266875,0.00029817151104691433,0.002875,0.0032500000000000003,0.003056250000000001,0.0030625,9.249155366842971e-05,0.025625000000000002,0.026625,0.02608125,0.026000000000000002,0.00036927928116805994,0.01,0.011,0.010900000000000002,0.011,0.00029999999999999976,32,32,2560,10240,51200,False,776,8
0.021,0.029,0.026619047619047626,0.027,0.0015267828135125134,0.009000000000000001,0.01,0.009800000000000003,0.01,0.0003999999999999997,0.0175,0.017875000000000002,0.017612499999999996,0.017625000000000002,0.000130503831361382,0.016,0.017,0.016550000000000002,0.017,0.0004974937185533105,0.007625,0.008,0.0078,0.00775,0.00010752906583803294,0.022125,0.023,0.022443750000000002,0.022375,0.00019555609808952538,0.002875,0.003375,0.0031687500000000006,0.003125,0.00013272975363497064,0.021750000000000002,0.022625,0.022181249999999993,0.02225,0.00021093171288357688,0.011,0.012,0.011400000000000002,0.011,0.000489897948556636,32,32,2560,10240,51200,False,768,8
0.021,0.028,0.02633333333333334,0.026000000000000002,0.0014253932901995962,0.009000000000000001,0.01,0.009700000000000004,0.01,0.00045825756949558356,0.017375,0.017625000000000002,0.017512500000000004,0.0175,8.750000000000008e-05,0.016,0.017,0.016400000000000005,0.016,0.000489897948556636,0.0075,0.007875,0.0077062499999999996,0.00775,9.901862198596794e-05,0.022,0.022625,0.02235625,0.022375,0.00016898132293244734,0.003,0.0032500000000000003,0.003131250000000001,0.003125,9.249155366842971e-05,0.021750000000000002,0.02225,0.022081249999999997,0.022125,0.0001594668852771623,0.01,0.012,0.011200000000000002,0.011,0.0006000000000000002,32,32,2560,10240,51200,False,760,8
0.021,0.027,0.02533333333333334,0.025,0.001168366109179552,0.009000000000000001,0.01,0.009050000000000002,0.009000000000000001,0.00021794494717703353,0.0175,0.017875000000000002,0.017737499999999996,0.017750000000000002,6.731456008918136e-05,0.016,0.017,0.016700000000000003,0.017,0.0004582575694955844,0.007625,0.008,0.00779375,0.00775,9.078649403958727e-05,0.0225,0.022875,0.0226125,0.022625,0.00011110243021644497,0.002875,0.0032500000000000003,0.0030625000000000006,0.003,0.00010077822185373198,0.021875000000000002,0.022625,0.02210625,0.022125,0.0001735430422114345,0.01,0.011,0.010750000000000001,0.011,0.00043301270189221897,32,32,2560,10240,51200,False,752,8
0.021,0.026000000000000002,0.025380952380952386,0.026000000000000002,0.0010900498230723428,0.009000000000000001,0.01,0.009150000000000002,0.009000000000000001,0.0003570714214271422,0.0175,0.018125,0.017718750000000002,0.017625000000000002,0.00018487749322186278,0.016,0.018000000000000002,0.016350000000000003,0.016,0.0005722761571129803,0.007625,0.007875,0.007749999999999998,0.00775,0.00011180339887498958,0.02225,0.023,0.02250625,0.0224375,0.0002320930578453395,0.002875,0.0032500000000000003,0.0029750000000000006,0.002875,0.00012869537676233762,0.021625000000000002,0.02275,0.022087500000000003,0.021875000000000002,0.0003213740033045597,0.01,0.011,0.010450000000000001,0.01,0.0004974937185533096,32,32,2560,10240,51200,False,744,8
0.021,0.028,0.025857142857142863,0.026000000000000002,0.0013552618543578763,0.009000000000000001,0.01,0.009200000000000003,0.009000000000000001,0.0003999999999999997,0.017375,0.017625000000000002,0.0175,0.0175,8.838834764831852e-05,0.016,0.017,0.016200000000000003,0.016,0.00040000000000000034,0.0075,0.00775,0.0076625,0.007625,8.92678553567857e-05,0.022125,0.0225,0.022256249999999998,0.02225,0.00012793430931536711,0.002875,0.0032500000000000003,0.0030375000000000007,0.003,9.762812094883326e-05,0.021750000000000002,0.022375,0.02201875,0.022,0.00013849074878850135,0.01,0.012,0.010950000000000001,0.011,0.0007399324293474372,32,32,2560,10240,51200,False,736,8
0.02,0.028,0.025428571428571436,0.025,0.001466171839841967,0.009000000000000001,0.01,0.009250000000000003,0.009000000000000001,0.00043301270189221897,0.01725,0.0175,0.017412500000000004,0.017375,8.92678553567857e-05,0.015,0.017,0.016050000000000002,0.016,0.0004974937185533105,0.0075,0.008125,0.007656249999999999,0.007625,0.00013621559198564618,0.021875000000000002,0.022375,0.022125,0.022125,0.00012499999999999976,0.00275,0.003125,0.0029750000000000006,0.003,0.00010155048005794958,0.021625000000000002,0.022375,0.0218875,0.021875000000000002,0.00020879116360612463,0.01,0.012,0.011000000000000001,0.011,0.0008366600265340757,32,32,2560,10240,51200,False,728,8
0.02,0.027,0.024809523809523816,0.025,0.0013669238185149836,0.009000000000000001,0.01,0.009150000000000002,0.009000000000000001,0.00035707142142714214,0.0175,0.017625000000000002,0.017518750000000007,0.0175,4.463392767839285e-05,0.016,0.017,0.016050000000000002,0.016,0.0002179449471770339,0.007625,0.00775,0.0076375,0.007625,3.750000000000003e-05,0.022125,0.022375,0.0222375,0.02225,5.448623679425847e-05,0.00275,0.002875,0.0028312500000000004,0.002875,5.962120008855916e-05,0.021625000000000002,0.022,0.02175625,0.021750000000000002,0.00011507470399701168,0.01,0.012,0.0105,0.01,0.0006708203932499369,32,32,2560,10240,51200,False,720,8
0.02,0.026000000000000002,0.02476190476190477,0.025,0.0012688488185213552,0.009000000000000001,0.01,0.009050000000000002,0.009000000000000001,0.00021794494717703353,0.017375,0.017625000000000002,0.017512500000000007,0.0175,6.731456008918136e-05,0.015,0.016,0.015850000000000003,0.016,0.00035707142142714284,0.0075,0.00775,0.007618749999999999,0.007625,6.218671481916381e-05,0.022125,0.02275,0.02233125,0.0223125,0.0001267070933294582,0.002875,0.003,0.0029125000000000006,0.002875,5.728219618694805e-05,0.021625000000000002,0.022125,0.021875,0.021875000000000002,0.00014790199457748922,0.01,0.012,0.010600000000000002,0.010499999999999999,0.0006633249580710798,32,32,2560,10240,51200,False,712,8
0.02,0.027,0.025238095238095243,0.025,0.001376841170933425,0.009000000000000001,0.01,0.009250000000000003,0.009000000000000001,0.00043301270189221897,0.01725,0.017375,0.0173375,0.017375,5.728219618694805e-05,0.015,0.017,0.015900000000000004,0.016,0.0004358898943540677,0.0075,0.007875,0.0076,0.007625,0.00010897247358851694,0.022,0.0225,0.022131249999999998,0.022125,0.00012167451458707377,0.00275,0.0032500000000000003,0.0029125000000000006,0.002875,0.00011924240017711831,0.021500000000000002,0.022375,0.02174375,0.021750000000000002,0.00017444107171191031,0.01,0.012,0.010750000000000001,0.011,0.0006224949798994364,32,32,2560,10240,51200,False,704,8
0.02,0.026000000000000002,0.024380952380952385,0.024,0.0011741740958036149,0.009000000000000001,0.01,0.009050000000000002,0.009000000000000001,0.00021794494717703353,0.017125,0.017375,0.017249999999999998,0.01725,3.9528470752104776e-05,0.015,0.017,0.015950000000000002,0.016,0.0004974937185533103,0.0073750000000000005,0.00775,0.007525000000000001,0.0075,0.0001015504800579494,0.021625000000000002,0.022,0.021799999999999996,0.021750000000000002,9.185586535436888e-05,0.002625,0.003,0.0027812500000000003,0.00275,0.00010364452469860623,0.02125,0.021875000000000002,0.021587500000000003,0.021562500000000002,0.00018157298807917454,0.01,0.011,0.010150000000000001,0.01,0.00035707142142714214,32,32,2560,10240,51200,False,696,8
0.019,0.025,0.024238095238095243,0.024,0.0012688488185213554,0.009000000000000001,0.01,0.009100000000000002,0.009000000000000001,0.00029999999999999976,0.017375,0.0175,0.017400000000000006,0.017375,5.000000000000005e-05,0.015,0.016,0.015550000000000003,0.016,0.0004974937185533105,0.0075,0.007625,0.00751875,0.0075,4.4633927678392855e-05,0.022,0.022375,0.02215625,0.022125,0.00010364452469860634,0.002625,0.003,0.0028000000000000004,0.00275,8.291561975888503e-05,0.021500000000000002,0.021875000000000002,0.02173125,0.021750000000000002,0.00010661701318269998,0.01,0.011,0.0105,0.010499999999999999,0.0004999999999999996,32,32,2560,10240,51200,False,688,8
0.019,0.024,0.023571428571428577,0.024,0.0010942024088643866,0.009000000000000001,0.01,0.009150000000000002,0.009000000000000001,0.00035707142142714214,0.01725,0.0175,0.01734375,0.017375,6.702378309227261e-05,0.015,0.016,0.015200000000000002,0.015,0.00040000000000000034,0.0075,0.007625,0.00751875,0.0075,4.463392767839285e-05,0.022,0.02225,0.022081250000000004,0.022125,8.17293551913877e-05,0.002625,0.002875,0.0027562500000000005,0.00275,4.8007160924178784e-05,0.021500000000000002,0.021875000000000002,0.0216875,0.021687500000000002,8.385254915624219e-05,0.01,0.011,0.010150000000000001,0.01,0.00035707142142714214,32,32,2560,10240,51200,False,680,8
0.019,0.024,0.022809523809523814,0.023,0.000957131011535323,0.009000000000000001,0.01,0.009050000000000002,0.009000000000000001,0.00021794494717703353,0.017125,0.0175,0.01728125,0.01725,8.727650027355596e-05,0.014,0.016,0.015050000000000003,0.015,0.00038405728739343055,0.0073750000000000005,0.00775,0.007531250000000001,0.0075,9.581068572972426e-05,0.021875000000000002,0.022375,0.022,0.022,0.00015811388300841789,0.002625,0.003,0.0027187500000000002,0.00275,9.581068572972423e-05,0.021375,0.022,0.021606250000000004,0.021500000000000002,0.00018232440182268432,0.01,0.01,0.010000000000000002,0.01,1.734723475976807e-18,32,32,2560,10240,51200,False,672,8
0.019,0.024,0.0230952380952381,0.023,0.0011086139739831253,0.009000000000000001,0.009000000000000001,0.009000000000000003,0.009000000000000001,1.734723475976807e-18,0.016875,0.01725,0.01705,0.0170625,0.0001145643923738961,0.015,0.016,0.015150000000000002,0.015,0.0003570714214271428,0.0073750000000000005,0.0075,0.00745,0.0075,6.12372435695791e-05,0.021625000000000002,0.021875000000000002,0.021712500000000003,0.021750000000000002,8.003905296791068e-05,0.002625,0.00275,0.00265625,0.002625,5.412658773652728e-05,0.021125,0.021875000000000002,0.02151875,0.021500000000000002,0.0001947554556360362,0.01,0.011,0.01005,0.01,0.00021794494717703353,32,32,2560,10240,51200,False,664,8
0.019,0.024,0.02285714285714286,0.023,0.0009404008408634049,0.009000000000000001,0.009000000000000001,0.009000000000000003,0.009000000000000001,1.734723475976807e-18,0.017,0.017375,0.01720625,0.01725,9.901862198596794e-05,0.014,0.016,0.014900000000000002,0.015,0.0004358898943540672,0.0075,0.007625,0.007512500000000001,0.0075,3.750000000000004e-05,0.021875000000000002,0.022125,0.02198125,0.022,9.901862198596648e-05,0.0025,0.002875,0.0026375,0.002625,0.00012437342963832743,0.02125,0.021875000000000002,0.0215375,0.021562500000000002,0.00016817030058842154,0.01,0.01,0.010000000000000002,0.01,1.734723475976807e-18,32,32,2560,10240,51200,False,656,8
0.018000000000000002,0.024,0.02285714285714286,0.023,0.001283066055743569,0.009000000000000001,0.009000000000000001,0.009000000000000003,0.009000000000000001,1.734723475976807e-18,0.017125,0.017375,0.0172375,0.01725,9.601432184835769e-05,0.014,0.016,0.014950000000000001,0.015,0.0004974937185533098,0.0073750000000000005,0.0075,0.007475000000000001,0.0075,4.99999999999997e-05,0.021750000000000002,0.02225,0.021956250000000004,0.021875000000000002,0.00013272975363496926,0.0025,0.00275,0.0026187500000000004,0.002625,0.00010058423087144418,0.02125,0.021875000000000002,0.021581250000000003,0.021625000000000002,0.00015449008867885356,0.01,0.01,0.010000000000000002,0.01,1.734723475976807e-18,32,32,2560,10240,51200,False,648,8
0.018000000000000002,0.022,0.02166666666666667,0.022,0.0008908708063747471,0.009000000000000001,0.009000000000000001,0.009000000000000003,0.009000000000000001,1.734723475976807e-18,0.015,0.01525,0.015125,0.015125,0.00010458250331675955,0.014,0.015,0.014050000000000002,0.014,0.00021794494717703353,0.0053750000000000004,0.0055,0.005487500000000001,0.0055,3.749999999999977e-05,0.0175,0.017625000000000002,0.017550000000000003,0.0175,6.123724356957951e-05,0.002375,0.002375,0.0023750000000000004,0.002375,4.336808689942018e-19,0.01625,0.016875,0.016531250000000004,0.0165,0.0001806022909599988,0.009000000000000001,0.01,0.009850000000000003,0.01,0.0003570714214271422,32,32,2560,10240,51200,False,640,8
0.018000000000000002,0.023,0.02152380952380953,0.022,0.0009571310115353218,0.008,0.009000000000000001,0.008950000000000003,0.009000000000000001,0.00021794494717703385,0.014875000000000001,0.015125,0.014993750000000004,0.015,0.00010058423087144364,0.014,0.015,0.014250000000000002,0.014,0.00043301270189221897,0.0053750000000000004,0.005875,0.0054687500000000005,0.0055,0.00011775902300885462,0.017375,0.017625000000000002,0.0175,0.0175,6.846531968814583e-05,0.0022500000000000003,0.0025,0.0023687500000000006,0.002375,4.800716092417874e-05,0.016125,0.01675,0.016512499999999996,0.0165625,0.00020879116360612602,0.009000000000000001,0.01,0.009850000000000003,0.01,0.00035707142142714224,32,32,2560,10240,51200,False,632,8
0.018000000000000002,0.022,0.02123809523809524,0.021,0.0008676603408708846,0.009000000000000001,0.009000000000000001,0.009000000000000003,0.009000000000000001,1.734723475976807e-18,0.015,0.01525,0.015137499999999998,0.015125,7.806247497998006e-05,0.013000000000000001,0.014,0.013900000000000001,0.014,0.00029999999999999976,0.0053750000000000004,0.0055,0.005418750000000001,0.0053750000000000004,5.9621200088558736e-05,0.0175,0.017625000000000002,0.017531250000000005,0.0175,5.412658773652746e-05,0.0022500000000000003,0.002375,0.002300000000000001,0.0022500000000000003,6.123724356957928e-05,0.016125,0.0165,0.01631875,0.0163125,0.00010807260291119125,0.009000000000000001,0.01,0.009550000000000003,0.01,0.0004974937185533095,32,32,2560,10240,51200,False,624,8
0.018000000000000002,0.023,0.021761904761904767,0.022,0.0009209085526577952,0.009000000000000001,0.009000000000000001,0.009000000000000003,0.009000000000000001,1.734723475976807e-18,0.015,0.01525,0.015081250000000001,0.015125,7.153451963912254e-05,0.013000000000000001,0.015,0.013750000000000004,0.014,0.0005361902647381799,0.00475,0.004875,0.0048000000000000004,0.00475,6.12372435695795e-05,0.0175,0.017625000000000002,0.0175625,0.0175625,6.250000000000006e-05,0.0022500000000000003,0.002375,0.0022875000000000005,0.0022500000000000003,5.728219618694785e-05,0.016125,0.016875,0.01646875,0.0164375,0.00018487749322186318,0.009000000000000001,0.01,0.009150000000000002,0.009000000000000001,0.00035707142142714214,32,32,2560,10240,51200,False,616,8
0.017,0.022,0.02104761904761905,0.021,0.000998865569685858,0.008,0.009000000000000001,0.008900000000000002,0.009000000000000001,0.0003000000000000003,0.014750000000000001,0.015125,0.014956250000000004,0.015,9.078649403958654e-05,0.013000000000000001,0.015,0.013950000000000004,0.014,0.00038405728739343006,0.00475,0.004875,0.0048000000000000004,0.00475,6.12372435695795e-05,0.0175,0.017625000000000002,0.017581250000000003,0.017625000000000002,5.962120008855915e-05,0.0022500000000000003,0.002375,0.0022812500000000007,0.0022500000000000003,5.4126587736527276e-05,0.016125,0.017,0.01653125,0.0165,0.0002557922741210143,0.009000000000000001,0.01,0.009150000000000002,0.009000000000000001,0.0003570714214271422,32,32,2560,10240,51200,False,608,8
0.017,0.021,0.020619047619047627,0.021,0.0008984743935292006,0.008,0.009000000000000001,0.008900000000000002,0.009000000000000001,0.0003000000000000003,0.014750000000000001,0.015,0.01484375,0.014875000000000001,8.727650027355549e-05,0.013000000000000001,0.014,0.013700000000000004,0.014,0.0004582575694955836,0.00475,0.004875,0.004756250000000001,0.00475,2.724311839712923e-05,0.017375,0.0175,0.017462500000000002,0.0175,5.7282196186948046e-05,0.0022500000000000003,0.0022500000000000003,0.0022500000000000007,0.0022500000000000003,4.336808689942018e-19,0.016125,0.01675,0.01640625,0.016375,0.00020107134927681782,0.009000000000000001,0.01,0.009100000000000002,0.009000000000000001,0.00029999999999999976,32,32,2560,10240,51200,False,600,8
0.017,0.021,0.020047619047619054,0.02,0.000785353452498602,0.008,0.009000000000000001,0.008800000000000002,0.009000000000000001,0.00040000000000000034,0.014875000000000001,0.015125,0.015000000000000003,0.015,7.905694150420901e-05,0.013000000000000001,0.015,0.013650000000000004,0.014,0.0005722761571129795,0.00475,0.004875,0.004775000000000001,0.00475,5.0000000000000036e-05,0.0175,0.017625000000000002,0.017550000000000003,0.0175,6.123724356957951e-05,0.002125,0.002375,0.0022250000000000004,0.0022500000000000003,6.373774391990982e-05,0.016125,0.01675,0.016393750000000002,0.016375,0.00015449008867885356,0.009000000000000001,0.01,0.009050000000000002,0.009000000000000001,0.00021794494717703353,32,32,2560,10240,51200,False,592,8
0.017,0.021,0.020333333333333342,0.02,0.0008908708063747481,0.009000000000000001,0.009000000000000001,0.009000000000000003,0.009000000000000001,1.734723475976807e-18,0.01375,0.013875,0.013806250000000003,0.01375,6.21867148191638e-05,0.014,0.015,0.014650000000000002,0.015,0.0004769696007084724,0.00475,0.004875,0.004793750000000001,0.00475,5.962120008855915e-05,0.0175,0.017750000000000002,0.017625000000000002,0.017625000000000002,6.846531968814583e-05,0.002125,0.0022500000000000003,0.0022250000000000004,0.0022500000000000003,5.000000000000004e-05,0.01625,0.017,0.01656875,0.0165625,0.0001831793861219107,0.009000000000000001,0.01,0.009050000000000002,0.009000000000000001,0.00021794494717703353,32,32,2560,10240,51200,False,584,8
0.017,0.021,0.020000000000000007,0.02,0.0007559289460184545,0.009000000000000001,0.009000000000000001,0.009000000000000003,0.009000000000000001,1.734723475976807e-18,0.013625,0.01375,0.01373125,0.01375,4.463392767839285e-05,0.014,0.015,0.014300000000000002,0.014,0.00045825756949558356,0.0053750000000000004,0.0055,0.0054375000000000005,0.0054375,6.249999999999961e-05,0.0175,0.017625000000000002,0.017525000000000006,0.0175,5.000000000000004e-05,0.002125,0.0022500000000000003,0.0021500000000000004,0.002125,5.000000000000004e-05,0.01625,0.01675,0.01645,0.016375,0.00015000000000000012,0.009000000000000001,0.009000000000000001,0.009000000000000003,0.009000000000000001,1.734723475976807e-18,32,32,2560,10240,51200,False,576,8
0.016,0.021,0.019857142857142865,0.02,0.0008883218145798875,0.008,0.009000000000000001,0.008700000000000003,0.009000000000000001,0.0004582575694955844,0.0135,0.013625,0.013518750000000001,0.0135,4.463392767839285e-05,0.014,0.015,0.014100000000000001,0.014,0.00029999999999999976,0.0053750000000000004,0.0053750000000000004,0.005375000000000001,0.0053750000000000004,8.673617379884035e-19,0.017375,0.0175,0.017425000000000003,0.017375,6.123724356957951e-05,0.002125,0.0022500000000000003,0.0021500000000000004,0.002125,5.000000000000004e-05,0.016125,0.016625,0.01635625,0.016375,0.00014402148277253653,0.009000000000000001,0.009000000000000001,0.009000000000000003,0.009000000000000001,1.734723475976807e-18,32,32,2560,10240,51200,False,568,8
0.016,0.021,0.019857142857142865,0.02,0.0008883218145798875,0.008,0.009000000000000001,0.008600000000000002,0.009000000000000001,0.000489897948556636,0.01375,0.013875,0.013850000000000001,0.013875,5.000000000000004e-05,0.013000000000000001,0.014,0.013800000000000003,0.014,0.0003999999999999997,0.0053750000000000004,0.0053750000000000004,0.005375000000000001,0.0053750000000000004,8.673617379884035e-19,0.017375,0.0175,0.017475000000000004,0.0175,5.0000000000000036e-05,0.002,0.002125,0.0021125000000000007,0.002125,3.750000000000004e-05,0.016,0.0165,0.016225,0.016125,0.00017500000000000013,0.009000000000000001,0.009000000000000001,0.009000000000000003,0.009000000000000001,1.734723475976807e-18,32,32,2560,10240,51200,False,560,8
0.016,0.02,0.01914285714285715,0.019,0.0008329931278350432,0.008,0.009000000000000001,0.008350000000000002,0.008,0.00047696960070847325,0.013625,0.01375,0.013631250000000001,0.013625,2.724311839712923e-05,0.013000000000000001,0.015,0.013900000000000004,0.014,0.00043588989435406695,0.0053750000000000004,0.0053750000000000004,0.005375000000000001,0.0053750000000000004,8.673617379884035e-19,0.017375,0.017625000000000002,0.017506250000000004,0.0175,4.800716092417884e-05,0.002,0.002125,0.0020687500000000003,0.002125,6.218671481916381e-05,0.016125,0.016875,0.016400000000000005,0.0164375,0.00024238399287081666,0.008,0.009000000000000001,0.008900000000000002,0.009000000000000001,0.0003000000000000003,32,32,2560,10240,51200,False,552,8
0.016,0.02,0.01890476190476191,0.019,0.0006834619092574917,0.008,0.009000000000000001,0.008050000000000002,0.008,0.00021794494717703388,0.013375,0.0135,0.013418750000000002,0.013375,5.962120008855916e-05,0.013000000000000001,0.015,0.014000000000000002,0.014,0.0003162277660168377,0.0053750000000000004,0.0053750000000000004,0.005375000000000001,0.0053750000000000004,8.673617379884035e-19,0.016875,0.017,0.01695,0.017,6.12372435695795e-05,0.002125,0.0022500000000000003,0.0021312500000000003,0.002125,2.724311839712924e-05,0.016375,0.016875,0.016543750000000003,0.0165,0.00013272975363497075,0.008,0.009000000000000001,0.008750000000000003,0.009000000000000001,0.0004330127018922198,32,32,2560,10240,51200,False,544,8
0.016,0.02,0.01895238095238096,0.019,0.0007221786137191953,0.008,0.008,0.008000000000000002,0.008,1.734723475976807e-18,0.01325,0.013375,0.01325625,0.01325,2.724311839712923e-05,0.013000000000000001,0.014,0.013850000000000005,0.014,0.00035707142142714214,0.0053750000000000004,0.0053750000000000004,0.005375000000000001,0.0053750000000000004,8.673617379884035e-19,0.016625,0.01675,0.0167,0.01675,6.123724356957951e-05,0.002,0.002125,0.0021187500000000004,0.002125,2.724311839712923e-05,0.01625,0.017125,0.016681249999999998,0.01675,0.00028905827699617965,0.008,0.009000000000000001,0.008950000000000003,0.009000000000000001,0.00021794494717703385,32,32,2560,10240,51200,False,536,8
0.015,0.02,0.01890476190476191,0.019,0.0009712418121129115,0.008,0.008,0.008000000000000002,0.008,1.734723475976807e-18,0.0135,0.013625,0.0135375,0.0135,5.728219618694805e-05,0.013000000000000001,0.015,0.013650000000000004,0.014,0.0006538348415311004,0.00525,0.0053750000000000004,0.005368750000000001,0.0053750000000000004,2.724311839712923e-05,0.017,0.01725,0.01713125,0.017125,4.8007160924178845e-05,0.002,0.002125,0.0020375000000000002,0.002,5.728219618694805e-05,0.016,0.016625,0.016275,0.01625,0.00014031215200402294,0.008,0.009000000000000001,0.008400000000000001,0.008,0.0004898979485566361,32,32,2560,10240,51200,False,528,8
0.015,0.02,0.018761904761904768,0.019,0.000920908552657796,0.008,0.009000000000000001,0.008250000000000002,0.008,0.0004330127018922198,0.013375,0.0135,0.013387500000000002,0.013375,3.750000000000003e-05,0.013000000000000001,0.014,0.013550000000000003,0.014,0.0004974937185533095,0.0053750000000000004,0.0055,0.0053812500000000015,0.0053750000000000004,2.7243118397129045e-05,0.016875,0.017,0.01690625,0.016875,5.4126587736527466e-05,0.002,0.002125,0.0020250000000000003,0.002,5.000000000000004e-05,0.01625,0.01675,0.016425000000000002,0.016375,0.00013919410907075068,0.008,0.009000000000000001,0.008150000000000001,0.008,0.0003570714214271428,32,32,2560,10240,51200,False,520,8
0.015,0.018000000000000002,0.017857142857142863,0.018000000000000002,0.0006388765649999405,0.008,0.009000000000000001,0.008050000000000002,0.008,0.0002179449471770339,0.0125,0.012875000000000001,0.012625,0.012625,6.846531968814583e-05,0.01,0.011,0.010350000000000002,0.01,0.0004769696007084724,0.004625,0.00475,0.004743750000000001,0.00475,2.724311839712923e-05,0.015625,0.015875,0.015737499999999998,0.01575,5.448623679425847e-05,0.001875,0.002,0.0018812500000000003,0.001875,2.724311839712923e-05,0.016,0.0165,0.01619375,0.0161875,0.0001503901176939497,0.008,0.009000000000000001,0.008350000000000002,0.008,0.00047696960070847325,32,32,2560,10240,51200,False,512,8
0.015,0.018000000000000002,0.017809523809523813,0.018000000000000002,0.0006632565846278159,0.008,0.009000000000000001,0.008150000000000001,0.008,0.0003570714214271428,0.013000000000000001,0.01325,0.01313125,0.013125,6.218671481916345e-05,0.013000000000000001,0.014,0.013300000000000003,0.013000000000000001,0.00045825756949558356,0.004625,0.00475,0.004718750000000001,0.00475,5.4126587736527466e-05,0.015625,0.015875,0.015718749999999997,0.01575,6.702378309227261e-05,0.001875,0.001875,0.0018750000000000004,0.001875,4.336808689942018e-19,0.016,0.01625,0.016100000000000003,0.016125,9.354143466934861e-05,0.008,0.009000000000000001,0.008150000000000001,0.008,0.0003570714214271428,32,32,2560,10240,51200,False,504,8
0.014,0.018000000000000002,0.01766666666666667,0.018000000000000002,0.0008908708063747481,0.008,0.009000000000000001,0.008100000000000001,0.008,0.0003000000000000003,0.01325,0.013375,0.01335625,0.013375,4.463392767839285e-05,0.012,0.014,0.013250000000000003,0.013000000000000001,0.0005361902647381801,0.004625,0.00475,0.004668750000000001,0.004625,5.9621200088559156e-05,0.015625,0.01575,0.0156875,0.0156875,6.250000000000006e-05,0.00175,0.001875,0.0018187500000000003,0.001875,6.218671481916369e-05,0.016,0.016375,0.016118750000000005,0.0160625,0.00013390178303517854,0.008,0.009000000000000001,0.008050000000000002,0.008,0.0002179449471770339,32,32,2560,10240,51200,False,496,8
0.014,0.018000000000000002,0.017619047619047624,0.018000000000000002,0.0008984743935292011,0.008,0.008,0.008000000000000002,0.008,1.734723475976807e-18,0.013125,0.013375,0.013218750000000001,0.01325,6.702378309227261e-05,0.013000000000000001,0.014,0.013100000000000004,0.013000000000000001,0.00029999999999999976,0.004625,0.00475,0.004725000000000001,0.00475,5.000000000000004e-05,0.015625,0.01575,0.01565625,0.015625,5.412658773652747e-05,0.00175,0.001875,0.0017562500000000002,0.00175,2.724311839712919e-05,0.016,0.01625,0.016093750000000004,0.016125,8.727650027355596e-05,0.008,0.009000000000000001,0.008200000000000002,0.008,0.00040000000000000034,32,32,2560,10240,51200,False,488,8
0.014,0.018000000000000002,0.017428571428571432,0.018000000000000002,0.0009035079029052519,0.008,0.009000000000000001,0.008050000000000002,0.008,0.00021794494717703388,0.010875000000000001,0.011125,0.011,0.011,3.9528470752104505e-05,0.012,0.013000000000000001,0.012350000000000003,0.012,0.0004769696007084732,0.004625,0.00475,0.004743750000000001,0.00475,2.724311839712923e-05,0.0155,0.01575,0.015625,0.015625,3.9528470752104776e-05,0.00175,0.00175,0.0017500000000000003,0.00175,2.168404344971009e-19,0.016,0.016375,0.016131250000000007,0.016125,0.00012793430931536711,0.008,0.008,0.008000000000000002,0.008,1.734723475976807e-18,32,32,2560,10240,51200,False,480,8
0.014,0.018000000000000002,0.017238095238095243,0.017,0.0008676603408708859,0.008,0.008,0.008000000000000002,0.008,1.734723475976807e-18,0.010750000000000001,0.011,0.01086875,0.010875000000000001,4.800716092417861e-05,0.012,0.013000000000000001,0.012350000000000003,0.012,0.0004769696007084732,0.004625,0.00475,0.0046500000000000005,0.004625,5.000000000000004e-05,0.0155,0.015625,0.01555,0.0155,6.12372435695795e-05,0.00175,0.00175,0.0017500000000000003,0.00175,2.168404344971009e-19,0.015875,0.01625,0.016037500000000003,0.016,8.003905296791067e-05,0.008,0.008,0.008000000000000002,0.008,1.734723475976807e-18,32,32,2560,10240,51200,False,472,8
0.014,0.017,0.01666666666666667,0.017,0.0007126966450997987,0.008,0.008,0.008000000000000002,0.008,1.734723475976807e-18,0.011,0.011125,0.01109375,0.011125,5.412658773652747e-05,0.012,0.013000000000000001,0.012150000000000003,0.012,0.0003570714214271428,0.004625,0.00475,0.004662500000000001,0.004625,5.728219618694805e-05,0.0155,0.015625,0.015575000000000002,0.015625,6.12372435695795e-05,0.0016250000000000001,0.00175,0.0017437500000000005,0.00175,2.724311839712919e-05,0.016,0.01625,0.016056250000000005,0.016,0.00010058423087144436,0.008,0.008,0.008000000000000002,0.008,1.734723475976807e-18,32,32,2560,10240,51200,False,464,8
0.014,0.017,0.016190476190476193,0.016,0.0006632565846278156,0.008,0.009000000000000001,0.008050000000000002,0.008,0.00021794494717703388,0.011,0.011125,0.011012500000000001,0.011,3.750000000000003e-05,0.012,0.013000000000000001,0.012050000000000002,0.012,0.0002179449471770339,0.004625,0.00475,0.004675,0.004625,6.12372435695795e-05,0.0155,0.01575,0.015575,0.015625,7.288689868556633e-05,0.0016250000000000001,0.00175,0.0016750000000000005,0.0016250000000000001,6.123724356957939e-05,0.016,0.01625,0.016043750000000002,0.016,7.153451963912254e-05,0.008,0.008,0.008000000000000002,0.008,1.734723475976807e-18,32,32,2560,10240,51200,False,456,8
0.013000000000000001,0.017,0.01633333333333334,0.016,0.0008908708063747481,0.008,0.008,0.008000000000000002,0.008,1.734723475976807e-18,0.010750000000000001,0.011,0.01083125,0.010875000000000001,7.153451963912234e-05,0.011,0.012,0.011900000000000003,0.012,0.00030000000000000024,0.004625,0.00475,0.004743750000000001,0.00475,2.724311839712923e-05,0.0155,0.015625,0.015606249999999999,0.015625,4.463392767839284e-05,0.0016250000000000001,0.00175,0.0016312500000000003,0.0016250000000000001,2.724311839712919e-05,0.016125,0.0165,0.016331250000000002,0.016375,9.901862198596796e-05,0.008,0.008,0.008000000000000002,0.008,1.734723475976807e-18,32,32,2560,10240,51200,False,448,8
0.013000000000000001,0.017,0.01604761904761905,0.016,0.000785353452498602,0.008,0.009000000000000001,0.008050000000000002,0.008,0.0002179449471770339,0.0105,0.010750000000000001,0.010687500000000003,0.010750000000000001,7.395099728874526e-05,0.011,0.012,0.011550000000000001,0.012,0.0004974937185533104,0.004625,0.00475,0.004631250000000001,0.004625,2.724311839712923e-05,0.015375,0.015625,0.015500000000000003,0.0155,5.590169943749479e-05,0.0016250000000000001,0.0016250000000000001,0.0016250000000000004,0.0016250000000000001,2.168404344971009e-19,0.016125,0.01625,0.01615625,0.016125,5.412658773652747e-05,0.008,0.008,0.008000000000000002,0.008,1.734723475976807e-18,32,32,2560,10240,51200,False,440,8
0.013000000000000001,0.017,0.01604761904761905,0.016,0.000785353452498602,0.008,0.008,0.008000000000000002,0.008,1.734723475976807e-18,0.010875000000000001,0.011,0.010943749999999999,0.011,6.218671481916293e-05,0.009000000000000001,0.01,0.009900000000000003,0.01,0.00029999999999999976,0.004625,0.00475,0.004637500000000001,0.004625,3.750000000000004e-05,0.015375,0.015625,0.015518750000000001,0.0155,5.9621200088559156e-05,0.0016250000000000001,0.0016250000000000001,0.0016250000000000004,0.0016250000000000001,2.168404344971009e-19,0.016125,0.016375,0.01618125,0.016125,0.00010058423087144436,0.008,0.008,0.008000000000000002,0.008,1.734723475976807e-18,32,32,2560,10240,51200,False,432,8
0.013000000000000001,0.016,0.015761904761904765,0.016,0.0006834619092574916,0.008,0.008,0.008000000000000002,0.008,1.734723475976807e-18,0.010625,0.010875000000000001,0.010775000000000002,0.010750000000000001,7.500000000000006e-05,0.01,0.01,0.010000000000000002,0.01,1.734723475976807e-18,0.004625,0.00475,0.004693750000000001,0.00475,6.21867148191638e-05,0.015375,0.015625,0.015512500000000002,0.0155,5.448623679425847e-05,0.0016250000000000001,0.0016250000000000001,0.0016250000000000004,0.0016250000000000001,2.168404344971009e-19,0.016125,0.016375,0.01620625,0.0161875,9.078649403958727e-05,0.008,0.008,0.008000000000000002,0.008,1.734723475976807e-18,32,32,2560,10240,51200,False,424,8
0.012,0.016,0.015142857142857145,0.015,0.000832993127835043,0.008,0.008,0.008000000000000002,0.008,1.734723475976807e-18,0.010625,0.010875000000000001,0.010731250000000001,0.010750000000000001,7.153451963912254e-05,0.009000000000000001,0.011,0.009950000000000004,0.01,0.00038405728739343006,0.004625,0.00475,0.004743750000000001,0.00475,2.724311839712923e-05,0.0155,0.015625,0.015525000000000002,0.0155,5.0000000000000036e-05,0.0015,0.0016250000000000001,0.0015875000000000004,0.0016250000000000001,5.728219618694806e-05,0.01625,0.01625,0.016249999999999997,0.01625,3.469446951953614e-18,0.008,0.008,0.008000000000000002,0.008,1.734723475976807e-18,32,32,2560,10240,51200,False,416,8
0.013000000000000001,0.016,0.015047619047619051,0.015,0.0005753831415997415,0.008,0.008,0.008000000000000002,0.008,1.734723475976807e-18,0.010375,0.010750000000000001,0.010575000000000001,0.010625,8.291561975888507e-05,0.009000000000000001,0.01,0.009850000000000003,0.01,0.0003570714214271422,0.004625,0.004625,0.004625000000000001,0.004625,8.673617379884035e-19,0.015375,0.015625,0.015456250000000001,0.0155,7.153451963912254e-05,0.0015,0.0016250000000000001,0.0015062500000000002,0.0015,2.724311839712924e-05,0.015875,0.016125,0.016000000000000004,0.016,5.590169943749479e-05,0.008,0.008,0.008000000000000002,0.008,1.734723475976807e-18,32,32,2560,10240,51200,False,408,8
0.012,0.016,0.014904761904761907,0.015,0.0006834619092574916,0.008,0.008,0.008000000000000002,0.008,1.734723475976807e-18,0.010625,0.010750000000000001,0.010693750000000002,0.010750000000000001,6.21867148191638e-05,0.009000000000000001,0.01,0.009800000000000003,0.01,0.0003999999999999997,0.004625,0.00475,0.004637500000000001,0.004625,3.750000000000004e-05,0.015375,0.0155,0.015443750000000003,0.0155,6.218671481916381e-05,0.0015,0.0015,0.0015000000000000002,0.0015,2.168404344971009e-19,0.016,0.01625,0.016050000000000002,0.016,0.00010000000000000007,0.007,0.008,0.0079,0.008,0.00030000000000000003,32,32,2560,10240,51200,False,400,8
0.012,0.015,0.014761904761904764,0.015,0.0006834619092574914,0.008,0.008,0.008000000000000002,0.008,1.734723475976807e-18,0.010375,0.010625,0.010518749999999999,0.0105,9.901862198596794e-05,0.009000000000000001,0.01,0.009850000000000003,0.01,0.00035707142142714224,0.004625,0.00475,0.004662500000000001,0.004625,5.728219618694805e-05,0.0135,0.01375,0.013631250000000001,0.013625,6.218671481916381e-05,0.0015,0.0016250000000000001,0.0015250000000000003,0.0015,5.000000000000004e-05,0.016,0.016375,0.0162,0.01625,9.185586535436926e-05,0.007,0.008,0.007950000000000002,0.008,0.00021794494717703366,32,32,2560,10240,51200,False,392,8
0.012,0.015,0.014523809523809526,0.015,0.0007315376902732005,0.008,0.008,0.008000000000000002,0.008,1.734723475976807e-18,0.008875000000000001,0.009000000000000001,0.008906250000000001,0.008875000000000001,5.412658773652747e-05,0.008,0.009000000000000001,0.008100000000000001,0.008,0.0003000000000000003,0.004625,0.004625,0.004625000000000001,0.004625,8.673617379884035e-19,0.013000000000000001,0.01325,0.013087500000000002,0.013125,6.959705453537457e-05,0.001375,0.0015,0.0014000000000000002,0.001375,5.000000000000004e-05,0.013000000000000001,0.013625,0.013243750000000002,0.01325,0.00015039011769394953,0.007,0.008,0.007350000000000001,0.007,0.00047696960070847287,32,32,2560,10240,51200,False,384,8
0.011,0.014,0.013857142857142861,0.014,0.0006388765649999401,0.008,0.008,0.008000000000000002,0.008,1.734723475976807e-18,0.00875,0.008875000000000001,0.00886875,0.008875000000000001,2.724311839712923e-05,0.008,0.008,0.008000000000000002,0.008,1.734723475976807e-18,0.005,0.005125,0.005100000000000001,0.005125,5.000000000000004e-05,0.013125,0.01325,0.01315,0.013125,5.0000000000000036e-05,0.001375,0.0015,0.0013875000000000003,0.001375,3.750000000000003e-05,0.013000000000000001,0.013375,0.013168750000000002,0.013125,0.00010661701318269956,0.007,0.008,0.007350000000000001,0.007,0.00047696960070847287,32,32,2560,10240,51200,False,376,8
0.011,0.014,0.013857142857142861,0.014,0.0006388765649999401,0.008,0.008,0.008000000000000002,0.008,1.734723475976807e-18,0.008875000000000001,0.009000000000000001,0.00889375,0.008875000000000001,4.4633927678392855e-05,0.008,0.009000000000000001,0.008050000000000002,0.008,0.0002179449471770339,0.005,0.005125,0.005012500000000001,0.005,3.750000000000004e-05,0.0115,0.01175,0.011675000000000001,0.0116875,8.291561975888508e-05,0.001375,0.0015,0.0014937500000000003,0.0015,2.724311839712923e-05,0.013000000000000001,0.014125,0.0132,0.013125,0.00024173849507267138,0.007,0.008,0.0071,0.007,0.00030000000000000003,32,32,2560,10240,51200,False,368,8
0.011,0.014,0.013857142857142861,0.014,0.0006388765649999401,0.008,0.008,0.008000000000000002,0.008,1.734723475976807e-18,0.008875000000000001,0.009000000000000001,0.008881249999999999,0.008875000000000001,2.7243118397129235e-05,0.008,0.008,0.008000000000000002,0.008,1.734723475976807e-18,0.00475,0.004875,0.004781250000000001,0.00475,5.4126587736527466e-05,0.011375,0.011625,0.011524999999999999,0.0115625,0.00010897247358851694,0.001375,0.0015,0.0014125000000000001,0.001375,5.728219618694805e-05,0.013000000000000001,0.013625,0.01318125,0.013125,0.00014510233457804854,0.007,0.007,0.007000000000000001,0.007,8.673617379884035e-19,32,32,2560,10240,51200,False,360,8
0.011,0.014,0.013761904761904767,0.014,0.0006834619092574916,0.008,0.008,0.008000000000000002,0.008,1.734723475976807e-18,0.008875000000000001,0.009000000000000001,0.00891875,0.008875000000000001,5.962120008855915e-05,0.008,0.008,0.008000000000000002,0.008,1.734723475976807e-18,0.00475,0.00475,0.004750000000000001,0.00475,8.673617379884035e-19,0.01125,0.011625,0.01143125,0.0114375,0.00010807260291119123,0.001375,0.001375,0.0013750000000000001,0.001375,2.168404344971009e-19,0.013000000000000001,0.01375,0.013225,0.013125,0.00016583123951777003,0.007,0.007,0.007000000000000001,0.007,8.673617379884035e-19,32,32,2560,10240,51200,False,352,8
0.011,0.014,0.01366666666666667,0.014,0.0007126966450997983,0.008,0.008,0.008000000000000002,0.008,1.734723475976807e-18,0.00875,0.008875000000000001,0.008812500000000001,0.008812500000000001,6.250000000000006e-05,0.008,0.008,0.008000000000000002,0.008,1.734723475976807e-18,0.004625,0.00475,0.004700000000000001,0.00475,6.123724356957951e-05,0.011125,0.011375,0.011218750000000001,0.01125,8.727650027355596e-05,0.001375,0.001375,0.0013750000000000001,0.001375,2.168404344971009e-19,0.012875000000000001,0.013875,0.013162499999999999,0.013125,0.00022043990110685462,0.007,0.007,0.007000000000000001,0.007,8.673617379884035e-19,32,32,2560,10240,51200,False,344,8
0.011,0.014,0.013000000000000003,0.013000000000000001,0.000534522483824849,0.008,0.008,0.008000000000000002,0.008,1.734723475976807e-18,0.008875000000000001,0.008875000000000001,0.008875,0.008875000000000001,1.734723475976807e-18,0.008,0.008,0.008000000000000002,0.008,1.734723475976807e-18,0.00475,0.004875,0.004756250000000001,0.00475,2.724311839712923e-05,0.011375,0.011625,0.0115125,0.0115,5.448623679425847e-05,0.001375,0.001375,0.0013750000000000001,0.001375,2.168404344971009e-19,0.012875000000000001,0.0135,0.013093750000000001,0.013000000000000001,0.0001574950396044264,0.007,0.007,0.007000000000000001,0.007,8.673617379884035e-19,32,32,2560,10240,51200,False,336,8
0.01,0.013000000000000001,0.012809523809523812,0.013000000000000001,0.0006632565846278155,0.008,0.008,0.008000000000000002,0.008,1.734723475976807e-18,0.00875,0.008875000000000001,0.00886875,0.008875000000000001,2.724311839712923e-05,0.008,0.008,0.008000000000000002,0.008,1.734723475976807e-18,0.00475,0.004875,0.00476875,0.00475,4.4633927678392855e-05,0.01125,0.0115,0.011381249999999999,0.011375,7.368641326594754e-05,0.00125,0.001375,0.001275,0.00125,4.999999999999995e-05,0.012875000000000001,0.0135,0.013137500000000002,0.013125,0.00014737282653189455,0.007,0.007,0.007000000000000001,0.007,8.673617379884035e-19,32,32,2560,10240,51200,False,328,8
0.01,0.013000000000000001,0.012523809523809527,0.013000000000000001,0.0007315376902732012,0.008,0.008,0.008000000000000002,0.008,1.734723475976807e-18,0.008875000000000001,0.008875000000000001,0.008875,0.008875000000000001,1.734723475976807e-18,0.007,0.007,0.007000000000000001,0.007,8.673617379884035e-19,0.0032500000000000003,0.003375,0.003331250000000001,0.003375,5.962120008855896e-05,0.011125,0.011375,0.011206250000000001,0.01125,8.17293551913877e-05,0.00125,0.001375,0.0012625000000000002,0.00125,3.749999999999997e-05,0.013000000000000001,0.013625,0.013150000000000004,0.013125,0.00015612494995995957,0.007,0.007,0.007000000000000001,0.007,8.673617379884035e-19,32,32,2560,10240,51200,False,320,8
0.01,0.013000000000000001,0.012285714285714289,0.012,0.0006998542122237657,0.008,0.008,0.008000000000000002,0.008,1.734723475976807e-18,0.00875,0.008875000000000001,0.00881875,0.008875000000000001,6.21867148191638e-05,0.007,0.007,0.007000000000000001,0.007,8.673617379884035e-19,0.0032500000000000003,0.003375,0.003343750000000001,0.003375,5.412658773652727e-05,0.011,0.01125,0.011087500000000002,0.0110625,9.762812094883326e-05,0.00125,0.00125,0.0012500000000000002,0.00125,2.168404344971009e-19,0.012750000000000001,0.01375,0.013081250000000003,0.013000000000000001,0.0002026195634680912,0.006,0.007,0.006900000000000002,0.007,0.00030000000000000003,32,32,2560,10240,51200,False,312,8
0.01,0.013000000000000001,0.012285714285714289,0.012,0.0006998542122237657,0.008,0.008,0.008000000000000002,0.008,1.734723475976807e-18,0.00875,0.008875000000000001,0.008837500000000002,0.008875000000000001,5.728219618694805e-05,0.007,0.007,0.007000000000000001,0.007,8.673617379884035e-19,0.0032500000000000003,0.0032500000000000003,0.0032500000000000007,0.0032500000000000003,4.336808689942018e-19,0.011375,0.0115,0.011387499999999998,0.011375,3.750000000000003e-05,0.00125,0.00125,0.0012500000000000002,0.00125,2.168404344971009e-19,0.012875000000000001,0.013375,0.013037500000000002,0.013000000000000001,0.00017275343701356514,0.006,0.007,0.006900000000000002,0.007,0.00030000000000000003,32,32,2560,10240,51200,False,304,8
0.01,0.012,0.011904761904761908,0.012,0.00042591770999995997,0.008,0.008,0.008000000000000002,0.008,1.734723475976807e-18,0.008875000000000001,0.009000000000000001,0.008881249999999999,0.008875000000000001,2.7243118397129235e-05,0.007,0.007,0.007000000000000001,0.007,8.673617379884035e-19,0.0032500000000000003,0.0032500000000000003,0.0032500000000000007,0.0032500000000000003,4.336808689942018e-19,0.011125,0.01125,0.0112,0.01125,6.123724356957951e-05,0.00125,0.00125,0.0012500000000000002,0.00125,2.168404344971009e-19,0.012875000000000001,0.0135,0.013025,0.013000000000000001,0.00014577379737113204,0.006,0.007,0.006300000000000002,0.006,0.000458257569495584,32,32,2560,10240,51200,False,296,8
0.009000000000000001,0.012,0.011333333333333336,0.011,0.0007126966450997985,0.008,0.008,0.008000000000000002,0.008,1.734723475976807e-18,0.008875000000000001,0.009000000000000001,0.008881249999999999,0.008875000000000001,2.7243118397129235e-05,0.007,0.007,0.007000000000000001,0.007,8.673617379884035e-19,0.0032500000000000003,0.0032500000000000003,0.0032500000000000007,0.0032500000000000003,4.336808689942018e-19,0.010875000000000001,0.011,0.010912499999999999,0.010875000000000001,5.728219618694725e-05,0.0011250000000000001,0.0011250000000000001,0.0011250000000000003,0.0011250000000000001,2.168404344971009e-19,0.012875000000000001,0.013375,0.013018750000000004,0.013000000000000001,0.00013272975363497024,0.006,0.007,0.006300000000000002,0.006,0.000458257569495584,32,32,2560,10240,51200,False,288,8
0.009000000000000001,0.012,0.01104761904761905,0.011,0.0005753831415997413,0.008,0.008,0.008000000000000002,0.008,1.734723475976807e-18,0.00875,0.008875000000000001,0.008837500000000002,0.008875000000000001,5.728219618694805e-05,0.007,0.007,0.007000000000000001,0.007,8.673617379884035e-19,0.003125,0.0032500000000000003,0.0032000000000000006,0.0032500000000000003,6.123724356957951e-05,0.010750000000000001,0.010875000000000001,0.01083125,0.010875000000000001,5.962120008855915e-05,0.0011250000000000001,0.0011250000000000001,0.0011250000000000003,0.0011250000000000001,2.168404344971009e-19,0.012750000000000001,0.013375,0.012993750000000002,0.013000000000000001,0.00016044372066241749,0.006,0.007,0.0060500000000000016,0.006,0.0002179449471770337,32,32,2560,10240,51200,False,280,8
0.009000000000000001,0.011,0.010904761904761907,0.011,0.0004259177099999596,0.008,0.008,0.008000000000000002,0.008,1.734723475976807e-18,0.008625,0.00875,0.008737500000000002,0.00875,3.750000000000003e-05,0.007,0.007,0.007000000000000001,0.007,8.673617379884035e-19,0.003125,0.003125,0.0031250000000000006,0.003125,4.336808689942018e-19,0.011625,0.011875,0.011750000000000002,0.01175,3.9528470752104776e-05,0.0011250000000000001,0.00125,0.0011312500000000003,0.0011250000000000001,2.724311839712919e-05,0.012750000000000001,0.013125,0.012912500000000002,0.012875000000000001,8.92678553567855e-05,0.006,0.007,0.0060500000000000016,0.006,0.0002179449471770337,32,32,2560,10240,51200,False,272,8
0.009000000000000001,0.011,0.010904761904761907,0.011,0.0004259177099999596,0.008,0.008,0.008000000000000002,0.008,1.734723475976807e-18,0.00875,0.00875,0.008750000000000003,0.00875,1.734723475976807e-18,0.007,0.007,0.007000000000000001,0.007,8.673617379884035e-19,0.003125,0.003125,0.0031250000000000006,0.003125,4.336808689942018e-19,0.011625,0.011875,0.01174375,0.01175,6.21867148191638e-05,0.0011250000000000001,0.0011250000000000001,0.0011250000000000003,0.0011250000000000001,2.168404344971009e-19,0.012750000000000001,0.01325,0.012956250000000002,0.012875000000000001,0.00013849074878850165,0.006,0.007,0.006100000000000001,0.006,0.00030000000000000003,32,32,2560,10240,51200,False,264,8
0.009000000000000001,0.012,0.010952380952380955,0.011,0.0004856209060564555,0.008,0.008,0.008000000000000002,0.008,1.734723475976807e-18,0.008625,0.009000000000000001,0.008843750000000001,0.008875000000000001,0.00010364452469860633,0.007,0.007,0.007000000000000001,0.007,8.673617379884035e-19,0.003,0.003125,0.0031125000000000007,0.003125,3.750000000000004e-05,0.008875000000000001,0.008875000000000001,0.008875,0.008875000000000001,1.734723475976807e-18,0.001,0.001,0.0010000000000000002,0.001,2.168404344971009e-19,0.01,0.010750000000000001,0.01028125,0.01025,0.000197147628694844,0.006,0.006,0.006000000000000001,0.006,8.673617379884035e-19,32,32,2560,10240,51200,False,256,8
0.008,0.01,0.009904761904761908,0.01,0.00042591770999995997,0.008,0.008,0.008000000000000002,0.008,1.734723475976807e-18,0.0085,0.008875000000000001,0.008762500000000001,0.00875,0.00011792476415070767,0.007,0.007,0.007000000000000001,0.007,8.673617379884035e-19,0.003,0.003,0.0030000000000000005,0.003,4.336808689942018e-19,0.008875000000000001,0.008875000000000001,0.008875,0.008875000000000001,1.734723475976807e-18,0.001,0.001,0.0010000000000000002,0.001,2.168404344971009e-19,0.01,0.010750000000000001,0.01025625,0.0101875,0.00023209305784533944,0.006,0.006,0.006000000000000001,0.006,8.673617379884035e-19,32,32,2560,10240,51200,False,248,8
0.008,0.01,0.009904761904761908,0.01,0.00042591770999995997,0.007,0.008,0.007950000000000002,0.008,0.00021794494717703366,0.0085,0.008875000000000001,0.008712500000000001,0.00875,9.762812094883327e-05,0.007,0.007,0.007000000000000001,0.007,8.673617379884035e-19,0.003,0.003125,0.0030062500000000007,0.003,2.7243118397129235e-05,0.00875,0.008875000000000001,0.0088375,0.008875000000000001,5.728219618694805e-05,0.001,0.001,0.0010000000000000002,0.001,2.168404344971009e-19,0.009375,0.0095,0.00939375,0.009375,4.4633927678392855e-05,0.006,0.006,0.006000000000000001,0.006,8.673617379884035e-19,32,32,2560,10240,51200,False,240,8
0.008,0.01,0.009904761904761908,0.01,0.00042591770999995997,0.008,0.008,0.008000000000000002,0.008,1.734723475976807e-18,0.0085,0.008875000000000001,0.00868125,0.0086875,0.00010807260291119125,0.007,0.007,0.007000000000000001,0.007,8.673617379884035e-19,0.003,0.003,0.0030000000000000005,0.003,4.336808689942018e-19,0.008875000000000001,0.008875000000000001,0.008875,0.008875000000000001,1.734723475976807e-18,0.000875,0.001,0.0009312500000000001,0.000875,6.218671481916376e-05,0.009375,0.0095,0.009399999999999999,0.009375,5.000000000000004e-05,0.006,0.006,0.006000000000000001,0.006,8.673617379884035e-19,32,32,2560,10240,51200,False,232,8
0.008,0.01,0.009904761904761908,0.01,0.00042591770999995997,0.007,0.008,0.007950000000000002,0.008,0.00021794494717703366,0.008375,0.008875000000000001,0.008625,0.008625,0.00011858541225631432,0.007,0.007,0.007000000000000001,0.007,8.673617379884035e-19,0.003,0.003,0.0030000000000000005,0.003,4.336808689942018e-19,0.008875000000000001,0.008875000000000001,0.008875,0.008875000000000001,1.734723475976807e-18,0.000875,0.000875,0.0008750000000000001,0.000875,1.0842021724855044e-19,0.009375,0.0095,0.009393749999999998,0.009375,4.4633927678392855e-05,0.006,0.006,0.006000000000000001,0.006,8.673617379884035e-19,32,32,2560,10240,51200,False,224,8
0.008,0.01,0.009809523809523813,0.01,0.0004994327848429292,0.007,0.008,0.0079,0.008,0.00030000000000000003,0.008125,0.00875,0.008481250000000001,0.0085,0.00015946688527716357,0.006,0.006,0.006000000000000001,0.006,8.673617379884035e-19,0.002875,0.002875,0.0028750000000000004,0.002875,4.336808689942018e-19,0.00875,0.008875000000000001,0.008862499999999999,0.008875000000000001,3.750000000000003e-05,0.000875,0.000875,0.0008750000000000001,0.000875,1.0842021724855044e-19,0.00925,0.009375,0.009368749999999999,0.009375,2.724311839712923e-05,0.006,0.006,0.006000000000000001,0.006,8.673617379884035e-19,32,32,2560,10240,51200,False,216,8
0.007,0.01,0.009142857142857145,0.009000000000000001,0.0006388765649999398,0.007,0.008,0.007700000000000001,0.008,0.00045825756949558405,0.008125,0.008625,0.008437500000000002,0.0085,0.00014523687548277826,0.006,0.006,0.006000000000000001,0.006,8.673617379884035e-19,0.002875,0.003,0.0029500000000000004,0.003,6.123724356957951e-05,0.00875,0.00875,0.008750000000000003,0.00875,1.734723475976807e-18,0.000875,0.000875,0.0008750000000000001,0.000875,1.0842021724855044e-19,0.00925,0.009375,0.0093125,0.0093125,6.250000000000006e-05,0.006,0.006,0.006000000000000001,0.006,8.673617379884035e-19,32,32,2560,10240,51200,False,208,8
0.007,0.009000000000000001,0.008904761904761907,0.009000000000000001,0.0004259177099999602,0.007,0.008,0.007700000000000001,0.008,0.000458257569495584,0.008125,0.00875,0.008431250000000001,0.0085,0.0001503901176939497,0.006,0.006,0.006000000000000001,0.006,8.673617379884035e-19,0.002875,0.002875,0.0028750000000000004,0.002875,4.336808689942018e-19,0.008875000000000001,0.008875000000000001,0.008875,0.008875000000000001,1.734723475976807e-18,0.000875,0.000875,0.0008750000000000001,0.000875,1.0842021724855044e-19,0.009125,0.00925,0.00915,0.009125,5.000000000000004e-05,0.006,0.006,0.006000000000000001,0.006,8.673617379884035e-19,32,32,2560,10240,51200,False,200,8
0.007,0.009000000000000001,0.008333333333333335,0.008,0.0005634361698190115,0.007,0.008,0.007550000000000001,0.008,0.0004974937185533101,0.0053750000000000004,0.005625,0.005518750000000001,0.0055,5.9621200088559054e-05,0.006,0.006,0.006000000000000001,0.006,8.673617379884035e-19,0.002625,0.00275,0.0027375000000000003,0.00275,3.749999999999991e-05,0.008875000000000001,0.008875000000000001,0.008875,0.008875000000000001,1.734723475976807e-18,0.00075,0.000875,0.0008562500000000002,0.000875,4.4633927678392814e-05,0.009000000000000001,0.009125,0.009112499999999999,0.009125,3.749999999999951e-05,0.006,0.006,0.006000000000000001,0.006,8.673617379884035e-19,32,32,2560,10240,51200,False,192,8
0.007,0.009000000000000001,0.008095238095238096,0.008,0.0004259177099999602,0.007,0.008,0.007250000000000001,0.007,0.00043301270189221935,0.0053750000000000004,0.005625,0.0055000000000000005,0.0055,3.952847075210464e-05,0.006,0.006,0.006000000000000001,0.006,8.673617379884035e-19,0.002625,0.00275,0.0026312500000000008,0.002625,2.7243118397129137e-05,0.00875,0.008875000000000001,0.00878125,0.00875,5.4126587736527466e-05,0.00075,0.000875,0.0007687500000000001,0.00075,4.4633927678392814e-05,0.009000000000000001,0.009125,0.0090375,0.009000000000000001,5.7282196186947254e-05,0.006,0.006,0.006000000000000001,0.006,8.673617379884035e-19,32,32,2560,10240,51200,False,184,8
0.007,0.009000000000000001,0.008285714285714289,0.008,0.0005471012044321936,0.007,0.008,0.007350000000000001,0.007,0.00047696960070847287,0.0053750000000000004,0.005625,0.0055000000000000005,0.0055,6.846531968814559e-05,0.006,0.006,0.006000000000000001,0.006,8.673617379884035e-19,0.002625,0.00275,0.0026312500000000003,0.002625,2.7243118397129144e-05,0.00875,0.00875,0.008750000000000003,0.00875,1.734723475976807e-18,0.00075,0.00075,0.0007500000000000001,0.00075,1.0842021724855044e-19,0.011125,0.01125,0.011162499999999999,0.011125,5.7282196186948046e-05,0.006,0.006,0.006000000000000001,0.006,8.673617379884035e-19,32,32,2560,10240,51200,False,176,8
0.007,0.008,0.007952380952380954,0.008,0.00021295885499997998,0.007,0.008,0.0075000000000000015,0.0075,0.0005,0.0055,0.00575,0.005512500000000001,0.0055,5.448623679425847e-05,0.006,0.006,0.006000000000000001,0.006,8.673617379884035e-19,0.002625,0.00275,0.0027437500000000005,0.00275,2.7243118397129137e-05,0.008875000000000001,0.008875000000000001,0.008875,0.008875000000000001,1.734723475976807e-18,0.00075,0.00075,0.0007500000000000001,0.00075,1.0842021724855044e-19,0.011125,0.01125,0.011193749999999999,0.01125,6.21867148191638e-05,0.006,0.006,0.006000000000000001,0.006,8.673617379884035e-19,32,32,2560,10240,51200,False,168,8
0.006,0.008,0.0075238095238095255,0.008,0.0005870870479018072,0.007,0.008,0.007800000000000001,0.008,0.0004,0.0053750000000000004,0.005625,0.005450000000000001,0.0055,7.288689868556593e-05,0.006,0.006,0.006000000000000001,0.006,8.673617379884035e-19,0.002625,0.00275,0.0026750000000000003,0.002625,6.12372435695793e-05,0.00875,0.008875000000000001,0.008825,0.008875000000000001,6.123724356957951e-05,0.00075,0.00075,0.0007500000000000001,0.00075,1.0842021724855044e-19,0.009625,0.009875,0.009725000000000001,0.00975,6.373774391990988e-05,0.006,0.006,0.006000000000000001,0.006,8.673617379884035e-19,32,32,2560,10240,51200,False,160,8
0.006,0.008,0.00704761904761905,0.007,0.0003749527559053244,0.007,0.008,0.007450000000000001,0.007,0.0004974937185533101,0.0055,0.00575,0.005531250000000001,0.0055,6.702378309227261e-05,0.006,0.006,0.006000000000000001,0.006,8.673617379884035e-19,0.002625,0.002625,0.0026250000000000006,0.002625,4.336808689942018e-19,0.00875,0.00875,0.008750000000000003,0.00875,1.734723475976807e-18,0.00075,0.00075,0.0007500000000000001,0.00075,1.0842021724855044e-19,0.0075,0.007625,0.0075875,0.007625,5.728219618694805e-05,0.005,0.006,0.005700000000000001,0.006,0.000458257569495584,32,32,2560,10240,51200,False,152,8
0.006,0.008,0.007333333333333335,0.007,0.0005634361698190111,0.007,0.008,0.007600000000000001,0.008,0.0004898979485566356,0.005625,0.006,0.005718750000000001,0.00575,8.727650027355596e-05,0.006,0.006,0.006000000000000001,0.006,8.673617379884035e-19,0.003125,0.0032500000000000003,0.0031687500000000006,0.003125,5.962120008855914e-05,0.00875,0.00875,0.008750000000000003,0.00875,1.734723475976807e-18,0.000625,0.00075,0.0006937500000000001,0.00075,6.218671481916374e-05,0.011375,0.011625,0.01141875,0.011375,7.153451963912254e-05,0.004,0.006,0.004750000000000002,0.005,0.0006982120021884472,32,32,2560,10240,51200,False,144,8
0.006,0.007,0.006952380952380955,0.007,0.00021295885499997996,0.007,0.008,0.007650000000000001,0.008,0.00047696960070847287,0.008625,0.00875,0.0086375,0.008625,3.750000000000003e-05,0.005,0.006,0.005950000000000001,0.006,0.00021794494717703366,0.003125,0.003125,0.0031250000000000006,0.003125,4.336808689942018e-19,0.008875000000000001,0.009000000000000001,0.008881249999999999,0.008875000000000001,2.7243118397129235e-05,0.000625,0.00075,0.0006312500000000001,0.000625,2.724311839712921e-05,0.011375,0.0115,0.0114375,0.0114375,6.250000000000006e-05,0.004,0.006,0.004650000000000001,0.005,0.0005722761571129799,32,32,2560,10240,51200,False,136,8
0.006,0.007,0.006952380952380955,0.007,0.00021295885499997996,0.007,0.008,0.007650000000000001,0.008,0.00047696960070847287,0.00525,0.005625,0.005362500000000001,0.0053750000000000004,8.749999999999988e-05,0.006,0.006,0.006000000000000001,0.006,8.673617379884035e-19,0.002125,0.0022500000000000003,0.0021750000000000007,0.002125,6.12372435695795e-05,0.00625,0.0063750000000000005,0.006312500000000001,0.0063125,6.250000000000006e-05,0.000625,0.000625,0.0006250000000000001,0.000625,1.0842021724855044e-19,0.00675,0.006875,0.006768750000000001,0.00675,4.463392767839285e-05,0.004,0.004,0.004000000000000001,0.004,8.673617379884035e-19,32,32,2560,10240,51200,False,128,8
0.005,0.007,0.006333333333333335,0.006,0.0005634361698190111,0.007,0.008,0.007550000000000001,0.008,0.00049749371855331,0.00525,0.0055,0.005312500000000001,0.00525,7.395099728874517e-05,0.006,0.006,0.006000000000000001,0.006,8.673617379884035e-19,0.002125,0.0022500000000000003,0.0021375000000000005,0.002125,3.750000000000003e-05,0.006125,0.0063750000000000005,0.006262500000000002,0.00625,6.731456008918136e-05,0.000625,0.000625,0.0006250000000000001,0.000625,1.0842021724855044e-19,0.006625,0.00675,0.0067062499999999995,0.00675,5.962120008855915e-05,0.004,0.004,0.004000000000000001,0.004,8.673617379884035e-19,32,32,2560,10240,51200,False,120,8
0.005,0.007,0.006142857142857144,0.006,0.0004665694748158435,0.007,0.008,0.007300000000000001,0.007,0.00045825756949558405,0.007125,0.0073750000000000005,0.00716875,0.007125,7.153451963912255e-05,0.005,0.006,0.0051,0.005,0.00030000000000000003,0.002125,0.002125,0.0021250000000000006,0.002125,4.336808689942018e-19,0.006125,0.0063750000000000005,0.006250000000000001,0.00625,6.846531968814583e-05,0.000625,0.000625,0.0006250000000000001,0.000625,1.0842021724855044e-19,0.006500000000000001,0.00675,0.006568750000000001,0.006562500000000001,7.368641326594712e-05,0.004,0.004,0.004000000000000001,0.004,8.673617379884035e-19,32,32,2560,10240,51200,False,112,8
0.005,0.006,0.005952380952380954,0.006,0.00021295885499997998,0.007,0.008,0.007300000000000001,0.007,0.00045825756949558405,0.006875,0.00725,0.00701875,0.007,7.153451963912254e-05,0.005,0.005,0.005000000000000001,0.005,8.673617379884035e-19,0.002375,0.002375,0.0023750000000000004,0.002375,4.336808689942018e-19,0.0063750000000000005,0.006625,0.006481250000000001,0.006500000000000001,5.9621200088559054e-05,0.0005,0.000625,0.0005250000000000001,0.0005,5e-05,0.00675,0.006875,0.0067625,0.00675,3.750000000000003e-05,0.004,0.005,0.004750000000000002,0.005,0.0004330127018922194,32,32,2560,10240,51200,False,104,8
0.005,0.006,0.005952380952380954,0.006,0.00021295885499997998,0.007,0.008,0.007050000000000001,0.007,0.0002179449471770337,0.004875,0.00525,0.004937500000000001,0.004875,9.270248108869588e-05,0.005,0.005,0.005000000000000001,0.005,8.673617379884035e-19,0.002,0.002125,0.0021062500000000005,0.002125,4.4633927678392855e-05,0.006,0.00625,0.006131250000000001,0.006125,6.218671481916381e-05,0.0005,0.0005,0.0005000000000000001,0.0005,1.0842021724855044e-19,0.00675,0.006875,0.0067875,0.00675,5.728219618694805e-05,0.004,0.005,0.004550000000000001,0.005,0.00049749371855331,32,32,2560,10240,51200,False,96,8
0.005,0.006,0.005952380952380954,0.006,0.00021295885499997998,0.007,0.008,0.0071,0.007,0.00030000000000000003,0.004875,0.005125,0.004918750000000001,0.004875,7.153451963912254e-05,0.005,0.005,0.005000000000000001,0.005,8.673617379884035e-19,0.002,0.002,0.0020000000000000005,0.002,4.336808689942018e-19,0.006,0.006125,0.006043750000000001,0.006,5.962120008855915e-05,0.0005,0.0005,0.0005000000000000001,0.0005,1.0842021724855044e-19,0.006625,0.00675,0.006687500000000001,0.0066875,6.250000000000007e-05,0.004,0.005,0.004100000000000001,0.004,0.00030000000000000003,32,32,2560,10240,51200,False,88,8
0.005,0.006,0.005095238095238095,0.005,0.0002935435239509036,0.007,0.007,0.007000000000000001,0.007,8.673617379884035e-19,0.005125,0.0055,0.0052250000000000005,0.00525,8.47791247890658e-05,0.005,0.005,0.005000000000000001,0.005,8.673617379884035e-19,0.002,0.002,0.0020000000000000005,0.002,4.336808689942018e-19,0.006,0.00625,0.006100000000000001,0.006125,8.477912478906592e-05,0.0005,0.0005,0.0005000000000000001,0.0005,1.0842021724855044e-19,0.006125,0.00625,0.006162500000000001,0.006125,5.728219618694805e-05,0.004,0.004,0.004000000000000001,0.004,8.673617379884035e-19,32,32,2560,10240,51200,False,80,8
0.004,0.005,0.004952380952380954,0.005,0.00021295885499997998,0.007,0.007,0.007000000000000001,0.007,8.673617379884035e-19,0.005125,0.0053750000000000004,0.005162500000000001,0.005125,6.959705453537534e-05,0.005,0.005,0.005000000000000001,0.005,8.673617379884035e-19,0.002,0.002,0.0020000000000000005,0.002,4.336808689942018e-19,0.005875,0.00625,0.006025000000000001,0.006,7.500000000000006e-05,0.0005,0.0005,0.0005000000000000001,0.0005,1.0842021724855044e-19,0.006125,0.00625,0.006150000000000001,0.006125,5.0000000000000036e-05,0.004,0.004,0.004000000000000001,0.004,8.673617379884035e-19,32,32,2560,10240,51200,False,72,8
0.004,0.005,0.004952380952380954,0.005,0.00021295885499997998,0.007,0.007,0.007000000000000001,0.007,8.673617379884035e-19,0.004125,0.0045000000000000005,0.004237500000000001,0.00425,8.75000000000001e-05,0.005,0.005,0.005000000000000001,0.005,8.673617379884035e-19,0.001875,0.001875,0.0018750000000000004,0.001875,4.336808689942018e-19,0.005125,0.00525,0.005206250000000001,0.00525,5.962120008855916e-05,0.000375,0.0005,0.0003875000000000001,0.000375,3.75e-05,0.0055,0.005625,0.005575000000000001,0.005625,6.123724356957951e-05,0.004,0.004,0.004000000000000001,0.004,8.673617379884035e-19,32,32,2560,10240,51200,False,64,8
0.004,0.005,0.004952380952380954,0.005,0.00021295885499997998,0.007,0.007,0.007000000000000001,0.007,8.673617379884035e-19,0.004375,0.004625,0.0044125000000000015,0.004375,6.95970545353752e-05,0.005,0.005,0.005000000000000001,0.005,8.673617379884035e-19,0.00175,0.001875,0.0018562500000000003,0.001875,4.463392767839278e-05,0.00525,0.0055,0.005362500000000001,0.0053750000000000004,5.4486236794258355e-05,0.000375,0.000375,0.00037500000000000006,0.000375,5.421010862427522e-20,0.0055,0.00575,0.005625000000000001,0.005625,7.905694150420955e-05,0.004,0.004,0.004000000000000001,0.004,8.673617379884035e-19,32,32,2560,10240,51200,False,56,8
0.004,0.005,0.004619047619047621,0.005,0.0004856209060564558,0.007,0.007,0.007000000000000001,0.007,8.673617379884035e-19,0.00425,0.0045000000000000005,0.004343750000000001,0.004375,6.702378309227261e-05,0.005,0.005,0.005000000000000001,0.005,8.673617379884035e-19,0.001875,0.002,0.0019812500000000004,0.002,4.4633927678392855e-05,0.0053750000000000004,0.005625,0.00549375,0.0055,6.218671481916355e-05,0.000375,0.000375,0.00037500000000000006,0.000375,5.421010862427522e-20,0.0055,0.005625,0.005518750000000001,0.0055,4.463392767839285e-05,0.004,0.004,0.004000000000000001,0.004,8.673617379884035e-19,32,32,2560,10240,51200,False,48,8
0.004,0.004,0.004000000000000001,0.004,8.673617379884035e-19,0.007,0.007,0.007000000000000001,0.007,8.673617379884035e-19,0.00425,0.0045000000000000005,0.004281250000000001,0.00425,6.702378309227261e-05,0.005,0.005,0.005000000000000001,0.005,8.673617379884035e-19,0.001875,0.002,0.0019562500000000005,0.002,5.9621200088559156e-05,0.0053750000000000004,0.0055,0.005412500000000001,0.0053750000000000004,5.728219618694766e-05,0.000375,0.000375,0.00037500000000000006,0.000375,5.421010862427522e-20,0.0053750000000000004,0.0055,0.005443750000000001,0.0055,6.218671481916336e-05,0.004,0.004,0.004000000000000001,0.004,8.673617379884035e-19,32,32,2560,10240,51200,False,40,8
0.004,0.004,0.004000000000000001,0.004,8.673617379884035e-19,0.007,0.007,0.007000000000000001,0.007,8.673617379884035e-19,0.004125,0.004375,0.004162500000000001,0.004125,6.959705453537534e-05,0.005,0.005,0.005000000000000001,0.005,8.673617379884035e-19,0.0016250000000000001,0.0016250000000000001,0.0016250000000000004,0.0016250000000000001,2.168404344971009e-19,0.005,0.00525,0.005118750000000001,0.005125,4.8007160924178845e-05,0.000375,0.000375,0.00037500000000000006,0.000375,5.421010862427522e-20,0.0053750000000000004,0.0055,0.0053812500000000015,0.0053750000000000004,2.7243118397129045e-05,0.004,0.004,0.004000000000000001,0.004,8.673617379884035e-19,32,32,2560,10240,51200,False,32,8
0.003,0.004,0.003952380952380953,0.004,0.00021295885499997998,0.007,0.007,0.007000000000000001,0.007,8.673617379884035e-19,0.004,0.004125,0.004018750000000001,0.004,4.4633927678392855e-05,0.005,0.005,0.005000000000000001,0.005,8.673617379884035e-19,0.00175,0.00175,0.0017500000000000003,0.00175,2.168404344971009e-19,0.004875,0.005125,0.005006250000000001,0.005,4.8007160924178845e-05,0.00025,0.000375,0.00026250000000000004,0.00025,3.7500000000000003e-05,0.00525,0.0053750000000000004,0.005268750000000001,0.00525,4.4633927678392855e-05,0.004,0.004,0.004000000000000001,0.004,8.673617379884035e-19,32,32,2560,10240,51200,False,24,8
0.009000000000000001,0.014,0.013380952380952386,0.014,0.001090049823072342,0.007,0.007,0.007000000000000001,0.007,8.673617379884035e-19,0.004,0.00425,0.004056250000000001,0.004,7.368641326594753e-05,0.005,0.005,0.005000000000000001,0.005,8.673617379884035e-19,0.0015,0.0016250000000000001,0.0015250000000000003,0.0015,5.000000000000004e-05,0.004875,0.005,0.004956250000000001,0.005,5.962120008855916e-05,0.00025,0.00025,0.00025000000000000006,0.00025,5.421010862427522e-20,0.005,0.00525,0.005225000000000001,0.00525,6.373774391990988e-05,0.004,0.004,0.004000000000000001,0.004,8.673617379884035e-19,32,32,2560,10240,51200,False,16,8
0.006,0.008,0.007904761904761906,0.008,0.00042591770999995997,0.006,0.007,0.006750000000000002,0.007,0.0004330127018922194,0.003875,0.00425,0.003937500000000001,0.003875,9.270248108869588e-05,0.005,0.005,0.005000000000000001,0.005,8.673617379884035e-19,0.0015,0.0016250000000000001,0.0015250000000000003,0.0015,5.000000000000004e-05,0.00475,0.004875,0.0048000000000000004,0.00475,6.12372435695795e-05,0.00025,0.00025,0.00025000000000000006,0.00025,5.421010862427522e-20,0.005,0.00525,0.005075000000000001,0.005125,7.288689868556633e-05,0.004,0.004,0.004000000000000001,0.004,8.673617379884035e-19,32,32,2560,10240,51200,False,8,8
0.004,0.005,0.004952380952380954,0.005,0.00021295885499997998,0.007,0.007,0.007000000000000001,0.007,8.673617379884035e-19,0.003875,0.00425,0.0038937500000000005,0.003875,8.172935519138771e-05,0.004,0.005,0.004250000000000001,0.004,0.0004330127018922194,0.00175,0.001875,0.0018625000000000002,0.001875,3.749999999999997e-05,0.00475,0.005,0.0048625000000000005,0.004875,6.731456008918136e-05,0.00025,0.00025,0.00025000000000000006,0.00025,5.421010862427522e-20,0.00475,0.005,0.004887500000000001,0.004875,5.448623679425847e-05,0.004,0.004,0.004000000000000001,0.004,8.673617379884035e-19,32,32,2560,10240,51200,False,4,8
0.003,0.004,0.003952380952380953,0.004,0.00021295885499997998,0.007,0.007,0.007000000000000001,0.007,8.673617379884035e-19,0.00375,0.004125,0.0038000000000000004,0.00375,9.185586535436926e-05,0.004,0.005,0.004200000000000001,0.004,0.0004,0.0016250000000000001,0.00175,0.0017062500000000005,0.00175,5.9621200088559054e-05,0.00475,0.004875,0.004781250000000001,0.00475,5.4126587736527466e-05,0.00025,0.00025,0.00025000000000000006,0.00025,5.421010862427522e-20,0.004875,0.005,0.004918750000000001,0.004875,5.9621200088559156e-05,0.004,0.004,0.004000000000000001,0.004,8.673617379884035e-19,32,32,2560,10240,51200,False,2,8
0.003,0.003,0.0030000000000000005,0.003,4.336808689942018e-19,0.007,0.008,0.007050000000000001,0.007,0.0002179449471770337,0.003625,0.004125,0.0037625000000000007,0.00375,8.750000000000005e-05,0.004,0.005,0.004250000000000001,0.004,0.00043301270189221935,0.0016250000000000001,0.00175,0.0017062500000000005,0.00175,5.962120008855905e-05,0.004625,0.004875,0.004756250000000001,0.00475,4.800716092417884e-05,0.00025,0.00025,0.00025000000000000006,0.00025,5.421010862427522e-20,0.004875,0.005,0.004881250000000001,0.004875,2.724311839712923e-05,0.004,0.004,0.004000000000000001,0.004,8.673617379884035e-19,32,32,2560,10240,51200,False,1,8
