time_stats.emb.min,time_stats.emb.max,time_stats.emb.mean,time_stats.emb.median,time_stats.emb.std,time_stats.input_layernorm.min,time_stats.input_layernorm.max,time_stats.input_layernorm.mean,time_stats.input_layernorm.median,time_stats.input_layernorm.std,time_stats.attn_pre_proj.min,time_stats.attn_pre_proj.max,time_stats.attn_pre_proj.mean,time_stats.attn_pre_proj.median,time_stats.attn_pre_proj.std,time_stats.attn_rope.min,time_stats.attn_rope.max,time_stats.attn_rope.mean,time_stats.attn_rope.median,time_stats.attn_rope.std,time_stats.attn_post_proj.min,time_stats.attn_post_proj.max,time_stats.attn_post_proj.mean,time_stats.attn_post_proj.median,time_stats.attn_post_proj.std,time_stats.mlp_up_proj.min,time_stats.mlp_up_proj.max,time_stats.mlp_up_proj.mean,time_stats.mlp_up_proj.median,time_stats.mlp_up_proj.std,time_stats.mlp_act.min,time_stats.mlp_act.max,time_stats.mlp_act.mean,time_stats.mlp_act.median,time_stats.mlp_act.std,time_stats.mlp_down_proj.min,time_stats.mlp_down_proj.max,time_stats.mlp_down_proj.mean,time_stats.mlp_down_proj.median,time_stats.mlp_down_proj.std,time_stats.add.min,time_stats.add.max,time_stats.add.mean,time_stats.add.median,time_stats.add.std,n_head,n_kv_head,n_embd,n_expanded_embd,vocab_size,use_gated_mlp,num_tokens,num_tensor_parallel_workers
0.124,0.135,0.1300952380952381,0.131,0.004330454302624635,0.097,0.101,0.0986,0.0985,0.0011135528725660054,1.371,1.469,1.4241499999999998,1.4344999999999999,0.038151376121969706,0.182,0.186,0.18435,0.185,0.001061838029079766,0.445,0.491,0.47050000000000003,0.479,0.019317090878287025,1.81,1.93,1.8756500000000003,1.8860000000000001,0.04609802056487891,0.293,0.296,0.2948,0.295,0.0008717797887081354,1.689,1.843,1.7817500000000002,1.824,0.06207888127213634,0.221,0.225,0.22250000000000006,0.222,0.0009219544457292896,32,32,2560,10240,51200,False,4096,1
0.122,0.134,0.1290952380952381,0.132,0.0043084055376257265,0.097,0.10300000000000001,0.10030000000000001,0.1,0.0015524174696260038,1.341,1.455,1.4092,1.439,0.04686427210573103,0.183,0.186,0.18445000000000003,0.1845,0.0009733961166965903,0.436,0.485,0.46864999999999996,0.4815,0.0185587580403431,1.7650000000000001,1.911,1.8540000000000003,1.8925,0.05984312826047783,0.294,0.297,0.2953499999999999,0.295,0.0008529361054615998,1.653,1.824,1.76235,1.8065,0.06738640441513404,0.221,0.224,0.22245000000000004,0.2225,0.0007399324293474378,32,32,2560,10240,51200,False,4096,1
0.122,0.133,0.12895238095238096,0.131,0.0035250962901565265,0.097,0.10300000000000001,0.09930000000000001,0.099,0.0014177446878757838,1.358,1.452,1.41575,1.428,0.03913933443481119,0.182,0.185,0.1832,0.183,0.0008717797887081355,0.442,0.484,0.46935000000000004,0.47550000000000003,0.01685608198840999,1.7890000000000001,1.9060000000000001,1.8607,1.877,0.04739736279583497,0.291,0.294,0.29274999999999995,0.293,0.0008874119674649432,1.668,1.822,1.7673,1.8045,0.06491001463564773,0.22,0.222,0.22095000000000004,0.221,0.0007399324293474377,32,32,2560,10240,51200,False,4064,1
0.122,0.133,0.12795238095238098,0.13,0.0038972052315447885,0.095,0.10200000000000001,0.09790000000000001,0.098,0.0013379088160259665,1.289,1.3820000000000001,1.34345,1.3570000000000002,0.03916819500564206,0.181,0.184,0.18255,0.1825,0.0008645808232895299,0.442,0.489,0.47265000000000007,0.4805,0.018067304724280257,1.724,1.84,1.7907,1.8075,0.04899397922194113,0.29,0.292,0.29084999999999994,0.291,0.0008529361054615998,1.672,1.841,1.7826500000000003,1.8215,0.0695911452700701,0.218,0.223,0.21925,0.219,0.001219631091765048,32,32,2560,10240,51200,False,4032,1
0.121,0.131,0.1275238095238095,0.13,0.0034726008863818192,0.096,0.099,0.09725,0.097,0.0009937303457175904,1.274,1.3780000000000001,1.3324500000000001,1.3475000000000001,0.043816064405649204,0.18,0.183,0.18149999999999997,0.1815,0.0009219544457292896,0.441,0.488,0.46905,0.476,0.018922143113294532,1.694,1.836,1.7765999999999997,1.794,0.05748251908189133,0.28600000000000003,0.29,0.28845,0.2885,0.0009205976319760767,1.663,1.84,1.7776000000000003,1.8210000000000002,0.06996670636810055,0.216,0.219,0.21749999999999997,0.218,0.0008062257748298557,32,32,2560,10240,51200,False,4000,1
0.117,0.13,0.1249047619047619,0.127,0.004628120691359166,0.095,0.099,0.09615,0.096,0.0009096702699330133,1.2690000000000001,1.363,1.3258,1.3375,0.03767439448750304,0.178,0.181,0.17995,0.18,0.0008645808232895298,0.44,0.483,0.46690000000000004,0.47400000000000003,0.017343298417544447,1.716,1.814,1.7711499999999998,1.778,0.03965762852213933,0.28500000000000003,0.28800000000000003,0.28565000000000007,0.28550000000000003,0.0007921489758877438,1.6620000000000001,1.821,1.76145,1.79,0.06562581428066241,0.214,0.218,0.21575000000000003,0.216,0.0009937303457175904,32,32,2560,10240,51200,False,3968,1
0.12,0.128,0.12490476190476188,0.126,0.002223355719986431,0.093,0.097,0.095,0.095,0.0010488088481701524,1.258,1.341,1.3131,1.332,0.029260724529648945,0.177,0.179,0.17834999999999995,0.178,0.0005722761571129804,0.445,0.47500000000000003,0.46595000000000003,0.47400000000000003,0.01107463317676934,1.679,1.782,1.7474500000000002,1.7610000000000001,0.03514039698125223,0.28200000000000003,0.28500000000000003,0.28375000000000006,0.28400000000000003,0.0006982120021884477,1.671,1.786,1.7497999999999998,1.768,0.04348287019045549,0.212,0.217,0.21415,0.214,0.0011947803145348531,32,32,2560,10240,51200,False,3936,1
0.116,0.124,0.12142857142857141,0.123,0.0025740727146170593,0.092,0.097,0.0948,0.095,0.001363818169698587,1.307,1.4000000000000001,1.3691499999999999,1.3945,0.034546020031256876,0.17200000000000001,0.17400000000000002,0.17285,0.17300000000000001,0.0007262919523166982,0.434,0.464,0.4541000000000001,0.46,0.011462547709824383,1.643,1.745,1.7066,1.727,0.04183108891721561,0.28,0.28300000000000003,0.28159999999999996,0.28200000000000003,0.0007348469228349541,1.645,1.7510000000000001,1.7151,1.7389999999999999,0.04155586601191218,0.21,0.213,0.21185,0.212,0.0007921489758877437,32,32,2560,10240,51200,False,3904,1
0.122,0.125,0.12323809523809529,0.123,0.0006834619092574923,0.091,0.095,0.09290000000000001,0.093,0.0011789826122551605,1.4060000000000001,1.422,1.4107999999999998,1.407,0.0062016126934854076,0.169,0.17200000000000001,0.1708,0.171,0.0006000000000000005,0.468,0.47400000000000003,0.4702,0.46900000000000003,0.0019646882704388515,1.758,1.7770000000000001,1.7652,1.7610000000000001,0.007560423268574332,0.278,0.28,0.27895000000000003,0.279,0.0007399324293474377,1.768,1.7870000000000001,1.77365,1.7690000000000001,0.0078947767542851,0.209,0.212,0.2105,0.21,0.0008660254037844396,32,32,2560,10240,51200,False,3872,1
0.122,0.127,0.12471428571428571,0.125,0.001118794297568642,0.091,0.096,0.09335,0.0935,0.001492481155659931,1.338,1.3780000000000001,1.3578999999999999,1.3635000000000002,0.012328422445714629,0.171,0.17300000000000001,0.17165000000000002,0.17200000000000001,0.0005722761571129803,0.47500000000000003,0.489,0.4819,0.484,0.004559605246071179,1.776,1.834,1.8029,1.81,0.017463962895059037,0.273,0.276,0.27490000000000003,0.275,0.0008306623862918082,1.736,1.786,1.76145,1.7710000000000001,0.016335467547640054,0.20700000000000002,0.211,0.20885000000000004,0.209,0.001013656746635655,32,32,2560,10240,51200,False,3840,1
0.121,0.125,0.12271428571428575,0.123,0.0008806305718527114,0.091,0.094,0.0926,0.0925,0.0009165151389911689,1.338,1.367,1.3504500000000002,1.352,0.007813289960061642,0.169,0.171,0.17004999999999998,0.17,0.0005894913061275804,0.47500000000000003,0.484,0.47829999999999995,0.47900000000000004,0.0026286878856189716,1.77,1.81,1.7889000000000004,1.792,0.012259282197583973,0.271,0.274,0.27274999999999994,0.273,0.0008291561975888507,1.734,1.7690000000000001,1.7489000000000003,1.7510000000000001,0.009606768447297978,0.20600000000000002,0.209,0.2072,0.20700000000000002,0.0007483314773547857,32,32,2560,10240,51200,False,3808,1
0.121,0.122,0.1215238095238095,0.122,0.0004994327848429298,0.09,0.092,0.0907,0.0905,0.0007810249675906662,1.337,1.364,1.3497500000000002,1.35,0.006898369372540169,0.168,0.169,0.16870000000000002,0.169,0.00045825756949558437,0.47500000000000003,0.484,0.4794999999999999,0.48,0.0024186773244895482,1.7670000000000001,1.805,1.7871,1.7875,0.009596353474106699,0.269,0.274,0.27080000000000004,0.2705,0.0011661903789690613,1.734,1.768,1.7501500000000003,1.7510000000000001,0.00845147916047836,0.20400000000000001,0.20700000000000002,0.20585,0.20600000000000002,0.0007921489758877436,32,32,2560,10240,51200,False,3776,1
0.12,0.123,0.12138095238095238,0.121,0.0008438116736509222,0.088,0.094,0.091,0.091,0.0011832159566199242,1.33,1.361,1.3458,1.346,0.010240117186829467,0.166,0.168,0.1672,0.167,0.000509901951359279,0.47300000000000003,0.484,0.4786,0.47900000000000004,0.003799999999999981,1.768,1.805,1.7868499999999998,1.7875,0.013004902921590736,0.267,0.271,0.26855000000000007,0.269,0.00086458082328953,1.73,1.77,1.7506999999999997,1.7485,0.01418132574902643,0.202,0.20600000000000002,0.20395000000000002,0.20400000000000001,0.001023474474522937,32,32,2560,10240,51200,False,3744,1
0.117,0.12,0.11876190476190479,0.11900000000000001,0.000971241812112908,0.08700000000000001,0.091,0.08935,0.089,0.0010136567466356638,1.299,1.345,1.32925,1.3395000000000001,0.016229217479595253,0.164,0.166,0.1654,0.165,0.0005830951894845306,0.466,0.47900000000000004,0.4735999999999999,0.47450000000000003,0.005398147830506316,1.722,1.7810000000000001,1.7577500000000004,1.7615,0.022329072976727028,0.265,0.268,0.26605,0.266,0.0009205976319760993,1.699,1.7510000000000001,1.7312,1.744,0.01912223836270221,0.201,0.20400000000000001,0.20189999999999997,0.202,0.0008888194417315596,32,32,2560,10240,51200,False,3712,1
0.116,0.11900000000000001,0.11757142857142859,0.11800000000000001,0.001178030178747904,0.08700000000000001,0.091,0.08825000000000001,0.088,0.0009937303457175871,1.291,1.329,1.3170499999999998,1.3265,0.013447955234904704,0.163,0.165,0.1642,0.164,0.0006782329983125274,0.461,0.47500000000000003,0.4697000000000001,0.47200000000000003,0.005129327441292869,1.713,1.7630000000000001,1.7440500000000003,1.7505000000000002,0.01855660259853621,0.263,0.265,0.26410000000000006,0.264,0.0005385164807134509,1.683,1.734,1.7157999999999998,1.7225000000000001,0.017639727889057714,0.199,0.202,0.20010000000000003,0.2,0.0008306623862918082,32,32,2560,10240,51200,False,3680,1
0.116,0.11900000000000001,0.1178095238095238,0.11800000000000001,0.0006632565846278158,0.08600000000000001,0.092,0.0892,0.089,0.0015684387141358107,1.248,1.2630000000000001,1.2570000000000003,1.2590000000000001,0.004878524367060203,0.164,0.166,0.1647,0.165,0.0005567764362830027,0.47400000000000003,0.48,0.4772499999999999,0.47800000000000004,0.0019968725547715835,1.687,1.708,1.69915,1.704,0.007875753932164203,0.258,0.26,0.259,0.259,0.0007745966692414842,1.735,1.754,1.74645,1.75,0.006336205489092012,0.197,0.199,0.1982,0.198,0.0006000000000000005,32,32,2560,10240,51200,False,3648,1
0.115,0.117,0.11623809523809525,0.116,0.0006098213559459861,0.084,0.089,0.08660000000000001,0.08650000000000001,0.0013190905958272883,1.24,1.2710000000000001,1.2528000000000001,1.2530000000000001,0.008072174428244247,0.161,0.163,0.16219999999999998,0.162,0.0005099019513592789,0.47300000000000003,0.483,0.47675,0.47800000000000004,0.0029133314263914347,1.684,1.719,1.6990499999999997,1.702,0.009494603730540858,0.255,0.259,0.2568,0.257,0.0009273618495495711,1.726,1.7630000000000001,1.7425500000000003,1.746,0.008714786285388776,0.196,0.198,0.19670000000000004,0.197,0.0006403124237432856,32,32,2560,10240,51200,False,3616,1
0.115,0.11800000000000001,0.11647619047619047,0.117,0.0009571310115353238,0.085,0.09,0.08670000000000001,0.08700000000000001,0.0012688577540449493,1.239,1.272,1.2581000000000002,1.2630000000000001,0.010270832488167648,0.16,0.161,0.16055000000000003,0.161,0.0004974937185533105,0.47300000000000003,0.484,0.4794500000000001,0.481,0.004030818775385445,1.682,1.716,1.70225,1.7065000000000001,0.013037925448475322,0.253,0.255,0.25434999999999997,0.254,0.0006538348415311017,1.6,1.6320000000000001,1.61835,1.622,0.012080045529715545,0.194,0.197,0.19565000000000005,0.196,0.0007262919523166982,32,32,2560,10240,51200,False,3584,1
0.112,0.115,0.1137619047619048,0.114,0.0011086139739831264,0.084,0.088,0.08585,0.08600000000000001,0.001013656746635664,1.216,1.2670000000000001,1.2495,1.254,0.015682793118574276,0.158,0.16,0.15895,0.159,0.0005894913061275802,0.465,0.484,0.4759500000000001,0.47900000000000004,0.0067562933624880335,1.6500000000000001,1.717,1.6880000000000002,1.699,0.023897698633968883,0.25,0.253,0.2514000000000001,0.251,0.0009695359714832665,1.567,1.6280000000000001,1.6037,1.613,0.021445512351072445,0.192,0.196,0.19385000000000002,0.194,0.0009630680142129119,32,32,2560,10240,51200,False,3552,1
0.112,0.115,0.11376190476190476,0.114,0.0007499055118106493,0.083,0.08700000000000001,0.0849,0.085,0.0011357816691600557,1.18,1.211,1.1954999999999998,1.1995,0.010693455942771752,0.158,0.16,0.15905,0.159,0.0005894913061275804,0.47400000000000003,0.484,0.4794500000000001,0.48,0.003955692101263676,1.675,1.712,1.6952000000000003,1.6985000000000001,0.014479640879524608,0.248,0.252,0.2493,0.249,0.0009539392014169464,1.595,1.629,1.6141999999999999,1.619,0.014232357499725767,0.19,0.194,0.19205,0.192,0.0009733961166965902,32,32,2560,10240,51200,False,3520,1
0.111,0.114,0.11261904761904763,0.113,0.0007853534524986026,0.083,0.08600000000000001,0.08485000000000001,0.085,0.0010136567466356656,1.169,1.206,1.1927999999999999,1.193,0.009826494797230594,0.157,0.16,0.15794999999999998,0.158,0.0007399324293474377,0.468,0.483,0.47905,0.47850000000000004,0.003398161267509221,1.661,1.708,1.6952500000000004,1.6905000000000001,0.011644204567079717,0.246,0.249,0.24744999999999995,0.247,0.0008046738469715547,1.581,1.627,1.6154500000000003,1.612,0.01040420588031591,0.189,0.191,0.19,0.19,0.0007071067811865482,32,32,2560,10240,51200,False,3488,1
0.11,0.113,0.1114761904761905,0.111,0.0006632565846278156,0.081,0.084,0.08290000000000002,0.083,0.0008888194417315598,1.16,1.18,1.1677999999999997,1.169,0.004915282290977789,0.156,0.158,0.15715,0.157,0.0005722761571129803,0.47400000000000003,0.483,0.4776999999999999,0.47900000000000004,0.0025119713374160825,1.588,1.621,1.6017500000000002,1.605,0.008898735865278845,0.244,0.246,0.24489999999999998,0.245,0.0008888194417315596,1.59,1.619,1.60275,1.607,0.00881972221784789,0.187,0.19,0.1882,0.188,0.000748331477354789,32,32,2560,10240,51200,False,3456,1
0.109,0.111,0.11047619047619049,0.111,0.0005870870479018078,0.081,0.084,0.08225,0.082,0.0008874119674649432,1.16,1.179,1.17005,1.1705,0.0057399912891919905,0.153,0.156,0.15475,0.155,0.0006982120021884477,0.46900000000000003,0.47700000000000004,0.4721000000000002,0.47300000000000003,0.0023643180835073796,1.581,1.611,1.5933,1.596,0.00820426718238749,0.241,0.245,0.2425,0.242,0.0009746794344808972,1.575,1.603,1.5864999999999998,1.59,0.007697402159170346,0.185,0.189,0.18695,0.187,0.001023474474522937,32,32,2560,10240,51200,False,3424,1
0.109,0.111,0.10990476190476192,0.11,0.0006098213559459861,0.08,0.085,0.08165,0.081,0.0012359207094308285,1.172,1.193,1.1839499999999998,1.1840000000000002,0.007095597226449656,0.152,0.154,0.15325,0.153,0.0006224949798994371,0.47300000000000003,0.48,0.47619999999999996,0.47550000000000003,0.00218174242292714,1.594,1.613,1.60335,1.5985,0.007531766061157249,0.23900000000000002,0.242,0.24020000000000002,0.24,0.0009273618495495621,1.592,1.611,1.6011000000000002,1.5985,0.00710563156939622,0.184,0.187,0.18495,0.185,0.0008645808232895299,32,32,2560,10240,51200,False,3392,1
0.109,0.111,0.11014285714285715,0.11,0.0007095078297976835,0.079,0.083,0.0811,0.081,0.0008888194417315596,1.12,1.1400000000000001,1.1329,1.1345,0.004624932431938879,0.152,0.154,0.15275,0.153,0.0005361902647381809,0.47800000000000004,0.483,0.4814000000000001,0.483,0.0021999999999999754,1.605,1.6260000000000001,1.6192999999999997,1.624,0.007321885003194225,0.23700000000000002,0.23900000000000002,0.23780000000000007,0.23800000000000002,0.0006000000000000006,1.603,1.621,1.6147499999999997,1.619,0.007126534922386907,0.181,0.184,0.18314999999999998,0.183,0.0008529361054615998,32,32,2560,10240,51200,False,3360,1
0.107,0.109,0.10823809523809524,0.108,0.000525969572247013,0.079,0.083,0.0805,0.08,0.0011618950038622259,1.115,1.127,1.1219500000000002,1.1215000000000002,0.002889204042638756,0.151,0.153,0.1516,0.152,0.0005830951894845306,0.47600000000000003,0.47900000000000004,0.47780000000000006,0.47800000000000004,0.0006782329983125273,1.605,1.609,1.60695,1.607,0.0012835497652993425,0.23500000000000001,0.23700000000000002,0.23550000000000004,0.23500000000000001,0.0007416198487095669,1.588,1.601,1.5943,1.593,0.003716180835212416,0.181,0.183,0.18139999999999998,0.181,0.0005830951894845306,32,32,2560,10240,51200,False,3328,1
0.106,0.109,0.10723809523809524,0.107,0.0009209085526577968,0.078,0.081,0.0792,0.079,0.000748331477354789,1.116,1.1400000000000001,1.1261500000000002,1.1235,0.007080077683189646,0.149,0.151,0.14999999999999997,0.15,0.0006324555320336764,0.47400000000000003,0.484,0.47685000000000005,0.47600000000000003,0.0034824560298731527,1.583,1.616,1.596,1.596,0.01138859078200634,0.232,0.23600000000000002,0.23349999999999999,0.233,0.0009219544457292896,1.571,1.607,1.58635,1.5835,0.013683110026598484,0.178,0.181,0.17959999999999998,0.18,0.0007348469228349541,32,32,2560,10240,51200,False,3296,1
0.105,0.107,0.10595238095238094,0.106,0.000722178613719196,0.077,0.08,0.07845,0.078,0.0007399324293474377,1.113,1.127,1.1207500000000001,1.121,0.0038971143170299792,0.147,0.149,0.1481,0.148,0.0005385164807134509,0.47300000000000003,0.47800000000000004,0.47685000000000005,0.47700000000000004,0.0016815171720800254,1.5050000000000001,1.5270000000000001,1.5221,1.526,0.006518435395092905,0.23,0.233,0.23129999999999998,0.231,0.0009539392014169465,1.574,1.598,1.5878999999999999,1.5895000000000001,0.0067963225350184675,0.176,0.179,0.17784999999999998,0.178,0.0007921489758877437,32,32,2560,10240,51200,False,3264,1
0.10400000000000001,0.106,0.10485714285714286,0.105,0.0005593971487843159,0.076,0.08,0.07825000000000001,0.0785,0.0015124483462254188,1.102,1.117,1.10965,1.112,0.0050226984779100465,0.146,0.149,0.1473,0.147,0.0007141428428542856,0.47200000000000003,0.47700000000000004,0.47510000000000013,0.47600000000000003,0.0022113344387496,1.5070000000000001,1.5230000000000001,1.5172999999999999,1.522,0.006450581369148041,0.228,0.231,0.22885,0.229,0.0008529361054615997,1.567,1.598,1.58255,1.584,0.007710220489713652,0.17500000000000002,0.179,0.17625,0.176,0.0009937303457175834,32,32,2560,10240,51200,False,3232,1
0.10300000000000001,0.105,0.10385714285714288,0.10400000000000001,0.0006388765649999371,0.075,0.078,0.0765,0.0765,0.0006708203932499376,1.149,1.164,1.1566,1.157,0.005398147830506284,0.14200000000000002,0.14300000000000002,0.14245,0.14200000000000002,0.0004974937185533105,0.357,0.362,0.3599,0.3605,0.0017291616465790597,1.494,1.518,1.5089000000000001,1.5115,0.007867019766086789,0.226,0.228,0.22690000000000002,0.227,0.0007681145747868615,1.341,1.358,1.3498500000000002,1.3545,0.00687949852823591,0.17300000000000001,0.17500000000000002,0.17429999999999998,0.17400000000000002,0.0005567764362830027,32,32,2560,10240,51200,False,3200,1
0.101,0.10300000000000001,0.10200000000000002,0.10200000000000001,0.0007559289460184551,0.075,0.078,0.0761,0.076,0.0008306623862918082,1.1380000000000001,1.1520000000000001,1.1458500000000003,1.149,0.004881342028581886,0.139,0.14100000000000001,0.14035000000000003,0.14,0.0005722761571129804,0.354,0.358,0.35605000000000003,0.357,0.0015321553446044575,1.486,1.5030000000000001,1.4954500000000002,1.4995,0.006476688968909968,0.223,0.226,0.22454999999999997,0.2245,0.0009733961166965902,1.328,1.342,1.3361500000000004,1.341,0.006271164166245351,0.17200000000000001,0.17400000000000002,0.17295,0.17300000000000001,0.0005894913061275802,32,32,2560,10240,51200,False,3168,1
0.1,0.10300000000000001,0.10152380952380953,0.101,0.0007939681905015754,0.073,0.076,0.07475000000000001,0.075,0.0010897247358851695,1.1340000000000001,1.158,1.1468500000000001,1.1475,0.009488282247066606,0.138,0.14,0.13900000000000007,0.139,0.0005477225575051665,0.354,0.363,0.35835,0.358,0.0036643553321150536,1.48,1.516,1.4991,1.4995,0.011704272724095254,0.221,0.224,0.2222,0.222,0.0008124038404635967,1.327,1.363,1.3435000000000001,1.342,0.014609928131240051,0.17,0.17300000000000001,0.17150000000000004,0.1715,0.0006708203932499375,32,32,2560,10240,51200,False,3136,1
0.1,0.10300000000000001,0.1012857142857143,0.101,0.0007648751621051917,0.07200000000000001,0.076,0.0739,0.074,0.0011357816691600546,1.143,1.177,1.1541000000000001,1.154,0.009959417653658228,0.137,0.139,0.13789999999999997,0.138,0.0005385164807134509,0.356,0.367,0.35935,0.36,0.0031188940347501417,1.449,1.495,1.4617,1.464,0.013111445381802894,0.221,0.224,0.22260000000000005,0.223,0.0007348469228349541,1.341,1.381,1.3523,1.354,0.01169658069693876,0.168,0.17,0.16890000000000002,0.169,0.0007000000000000006,32,32,2560,10240,51200,False,3104,1
0.099,0.101,0.10009523809523811,0.1,0.0006834619092574923,0.07200000000000001,0.077,0.07425000000000001,0.074,0.0014097872179871663,1.1,1.115,1.1060500000000002,1.104,0.00515242661277188,0.136,0.138,0.13715000000000002,0.137,0.0006538348415311016,0.359,0.365,0.3615,0.361,0.0016881943016134146,1.429,1.449,1.4365,1.434,0.0067933791297115215,0.217,0.22,0.2184,0.218,0.0006633249580710806,1.352,1.369,1.3581500000000002,1.355,0.00611780189283701,0.167,0.169,0.16805,0.168,0.0007399324293474377,32,32,2560,10240,51200,False,3072,1
0.098,0.1,0.09895238095238094,0.099,0.000652919485752481,0.07200000000000001,0.075,0.0732,0.073,0.0008124038404635937,1.0130000000000001,1.053,1.03665,1.04,0.010845621236240874,0.137,0.138,0.13720000000000002,0.137,0.0004000000000000003,0.353,0.366,0.36105,0.362,0.0036942522924131786,1.4000000000000001,1.452,1.43285,1.437,0.015479906330465936,0.215,0.218,0.21605,0.216,0.0008645808232895299,1.319,1.381,1.3560500000000002,1.358,0.01692771396261175,0.164,0.167,0.16555,0.1655,0.0007399324293474377,32,32,2560,10240,51200,False,3040,1
0.096,0.1,0.09804761904761905,0.098,0.0010900498230723436,0.07,0.073,0.07160000000000001,0.07200000000000001,0.0006633249580710791,1.0210000000000001,1.053,1.0406,1.0430000000000001,0.011302212172844729,0.135,0.137,0.13595000000000002,0.136,0.0004974937185533104,0.369,0.381,0.37579999999999997,0.376,0.0040323690307311946,1.3780000000000001,1.421,1.403,1.405,0.01584297951775482,0.211,0.215,0.21305000000000002,0.213,0.001023474474522937,1.3840000000000001,1.428,1.41035,1.413,0.016450759860869614,0.163,0.165,0.16410000000000002,0.164,0.0007681145747868615,32,32,2560,10240,51200,False,3008,1
0.095,0.099,0.09704761904761906,0.097,0.0011328930717495553,0.069,0.074,0.07110000000000001,0.07100000000000001,0.001135781669160054,1.0190000000000001,1.05,1.03745,1.0459999999999998,0.012947876273736905,0.133,0.135,0.1342,0.134,0.0005099019513592789,0.368,0.379,0.37474999999999997,0.378,0.00466770821710184,1.3760000000000001,1.419,1.4007500000000002,1.4060000000000001,0.017443838453734855,0.209,0.212,0.2104,0.21,0.0007348469228349541,1.383,1.427,1.4086999999999996,1.4195,0.018534022768951115,0.161,0.164,0.16254999999999997,0.1625,0.0007399324293474377,32,32,2560,10240,51200,False,2976,1
0.094,0.097,0.09519047619047619,0.095,0.0007939681905015753,0.069,0.07200000000000001,0.07015,0.07,0.0009096702699330133,1.043,1.072,1.0614000000000001,1.062,0.008224354077980856,0.132,0.133,0.1326,0.133,0.0004898979485566361,0.366,0.375,0.37124999999999997,0.371,0.002808469333996726,1.3920000000000001,1.426,1.4107999999999998,1.411,0.010805554127392022,0.20800000000000002,0.21,0.20890000000000003,0.209,0.0007681145747868501,1.37,1.4000000000000001,1.3883,1.3860000000000001,0.01034456378973999,0.159,0.161,0.16035000000000002,0.16,0.0005722761571129803,32,32,2560,10240,51200,False,2944,1
0.093,0.095,0.09404761904761906,0.094,0.0005753831415997421,0.068,0.07,0.06910000000000001,0.069,0.0007000000000000006,1.049,1.062,1.05775,1.059,0.003631459761583497,0.13,0.132,0.13155,0.132,0.0006689544080129832,0.366,0.371,0.36924999999999997,0.37,0.0013738631664034098,1.3940000000000001,1.411,1.4058000000000002,1.408,0.005446099521676,0.20500000000000002,0.20800000000000002,0.2064,0.20600000000000002,0.0006633249580710806,1.371,1.3860000000000001,1.3822500000000004,1.385,0.005411792678955839,0.158,0.16,0.15904999999999997,0.159,0.0007399324293474378,32,32,2560,10240,51200,False,2912,1
0.092,0.094,0.09304761904761906,0.093,0.000722178613719196,0.067,0.07,0.06855,0.069,0.0009205976319760995,0.971,0.99,0.98105,0.98,0.005678688228807781,0.131,0.132,0.13115000000000004,0.131,0.0003570714214271428,0.368,0.375,0.3717,0.371,0.0022825424421026672,1.299,1.324,1.3120499999999997,1.311,0.007896043312951136,0.202,0.20400000000000001,0.20305,0.203,0.0005894913061275804,1.371,1.4000000000000001,1.386,1.3840000000000001,0.00961769203083568,0.156,0.159,0.15735000000000002,0.157,0.0006538348415311016,32,32,2560,10240,51200,False,2880,1
0.092,0.095,0.09342857142857144,0.093,0.0007284313590846842,0.066,0.068,0.06735000000000002,0.0675,0.0007262919523166982,0.996,1.0070000000000001,0.9991499999999999,0.997,0.003953163290328425,0.129,0.131,0.13010000000000002,0.13,0.0005385164807134509,0.377,0.381,0.37839999999999996,0.378,0.0015620499351813321,1.333,1.349,1.33745,1.334,0.006003957028493781,0.2,0.202,0.201,0.201,0.0003162277660168382,1.41,1.424,1.4133,1.41,0.005771481612203235,0.155,0.157,0.15550000000000003,0.155,0.0005916079783099622,32,32,2560,10240,51200,False,2848,1
0.091,0.093,0.0919047619047619,0.092,0.0006098213559459861,0.065,0.068,0.0665,0.067,0.0008660254037844396,0.9580000000000001,0.97,0.9650000000000001,0.9644999999999999,0.003847076812334253,0.128,0.129,0.1286,0.129,0.0004898979485566361,0.367,0.374,0.37120000000000003,0.3705,0.002063976744055031,1.304,1.331,1.3231499999999998,1.32,0.007094187761823036,0.198,0.2,0.19895,0.199,0.0005894913061275802,1.3940000000000001,1.411,1.40165,1.397,0.0065442723048479146,0.153,0.154,0.15349999999999997,0.1535,0.0005000000000000004,32,32,2560,10240,51200,False,2816,1
0.09,0.092,0.09052380952380953,0.09,0.0005870870479018078,0.064,0.066,0.06525,0.065,0.0006982120021884477,0.9490000000000001,0.968,0.9579500000000001,0.9590000000000001,0.00607844552496767,0.126,0.128,0.12689999999999996,0.127,0.0006244997998398403,0.366,0.374,0.3695,0.369,0.002459674775249771,1.305,1.329,1.3148,1.316,0.007947326594522198,0.195,0.199,0.19665000000000002,0.197,0.0011079259903080177,1.3820000000000001,1.41,1.39175,1.395,0.009658545439143474,0.151,0.154,0.1519,0.152,0.0008306623862918082,32,32,2560,10240,51200,False,2784,1
0.089,0.092,0.09000000000000001,0.09,0.0006900655593423548,0.063,0.067,0.06495,0.065,0.0009205976319760994,0.96,0.971,0.9632999999999997,0.961,0.003925557285278107,0.125,0.126,0.12544999999999998,0.125,0.0004974937185533104,0.37,0.375,0.37115,0.37,0.0016209565077447343,1.318,1.331,1.3214000000000001,1.3185,0.0052383203414834946,0.193,0.196,0.194,0.194,0.0007071067811865482,1.395,1.41,1.3986500000000002,1.3960000000000001,0.0056857277458562125,0.149,0.152,0.15054999999999996,0.15,0.0008046738469715548,32,32,2560,10240,51200,False,2752,1
0.08700000000000001,0.09,0.08823809523809525,0.088,0.0006834619092574898,0.062,0.067,0.06394999999999999,0.064,0.001160818676624391,0.9450000000000001,0.9560000000000001,0.9488,0.9460000000000001,0.004400000000000004,0.12,0.121,0.12035,0.12,0.0004769696007084732,0.364,0.368,0.3655,0.365,0.0015329709716755905,1.234,1.25,1.2394500000000002,1.236,0.005774729430891096,0.192,0.194,0.19250000000000003,0.192,0.0006708203932499375,1.381,1.395,1.3858000000000001,1.381,0.006446704584514503,0.148,0.15,0.14865,0.149,0.0005722761571129803,32,32,2560,10240,51200,False,2720,1
0.08600000000000001,0.08700000000000001,0.08652380952380954,0.08700000000000001,0.0004994327848429298,0.061,0.066,0.0627,0.0625,0.0010535653752852749,0.925,0.9440000000000001,0.9336,0.934,0.0056603886792339665,0.11800000000000001,0.121,0.11925000000000004,0.11900000000000001,0.0006224949798994318,0.356,0.364,0.3596000000000001,0.36,0.002200000000000002,1.209,1.234,1.2211000000000003,1.2215,0.007077428911688207,0.189,0.191,0.18975,0.19,0.0005361902647381809,1.352,1.379,1.36505,1.366,0.007248965443427086,0.146,0.148,0.14689999999999998,0.147,0.0007681145747868615,32,32,2560,10240,51200,False,2688,1
0.084,0.085,0.08485714285714285,0.085,0.00034992710611188283,0.061,0.063,0.061950000000000005,0.062,0.0004974937185533105,0.916,0.935,0.9250499999999999,0.926,0.005342986056504363,0.117,0.11900000000000001,0.11779999999999999,0.11800000000000001,0.000509901951359279,0.353,0.36,0.35625,0.3565,0.0019461500456028577,1.198,1.223,1.2093500000000001,1.21,0.006762211176826695,0.186,0.189,0.18734999999999996,0.187,0.0006538348415311016,1.34,1.367,1.3522500000000002,1.353,0.007680332024072897,0.14400000000000002,0.147,0.14559999999999998,0.146,0.0006633249580710772,32,32,2560,10240,51200,False,2656,1
0.083,0.08600000000000001,0.08404761904761907,0.084,0.0007853534524986027,0.059000000000000004,0.062,0.06065,0.061,0.0006538348415311007,0.917,0.9440000000000001,0.9288500000000001,0.927,0.00805776023470543,0.115,0.117,0.11600000000000002,0.116,0.0007071067811865482,0.353,0.364,0.35745000000000005,0.357,0.0032322592717788003,1.199,1.235,1.2146000000000003,1.2115,0.010664895686315934,0.184,0.187,0.1854,0.185,0.0007348469228349541,1.34,1.379,1.356,1.3535,0.010587728746053132,0.14300000000000002,0.145,0.14370000000000002,0.14400000000000002,0.0006403124237432799,32,32,2560,10240,51200,False,2624,1
0.083,0.085,0.08390476190476191,0.084,0.000525969572247013,0.06,0.062,0.060399999999999995,0.06,0.0005830951894845307,0.926,0.9460000000000001,0.9368000000000002,0.9355,0.006742403132415036,0.115,0.116,0.11505000000000003,0.115,0.00021794494717703388,0.356,0.364,0.36014999999999997,0.36,0.002612948526090786,1.21,1.235,1.2244500000000003,1.222,0.008800426126046403,0.182,0.184,0.183,0.183,0.0006324555320336764,1.352,1.379,1.3677500000000005,1.366,0.010530313385649998,0.14100000000000001,0.14300000000000002,0.14195,0.14200000000000002,0.0003840572873934307,32,32,2560,10240,51200,False,2592,1
0.083,0.08700000000000001,0.08428571428571431,0.084,0.0009331389496316878,0.058,0.061,0.05965,0.0595,0.0008529361054615968,0.891,0.91,0.8958999999999999,0.892,0.0070491134194308495,0.117,0.11800000000000001,0.11765,0.11800000000000001,0.00047696960070847314,0.3,0.307,0.3024,0.301,0.0024372115213907902,1.172,1.196,1.1782,1.173,0.009091754506144568,0.181,0.183,0.1815,0.181,0.0005916079783099621,1.119,1.1420000000000001,1.1237,1.119,0.008271033792700914,0.139,0.14100000000000001,0.14035000000000003,0.14,0.0005722761571129804,32,32,2560,10240,51200,False,2560,1
0.082,0.084,0.0832857142857143,0.083,0.0006998542122237659,0.057,0.061,0.0586,0.058,0.000916515138991167,0.874,0.898,0.8827,0.881,0.007981854421122958,0.112,0.115,0.11380000000000001,0.114,0.0006000000000000006,0.296,0.305,0.29910000000000003,0.298,0.0028965496715920506,1.161,1.196,1.17435,1.172,0.011087267472195302,0.178,0.18,0.17889999999999998,0.179,0.0007000000000000006,1.109,1.1420000000000001,1.12195,1.1195,0.010791084282869855,0.137,0.14,0.13849999999999998,0.138,0.0007416198487095669,32,32,2560,10240,51200,False,2528,1
0.081,0.084,0.0819047619047619,0.082,0.0008676603408708864,0.057,0.06,0.0581,0.058,0.0006244997998398394,0.88,0.901,0.8881499999999999,0.883,0.008229671925417206,0.112,0.113,0.11230000000000002,0.112,0.0004582575694955844,0.299,0.305,0.3006500000000001,0.299,0.002495495942693558,1.173,1.198,1.17985,1.174,0.009931137900563089,0.17500000000000002,0.178,0.17650000000000002,0.176,0.0007416198487095641,1.12,1.1440000000000001,1.12765,1.122,0.009328853091350502,0.136,0.139,0.137,0.137,0.0007745966692414842,32,32,2560,10240,51200,False,2496,1
0.08,0.082,0.08095238095238096,0.081,0.000575383141599742,0.057,0.059000000000000004,0.05750000000000001,0.057,0.0005916079783099621,0.88,0.89,0.8854,0.8885000000000001,0.004340506882842144,0.11,0.112,0.11115000000000001,0.111,0.0005722761571129803,0.298,0.301,0.2996,0.3005,0.0014628738838327808,1.17,1.184,1.17695,1.178,0.005817860431464474,0.17300000000000001,0.17500000000000002,0.17419999999999997,0.17400000000000002,0.000509901951359279,1.119,1.131,1.12485,1.1270000000000002,0.005461455849862791,0.134,0.138,0.13484999999999997,0.135,0.0009096702699330135,32,32,2560,10240,51200,False,2464,1
0.079,0.081,0.07933333333333333,0.079,0.0005634361698190116,0.056,0.058,0.05685000000000001,0.057,0.0007921489758877436,0.863,0.889,0.8735500000000002,0.871,0.008991523786322324,0.108,0.11,0.10900000000000001,0.109,0.0005477225575051667,0.291,0.301,0.29534999999999995,0.295,0.003213642792844285,1.1460000000000001,1.181,1.1612,1.158,0.012395967086113135,0.171,0.17400000000000002,0.17205,0.17200000000000001,0.0009733961166965902,1.096,1.1300000000000001,1.1117500000000002,1.108,0.012469462698929753,0.132,0.135,0.13305,0.133,0.0008046738469715547,32,32,2560,10240,51200,False,2432,1
0.077,0.079,0.07790476190476192,0.078,0.000525969572247013,0.055,0.057,0.05575000000000001,0.056,0.0005361902647381809,0.796,0.806,0.8007000000000002,0.8,0.003925557285278108,0.108,0.11,0.10905000000000001,0.109,0.0004974937185533105,0.292,0.296,0.2941,0.2945,0.0014106735979665897,1.079,1.091,1.0843,1.084,0.005235456045083398,0.169,0.17200000000000001,0.1701,0.17,0.0006244997998398404,1.097,1.109,1.1025000000000003,1.1015000000000001,0.0053525694764290956,0.131,0.133,0.1318,0.132,0.0006000000000000005,32,32,2560,10240,51200,False,2400,1
0.076,0.079,0.07714285714285715,0.077,0.0008329931278350436,0.054,0.057,0.055400000000000005,0.055,0.0007348469228349541,0.792,0.8150000000000001,0.8024000000000001,0.799,0.007844743462982081,0.108,0.109,0.10845,0.108,0.0004974937185533104,0.29,0.298,0.29375,0.293,0.0029474565306379014,1.071,1.103,1.0856,1.084,0.011529960971312968,0.167,0.169,0.1675,0.167,0.0005916079783099621,1.087,1.119,1.1029,1.1025,0.011772425408555368,0.129,0.131,0.12969999999999998,0.13,0.0005567764362830027,32,32,2560,10240,51200,False,2368,1
0.075,0.078,0.07638095238095238,0.076,0.000652919485752481,0.054,0.057,0.05500000000000001,0.055,0.0008366600265340762,0.807,0.8240000000000001,0.8126000000000001,0.8115000000000001,0.005624944444170099,0.106,0.108,0.10685000000000003,0.107,0.00047696960070847325,0.295,0.301,0.29695,0.2975,0.0019098429254784293,1.088,1.113,1.09725,1.0955,0.0072379209722129596,0.164,0.167,0.1652,0.165,0.000748331477354789,1.108,1.131,1.1149499999999999,1.1139999999999999,0.007297088460475171,0.127,0.13,0.12825000000000003,0.128,0.0006224949798994372,32,32,2560,10240,51200,False,2336,1
0.074,0.077,0.076,0.076,0.0006900655593423549,0.053,0.056,0.05450000000000001,0.054,0.0007416198487095669,0.805,0.8140000000000001,0.8079500000000002,0.806,0.003308700651313143,0.10400000000000001,0.106,0.10485000000000003,0.105,0.0004769696007084683,0.299,0.303,0.30024999999999996,0.3,0.0013369741957120953,1.099,1.112,1.1025500000000001,1.1,0.004409931972264417,0.162,0.164,0.16304999999999997,0.163,0.0004974937185533105,1.118,1.1300000000000001,1.12085,1.1185,0.0045196791921551195,0.126,0.127,0.12614999999999998,0.126,0.00035707142142714284,32,32,2560,10240,51200,False,2304,1
0.073,0.075,0.07423809523809524,0.074,0.0006834619092574922,0.052000000000000005,0.056,0.05365000000000001,0.054,0.0008529361054615991,0.781,0.796,0.7922,0.795,0.00580172388174412,0.10300000000000001,0.105,0.1034,0.10300000000000001,0.0006633249580710772,0.291,0.297,0.29515,0.296,0.0021041625412500835,1.067,1.087,1.0817999999999999,1.086,0.008103085831953145,0.159,0.161,0.16025000000000003,0.16,0.0005361902647381809,1.086,1.108,1.10115,1.107,0.009106453755441756,0.124,0.126,0.12444999999999999,0.124,0.0005894913061275802,32,32,2560,10240,51200,False,2272,1
0.07200000000000001,0.074,0.07261904761904762,0.073,0.0005753831415997356,0.052000000000000005,0.054,0.052750000000000005,0.053,0.0006982120021884447,0.78,0.797,0.7885500000000001,0.789,0.00543576121624194,0.101,0.10200000000000001,0.1016,0.10200000000000001,0.0004898979485566361,0.291,0.299,0.29479999999999995,0.295,0.0023579652245103214,1.0,1.0210000000000001,1.0101000000000002,1.0105,0.006449030934954526,0.158,0.16,0.15855,0.158,0.0006689544080129831,1.086,1.108,1.096,1.097,0.007259476565152598,0.122,0.124,0.12290000000000001,0.123,0.0007000000000000006,32,32,2560,10240,51200,False,2240,1
0.07100000000000001,0.073,0.07166666666666668,0.07200000000000001,0.00056343616981901,0.051000000000000004,0.053,0.05185000000000001,0.052000000000000005,0.0006538348415310997,0.785,0.793,0.7866000000000001,0.785,0.0029732137494637035,0.1,0.10200000000000001,0.1005,0.1,0.0005916079783099621,0.292,0.296,0.2934,0.293,0.0012409673645990868,1.0070000000000001,1.02,1.0107,1.008,0.004087786687193943,0.155,0.157,0.15610000000000004,0.156,0.0005385164807134509,1.095,1.107,1.0978,1.096,0.004130375285612674,0.12,0.123,0.12109999999999999,0.121,0.0007681145747868615,32,32,2560,10240,51200,False,2208,1
0.07,0.07100000000000001,0.07061904761904761,0.07100000000000001,0.00048562090605645613,0.05,0.053,0.05170000000000001,0.052000000000000005,0.0007810249675906651,0.726,0.734,0.7285999999999999,0.727,0.003056141357987228,0.099,0.101,0.10000000000000002,0.1,0.0003162277660168382,0.29,0.294,0.2916500000000001,0.291,0.0012757350822173083,1.0050000000000001,1.018,1.00855,1.006,0.004398579316097411,0.153,0.155,0.15365,0.154,0.0005722761571129803,1.095,1.107,1.09835,1.096,0.004788266909853708,0.11800000000000001,0.121,0.11945000000000003,0.11900000000000001,0.0007399324293474317,32,32,2560,10240,51200,False,2176,1
0.069,0.07,0.06947619047619048,0.069,0.0004994327848429298,0.05,0.051000000000000004,0.05020000000000001,0.05,0.0004000000000000003,0.718,0.727,0.7213499999999999,0.72,0.0026320144376503736,0.098,0.1,0.0987,0.099,0.0005567764362830027,0.28800000000000003,0.292,0.28915,0.289,0.0013143439428094708,0.996,1.006,0.9995499999999999,0.998,0.0035703641270884608,0.151,0.153,0.15139999999999998,0.151,0.0005830951894845306,1.085,1.096,1.08765,1.085,0.004596466033813403,0.117,0.11900000000000001,0.1179,0.11800000000000001,0.0007000000000000005,32,32,2560,10240,51200,False,2144,1
0.067,0.069,0.06838095238095238,0.068,0.000575383141599742,0.048,0.051000000000000004,0.04970000000000001,0.05,0.0006403124237432856,0.718,0.726,0.7219999999999999,0.7204999999999999,0.0026076809620810618,0.096,0.098,0.09705,0.097,0.0004974937185533105,0.28700000000000003,0.29,0.28855,0.28800000000000003,0.0012835497652993186,0.997,1.0070000000000001,1.00155,0.9995,0.0041045706230981365,0.148,0.15,0.1493,0.149,0.0005567764362830027,1.084,1.095,1.0895999999999997,1.0870000000000002,0.0048414873747640785,0.115,0.117,0.11595000000000003,0.116,0.0004974937185533104,32,32,2560,10240,51200,False,2112,1
0.067,0.069,0.06776190476190479,0.068,0.000525969572247013,0.047,0.049,0.04845000000000001,0.0485,0.0005894913061275802,0.708,0.723,0.71805,0.722,0.005852136362047629,0.092,0.093,0.09255000000000001,0.093,0.0004974937185533104,0.28300000000000003,0.29,0.28789999999999993,0.289,0.002507987240796868,0.919,0.9380000000000001,0.9316000000000001,0.936,0.007412152184082577,0.147,0.149,0.14775,0.148,0.0005361902647381809,1.073,1.105,1.0895500000000002,1.094,0.009415280133909984,0.113,0.115,0.11430000000000003,0.114,0.0005567764362830027,32,32,2560,10240,51200,False,2080,1
0.066,0.067,0.0667142857142857,0.067,0.00045175395145262605,0.047,0.049,0.04790000000000001,0.048,0.00043588989435406776,0.6920000000000001,0.6950000000000001,0.6938500000000001,0.6940000000000001,0.0009630680142129121,0.094,0.095,0.09425000000000001,0.094,0.0004330127018922197,0.234,0.234,0.23400000000000004,0.234,2.7755575615628914e-17,0.93,0.934,0.9309000000000001,0.931,0.0009949874371066208,0.14400000000000002,0.146,0.1451,0.145,0.00043588989435406424,1.083,1.094,1.08425,1.084,0.002277608394786092,0.112,0.114,0.11270000000000002,0.113,0.0007141428428542856,32,32,2560,10240,51200,False,2048,1
0.066,0.068,0.06738095238095239,0.067,0.000575383141599742,0.047,0.049,0.047950000000000007,0.048,0.000668954408012983,0.6970000000000001,0.7020000000000001,0.6996500000000001,0.6995,0.0016815171720800251,0.093,0.095,0.09425000000000001,0.094,0.0005361902647381809,0.23500000000000001,0.23700000000000002,0.23595000000000002,0.23600000000000002,0.0009205976319760993,0.933,0.9400000000000001,0.9367500000000002,0.9355,0.002643387977577263,0.14400000000000002,0.146,0.14514999999999997,0.145,0.00047696960070846994,1.085,1.095,1.08965,1.087,0.004350574674683776,0.111,0.114,0.11265,0.113,0.0007262919523166982,32,32,2560,10240,51200,False,2048,1
0.065,0.067,0.06633333333333333,0.066,0.0006424160744396216,0.047,0.049,0.04760000000000001,0.048,0.0005830951894845307,0.6880000000000001,0.7020000000000001,0.6973500000000001,0.7010000000000001,0.00546145584986275,0.093,0.094,0.09375000000000001,0.094,0.0004330127018922197,0.232,0.23700000000000002,0.23525000000000001,0.23600000000000002,0.002165063509461099,0.922,0.9410000000000001,0.9345500000000001,0.9390000000000001,0.007908697743623794,0.14300000000000002,0.145,0.14400000000000004,0.14400000000000002,0.000547722557505159,1.073,1.095,1.0881000000000003,1.094,0.00938029850271305,0.111,0.113,0.11175000000000002,0.112,0.0005361902647381809,32,32,2560,10240,51200,False,2032,1
0.065,0.067,0.06595238095238096,0.066,0.00048562090605645613,0.046,0.048,0.04705000000000001,0.047,0.0006689544080129831,0.685,0.6990000000000001,0.6942000000000002,0.6980000000000001,0.005827520913733392,0.092,0.093,0.0928,0.093,0.0004000000000000003,0.231,0.23600000000000002,0.23450000000000001,0.23600000000000002,0.002291287847477922,0.92,0.9390000000000001,0.9328,0.9380000000000001,0.007953615530059277,0.14200000000000002,0.14400000000000002,0.14314999999999997,0.14300000000000002,0.0004769696007084732,1.072,1.095,1.0884,1.093,0.009140021881811896,0.11,0.112,0.11074999999999999,0.111,0.0006982120021884477,32,32,2560,10240,51200,False,2016,1
0.064,0.066,0.06519047619047619,0.065,0.0006632565846278158,0.046,0.048,0.04650000000000001,0.046,0.0005916079783099621,0.6930000000000001,0.7010000000000001,0.6955000000000001,0.6940000000000001,0.0030248966924508376,0.092,0.093,0.0924,0.092,0.0004898979485566361,0.234,0.23700000000000002,0.23465000000000003,0.234,0.0010136567466356653,0.93,0.9400000000000001,0.9334,0.9315,0.0037735924528226445,0.14100000000000001,0.14200000000000002,0.14150000000000001,0.14150000000000001,0.0005000000000000004,1.083,1.094,1.0855999999999997,1.083,0.004509988913511897,0.109,0.112,0.1103,0.11,0.0007810249675906662,32,32,2560,10240,51200,False,2000,1
0.063,0.066,0.06471428571428571,0.065,0.0008247860988423233,0.045,0.048,0.04580000000000001,0.046,0.0008124038404635967,0.672,0.6930000000000001,0.6810500000000002,0.678,0.007526453348025225,0.091,0.093,0.09169999999999999,0.092,0.0005567764362830027,0.227,0.234,0.23010000000000003,0.229,0.0026057628441590788,0.902,0.93,0.9142000000000001,0.91,0.009775479527879957,0.139,0.14100000000000001,0.14035000000000003,0.14,0.0005722761571129803,1.052,1.083,1.0655,1.062,0.011280514172678455,0.109,0.111,0.10955,0.109,0.0006689544080129831,32,32,2560,10240,51200,False,1984,1
0.062,0.065,0.06371428571428572,0.064,0.0007648751621051916,0.045,0.047,0.04580000000000001,0.046,0.0007483314773547889,0.684,0.6910000000000001,0.688,0.6890000000000001,0.002664582518894848,0.09,0.092,0.09050000000000001,0.09,0.0005916079783099622,0.231,0.234,0.23245,0.233,0.0009733961166965902,0.919,0.929,0.9250500000000003,0.927,0.003827205246651925,0.138,0.14100000000000001,0.13955000000000004,0.1395,0.0007399324293474377,1.072,1.083,1.0799499999999997,1.083,0.004543952024394594,0.107,0.11,0.10800000000000003,0.108,0.0006324555320336764,32,32,2560,10240,51200,False,1968,1
0.063,0.065,0.06376190476190476,0.064,0.0006834619092574922,0.045,0.046,0.04515000000000001,0.045,0.0003570714214271428,0.685,0.7000000000000001,0.6940999999999999,0.6990000000000001,0.006433506042586738,0.089,0.091,0.08985000000000001,0.09,0.00047696960070847325,0.28500000000000003,0.292,0.28890000000000005,0.291,0.002605762844159052,0.918,0.937,0.92925,0.936,0.008589965075598394,0.137,0.139,0.13799999999999998,0.138,0.0003162277660168382,1.073,1.094,1.0864500000000001,1.093,0.009876613792186111,0.106,0.108,0.10705,0.107,0.0005894913061275804,32,32,2560,10240,51200,False,1952,1
0.062,0.064,0.06328571428571428,0.063,0.0005471012044321938,0.044,0.045,0.044500000000000005,0.0445,0.0005000000000000004,0.6910000000000001,0.6990000000000001,0.6934000000000001,0.6920000000000001,0.003056141357987227,0.088,0.09,0.0892,0.089,0.0005099019513592789,0.28700000000000003,0.291,0.28875,0.28800000000000003,0.0013369741957120712,0.926,0.937,0.9289499999999998,0.927,0.004443815927780992,0.136,0.137,0.13675,0.137,0.00043301270189221973,1.083,1.094,1.0852999999999997,1.083,0.004360045871318373,0.105,0.108,0.10655,0.107,0.0006689544080129832,32,32,2560,10240,51200,False,1936,1
0.062,0.064,0.06299999999999999,0.063,0.00043643578047198515,0.044,0.046,0.04440000000000001,0.044,0.0005830951894845307,0.652,0.66,0.65595,0.6545000000000001,0.002974474743547172,0.08700000000000001,0.089,0.08745,0.08700000000000001,0.000589491306127574,0.22,0.223,0.22125000000000003,0.221,0.0007664854858377953,0.865,0.879,0.8700999999999999,0.869,0.004357751713900188,0.136,0.138,0.13690000000000002,0.137,0.0006244997998398404,0.8240000000000001,0.833,0.8273000000000001,0.8250000000000001,0.0035791060336346505,0.105,0.107,0.10585,0.106,0.0006538348415311015,32,32,2560,10240,51200,False,1920,1
0.062,0.064,0.0628095238095238,0.063,0.0004994327848429298,0.043000000000000003,0.045,0.04395,0.044,0.0004974937185533085,0.659,0.667,0.66285,0.661,0.003320767983464069,0.08600000000000001,0.089,0.0874,0.08700000000000001,0.0006633249580710746,0.223,0.226,0.22395,0.223,0.0010712142642814286,0.875,0.886,0.8797,0.8795,0.004394314508543971,0.134,0.137,0.13529999999999998,0.135,0.0006403124237432856,0.833,0.843,0.8375999999999999,0.838,0.004509988913511877,0.10400000000000001,0.106,0.10485000000000003,0.105,0.0007921489758877376,32,32,2560,10240,51200,False,1904,1
0.061,0.063,0.06233333333333332,0.062,0.0006424160744396216,0.043000000000000003,0.045,0.043500000000000004,0.043000000000000003,0.0005916079783099588,0.652,0.667,0.6591000000000001,0.659,0.0047212286536451546,0.085,0.08700000000000001,0.08585000000000001,0.08600000000000001,0.0004769696007084733,0.22,0.225,0.22259999999999996,0.223,0.0016248076809271934,0.867,0.886,0.87525,0.876,0.006847444778893809,0.133,0.135,0.13415,0.134,0.0004769696007084733,0.8260000000000001,0.845,0.8346,0.835,0.006568104749469171,0.10300000000000001,0.105,0.1042,0.10400000000000001,0.0005099019513592736,32,32,2560,10240,51200,False,1888,1
0.06,0.062,0.060952380952380945,0.061,0.0004856209060564562,0.042,0.044,0.04335000000000001,0.043000000000000003,0.0005722761571129772,0.65,0.659,0.65505,0.6565000000000001,0.0030244834269673253,0.085,0.08700000000000001,0.0854,0.085,0.0005830951894845307,0.22,0.222,0.22135000000000002,0.222,0.0009096702699330132,0.863,0.875,0.87005,0.872,0.004116734142496942,0.132,0.134,0.13335000000000002,0.133,0.0005722761571129803,0.8240000000000001,0.833,0.8293500000000001,0.8315000000000001,0.003664355332115036,0.10200000000000001,0.10400000000000001,0.10315,0.10300000000000001,0.0006538348415311016,32,32,2560,10240,51200,False,1872,1
0.059000000000000004,0.062,0.060999999999999985,0.061,0.0006172133998483671,0.041,0.045,0.0425,0.042,0.0008660254037844378,0.643,0.659,0.6514499999999999,0.651,0.005084043666216887,0.084,0.08600000000000001,0.0849,0.085,0.0004358898943540678,0.217,0.222,0.21959999999999996,0.2195,0.0018275666882497077,0.855,0.874,0.8641999999999997,0.8645,0.00727048829171742,0.131,0.133,0.1316,0.132,0.0005830951894845307,0.8150000000000001,0.8320000000000001,0.8235500000000002,0.8230000000000001,0.006216711349258551,0.101,0.10300000000000001,0.10225000000000002,0.10200000000000001,0.0005361902647381809,32,32,2560,10240,51200,False,1856,1
0.06,0.061,0.06057142857142856,0.061,0.0004948716593053939,0.041,0.043000000000000003,0.04175000000000001,0.042,0.0005361902647381809,0.651,0.66,0.6567000000000001,0.658,0.00300166620396073,0.083,0.085,0.08390000000000002,0.084,0.00043588989435406776,0.22,0.223,0.22140000000000004,0.222,0.0010198039027185578,0.865,0.876,0.8718,0.874,0.0040323690307311946,0.13,0.132,0.13090000000000007,0.131,0.0005385164807134509,0.8250000000000001,0.835,0.8310000000000001,0.834,0.004277849927241442,0.1,0.10200000000000001,0.10130000000000002,0.101,0.0005567764362830027,32,32,2560,10240,51200,False,1840,1
0.06,0.062,0.06042857142857142,0.06,0.0005832118435198048,0.04,0.042,0.04100000000000001,0.041,0.00044721359549995833,0.658,0.667,0.65995,0.659,0.0020118399538730726,0.083,0.084,0.08360000000000002,0.084,0.000489897948556636,0.222,0.224,0.22225,0.222,0.0006224949798994372,0.873,0.883,0.8750499999999999,0.874,0.00245916652547159,0.129,0.13,0.12925,0.129,0.00043301270189221973,0.834,0.843,0.83545,0.835,0.00257827461687075,0.1,0.10200000000000001,0.1005,0.1,0.0006708203932499376,32,32,2560,10240,51200,False,1824,1
0.058,0.06,0.05933333333333334,0.059000000000000004,0.0005634361698190084,0.04,0.042,0.04100000000000001,0.041,0.0006324555320336764,0.651,0.658,0.65405,0.652,0.0029236107812087462,0.082,0.083,0.08225000000000002,0.082,0.0004330127018922197,0.22,0.222,0.22090000000000004,0.22,0.0009949874371066208,0.865,0.874,0.86915,0.8674999999999999,0.003990927210561479,0.127,0.129,0.12815000000000004,0.128,0.0005722761571129803,0.8260000000000001,0.835,0.8301000000000001,0.8300000000000001,0.0038327535793473083,0.099,0.101,0.09980000000000001,0.1,0.0006000000000000006,32,32,2560,10240,51200,False,1808,1
0.058,0.06,0.058666666666666666,0.059000000000000004,0.0006424160744396202,0.039,0.041,0.04000000000000001,0.04,0.0003162277660168382,0.643,0.657,0.6492500000000001,0.65,0.004437059837324716,0.081,0.082,0.08160000000000002,0.082,0.000489897948556636,0.217,0.222,0.219,0.219,0.0014491376746189452,0.855,0.872,0.8619499999999999,0.862,0.005517925334761251,0.127,0.13,0.12764999999999999,0.1275,0.0007921489758877437,0.8160000000000001,0.8320000000000001,0.8227500000000001,0.8230000000000001,0.005356071321407142,0.098,0.1,0.09875000000000002,0.099,0.0007664854858377953,32,32,2560,10240,51200,False,1792,1
0.057,0.059000000000000004,0.0581904761904762,0.058,0.0005870870479018078,0.039,0.041,0.04010000000000001,0.04,0.0005385164807134509,0.65,0.658,0.6532,0.6515,0.0030757112998459424,0.08,0.082,0.08085,0.081,0.0004769696007084733,0.22,0.222,0.22085000000000005,0.22,0.0009630680142129121,0.864,0.873,0.8679,0.865,0.004170131892398612,0.125,0.127,0.12584999999999996,0.126,0.0006538348415311017,0.8240000000000001,0.833,0.8284,0.8250000000000001,0.003979949748426438,0.096,0.099,0.09790000000000001,0.098,0.0008888194417315596,32,32,2560,10240,51200,False,1776,1
0.058,0.06,0.058333333333333334,0.058,0.0005634361698190106,0.039,0.04,0.03935000000000001,0.039,0.0004769696007084732,0.587,0.589,0.58805,0.588,0.0004974937185533104,0.081,0.082,0.08145000000000001,0.081,0.0004974937185533104,0.221,0.222,0.22160000000000002,0.222,0.000489897948556636,0.801,0.803,0.8019000000000001,0.802,0.000538516480713451,0.124,0.126,0.12505,0.125,0.00038405728739343076,0.8310000000000001,0.8320000000000001,0.8316500000000001,0.8320000000000001,0.0004769696007084733,0.096,0.098,0.09680000000000001,0.097,0.000509901951359279,32,32,2560,10240,51200,False,1760,1
0.056,0.059000000000000004,0.057238095238095234,0.057,0.0007499055118106493,0.038,0.04,0.038950000000000005,0.039,0.0004974937185533104,0.5720000000000001,0.582,0.57835,0.5794999999999999,0.00325998466254057,0.08,0.081,0.08070000000000001,0.081,0.0004582575694955844,0.216,0.22,0.21835,0.219,0.0011947803145348531,0.781,0.793,0.7889499999999999,0.792,0.004283398183685476,0.123,0.125,0.1237,0.124,0.0005567764362830027,0.809,0.8240000000000001,0.8192500000000003,0.8230000000000001,0.004710360920354197,0.095,0.097,0.09625000000000002,0.096,0.0006982120021884476,32,32,2560,10240,51200,False,1744,1
0.054,0.057,0.055999999999999994,0.056,0.0008164965809277268,0.037,0.039,0.03830000000000001,0.038,0.0005567764362830027,0.56,0.583,0.5711,0.5710000000000001,0.007809609465267741,0.079,0.08,0.07970000000000001,0.08,0.0004582575694955844,0.211,0.22,0.2152,0.215,0.0028740215726399854,0.764,0.795,0.77935,0.7805,0.009921063451062096,0.122,0.124,0.12265000000000001,0.123,0.0005722761571129803,0.793,0.8240000000000001,0.80935,0.8150000000000001,0.010441623436994852,0.094,0.097,0.0955,0.095,0.000741619848709567,32,32,2560,10240,51200,False,1728,1
0.054,0.058,0.05623809523809524,0.056,0.0009712418121129121,0.037,0.039,0.037750000000000006,0.038,0.0006224949798994372,0.58,0.587,0.58345,0.583,0.0017457090250096107,0.079,0.08,0.07914999999999998,0.079,0.00035707142142714284,0.219,0.221,0.21984999999999996,0.22,0.0007921489758877436,0.794,0.799,0.7953500000000001,0.794,0.0019045996954740927,0.121,0.122,0.12129999999999999,0.121,0.00045825756949558437,0.8230000000000001,0.8280000000000001,0.8244,0.8230000000000001,0.0019849433241279227,0.093,0.095,0.09430000000000001,0.094,0.0006403124237432854,32,32,2560,10240,51200,False,1712,1
0.054,0.056,0.055619047619047624,0.056,0.000652919485752481,0.036000000000000004,0.038,0.03725000000000001,0.037,0.0005361902647381801,0.5680000000000001,0.59,0.5846000000000001,0.584,0.004397726685459187,0.078,0.079,0.07830000000000001,0.078,0.0004582575694955844,0.214,0.222,0.2197,0.22,0.0015842979517754873,0.774,0.803,0.7959500000000002,0.795,0.006086665753924727,0.12,0.121,0.12015000000000002,0.12,0.00035707142142714273,0.8240000000000001,0.833,0.8270500000000001,0.8250000000000001,0.0033686050525402874,0.093,0.095,0.09390000000000001,0.094,0.000538516480713451,32,32,2560,10240,51200,False,1696,1
0.055,0.057,0.05604761904761905,0.056,0.00048562090605645613,0.036000000000000004,0.037,0.03680000000000001,0.037,0.00039999999999999763,0.582,0.588,0.58415,0.582,0.0025743931323712024,0.077,0.079,0.07765,0.078,0.0005722761571129803,0.219,0.222,0.22005,0.22,0.0010712142642814286,0.794,0.802,0.79715,0.7945,0.0036915443922564475,0.11800000000000001,0.12,0.11910000000000003,0.11900000000000001,0.0004358898943540634,0.8240000000000001,0.8320000000000001,0.8275000000000002,0.8250000000000001,0.0037349698793966227,0.092,0.094,0.09265000000000001,0.093,0.0006538348415311016,32,32,2560,10240,51200,False,1680,1
0.054,0.055,0.05442857142857143,0.054,0.0004948716593053939,0.036000000000000004,0.038,0.03660000000000001,0.037,0.0005830951894845274,0.5730000000000001,0.582,0.5758500000000002,0.5740000000000001,0.0028332843133013893,0.077,0.078,0.07730000000000001,0.077,0.0004582575694955844,0.216,0.221,0.2172,0.2165,0.0014352700094407336,0.783,0.798,0.787,0.784,0.004527692569068712,0.11800000000000001,0.11900000000000001,0.1182,0.11800000000000001,0.00040000000000000034,0.8140000000000001,0.8310000000000001,0.8185500000000001,0.8150000000000001,0.00475893895737275,0.091,0.093,0.09190000000000001,0.092,0.0006244997998398404,32,32,2560,10240,51200,False,1664,1
0.052000000000000005,0.055,0.054380952380952384,0.055,0.0008984743935291994,0.036000000000000004,0.037,0.03630000000000001,0.036000000000000004,0.0004582575694955813,0.5630000000000001,0.586,0.5801499999999999,0.58,0.004703987670051852,0.076,0.078,0.07625000000000001,0.076,0.0005361902647381809,0.212,0.221,0.21880000000000002,0.219,0.001939071942966533,0.79,0.799,0.7932,0.791,0.003280243893371348,0.116,0.117,0.11674999999999999,0.117,0.0004330127018922197,0.8220000000000001,0.8310000000000001,0.8249000000000001,0.8230000000000001,0.003806573262134859,0.09,0.092,0.09100000000000001,0.091,0.0007071067811865482,32,32,2560,10240,51200,False,1648,1
0.053,0.055,0.053809523809523814,0.054,0.0004994327848429298,0.035,0.036000000000000004,0.03560000000000001,0.036000000000000004,0.0004898979485566361,0.581,0.582,0.5814499999999999,0.581,0.0004974937185533104,0.075,0.076,0.0754,0.075,0.0004898979485566361,0.219,0.22,0.21905000000000002,0.219,0.00021794494717703385,0.793,0.797,0.79365,0.7935000000000001,0.0009096702699330135,0.115,0.116,0.11540000000000003,0.115,0.000489897948556636,0.8230000000000001,0.8300000000000001,0.8240999999999999,0.8240000000000001,0.0014106735979665897,0.089,0.091,0.09010000000000001,0.09,0.00043588989435406776,32,32,2560,10240,51200,False,1632,1
0.052000000000000005,0.053,0.052666666666666674,0.053,0.0004714045207910288,0.035,0.037,0.03600000000000001,0.036000000000000004,0.0004472135954999568,0.5680000000000001,0.5740000000000001,0.5705,0.5690000000000001,0.0025000000000000022,0.074,0.076,0.07499999999999998,0.075,0.0003162277660168382,0.214,0.216,0.21515000000000004,0.215,0.0008529361054615998,0.775,0.783,0.7789499999999999,0.779,0.003485326383568693,0.114,0.115,0.11444999999999998,0.114,0.0004974937185533105,0.806,0.8140000000000001,0.8104000000000001,0.8105,0.0036110940170535604,0.088,0.09,0.08945,0.09,0.0006689544080129831,32,32,2560,10240,51200,False,1616,1
0.051000000000000004,0.053,0.05180952380952381,0.052000000000000005,0.0005870870479018065,0.034,0.036000000000000004,0.03475000000000001,0.035,0.0006224949798994372,0.581,0.598,0.5870500000000001,0.583,0.005869199263954161,0.07200000000000001,0.073,0.07245000000000001,0.07200000000000001,0.0004974937185533034,0.21,0.216,0.21245000000000003,0.211,0.0019098429254784297,0.6890000000000001,0.709,0.6959000000000002,0.6910000000000001,0.006927481504847184,0.113,0.115,0.11400000000000002,0.114,0.00044721359549995833,0.785,0.807,0.79245,0.7885,0.007996718076811267,0.088,0.089,0.08839999999999999,0.088,0.0004898979485566361,32,32,2560,10240,51200,False,1600,1
0.051000000000000004,0.053,0.051857142857142866,0.052000000000000005,0.0005593971487843196,0.034,0.036000000000000004,0.03450000000000001,0.034,0.0005916079783099622,0.582,0.602,0.59665,0.597,0.0052179977002678,0.07100000000000001,0.07200000000000001,0.0718,0.07200000000000001,0.0004000000000000003,0.211,0.218,0.21595,0.216,0.0018296174463532002,0.6910000000000001,0.716,0.7085999999999999,0.709,0.005651548460377892,0.112,0.113,0.11265,0.113,0.00047696960070847314,0.785,0.8140000000000001,0.80745,0.807,0.006037176492367941,0.08600000000000001,0.088,0.08745000000000001,0.088,0.0006689544080129768,32,32,2560,10240,51200,False,1584,1
0.05,0.052000000000000005,0.05133333333333335,0.051000000000000004,0.0005634361698190116,0.033,0.035,0.033900000000000007,0.034,0.0004358898943540677,0.591,0.604,0.5974499999999999,0.598,0.004800781186432063,0.07100000000000001,0.07200000000000001,0.07125000000000001,0.07100000000000001,0.00043301270189221973,0.214,0.219,0.21635,0.216,0.0015580436450882897,0.704,0.717,0.7111500000000002,0.71,0.0050722283071644204,0.111,0.112,0.11110000000000005,0.111,0.00030000000000000024,0.8,0.8150000000000001,0.80795,0.807,0.00632830941089325,0.08600000000000001,0.088,0.08685000000000001,0.08700000000000001,0.0005722761571129776,32,32,2560,10240,51200,False,1568,1
0.05,0.051000000000000004,0.05052380952380953,0.051000000000000004,0.0004994327848429298,0.033,0.035,0.03380000000000001,0.034,0.000509901951359279,0.587,0.598,0.5926500000000001,0.592,0.004982720140646076,0.07,0.07100000000000001,0.07010000000000002,0.07,0.00030000000000000024,0.213,0.217,0.21484999999999999,0.2145,0.0018781639970992968,0.6980000000000001,0.71,0.70405,0.704,0.0052675895815827815,0.109,0.111,0.1099,0.11,0.0005385164807134509,0.794,0.807,0.8011500000000001,0.805,0.006134125854594122,0.085,0.088,0.08595000000000001,0.08600000000000001,0.000804673846971553,32,32,2560,10240,51200,False,1552,1
0.049,0.051000000000000004,0.049714285714285725,0.05,0.0006281383789653777,0.032,0.034,0.03300000000000001,0.033,0.00044721359549995833,0.506,0.516,0.5114,0.5105,0.004317406628984584,0.07100000000000001,0.07200000000000001,0.07115,0.07100000000000001,0.00035707142142714284,0.21,0.217,0.2136,0.213,0.00239582971014219,0.672,0.6880000000000001,0.68015,0.6795,0.005909949238360687,0.11,0.112,0.11040000000000003,0.11,0.0005830951894845307,0.787,0.808,0.79855,0.8005,0.00955758860801197,0.084,0.08700000000000001,0.0851,0.085,0.0007681145747868615,32,32,2560,10240,51200,False,1536,1
0.048,0.051000000000000004,0.049952380952380956,0.05,0.000652919485752481,0.032,0.034,0.03280000000000001,0.033,0.0006000000000000005,0.512,0.521,0.5156500000000002,0.514,0.0035535193822462856,0.07100000000000001,0.07200000000000001,0.0711,0.07100000000000001,0.00030000000000000024,0.214,0.219,0.21564999999999998,0.215,0.0018781639970992963,0.68,0.6930000000000001,0.6857,0.6825000000000001,0.005197114584074518,0.109,0.11,0.10915,0.109,0.00035707142142714284,0.8,0.8160000000000001,0.8054500000000001,0.8,0.007228243216715946,0.083,0.08600000000000001,0.08405000000000001,0.084,0.000668954408012983,32,32,2560,10240,51200,False,1520,1
0.048,0.05,0.049142857142857155,0.049,0.000559397148784321,0.031,0.033,0.031950000000000006,0.032,0.0004974937185533105,0.51,0.52,0.5138499999999999,0.511,0.004441565039487774,0.069,0.07100000000000001,0.06985,0.07,0.0005722761571129803,0.213,0.218,0.21505000000000002,0.214,0.0018296174463532002,0.679,0.6920000000000001,0.6845000000000001,0.68,0.005903388857258181,0.107,0.109,0.10785000000000003,0.108,0.0004769696007084733,0.8,0.8150000000000001,0.8067500000000001,0.8,0.0074624057782996574,0.082,0.084,0.08315000000000003,0.083,0.000726291952316698,32,32,2560,10240,51200,False,1504,1
0.046,0.05,0.04904761904761906,0.049,0.0009988655696858595,0.031,0.032,0.03150000000000001,0.0315,0.0005000000000000004,0.505,0.522,0.5178,0.518,0.003249615361854387,0.069,0.07,0.0695,0.0695,0.0005000000000000004,0.20800000000000002,0.218,0.21595000000000003,0.216,0.001961504524593299,0.686,0.714,0.7078,0.708,0.005473572873361586,0.105,0.107,0.10540000000000001,0.105,0.0005830951894845307,0.784,0.8140000000000001,0.8067500000000001,0.806,0.006106349154773256,0.081,0.083,0.08215,0.082,0.0005722761571129804,32,32,2560,10240,51200,False,1488,1
0.046,0.049,0.04776190476190477,0.048,0.0006834619092574922,0.03,0.032,0.031100000000000006,0.031,0.00043588989435406776,0.496,0.51,0.50725,0.5085,0.0030801785662522905,0.068,0.069,0.06860000000000001,0.069,0.0004898979485566361,0.20800000000000002,0.213,0.21220000000000003,0.213,0.001248999599679676,0.68,0.6990000000000001,0.69525,0.6980000000000001,0.004276388663346684,0.10400000000000001,0.105,0.1044,0.10400000000000001,0.0004898979485566293,0.777,0.799,0.7942,0.798,0.0052211109928826495,0.08,0.082,0.08180000000000001,0.082,0.000509901951359279,32,32,2560,10240,51200,False,1472,1
0.048,0.05,0.048714285714285724,0.049,0.0006281383789653777,0.03,0.032,0.031150000000000004,0.031,0.0004769696007084732,0.52,0.531,0.5243999999999999,0.525,0.00400499687890016,0.067,0.068,0.06775,0.068,0.00043301270189221973,0.196,0.203,0.19890000000000002,0.199,0.002188606862823931,0.717,0.732,0.72355,0.724,0.005324237034543076,0.10300000000000001,0.10400000000000001,0.10315,0.10300000000000001,0.00035707142142714284,0.728,0.743,0.73525,0.736,0.005223743868146681,0.08,0.083,0.08120000000000001,0.081,0.0008124038404635969,32,32,2560,10240,51200,False,1456,1
0.047,0.049,0.04838095238095239,0.048,0.000575383141599742,0.029,0.031,0.030150000000000003,0.03,0.00047696960070847287,0.523,0.529,0.5254000000000001,0.5245,0.002034698994937582,0.066,0.067,0.0667,0.067,0.0004582575694955844,0.196,0.2,0.19775000000000004,0.197,0.001336974195712095,0.6960000000000001,0.704,0.6990000000000001,0.6980000000000001,0.0027568097504180166,0.10300000000000001,0.10400000000000001,0.1032,0.10300000000000001,0.00040000000000000034,0.733,0.742,0.7363000000000001,0.735,0.002847806173179631,0.08,0.081,0.08030000000000001,0.08,0.0004582575694955844,32,32,2560,10240,51200,False,1440,1
0.046,0.048,0.047333333333333345,0.047,0.0005634361698190116,0.029,0.03,0.029150000000000002,0.029,0.0003570714214271416,0.517,0.528,0.52155,0.518,0.0046741309352648685,0.065,0.067,0.06605000000000001,0.066,0.0004974937185533105,0.193,0.201,0.19675000000000004,0.1955,0.002566612553542122,0.6880000000000001,0.7020000000000001,0.6939000000000001,0.6890000000000001,0.006331666447310698,0.101,0.10300000000000001,0.10205000000000002,0.10200000000000001,0.00038405728739343076,0.725,0.739,0.73055,0.726,0.00620866330219316,0.079,0.08,0.0795,0.0795,0.0005000000000000004,32,32,2560,10240,51200,False,1424,1
0.047,0.049,0.04761904761904763,0.047,0.000722178613719196,0.028,0.03,0.028850000000000004,0.029,0.00047696960070847287,0.513,0.533,0.52025,0.518,0.008389725859645245,0.065,0.066,0.06515,0.065,0.0003570714214271428,0.194,0.203,0.19785000000000003,0.197,0.0029201883500897703,0.641,0.668,0.65175,0.648,0.011112492969626582,0.1,0.101,0.10035000000000001,0.1,0.0004769696007084732,0.651,0.675,0.6609,0.658,0.009038252043398665,0.078,0.079,0.0782,0.078,0.0004000000000000003,32,32,2560,10240,51200,False,1408,1
0.046,0.048,0.04695238095238096,0.047,0.0004856209060564561,0.028,0.029,0.0284,0.028,0.0004898979485566361,0.522,0.528,0.52385,0.523,0.0018513508581573634,0.064,0.065,0.0644,0.064,0.0004898979485566361,0.195,0.2,0.19740000000000002,0.197,0.0013564659966250547,0.654,0.661,0.6558499999999999,0.655,0.0025154522456210557,0.098,0.1,0.0991,0.099,0.00043588989435406776,0.66,0.669,0.6632,0.663,0.002357965224510321,0.076,0.078,0.0773,0.077,0.0005567764362830027,32,32,2560,10240,51200,False,1392,1
0.045,0.047,0.04638095238095239,0.046,0.000575383141599742,0.027,0.029,0.028000000000000004,0.028,0.0003162277660168382,0.52,0.532,0.5236500000000002,0.521,0.004396305266925857,0.063,0.065,0.06400000000000002,0.064,0.0003162277660168382,0.197,0.201,0.19775000000000004,0.197,0.0012599603168354165,0.652,0.666,0.65625,0.653,0.005699780697535656,0.097,0.099,0.09790000000000001,0.098,0.000538516480713451,0.658,0.672,0.6631500000000001,0.66,0.004932291556670189,0.075,0.077,0.07635,0.076,0.0005722761571129803,32,32,2560,10240,51200,False,1376,1
0.044,0.046,0.04476190476190477,0.045,0.0008109231602822103,0.027,0.028,0.027250000000000003,0.027,0.00043301270189221973,0.503,0.521,0.5103500000000001,0.504,0.008082542916681612,0.062,0.064,0.06309999999999999,0.063,0.00043588989435406776,0.188,0.199,0.19260000000000002,0.19,0.0044429719783046166,0.63,0.657,0.6401999999999999,0.631,0.010847119433287356,0.096,0.098,0.09695000000000001,0.097,0.0004974937185533104,0.64,0.66,0.64865,0.642,0.008415907556526518,0.075,0.076,0.07535,0.075,0.0004769696007084732,32,32,2560,10240,51200,False,1360,1
0.044,0.046,0.044857142857142866,0.045,0.0007737179432986635,0.026000000000000002,0.028,0.026800000000000008,0.027,0.0005099019513592776,0.423,0.439,0.42960000000000004,0.4275,0.006829348431585555,0.063,0.064,0.0633,0.063,0.0004582575694955844,0.192,0.20400000000000001,0.19735,0.195,0.004114304315434145,0.627,0.652,0.63785,0.6335,0.010503689827865264,0.095,0.096,0.09555,0.096,0.0004974937185533104,0.632,0.658,0.6438499999999999,0.6405000000000001,0.010218977443952022,0.074,0.076,0.07445000000000002,0.074,0.0005894913061275802,32,32,2560,10240,51200,False,1344,1
0.043000000000000003,0.046,0.04514285714285715,0.045,0.0007737179432986626,0.026000000000000002,0.028,0.027050000000000008,0.027,0.0003840572873934303,0.428,0.447,0.44325000000000003,0.445,0.005117372372614685,0.062,0.064,0.06294999999999999,0.063,0.0004974937185533105,0.191,0.201,0.19905000000000003,0.2,0.0027834331319433582,0.632,0.664,0.6575,0.66,0.008558621384311854,0.094,0.095,0.09425000000000001,0.094,0.0004330127018922197,0.64,0.668,0.6634499999999999,0.665,0.005995623403783802,0.073,0.075,0.0737,0.074,0.0005567764362830027,32,32,2560,10240,51200,False,1328,1
0.044,0.046,0.04490476190476191,0.045,0.0004259177099999604,0.026000000000000002,0.027,0.026450000000000008,0.026000000000000002,0.0004974937185533088,0.44,0.448,0.44295,0.444,0.002673480877058972,0.062,0.064,0.06239999999999999,0.062,0.0005830951894845307,0.198,0.202,0.19995000000000002,0.2,0.0011169153951844349,0.653,0.666,0.6576000000000001,0.659,0.0044090815370097245,0.093,0.094,0.0932,0.093,0.00040000000000000034,0.658,0.67,0.6632,0.6635,0.003815756805667786,0.07200000000000001,0.074,0.07285,0.073,0.0004769696007084683,32,32,2560,10240,51200,False,1312,1
0.042,0.045,0.04347619047619048,0.044,0.0008518354199999177,0.025,0.027,0.026100000000000005,0.026000000000000002,0.00043588989435406673,0.427,0.447,0.43629999999999997,0.435,0.007622991538759577,0.061,0.062,0.06130000000000001,0.061,0.0004582575694955844,0.191,0.202,0.19615000000000002,0.1955,0.0032136427928442855,0.633,0.665,0.6485,0.646,0.0119310519234475,0.091,0.093,0.09200000000000001,0.092,0.0005477225575051667,0.64,0.67,0.65525,0.652,0.011003976553955403,0.07100000000000001,0.073,0.07210000000000003,0.07200000000000001,0.0005385164807134462,32,32,2560,10240,51200,False,1296,1
0.042,0.044,0.043142857142857156,0.043000000000000003,0.0005593971487843185,0.025,0.026000000000000002,0.025400000000000006,0.025,0.000489897948556636,0.426,0.442,0.42984999999999995,0.427,0.005850427334819231,0.06,0.061,0.06054999999999999,0.061,0.0004974937185533104,0.191,0.2,0.19370000000000004,0.1925,0.003132091952673168,0.5670000000000001,0.589,0.5732000000000002,0.5680000000000001,0.009019977827023705,0.091,0.092,0.09135,0.091,0.00047696960070847314,0.629,0.652,0.63535,0.63,0.00931812749429842,0.07,0.07200000000000001,0.07104999999999999,0.07100000000000001,0.0003840572873934307,32,32,2560,10240,51200,False,1280,1
0.042,0.043000000000000003,0.04266666666666668,0.043000000000000003,0.0004714045207910321,0.025,0.026000000000000002,0.025350000000000004,0.025,0.00047696960070847314,0.433,0.446,0.4367,0.4365,0.00350856095856977,0.059000000000000004,0.061,0.06000000000000001,0.06,0.0003162277660168371,0.195,0.2,0.19685000000000002,0.197,0.0012757350822173083,0.577,0.596,0.5821000000000001,0.583,0.005127377497317713,0.089,0.091,0.0901,0.09,0.0004358898943540678,0.639,0.657,0.64415,0.644,0.005570233388288148,0.069,0.07100000000000001,0.07005,0.07,0.00038405728739343076,32,32,2560,10240,51200,False,1264,1
0.04,0.043000000000000003,0.04200000000000001,0.042,0.0006172133998483682,0.024,0.025,0.024700000000000007,0.025,0.00045825756949558437,0.427,0.441,0.43385000000000007,0.436,0.00481949167444037,0.058,0.06,0.05919999999999999,0.059000000000000004,0.0005099019513592762,0.19,0.197,0.19400000000000003,0.195,0.002097617696340305,0.5700000000000001,0.588,0.5786499999999999,0.581,0.006428646824954645,0.088,0.089,0.08889999999999999,0.089,0.00030000000000000024,0.634,0.654,0.6434499999999999,0.646,0.006938839960685077,0.069,0.07,0.06925,0.069,0.0004330127018922198,32,32,2560,10240,51200,False,1248,1
0.039,0.041,0.040238095238095246,0.04,0.0006098213559459861,0.024,0.025,0.024700000000000007,0.025,0.0004582575694955844,0.42,0.432,0.4239,0.42,0.0052239831546435946,0.057,0.059000000000000004,0.05845,0.0585,0.0005894913061275804,0.183,0.194,0.187,0.184,0.004527692569068712,0.557,0.5750000000000001,0.5639,0.558,0.008318052656722013,0.08700000000000001,0.088,0.0876,0.088,0.0004898979485566293,0.617,0.638,0.62605,0.619,0.009281567755503387,0.068,0.069,0.0684,0.068,0.0004898979485566361,32,32,2560,10240,51200,False,1232,1
0.039,0.041,0.04028571428571429,0.04,0.0005471012044321936,0.024,0.025,0.024100000000000003,0.024,0.00030000000000000024,0.419,0.424,0.42090000000000005,0.42,0.0018138357147217071,0.056,0.058,0.0573,0.057,0.0005567764362830027,0.186,0.191,0.18795,0.188,0.0013219304066402298,0.558,0.5650000000000001,0.56125,0.56,0.002507488783623969,0.08600000000000001,0.088,0.08650000000000001,0.08600000000000001,0.0005916079783099603,0.619,0.626,0.62185,0.6205,0.002761792895928298,0.067,0.068,0.0673,0.067,0.0004582575694955844,32,32,2560,10240,51200,False,1216,1
0.038,0.041,0.039904761904761915,0.04,0.0006834619092574922,0.023,0.025,0.024100000000000003,0.024,0.00043588989435406776,0.40800000000000003,0.435,0.4282,0.429,0.00482286222071499,0.056,0.058,0.0568,0.057,0.0006000000000000006,0.178,0.192,0.18880000000000002,0.189,0.002619160170741761,0.559,0.58,0.5717,0.5720000000000001,0.0034073450074801536,0.085,0.08600000000000001,0.08515,0.085,0.0003570714214271428,0.634,0.644,0.6355000000000001,0.635,0.002037154878746338,0.066,0.068,0.06689999999999999,0.067,0.00043588989435406776,32,32,2560,10240,51200,False,1200,1
0.039,0.041,0.03961904761904763,0.04,0.000575383141599742,0.023,0.024,0.023550000000000005,0.024,0.0004974937185533105,0.419,0.437,0.42595,0.422,0.006880951969022897,0.055,0.057,0.056100000000000004,0.056,0.00043588989435406776,0.184,0.193,0.18680000000000002,0.185,0.0034583232931581194,0.561,0.582,0.5682500000000001,0.561,0.009684394663581154,0.083,0.085,0.08400000000000002,0.084,0.0003162277660168382,0.623,0.646,0.6328,0.628,0.009152048950918049,0.065,0.067,0.06575,0.066,0.0005361902647381809,32,32,2560,10240,51200,False,1184,1
0.036000000000000004,0.04,0.03885714285714287,0.039,0.000989743318610786,0.022,0.024,0.023700000000000006,0.024,0.0005567764362830027,0.404,0.433,0.42860000000000004,0.4285,0.005986651818838301,0.055,0.057,0.05585000000000001,0.056,0.0004769696007084732,0.17400000000000002,0.192,0.18760000000000004,0.188,0.0034263683398023607,0.539,0.585,0.57195,0.5725,0.008303463132934352,0.082,0.084,0.08280000000000001,0.083,0.000509901951359279,0.614,0.647,0.63385,0.6335,0.005850427334819232,0.064,0.066,0.06484999999999999,0.065,0.00047696960070847325,32,32,2560,10240,51200,False,1168,1
0.037,0.04,0.039095238095238107,0.039,0.0009209085526577967,0.023,0.025,0.023450000000000006,0.023,0.0005894913061275802,0.421,0.451,0.44465000000000005,0.446,0.0076175783553567794,0.051000000000000004,0.053,0.05200000000000001,0.052000000000000005,0.0003162277660168371,0.147,0.158,0.155,0.156,0.00268328157299975,0.553,0.585,0.57935,0.5805,0.00906242241346096,0.081,0.083,0.08155000000000001,0.0815,0.0005894913061275802,0.548,0.5760000000000001,0.5707500000000001,0.5725,0.00762151559730741,0.063,0.065,0.06375,0.064,0.0006224949798994371,32,32,2560,10240,51200,False,1152,1
0.037,0.04,0.03861904761904763,0.039,0.0008438116736509222,0.022,0.024,0.022850000000000002,0.023,0.0004769696007084733,0.421,0.451,0.43985,0.442,0.009603514981505478,0.051000000000000004,0.052000000000000005,0.05135000000000001,0.051000000000000004,0.0004769696007084732,0.148,0.159,0.15345,0.154,0.003470950878361724,0.555,0.587,0.5729,0.5740000000000001,0.011076551810017385,0.08,0.081,0.08020000000000001,0.08,0.0004000000000000003,0.549,0.577,0.5648500000000001,0.5655000000000001,0.009768700015866985,0.063,0.064,0.06319999999999999,0.063,0.00040000000000000034,32,32,2560,10240,51200,False,1136,1
0.037,0.039,0.038333333333333344,0.039,0.000776643163347624,0.022,0.024,0.023050000000000005,0.023,0.0003840572873934307,0.428,0.449,0.4401,0.441,0.006556675987114209,0.05,0.051000000000000004,0.05065000000000001,0.051000000000000004,0.0004769696007084733,0.146,0.154,0.15145,0.152,0.0022907422377910634,0.496,0.521,0.5113000000000001,0.511,0.007931582439841378,0.079,0.081,0.07995000000000001,0.08,0.00038405728739343076,0.554,0.583,0.5726500000000001,0.5720000000000001,0.008787917842128443,0.061,0.063,0.06215,0.062,0.0006538348415311016,32,32,2560,10240,51200,False,1120,1
0.036000000000000004,0.037,0.036857142857142866,0.037,0.0003499271061118804,0.022,0.023,0.022200000000000004,0.022,0.0004000000000000003,0.423,0.425,0.42385,0.424,0.00047696960070847325,0.049,0.05,0.04930000000000001,0.049,0.0004582575694955844,0.146,0.149,0.14745000000000003,0.147,0.0008046738469715547,0.496,0.497,0.4962000000000001,0.496,0.00040000000000000034,0.078,0.079,0.07855000000000001,0.079,0.0004974937185533104,0.552,0.556,0.5534,0.553,0.0011135528725660054,0.061,0.063,0.0612,0.061,0.000509901951359279,32,32,2560,10240,51200,False,1104,1
0.033,0.038,0.0361904761904762,0.036000000000000004,0.0010519391444940233,0.021,0.023,0.02185,0.022,0.00047696960070847205,0.40700000000000003,0.427,0.42074999999999996,0.417,0.006015604707757972,0.048,0.049,0.04870000000000001,0.049,0.0004582575694955844,0.14400000000000002,0.15,0.1469,0.147,0.0017291616465790573,0.487,0.5,0.49295,0.488,0.00638337684928597,0.077,0.079,0.07744999999999999,0.077,0.0005894913061275802,0.543,0.558,0.5507000000000001,0.551,0.006716397844082799,0.059000000000000004,0.061,0.059899999999999995,0.06,0.0004358898943540656,32,32,2560,10240,51200,False,1088,1
0.035,0.038,0.03633333333333334,0.036000000000000004,0.000712696645099796,0.021,0.023,0.021500000000000002,0.021,0.0006708203932499361,0.417,0.436,0.42355,0.424,0.0056078070580218835,0.048,0.05,0.04850000000000001,0.048,0.0005916079783099621,0.14200000000000002,0.151,0.14529999999999998,0.145,0.002551470164434608,0.501,0.522,0.5077999999999999,0.5075000000000001,0.00639218272579876,0.076,0.077,0.07685,0.077,0.00035707142142714284,0.549,0.5710000000000001,0.5553000000000001,0.554,0.006723838189605701,0.058,0.06,0.059,0.059000000000000004,0.0005477225575051647,32,32,2560,10240,51200,False,1072,1
0.034,0.036000000000000004,0.03542857142857144,0.036000000000000004,0.0006598288790738587,0.021,0.023,0.0216,0.0215,0.000663324958071079,0.418,0.435,0.42275,0.423,0.004504164739438383,0.047,0.048,0.047450000000000006,0.047,0.0004974937185533104,0.139,0.145,0.14055,0.14,0.0015321553446044534,0.502,0.521,0.5067,0.507,0.005177837386399852,0.075,0.076,0.0755,0.0755,0.0005000000000000004,0.55,0.5700000000000001,0.5561499999999999,0.5555000000000001,0.005208406666150412,0.057,0.059000000000000004,0.05820000000000001,0.058,0.0006782329983125276,32,32,2560,10240,51200,False,1056,1
0.033,0.036000000000000004,0.03504761904761906,0.035,0.0007853534524986026,0.02,0.022,0.02035,0.02,0.0006538348415311007,0.405,0.435,0.41905000000000003,0.41600000000000004,0.010263893023604625,0.046,0.048,0.046950000000000006,0.047,0.0004974937185533104,0.133,0.145,0.13885,0.138,0.0039531632903283915,0.487,0.523,0.5043000000000001,0.5,0.01288836684766539,0.074,0.075,0.0742,0.074,0.0004000000000000003,0.536,0.5720000000000001,0.5525500000000002,0.548,0.012555775563460835,0.055,0.058,0.05675,0.057,0.0006224949798994372,32,32,2560,10240,51200,False,1040,1
0.033,0.035,0.03423809523809525,0.034,0.0006098213559459862,0.019,0.021,0.020000000000000004,0.02,0.00044721359549995833,0.41500000000000004,0.43,0.41825,0.41600000000000004,0.005365398400864546,0.046,0.047,0.04640000000000001,0.046,0.0004898979485566361,0.111,0.116,0.1126,0.112,0.001356465996625055,0.497,0.515,0.5013000000000001,0.498,0.006731270311018573,0.073,0.074,0.07325,0.073,0.0004330127018922198,0.47200000000000003,0.488,0.4791,0.47800000000000004,0.004346262762420129,0.055,0.056,0.055950000000000014,0.056,0.00021794494717703385,32,32,2560,10240,51200,False,1024,1
0.033,0.035,0.03438095238095239,0.035,0.000722178613719196,0.019,0.02,0.019850000000000003,0.02,0.00035707142142714284,0.41100000000000003,0.427,0.41965,0.426,0.007233774948116625,0.044,0.047,0.04540000000000001,0.045,0.0006633249580710806,0.111,0.115,0.11350000000000002,0.115,0.0018574175621006725,0.495,0.517,0.5050999999999999,0.511,0.008148005891014078,0.07200000000000001,0.074,0.0727,0.073,0.0005567764362829965,0.47000000000000003,0.49,0.4803,0.484,0.005992495306631433,0.054,0.056,0.05515,0.055,0.000726291952316698,32,32,2560,10240,51200,False,1016,1
0.033,0.035,0.03447619047619049,0.035,0.0005870870479018079,0.017,0.018000000000000002,0.017750000000000005,0.018000000000000002,0.00043301270189221973,0.417,0.433,0.4239,0.425,0.005185556864985673,0.045,0.046,0.04560000000000001,0.046,0.0004898979485566361,0.113,0.117,0.1147,0.115,0.0013076696830622032,0.501,0.52,0.50885,0.51,0.005876010551386039,0.07100000000000001,0.07200000000000001,0.07190000000000002,0.07200000000000001,0.00030000000000000024,0.47600000000000003,0.493,0.48410000000000003,0.484,0.005281098370604343,0.054,0.055,0.054349999999999996,0.054,0.0004769696007084733,32,32,2560,10240,51200,False,1008,1
0.031,0.035,0.03376190476190477,0.034,0.0009712418121129121,0.016,0.018000000000000002,0.017150000000000006,0.017,0.00047696960070847325,0.399,0.425,0.4175000000000001,0.417,0.0071028163428318945,0.044,0.046,0.045000000000000005,0.045,0.0005477225575051667,0.108,0.114,0.11255,0.113,0.0017168284713389413,0.481,0.51,0.5021000000000001,0.502,0.0077646635471216715,0.07100000000000001,0.07200000000000001,0.07125000000000001,0.07100000000000001,0.0004330127018922198,0.461,0.484,0.47785,0.47750000000000004,0.0052656908378673215,0.054,0.055,0.0541,0.054,0.00030000000000000024,32,32,2560,10240,51200,False,1000,1
0.031,0.034,0.03295238095238096,0.033,0.0007853534524986029,0.016,0.017,0.016950000000000003,0.017,0.00021794494717703385,0.389,0.42,0.41315,0.41300000000000003,0.008211424967689826,0.044,0.045,0.04435000000000001,0.044,0.0004769696007084732,0.10300000000000001,0.113,0.11095,0.111,0.002654712790491655,0.47400000000000003,0.505,0.49639999999999995,0.496,0.008230431337420895,0.07,0.07100000000000001,0.0706,0.07100000000000001,0.0004898979485566361,0.451,0.47700000000000004,0.47030000000000005,0.46900000000000003,0.00563116329012044,0.053,0.055,0.0536,0.054,0.0005830951894845307,32,32,2560,10240,51200,False,992,1
0.032,0.034,0.0330952380952381,0.033,0.0006098213559459861,0.017,0.018000000000000002,0.017050000000000003,0.017,0.0002179449471770339,0.41100000000000003,0.418,0.41459999999999997,0.4145,0.0032310988842806777,0.044,0.045,0.04415000000000001,0.044,0.0003570714214271428,0.111,0.113,0.11200000000000002,0.112,0.0010000000000000009,0.493,0.503,0.49800000000000005,0.4985,0.004438468204234433,0.07,0.07100000000000001,0.07005000000000002,0.07,0.00021794494717703385,0.46900000000000003,0.47900000000000004,0.4744499999999999,0.47650000000000003,0.004067861846228314,0.052000000000000005,0.054,0.052750000000000005,0.053,0.0006224949798994342,32,32,2560,10240,51200,False,984,1
0.031,0.034,0.03357142857142858,0.034,0.0009547589359887353,0.016,0.017,0.016900000000000005,0.017,0.0003000000000000003,0.396,0.426,0.42045000000000005,0.422,0.007959114272329544,0.043000000000000003,0.044,0.0437,0.044,0.0004582575694955812,0.106,0.115,0.11325,0.114,0.0025273503912200245,0.484,0.51,0.50515,0.506,0.0073025680414495345,0.069,0.07,0.0695,0.0695,0.0005000000000000004,0.466,0.485,0.48224999999999996,0.483,0.003948100809249928,0.051000000000000004,0.053,0.052100000000000014,0.052000000000000005,0.0004358898943540656,32,32,2560,10240,51200,False,976,1
0.031,0.034,0.032619047619047624,0.033,0.000652919485752481,0.016,0.017,0.016700000000000003,0.017,0.0004582575694955844,0.41000000000000003,0.425,0.41825,0.4235,0.006984804936431633,0.043000000000000003,0.044,0.04345,0.043000000000000003,0.0004974937185533069,0.133,0.14,0.13675000000000004,0.139,0.002717995584985379,0.492,0.518,0.503,0.5095000000000001,0.00885437744847147,0.068,0.069,0.0689,0.069,0.00030000000000000024,0.47000000000000003,0.492,0.47989999999999994,0.4835,0.006956292115775452,0.051000000000000004,0.053,0.051900000000000016,0.052000000000000005,0.0004358898943540669,32,32,2560,10240,51200,False,968,1
0.031,0.033,0.032809523809523816,0.033,0.0004994327848429298,0.016,0.017,0.016800000000000002,0.017,0.0004000000000000004,0.341,0.34600000000000003,0.34354999999999997,0.3435,0.0013219304066402295,0.044,0.046,0.04485000000000001,0.045,0.0004769696007084733,0.139,0.14200000000000002,0.1405,0.14,0.000741619848709567,0.425,0.431,0.4282,0.428,0.0018330302779823375,0.068,0.07,0.06920000000000001,0.069,0.0005099019513592789,0.47500000000000003,0.482,0.47870000000000007,0.47800000000000004,0.0018466185312619179,0.05,0.052000000000000005,0.05075,0.051000000000000004,0.0006224949798994372,32,32,2560,10240,51200,False,960,1
0.03,0.033,0.0320952380952381,0.032,0.0009209085526577968,0.015,0.017,0.016200000000000003,0.016,0.000509901951359279,0.324,0.35000000000000003,0.3408999999999999,0.341,0.007783957862167555,0.044,0.046,0.04465000000000001,0.045,0.0005722761571129803,0.126,0.14300000000000002,0.13814999999999994,0.139,0.005284647575761325,0.40700000000000003,0.437,0.42699999999999994,0.426,0.008360621986431388,0.068,0.069,0.0683,0.068,0.0004582575694955844,0.456,0.488,0.47645,0.47500000000000003,0.008610894262502576,0.049,0.051000000000000004,0.05000000000000001,0.05,0.0005477225575051667,32,32,2560,10240,51200,False,952,1
0.031,0.033,0.03252380952380953,0.033,0.0005870870479018079,0.016,0.017,0.016350000000000003,0.016,0.00047696960070847325,0.343,0.35000000000000003,0.34564999999999996,0.343,0.0031666228067138047,0.044,0.045,0.044250000000000005,0.044,0.0004330127018922198,0.14,0.14400000000000002,0.14129999999999998,0.1405,0.001452583904633396,0.428,0.437,0.43170000000000003,0.428,0.004100000000000004,0.068,0.069,0.06805000000000001,0.068,0.00021794494717703385,0.481,0.492,0.48605,0.483,0.004421255477802661,0.048,0.05,0.04945000000000001,0.05,0.0006689544080129831,32,32,2560,10240,51200,False,944,1
0.029,0.032,0.03128571428571429,0.031,0.0006998542122237653,0.015,0.016,0.015550000000000003,0.016,0.0004974937185533105,0.332,0.341,0.33595,0.338,0.0029912372022292072,0.043000000000000003,0.044,0.0432,0.043000000000000003,0.0003999999999999976,0.13,0.14100000000000001,0.13340000000000002,0.134,0.002782085548648714,0.41500000000000004,0.433,0.42024999999999996,0.422,0.00428806483159943,0.067,0.068,0.06715,0.067,0.0003570714214271428,0.462,0.482,0.4688,0.47000000000000003,0.004456455991031434,0.048,0.05,0.04880000000000001,0.049,0.000509901951359279,32,32,2560,10240,51200,False,936,1
0.03,0.032,0.030809523809523814,0.031,0.0006632565846278158,0.015,0.016,0.015700000000000002,0.016,0.0004582575694955845,0.321,0.335,0.32994999999999997,0.334,0.00549977272257682,0.042,0.044,0.04315000000000001,0.043000000000000003,0.00047696960070847075,0.129,0.139,0.13330000000000003,0.135,0.0028827070610799176,0.405,0.436,0.41395,0.417,0.007466424847274615,0.066,0.067,0.0665,0.0665,0.0005000000000000004,0.453,0.487,0.46235,0.465,0.007531766061157235,0.048,0.05,0.04815000000000001,0.048,0.00047696960070847325,32,32,2560,10240,51200,False,928,1
0.028,0.032,0.03090476190476191,0.031,0.0010190921218587,0.015,0.016,0.015300000000000003,0.015,0.0004582575694955844,0.321,0.354,0.34070000000000006,0.342,0.009392017887546844,0.042,0.043000000000000003,0.04275000000000001,0.043000000000000003,0.0004330127018922197,0.126,0.14400000000000002,0.13725000000000004,0.138,0.005028667815634678,0.403,0.44,0.42545,0.426,0.010452152888280952,0.065,0.067,0.06615000000000001,0.066,0.0004769696007084733,0.454,0.493,0.4778500000000001,0.47750000000000004,0.01160721758217704,0.046,0.05,0.04765000000000001,0.048,0.0007921489758877437,32,32,2560,10240,51200,False,920,1
0.03,0.032,0.031095238095238103,0.031,0.0008109231602822102,0.015,0.016,0.015500000000000003,0.0155,0.0005000000000000004,0.329,0.34400000000000003,0.33815,0.3415,0.005359804100897722,0.042,0.043000000000000003,0.04225000000000001,0.042,0.0004330127018922198,0.131,0.14,0.13660000000000003,0.138,0.003246536616149588,0.41400000000000003,0.433,0.4225,0.425,0.005286775955154506,0.065,0.066,0.06545000000000001,0.065,0.0004974937185533104,0.467,0.489,0.4753,0.47700000000000004,0.0052735187493740815,0.046,0.048,0.04705000000000001,0.047,0.0005894913061275804,32,32,2560,10240,51200,False,912,1
0.028,0.032,0.030666666666666672,0.031,0.0009428090415820634,0.014,0.015,0.014950000000000001,0.015,0.00021794494717703347,0.321,0.34600000000000003,0.3396,0.34,0.0065299310869258095,0.041,0.043000000000000003,0.04210000000000001,0.042,0.00043588989435406776,0.125,0.14100000000000001,0.13785000000000003,0.139,0.004362052269287936,0.402,0.431,0.4232499999999999,0.423,0.007725768570181212,0.064,0.065,0.0648,0.065,0.0004000000000000003,0.454,0.484,0.4759000000000001,0.47550000000000003,0.007320519107276468,0.046,0.047,0.04640000000000001,0.046,0.0004898979485566361,32,32,2560,10240,51200,False,904,1
0.028,0.031,0.030095238095238102,0.03,0.0008676603408708853,0.014,0.016,0.014900000000000002,0.015,0.0004358898943540672,0.334,0.361,0.3489,0.35050000000000003,0.007911384202527388,0.039,0.041,0.039900000000000005,0.04,0.0004358898943540677,0.127,0.14300000000000002,0.1363,0.137,0.005040833264451429,0.404,0.431,0.418,0.418,0.008160882305241257,0.064,0.065,0.0643,0.064,0.00045825756949558437,0.391,0.41300000000000003,0.4023,0.402,0.00649692234831232,0.045,0.046,0.04585000000000001,0.046,0.00035707142142714284,32,32,2560,10240,51200,False,896,1
0.028,0.03,0.02952380952380953,0.03,0.0006632565846278143,0.014,0.015,0.014600000000000002,0.015,0.0004898979485566354,0.331,0.35000000000000003,0.34340000000000004,0.34900000000000003,0.007876547467006095,0.039,0.04,0.039400000000000004,0.039,0.000489897948556636,0.127,0.138,0.13369999999999999,0.1365,0.004313930922024602,0.402,0.432,0.41364999999999996,0.418,0.00819313737221583,0.063,0.064,0.06385,0.064,0.00035707142142714284,0.389,0.417,0.39885000000000004,0.4005,0.006799080820228567,0.044,0.046,0.04485000000000001,0.045,0.0006538348415311016,32,32,2560,10240,51200,False,888,1
0.027,0.031,0.02990476190476191,0.03,0.0011914281907806478,0.014,0.015,0.014700000000000001,0.015,0.00045825756949558367,0.329,0.365,0.3496,0.354,0.011672189169131887,0.038,0.04,0.03905000000000001,0.039,0.0005894913061275804,0.124,0.14200000000000002,0.13535,0.137,0.0054062463872820345,0.398,0.435,0.42024999999999996,0.423,0.010963005974640339,0.063,0.064,0.06304999999999998,0.063,0.00021794494717703388,0.386,0.42,0.40580000000000005,0.40700000000000003,0.009947864092356705,0.043000000000000003,0.045,0.04440000000000001,0.044,0.0005830951894845298,32,32,2560,10240,51200,False,880,1
0.029,0.03,0.029476190476190482,0.029,0.0004994327848429281,0.014,0.015,0.014050000000000002,0.014,0.0002179449471770335,0.34500000000000003,0.352,0.34800000000000003,0.34600000000000003,0.0029154759474226337,0.038,0.039,0.03885000000000001,0.039,0.00035707142142714284,0.132,0.137,0.13415000000000002,0.133,0.001681517172080025,0.41500000000000004,0.422,0.41805000000000003,0.417,0.0025194245374688053,0.062,0.063,0.06244999999999999,0.062,0.0004974937185533104,0.399,0.405,0.4019500000000001,0.4015,0.002246664193866099,0.043000000000000003,0.045,0.04360000000000001,0.0435,0.0006633249580710773,32,32,2560,10240,51200,False,872,1
0.028,0.03,0.02933333333333334,0.029,0.0005634361698190099,0.014,0.014,0.014000000000000002,0.014,1.734723475976807e-18,0.34700000000000003,0.353,0.3494499999999999,0.34800000000000003,0.002635811070619416,0.038,0.039,0.038500000000000006,0.0385,0.0005000000000000004,0.137,0.139,0.13795000000000002,0.138,0.0008645808232895299,0.41500000000000004,0.423,0.4183,0.41600000000000004,0.0033630343441600234,0.061,0.062,0.06190000000000001,0.062,0.00030000000000000024,0.395,0.403,0.39865,0.397,0.0027253440149823316,0.043000000000000003,0.045,0.043500000000000004,0.043000000000000003,0.0005916079783099588,32,32,2560,10240,51200,False,864,1
0.027,0.029,0.028190476190476193,0.028,0.0006632565846278158,0.013000000000000001,0.014,0.013900000000000004,0.014,0.00029999999999999976,0.332,0.34500000000000003,0.33945,0.343,0.005417333292312747,0.037,0.04,0.03805000000000001,0.038,0.0004974937185533105,0.128,0.135,0.1316,0.1335,0.002870540018881467,0.399,0.41200000000000003,0.40725,0.41050000000000003,0.00483606244790119,0.061,0.062,0.06109999999999999,0.061,0.00030000000000000024,0.387,0.399,0.39344999999999997,0.395,0.0038661996844446644,0.041,0.043000000000000003,0.04215000000000001,0.042,0.0007262919523166982,32,32,2560,10240,51200,False,856,1
0.028,0.03,0.028809523809523813,0.029,0.0004994327848429294,0.013000000000000001,0.014,0.013700000000000004,0.014,0.00045825756949558356,0.341,0.353,0.3481000000000001,0.352,0.004667976006793499,0.038,0.039,0.03805000000000001,0.038,0.00021794494717703385,0.133,0.138,0.1356,0.137,0.0019078784028338928,0.41100000000000003,0.421,0.41669999999999996,0.42,0.003861346915261541,0.06,0.061,0.06059999999999999,0.061,0.0004898979485566361,0.4,0.40800000000000003,0.40425000000000005,0.4045,0.0023425413550244977,0.04,0.043000000000000003,0.041400000000000006,0.041,0.0006633249580710806,32,32,2560,10240,51200,False,848,1
0.026000000000000002,0.03,0.028761904761904766,0.029,0.0009209085526577955,0.012,0.014,0.013350000000000004,0.013000000000000001,0.0005722761571129796,0.317,0.34600000000000003,0.33185000000000003,0.333,0.00798921147548368,0.039,0.04,0.03925000000000001,0.039,0.0004330127018922197,0.125,0.14100000000000001,0.13410000000000002,0.135,0.004887739763939979,0.396,0.431,0.41335,0.41400000000000003,0.009472460081731665,0.059000000000000004,0.06,0.05990000000000001,0.06,0.0002999999999999982,0.386,0.41400000000000003,0.39960000000000007,0.4,0.007876547467006093,0.04,0.042,0.041150000000000006,0.041,0.00047696960070847325,32,32,2560,10240,51200,False,840,1
0.026000000000000002,0.029,0.027904761904761915,0.028,0.0007499055118106485,0.012,0.014,0.013050000000000003,0.013000000000000001,0.0003840572873934303,0.32,0.335,0.33285000000000003,0.334,0.0030540956108150927,0.038,0.04,0.03910000000000001,0.039,0.00043588989435406776,0.127,0.136,0.13455,0.135,0.0017741194999210186,0.399,0.41600000000000004,0.41425,0.41500000000000004,0.0035195880440756157,0.059000000000000004,0.06,0.059399999999999994,0.059000000000000004,0.0004898979485566326,0.387,0.399,0.39775,0.398,0.0025273503912200245,0.04,0.042,0.04075000000000001,0.041,0.0006982120021884477,32,32,2560,10240,51200,False,832,1
0.025,0.028,0.027380952380952388,0.028,0.0007853534524986021,0.012,0.013000000000000001,0.012700000000000003,0.013000000000000001,0.0004582575694955844,0.317,0.329,0.32475,0.329,0.005280861672113752,0.038,0.039,0.038650000000000004,0.039,0.0004769696007084733,0.126,0.133,0.13005000000000003,0.132,0.002889204042638736,0.397,0.40900000000000003,0.4050000000000001,0.40800000000000003,0.004505552130427528,0.058,0.059000000000000004,0.05884999999999999,0.059000000000000004,0.0003570714214271428,0.383,0.397,0.39050000000000007,0.3925,0.004821825380496482,0.039,0.041,0.039900000000000005,0.04,0.0006244997998398404,32,32,2560,10240,51200,False,824,1
0.025,0.028,0.02733333333333334,0.027,0.0007766431633476232,0.012,0.014,0.012850000000000004,0.013000000000000001,0.0004769696007084731,0.314,0.34400000000000003,0.32705,0.329,0.008071400126372136,0.038,0.039,0.03830000000000001,0.038,0.0004582575694955844,0.124,0.14,0.1316,0.133,0.004662617290749911,0.394,0.429,0.4088,0.41000000000000003,0.00852408352845043,0.058,0.059000000000000004,0.05820000000000001,0.058,0.0004000000000000003,0.382,0.41100000000000003,0.3935,0.393,0.007826237921249271,0.037,0.04,0.038650000000000004,0.039,0.0007262919523166983,32,32,2560,10240,51200,False,816,1
0.026000000000000002,0.029,0.027523809523809534,0.028,0.0006632565846278154,0.012,0.013000000000000001,0.012950000000000003,0.013000000000000001,0.00021794494717703385,0.328,0.338,0.33190000000000003,0.329,0.004403407771260803,0.037,0.039,0.038200000000000005,0.038,0.0005099019513592789,0.131,0.137,0.13325000000000004,0.132,0.002277608394786077,0.40900000000000003,0.421,0.4138,0.41000000000000003,0.0052019227214559595,0.057,0.059000000000000004,0.05785000000000001,0.058,0.0005722761571129803,0.394,0.403,0.39775,0.396,0.0032538438807047923,0.037,0.04,0.038450000000000005,0.038,0.0006689544080129831,32,32,2560,10240,51200,False,808,1
0.026000000000000002,0.028,0.027142857142857153,0.027,0.0004665694748158435,0.011,0.013000000000000001,0.012150000000000003,0.012,0.0005722761571129804,0.332,0.332,0.33199999999999996,0.332,5.551115123125783e-17,0.037,0.038,0.037750000000000006,0.038,0.0004330127018922197,0.133,0.134,0.13369999999999999,0.134,0.0004582575694955844,0.41300000000000003,0.41400000000000003,0.4135000000000001,0.41350000000000003,0.0005000000000000004,0.057,0.058,0.05715,0.057,0.00035707142142714284,0.392,0.395,0.3937,0.394,0.0006403124237432854,0.037,0.039,0.037700000000000004,0.0375,0.0007810249675906662,32,32,2560,10240,51200,False,800,1
0.024,0.027,0.026476190476190483,0.027,0.0007939681905015739,0.012,0.013000000000000001,0.012250000000000002,0.012,0.0004330127018922198,0.315,0.331,0.32425000000000004,0.329,0.006402148077012908,0.037,0.038,0.03730000000000001,0.037,0.0004582575694955844,0.125,0.132,0.1286,0.131,0.0031843366656181342,0.396,0.41100000000000003,0.4046499999999999,0.41000000000000003,0.006843062180047765,0.056,0.057,0.05615,0.056,0.0003570714214271428,0.383,0.393,0.3886,0.391,0.004103656905736642,0.036000000000000004,0.038,0.03690000000000001,0.037,0.000699999999999998,32,32,2560,10240,51200,False,792,1
0.025,0.028,0.026809523809523818,0.027,0.000793968190501574,0.012,0.013000000000000001,0.012150000000000003,0.012,0.0003570714214271428,0.317,0.342,0.3305,0.333,0.008040522371090084,0.036000000000000004,0.038,0.03680000000000001,0.037,0.0005099019513592762,0.123,0.136,0.13085000000000002,0.132,0.004350574674683798,0.397,0.425,0.4126,0.41400000000000003,0.00889044430835714,0.055,0.056,0.0558,0.056,0.00040000000000000034,0.387,0.405,0.39725000000000005,0.398,0.005691001669302168,0.034,0.037,0.03625000000000001,0.036000000000000004,0.000698212002188445,32,32,2560,10240,51200,False,784,1
0.025,0.027,0.02671428571428572,0.027,0.0005471012044321923,0.012,0.013000000000000001,0.012200000000000003,0.012,0.00040000000000000034,0.326,0.338,0.33185000000000003,0.3275,0.005479735395071558,0.036000000000000004,0.038,0.03695000000000001,0.037,0.00038405728739342903,0.129,0.135,0.13140000000000002,0.13,0.0024979991993593614,0.40700000000000003,0.421,0.4135,0.40850000000000003,0.006507687761409556,0.055,0.056,0.055200000000000006,0.055,0.0004000000000000003,0.39,0.402,0.39575000000000005,0.3955,0.005476084367502025,0.034,0.037,0.03580000000000001,0.036000000000000004,0.0007483314773547872,32,32,2560,10240,51200,False,776,1
0.023,0.027,0.02657142857142858,0.027,0.0010497813183356476,0.011,0.013000000000000001,0.012000000000000002,0.012,0.00044721359549995833,0.246,0.26,0.25805000000000006,0.259,0.0028543825952384192,0.037,0.039,0.03810000000000001,0.038,0.00043588989435406776,0.083,0.08700000000000001,0.08590000000000002,0.08600000000000001,0.0007000000000000008,0.329,0.34400000000000003,0.3415,0.342,0.0030248966924508376,0.055,0.057,0.0553,0.055,0.0005567764362830027,0.392,0.395,0.394,0.394,0.0008366600265340764,0.035,0.037,0.03530000000000001,0.035,0.0005567764362830016,32,32,2560,10240,51200,False,768,1
0.024,0.026000000000000002,0.02557142857142858,0.026000000000000002,0.0006598288790738587,0.01,0.012,0.01105,0.011,0.0004974937185533101,0.244,0.251,0.24935000000000004,0.251,0.0028683619018526956,0.037,0.038,0.037450000000000004,0.037,0.0004974937185533104,0.081,0.084,0.08275,0.083,0.0006224949798994371,0.327,0.333,0.33125,0.332,0.0018131464364468763,0.054,0.055,0.054700000000000006,0.055,0.0004582575694955844,0.376,0.386,0.38285,0.384,0.0031188940347501412,0.033,0.035,0.03420000000000001,0.034,0.0006782329983125274,32,32,2560,10240,51200,False,760,1
0.023,0.027,0.025809523809523817,0.026000000000000002,0.0007939681905015751,0.01,0.012,0.010900000000000002,0.011,0.00043588989435406716,0.251,0.259,0.25835,0.259,0.0017399712641305329,0.037,0.038,0.037500000000000006,0.0375,0.0005000000000000006,0.08600000000000001,0.08600000000000001,0.08600000000000002,0.08600000000000001,1.3877787807814457e-17,0.342,0.343,0.3424,0.342,0.0004898979485566361,0.054,0.055,0.05405,0.054,0.00021794494717703388,0.396,0.399,0.39765,0.398,0.0007921489758877436,0.033,0.036000000000000004,0.03430000000000001,0.034,0.0007810249675906662,32,32,2560,10240,51200,False,752,1
0.023,0.026000000000000002,0.02476190476190477,0.025,0.0008676603408708863,0.01,0.012,0.01105,0.011,0.0005894913061275799,0.246,0.255,0.2505,0.248,0.0036262928728937526,0.035,0.038,0.03615000000000001,0.036000000000000004,0.0006538348415310994,0.082,0.085,0.08349999999999999,0.083,0.001284523257866514,0.327,0.339,0.33240000000000003,0.329,0.005013980454688674,0.053,0.054,0.053149999999999996,0.053,0.00035707142142714284,0.375,0.39,0.38155,0.377,0.006430202174115529,0.032,0.034,0.033400000000000006,0.0335,0.0006633249580710806,32,32,2560,10240,51200,False,744,1
0.023,0.025,0.024190476190476196,0.024,0.0004994327848429298,0.01,0.011,0.0102,0.01,0.0003999999999999996,0.23700000000000002,0.24,0.23880000000000004,0.23900000000000002,0.0008124038404635885,0.035,0.037,0.03595000000000001,0.036000000000000004,0.000668954408012981,0.079,0.081,0.0797,0.08,0.0005567764362830027,0.319,0.323,0.32060000000000005,0.3205,0.0009695359714832667,0.052000000000000005,0.053,0.05285000000000001,0.053,0.00035707142142714035,0.368,0.371,0.36955,0.369,0.0008046738469715548,0.032,0.034,0.03250000000000001,0.032,0.0006708203932499376,32,32,2560,10240,51200,False,736,1
0.023,0.025,0.0240952380952381,0.024,0.0006098213559459861,0.009000000000000001,0.01,0.009950000000000004,0.01,0.00021794494717703353,0.241,0.249,0.2452,0.2465,0.003187475490101848,0.035,0.036000000000000004,0.03555000000000001,0.036000000000000004,0.0004974937185533104,0.081,0.083,0.08209999999999999,0.083,0.0009949874371066208,0.32,0.329,0.3254499999999999,0.328,0.0037878093933037377,0.052000000000000005,0.053,0.05215000000000001,0.052000000000000005,0.0003570714214271404,0.374,0.384,0.3786999999999999,0.381,0.003925557285278108,0.03,0.033,0.03180000000000001,0.032,0.0007483314773547889,32,32,2560,10240,51200,False,728,1
0.022,0.025,0.024190476190476196,0.024,0.0007939681905015754,0.009000000000000001,0.011,0.010100000000000001,0.01,0.0005385164807134499,0.242,0.255,0.24769999999999995,0.244,0.005441507144165122,0.034,0.036000000000000004,0.03500000000000001,0.035,0.0003162277660168382,0.081,0.085,0.0831,0.082,0.0016703293088490081,0.325,0.336,0.33120000000000005,0.329,0.0038157568056677864,0.051000000000000004,0.052000000000000005,0.05150000000000001,0.051500000000000004,0.0005000000000000004,0.382,0.394,0.38805,0.387,0.0037878093933037377,0.03,0.034,0.031650000000000005,0.032,0.0008529361054615998,32,32,2560,10240,51200,False,720,1
0.022,0.025,0.024238095238095243,0.024,0.0008676603408708864,0.01,0.012,0.010400000000000001,0.01,0.0005830951894845297,0.24,0.252,0.2487,0.251,0.004817675788178367,0.034,0.036000000000000004,0.03515000000000001,0.035,0.00047696960070847325,0.08,0.084,0.08320000000000002,0.084,0.001400000000000001,0.32,0.333,0.32985000000000003,0.333,0.005350467269313966,0.051000000000000004,0.051000000000000004,0.05100000000000001,0.051000000000000004,6.938893903907228e-18,0.373,0.389,0.38499999999999995,0.388,0.005558776843874923,0.029,0.032,0.030650000000000004,0.031,0.0007262919523166977,32,32,2560,10240,51200,False,712,1
0.021,0.026000000000000002,0.02414285714285715,0.024,0.001036740050337012,0.009000000000000001,0.01,0.009900000000000003,0.01,0.00029999999999999976,0.242,0.254,0.25109999999999993,0.254,0.005028916384272067,0.034,0.036000000000000004,0.03445000000000001,0.034,0.0005894913061275802,0.081,0.085,0.08414999999999999,0.085,0.0014924811556599315,0.323,0.337,0.33405,0.336,0.004944441323344837,0.05,0.051000000000000004,0.05025,0.05,0.0004330127018922198,0.375,0.39,0.3864,0.389,0.005132250968142541,0.029,0.032,0.030200000000000005,0.03,0.0006782329983125268,32,32,2560,10240,51200,False,704,1
0.022,0.024,0.023047619047619053,0.023,0.0007221786137191959,0.009000000000000001,0.01,0.009650000000000002,0.01,0.0004769696007084724,0.24,0.249,0.24484999999999993,0.245,0.004162631379308049,0.033,0.034,0.03380000000000001,0.034,0.00040000000000000034,0.08,0.083,0.08149999999999999,0.0815,0.0014317821063276365,0.32,0.329,0.32555000000000006,0.3265,0.0031697791721190956,0.049,0.051000000000000004,0.04980000000000001,0.05,0.000509901951359279,0.374,0.384,0.37825000000000003,0.379,0.0034186985827943392,0.028,0.031,0.029150000000000002,0.029,0.000909670269933012,32,32,2560,10240,51200,False,696,1
0.021,0.024,0.023190476190476195,0.023,0.000793968190501575,0.009000000000000001,0.01,0.009650000000000002,0.01,0.0004769696007084724,0.23700000000000002,0.253,0.24625,0.2525,0.007381564874740308,0.033,0.034,0.033650000000000006,0.034,0.0004769696007084733,0.079,0.085,0.08295,0.085,0.0025194245374688265,0.319,0.336,0.329,0.335,0.007469939758793245,0.049,0.05,0.04910000000000001,0.049,0.0003000000000000003,0.371,0.39,0.38239999999999996,0.388,0.007908223567907024,0.027,0.029,0.028450000000000003,0.0285,0.0005894913061275802,32,32,2560,10240,51200,False,688,1
0.021,0.024,0.023000000000000003,0.023,0.0006900655593423545,0.009000000000000001,0.01,0.009400000000000002,0.009000000000000001,0.0004898979485566351,0.245,0.253,0.2473,0.247,0.0021931712199461328,0.032,0.034,0.03305000000000001,0.033,0.00038405728739343076,0.082,0.084,0.08235,0.082,0.0007262919523166982,0.325,0.335,0.3278,0.326,0.0034146742157927777,0.048,0.049,0.04865000000000001,0.049,0.0004769696007084732,0.376,0.387,0.3788000000000001,0.377,0.0038935844667863607,0.028,0.029,0.028200000000000003,0.028,0.00040000000000000034,32,32,2560,10240,51200,False,680,1
0.022,0.024,0.02285714285714286,0.023,0.000559397148784321,0.009000000000000001,0.01,0.009800000000000003,0.01,0.00039999999999999964,0.242,0.251,0.24410000000000004,0.243,0.003254228019054599,0.032,0.033,0.03270000000000001,0.033,0.00045825756949558437,0.08,0.084,0.08175000000000002,0.081,0.001336974195712095,0.32,0.332,0.32415,0.3225,0.004639773701378122,0.047,0.049,0.04800000000000001,0.048,0.0003162277660168382,0.37,0.384,0.37575,0.374,0.004437059837324716,0.026000000000000002,0.028,0.027400000000000008,0.027,0.0005830951894845301,32,32,2560,10240,51200,False,672,1
0.02,0.023,0.022333333333333337,0.022,0.0007766431633476232,0.009000000000000001,0.01,0.009250000000000003,0.009000000000000001,0.00043301270189221897,0.23700000000000002,0.245,0.2419,0.245,0.003477067730142732,0.032,0.033,0.032350000000000004,0.032,0.00047696960070847314,0.08,0.082,0.08115000000000001,0.082,0.0009630680142129119,0.315,0.324,0.32059999999999994,0.324,0.003800000000000003,0.047,0.048,0.04730000000000001,0.047,0.0004582575694955844,0.369,0.379,0.37489999999999996,0.377,0.003477067730142745,0.026000000000000002,0.028,0.026400000000000007,0.026000000000000002,0.000583095189484529,32,32,2560,10240,51200,False,664,1
0.021,0.024,0.022428571428571433,0.023,0.0008491692619108095,0.009000000000000001,0.01,0.009450000000000004,0.009000000000000001,0.0004974937185533095,0.23800000000000002,0.256,0.24970000000000003,0.254,0.007014983962918231,0.031,0.033,0.03205000000000001,0.032,0.00038405728739343076,0.08,0.08600000000000001,0.08375,0.085,0.0021650635094610984,0.321,0.338,0.33215000000000006,0.336,0.006271164166245376,0.046,0.047,0.04690000000000001,0.047,0.00030000000000000024,0.377,0.392,0.38689999999999997,0.39,0.005252618394667563,0.026000000000000002,0.028,0.026400000000000007,0.026000000000000002,0.0006633249580710791,32,32,2560,10240,51200,False,656,1
0.02,0.023,0.021761904761904767,0.022,0.0007499055118106479,0.009000000000000001,0.01,0.009100000000000002,0.009000000000000001,0.00029999999999999976,0.23700000000000002,0.245,0.24025,0.23850000000000002,0.0031603006186120856,0.031,0.033,0.031650000000000005,0.032,0.0005722761571129804,0.08,0.082,0.08085,0.08,0.0009630680142129121,0.315,0.323,0.3194500000000001,0.3195,0.003308700651313144,0.045,0.047,0.04605000000000001,0.046,0.00038405728739343076,0.37,0.378,0.37395000000000006,0.3745,0.0026734808770589725,0.025,0.027,0.025500000000000005,0.025,0.0005916079783099616,32,32,2560,10240,51200,False,648,1
0.02,0.023,0.02190476190476191,0.022,0.0007499055118106482,0.009000000000000001,0.01,0.009050000000000002,0.009000000000000001,0.00021794494717703353,0.20400000000000001,0.211,0.20695000000000002,0.20500000000000002,0.002801338965566277,0.031,0.032,0.031150000000000004,0.031,0.00035707142142714284,0.081,0.083,0.08209999999999999,0.082,0.0007681145747868614,0.319,0.327,0.32185,0.32,0.0031348843678834504,0.045,0.046,0.045450000000000004,0.045,0.0004974937185533104,0.309,0.318,0.3129,0.3115,0.0033896902513356614,0.024,0.026000000000000002,0.024850000000000004,0.025,0.0004769696007084733,32,32,2560,10240,51200,False,640,1
0.019,0.022,0.02161904761904762,0.022,0.0007221786137191946,0.009000000000000001,0.01,0.009100000000000002,0.009000000000000001,0.00029999999999999976,0.20400000000000001,0.209,0.20800000000000002,0.20800000000000002,0.0014491376746189363,0.03,0.031,0.030850000000000006,0.031,0.0003570714214271428,0.082,0.084,0.08305,0.083,0.0004974937185533105,0.318,0.325,0.3229000000000001,0.323,0.0014798648586948756,0.044,0.045,0.044950000000000004,0.045,0.00021794494717703385,0.31,0.315,0.31250000000000006,0.312,0.0011618950038622263,0.024,0.025,0.024600000000000004,0.025,0.0004898979485566361,32,32,2560,10240,51200,False,632,1
0.019,0.023,0.02104761904761905,0.021,0.0007853534524986016,0.009000000000000001,0.01,0.009100000000000002,0.009000000000000001,0.00029999999999999976,0.2,0.213,0.20385000000000003,0.201,0.00510171539778533,0.03,0.031,0.030450000000000005,0.03,0.0004974937185533104,0.08,0.085,0.08199999999999999,0.081,0.0017606816861659024,0.315,0.331,0.3210500000000001,0.318,0.005995623403783802,0.044,0.045,0.044050000000000006,0.044,0.00021794494717703385,0.305,0.32,0.31105,0.3085,0.005267589581582837,0.023,0.025,0.023900000000000005,0.024,0.0006244997998398403,32,32,2560,10240,51200,False,624,1
0.019,0.022,0.020523809523809527,0.021,0.0006632565846278154,0.009000000000000001,0.01,0.009050000000000002,0.009000000000000001,0.00021794494717703353,0.20500000000000002,0.21,0.20730000000000004,0.20600000000000002,0.002123676058159519,0.03,0.031,0.030100000000000005,0.03,0.00030000000000000024,0.082,0.085,0.08380000000000001,0.083,0.001029563014098701,0.316,0.325,0.3207,0.318,0.003634556369077253,0.043000000000000003,0.044,0.04360000000000001,0.044,0.0004898979485566326,0.307,0.315,0.31100000000000005,0.3095,0.0028106938645110413,0.022,0.024,0.023150000000000004,0.023,0.0005722761571129803,32,32,2560,10240,51200,False,616,1
0.018000000000000002,0.022,0.020809523809523816,0.021,0.0008518354199999193,0.009000000000000001,0.01,0.009100000000000002,0.009000000000000001,0.00029999999999999976,0.198,0.21,0.20405,0.20400000000000001,0.00497468591973402,0.029,0.031,0.030000000000000006,0.03,0.00031622776601683767,0.08,0.084,0.08200000000000002,0.082,0.001923538406167136,0.311,0.325,0.31910000000000005,0.3225,0.005932115979985561,0.042,0.043000000000000003,0.04290000000000001,0.043000000000000003,0.0003000000000000003,0.302,0.312,0.3073499999999999,0.31,0.0037050641020095762,0.021,0.023,0.022500000000000003,0.023,0.0005916079783099616,32,32,2560,10240,51200,False,608,1
0.018000000000000002,0.021,0.020476190476190485,0.021,0.0007939681905015748,0.009000000000000001,0.01,0.009200000000000003,0.009000000000000001,0.0003999999999999997,0.2,0.20700000000000002,0.20515,0.20700000000000002,0.0026509432283623145,0.029,0.03,0.029350000000000005,0.029,0.00047696960070847157,0.081,0.083,0.08249999999999999,0.083,0.0008062257748298557,0.312,0.322,0.31920000000000004,0.322,0.004118252056394804,0.042,0.043000000000000003,0.04225000000000001,0.042,0.00043301270189221973,0.305,0.313,0.31015,0.311,0.0023510635891017513,0.021,0.023,0.021750000000000002,0.022,0.0006224949798994357,32,32,2560,10240,51200,False,600,1
0.018000000000000002,0.021,0.020285714285714292,0.02,0.0007648751621051913,0.009000000000000001,0.01,0.009150000000000002,0.009000000000000001,0.0003570714214271422,0.23500000000000001,0.252,0.24395000000000003,0.249,0.007235157220130043,0.029,0.03,0.029100000000000004,0.029,0.0002999999999999992,0.081,0.08600000000000001,0.08370000000000001,0.085,0.0019000000000000017,0.318,0.332,0.32580000000000003,0.331,0.006185466837676851,0.041,0.043000000000000003,0.04185000000000001,0.042,0.0004769696007084732,0.31,0.323,0.31704999999999994,0.3185,0.004852576635149623,0.021,0.022,0.021800000000000003,0.022,0.000399999999999999,32,32,2560,10240,51200,False,592,1
0.018000000000000002,0.021,0.01990476190476191,0.02,0.0006834619092574918,0.009000000000000001,0.01,0.009050000000000002,0.009000000000000001,0.0002179449471770335,0.232,0.25,0.23679999999999998,0.234,0.006384355879804941,0.028,0.029,0.028450000000000003,0.028,0.0004974937185533105,0.08,0.085,0.0817,0.081,0.0016763054614240224,0.31,0.331,0.31540000000000007,0.312,0.007592101158440929,0.041,0.041,0.04100000000000001,0.041,6.938893903907228e-18,0.304,0.321,0.3093,0.306,0.005908468498688984,0.02,0.022,0.020950000000000003,0.021,0.00038405728739343033,32,32,2560,10240,51200,False,584,1
0.018000000000000002,0.021,0.019619047619047626,0.02,0.0006529194857524805,0.009000000000000001,0.009000000000000001,0.009000000000000003,0.009000000000000001,1.734723475976807e-18,0.241,0.251,0.24290000000000003,0.243,0.0019974984355438197,0.025,0.026000000000000002,0.025950000000000008,0.026000000000000002,0.00021794494717703385,0.097,0.101,0.0983,0.098,0.0010535653752852749,0.246,0.255,0.24705,0.247,0.0019098429254784297,0.04,0.041,0.04095000000000001,0.041,0.00021794494717703385,0.307,0.317,0.30890000000000006,0.308,0.002586503431275515,0.019,0.021,0.020100000000000003,0.02,0.00043588989435406776,32,32,2560,10240,51200,False,576,1
0.017,0.02,0.01952380952380953,0.02,0.0007315376902732009,0.009000000000000001,0.009000000000000001,0.009000000000000003,0.009000000000000001,1.734723475976807e-18,0.23900000000000002,0.245,0.24259999999999998,0.243,0.0016852299546352672,0.025,0.026000000000000002,0.025700000000000008,0.026000000000000002,0.0004582575694955844,0.096,0.101,0.09815,0.098,0.0010136567466356656,0.244,0.249,0.24654999999999996,0.2465,0.0012031209415515976,0.04,0.041,0.04020000000000001,0.04,0.0004000000000000003,0.305,0.31,0.30795000000000006,0.308,0.001243985530462474,0.019,0.021,0.020000000000000004,0.02,0.0006324555320336764,32,32,2560,10240,51200,False,568,1
0.017,0.02,0.01933333333333334,0.019,0.0007126966450997985,0.009000000000000001,0.01,0.009050000000000002,0.009000000000000001,0.0002179449471770335,0.23900000000000002,0.25,0.24034999999999998,0.24,0.002351063589101746,0.025,0.026000000000000002,0.025450000000000007,0.025,0.0004974937185533104,0.096,0.1,0.09680000000000002,0.097,0.0009273618495495712,0.242,0.251,0.24345000000000003,0.243,0.0019615045245933048,0.039,0.04,0.039900000000000005,0.04,0.0003000000000000003,0.304,0.316,0.30670000000000003,0.306,0.0031953090617340943,0.019,0.021,0.020250000000000004,0.02,0.0005361902647381809,32,32,2560,10240,51200,False,560,1
0.016,0.019,0.018238095238095244,0.018000000000000002,0.0006834619092574908,0.008,0.009000000000000001,0.008850000000000002,0.009000000000000001,0.00035707142142714284,0.24,0.243,0.2419,0.242,0.0010908712114635723,0.025,0.026000000000000002,0.025300000000000007,0.025,0.0004582575694955844,0.095,0.098,0.09615000000000001,0.096,0.0007921489758877437,0.245,0.248,0.24689999999999998,0.247,0.000994987437106621,0.039,0.04,0.03905000000000001,0.039,0.00021794494717703385,0.313,0.316,0.31475000000000003,0.315,0.0009420721840708393,0.019,0.02,0.019050000000000004,0.019,0.00021794494717703388,32,32,2560,10240,51200,False,552,1
0.017,0.019,0.01857142857142858,0.019,0.0005832118435198033,0.009000000000000001,0.009000000000000001,0.009000000000000003,0.009000000000000001,1.734723475976807e-18,0.233,0.244,0.24009999999999992,0.243,0.004918333050943166,0.025,0.026000000000000002,0.025050000000000006,0.025,0.00021794494717703388,0.093,0.098,0.09595000000000001,0.097,0.0017457090250096105,0.23800000000000002,0.247,0.24365000000000006,0.246,0.003453621287865818,0.038,0.039,0.03855000000000001,0.039,0.0004974937185533104,0.311,0.319,0.3153,0.316,0.0028827070610799176,0.018000000000000002,0.019,0.018950000000000005,0.019,0.0002179449471770331,32,32,2560,10240,51200,False,544,1
0.016,0.019,0.018190476190476194,0.018000000000000002,0.0006632565846278147,0.008,0.009000000000000001,0.008750000000000003,0.009000000000000001,0.0004330127018922198,0.23700000000000002,0.248,0.23785000000000006,0.23700000000000002,0.002372235232855288,0.024,0.025,0.024800000000000006,0.025,0.0004000000000000003,0.093,0.097,0.09405000000000001,0.094,0.00086458082328953,0.24,0.251,0.24165,0.241,0.002850877058029689,0.037,0.038,0.037950000000000005,0.038,0.00021794494717703385,0.311,0.323,0.31340000000000007,0.312,0.0032619012860600214,0.018000000000000002,0.019,0.018650000000000007,0.019,0.0004769696007084716,32,32,2560,10240,51200,False,536,1
0.016,0.019,0.018000000000000006,0.018000000000000002,0.0005345224838248486,0.008,0.01,0.008700000000000003,0.009000000000000001,0.0005567764362830025,0.23700000000000002,0.251,0.24025000000000002,0.2395,0.0032229644738966594,0.024,0.025,0.024450000000000006,0.024,0.0004974937185533104,0.094,0.099,0.0953,0.095,0.001100000000000001,0.243,0.253,0.24515000000000003,0.245,0.0023932195887548663,0.037,0.038,0.037200000000000004,0.037,0.0004000000000000003,0.317,0.327,0.32010000000000005,0.32,0.0022113344387496,0.017,0.019,0.018750000000000006,0.019,0.0005361902647381795,32,32,2560,10240,51200,False,528,1
0.016,0.018000000000000002,0.01771428571428572,0.018000000000000002,0.0005471012044321936,0.008,0.009000000000000001,0.008850000000000002,0.009000000000000001,0.0003570714214271428,0.23700000000000002,0.244,0.24100000000000002,0.242,0.002588435821108947,0.024,0.025,0.024200000000000006,0.024,0.0004000000000000003,0.093,0.097,0.0952,0.0955,0.0012083045973594584,0.241,0.246,0.24380000000000002,0.245,0.0022715633383201114,0.036000000000000004,0.037,0.03680000000000001,0.037,0.0003999999999999976,0.31,0.318,0.3147,0.3155,0.002570992026436491,0.017,0.019,0.018300000000000004,0.018000000000000002,0.0006403124237432839,32,32,2560,10240,51200,False,520,1
0.016,0.019,0.018000000000000006,0.018000000000000002,0.0006172133998483674,0.008,0.009000000000000001,0.008850000000000002,0.009000000000000001,0.0003570714214271428,0.23900000000000002,0.245,0.2412,0.241,0.0015999999999999977,0.023,0.024,0.023850000000000003,0.024,0.00035707142142714284,0.057,0.059000000000000004,0.057499999999999996,0.057,0.0007416198487095669,0.219,0.224,0.22030000000000002,0.22,0.001268857754044953,0.037,0.038,0.03710000000000001,0.037,0.0003000000000000003,0.213,0.22,0.21435000000000004,0.214,0.001525614630239237,0.017,0.018000000000000002,0.017200000000000003,0.017,0.00040000000000000034,32,32,2560,10240,51200,False,512,1
0.016,0.019,0.01790476190476191,0.018000000000000002,0.0005259695722470125,0.008,0.009000000000000001,0.008950000000000003,0.009000000000000001,0.00021794494717703385,0.23700000000000002,0.24,0.23854999999999998,0.23900000000000002,0.0008645808232895253,0.022,0.023,0.022550000000000004,0.023,0.0004974937185533105,0.056,0.057,0.05655,0.057,0.0004974937185533104,0.217,0.219,0.21795,0.218,0.0004974937185533104,0.036000000000000004,0.037,0.03650000000000001,0.036500000000000005,0.000499999999999997,0.211,0.214,0.21265,0.213,0.0007262919523166982,0.017,0.018000000000000002,0.017100000000000004,0.017,0.00030000000000000024,32,32,2560,10240,51200,False,504,1
0.015,0.018000000000000002,0.017619047619047624,0.018000000000000002,0.000722178613719196,0.008,0.009000000000000001,0.008950000000000003,0.009000000000000001,0.00021794494717703385,0.234,0.24,0.23670000000000005,0.23700000000000002,0.0013076696830621997,0.022,0.023,0.022200000000000004,0.022,0.0004000000000000003,0.055,0.056,0.055900000000000005,0.056,0.0003000000000000003,0.23700000000000002,0.24,0.23795000000000005,0.23800000000000002,0.0009733961166965842,0.034,0.036000000000000004,0.03495000000000001,0.035,0.00038405728739343076,0.211,0.213,0.21195,0.212,0.0004974937185533105,0.017,0.017,0.017000000000000005,0.017,3.469446951953614e-18,32,32,2560,10240,51200,False,496,1
0.014,0.018000000000000002,0.016619047619047624,0.017,0.0007853534524986024,0.008,0.009000000000000001,0.008100000000000001,0.008,0.0003000000000000003,0.23700000000000002,0.24,0.23835,0.23800000000000002,0.0010618380290797573,0.021,0.023,0.021950000000000004,0.022,0.0003840572873934299,0.057,0.058,0.05735000000000001,0.057,0.0004769696007084732,0.23900000000000002,0.242,0.2407,0.2405,0.0011874342087037847,0.034,0.035,0.03420000000000001,0.034,0.0004000000000000003,0.214,0.216,0.21530000000000005,0.215,0.0007141428428542856,0.017,0.017,0.017000000000000005,0.017,3.469446951953614e-18,32,32,2560,10240,51200,False,488,1
0.015,0.018000000000000002,0.01704761904761905,0.017,0.000575383141599742,0.008,0.009000000000000001,0.008600000000000002,0.009000000000000001,0.000489897948556636,0.233,0.242,0.23754999999999998,0.23550000000000001,0.0038791107228332527,0.021,0.022,0.02185,0.022,0.0003570714214271416,0.055,0.058,0.0563,0.0555,0.0013820274961085265,0.23500000000000001,0.244,0.23959999999999998,0.23700000000000002,0.003733630940518883,0.033,0.034,0.033600000000000005,0.034,0.0004898979485566361,0.20800000000000002,0.214,0.21160000000000007,0.212,0.0024779023386727697,0.015,0.017,0.016550000000000002,0.017,0.0005894913061275804,32,32,2560,10240,51200,False,480,1
0.014,0.018000000000000002,0.01671428571428572,0.017,0.000824786098842323,0.008,0.009000000000000001,0.008100000000000001,0.008,0.0003000000000000003,0.234,0.23600000000000002,0.23500000000000001,0.23500000000000001,0.0005477225575051667,0.021,0.022,0.02135,0.021,0.00047696960070847173,0.056,0.057,0.056600000000000004,0.057,0.000489897948556636,0.23600000000000002,0.23900000000000002,0.23750000000000004,0.23800000000000002,0.0007416198487095669,0.032,0.033,0.032850000000000004,0.033,0.00035707142142714284,0.21,0.211,0.21025,0.21,0.00043301270189221973,0.015,0.017,0.015750000000000004,0.016,0.0007664854858377954,32,32,2560,10240,51200,False,472,1
0.014,0.018000000000000002,0.01690476190476191,0.017,0.000749905511810649,0.008,0.009000000000000001,0.008400000000000001,0.008,0.0004898979485566361,0.23600000000000002,0.242,0.24025,0.24,0.001479019945774897,0.021,0.022,0.02125,0.021,0.00043301270189221826,0.056,0.059000000000000004,0.0573,0.057,0.0011000000000000012,0.23800000000000002,0.245,0.24144999999999994,0.241,0.002155806113731003,0.032,0.033,0.032100000000000004,0.032,0.00030000000000000024,0.215,0.218,0.2163,0.216,0.0011445523142259606,0.015,0.016,0.015400000000000002,0.015,0.000489897948556636,32,32,2560,10240,51200,False,464,1
0.014,0.017,0.01604761904761905,0.016,0.0005753831415997416,0.008,0.009000000000000001,0.008200000000000002,0.008,0.00040000000000000034,0.234,0.23700000000000002,0.23515000000000003,0.23500000000000001,0.0008529361054615998,0.02,0.021,0.020850000000000004,0.021,0.00035707142142714284,0.056,0.057,0.05639999999999999,0.056,0.0004898979485566361,0.23600000000000002,0.23800000000000002,0.2374,0.23700000000000002,0.0005830951894845306,0.031,0.032,0.0316,0.032,0.0004898979485566361,0.209,0.211,0.21015,0.21,0.00047696960070847325,0.014,0.016,0.015000000000000003,0.015,0.000316227766016838,32,32,2560,10240,51200,False,456,1
0.013000000000000001,0.016,0.01580952380952381,0.016,0.0006632565846278152,0.008,0.009000000000000001,0.008050000000000002,0.008,0.0002179449471770339,0.23500000000000001,0.23800000000000002,0.23620000000000005,0.23600000000000002,0.0008717797887081355,0.02,0.021,0.020550000000000006,0.021,0.0004974937185533105,0.057,0.057,0.056999999999999995,0.057,6.938893903907228e-18,0.23600000000000002,0.23900000000000002,0.23755,0.23800000000000002,0.0006689544080129832,0.031,0.032,0.031100000000000006,0.031,0.00030000000000000024,0.211,0.213,0.21164999999999998,0.212,0.0005722761571129804,0.014,0.016,0.014950000000000001,0.015,0.0003840572873934304,32,32,2560,10240,51200,False,448,1
0.013000000000000001,0.017,0.016000000000000004,0.016,0.0008164965809277262,0.008,0.009000000000000001,0.008050000000000002,0.008,0.00021794494717703388,0.234,0.23700000000000002,0.23554999999999998,0.23600000000000002,0.001023474474522937,0.02,0.021,0.020450000000000003,0.02,0.0004974937185533105,0.056,0.057,0.05639999999999999,0.056,0.0004898979485566361,0.23500000000000001,0.23900000000000002,0.23690000000000005,0.23700000000000002,0.0009949874371066208,0.03,0.031,0.030250000000000006,0.03,0.0004330127018922198,0.209,0.211,0.2103,0.21,0.0005567764362830027,0.014,0.015,0.014700000000000001,0.015,0.0004582575694955836,32,32,2560,10240,51200,False,440,1
0.013000000000000001,0.016,0.01580952380952381,0.016,0.0006632565846278152,0.008,0.008,0.008000000000000002,0.008,1.734723475976807e-18,0.23,0.23600000000000002,0.23370000000000002,0.234,0.0014177446878757838,0.019,0.02,0.019900000000000004,0.02,0.0003000000000000003,0.055,0.056,0.05565000000000001,0.056,0.00047696960070847325,0.234,0.23600000000000002,0.23455000000000004,0.23450000000000001,0.0005894913061275802,0.029,0.03,0.029800000000000004,0.03,0.00039999999999999893,0.20600000000000002,0.21,0.20739999999999997,0.20700000000000002,0.0008602325267042567,0.014,0.015,0.014100000000000001,0.014,0.00029999999999999976,32,32,2560,10240,51200,False,432,1
0.013000000000000001,0.015,0.014904761904761907,0.015,0.0004259177099999596,0.008,0.008,0.008000000000000002,0.008,1.734723475976807e-18,0.233,0.23500000000000001,0.23374999999999999,0.234,0.0005361902647381809,0.019,0.02,0.019500000000000003,0.0195,0.0005000000000000004,0.056,0.057,0.056400000000000006,0.056,0.000489897948556636,0.23500000000000001,0.23700000000000002,0.23615,0.23600000000000002,0.0006538348415311016,0.029,0.03,0.029100000000000004,0.029,0.0002999999999999992,0.211,0.213,0.21215,0.212,0.0004769696007084733,0.013000000000000001,0.015,0.013800000000000002,0.014,0.000509901951359278,32,32,2560,10240,51200,False,424,1
0.012,0.015,0.014809523809523812,0.015,0.0006632565846278148,0.008,0.008,0.008000000000000002,0.008,1.734723475976807e-18,0.23,0.23600000000000002,0.23125,0.231,0.001336974195712095,0.019,0.02,0.019200000000000002,0.019,0.00040000000000000034,0.055,0.057,0.05605,0.056,0.00038405728739343076,0.232,0.23900000000000002,0.23385000000000003,0.2335,0.001589811309558466,0.028,0.029,0.0284,0.028,0.0004898979485566361,0.20700000000000002,0.213,0.20845000000000002,0.20800000000000002,0.0014654350889752765,0.013000000000000001,0.014,0.013300000000000003,0.013000000000000001,0.00045825756949558356,32,32,2560,10240,51200,False,416,1
0.012,0.015,0.01423809523809524,0.014,0.0006834619092574914,0.008,0.008,0.008000000000000002,0.008,1.734723475976807e-18,0.23,0.232,0.23095,0.231,0.0003840572873934307,0.019,0.02,0.019050000000000004,0.019,0.00021794494717703388,0.056,0.057,0.05685,0.057,0.00035707142142714284,0.232,0.234,0.23329999999999998,0.233,0.0007141428428542857,0.027,0.028,0.027800000000000002,0.028,0.0004000000000000004,0.20700000000000002,0.21,0.20860000000000004,0.209,0.0006633249580710684,0.012,0.014,0.013050000000000003,0.013000000000000001,0.0003840572873934303,32,32,2560,10240,51200,False,408,1
0.012,0.015,0.014714285714285716,0.015,0.0006998542122237649,0.008,0.008,0.008000000000000002,0.008,1.734723475976807e-18,0.231,0.23500000000000001,0.23324999999999996,0.233,0.0007664854858377953,0.018000000000000002,0.019,0.018550000000000004,0.019,0.0004974937185533088,0.056,0.057,0.05645,0.056,0.0004974937185533104,0.23500000000000001,0.23800000000000002,0.23650000000000002,0.23650000000000002,0.0006708203932499376,0.027,0.028,0.02705,0.027,0.0002179449471770339,0.212,0.215,0.213,0.213,0.0008944271909999167,0.013000000000000001,0.013000000000000001,0.013000000000000003,0.013000000000000001,1.734723475976807e-18,32,32,2560,10240,51200,False,400,1
0.012,0.014,0.01390476190476191,0.014,0.0004259177099999599,0.007,0.008,0.007850000000000001,0.008,0.0003570714214271425,0.23,0.232,0.23104999999999998,0.231,0.0004974937185533105,0.018000000000000002,0.019,0.018250000000000006,0.018000000000000002,0.00043301270189221816,0.056,0.057,0.05675,0.057,0.0004330127018922198,0.233,0.23600000000000002,0.2338,0.234,0.0008717797887081355,0.026000000000000002,0.028,0.026500000000000006,0.026000000000000002,0.0005916079783099606,0.20800000000000002,0.211,0.20934999999999998,0.209,0.000726291952316693,0.012,0.013000000000000001,0.012900000000000003,0.013000000000000001,0.00030000000000000024,32,32,2560,10240,51200,False,392,1
0.012,0.015,0.013904761904761906,0.014,0.0005259695722470122,0.008,0.008,0.008000000000000002,0.008,1.734723475976807e-18,0.197,0.2,0.19844999999999996,0.199,0.0008046738469715546,0.017,0.018000000000000002,0.017850000000000005,0.018000000000000002,0.00035707142142714284,0.064,0.07200000000000001,0.06915000000000002,0.07050000000000001,0.0029201883500897703,0.198,0.201,0.19950000000000004,0.199,0.0008660254037844393,0.026000000000000002,0.027,0.026900000000000007,0.027,0.0002999999999999992,0.185,0.187,0.18585,0.186,0.0007262919523166982,0.013000000000000001,0.013000000000000001,0.013000000000000003,0.013000000000000001,1.734723475976807e-18,32,32,2560,10240,51200,False,384,1
0.011,0.014,0.01366666666666667,0.014,0.0007126966450997983,0.007,0.008,0.007850000000000001,0.008,0.0003570714214271425,0.196,0.198,0.19745000000000001,0.1975,0.0005894913061275802,0.017,0.018000000000000002,0.017400000000000006,0.017,0.000489897948556636,0.063,0.07100000000000001,0.069,0.07,0.0027018512172212617,0.197,0.2,0.1983,0.198,0.0007141428428542856,0.026000000000000002,0.027,0.026300000000000007,0.026000000000000002,0.0004582575694955828,0.184,0.186,0.1851,0.185,0.0006244997998398404,0.012,0.013000000000000001,0.012950000000000003,0.013000000000000001,0.00021794494717703385,32,32,2560,10240,51200,False,376,1
0.011,0.014,0.013333333333333338,0.013000000000000001,0.0007126966450997984,0.007,0.008,0.007650000000000001,0.008,0.00047696960070847287,0.195,0.2,0.19620000000000004,0.196,0.0013638181696985867,0.017,0.018000000000000002,0.017150000000000006,0.017,0.00035707142142714284,0.063,0.07200000000000001,0.0693,0.069,0.0016763054614240224,0.195,0.199,0.19644999999999999,0.196,0.0010712142642814284,0.025,0.026000000000000002,0.025650000000000006,0.026000000000000002,0.0004769696007084733,0.184,0.188,0.18519999999999998,0.185,0.0010770329614269018,0.012,0.013000000000000001,0.012900000000000003,0.013000000000000001,0.00030000000000000024,32,32,2560,10240,51200,False,368,1
0.011,0.014,0.012761904761904766,0.013000000000000001,0.000609821355945986,0.007,0.008,0.007600000000000001,0.008,0.0004898979485566356,0.197,0.198,0.19720000000000001,0.197,0.0004000000000000003,0.016,0.017,0.016950000000000003,0.017,0.00021794494717703388,0.062,0.07100000000000001,0.0673,0.069,0.0031320919526731683,0.196,0.198,0.19690000000000002,0.197,0.0007000000000000006,0.024,0.026000000000000002,0.025000000000000005,0.025,0.0003162277660168382,0.184,0.186,0.18480000000000002,0.185,0.000509901951359279,0.011,0.013000000000000001,0.011600000000000003,0.012,0.0005830951894845307,32,32,2560,10240,51200,False,360,1
0.011,0.013000000000000001,0.012761904761904766,0.013000000000000001,0.000525969572247013,0.007,0.008,0.007750000000000002,0.008,0.0004330127018922194,0.195,0.196,0.1951,0.195,0.00030000000000000024,0.016,0.017,0.016800000000000002,0.017,0.00040000000000000034,0.068,0.069,0.0689,0.069,0.0003000000000000003,0.194,0.195,0.19434999999999997,0.194,0.00047696960070847325,0.024,0.025,0.024500000000000004,0.0245,0.0005000000000000004,0.181,0.184,0.18209999999999998,0.182,0.0007681145747868615,0.011,0.012,0.011600000000000003,0.012,0.0004898979485566361,32,32,2560,10240,51200,False,352,1
0.01,0.013000000000000001,0.01247619047619048,0.013000000000000001,0.0007315376902732012,0.007,0.008,0.007150000000000001,0.007,0.0003570714214271425,0.194,0.196,0.19515,0.195,0.0005722761571129804,0.016,0.017,0.016650000000000005,0.017,0.0004769696007084733,0.068,0.07100000000000001,0.06895,0.069,0.0008046738469715547,0.194,0.196,0.19479999999999997,0.195,0.0006000000000000005,0.023,0.024,0.023800000000000005,0.024,0.0004000000000000003,0.183,0.184,0.18365,0.184,0.00047696960070847325,0.011,0.011,0.011000000000000001,0.011,1.734723475976807e-18,32,32,2560,10240,51200,False,344,1
0.01,0.013000000000000001,0.012809523809523812,0.013000000000000001,0.0006632565846278155,0.007,0.008,0.007450000000000001,0.007,0.0004974937185533101,0.196,0.202,0.1999,0.2,0.0014798648586948754,0.016,0.016,0.016000000000000004,0.016,3.469446951953614e-18,0.045,0.046,0.04555000000000001,0.046,0.0004974937185533104,0.192,0.195,0.1935,0.1935,0.0006708203932499375,0.023,0.024,0.023150000000000004,0.023,0.00035707142142714284,0.165,0.168,0.16654999999999998,0.167,0.0006689544080129831,0.011,0.011,0.011000000000000001,0.011,1.734723475976807e-18,32,32,2560,10240,51200,False,336,1
0.01,0.013000000000000001,0.012000000000000002,0.012,0.000534522483824849,0.007,0.008,0.007150000000000001,0.007,0.0003570714214271425,0.194,0.196,0.1948,0.195,0.0006782329983125276,0.015,0.017,0.016000000000000004,0.016,0.0003162277660168382,0.045,0.046,0.04560000000000001,0.046,0.0004898979485566361,0.19,0.194,0.19175,0.192,0.0007664854858377951,0.022,0.023,0.022300000000000004,0.022,0.0004582575694955844,0.162,0.164,0.16324999999999995,0.163,0.0006224949798994372,0.011,0.011,0.011000000000000001,0.011,1.734723475976807e-18,32,32,2560,10240,51200,False,328,1
0.01,0.012,0.01185714285714286,0.012,0.00046656947481584356,0.007,0.007,0.007000000000000001,0.007,8.673617379884035e-19,0.159,0.163,0.1607,0.161,0.0010049875621120899,0.015,0.016,0.015050000000000003,0.015,0.00021794494717703385,0.045,0.046,0.045700000000000005,0.046,0.0004582575694955844,0.191,0.193,0.1917,0.192,0.0005567764362830027,0.021,0.022,0.02185,0.022,0.0003570714214271416,0.158,0.16,0.15919999999999998,0.159,0.000509901951359279,0.01,0.011,0.0108,0.011,0.0003999999999999997,32,32,2560,10240,51200,False,320,1
0.01,0.012,0.011714285714285717,0.012,0.0005471012044321935,0.007,0.008,0.0071,0.007,0.00030000000000000003,0.158,0.163,0.16065000000000002,0.161,0.0009630680142129119,0.014,0.016,0.015000000000000003,0.015,0.000316227766016838,0.045,0.046,0.04560000000000001,0.046,0.0004898979485566361,0.189,0.191,0.19024999999999997,0.19,0.0006224949798994372,0.021,0.021,0.021000000000000005,0.021,3.469446951953614e-18,0.158,0.159,0.15829999999999997,0.158,0.0004582575694955844,0.009000000000000001,0.011,0.010050000000000002,0.01,0.0005894913061275794,32,32,2560,10240,51200,False,312,1
0.009000000000000001,0.012,0.011380952380952384,0.011,0.0007221786137191953,0.007,0.008,0.0071,0.007,0.00030000000000000003,0.157,0.162,0.15925,0.159,0.001219631091765048,0.014,0.015,0.014350000000000002,0.014,0.0004769696007084724,0.045,0.046,0.045500000000000006,0.0455,0.0005000000000000004,0.186,0.19,0.18760000000000002,0.1875,0.0008602325267042634,0.02,0.021,0.020200000000000003,0.02,0.00040000000000000034,0.158,0.16,0.15894999999999998,0.159,0.0004974937185533104,0.009000000000000001,0.01,0.009650000000000002,0.01,0.0004769696007084724,32,32,2560,10240,51200,False,304,1
0.009000000000000001,0.012,0.010952380952380955,0.011,0.0004856209060564555,0.007,0.007,0.007000000000000001,0.007,8.673617379884035e-19,0.159,0.16,0.15919999999999998,0.159,0.00040000000000000034,0.014,0.015,0.014100000000000001,0.014,0.00029999999999999976,0.046,0.046,0.046000000000000006,0.046,6.938893903907228e-18,0.188,0.19,0.1889,0.189,0.0006244997998398404,0.019,0.02,0.019800000000000005,0.02,0.0004000000000000003,0.159,0.16,0.15940000000000001,0.159,0.0004898979485566361,0.009000000000000001,0.009000000000000001,0.009000000000000003,0.009000000000000001,1.734723475976807e-18,32,32,2560,10240,51200,False,296,1
0.009000000000000001,0.011,0.010904761904761907,0.011,0.0004259177099999596,0.007,0.007,0.007000000000000001,0.007,8.673617379884035e-19,0.156,0.158,0.1571,0.157,0.0006244997998398403,0.014,0.014,0.014000000000000002,0.014,1.734723475976807e-18,0.052000000000000005,0.053,0.052700000000000004,0.053,0.0004582575694955812,0.16,0.162,0.1611,0.161,0.0005385164807134509,0.018000000000000002,0.019,0.018800000000000004,0.019,0.00039999999999999893,0.152,0.155,0.15284999999999999,0.153,0.0007921489758877437,0.009000000000000001,0.009000000000000001,0.009000000000000003,0.009000000000000001,1.734723475976807e-18,32,32,2560,10240,51200,False,288,1
0.009000000000000001,0.011,0.010761904761904764,0.011,0.000525969572247012,0.007,0.007,0.007000000000000001,0.007,8.673617379884035e-19,0.157,0.159,0.15785,0.158,0.00047696960070847325,0.013000000000000001,0.014,0.013600000000000004,0.014,0.0004898979485566352,0.051000000000000004,0.052000000000000005,0.05195000000000001,0.052000000000000005,0.00021794494717703385,0.161,0.162,0.16165000000000002,0.162,0.0004769696007084732,0.017,0.018000000000000002,0.017900000000000006,0.018000000000000002,0.0003000000000000003,0.152,0.153,0.15220000000000003,0.152,0.00040000000000000034,0.009000000000000001,0.009000000000000001,0.009000000000000003,0.009000000000000001,1.734723475976807e-18,32,32,2560,10240,51200,False,280,1
0.009000000000000001,0.011,0.010380952380952383,0.01,0.0005753831415997411,0.007,0.007,0.007000000000000001,0.007,8.673617379884035e-19,0.157,0.16,0.159,0.159,0.0008366600265340764,0.013000000000000001,0.014,0.013900000000000004,0.014,0.00029999999999999976,0.05,0.051000000000000004,0.05070000000000001,0.051000000000000004,0.00045825756949558437,0.169,0.171,0.16995,0.17,0.0006689544080129832,0.015,0.017,0.016050000000000002,0.016,0.0003840572873934307,0.155,0.159,0.15665,0.1565,0.0009096702699330133,0.009000000000000001,0.009000000000000001,0.009000000000000003,0.009000000000000001,1.734723475976807e-18,32,32,2560,10240,51200,False,272,1
0.008,0.011,0.009952380952380954,0.01,0.0004856209060564556,0.007,0.007,0.007000000000000001,0.007,8.673617379884035e-19,0.157,0.159,0.15819999999999998,0.158,0.0005099019513592789,0.013000000000000001,0.014,0.013250000000000003,0.013000000000000001,0.00043301270189221897,0.05,0.051000000000000004,0.050900000000000015,0.051000000000000004,0.00030000000000000024,0.168,0.17,0.16920000000000002,0.169,0.0006782329983125276,0.015,0.016,0.015450000000000002,0.015,0.0004974937185533104,0.153,0.157,0.1543,0.154,0.0013076696830622032,0.008,0.009000000000000001,0.008200000000000002,0.008,0.00040000000000000034,32,32,2560,10240,51200,False,264,1
0.008,0.011,0.009952380952380956,0.01,0.00048562090605645564,0.007,0.007,0.007000000000000001,0.007,8.673617379884035e-19,0.158,0.159,0.15804999999999997,0.158,0.00021794494717703388,0.013000000000000001,0.013000000000000001,0.013000000000000003,0.013000000000000001,1.734723475976807e-18,0.044,0.045,0.044950000000000004,0.045,0.00021794494717703385,0.11800000000000001,0.12,0.1189,0.11900000000000001,0.0005385164807134481,0.014,0.015,0.014850000000000002,0.015,0.00035707142142714224,0.151,0.155,0.15335000000000001,0.153,0.0011079259903080177,0.007,0.008,0.007850000000000001,0.008,0.0003570714214271425,32,32,2560,10240,51200,False,256,1
0.008,0.01,0.009714285714285717,0.01,0.0005471012044321931,0.007,0.007,0.007000000000000001,0.007,8.673617379884035e-19,0.158,0.159,0.15829999999999997,0.158,0.0004582575694955844,0.01,0.011,0.010900000000000002,0.011,0.00029999999999999976,0.044,0.045,0.044800000000000006,0.045,0.00040000000000000034,0.11800000000000001,0.12,0.11925000000000004,0.11900000000000001,0.0006224949798994314,0.013000000000000001,0.015,0.01395,0.014,0.0004974937185533094,0.152,0.156,0.15325,0.153,0.0010428326807307114,0.009000000000000001,0.01,0.009050000000000002,0.009000000000000001,0.00021794494717703353,32,32,2560,10240,51200,False,248,1
0.008,0.01,0.00904761904761905,0.009000000000000001,0.0003749527559053243,0.007,0.007,0.007000000000000001,0.007,8.673617379884035e-19,0.157,0.158,0.15739999999999998,0.157,0.000489897948556636,0.01,0.011,0.010700000000000001,0.011,0.00045825756949558367,0.044,0.045,0.044800000000000006,0.045,0.00040000000000000034,0.11800000000000001,0.12,0.1189,0.11900000000000001,0.0006999999999999962,0.012,0.014,0.013000000000000003,0.013000000000000001,0.00044721359549995795,0.151,0.155,0.1528,0.153,0.0010770329614269018,0.009000000000000001,0.009000000000000001,0.009000000000000003,0.009000000000000001,1.734723475976807e-18,32,32,2560,10240,51200,False,240,1
0.008,0.01,0.00928571428571429,0.009000000000000001,0.0005471012044321929,0.007,0.007,0.007000000000000001,0.007,8.673617379884035e-19,0.156,0.157,0.15685000000000002,0.157,0.0003570714214271428,0.01,0.011,0.0102,0.01,0.0003999999999999996,0.044,0.045,0.044800000000000006,0.045,0.00040000000000000034,0.117,0.11900000000000001,0.11815,0.11800000000000001,0.0004769696007084733,0.012,0.013000000000000001,0.012150000000000003,0.012,0.0003570714214271428,0.151,0.155,0.15235000000000004,0.152,0.0009096702699330135,0.008,0.009000000000000001,0.008900000000000002,0.009000000000000001,0.0003000000000000003,32,32,2560,10240,51200,False,232,1
0.007,0.009000000000000001,0.008571428571428574,0.009000000000000001,0.0005832118435198046,0.007,0.007,0.007000000000000001,0.007,8.673617379884035e-19,0.156,0.157,0.1567,0.157,0.0004582575694955844,0.009000000000000001,0.01,0.009900000000000003,0.01,0.00029999999999999976,0.044,0.045,0.04490000000000001,0.045,0.00030000000000000024,0.117,0.11800000000000001,0.11779999999999999,0.11800000000000001,0.00040000000000000034,0.011,0.013000000000000001,0.011500000000000002,0.011,0.0005916079783099621,0.149,0.152,0.15089999999999998,0.151,0.0009949874371066208,0.006,0.009000000000000001,0.007400000000000001,0.007,0.0014282856857085705,32,32,2560,10240,51200,False,224,1
0.007,0.009000000000000001,0.008095238095238096,0.008,0.0004259177099999602,0.007,0.007,0.007000000000000001,0.007,8.673617379884035e-19,0.156,0.157,0.15615000000000004,0.156,0.0003570714214271428,0.009000000000000001,0.01,0.009100000000000002,0.009000000000000001,0.00029999999999999976,0.049,0.051000000000000004,0.05070000000000001,0.051000000000000004,0.0005567764362830027,0.11800000000000001,0.12,0.11885000000000004,0.11900000000000001,0.0005722761571129776,0.01,0.011,0.010850000000000002,0.011,0.0003570714214271422,0.13,0.132,0.13085000000000005,0.131,0.0004769696007084732,0.007,0.009000000000000001,0.007800000000000001,0.0075,0.0008717797887081351,32,32,2560,10240,51200,False,216,1
0.007,0.009000000000000001,0.008380952380952383,0.008,0.000575383141599742,0.007,0.007,0.007000000000000001,0.007,8.673617379884035e-19,0.156,0.157,0.15635000000000004,0.156,0.00047696960070847325,0.009000000000000001,0.01,0.009050000000000002,0.009000000000000001,0.00021794494717703353,0.049,0.051000000000000004,0.05050000000000001,0.051000000000000004,0.0006708203932499375,0.11800000000000001,0.11900000000000001,0.11829999999999999,0.11800000000000001,0.0004582575694955843,0.009000000000000001,0.011,0.010050000000000002,0.01,0.00038405728739343006,0.13,0.132,0.13125000000000003,0.131,0.0006224949798994372,0.008,0.009000000000000001,0.008300000000000002,0.008,0.0004582575694955844,32,32,2560,10240,51200,False,208,1
0.007,0.008,0.007952380952380954,0.008,0.00021295885499997998,0.007,0.007,0.007000000000000001,0.007,8.673617379884035e-19,0.156,0.157,0.15620000000000003,0.156,0.0004000000000000004,0.008,0.009000000000000001,0.008700000000000003,0.009000000000000001,0.0004582575694955844,0.049,0.05,0.04955000000000001,0.05,0.0004974937185533104,0.11800000000000001,0.12,0.11885000000000001,0.11900000000000001,0.000653834841531098,0.009000000000000001,0.01,0.009100000000000002,0.009000000000000001,0.00029999999999999976,0.129,0.132,0.13070000000000004,0.131,0.0007810249675906662,0.008,0.008,0.008000000000000002,0.008,1.734723475976807e-18,32,32,2560,10240,51200,False,200,1
0.006,0.008,0.007761904761904763,0.008,0.0005259695722470124,0.007,0.007,0.007000000000000001,0.007,8.673617379884035e-19,0.095,0.096,0.09575,0.096,0.00043301270189221973,0.005,0.005,0.005000000000000001,0.005,8.673617379884035e-19,0.035,0.036000000000000004,0.03520000000000001,0.035,0.0004000000000000003,0.116,0.11800000000000001,0.11715000000000002,0.117,0.0004769696007084733,0.008,0.01,0.008700000000000003,0.009000000000000001,0.0005567764362830025,0.159,0.162,0.1605,0.161,0.000741619848709567,0.007,0.008,0.007950000000000002,0.008,0.00021794494717703366,32,32,2560,10240,51200,False,192,1
0.006,0.008,0.007095238095238096,0.007,0.00042591770999995997,0.007,0.007,0.007000000000000001,0.007,8.673617379884035e-19,0.094,0.097,0.0955,0.095,0.000741619848709567,0.005,0.005,0.005000000000000001,0.005,8.673617379884035e-19,0.035,0.036000000000000004,0.03505000000000001,0.035,0.00021794494717703385,0.115,0.11800000000000001,0.11665,0.117,0.000726291952316698,0.008,0.009000000000000001,0.008450000000000003,0.008,0.0004974937185533104,0.156,0.161,0.15885,0.159,0.0013518505834595785,0.006,0.008,0.0071,0.007,0.0004358898943540673,32,32,2560,10240,51200,False,184,1
0.006,0.007,0.006952380952380955,0.007,0.00021295885499997996,0.007,0.007,0.007000000000000001,0.007,8.673617379884035e-19,0.123,0.125,0.12385000000000004,0.124,0.0004769696007084732,0.005,0.005,0.005000000000000001,0.005,8.673617379884035e-19,0.035,0.035,0.03500000000000001,0.035,6.938893903907228e-18,0.136,0.138,0.13725,0.137,0.0005361902647381809,0.008,0.009000000000000001,0.008100000000000001,0.008,0.0003000000000000003,0.156,0.16,0.15789999999999998,0.158,0.0010908712114635723,0.006,0.007,0.006100000000000001,0.006,0.00030000000000000003,32,32,2560,10240,51200,False,176,1
0.006,0.007,0.006952380952380955,0.007,0.00021295885499997996,0.007,0.007,0.007000000000000001,0.007,8.673617379884035e-19,0.122,0.124,0.12254999999999998,0.1225,0.0005894913061275802,0.004,0.005,0.004050000000000001,0.004,0.0002179449471770337,0.035,0.036000000000000004,0.03505000000000001,0.035,0.00021794494717703385,0.135,0.137,0.13585000000000003,0.136,0.0005722761571129803,0.007,0.008,0.007150000000000001,0.007,0.0003570714214271425,0.155,0.159,0.157,0.157,0.0011832159566199242,0.006,0.006,0.006000000000000001,0.006,8.673617379884035e-19,32,32,2560,10240,51200,False,168,1
0.005,0.007,0.006904761904761907,0.007,0.0004259177099999599,0.007,0.007,0.007000000000000001,0.007,8.673617379884035e-19,0.10400000000000001,0.105,0.10470000000000002,0.105,0.00045825756949557803,0.007,0.008,0.007350000000000001,0.007,0.00047696960070847287,0.034,0.035,0.034350000000000006,0.034,0.0004769696007084732,0.135,0.136,0.1356,0.136,0.0004898979485566361,0.006,0.007,0.006700000000000002,0.007,0.00045825756949558405,0.154,0.158,0.156,0.156,0.0009486832980505146,0.005,0.006,0.0056500000000000005,0.006,0.0004769696007084729,32,32,2560,10240,51200,False,160,1
0.005,0.007,0.006904761904761907,0.007,0.0004259177099999599,0.007,0.007,0.007000000000000001,0.007,8.673617379884035e-19,0.10400000000000001,0.105,0.10410000000000001,0.10400000000000001,0.00029999999999999607,0.007,0.008,0.007400000000000001,0.007,0.0004898979485566357,0.034,0.035,0.03415000000000001,0.034,0.00035707142142714284,0.135,0.136,0.13504999999999998,0.135,0.00021794494717703388,0.005,0.006,0.005950000000000001,0.006,0.00021794494717703366,0.151,0.156,0.15355,0.154,0.0012031209415515976,0.005,0.006,0.005300000000000001,0.005,0.00045825756949558405,32,32,2560,10240,51200,False,152,1
0.005,0.007,0.006619047619047621,0.007,0.0005753831415997416,0.007,0.007,0.007000000000000001,0.007,8.673617379884035e-19,0.10300000000000001,0.10400000000000001,0.10390000000000003,0.10400000000000001,0.0003000000000000003,0.007,0.008,0.007050000000000001,0.007,0.0002179449471770337,0.034,0.035,0.03425000000000001,0.034,0.0004330127018922198,0.134,0.137,0.13460000000000003,0.134,0.0008000000000000007,0.005,0.006,0.005750000000000001,0.006,0.00043301270189221935,0.151,0.156,0.15355,0.1535,0.001596088969951238,0.005,0.006,0.005050000000000001,0.005,0.0002179449471770337,32,32,2560,10240,51200,False,144,1
0.005,0.006,0.005952380952380954,0.006,0.00021295885499997998,0.007,0.007,0.007000000000000001,0.007,8.673617379884035e-19,0.10300000000000001,0.10400000000000001,0.10335000000000001,0.10300000000000001,0.0004769696007084732,0.007,0.007,0.007000000000000001,0.007,8.673617379884035e-19,0.034,0.035,0.034350000000000006,0.034,0.00047696960070847314,0.134,0.135,0.13404999999999997,0.134,0.00021794494717703388,0.005,0.006,0.005750000000000001,0.006,0.00043301270189221935,0.114,0.116,0.11465000000000003,0.115,0.0005722761571129803,0.004,0.005,0.004400000000000001,0.004,0.0004898979485566357,32,32,2560,10240,51200,False,136,1
0.005,0.006,0.005952380952380954,0.006,0.00021295885499997998,0.007,0.007,0.007000000000000001,0.007,8.673617379884035e-19,0.092,0.093,0.09275,0.093,0.0004330127018922198,0.006,0.007,0.006950000000000002,0.007,0.00021794494717703366,0.039,0.039,0.03900000000000001,0.039,6.938893903907228e-18,0.11800000000000001,0.121,0.11925000000000004,0.11900000000000001,0.0006224949798994318,0.004,0.005,0.004900000000000002,0.005,0.00030000000000000003,0.11900000000000001,0.121,0.12010000000000001,0.12,0.00043588989435406597,0.004,0.005,0.004900000000000002,0.005,0.00030000000000000003,32,32,2560,10240,51200,False,128,1
0.004,0.006,0.005904761904761906,0.006,0.00042591770999995997,0.007,0.007,0.007000000000000001,0.007,8.673617379884035e-19,0.092,0.094,0.0925,0.092,0.0005916079783099621,0.006,0.007,0.006800000000000002,0.007,0.0004,0.034,0.035,0.03495000000000001,0.035,0.00021794494717703385,0.116,0.117,0.11660000000000001,0.117,0.0004898979485566361,0.004,0.005,0.004050000000000001,0.004,0.0002179449471770337,0.124,0.126,0.12465,0.125,0.0005722761571129803,0.004,0.005,0.004900000000000002,0.005,0.00030000000000000003,32,32,2560,10240,51200,False,120,1
0.004,0.006,0.0058571428571428585,0.006,0.0004665694748158435,0.007,0.007,0.007000000000000001,0.007,8.673617379884035e-19,0.092,0.094,0.09220000000000002,0.092,0.000509901951359279,0.006,0.007,0.006400000000000001,0.006,0.0004898979485566357,0.045,0.047,0.04585000000000001,0.046,0.00047696960070847314,0.11800000000000001,0.12,0.11860000000000004,0.11900000000000001,0.0005830951894845289,0.004,0.004,0.004000000000000001,0.004,8.673617379884035e-19,0.124,0.128,0.12594999999999998,0.126,0.0008046738469715548,0.004,0.005,0.004450000000000001,0.004,0.0004974937185533101,32,32,2560,10240,51200,False,112,1
0.004,0.006,0.005571428571428573,0.006,0.0005832118435198043,0.007,0.007,0.007000000000000001,0.007,8.673617379884035e-19,0.08700000000000001,0.088,0.0876,0.088,0.0004898979485566293,0.004,0.004,0.004000000000000001,0.004,8.673617379884035e-19,0.038,0.039,0.03805000000000001,0.038,0.00021794494717703385,0.11800000000000001,0.12,0.11870000000000006,0.11900000000000001,0.0005567764362830011,0.004,0.004,0.004000000000000001,0.004,8.673617379884035e-19,0.11800000000000001,0.121,0.11965,0.12,0.0007921489758877376,0.004,0.004,0.004000000000000001,0.004,8.673617379884035e-19,32,32,2560,10240,51200,False,104,1
0.004,0.005,0.004952380952380954,0.005,0.00021295885499997998,0.007,0.007,0.007000000000000001,0.007,8.673617379884035e-19,0.08700000000000001,0.088,0.0877,0.088,0.00045825756949557803,0.004,0.004,0.004000000000000001,0.004,8.673617379884035e-19,0.036000000000000004,0.037,0.036950000000000004,0.037,0.00021794494717703236,0.11800000000000001,0.11900000000000001,0.11855,0.11900000000000001,0.0004974937185533104,0.004,0.004,0.004000000000000001,0.004,8.673617379884035e-19,0.117,0.12,0.11829999999999999,0.11800000000000001,0.0007141428428542841,0.004,0.005,0.004300000000000001,0.004,0.00045825756949558405,32,32,2560,10240,51200,False,96,1
0.004,0.005,0.004333333333333335,0.004,0.0004714045207910317,0.006,0.007,0.006150000000000001,0.006,0.0003570714214271425,0.085,0.08600000000000001,0.08525000000000002,0.085,0.0004330127018922197,0.004,0.004,0.004000000000000001,0.004,8.673617379884035e-19,0.03,0.03,0.030000000000000006,0.03,6.938893903907228e-18,0.108,0.11,0.1082,0.108,0.000509901951359279,0.004,0.004,0.004000000000000001,0.004,8.673617379884035e-19,0.10400000000000001,0.106,0.10515000000000001,0.105,0.0005722761571129776,0.004,0.004,0.004000000000000001,0.004,8.673617379884035e-19,32,32,2560,10240,51200,False,88,1
0.003,0.005,0.004000000000000001,0.004,0.00030860669992418383,0.006,0.007,0.0060500000000000016,0.006,0.0002179449471770337,0.085,0.08700000000000001,0.08575000000000002,0.08600000000000001,0.0005361902647381809,0.004,0.004,0.004000000000000001,0.004,8.673617379884035e-19,0.033,0.034,0.033400000000000006,0.033,0.000489897948556636,0.106,0.108,0.10750000000000001,0.108,0.0005916079783099621,0.003,0.003,0.0030000000000000005,0.003,4.336808689942018e-19,0.113,0.117,0.11499999999999999,0.115,0.001140175425099139,0.004,0.004,0.004000000000000001,0.004,8.673617379884035e-19,32,32,2560,10240,51200,False,80,1
0.003,0.005,0.004000000000000001,0.004,0.00030860669992418383,0.006,0.006,0.006000000000000001,0.006,8.673617379884035e-19,0.08700000000000001,0.089,0.08754999999999999,0.08700000000000001,0.0007399324293474315,0.004,0.004,0.004000000000000001,0.004,8.673617379884035e-19,0.036000000000000004,0.036000000000000004,0.03600000000000001,0.036000000000000004,6.938893903907228e-18,0.109,0.11,0.10965,0.11,0.00047696960070847314,0.003,0.003,0.0030000000000000005,0.003,4.336808689942018e-19,0.115,0.117,0.11620000000000001,0.116,0.0005099019513592789,0.004,0.004,0.004000000000000001,0.004,8.673617379884035e-19,32,32,2560,10240,51200,False,72,1
0.003,0.004,0.003952380952380953,0.004,0.00021295885499997998,0.006,0.006,0.006000000000000001,0.006,8.673617379884035e-19,0.084,0.085,0.08410000000000002,0.084,0.00030000000000000024,0.005,0.006,0.005750000000000001,0.006,0.00043301270189221935,0.029,0.03,0.029050000000000003,0.029,0.00021794494717703315,0.10400000000000001,0.106,0.1052,0.105,0.0005099019513592773,0.003,0.003,0.0030000000000000005,0.003,4.336808689942018e-19,0.111,0.112,0.11150000000000002,0.1115,0.0005000000000000004,0.002,0.004,0.0035000000000000005,0.004,0.0005916079783099615,32,32,2560,10240,51200,False,64,1
0.003,0.004,0.003047619047619048,0.003,0.00021295885499998,0.006,0.006,0.006000000000000001,0.006,8.673617379884035e-19,0.081,0.082,0.08114999999999999,0.081,0.00035707142142714284,0.005,0.006,0.0054,0.005,0.0004898979485566356,0.033,0.034,0.033150000000000006,0.033,0.00035707142142714284,0.106,0.108,0.10645,0.106,0.0005894913061275804,0.003,0.003,0.0030000000000000005,0.003,4.336808689942018e-19,0.1,0.10200000000000001,0.10100000000000002,0.101,0.00044721359549995833,0.003,0.004,0.003350000000000001,0.003,0.00047696960070847287,32,32,2560,10240,51200,False,56,1
0.003,0.003,0.0030000000000000005,0.003,4.336808689942018e-19,0.006,0.006,0.006000000000000001,0.006,8.673617379884035e-19,0.08,0.081,0.08020000000000002,0.08,0.0004000000000000003,0.005,0.006,0.0051,0.005,0.00030000000000000003,0.032,0.032,0.03200000000000001,0.032,6.938893903907228e-18,0.105,0.107,0.10569999999999999,0.1055,0.0007810249675906662,0.003,0.003,0.0030000000000000005,0.003,4.336808689942018e-19,0.1,0.101,0.10060000000000002,0.101,0.000489897948556636,0.003,0.003,0.0030000000000000005,0.003,4.336808689942018e-19,32,32,2560,10240,51200,False,48,1
0.003,0.003,0.0030000000000000005,0.003,4.336808689942018e-19,0.005,0.006,0.005350000000000001,0.005,0.0004769696007084728,0.081,0.082,0.08125,0.081,0.0004330127018922198,0.005,0.005,0.005000000000000001,0.005,8.673617379884035e-19,0.032,0.032,0.03200000000000001,0.032,6.938893903907228e-18,0.10400000000000001,0.106,0.1046,0.10450000000000001,0.0006633249580710744,0.002,0.003,0.00255,0.003,0.00049749371855331,0.107,0.108,0.10740000000000001,0.107,0.0004898979485566361,0.002,0.002,0.0020000000000000005,0.002,4.336808689942018e-19,32,32,2560,10240,51200,False,40,1
0.002,0.003,0.002952380952380953,0.003,0.00021295885499997998,0.005,0.006,0.005050000000000001,0.005,0.0002179449471770337,0.08,0.081,0.08080000000000001,0.081,0.00040000000000000034,0.005,0.005,0.005000000000000001,0.005,8.673617379884035e-19,0.028,0.029,0.028050000000000002,0.028,0.0002179449471770339,0.10200000000000001,0.10300000000000001,0.10264999999999999,0.10300000000000001,0.00047696960070847325,0.002,0.003,0.0020500000000000006,0.002,0.0002179449471770337,0.106,0.107,0.10680000000000003,0.107,0.00040000000000000034,0.002,0.002,0.0020000000000000005,0.002,4.336808689942018e-19,32,32,2560,10240,51200,False,32,1
0.002,0.003,0.002952380952380953,0.003,0.00021295885499997998,0.005,0.005,0.005000000000000001,0.005,8.673617379884035e-19,0.078,0.079,0.07885,0.079,0.00035707142142714284,0.005,0.005,0.005000000000000001,0.005,8.673617379884035e-19,0.028,0.028,0.028000000000000004,0.028,3.469446951953614e-18,0.10200000000000001,0.10300000000000001,0.10220000000000003,0.10200000000000001,0.00040000000000000034,0.002,0.002,0.0020000000000000005,0.002,4.336808689942018e-19,0.105,0.106,0.10585,0.106,0.00035707142142714284,0.002,0.002,0.0020000000000000005,0.002,4.336808689942018e-19,32,32,2560,10240,51200,False,24,1
0.007,0.011,0.01,0.01,0.0007559289460184543,0.005,0.006,0.005050000000000001,0.005,0.0002179449471770337,0.078,0.079,0.07880000000000001,0.079,0.00040000000000000034,0.005,0.005,0.005000000000000001,0.005,8.673617379884035e-19,0.03,0.031,0.030500000000000006,0.0305,0.0005000000000000004,0.10300000000000001,0.10400000000000001,0.10335000000000001,0.10300000000000001,0.0004769696007084732,0.002,0.002,0.0020000000000000005,0.002,4.336808689942018e-19,0.106,0.108,0.10695000000000002,0.107,0.0003840572873934307,0.002,0.003,0.0022500000000000007,0.002,0.00043301270189221935,32,32,2560,10240,51200,False,16,1
0.004,0.006,0.005904761904761906,0.006,0.00042591770999995997,0.005,0.005,0.005000000000000001,0.005,8.673617379884035e-19,0.077,0.078,0.0779,0.078,0.00030000000000000024,0.004,0.005,0.004900000000000002,0.005,0.00030000000000000003,0.029,0.03,0.029700000000000004,0.03,0.0004582575694955828,0.101,0.10300000000000001,0.10200000000000002,0.10200000000000001,0.0005477225575051667,0.002,0.002,0.0020000000000000005,0.002,4.336808689942018e-19,0.106,0.106,0.10600000000000001,0.106,1.3877787807814457e-17,0.002,0.003,0.0021000000000000003,0.002,0.00030000000000000003,32,32,2560,10240,51200,False,8,1
0.003,0.004,0.003095238095238096,0.003,0.00029354352395090366,0.005,0.005,0.005000000000000001,0.005,8.673617379884035e-19,0.077,0.078,0.07765000000000001,0.078,0.0004769696007084732,0.004,0.005,0.004550000000000001,0.005,0.00049749371855331,0.029,0.03,0.029050000000000003,0.029,0.00021794494717703315,0.093,0.093,0.093,0.093,0.0,0.002,0.002,0.0020000000000000005,0.002,4.336808689942018e-19,0.105,0.106,0.10525,0.105,0.00043301270189221973,0.002,0.002,0.0020000000000000005,0.002,4.336808689942018e-19,32,32,2560,10240,51200,False,4,1
0.002,0.003,0.002047619047619048,0.002,0.00021295885499998,0.005,0.005,0.005000000000000001,0.005,8.673617379884035e-19,0.077,0.078,0.07725,0.077,0.00043301270189221973,0.004,0.005,0.004450000000000001,0.004,0.0004974937185533101,0.029,0.03,0.029050000000000003,0.029,0.00021794494717703315,0.092,0.093,0.0926,0.093,0.0004898979485566361,0.002,0.002,0.0020000000000000005,0.002,4.336808689942018e-19,0.105,0.106,0.10525,0.105,0.0004330127018922198,0.002,0.002,0.0020000000000000005,0.002,4.336808689942018e-19,32,32,2560,10240,51200,False,2,1
0.002,0.002,0.0020000000000000005,0.002,4.336808689942018e-19,0.005,0.006,0.005050000000000001,0.005,0.0002179449471770337,0.07200000000000001,0.074,0.07215000000000002,0.07200000000000001,0.00047696960070846934,0.004,0.005,0.004400000000000001,0.004,0.0004898979485566357,0.028,0.028,0.028000000000000004,0.028,3.469446951953614e-18,0.096,0.097,0.09630000000000001,0.096,0.0004582575694955844,0.002,0.002,0.0020000000000000005,0.002,4.336808689942018e-19,0.101,0.10200000000000001,0.10115,0.101,0.00035707142142714284,0.002,0.002,0.0020000000000000005,0.002,4.336808689942018e-19,32,32,2560,10240,51200,False,1,1
0.124,0.135,0.1300952380952381,0.131,0.004330454302624635,0.097,0.101,0.0986,0.0985,0.0011135528725660054,0.6855,0.7345,0.7120749999999999,0.7172499999999999,0.019075688060984853,0.182,0.186,0.18435,0.185,0.001061838029079766,0.2225,0.2455,0.23525000000000001,0.2395,0.009658545439143513,0.905,0.965,0.9378250000000001,0.9430000000000001,0.023049010282439455,0.1465,0.148,0.1474,0.1475,0.0004358898943540677,0.8445,0.9215,0.8908750000000001,0.912,0.03103944063606817,0.221,0.225,0.22250000000000006,0.222,0.0009219544457292896,32,32,2560,10240,51200,False,4096,2
0.122,0.134,0.1290952380952381,0.132,0.0043084055376257265,0.097,0.10300000000000001,0.10030000000000001,0.1,0.0015524174696260038,0.6705,0.7275,0.7046,0.7195,0.023432136052865513,0.183,0.186,0.18445000000000003,0.1845,0.0009733961166965903,0.218,0.2425,0.23432499999999998,0.24075,0.00927937902017155,0.8825000000000001,0.9555,0.9270000000000002,0.94625,0.029921564130238915,0.147,0.1485,0.14767499999999995,0.1475,0.0004264680527307999,0.8265,0.912,0.881175,0.90325,0.03369320220756702,0.221,0.224,0.22245000000000004,0.2225,0.0007399324293474378,32,32,2560,10240,51200,False,4096,2
0.122,0.133,0.12895238095238096,0.131,0.0035250962901565265,0.097,0.10300000000000001,0.09930000000000001,0.099,0.0014177446878757838,0.679,0.726,0.707875,0.714,0.019569667217405596,0.182,0.185,0.1832,0.183,0.0008717797887081355,0.221,0.242,0.23467500000000002,0.23775000000000002,0.008428040994204996,0.8945000000000001,0.9530000000000001,0.93035,0.9385,0.023698681397917486,0.1455,0.147,0.14637499999999998,0.1465,0.0004437059837324716,0.834,0.911,0.88365,0.90225,0.032455007317823865,0.22,0.222,0.22095000000000004,0.221,0.0007399324293474377,32,32,2560,10240,51200,False,4064,2
0.122,0.133,0.12795238095238098,0.13,0.0038972052315447885,0.095,0.10200000000000001,0.09790000000000001,0.098,0.0013379088160259665,0.6445,0.6910000000000001,0.671725,0.6785000000000001,0.01958409750282103,0.181,0.184,0.18255,0.1825,0.0008645808232895299,0.221,0.2445,0.23632500000000004,0.24025,0.009033652362140128,0.862,0.92,0.89535,0.90375,0.024496989610970566,0.145,0.146,0.14542499999999997,0.1455,0.0004264680527307999,0.836,0.9205,0.8913250000000001,0.91075,0.03479557263503505,0.218,0.223,0.21925,0.219,0.001219631091765048,32,32,2560,10240,51200,False,4032,2
0.121,0.131,0.1275238095238095,0.13,0.0034726008863818192,0.096,0.099,0.09725,0.097,0.0009937303457175904,0.637,0.6890000000000001,0.6662250000000001,0.6737500000000001,0.021908032202824602,0.18,0.183,0.18149999999999997,0.1815,0.0009219544457292896,0.2205,0.244,0.234525,0.238,0.009461071556647266,0.847,0.918,0.8882999999999999,0.897,0.028741259540945665,0.14300000000000002,0.145,0.144225,0.14425,0.00046029881598803836,0.8315,0.92,0.8888000000000001,0.9105000000000001,0.03498335318405028,0.216,0.219,0.21749999999999997,0.218,0.0008062257748298557,32,32,2560,10240,51200,False,4000,2
0.117,0.13,0.1249047619047619,0.127,0.004628120691359166,0.095,0.099,0.09615,0.096,0.0009096702699330133,0.6345000000000001,0.6815,0.6629,0.66875,0.01883719724375152,0.178,0.181,0.17995,0.18,0.0008645808232895298,0.22,0.2415,0.23345000000000002,0.23700000000000002,0.008671649208772223,0.858,0.907,0.8855749999999999,0.889,0.019828814261069666,0.14250000000000002,0.14400000000000002,0.14282500000000004,0.14275000000000002,0.0003960744879438719,0.8310000000000001,0.9105,0.880725,0.895,0.03281290714033121,0.214,0.218,0.21575000000000003,0.216,0.0009937303457175904,32,32,2560,10240,51200,False,3968,2
0.12,0.128,0.12490476190476188,0.126,0.002223355719986431,0.093,0.097,0.095,0.095,0.0010488088481701524,0.629,0.6705,0.65655,0.666,0.014630362264824472,0.177,0.179,0.17834999999999995,0.178,0.0005722761571129804,0.2225,0.23750000000000002,0.23297500000000002,0.23700000000000002,0.00553731658838467,0.8395,0.891,0.8737250000000001,0.8805000000000001,0.017570198490626115,0.14100000000000001,0.14250000000000002,0.14187500000000003,0.14200000000000002,0.00034910600109422385,0.8355,0.893,0.8748999999999999,0.884,0.021741435095227746,0.212,0.217,0.21415,0.214,0.0011947803145348531,32,32,2560,10240,51200,False,3936,2
0.116,0.124,0.12142857142857141,0.123,0.0025740727146170593,0.092,0.097,0.0948,0.095,0.001363818169698587,0.6535,0.7000000000000001,0.6845749999999999,0.69725,0.017273010015628438,0.17200000000000001,0.17400000000000002,0.17285,0.17300000000000001,0.0007262919523166982,0.217,0.232,0.22705000000000006,0.23,0.005731273854912192,0.8215,0.8725,0.8533,0.8635,0.020915544458607806,0.14,0.14150000000000001,0.14079999999999998,0.14100000000000001,0.00036742346141747706,0.8225,0.8755000000000001,0.85755,0.8694999999999999,0.02077793300595609,0.21,0.213,0.21185,0.212,0.0007921489758877437,32,32,2560,10240,51200,False,3904,2
0.122,0.125,0.12323809523809529,0.123,0.0006834619092574923,0.091,0.095,0.09290000000000001,0.093,0.0011789826122551605,0.7030000000000001,0.711,0.7053999999999999,0.7035,0.0031008063467427038,0.169,0.17200000000000001,0.1708,0.171,0.0006000000000000005,0.234,0.23700000000000002,0.2351,0.23450000000000001,0.0009823441352194257,0.879,0.8885000000000001,0.8826,0.8805000000000001,0.003780211634287166,0.139,0.14,0.13947500000000002,0.1395,0.00036996621467371885,0.884,0.8935000000000001,0.886825,0.8845000000000001,0.00394738837714255,0.209,0.212,0.2105,0.21,0.0008660254037844396,32,32,2560,10240,51200,False,3872,2
0.122,0.127,0.12471428571428571,0.125,0.001118794297568642,0.091,0.096,0.09335,0.0935,0.001492481155659931,0.669,0.6890000000000001,0.6789499999999999,0.6817500000000001,0.006164211222857314,0.171,0.17300000000000001,0.17165000000000002,0.17200000000000001,0.0005722761571129803,0.23750000000000002,0.2445,0.24095,0.242,0.0022798026230355893,0.888,0.917,0.90145,0.905,0.008731981447529518,0.1365,0.138,0.13745000000000002,0.1375,0.0004153311931459041,0.868,0.893,0.880725,0.8855000000000001,0.008167733773820027,0.20700000000000002,0.211,0.20885000000000004,0.209,0.001013656746635655,32,32,2560,10240,51200,False,3840,2
0.121,0.125,0.12271428571428575,0.123,0.0008806305718527114,0.091,0.094,0.0926,0.0925,0.0009165151389911689,0.669,0.6835,0.6752250000000001,0.676,0.003906644980030821,0.169,0.171,0.17004999999999998,0.17,0.0005894913061275804,0.23750000000000002,0.242,0.23914999999999997,0.23950000000000002,0.0013143439428094858,0.885,0.905,0.8944500000000002,0.896,0.006129641098791987,0.1355,0.137,0.13637499999999997,0.1365,0.00041457809879442536,0.867,0.8845000000000001,0.8744500000000002,0.8755000000000001,0.004803384223648989,0.20600000000000002,0.209,0.2072,0.20700000000000002,0.0007483314773547857,32,32,2560,10240,51200,False,3808,2
0.121,0.122,0.1215238095238095,0.122,0.0004994327848429298,0.09,0.092,0.0907,0.0905,0.0007810249675906662,0.6685,0.682,0.6748750000000001,0.675,0.0034491846862700847,0.168,0.169,0.16870000000000002,0.169,0.00045825756949558437,0.23750000000000002,0.242,0.23974999999999996,0.24,0.0012093386622447741,0.8835000000000001,0.9025,0.89355,0.89375,0.004798176737053349,0.1345,0.137,0.13540000000000002,0.13525,0.0005830951894845307,0.867,0.884,0.8750750000000002,0.8755000000000001,0.00422573958023918,0.20400000000000001,0.20700000000000002,0.20585,0.20600000000000002,0.0007921489758877436,32,32,2560,10240,51200,False,3776,2
0.12,0.123,0.12138095238095238,0.121,0.0008438116736509222,0.088,0.094,0.091,0.091,0.0011832159566199242,0.665,0.6805,0.6729,0.673,0.005120058593414733,0.166,0.168,0.1672,0.167,0.000509901951359279,0.23650000000000002,0.242,0.2393,0.23950000000000002,0.0018999999999999905,0.884,0.9025,0.8934249999999999,0.89375,0.006502451460795368,0.1335,0.1355,0.13427500000000003,0.1345,0.000432290411644765,0.865,0.885,0.8753499999999999,0.87425,0.007090662874513215,0.202,0.20600000000000002,0.20395000000000002,0.20400000000000001,0.001023474474522937,32,32,2560,10240,51200,False,3744,2
0.117,0.12,0.11876190476190479,0.11900000000000001,0.000971241812112908,0.08700000000000001,0.091,0.08935,0.089,0.0010136567466356638,0.6495,0.6725,0.664625,0.6697500000000001,0.008114608739797627,0.164,0.166,0.1654,0.165,0.0005830951894845306,0.233,0.23950000000000002,0.23679999999999995,0.23725000000000002,0.002699073915253158,0.861,0.8905000000000001,0.8788750000000002,0.88075,0.011164536488363514,0.1325,0.134,0.133025,0.133,0.00046029881598804963,0.8495,0.8755000000000001,0.8656,0.872,0.009561119181351104,0.201,0.20400000000000001,0.20189999999999997,0.202,0.0008888194417315596,32,32,2560,10240,51200,False,3712,2
0.116,0.11900000000000001,0.11757142857142859,0.11800000000000001,0.001178030178747904,0.08700000000000001,0.091,0.08825000000000001,0.088,0.0009937303457175871,0.6455,0.6645,0.6585249999999999,0.66325,0.006723977617452352,0.163,0.165,0.1642,0.164,0.0006782329983125274,0.2305,0.23750000000000002,0.23485000000000006,0.23600000000000002,0.0025646637206464345,0.8565,0.8815000000000001,0.8720250000000002,0.8752500000000001,0.009278301299268104,0.1315,0.1325,0.13205000000000003,0.132,0.00026925824035672544,0.8415,0.867,0.8578999999999999,0.8612500000000001,0.008819863944528857,0.199,0.202,0.20010000000000003,0.2,0.0008306623862918082,32,32,2560,10240,51200,False,3680,2
0.116,0.11900000000000001,0.1178095238095238,0.11800000000000001,0.0006632565846278158,0.08600000000000001,0.092,0.0892,0.089,0.0015684387141358107,0.624,0.6315000000000001,0.6285000000000002,0.6295000000000001,0.0024392621835301015,0.164,0.166,0.1647,0.165,0.0005567764362830027,0.23700000000000002,0.24,0.23862499999999995,0.23900000000000002,0.0009984362773857918,0.8435,0.854,0.849575,0.852,0.003937876966082101,0.129,0.13,0.1295,0.1295,0.0003872983346207421,0.8675,0.877,0.873225,0.875,0.003168102744546006,0.197,0.199,0.1982,0.198,0.0006000000000000005,32,32,2560,10240,51200,False,3648,2
0.115,0.117,0.11623809523809525,0.116,0.0006098213559459861,0.084,0.089,0.08660000000000001,0.08650000000000001,0.0013190905958272883,0.62,0.6355000000000001,0.6264000000000001,0.6265000000000001,0.0040360872141221235,0.161,0.163,0.16219999999999998,0.162,0.0005099019513592789,0.23650000000000002,0.2415,0.238375,0.23900000000000002,0.0014566657131957173,0.842,0.8595,0.8495249999999999,0.851,0.004747301865270429,0.1275,0.1295,0.1284,0.1285,0.00046368092477478556,0.863,0.8815000000000001,0.8712750000000001,0.873,0.004357393142694388,0.196,0.198,0.19670000000000004,0.197,0.0006403124237432856,32,32,2560,10240,51200,False,3616,2
0.115,0.11800000000000001,0.11647619047619047,0.117,0.0009571310115353238,0.085,0.09,0.08670000000000001,0.08700000000000001,0.0012688577540449493,0.6195,0.636,0.6290500000000001,0.6315000000000001,0.005135416244083824,0.16,0.161,0.16055000000000003,0.161,0.0004974937185533105,0.23650000000000002,0.242,0.23972500000000005,0.2405,0.0020154093876927227,0.841,0.858,0.851125,0.8532500000000001,0.006518962724237661,0.1265,0.1275,0.12717499999999998,0.127,0.00032691742076555085,0.8,0.8160000000000001,0.809175,0.811,0.0060400227648577725,0.194,0.197,0.19565000000000005,0.196,0.0007262919523166982,32,32,2560,10240,51200,False,3584,2
0.112,0.115,0.1137619047619048,0.114,0.0011086139739831264,0.084,0.088,0.08585,0.08600000000000001,0.001013656746635664,0.608,0.6335000000000001,0.62475,0.627,0.007841396559287138,0.158,0.16,0.15895,0.159,0.0005894913061275802,0.2325,0.242,0.23797500000000005,0.23950000000000002,0.0033781466812440168,0.8250000000000001,0.8585,0.8440000000000001,0.8495,0.011948849316984441,0.125,0.1265,0.12570000000000006,0.1255,0.0004847679857416333,0.7835,0.8140000000000001,0.80185,0.8065,0.010722756175536223,0.192,0.196,0.19385000000000002,0.194,0.0009630680142129119,32,32,2560,10240,51200,False,3552,2
0.112,0.115,0.11376190476190476,0.114,0.0007499055118106493,0.083,0.08700000000000001,0.0849,0.085,0.0011357816691600557,0.59,0.6055,0.5977499999999999,0.59975,0.005346727971385876,0.158,0.16,0.15905,0.159,0.0005894913061275804,0.23700000000000002,0.242,0.23972500000000005,0.24,0.001977846050631838,0.8375,0.856,0.8476000000000001,0.8492500000000001,0.007239820439762304,0.124,0.126,0.12465,0.1245,0.0004769696007084732,0.7975,0.8145,0.8070999999999999,0.8095,0.0071161787498628835,0.19,0.194,0.19205,0.192,0.0009733961166965902,32,32,2560,10240,51200,False,3520,2
0.111,0.114,0.11261904761904763,0.113,0.0007853534524986026,0.083,0.08600000000000001,0.08485000000000001,0.085,0.0010136567466356656,0.5845,0.603,0.5963999999999999,0.5965,0.004913247398615297,0.157,0.16,0.15794999999999998,0.158,0.0007399324293474377,0.234,0.2415,0.239525,0.23925000000000002,0.0016990806337546106,0.8305,0.854,0.8476250000000002,0.8452500000000001,0.005822102283539858,0.123,0.1245,0.12372499999999997,0.1235,0.00040233692348577737,0.7905,0.8135,0.8077250000000001,0.806,0.005202102940157955,0.189,0.191,0.19,0.19,0.0007071067811865482,32,32,2560,10240,51200,False,3488,2
0.11,0.113,0.1114761904761905,0.111,0.0006632565846278156,0.081,0.084,0.08290000000000002,0.083,0.0008888194417315598,0.58,0.59,0.5838999999999999,0.5845,0.0024576411454888944,0.156,0.158,0.15715,0.157,0.0005722761571129803,0.23700000000000002,0.2415,0.23884999999999995,0.23950000000000002,0.0012559856687080412,0.794,0.8105,0.8008750000000001,0.8025,0.004449367932639422,0.122,0.123,0.12244999999999999,0.1225,0.0004444097208657798,0.795,0.8095,0.801375,0.8035,0.004409861108923945,0.187,0.19,0.1882,0.188,0.000748331477354789,32,32,2560,10240,51200,False,3456,2
0.109,0.111,0.11047619047619049,0.111,0.0005870870479018078,0.081,0.084,0.08225,0.082,0.0008874119674649432,0.58,0.5895,0.585025,0.58525,0.0028699956445959953,0.153,0.156,0.15475,0.155,0.0006982120021884477,0.23450000000000001,0.23850000000000002,0.2360500000000001,0.23650000000000002,0.0011821590417536898,0.7905,0.8055,0.79665,0.798,0.004102133591193745,0.1205,0.1225,0.12125,0.121,0.0004873397172404486,0.7875,0.8015,0.7932499999999999,0.795,0.003848701079585173,0.185,0.189,0.18695,0.187,0.001023474474522937,32,32,2560,10240,51200,False,3424,2
0.109,0.111,0.10990476190476192,0.11,0.0006098213559459861,0.08,0.085,0.08165,0.081,0.0012359207094308285,0.586,0.5965,0.5919749999999999,0.5920000000000001,0.003547798613224828,0.152,0.154,0.15325,0.153,0.0006224949798994371,0.23650000000000002,0.24,0.23809999999999998,0.23775000000000002,0.00109087121146357,0.797,0.8065,0.801675,0.79925,0.0037658830305786245,0.11950000000000001,0.121,0.12010000000000001,0.12,0.00046368092477478106,0.796,0.8055,0.8005500000000001,0.79925,0.00355281578469811,0.184,0.187,0.18495,0.185,0.0008645808232895299,32,32,2560,10240,51200,False,3392,2
0.109,0.111,0.11014285714285715,0.11,0.0007095078297976835,0.079,0.083,0.0811,0.081,0.0008888194417315596,0.56,0.5700000000000001,0.56645,0.56725,0.0023124662159694394,0.152,0.154,0.15275,0.153,0.0005361902647381809,0.23900000000000002,0.2415,0.24070000000000005,0.2415,0.0010999999999999877,0.8025,0.8130000000000001,0.8096499999999999,0.812,0.0036609425015971123,0.11850000000000001,0.11950000000000001,0.11890000000000003,0.11900000000000001,0.0003000000000000003,0.8015,0.8105,0.8073749999999998,0.8095,0.0035632674611934534,0.181,0.184,0.18314999999999998,0.183,0.0008529361054615998,32,32,2560,10240,51200,False,3360,2
0.107,0.109,0.10823809523809524,0.108,0.000525969572247013,0.079,0.083,0.0805,0.08,0.0011618950038622259,0.5575,0.5635,0.5609750000000001,0.5607500000000001,0.001444602021319378,0.151,0.153,0.1516,0.152,0.0005830951894845306,0.23800000000000002,0.23950000000000002,0.23890000000000003,0.23900000000000002,0.00033911649915626367,0.8025,0.8045,0.803475,0.8035,0.0006417748826496712,0.11750000000000001,0.11850000000000001,0.11775000000000002,0.11750000000000001,0.00037080992435478346,0.794,0.8005,0.79715,0.7965,0.001858090417606208,0.181,0.183,0.18139999999999998,0.181,0.0005830951894845306,32,32,2560,10240,51200,False,3328,2
0.106,0.109,0.10723809523809524,0.107,0.0009209085526577968,0.078,0.081,0.0792,0.079,0.000748331477354789,0.558,0.5700000000000001,0.5630750000000001,0.56175,0.003540038841594823,0.149,0.151,0.14999999999999997,0.15,0.0006324555320336764,0.23700000000000002,0.242,0.23842500000000003,0.23800000000000002,0.0017412280149365763,0.7915,0.808,0.798,0.798,0.00569429539100317,0.116,0.11800000000000001,0.11674999999999999,0.1165,0.0004609772228646448,0.7855,0.8035,0.793175,0.79175,0.006841555013299242,0.178,0.181,0.17959999999999998,0.18,0.0007348469228349541,32,32,2560,10240,51200,False,3296,2
0.105,0.107,0.10595238095238094,0.106,0.000722178613719196,0.077,0.08,0.07845,0.078,0.0007399324293474377,0.5565,0.5635,0.5603750000000001,0.5605,0.0019485571585149896,0.147,0.149,0.1481,0.148,0.0005385164807134509,0.23650000000000002,0.23900000000000002,0.23842500000000003,0.23850000000000002,0.0008407585860400127,0.7525000000000001,0.7635000000000001,0.76105,0.763,0.0032592176975464525,0.115,0.1165,0.11564999999999999,0.1155,0.00047696960070847325,0.787,0.799,0.7939499999999999,0.7947500000000001,0.0033981612675092338,0.176,0.179,0.17784999999999998,0.178,0.0007921489758877437,32,32,2560,10240,51200,False,3264,2
0.10400000000000001,0.106,0.10485714285714286,0.105,0.0005593971487843159,0.076,0.08,0.07825000000000001,0.0785,0.0015124483462254188,0.551,0.5585,0.554825,0.556,0.0025113492389550233,0.146,0.149,0.1473,0.147,0.0007141428428542856,0.23600000000000002,0.23850000000000002,0.23755000000000007,0.23800000000000002,0.0011056672193748,0.7535000000000001,0.7615000000000001,0.7586499999999999,0.761,0.0032252906845740203,0.114,0.1155,0.114425,0.1145,0.00042646805273079987,0.7835,0.799,0.791275,0.792,0.003855110244856826,0.17500000000000002,0.179,0.17625,0.176,0.0009937303457175834,32,32,2560,10240,51200,False,3232,2
0.10300000000000001,0.105,0.10385714285714288,0.10400000000000001,0.0006388765649999371,0.075,0.078,0.0765,0.0765,0.0006708203932499376,0.5745,0.582,0.5783,0.5785,0.002699073915253142,0.14200000000000002,0.14300000000000002,0.14245,0.14200000000000002,0.0004974937185533105,0.1785,0.181,0.17995,0.18025,0.0008645808232895299,0.747,0.759,0.7544500000000001,0.75575,0.0039335098830433944,0.113,0.114,0.11345000000000001,0.1135,0.00038405728739343076,0.6705,0.679,0.6749250000000001,0.67725,0.003439749264117955,0.17300000000000001,0.17500000000000002,0.17429999999999998,0.17400000000000002,0.0005567764362830027,32,32,2560,10240,51200,False,3200,2
0.101,0.10300000000000001,0.10200000000000002,0.10200000000000001,0.0007559289460184551,0.075,0.078,0.0761,0.076,0.0008306623862918082,0.5690000000000001,0.5760000000000001,0.5729250000000001,0.5745,0.002440671014290943,0.139,0.14100000000000001,0.14035000000000003,0.14,0.0005722761571129804,0.177,0.179,0.17802500000000002,0.1785,0.0007660776723022287,0.743,0.7515000000000001,0.7477250000000001,0.74975,0.003238344484454984,0.1115,0.113,0.11227499999999999,0.11225,0.0004866980583482951,0.664,0.671,0.6680750000000002,0.6705,0.0031355820831226754,0.17200000000000001,0.17400000000000002,0.17295,0.17300000000000001,0.0005894913061275802,32,32,2560,10240,51200,False,3168,2
0.1,0.10300000000000001,0.10152380952380953,0.101,0.0007939681905015754,0.073,0.076,0.07475000000000001,0.075,0.0010897247358851695,0.5670000000000001,0.579,0.5734250000000001,0.57375,0.004744141123533303,0.138,0.14,0.13900000000000007,0.139,0.0005477225575051665,0.177,0.1815,0.179175,0.179,0.0018321776660575268,0.74,0.758,0.74955,0.74975,0.005852136362047627,0.1105,0.112,0.1111,0.111,0.00040620192023179834,0.6635,0.6815,0.6717500000000001,0.671,0.007304964065620026,0.17,0.17300000000000001,0.17150000000000004,0.1715,0.0006708203932499375,32,32,2560,10240,51200,False,3136,2
0.1,0.10300000000000001,0.1012857142857143,0.101,0.0007648751621051917,0.07200000000000001,0.076,0.0739,0.074,0.0011357816691600546,0.5715,0.5885,0.5770500000000001,0.577,0.004979708826829114,0.137,0.139,0.13789999999999997,0.138,0.0005385164807134509,0.178,0.1835,0.179675,0.18,0.0015594470173750708,0.7245,0.7475,0.73085,0.732,0.006555722690901447,0.1105,0.112,0.11130000000000002,0.1115,0.00036742346141747706,0.6705,0.6905,0.67615,0.677,0.00584829034846938,0.168,0.17,0.16890000000000002,0.169,0.0007000000000000006,32,32,2560,10240,51200,False,3104,2
0.099,0.101,0.10009523809523811,0.1,0.0006834619092574923,0.07200000000000001,0.077,0.07425000000000001,0.074,0.0014097872179871663,0.55,0.5575,0.5530250000000001,0.552,0.00257621330638594,0.136,0.138,0.13715000000000002,0.137,0.0006538348415311016,0.1795,0.1825,0.18075,0.1805,0.0008440971508067073,0.7145,0.7245,0.71825,0.717,0.0033966895648557607,0.1085,0.11,0.1092,0.109,0.0003316624790355403,0.676,0.6845,0.6790750000000001,0.6775,0.003058900946418505,0.167,0.169,0.16805,0.168,0.0007399324293474377,32,32,2560,10240,51200,False,3072,2
0.098,0.1,0.09895238095238094,0.099,0.000652919485752481,0.07200000000000001,0.075,0.0732,0.073,0.0008124038404635937,0.5065000000000001,0.5265,0.518325,0.52,0.005422810618120437,0.137,0.138,0.13720000000000002,0.137,0.0004000000000000003,0.1765,0.183,0.180525,0.181,0.0018471261462065893,0.7000000000000001,0.726,0.716425,0.7185,0.007739953165232968,0.1075,0.109,0.108025,0.108,0.00043229041164476493,0.6595,0.6905,0.6780250000000001,0.679,0.008463856981305876,0.164,0.167,0.16555,0.1655,0.0007399324293474377,32,32,2560,10240,51200,False,3040,2
0.096,0.1,0.09804761904761905,0.098,0.0010900498230723436,0.07,0.073,0.07160000000000001,0.07200000000000001,0.0006633249580710791,0.5105000000000001,0.5265,0.5203,0.5215000000000001,0.005651106086422364,0.135,0.137,0.13595000000000002,0.136,0.0004974937185533104,0.1845,0.1905,0.18789999999999998,0.188,0.0020161845153655973,0.6890000000000001,0.7105,0.7015,0.7025,0.00792148975887741,0.1055,0.1075,0.10652500000000001,0.1065,0.0005117372372614685,0.6920000000000001,0.714,0.705175,0.7065,0.008225379930434807,0.163,0.165,0.16410000000000002,0.164,0.0007681145747868615,32,32,2560,10240,51200,False,3008,2
0.095,0.099,0.09704761904761906,0.097,0.0011328930717495553,0.069,0.074,0.07110000000000001,0.07100000000000001,0.001135781669160054,0.5095000000000001,0.525,0.518725,0.5229999999999999,0.006473938136868453,0.133,0.135,0.1342,0.134,0.0005099019513592789,0.184,0.1895,0.18737499999999999,0.189,0.00233385410855092,0.6880000000000001,0.7095,0.7003750000000001,0.7030000000000001,0.008721919226867427,0.1045,0.106,0.1052,0.105,0.00036742346141747706,0.6915,0.7135,0.7043499999999998,0.70975,0.009267011384475558,0.161,0.164,0.16254999999999997,0.1625,0.0007399324293474377,32,32,2560,10240,51200,False,2976,2
0.094,0.097,0.09519047619047619,0.095,0.0007939681905015753,0.069,0.07200000000000001,0.07015,0.07,0.0009096702699330133,0.5215,0.536,0.5307000000000001,0.531,0.004112177038990428,0.132,0.133,0.1326,0.133,0.0004898979485566361,0.183,0.1875,0.18562499999999998,0.1855,0.001404234666998363,0.6960000000000001,0.713,0.7053999999999999,0.7055,0.005402777063696011,0.10400000000000001,0.105,0.10445000000000002,0.1045,0.00038405728739342507,0.685,0.7000000000000001,0.69415,0.6930000000000001,0.005172281894869995,0.159,0.161,0.16035000000000002,0.16,0.0005722761571129803,32,32,2560,10240,51200,False,2944,2
0.093,0.095,0.09404761904761906,0.094,0.0005753831415997421,0.068,0.07,0.06910000000000001,0.069,0.0007000000000000006,0.5245,0.531,0.528875,0.5295,0.0018157298807917484,0.13,0.132,0.13155,0.132,0.0006689544080129832,0.183,0.1855,0.18462499999999998,0.185,0.0006869315832017049,0.6970000000000001,0.7055,0.7029000000000001,0.704,0.002723049760838,0.10250000000000001,0.10400000000000001,0.1032,0.10300000000000001,0.0003316624790355403,0.6855,0.6930000000000001,0.6911250000000002,0.6925,0.0027058963394779195,0.158,0.16,0.15904999999999997,0.159,0.0007399324293474378,32,32,2560,10240,51200,False,2912,2
0.092,0.094,0.09304761904761906,0.093,0.000722178613719196,0.067,0.07,0.06855,0.069,0.0009205976319760995,0.4855,0.495,0.490525,0.49,0.0028393441144038906,0.131,0.132,0.13115000000000004,0.131,0.0003570714214271428,0.184,0.1875,0.18585,0.1855,0.0011412712210513336,0.6495,0.662,0.6560249999999999,0.6555,0.003948021656475568,0.101,0.10200000000000001,0.101525,0.1015,0.0002947456530637902,0.6855,0.7000000000000001,0.693,0.6920000000000001,0.00480884601541784,0.156,0.159,0.15735000000000002,0.157,0.0006538348415311016,32,32,2560,10240,51200,False,2880,2
0.092,0.095,0.09342857142857144,0.093,0.0007284313590846842,0.066,0.068,0.06735000000000002,0.0675,0.0007262919523166982,0.498,0.5035000000000001,0.49957499999999994,0.4985,0.0019765816451642127,0.129,0.131,0.13010000000000002,0.13,0.0005385164807134509,0.1885,0.1905,0.18919999999999998,0.189,0.0007810249675906661,0.6665,0.6745,0.668725,0.667,0.0030019785142468905,0.1,0.101,0.1005,0.1005,0.0001581138830084191,0.705,0.712,0.70665,0.705,0.0028857408061016177,0.155,0.157,0.15550000000000003,0.155,0.0005916079783099622,32,32,2560,10240,51200,False,2848,2
0.091,0.093,0.0919047619047619,0.092,0.0006098213559459861,0.065,0.068,0.0665,0.067,0.0008660254037844396,0.47900000000000004,0.485,0.48250000000000004,0.48224999999999996,0.0019235384061671264,0.128,0.129,0.1286,0.129,0.0004898979485566361,0.1835,0.187,0.18560000000000001,0.18525,0.0010319883720275155,0.652,0.6655,0.6615749999999999,0.66,0.003547093880911518,0.099,0.1,0.099475,0.0995,0.0002947456530637901,0.6970000000000001,0.7055,0.700825,0.6985,0.0032721361524239573,0.153,0.154,0.15349999999999997,0.1535,0.0005000000000000004,32,32,2560,10240,51200,False,2816,2
0.09,0.092,0.09052380952380953,0.09,0.0005870870479018078,0.064,0.066,0.06525,0.065,0.0006982120021884477,0.47450000000000003,0.484,0.47897500000000004,0.47950000000000004,0.003039222762483835,0.126,0.128,0.12689999999999996,0.127,0.0006244997998398403,0.183,0.187,0.18475,0.1845,0.0012298373876248854,0.6525,0.6645,0.6574,0.658,0.003973663297261099,0.0975,0.0995,0.09832500000000001,0.0985,0.0005539629951540089,0.6910000000000001,0.705,0.695875,0.6975,0.004829272719571737,0.151,0.154,0.1519,0.152,0.0008306623862918082,32,32,2560,10240,51200,False,2784,2
0.089,0.092,0.09000000000000001,0.09,0.0006900655593423548,0.063,0.067,0.06495,0.065,0.0009205976319760994,0.48,0.4855,0.48164999999999986,0.4805,0.0019627786426390536,0.125,0.126,0.12544999999999998,0.125,0.0004974937185533104,0.185,0.1875,0.185575,0.185,0.0008104782538723671,0.659,0.6655,0.6607000000000001,0.65925,0.0026191601707417473,0.0965,0.098,0.097,0.097,0.0003535533905932741,0.6975,0.705,0.6993250000000001,0.6980000000000001,0.0028428638729281063,0.149,0.152,0.15054999999999996,0.15,0.0008046738469715548,32,32,2560,10240,51200,False,2752,2
0.08700000000000001,0.09,0.08823809523809525,0.088,0.0006834619092574898,0.062,0.067,0.06394999999999999,0.064,0.001160818676624391,0.47250000000000003,0.47800000000000004,0.4744,0.47300000000000003,0.002200000000000002,0.12,0.121,0.12035,0.12,0.0004769696007084732,0.182,0.184,0.18275,0.1825,0.0007664854858377953,0.617,0.625,0.6197250000000001,0.618,0.002887364715445548,0.096,0.097,0.09625000000000002,0.096,0.00033541019662496876,0.6905,0.6975,0.6929000000000001,0.6905,0.0032233522922572515,0.148,0.15,0.14865,0.149,0.0005722761571129803,32,32,2560,10240,51200,False,2720,2
0.08600000000000001,0.08700000000000001,0.08652380952380954,0.08700000000000001,0.0004994327848429298,0.061,0.066,0.0627,0.0625,0.0010535653752852749,0.4625,0.47200000000000003,0.4668,0.467,0.0028301943396169833,0.11800000000000001,0.121,0.11925000000000004,0.11900000000000001,0.0006224949798994318,0.178,0.182,0.17980000000000004,0.18,0.001100000000000001,0.6045,0.617,0.6105500000000001,0.61075,0.0035387144558441034,0.0945,0.0955,0.094875,0.095,0.00026809513236909045,0.676,0.6895,0.682525,0.683,0.003624482721713543,0.146,0.148,0.14689999999999998,0.147,0.0007681145747868615,32,32,2560,10240,51200,False,2688,2
0.084,0.085,0.08485714285714285,0.085,0.00034992710611188283,0.061,0.063,0.061950000000000005,0.062,0.0004974937185533105,0.458,0.4675,0.46252499999999996,0.463,0.0026714930282521815,0.117,0.11900000000000001,0.11779999999999999,0.11800000000000001,0.000509901951359279,0.1765,0.18,0.178125,0.17825,0.0009730750228014288,0.599,0.6115,0.6046750000000001,0.605,0.0033811055884133477,0.093,0.0945,0.09367499999999998,0.0935,0.0003269174207655508,0.67,0.6835,0.6761250000000001,0.6765,0.0038401660120364486,0.14400000000000002,0.147,0.14559999999999998,0.146,0.0006633249580710772,32,32,2560,10240,51200,False,2656,2
0.083,0.08600000000000001,0.08404761904761907,0.084,0.0007853534524986027,0.059000000000000004,0.062,0.06065,0.061,0.0006538348415311007,0.4585,0.47200000000000003,0.46442500000000003,0.4635,0.004028880117352715,0.115,0.117,0.11600000000000002,0.116,0.0007071067811865482,0.1765,0.182,0.17872500000000002,0.1785,0.0016161296358894002,0.5995,0.6175,0.6073000000000002,0.60575,0.005332447843157967,0.092,0.0935,0.0927,0.0925,0.00036742346141747706,0.67,0.6895,0.678,0.67675,0.005293864373026566,0.14300000000000002,0.145,0.14370000000000002,0.14400000000000002,0.0006403124237432799,32,32,2560,10240,51200,False,2624,2
0.083,0.085,0.08390476190476191,0.084,0.000525969572247013,0.06,0.062,0.060399999999999995,0.06,0.0005830951894845307,0.463,0.47300000000000003,0.4684000000000001,0.46775,0.003371201566207518,0.115,0.116,0.11505000000000003,0.115,0.00021794494717703388,0.178,0.182,0.18007499999999999,0.18,0.001306474263045393,0.605,0.6175,0.6122250000000001,0.611,0.004400213063023201,0.091,0.092,0.0915,0.0915,0.0003162277660168382,0.676,0.6895,0.6838750000000002,0.683,0.005265156692824999,0.14100000000000001,0.14300000000000002,0.14195,0.14200000000000002,0.0003840572873934307,32,32,2560,10240,51200,False,2592,2
0.083,0.08700000000000001,0.08428571428571431,0.084,0.0009331389496316878,0.058,0.061,0.05965,0.0595,0.0008529361054615968,0.4455,0.455,0.44794999999999996,0.446,0.0035245567097154248,0.117,0.11800000000000001,0.11765,0.11800000000000001,0.00047696960070847314,0.15,0.1535,0.1512,0.1505,0.0012186057606953951,0.586,0.598,0.5891,0.5865,0.004545877253072284,0.0905,0.0915,0.09075,0.0905,0.00029580398915498104,0.5595,0.5710000000000001,0.56185,0.5595,0.004135516896350457,0.139,0.14100000000000001,0.14035000000000003,0.14,0.0005722761571129804,32,32,2560,10240,51200,False,2560,2
0.082,0.084,0.0832857142857143,0.083,0.0006998542122237659,0.057,0.061,0.0586,0.058,0.000916515138991167,0.437,0.449,0.44135,0.4405,0.003990927210561479,0.112,0.115,0.11380000000000001,0.114,0.0006000000000000006,0.148,0.1525,0.14955000000000002,0.149,0.0014482748357960253,0.5805,0.598,0.587175,0.586,0.005543633736097651,0.089,0.09,0.08944999999999999,0.0895,0.0003500000000000003,0.5545,0.5710000000000001,0.560975,0.55975,0.005395542141434928,0.137,0.14,0.13849999999999998,0.138,0.0007416198487095669,32,32,2560,10240,51200,False,2528,2
0.081,0.084,0.0819047619047619,0.082,0.0008676603408708864,0.057,0.06,0.0581,0.058,0.0006244997998398394,0.44,0.4505,0.44407499999999994,0.4415,0.004114835962708603,0.112,0.113,0.11230000000000002,0.112,0.0004582575694955844,0.1495,0.1525,0.15032500000000004,0.1495,0.001247747971346779,0.5865,0.599,0.589925,0.587,0.0049655689502815445,0.08750000000000001,0.089,0.08825000000000001,0.088,0.00037080992435478205,0.56,0.5720000000000001,0.563825,0.561,0.004664426545675251,0.136,0.139,0.137,0.137,0.0007745966692414842,32,32,2560,10240,51200,False,2496,2
0.08,0.082,0.08095238095238096,0.081,0.000575383141599742,0.057,0.059000000000000004,0.05750000000000001,0.057,0.0005916079783099621,0.44,0.445,0.4427,0.44425000000000003,0.002170253441421072,0.11,0.112,0.11115000000000001,0.111,0.0005722761571129803,0.149,0.1505,0.1498,0.15025,0.0007314369419163904,0.585,0.592,0.588475,0.589,0.002908930215732237,0.08650000000000001,0.08750000000000001,0.08709999999999998,0.08700000000000001,0.0002549509756796395,0.5595,0.5655,0.562425,0.5635000000000001,0.0027307279249313954,0.134,0.138,0.13484999999999997,0.135,0.0009096702699330135,32,32,2560,10240,51200,False,2464,2
0.079,0.081,0.07933333333333333,0.079,0.0005634361698190116,0.056,0.058,0.05685000000000001,0.057,0.0007921489758877436,0.4315,0.4445,0.4367750000000001,0.4355,0.004495761893161162,0.108,0.11,0.10900000000000001,0.109,0.0005477225575051667,0.1455,0.1505,0.14767499999999997,0.1475,0.0016068213964221425,0.5730000000000001,0.5905,0.5806,0.579,0.006197983543056567,0.0855,0.08700000000000001,0.086025,0.08600000000000001,0.0004866980583482951,0.548,0.5650000000000001,0.5558750000000001,0.554,0.006234731349464877,0.132,0.135,0.13305,0.133,0.0008046738469715547,32,32,2560,10240,51200,False,2432,2
0.077,0.079,0.07790476190476192,0.078,0.000525969572247013,0.055,0.057,0.05575000000000001,0.056,0.0005361902647381809,0.398,0.403,0.4003500000000001,0.4,0.001962778642639054,0.108,0.11,0.10905000000000001,0.109,0.0004974937185533105,0.146,0.148,0.14705,0.14725,0.0007053367989832949,0.5395,0.5455,0.54215,0.542,0.002617728022541699,0.0845,0.08600000000000001,0.08505,0.085,0.0003122498999199202,0.5485,0.5545,0.5512500000000001,0.5507500000000001,0.0026762847382145478,0.131,0.133,0.1318,0.132,0.0006000000000000005,32,32,2560,10240,51200,False,2400,2
0.076,0.079,0.07714285714285715,0.077,0.0008329931278350436,0.054,0.057,0.055400000000000005,0.055,0.0007348469228349541,0.396,0.40750000000000003,0.40120000000000006,0.3995,0.0039223717314910405,0.108,0.109,0.10845,0.108,0.0004974937185533104,0.145,0.149,0.146875,0.1465,0.0014737282653189507,0.5355,0.5515,0.5428,0.542,0.005764980485656484,0.0835,0.0845,0.08375,0.0835,0.00029580398915498104,0.5435,0.5595,0.55145,0.55125,0.005886212704277684,0.129,0.131,0.12969999999999998,0.13,0.0005567764362830027,32,32,2560,10240,51200,False,2368,2
0.075,0.078,0.07638095238095238,0.076,0.000652919485752481,0.054,0.057,0.05500000000000001,0.055,0.0008366600265340762,0.4035,0.41200000000000003,0.40630000000000005,0.40575000000000006,0.0028124722220850495,0.106,0.108,0.10685000000000003,0.107,0.00047696960070847325,0.1475,0.1505,0.148475,0.14875,0.0009549214627392146,0.544,0.5565,0.548625,0.54775,0.0036189604861064798,0.082,0.0835,0.0826,0.0825,0.0003741657386773945,0.554,0.5655,0.5574749999999999,0.5569999999999999,0.0036485442302375856,0.127,0.13,0.12825000000000003,0.128,0.0006224949798994372,32,32,2560,10240,51200,False,2336,2
0.074,0.077,0.076,0.076,0.0006900655593423549,0.053,0.056,0.05450000000000001,0.054,0.0007416198487095669,0.4025,0.40700000000000003,0.4039750000000001,0.403,0.0016543503256565715,0.10400000000000001,0.106,0.10485000000000003,0.105,0.0004769696007084683,0.1495,0.1515,0.15012499999999998,0.15,0.0006684870978560476,0.5495,0.556,0.5512750000000001,0.55,0.0022049659861322086,0.081,0.082,0.08152499999999999,0.0815,0.00024874685927665525,0.559,0.5650000000000001,0.560425,0.55925,0.0022598395960775597,0.126,0.127,0.12614999999999998,0.126,0.00035707142142714284,32,32,2560,10240,51200,False,2304,2
0.073,0.075,0.07423809523809524,0.074,0.0006834619092574922,0.052000000000000005,0.056,0.05365000000000001,0.054,0.0008529361054615991,0.3905,0.398,0.3961,0.3975,0.00290086194087206,0.10300000000000001,0.105,0.1034,0.10300000000000001,0.0006633249580710772,0.1455,0.1485,0.147575,0.148,0.0010520812706250418,0.5335,0.5435,0.5408999999999999,0.543,0.004051542915976572,0.0795,0.0805,0.08012500000000002,0.08,0.00026809513236909045,0.543,0.554,0.550575,0.5535,0.004553226877720878,0.124,0.126,0.12444999999999999,0.124,0.0005894913061275802,32,32,2560,10240,51200,False,2272,2
0.07200000000000001,0.074,0.07261904761904762,0.073,0.0005753831415997356,0.052000000000000005,0.054,0.052750000000000005,0.053,0.0006982120021884447,0.39,0.3985,0.39427500000000004,0.3945,0.00271788060812097,0.101,0.10200000000000001,0.1016,0.10200000000000001,0.0004898979485566361,0.1455,0.1495,0.14739999999999998,0.1475,0.0011789826122551607,0.5,0.5105000000000001,0.5050500000000001,0.50525,0.003224515467477263,0.079,0.08,0.079275,0.079,0.00033447720400649157,0.543,0.554,0.548,0.5485,0.003629738282576299,0.122,0.124,0.12290000000000001,0.123,0.0007000000000000006,32,32,2560,10240,51200,False,2240,2
0.07100000000000001,0.073,0.07166666666666668,0.07200000000000001,0.00056343616981901,0.051000000000000004,0.053,0.05185000000000001,0.052000000000000005,0.0006538348415310997,0.3925,0.3965,0.39330000000000004,0.3925,0.0014866068747318517,0.1,0.10200000000000001,0.1005,0.1,0.0005916079783099621,0.146,0.148,0.1467,0.1465,0.0006204836822995434,0.5035000000000001,0.51,0.50535,0.504,0.0020438933435969714,0.0775,0.0785,0.07805000000000002,0.078,0.00026925824035672544,0.5475,0.5535,0.5489,0.548,0.002065187642806337,0.12,0.123,0.12109999999999999,0.121,0.0007681145747868615,32,32,2560,10240,51200,False,2208,2
0.07,0.07100000000000001,0.07061904761904761,0.07100000000000001,0.00048562090605645613,0.05,0.053,0.05170000000000001,0.052000000000000005,0.0007810249675906651,0.363,0.367,0.36429999999999996,0.3635,0.001528070678993614,0.099,0.101,0.10000000000000002,0.1,0.0003162277660168382,0.145,0.147,0.14582500000000004,0.1455,0.0006378675411086542,0.5025000000000001,0.509,0.504275,0.503,0.0021992896580487055,0.0765,0.0775,0.076825,0.077,0.00028613807855649016,0.5475,0.5535,0.549175,0.548,0.002394133454926854,0.11800000000000001,0.121,0.11945000000000003,0.11900000000000001,0.0007399324293474317,32,32,2560,10240,51200,False,2176,2
0.069,0.07,0.06947619047619048,0.069,0.0004994327848429298,0.05,0.051000000000000004,0.05020000000000001,0.05,0.0004000000000000003,0.359,0.3635,0.36067499999999997,0.36,0.0013160072188251868,0.098,0.1,0.0987,0.099,0.0005567764362830027,0.14400000000000002,0.146,0.144575,0.1445,0.0006571719714047354,0.498,0.503,0.49977499999999997,0.499,0.0017851820635442304,0.0755,0.0765,0.07569999999999999,0.0755,0.0002915475947422653,0.5425,0.548,0.543825,0.5425,0.0022982330169067015,0.117,0.11900000000000001,0.1179,0.11800000000000001,0.0007000000000000005,32,32,2560,10240,51200,False,2144,2
0.067,0.069,0.06838095238095238,0.068,0.000575383141599742,0.048,0.051000000000000004,0.04970000000000001,0.05,0.0006403124237432856,0.359,0.363,0.36099999999999993,0.36024999999999996,0.0013038404810405309,0.096,0.098,0.09705,0.097,0.0004974937185533105,0.14350000000000002,0.145,0.144275,0.14400000000000002,0.0006417748826496593,0.4985,0.5035000000000001,0.500775,0.49975,0.0020522853115490683,0.074,0.075,0.07465,0.0745,0.00027838821814150135,0.542,0.5475,0.5447999999999998,0.5435000000000001,0.0024207436873820392,0.115,0.117,0.11595000000000003,0.116,0.0004974937185533104,32,32,2560,10240,51200,False,2112,2
0.067,0.069,0.06776190476190479,0.068,0.000525969572247013,0.047,0.049,0.04845000000000001,0.0485,0.0005894913061275802,0.354,0.3615,0.359025,0.361,0.0029260681810238144,0.092,0.093,0.09255000000000001,0.093,0.0004974937185533104,0.14150000000000001,0.145,0.14394999999999997,0.1445,0.001253993620398434,0.4595,0.46900000000000003,0.46580000000000005,0.468,0.0037060760920412886,0.0735,0.0745,0.073875,0.074,0.00026809513236909045,0.5365,0.5525,0.5447750000000001,0.547,0.004707640066954992,0.113,0.115,0.11430000000000003,0.114,0.0005567764362830027,32,32,2560,10240,51200,False,2080,2
0.066,0.067,0.0667142857142857,0.067,0.00045175395145262605,0.047,0.049,0.04790000000000001,0.048,0.00043588989435406776,0.34600000000000003,0.34750000000000003,0.34692500000000004,0.34700000000000003,0.00048153400710645604,0.094,0.095,0.09425000000000001,0.094,0.0004330127018922197,0.117,0.117,0.11700000000000002,0.117,1.3877787807814457e-17,0.465,0.467,0.46545000000000003,0.4655,0.0004974937185533104,0.07200000000000001,0.073,0.07255,0.0725,0.00021794494717703212,0.5415,0.547,0.542125,0.542,0.001138804197393046,0.112,0.114,0.11270000000000002,0.113,0.0007141428428542856,32,32,2560,10240,51200,False,2048,2
0.066,0.068,0.06738095238095239,0.067,0.000575383141599742,0.047,0.049,0.047950000000000007,0.048,0.000668954408012983,0.34850000000000003,0.35100000000000003,0.34982500000000005,0.34975,0.0008407585860400126,0.093,0.095,0.09425000000000001,0.094,0.0005361902647381809,0.11750000000000001,0.11850000000000001,0.11797500000000001,0.11800000000000001,0.00046029881598804963,0.4665,0.47000000000000003,0.4683750000000001,0.46775,0.0013216939887886316,0.07200000000000001,0.073,0.07257499999999999,0.0725,0.00023848480035423497,0.5425,0.5475,0.544825,0.5435,0.002175287337341888,0.111,0.114,0.11265,0.113,0.0007262919523166982,32,32,2560,10240,51200,False,2048,2
0.065,0.067,0.06633333333333333,0.066,0.0006424160744396216,0.047,0.049,0.04760000000000001,0.048,0.0005830951894845307,0.34400000000000003,0.35100000000000003,0.34867500000000007,0.35050000000000003,0.002730727924931375,0.093,0.094,0.09375000000000001,0.094,0.0004330127018922197,0.116,0.11850000000000001,0.11762500000000001,0.11800000000000001,0.0010825317547305494,0.461,0.47050000000000003,0.46727500000000005,0.46950000000000003,0.003954348871811897,0.07150000000000001,0.0725,0.07200000000000002,0.07200000000000001,0.0002738612787525795,0.5365,0.5475,0.5440500000000001,0.547,0.004690149251356525,0.111,0.113,0.11175000000000002,0.112,0.0005361902647381809,32,32,2560,10240,51200,False,2032,2
0.065,0.067,0.06595238095238096,0.066,0.00048562090605645613,0.046,0.048,0.04705000000000001,0.047,0.0006689544080129831,0.3425,0.34950000000000003,0.3471000000000001,0.34900000000000003,0.002913760456866696,0.092,0.093,0.0928,0.093,0.0004000000000000003,0.1155,0.11800000000000001,0.11725000000000001,0.11800000000000001,0.001145643923738961,0.46,0.46950000000000003,0.4664,0.46900000000000003,0.003976807765029638,0.07100000000000001,0.07200000000000001,0.07157499999999999,0.07150000000000001,0.0002384848003542366,0.536,0.5475,0.5442,0.5465,0.004570010940905948,0.11,0.112,0.11074999999999999,0.111,0.0006982120021884477,32,32,2560,10240,51200,False,2016,2
0.064,0.066,0.06519047619047619,0.065,0.0006632565846278158,0.046,0.048,0.04650000000000001,0.046,0.0005916079783099621,0.34650000000000003,0.35050000000000003,0.34775000000000006,0.34700000000000003,0.0015124483462254188,0.092,0.093,0.0924,0.092,0.0004898979485566361,0.117,0.11850000000000001,0.11732500000000001,0.117,0.0005068283733178327,0.465,0.47000000000000003,0.4667,0.46575,0.0018867962264113222,0.07050000000000001,0.07100000000000001,0.07075000000000001,0.07075000000000001,0.0002500000000000002,0.5415,0.547,0.5427999999999998,0.5415,0.0022549944567559484,0.109,0.112,0.1103,0.11,0.0007810249675906662,32,32,2560,10240,51200,False,2000,2
0.063,0.066,0.06471428571428571,0.065,0.0008247860988423233,0.045,0.048,0.04580000000000001,0.046,0.0008124038404635967,0.336,0.34650000000000003,0.3405250000000001,0.339,0.0037632266740126124,0.091,0.093,0.09169999999999999,0.092,0.0005567764362830027,0.1135,0.117,0.11505000000000001,0.1145,0.0013028814220795394,0.451,0.465,0.45710000000000006,0.455,0.0048877397639399784,0.0695,0.07050000000000001,0.07017500000000002,0.07,0.00028613807855649016,0.526,0.5415,0.53275,0.531,0.0056402570863392275,0.109,0.111,0.10955,0.109,0.0006689544080129831,32,32,2560,10240,51200,False,1984,2
0.062,0.065,0.06371428571428572,0.064,0.0007648751621051916,0.045,0.047,0.04580000000000001,0.046,0.0007483314773547889,0.342,0.34550000000000003,0.344,0.34450000000000003,0.001332291259447424,0.09,0.092,0.09050000000000001,0.09,0.0005916079783099622,0.1155,0.117,0.116225,0.1165,0.0004866980583482951,0.4595,0.4645,0.46252500000000013,0.4635,0.0019136026233259626,0.069,0.07050000000000001,0.06977500000000002,0.06975,0.00036996621467371885,0.536,0.5415,0.5399749999999999,0.5415,0.002271976012197297,0.107,0.11,0.10800000000000003,0.108,0.0006324555320336764,32,32,2560,10240,51200,False,1968,2
0.063,0.065,0.06376190476190476,0.064,0.0006834619092574922,0.045,0.046,0.04515000000000001,0.045,0.0003570714214271428,0.3425,0.35000000000000003,0.34704999999999997,0.34950000000000003,0.003216753021293369,0.089,0.091,0.08985000000000001,0.09,0.00047696960070847325,0.14250000000000002,0.146,0.14445000000000002,0.1455,0.001302881422079526,0.459,0.4685,0.464625,0.468,0.004294982537799197,0.0685,0.0695,0.06899999999999999,0.069,0.0001581138830084191,0.5365,0.547,0.5432250000000001,0.5465,0.004938306896093056,0.106,0.108,0.10705,0.107,0.0005894913061275804,32,32,2560,10240,51200,False,1952,2
0.062,0.064,0.06328571428571428,0.063,0.0005471012044321938,0.044,0.045,0.044500000000000005,0.0445,0.0005000000000000004,0.34550000000000003,0.34950000000000003,0.34670000000000006,0.34600000000000003,0.0015280706789936136,0.088,0.09,0.0892,0.089,0.0005099019513592789,0.14350000000000002,0.1455,0.144375,0.14400000000000002,0.0006684870978560356,0.463,0.4685,0.4644749999999999,0.4635,0.002221907963890496,0.068,0.0685,0.068375,0.0685,0.00021650635094610986,0.5415,0.547,0.5426499999999999,0.5415,0.0021800229356591866,0.105,0.108,0.10655,0.107,0.0006689544080129832,32,32,2560,10240,51200,False,1936,2
0.062,0.064,0.06299999999999999,0.063,0.00043643578047198515,0.044,0.046,0.04440000000000001,0.044,0.0005830951894845307,0.326,0.33,0.327975,0.32725000000000004,0.001487237371773586,0.08700000000000001,0.089,0.08745,0.08700000000000001,0.000589491306127574,0.11,0.1115,0.11062500000000001,0.1105,0.0003832427429188976,0.4325,0.4395,0.43504999999999994,0.4345,0.002178875856950094,0.068,0.069,0.06845000000000001,0.0685,0.0003122498999199202,0.41200000000000003,0.4165,0.4136500000000001,0.41250000000000003,0.0017895530168173252,0.105,0.107,0.10585,0.106,0.0006538348415311015,32,32,2560,10240,51200,False,1920,2
0.062,0.064,0.0628095238095238,0.063,0.0004994327848429298,0.043000000000000003,0.045,0.04395,0.044,0.0004974937185533085,0.3295,0.3335,0.331425,0.3305,0.0016603839917320345,0.08600000000000001,0.089,0.0874,0.08700000000000001,0.0006633249580710746,0.1115,0.113,0.111975,0.1115,0.0005356071321407143,0.4375,0.443,0.43985,0.43975,0.0021971572542719853,0.067,0.0685,0.06764999999999999,0.0675,0.0003201562118716428,0.4165,0.4215,0.41879999999999995,0.419,0.0022549944567559384,0.10400000000000001,0.106,0.10485000000000003,0.105,0.0007921489758877376,32,32,2560,10240,51200,False,1904,2
0.061,0.063,0.06233333333333332,0.062,0.0006424160744396216,0.043000000000000003,0.045,0.043500000000000004,0.043000000000000003,0.0005916079783099588,0.326,0.3335,0.32955000000000007,0.3295,0.0023606143268225773,0.085,0.08700000000000001,0.08585000000000001,0.08600000000000001,0.0004769696007084733,0.11,0.1125,0.11129999999999998,0.1115,0.0008124038404635967,0.4335,0.443,0.437625,0.438,0.0034237223894469045,0.0665,0.0675,0.067075,0.067,0.00023848480035423665,0.41300000000000003,0.4225,0.4173,0.4175,0.0032840523747345854,0.10300000000000001,0.105,0.1042,0.10400000000000001,0.0005099019513592736,32,32,2560,10240,51200,False,1888,2
0.06,0.062,0.060952380952380945,0.061,0.0004856209060564562,0.042,0.044,0.04335000000000001,0.043000000000000003,0.0005722761571129772,0.325,0.3295,0.327525,0.32825000000000004,0.0015122417134836627,0.085,0.08700000000000001,0.0854,0.085,0.0005830951894845307,0.11,0.111,0.11067500000000001,0.111,0.0004548351349665066,0.4315,0.4375,0.435025,0.436,0.002058367071248471,0.066,0.067,0.06667500000000001,0.0665,0.00028613807855649016,0.41200000000000003,0.4165,0.41467500000000007,0.41575000000000006,0.001832177666057518,0.10200000000000001,0.10400000000000001,0.10315,0.10300000000000001,0.0006538348415311016,32,32,2560,10240,51200,False,1872,2
0.059000000000000004,0.062,0.060999999999999985,0.061,0.0006172133998483671,0.041,0.045,0.0425,0.042,0.0008660254037844378,0.3215,0.3295,0.32572499999999993,0.3255,0.0025420218331084436,0.084,0.08600000000000001,0.0849,0.085,0.0004358898943540678,0.1085,0.111,0.10979999999999998,0.10975,0.0009137833441248539,0.4275,0.437,0.4320999999999999,0.43225,0.00363524414585871,0.0655,0.0665,0.0658,0.066,0.00029154759474226533,0.40750000000000003,0.41600000000000004,0.4117750000000001,0.41150000000000003,0.0031083556746292753,0.101,0.10300000000000001,0.10225000000000002,0.10200000000000001,0.0005361902647381809,32,32,2560,10240,51200,False,1856,2
0.06,0.061,0.06057142857142856,0.061,0.0004948716593053939,0.041,0.043000000000000003,0.04175000000000001,0.042,0.0005361902647381809,0.3255,0.33,0.32835000000000003,0.329,0.001500833101980365,0.083,0.085,0.08390000000000002,0.084,0.00043588989435406776,0.11,0.1115,0.11070000000000002,0.111,0.0005099019513592789,0.4325,0.438,0.4359,0.437,0.0020161845153655973,0.065,0.066,0.06545000000000004,0.0655,0.00026925824035672544,0.41250000000000003,0.4175,0.41550000000000004,0.417,0.002138924963620721,0.1,0.10200000000000001,0.10130000000000002,0.101,0.0005567764362830027,32,32,2560,10240,51200,False,1840,2
0.06,0.062,0.06042857142857142,0.06,0.0005832118435198048,0.04,0.042,0.04100000000000001,0.041,0.00044721359549995833,0.329,0.3335,0.329975,0.3295,0.0010059199769365363,0.083,0.084,0.08360000000000002,0.084,0.000489897948556636,0.111,0.112,0.111125,0.111,0.0003112474899497186,0.4365,0.4415,0.43752499999999994,0.437,0.001229583262735795,0.0645,0.065,0.064625,0.0645,0.00021650635094610986,0.417,0.4215,0.417725,0.4175,0.001289137308435375,0.1,0.10200000000000001,0.1005,0.1,0.0006708203932499376,32,32,2560,10240,51200,False,1824,2
0.058,0.06,0.05933333333333334,0.059000000000000004,0.0005634361698190084,0.04,0.042,0.04100000000000001,0.041,0.0006324555320336764,0.3255,0.329,0.327025,0.326,0.0014618053906043731,0.082,0.083,0.08225000000000002,0.082,0.0004330127018922197,0.11,0.111,0.11045000000000002,0.11,0.0004974937185533104,0.4325,0.437,0.434575,0.43374999999999997,0.0019954636052807394,0.0635,0.0645,0.06407500000000002,0.064,0.00028613807855649016,0.41300000000000003,0.4175,0.41505000000000003,0.41500000000000004,0.0019163767896736542,0.099,0.101,0.09980000000000001,0.1,0.0006000000000000006,32,32,2560,10240,51200,False,1808,2
0.058,0.06,0.058666666666666666,0.059000000000000004,0.0006424160744396202,0.039,0.041,0.04000000000000001,0.04,0.0003162277660168382,0.3215,0.3285,0.32462500000000005,0.325,0.002218529918662358,0.081,0.082,0.08160000000000002,0.082,0.000489897948556636,0.1085,0.111,0.1095,0.1095,0.0007245688373094726,0.4275,0.436,0.43097499999999994,0.431,0.0027589626673806254,0.0635,0.065,0.06382499999999999,0.06375,0.00039607448794387183,0.40800000000000003,0.41600000000000004,0.41137500000000005,0.41150000000000003,0.002678035660703571,0.098,0.1,0.09875000000000002,0.099,0.0007664854858377953,32,32,2560,10240,51200,False,1792,2
0.057,0.059000000000000004,0.0581904761904762,0.058,0.0005870870479018078,0.039,0.041,0.04010000000000001,0.04,0.0005385164807134509,0.325,0.329,0.3266,0.32575,0.0015378556499229712,0.08,0.082,0.08085,0.081,0.0004769696007084733,0.11,0.111,0.11042500000000002,0.11,0.00048153400710645604,0.432,0.4365,0.43395,0.4325,0.002085065946199306,0.0625,0.0635,0.06292499999999998,0.063,0.00032691742076555085,0.41200000000000003,0.4165,0.4142,0.41250000000000003,0.001989974874213219,0.096,0.099,0.09790000000000001,0.098,0.0008888194417315596,32,32,2560,10240,51200,False,1776,2
0.058,0.06,0.058333333333333334,0.058,0.0005634361698190106,0.039,0.04,0.03935000000000001,0.039,0.0004769696007084732,0.2935,0.2945,0.294025,0.294,0.0002487468592766552,0.081,0.082,0.08145000000000001,0.081,0.0004974937185533104,0.1105,0.111,0.11080000000000001,0.111,0.000244948974278318,0.4005,0.4015,0.40095000000000003,0.401,0.0002692582403567255,0.062,0.063,0.062525,0.0625,0.00019202864369671538,0.41550000000000004,0.41600000000000004,0.41582500000000006,0.41600000000000004,0.00023848480035423665,0.096,0.098,0.09680000000000001,0.097,0.000509901951359279,32,32,2560,10240,51200,False,1760,2
0.056,0.059000000000000004,0.057238095238095234,0.057,0.0007499055118106493,0.038,0.04,0.038950000000000005,0.039,0.0004974937185533104,0.28600000000000003,0.291,0.289175,0.28974999999999995,0.001629992331270285,0.08,0.081,0.08070000000000001,0.081,0.0004582575694955844,0.108,0.11,0.109175,0.1095,0.0005973901572674266,0.3905,0.3965,0.39447499999999996,0.396,0.002141699091842738,0.0615,0.0625,0.06185,0.062,0.00027838821814150135,0.4045,0.41200000000000003,0.40962500000000013,0.41150000000000003,0.0023551804601770984,0.095,0.097,0.09625000000000002,0.096,0.0006982120021884476,32,32,2560,10240,51200,False,1744,2
0.054,0.057,0.055999999999999994,0.056,0.0008164965809277268,0.037,0.039,0.03830000000000001,0.038,0.0005567764362830027,0.28,0.2915,0.28555,0.28550000000000003,0.0039048047326338707,0.079,0.08,0.07970000000000001,0.08,0.0004582575694955844,0.1055,0.11,0.1076,0.1075,0.0014370107863199927,0.382,0.3975,0.389675,0.39025,0.004960531725531048,0.061,0.062,0.061325000000000005,0.0615,0.00028613807855649016,0.3965,0.41200000000000003,0.404675,0.40750000000000003,0.005220811718497426,0.094,0.097,0.0955,0.095,0.000741619848709567,32,32,2560,10240,51200,False,1728,2
0.054,0.058,0.05623809523809524,0.056,0.0009712418121129121,0.037,0.039,0.037750000000000006,0.038,0.0006224949798994372,0.29,0.2935,0.291725,0.2915,0.0008728545125048054,0.079,0.08,0.07914999999999998,0.079,0.00035707142142714284,0.1095,0.1105,0.10992499999999998,0.11,0.0003960744879438718,0.397,0.3995,0.39767500000000006,0.397,0.0009522998477370463,0.0605,0.061,0.060649999999999996,0.0605,0.00022912878474779219,0.41150000000000003,0.41400000000000003,0.4122,0.41150000000000003,0.0009924716620639614,0.093,0.095,0.09430000000000001,0.094,0.0006403124237432854,32,32,2560,10240,51200,False,1712,2
0.054,0.056,0.055619047619047624,0.056,0.000652919485752481,0.036000000000000004,0.038,0.03725000000000001,0.037,0.0005361902647381801,0.28400000000000003,0.295,0.29230000000000006,0.292,0.0021988633427295935,0.078,0.079,0.07830000000000001,0.078,0.0004582575694955844,0.107,0.111,0.10985,0.11,0.0007921489758877437,0.387,0.4015,0.3979750000000001,0.3975,0.0030433328769623636,0.06,0.0605,0.06007500000000001,0.06,0.00017853571071357137,0.41200000000000003,0.4165,0.41352500000000003,0.41250000000000003,0.0016843025262701437,0.093,0.095,0.09390000000000001,0.094,0.000538516480713451,32,32,2560,10240,51200,False,1696,2
0.055,0.057,0.05604761904761905,0.056,0.00048562090605645613,0.036000000000000004,0.037,0.03680000000000001,0.037,0.00039999999999999763,0.291,0.294,0.292075,0.291,0.0012871965661856012,0.077,0.079,0.07765,0.078,0.0005722761571129803,0.1095,0.111,0.110025,0.11,0.0005356071321407143,0.397,0.401,0.398575,0.39725,0.0018457721961282238,0.059000000000000004,0.06,0.05955000000000001,0.059500000000000004,0.0002179449471770317,0.41200000000000003,0.41600000000000004,0.4137500000000001,0.41250000000000003,0.0018674849396983113,0.092,0.094,0.09265000000000001,0.093,0.0006538348415311016,32,32,2560,10240,51200,False,1680,2
0.054,0.055,0.05442857142857143,0.054,0.0004948716593053939,0.036000000000000004,0.038,0.03660000000000001,0.037,0.0005830951894845274,0.28650000000000003,0.291,0.2879250000000001,0.28700000000000003,0.0014166421566506947,0.077,0.078,0.07730000000000001,0.077,0.0004582575694955844,0.108,0.1105,0.1086,0.10825,0.0007176350047203668,0.3915,0.399,0.3935,0.392,0.002263846284534356,0.059000000000000004,0.059500000000000004,0.0591,0.059000000000000004,0.00020000000000000017,0.40700000000000003,0.41550000000000004,0.40927500000000006,0.40750000000000003,0.002379469478686375,0.091,0.093,0.09190000000000001,0.092,0.0006244997998398404,32,32,2560,10240,51200,False,1664,2
0.052000000000000005,0.055,0.054380952380952384,0.055,0.0008984743935291994,0.036000000000000004,0.037,0.03630000000000001,0.036000000000000004,0.0004582575694955813,0.28150000000000003,0.293,0.29007499999999997,0.29,0.002351993835025926,0.076,0.078,0.07625000000000001,0.076,0.0005361902647381809,0.106,0.1105,0.10940000000000001,0.1095,0.0009695359714832665,0.395,0.3995,0.3966,0.3955,0.001640121946685674,0.058,0.0585,0.058374999999999996,0.0585,0.00021650635094610984,0.41100000000000003,0.41550000000000004,0.41245000000000004,0.41150000000000003,0.0019032866310674296,0.09,0.092,0.09100000000000001,0.091,0.0007071067811865482,32,32,2560,10240,51200,False,1648,2
0.053,0.055,0.053809523809523814,0.054,0.0004994327848429298,0.035,0.036000000000000004,0.03560000000000001,0.036000000000000004,0.0004898979485566361,0.2905,0.291,0.29072499999999996,0.2905,0.0002487468592766552,0.075,0.076,0.0754,0.075,0.0004898979485566361,0.1095,0.11,0.10952500000000001,0.1095,0.00010897247358851693,0.3965,0.3985,0.396825,0.39675000000000005,0.0004548351349665067,0.0575,0.058,0.057700000000000015,0.0575,0.000244948974278318,0.41150000000000003,0.41500000000000004,0.41204999999999997,0.41200000000000003,0.0007053367989832949,0.089,0.091,0.09010000000000001,0.09,0.00043588989435406776,32,32,2560,10240,51200,False,1632,2
0.052000000000000005,0.053,0.052666666666666674,0.053,0.0004714045207910288,0.035,0.037,0.03600000000000001,0.036000000000000004,0.0004472135954999568,0.28400000000000003,0.28700000000000003,0.28525,0.28450000000000003,0.0012500000000000011,0.074,0.076,0.07499999999999998,0.075,0.0003162277660168382,0.107,0.108,0.10757500000000002,0.1075,0.0004264680527307999,0.3875,0.3915,0.38947499999999996,0.3895,0.0017426631917843464,0.057,0.0575,0.05722499999999999,0.057,0.00024874685927665525,0.403,0.40700000000000003,0.40520000000000006,0.40525,0.0018055470085267802,0.088,0.09,0.08945,0.09,0.0006689544080129831,32,32,2560,10240,51200,False,1616,2
0.051000000000000004,0.053,0.05180952380952381,0.052000000000000005,0.0005870870479018065,0.034,0.036000000000000004,0.03475000000000001,0.035,0.0006224949798994372,0.2905,0.299,0.29352500000000004,0.2915,0.0029345996319770805,0.07200000000000001,0.073,0.07245000000000001,0.07200000000000001,0.0004974937185533034,0.105,0.108,0.10622500000000001,0.1055,0.0009549214627392149,0.34450000000000003,0.3545,0.3479500000000001,0.34550000000000003,0.003463740752423592,0.0565,0.0575,0.05700000000000001,0.057,0.00022360679774997917,0.3925,0.4035,0.396225,0.39425,0.003998359038405634,0.088,0.089,0.08839999999999999,0.088,0.0004898979485566361,32,32,2560,10240,51200,False,1600,2
0.051000000000000004,0.053,0.051857142857142866,0.052000000000000005,0.0005593971487843196,0.034,0.036000000000000004,0.03450000000000001,0.034,0.0005916079783099622,0.291,0.301,0.298325,0.2985,0.0026089988501339,0.07100000000000001,0.07200000000000001,0.0718,0.07200000000000001,0.0004000000000000003,0.1055,0.109,0.107975,0.108,0.0009148087231766001,0.34550000000000003,0.358,0.35429999999999995,0.3545,0.002825774230188946,0.056,0.0565,0.056325,0.0565,0.00023848480035423657,0.3925,0.40700000000000003,0.403725,0.4035,0.0030185882461839703,0.08600000000000001,0.088,0.08745000000000001,0.088,0.0006689544080129768,32,32,2560,10240,51200,False,1584,2
0.05,0.052000000000000005,0.05133333333333335,0.051000000000000004,0.0005634361698190116,0.033,0.035,0.033900000000000007,0.034,0.0004358898943540677,0.2955,0.302,0.29872499999999996,0.299,0.0024003905932160315,0.07100000000000001,0.07200000000000001,0.07125000000000001,0.07100000000000001,0.00043301270189221973,0.107,0.1095,0.108175,0.108,0.0007790218225441449,0.352,0.3585,0.3555750000000001,0.355,0.0025361141535822102,0.0555,0.056,0.05555000000000002,0.0555,0.00015000000000000012,0.4,0.40750000000000003,0.403975,0.4035,0.003164154705446625,0.08600000000000001,0.088,0.08685000000000001,0.08700000000000001,0.0005722761571129776,32,32,2560,10240,51200,False,1568,2
0.05,0.051000000000000004,0.05052380952380953,0.051000000000000004,0.0004994327848429298,0.033,0.035,0.03380000000000001,0.034,0.000509901951359279,0.2935,0.299,0.29632500000000006,0.296,0.002491360070323038,0.07,0.07100000000000001,0.07010000000000002,0.07,0.00030000000000000024,0.1065,0.1085,0.10742499999999999,0.10725,0.0009390819985496484,0.34900000000000003,0.355,0.352025,0.352,0.0026337947907913908,0.0545,0.0555,0.05495,0.055,0.00026925824035672544,0.397,0.4035,0.40057500000000007,0.4025,0.003067062927297061,0.085,0.088,0.08595000000000001,0.08600000000000001,0.000804673846971553,32,32,2560,10240,51200,False,1552,2
0.049,0.051000000000000004,0.049714285714285725,0.05,0.0006281383789653777,0.032,0.034,0.03300000000000001,0.033,0.00044721359549995833,0.253,0.258,0.2557,0.25525,0.002158703314492292,0.07100000000000001,0.07200000000000001,0.07115,0.07100000000000001,0.00035707142142714284,0.105,0.1085,0.1068,0.1065,0.001197914855071095,0.336,0.34400000000000003,0.340075,0.33975,0.0029549746191803437,0.055,0.056,0.05520000000000001,0.055,0.00029154759474226533,0.3935,0.404,0.399275,0.40025,0.004778794304005985,0.084,0.08700000000000001,0.0851,0.085,0.0007681145747868615,32,32,2560,10240,51200,False,1536,2
0.048,0.051000000000000004,0.049952380952380956,0.05,0.000652919485752481,0.032,0.034,0.03280000000000001,0.033,0.0006000000000000005,0.256,0.2605,0.2578250000000001,0.257,0.0017767596911231428,0.07100000000000001,0.07200000000000001,0.0711,0.07100000000000001,0.00030000000000000024,0.107,0.1095,0.10782499999999999,0.1075,0.0009390819985496482,0.34,0.34650000000000003,0.34285,0.34125000000000005,0.002598557292037259,0.0545,0.055,0.054575,0.0545,0.00017853571071357142,0.4,0.40800000000000003,0.40272500000000006,0.4,0.003614121608357973,0.083,0.08600000000000001,0.08405000000000001,0.084,0.000668954408012983,32,32,2560,10240,51200,False,1520,2
0.048,0.05,0.049142857142857155,0.049,0.000559397148784321,0.031,0.033,0.031950000000000006,0.032,0.0004974937185533105,0.255,0.26,0.25692499999999996,0.2555,0.002220782519743887,0.069,0.07100000000000001,0.06985,0.07,0.0005722761571129803,0.1065,0.109,0.10752500000000001,0.107,0.0009148087231766001,0.3395,0.34600000000000003,0.34225000000000005,0.34,0.0029516944286290905,0.0535,0.0545,0.053925000000000015,0.054,0.00023848480035423665,0.4,0.40750000000000003,0.40337500000000004,0.4,0.0037312028891498287,0.082,0.084,0.08315000000000003,0.083,0.000726291952316698,32,32,2560,10240,51200,False,1504,2
0.046,0.05,0.04904761904761906,0.049,0.0009988655696858595,0.031,0.032,0.03150000000000001,0.0315,0.0005000000000000004,0.2525,0.261,0.2589,0.259,0.0016248076809271936,0.069,0.07,0.0695,0.0695,0.0005000000000000004,0.10400000000000001,0.109,0.10797500000000002,0.108,0.0009807522622966496,0.343,0.357,0.3539,0.354,0.002736786436680793,0.0525,0.0535,0.052700000000000004,0.0525,0.00029154759474226533,0.392,0.40700000000000003,0.40337500000000004,0.403,0.003053174577386628,0.081,0.083,0.08215,0.082,0.0005722761571129804,32,32,2560,10240,51200,False,1488,2
0.046,0.049,0.04776190476190477,0.048,0.0006834619092574922,0.03,0.032,0.031100000000000006,0.031,0.00043588989435406776,0.248,0.255,0.253625,0.25425,0.0015400892831261453,0.068,0.069,0.06860000000000001,0.069,0.0004898979485566361,0.10400000000000001,0.1065,0.10610000000000001,0.1065,0.000624499799839838,0.34,0.34950000000000003,0.347625,0.34900000000000003,0.002138194331673342,0.052000000000000005,0.0525,0.0522,0.052000000000000005,0.00024494897427831464,0.3885,0.3995,0.3971,0.399,0.0026105554964413248,0.08,0.082,0.08180000000000001,0.082,0.000509901951359279,32,32,2560,10240,51200,False,1472,2
0.048,0.05,0.048714285714285724,0.049,0.0006281383789653777,0.03,0.032,0.031150000000000004,0.031,0.0004769696007084732,0.26,0.2655,0.26219999999999993,0.2625,0.00200249843945008,0.067,0.068,0.06775,0.068,0.00043301270189221973,0.098,0.1015,0.09945000000000001,0.0995,0.0010943034314119654,0.3585,0.366,0.361775,0.362,0.002662118517271538,0.051500000000000004,0.052000000000000005,0.051575,0.051500000000000004,0.00017853571071357142,0.364,0.3715,0.367625,0.368,0.0026118719340733404,0.08,0.083,0.08120000000000001,0.081,0.0008124038404635969,32,32,2560,10240,51200,False,1456,2
0.047,0.049,0.04838095238095239,0.048,0.000575383141599742,0.029,0.031,0.030150000000000003,0.03,0.00047696960070847287,0.2615,0.2645,0.26270000000000004,0.26225,0.001017349497468791,0.066,0.067,0.0667,0.067,0.0004582575694955844,0.098,0.1,0.09887500000000002,0.0985,0.0006684870978560475,0.34800000000000003,0.352,0.34950000000000003,0.34900000000000003,0.0013784048752090083,0.051500000000000004,0.052000000000000005,0.0516,0.051500000000000004,0.00020000000000000017,0.3665,0.371,0.36815000000000003,0.3675,0.0014239030865898154,0.08,0.081,0.08030000000000001,0.08,0.0004582575694955844,32,32,2560,10240,51200,False,1440,2
0.046,0.048,0.047333333333333345,0.047,0.0005634361698190116,0.029,0.03,0.029150000000000002,0.029,0.0003570714214271416,0.2585,0.264,0.260775,0.259,0.0023370654676324342,0.065,0.067,0.06605000000000001,0.066,0.0004974937185533105,0.0965,0.1005,0.09837500000000002,0.09775,0.001283306276771061,0.34400000000000003,0.35100000000000003,0.34695000000000004,0.34450000000000003,0.003165833223655349,0.0505,0.051500000000000004,0.05102500000000001,0.051000000000000004,0.00019202864369671538,0.3625,0.3695,0.365275,0.363,0.00310433165109658,0.079,0.08,0.0795,0.0795,0.0005000000000000004,32,32,2560,10240,51200,False,1424,2
0.047,0.049,0.04761904761904763,0.047,0.000722178613719196,0.028,0.03,0.028850000000000004,0.029,0.00047696960070847287,0.2565,0.2665,0.260125,0.259,0.004194862929822622,0.065,0.066,0.06515,0.065,0.0003570714214271428,0.097,0.1015,0.09892500000000001,0.0985,0.0014600941750448852,0.3205,0.334,0.325875,0.324,0.005556246484813291,0.05,0.0505,0.050175000000000004,0.05,0.0002384848003542366,0.3255,0.3375,0.33045,0.329,0.0045191260216993325,0.078,0.079,0.0782,0.078,0.0004000000000000003,32,32,2560,10240,51200,False,1408,2
0.046,0.048,0.04695238095238096,0.047,0.0004856209060564561,0.028,0.029,0.0284,0.028,0.0004898979485566361,0.261,0.264,0.261925,0.2615,0.0009256754290786817,0.064,0.065,0.0644,0.064,0.0004898979485566361,0.0975,0.1,0.09870000000000001,0.0985,0.0006782329983125273,0.327,0.3305,0.32792499999999997,0.3275,0.0012577261228105278,0.049,0.05,0.04955,0.0495,0.00021794494717703388,0.33,0.3345,0.3316,0.3315,0.0011789826122551605,0.076,0.078,0.0773,0.077,0.0005567764362830027,32,32,2560,10240,51200,False,1392,2
0.045,0.047,0.04638095238095239,0.046,0.000575383141599742,0.027,0.029,0.028000000000000004,0.028,0.0003162277660168382,0.26,0.266,0.2618250000000001,0.2605,0.0021981526334629285,0.063,0.065,0.06400000000000002,0.064,0.0003162277660168382,0.0985,0.1005,0.09887500000000002,0.0985,0.0006299801584177082,0.326,0.333,0.328125,0.3265,0.002849890348767828,0.0485,0.0495,0.04895000000000001,0.049,0.0002692582403567255,0.329,0.336,0.33157500000000006,0.33,0.0024661457783350946,0.075,0.077,0.07635,0.076,0.0005722761571129803,32,32,2560,10240,51200,False,1376,2
0.044,0.046,0.04476190476190477,0.045,0.0008109231602822103,0.027,0.028,0.027250000000000003,0.027,0.00043301270189221973,0.2515,0.2605,0.25517500000000004,0.252,0.004041271458340806,0.062,0.064,0.06309999999999999,0.063,0.00043588989435406776,0.094,0.0995,0.09630000000000001,0.095,0.0022214859891523083,0.315,0.3285,0.32009999999999994,0.3155,0.005423559716643678,0.048,0.049,0.048475000000000004,0.0485,0.0002487468592766552,0.32,0.33,0.324325,0.321,0.004207953778263259,0.075,0.076,0.07535,0.075,0.0004769696007084732,32,32,2560,10240,51200,False,1360,2
0.044,0.046,0.044857142857142866,0.045,0.0007737179432986635,0.026000000000000002,0.028,0.026800000000000008,0.027,0.0005099019513592776,0.2115,0.2195,0.21480000000000002,0.21375,0.0034146742157927777,0.063,0.064,0.0633,0.063,0.0004582575694955844,0.096,0.10200000000000001,0.098675,0.0975,0.0020571521577170725,0.3135,0.326,0.318925,0.31675,0.005251844913932632,0.0475,0.048,0.047775,0.048,0.0002487468592766552,0.316,0.329,0.32192499999999996,0.32025000000000003,0.005109488721976011,0.074,0.076,0.07445000000000002,0.074,0.0005894913061275802,32,32,2560,10240,51200,False,1344,2
0.043000000000000003,0.046,0.04514285714285715,0.045,0.0007737179432986626,0.026000000000000002,0.028,0.027050000000000008,0.027,0.0003840572873934303,0.214,0.2235,0.22162500000000002,0.2225,0.0025586861863073425,0.062,0.064,0.06294999999999999,0.063,0.0004974937185533105,0.0955,0.1005,0.09952500000000002,0.1,0.0013917165659716791,0.316,0.332,0.32875,0.33,0.004279310692155927,0.047,0.0475,0.04712500000000001,0.047,0.00021650635094610984,0.32,0.334,0.33172499999999994,0.3325,0.002997811701891901,0.073,0.075,0.0737,0.074,0.0005567764362830027,32,32,2560,10240,51200,False,1328,2
0.044,0.046,0.04490476190476191,0.045,0.0004259177099999604,0.026000000000000002,0.027,0.026450000000000008,0.026000000000000002,0.0004974937185533088,0.22,0.224,0.221475,0.222,0.001336740438529486,0.062,0.064,0.06239999999999999,0.062,0.0005830951894845307,0.099,0.101,0.09997500000000001,0.1,0.0005584576975922174,0.3265,0.333,0.32880000000000004,0.3295,0.0022045407685048622,0.0465,0.047,0.0466,0.0465,0.00020000000000000017,0.329,0.335,0.3316,0.33175,0.001907878402833893,0.07200000000000001,0.074,0.07285,0.073,0.0004769696007084683,32,32,2560,10240,51200,False,1312,2
0.042,0.045,0.04347619047619048,0.044,0.0008518354199999177,0.025,0.027,0.026100000000000005,0.026000000000000002,0.00043588989435406673,0.2135,0.2235,0.21814999999999998,0.2175,0.0038114957693797884,0.061,0.062,0.06130000000000001,0.061,0.0004582575694955844,0.0955,0.101,0.09807500000000001,0.09775,0.0016068213964221428,0.3165,0.3325,0.32425,0.323,0.00596552596172375,0.0455,0.0465,0.046000000000000006,0.046,0.0002738612787525833,0.32,0.335,0.327625,0.326,0.005501988276977701,0.07100000000000001,0.073,0.07210000000000003,0.07200000000000001,0.0005385164807134462,32,32,2560,10240,51200,False,1296,2
0.042,0.044,0.043142857142857156,0.043000000000000003,0.0005593971487843185,0.025,0.026000000000000002,0.025400000000000006,0.025,0.000489897948556636,0.213,0.221,0.21492499999999998,0.2135,0.0029252136674096157,0.06,0.061,0.06054999999999999,0.061,0.0004974937185533104,0.0955,0.1,0.09685000000000002,0.09625,0.001566045976336584,0.28350000000000003,0.2945,0.2866000000000001,0.28400000000000003,0.0045099889135118525,0.0455,0.046,0.045675,0.0455,0.00023848480035423657,0.3145,0.326,0.317675,0.315,0.00465906374714921,0.07,0.07200000000000001,0.07104999999999999,0.07100000000000001,0.0003840572873934307,32,32,2560,10240,51200,False,1280,2
0.042,0.043000000000000003,0.04266666666666668,0.043000000000000003,0.0004714045207910321,0.025,0.026000000000000002,0.025350000000000004,0.025,0.00047696960070847314,0.2165,0.223,0.21835,0.21825,0.001754280479284885,0.059000000000000004,0.061,0.06000000000000001,0.06,0.0003162277660168371,0.0975,0.1,0.09842500000000001,0.0985,0.0006378675411086542,0.2885,0.298,0.29105000000000003,0.2915,0.0025636887486588564,0.0445,0.0455,0.04505,0.045,0.0002179449471770339,0.3195,0.3285,0.322075,0.322,0.002785116694144074,0.069,0.07100000000000001,0.07005,0.07,0.00038405728739343076,32,32,2560,10240,51200,False,1264,2
0.04,0.043000000000000003,0.04200000000000001,0.042,0.0006172133998483682,0.024,0.025,0.024700000000000007,0.025,0.00045825756949558437,0.2135,0.2205,0.21692500000000003,0.218,0.002409745837220185,0.058,0.06,0.05919999999999999,0.059000000000000004,0.0005099019513592762,0.095,0.0985,0.09700000000000002,0.0975,0.0010488088481701524,0.28500000000000003,0.294,0.28932499999999994,0.2905,0.0032143234124773225,0.044,0.0445,0.044449999999999996,0.0445,0.00015000000000000012,0.317,0.327,0.3217249999999999,0.323,0.0034694199803425385,0.069,0.07,0.06925,0.069,0.0004330127018922198,32,32,2560,10240,51200,False,1248,2
0.039,0.041,0.040238095238095246,0.04,0.0006098213559459861,0.024,0.025,0.024700000000000007,0.025,0.0004582575694955844,0.21,0.216,0.21195,0.21,0.0026119915773217973,0.057,0.059000000000000004,0.05845,0.0585,0.0005894913061275804,0.0915,0.097,0.0935,0.092,0.002263846284534356,0.2785,0.28750000000000003,0.28195,0.279,0.0041590263283610065,0.043500000000000004,0.044,0.0438,0.044,0.00024494897427831464,0.3085,0.319,0.313025,0.3095,0.004640783877751693,0.068,0.069,0.0684,0.068,0.0004898979485566361,32,32,2560,10240,51200,False,1232,2
0.039,0.041,0.04028571428571429,0.04,0.0005471012044321936,0.024,0.025,0.024100000000000003,0.024,0.00030000000000000024,0.2095,0.212,0.21045000000000003,0.21,0.0009069178573608536,0.056,0.058,0.0573,0.057,0.0005567764362830027,0.093,0.0955,0.093975,0.094,0.0006609652033201149,0.279,0.28250000000000003,0.280625,0.28,0.0012537443918119845,0.043000000000000003,0.044,0.043250000000000004,0.043000000000000003,0.0002958039891549802,0.3095,0.313,0.310925,0.31025,0.001380896447964149,0.067,0.068,0.0673,0.067,0.0004582575694955844,32,32,2560,10240,51200,False,1216,2
0.038,0.041,0.039904761904761915,0.04,0.0006834619092574922,0.023,0.025,0.024100000000000003,0.024,0.00043588989435406776,0.20400000000000001,0.2175,0.2141,0.2145,0.002411431110357495,0.056,0.058,0.0568,0.057,0.0006000000000000006,0.089,0.096,0.09440000000000001,0.0945,0.0013095800853708806,0.2795,0.29,0.28585,0.28600000000000003,0.0017036725037400768,0.0425,0.043000000000000003,0.042575,0.0425,0.0001785357107135714,0.317,0.322,0.31775000000000003,0.3175,0.001018577439373169,0.066,0.068,0.06689999999999999,0.067,0.00043588989435406776,32,32,2560,10240,51200,False,1200,2
0.039,0.041,0.03961904761904763,0.04,0.000575383141599742,0.023,0.024,0.023550000000000005,0.024,0.0004974937185533105,0.2095,0.2185,0.212975,0.211,0.0034404759845114486,0.055,0.057,0.056100000000000004,0.056,0.00043588989435406776,0.092,0.0965,0.09340000000000001,0.0925,0.0017291616465790597,0.2805,0.291,0.28412500000000007,0.2805,0.004842197331790577,0.0415,0.0425,0.04200000000000001,0.042,0.0001581138830084191,0.3115,0.323,0.3164,0.314,0.004576024475459024,0.065,0.067,0.06575,0.066,0.0005361902647381809,32,32,2560,10240,51200,False,1184,2
0.036000000000000004,0.04,0.03885714285714287,0.039,0.000989743318610786,0.022,0.024,0.023700000000000006,0.024,0.0005567764362830027,0.202,0.2165,0.21430000000000002,0.21425,0.0029933259094191505,0.055,0.057,0.05585000000000001,0.056,0.0004769696007084732,0.08700000000000001,0.096,0.09380000000000002,0.094,0.0017131841699011803,0.2695,0.2925,0.285975,0.28625,0.004151731566467176,0.041,0.042,0.041400000000000006,0.0415,0.0002549509756796395,0.307,0.3235,0.316925,0.31675,0.002925213667409616,0.064,0.066,0.06484999999999999,0.065,0.00047696960070847325,32,32,2560,10240,51200,False,1168,2
0.037,0.04,0.039095238095238107,0.039,0.0009209085526577967,0.023,0.025,0.023450000000000006,0.023,0.0005894913061275802,0.2105,0.2255,0.22232500000000002,0.223,0.0038087891776783897,0.051000000000000004,0.053,0.05200000000000001,0.052000000000000005,0.0003162277660168371,0.0735,0.079,0.0775,0.078,0.001341640786499875,0.2765,0.2925,0.289675,0.29025,0.00453121120673048,0.0405,0.0415,0.040775000000000006,0.04075,0.0002947456530637901,0.274,0.28800000000000003,0.28537500000000005,0.28625,0.003810757798653705,0.063,0.065,0.06375,0.064,0.0006224949798994371,32,32,2560,10240,51200,False,1152,2
0.037,0.04,0.03861904761904763,0.039,0.0008438116736509222,0.022,0.024,0.022850000000000002,0.023,0.0004769696007084733,0.2105,0.2255,0.219925,0.221,0.004801757490752739,0.051000000000000004,0.052000000000000005,0.05135000000000001,0.051000000000000004,0.0004769696007084732,0.074,0.0795,0.076725,0.077,0.001735475439180862,0.2775,0.2935,0.28645,0.28700000000000003,0.005538275905008693,0.04,0.0405,0.040100000000000004,0.04,0.00020000000000000015,0.2745,0.2885,0.28242500000000004,0.28275000000000006,0.004884350007933492,0.063,0.064,0.06319999999999999,0.063,0.00040000000000000034,32,32,2560,10240,51200,False,1136,2
0.037,0.039,0.038333333333333344,0.039,0.000776643163347624,0.022,0.024,0.023050000000000005,0.023,0.0003840572873934307,0.214,0.2245,0.22005,0.2205,0.0032783379935571043,0.05,0.051000000000000004,0.05065000000000001,0.051000000000000004,0.0004769696007084733,0.073,0.077,0.075725,0.076,0.0011453711188955317,0.248,0.2605,0.25565000000000004,0.2555,0.003965791219920689,0.0395,0.0405,0.039975000000000004,0.04,0.00019202864369671538,0.277,0.2915,0.28632500000000005,0.28600000000000003,0.004393958921064221,0.061,0.063,0.06215,0.062,0.0006538348415311016,32,32,2560,10240,51200,False,1120,2
0.036000000000000004,0.037,0.036857142857142866,0.037,0.0003499271061118804,0.022,0.023,0.022200000000000004,0.022,0.0004000000000000003,0.2115,0.2125,0.211925,0.212,0.00023848480035423662,0.049,0.05,0.04930000000000001,0.049,0.0004582575694955844,0.073,0.0745,0.07372500000000001,0.0735,0.00040233692348577737,0.248,0.2485,0.24810000000000004,0.248,0.00020000000000000017,0.039,0.0395,0.039275000000000004,0.0395,0.0002487468592766552,0.276,0.278,0.2767,0.2765,0.0005567764362830027,0.061,0.063,0.0612,0.061,0.000509901951359279,32,32,2560,10240,51200,False,1104,2
0.033,0.038,0.0361904761904762,0.036000000000000004,0.0010519391444940233,0.021,0.023,0.02185,0.022,0.00047696960070847205,0.20350000000000001,0.2135,0.21037499999999998,0.2085,0.003007802353878986,0.048,0.049,0.04870000000000001,0.049,0.0004582575694955844,0.07200000000000001,0.075,0.07345,0.0735,0.0008645808232895287,0.2435,0.25,0.246475,0.244,0.003191688424642985,0.0385,0.0395,0.038724999999999996,0.0385,0.0002947456530637901,0.2715,0.279,0.27535000000000004,0.2755,0.0033581989220413996,0.059000000000000004,0.061,0.059899999999999995,0.06,0.0004358898943540656,32,32,2560,10240,51200,False,1088,2
0.035,0.038,0.03633333333333334,0.036000000000000004,0.000712696645099796,0.021,0.023,0.021500000000000002,0.021,0.0006708203932499361,0.2085,0.218,0.211775,0.212,0.0028039035290109418,0.048,0.05,0.04850000000000001,0.048,0.0005916079783099621,0.07100000000000001,0.0755,0.07264999999999999,0.0725,0.001275735082217304,0.2505,0.261,0.25389999999999996,0.25375000000000003,0.00319609136289938,0.038,0.0385,0.038425,0.0385,0.00017853571071357142,0.2745,0.28550000000000003,0.27765000000000006,0.277,0.0033619190948028506,0.058,0.06,0.059,0.059000000000000004,0.0005477225575051647,32,32,2560,10240,51200,False,1072,2
0.034,0.036000000000000004,0.03542857142857144,0.036000000000000004,0.0006598288790738587,0.021,0.023,0.0216,0.0215,0.000663324958071079,0.209,0.2175,0.211375,0.2115,0.0022520823697191913,0.047,0.048,0.047450000000000006,0.047,0.0004974937185533104,0.0695,0.0725,0.070275,0.07,0.0007660776723022267,0.251,0.2605,0.25335,0.2535,0.002588918693199926,0.0375,0.038,0.03775,0.03775,0.0002500000000000002,0.275,0.28500000000000003,0.27807499999999996,0.27775000000000005,0.002604203333075206,0.057,0.059000000000000004,0.05820000000000001,0.058,0.0006782329983125276,32,32,2560,10240,51200,False,1056,2
0.033,0.036000000000000004,0.03504761904761906,0.035,0.0007853534524986026,0.02,0.022,0.02035,0.02,0.0006538348415311007,0.2025,0.2175,0.20952500000000002,0.20800000000000002,0.005131946511802312,0.046,0.048,0.046950000000000006,0.047,0.0004974937185533104,0.0665,0.0725,0.069425,0.069,0.0019765816451641958,0.2435,0.2615,0.25215000000000004,0.25,0.006444183423832695,0.037,0.0375,0.0371,0.037,0.00020000000000000015,0.268,0.28600000000000003,0.2762750000000001,0.274,0.006277887781730418,0.055,0.058,0.05675,0.057,0.0006224949798994372,32,32,2560,10240,51200,False,1040,2
0.033,0.035,0.03423809523809525,0.034,0.0006098213559459862,0.019,0.021,0.020000000000000004,0.02,0.00044721359549995833,0.20750000000000002,0.215,0.209125,0.20800000000000002,0.002682699200432273,0.046,0.047,0.04640000000000001,0.046,0.0004898979485566361,0.0555,0.058,0.0563,0.056,0.0006782329983125274,0.2485,0.2575,0.25065000000000004,0.249,0.0033656351555092865,0.0365,0.037,0.036625,0.0365,0.0002165063509461099,0.23600000000000002,0.244,0.23955,0.23900000000000002,0.0021731313812100644,0.055,0.056,0.055950000000000014,0.056,0.00021794494717703385,32,32,2560,10240,51200,False,1024,2
0.033,0.035,0.03438095238095239,0.035,0.000722178613719196,0.019,0.02,0.019850000000000003,0.02,0.00035707142142714284,0.20550000000000002,0.2135,0.209825,0.213,0.0036168874740583126,0.044,0.047,0.04540000000000001,0.045,0.0006633249580710806,0.0555,0.0575,0.05675000000000001,0.0575,0.0009287087810503363,0.2475,0.2585,0.25254999999999994,0.2555,0.004074002945507039,0.036000000000000004,0.037,0.03635,0.0365,0.00027838821814149826,0.23500000000000001,0.245,0.24015,0.242,0.0029962476533157167,0.054,0.056,0.05515,0.055,0.000726291952316698,32,32,2560,10240,51200,False,1016,2
0.033,0.035,0.03447619047619049,0.035,0.0005870870479018079,0.017,0.018000000000000002,0.017750000000000005,0.018000000000000002,0.00043301270189221973,0.2085,0.2165,0.21195,0.2125,0.0025927784324928367,0.045,0.046,0.04560000000000001,0.046,0.0004898979485566361,0.0565,0.0585,0.05735,0.0575,0.0006538348415311016,0.2505,0.26,0.254425,0.255,0.0029380052756930197,0.035500000000000004,0.036000000000000004,0.03595000000000001,0.036000000000000004,0.00015000000000000012,0.23800000000000002,0.2465,0.24205000000000002,0.242,0.0026405491853021715,0.054,0.055,0.054349999999999996,0.054,0.0004769696007084733,32,32,2560,10240,51200,False,1008,2
0.031,0.035,0.03376190476190477,0.034,0.0009712418121129121,0.016,0.018000000000000002,0.017150000000000006,0.017,0.00047696960070847325,0.1995,0.2125,0.20875000000000005,0.2085,0.0035514081714159472,0.044,0.046,0.045000000000000005,0.045,0.0005477225575051667,0.054,0.057,0.056275,0.0565,0.0008584142356694706,0.2405,0.255,0.25105000000000005,0.251,0.0038823317735608358,0.035500000000000004,0.036000000000000004,0.035625000000000004,0.035500000000000004,0.0002165063509461099,0.2305,0.242,0.238925,0.23875000000000002,0.0026328454189336607,0.054,0.055,0.0541,0.054,0.00030000000000000024,32,32,2560,10240,51200,False,1000,2
0.031,0.034,0.03295238095238096,0.033,0.0007853534524986029,0.016,0.017,0.016950000000000003,0.017,0.00021794494717703385,0.1945,0.21,0.206575,0.20650000000000002,0.004105712483844913,0.044,0.045,0.04435000000000001,0.044,0.0004769696007084732,0.051500000000000004,0.0565,0.055475,0.0555,0.0013273563952458274,0.23700000000000002,0.2525,0.24819999999999998,0.248,0.0041152156687104475,0.035,0.035500000000000004,0.0353,0.035500000000000004,0.00024494897427831806,0.2255,0.23850000000000002,0.23515000000000003,0.23450000000000001,0.00281558164506022,0.053,0.055,0.0536,0.054,0.0005830951894845307,32,32,2560,10240,51200,False,992,2
0.032,0.034,0.0330952380952381,0.033,0.0006098213559459861,0.017,0.018000000000000002,0.017050000000000003,0.017,0.0002179449471770339,0.20550000000000002,0.209,0.20729999999999998,0.20725,0.0016155494421403389,0.044,0.045,0.04415000000000001,0.044,0.0003570714214271428,0.0555,0.0565,0.05600000000000001,0.056,0.0005000000000000004,0.2465,0.2515,0.24900000000000003,0.24925,0.0022192341021172166,0.035,0.035500000000000004,0.03502500000000001,0.035,0.00010897247358851693,0.23450000000000001,0.23950000000000002,0.23722499999999996,0.23825000000000002,0.002033930923114157,0.052000000000000005,0.054,0.052750000000000005,0.053,0.0006224949798994342,32,32,2560,10240,51200,False,984,2
0.031,0.034,0.03357142857142858,0.034,0.0009547589359887353,0.016,0.017,0.016900000000000005,0.017,0.0003000000000000003,0.198,0.213,0.21022500000000002,0.211,0.003979557136164772,0.043000000000000003,0.044,0.0437,0.044,0.0004582575694955812,0.053,0.0575,0.056625,0.057,0.0012636751956100123,0.242,0.255,0.252575,0.253,0.0036512840207247673,0.0345,0.035,0.03475,0.03475,0.0002500000000000002,0.233,0.2425,0.24112499999999998,0.2415,0.001974050404624964,0.051000000000000004,0.053,0.052100000000000014,0.052000000000000005,0.0004358898943540656,32,32,2560,10240,51200,False,976,2
0.031,0.034,0.032619047619047624,0.033,0.000652919485752481,0.016,0.017,0.016700000000000003,0.017,0.0004582575694955844,0.20500000000000002,0.2125,0.209125,0.21175,0.0034924024682158163,0.043000000000000003,0.044,0.04345,0.043000000000000003,0.0004974937185533069,0.0665,0.07,0.06837500000000002,0.0695,0.0013589977924926896,0.246,0.259,0.2515,0.25475000000000003,0.004427188724235735,0.034,0.0345,0.03445,0.0345,0.00015000000000000012,0.23500000000000001,0.246,0.23994999999999997,0.24175,0.003478146057887726,0.051000000000000004,0.053,0.051900000000000016,0.052000000000000005,0.0004358898943540669,32,32,2560,10240,51200,False,968,2
0.031,0.033,0.032809523809523816,0.033,0.0004994327848429298,0.016,0.017,0.016800000000000002,0.017,0.0004000000000000004,0.1705,0.17300000000000001,0.17177499999999998,0.17175,0.0006609652033201148,0.044,0.046,0.04485000000000001,0.045,0.0004769696007084733,0.0695,0.07100000000000001,0.07025,0.07,0.0003708099243547835,0.2125,0.2155,0.2141,0.214,0.0009165151389911687,0.034,0.035,0.034600000000000006,0.0345,0.00025495097567963945,0.23750000000000002,0.241,0.23935000000000003,0.23900000000000002,0.0009233092656309589,0.05,0.052000000000000005,0.05075,0.051000000000000004,0.0006224949798994372,32,32,2560,10240,51200,False,960,2
0.03,0.033,0.0320952380952381,0.032,0.0009209085526577968,0.015,0.017,0.016200000000000003,0.016,0.000509901951359279,0.162,0.17500000000000002,0.17044999999999996,0.1705,0.0038919789310837777,0.044,0.046,0.04465000000000001,0.045,0.0005722761571129803,0.063,0.07150000000000001,0.06907499999999997,0.0695,0.0026423237878806624,0.20350000000000001,0.2185,0.21349999999999997,0.213,0.004180310993215694,0.034,0.0345,0.03415,0.034,0.0002291287847477922,0.228,0.244,0.238225,0.23750000000000002,0.004305447131251288,0.049,0.051000000000000004,0.05000000000000001,0.05,0.0005477225575051667,32,32,2560,10240,51200,False,952,2
0.031,0.033,0.03252380952380953,0.033,0.0005870870479018079,0.016,0.017,0.016350000000000003,0.016,0.00047696960070847325,0.1715,0.17500000000000002,0.17282499999999998,0.1715,0.0015833114033569024,0.044,0.045,0.044250000000000005,0.044,0.0004330127018922198,0.07,0.07200000000000001,0.07064999999999999,0.07025,0.000726291952316698,0.214,0.2185,0.21585000000000001,0.214,0.002050000000000002,0.034,0.0345,0.03402500000000001,0.034,0.00010897247358851693,0.2405,0.246,0.243025,0.2415,0.0022106277389013305,0.048,0.05,0.04945000000000001,0.05,0.0006689544080129831,32,32,2560,10240,51200,False,944,2
0.029,0.032,0.03128571428571429,0.031,0.0006998542122237653,0.015,0.016,0.015550000000000003,0.016,0.0004974937185533105,0.166,0.1705,0.167975,0.169,0.0014956186011146036,0.043000000000000003,0.044,0.0432,0.043000000000000003,0.0003999999999999976,0.065,0.07050000000000001,0.06670000000000001,0.067,0.001391042774324357,0.20750000000000002,0.2165,0.21012499999999998,0.211,0.002144032415799715,0.0335,0.034,0.033575,0.0335,0.0001785357107135714,0.231,0.241,0.2344,0.23500000000000001,0.002228227995515717,0.048,0.05,0.04880000000000001,0.049,0.000509901951359279,32,32,2560,10240,51200,False,936,2
0.03,0.032,0.030809523809523814,0.031,0.0006632565846278158,0.015,0.016,0.015700000000000002,0.016,0.0004582575694955845,0.1605,0.1675,0.16497499999999998,0.167,0.00274988636128841,0.042,0.044,0.04315000000000001,0.043000000000000003,0.00047696960070847075,0.0645,0.0695,0.06665000000000001,0.0675,0.0014413535305399588,0.2025,0.218,0.206975,0.2085,0.0037332124236373076,0.033,0.0335,0.03325,0.03325,0.0002500000000000002,0.2265,0.2435,0.231175,0.2325,0.0037658830305786176,0.048,0.05,0.04815000000000001,0.048,0.00047696960070847325,32,32,2560,10240,51200,False,928,2
0.028,0.032,0.03090476190476191,0.031,0.0010190921218587,0.015,0.016,0.015300000000000003,0.015,0.0004582575694955844,0.1605,0.177,0.17035000000000003,0.171,0.004696008943773422,0.042,0.043000000000000003,0.04275000000000001,0.043000000000000003,0.0004330127018922197,0.063,0.07200000000000001,0.06862500000000002,0.069,0.002514333907817339,0.2015,0.22,0.212725,0.213,0.005226076444140476,0.0325,0.0335,0.03307500000000001,0.033,0.00023848480035423665,0.227,0.2465,0.23892500000000005,0.23875000000000002,0.00580360879108852,0.046,0.05,0.04765000000000001,0.048,0.0007921489758877437,32,32,2560,10240,51200,False,920,2
0.03,0.032,0.031095238095238103,0.031,0.0008109231602822102,0.015,0.016,0.015500000000000003,0.0155,0.0005000000000000004,0.1645,0.17200000000000001,0.169075,0.17075,0.002679902050448861,0.042,0.043000000000000003,0.04225000000000001,0.042,0.0004330127018922198,0.0655,0.07,0.06830000000000001,0.069,0.001623268308074794,0.20700000000000002,0.2165,0.21125,0.2125,0.002643387977577253,0.0325,0.033,0.032725000000000004,0.0325,0.0002487468592766552,0.2335,0.2445,0.23765,0.23850000000000002,0.0026367593746870407,0.046,0.048,0.04705000000000001,0.047,0.0005894913061275804,32,32,2560,10240,51200,False,912,2
0.028,0.032,0.030666666666666672,0.031,0.0009428090415820634,0.014,0.015,0.014950000000000001,0.015,0.00021794494717703347,0.1605,0.17300000000000001,0.1698,0.17,0.0032649655434629048,0.041,0.043000000000000003,0.04210000000000001,0.042,0.00043588989435406776,0.0625,0.07050000000000001,0.06892500000000001,0.0695,0.002181026134643968,0.201,0.2155,0.21162499999999995,0.2115,0.003862884285090606,0.032,0.0325,0.0324,0.0325,0.00020000000000000015,0.227,0.242,0.23795000000000005,0.23775000000000002,0.003660259553638234,0.046,0.047,0.04640000000000001,0.046,0.0004898979485566361,32,32,2560,10240,51200,False,904,2
0.028,0.031,0.030095238095238102,0.03,0.0008676603408708853,0.014,0.016,0.014900000000000002,0.015,0.0004358898943540672,0.167,0.1805,0.17445,0.17525000000000002,0.003955692101263694,0.039,0.041,0.039900000000000005,0.04,0.0004358898943540677,0.0635,0.07150000000000001,0.06815,0.0685,0.0025204166322257146,0.202,0.2155,0.209,0.209,0.0040804411526206286,0.032,0.0325,0.03215,0.032,0.00022912878474779219,0.1955,0.20650000000000002,0.20115,0.201,0.00324846117415616,0.045,0.046,0.04585000000000001,0.046,0.00035707142142714284,32,32,2560,10240,51200,False,896,2
0.028,0.03,0.02952380952380953,0.03,0.0006632565846278143,0.014,0.015,0.014600000000000002,0.015,0.0004898979485566354,0.1655,0.17500000000000002,0.17170000000000002,0.17450000000000002,0.003938273733503047,0.039,0.04,0.039400000000000004,0.039,0.000489897948556636,0.0635,0.069,0.06684999999999999,0.06825,0.002156965461012301,0.201,0.216,0.20682499999999998,0.209,0.004096568686107915,0.0315,0.032,0.031925,0.032,0.00017853571071357142,0.1945,0.2085,0.19942500000000002,0.20025,0.0033995404101142836,0.044,0.046,0.04485000000000001,0.045,0.0006538348415311016,32,32,2560,10240,51200,False,888,2
0.027,0.031,0.02990476190476191,0.03,0.0011914281907806478,0.014,0.015,0.014700000000000001,0.015,0.00045825756949558367,0.1645,0.1825,0.1748,0.177,0.005836094584565943,0.038,0.04,0.03905000000000001,0.039,0.0005894913061275804,0.062,0.07100000000000001,0.067675,0.0685,0.0027031231936410173,0.199,0.2175,0.21012499999999998,0.2115,0.005481502987320169,0.0315,0.032,0.03152499999999999,0.0315,0.00010897247358851694,0.193,0.21,0.20290000000000002,0.20350000000000001,0.004973932046178352,0.043000000000000003,0.045,0.04440000000000001,0.044,0.0005830951894845298,32,32,2560,10240,51200,False,880,2
0.029,0.03,0.029476190476190482,0.029,0.0004994327848429281,0.014,0.015,0.014050000000000002,0.014,0.0002179449471770335,0.17250000000000001,0.176,0.17400000000000002,0.17300000000000001,0.0014577379737113168,0.038,0.039,0.03885000000000001,0.039,0.00035707142142714284,0.066,0.0685,0.06707500000000001,0.0665,0.0008407585860400125,0.20750000000000002,0.211,0.20902500000000002,0.2085,0.0012597122687344026,0.031,0.0315,0.031224999999999996,0.031,0.0002487468592766552,0.1995,0.2025,0.20097500000000004,0.20075,0.0011233320969330496,0.043000000000000003,0.045,0.04360000000000001,0.0435,0.0006633249580710773,32,32,2560,10240,51200,False,872,2
0.028,0.03,0.02933333333333334,0.029,0.0005634361698190099,0.014,0.014,0.014000000000000002,0.014,1.734723475976807e-18,0.17350000000000002,0.1765,0.17472499999999996,0.17400000000000002,0.001317905535309708,0.038,0.039,0.038500000000000006,0.0385,0.0005000000000000004,0.0685,0.0695,0.06897500000000001,0.069,0.00043229041164476493,0.20750000000000002,0.2115,0.20915,0.20800000000000002,0.0016815171720800117,0.0305,0.031,0.030950000000000005,0.031,0.00015000000000000012,0.1975,0.2015,0.199325,0.1985,0.0013626720074911658,0.043000000000000003,0.045,0.043500000000000004,0.043000000000000003,0.0005916079783099588,32,32,2560,10240,51200,False,864,2
0.027,0.029,0.028190476190476193,0.028,0.0006632565846278158,0.013000000000000001,0.014,0.013900000000000004,0.014,0.00029999999999999976,0.166,0.17250000000000001,0.169725,0.1715,0.0027086666461563734,0.037,0.04,0.03805000000000001,0.038,0.0004974937185533105,0.064,0.0675,0.0658,0.06675,0.0014352700094407336,0.1995,0.20600000000000002,0.203625,0.20525000000000002,0.002418031223950595,0.0305,0.031,0.030549999999999994,0.0305,0.00015000000000000012,0.1935,0.1995,0.19672499999999998,0.1975,0.0019330998422223322,0.041,0.043000000000000003,0.04215000000000001,0.042,0.0007262919523166982,32,32,2560,10240,51200,False,856,2
0.028,0.03,0.028809523809523813,0.029,0.0004994327848429294,0.013000000000000001,0.014,0.013700000000000004,0.014,0.00045825756949558356,0.1705,0.1765,0.17405000000000004,0.176,0.0023339880033967494,0.038,0.039,0.03805000000000001,0.038,0.00021794494717703385,0.0665,0.069,0.0678,0.0685,0.0009539392014169464,0.20550000000000002,0.2105,0.20834999999999998,0.21,0.0019306734576307705,0.03,0.0305,0.030299999999999994,0.0305,0.00024494897427831806,0.2,0.20400000000000001,0.20212500000000003,0.20225,0.0011712706775122489,0.04,0.043000000000000003,0.041400000000000006,0.041,0.0006633249580710806,32,32,2560,10240,51200,False,848,2
0.026000000000000002,0.03,0.028761904761904766,0.029,0.0009209085526577955,0.012,0.014,0.013350000000000004,0.013000000000000001,0.0005722761571129796,0.1585,0.17300000000000001,0.16592500000000002,0.1665,0.00399460573774184,0.039,0.04,0.03925000000000001,0.039,0.0004330127018922197,0.0625,0.07050000000000001,0.06705000000000001,0.0675,0.0024438698819699897,0.198,0.2155,0.206675,0.20700000000000002,0.0047362300408658325,0.029500000000000002,0.03,0.029950000000000004,0.03,0.0001499999999999991,0.193,0.20700000000000002,0.19980000000000003,0.2,0.0039382737335030464,0.04,0.042,0.041150000000000006,0.041,0.00047696960070847325,32,32,2560,10240,51200,False,840,2
0.026000000000000002,0.029,0.027904761904761915,0.028,0.0007499055118106485,0.012,0.014,0.013050000000000003,0.013000000000000001,0.0003840572873934303,0.16,0.1675,0.16642500000000002,0.167,0.0015270478054075463,0.038,0.04,0.03910000000000001,0.039,0.00043588989435406776,0.0635,0.068,0.067275,0.0675,0.0008870597499605093,0.1995,0.20800000000000002,0.207125,0.20750000000000002,0.0017597940220378078,0.029500000000000002,0.03,0.029699999999999997,0.029500000000000002,0.0002449489742783163,0.1935,0.1995,0.198875,0.199,0.0012636751956100123,0.04,0.042,0.04075000000000001,0.041,0.0006982120021884477,32,32,2560,10240,51200,False,832,2
0.025,0.028,0.027380952380952388,0.028,0.0007853534524986021,0.012,0.013000000000000001,0.012700000000000003,0.013000000000000001,0.0004582575694955844,0.1585,0.1645,0.162375,0.1645,0.002640430836056876,0.038,0.039,0.038650000000000004,0.039,0.0004769696007084733,0.063,0.0665,0.06502500000000001,0.066,0.001444602021319368,0.1985,0.20450000000000002,0.20250000000000004,0.20400000000000001,0.002252776065213764,0.029,0.029500000000000002,0.029424999999999996,0.029500000000000002,0.0001785357107135714,0.1915,0.1985,0.19525000000000003,0.19625,0.002410912690248241,0.039,0.041,0.039900000000000005,0.04,0.0006244997998398404,32,32,2560,10240,51200,False,824,2
0.025,0.028,0.02733333333333334,0.027,0.0007766431633476232,0.012,0.014,0.012850000000000004,0.013000000000000001,0.0004769696007084731,0.157,0.17200000000000001,0.163525,0.1645,0.004035700063186068,0.038,0.039,0.03830000000000001,0.038,0.0004582575694955844,0.062,0.07,0.0658,0.0665,0.0023313086453749556,0.197,0.2145,0.2044,0.20500000000000002,0.004262041764225215,0.029,0.029500000000000002,0.029100000000000004,0.029,0.00020000000000000015,0.191,0.20550000000000002,0.19675,0.1965,0.0039131189606246355,0.037,0.04,0.038650000000000004,0.039,0.0007262919523166983,32,32,2560,10240,51200,False,816,2
0.026000000000000002,0.029,0.027523809523809534,0.028,0.0006632565846278154,0.012,0.013000000000000001,0.012950000000000003,0.013000000000000001,0.00021794494717703385,0.164,0.169,0.16595000000000001,0.1645,0.0022017038856304016,0.037,0.039,0.038200000000000005,0.038,0.0005099019513592789,0.0655,0.0685,0.06662500000000002,0.066,0.0011388041973930385,0.20450000000000002,0.2105,0.2069,0.20500000000000002,0.0026009613607279798,0.0285,0.029500000000000002,0.028925000000000006,0.029,0.00028613807855649016,0.197,0.2015,0.198875,0.198,0.0016269219403523961,0.037,0.04,0.038450000000000005,0.038,0.0006689544080129831,32,32,2560,10240,51200,False,808,2
0.026000000000000002,0.028,0.027142857142857153,0.027,0.0004665694748158435,0.011,0.013000000000000001,0.012150000000000003,0.012,0.0005722761571129804,0.166,0.166,0.16599999999999998,0.166,2.7755575615628914e-17,0.037,0.038,0.037750000000000006,0.038,0.0004330127018922197,0.0665,0.067,0.06684999999999999,0.067,0.0002291287847477922,0.20650000000000002,0.20700000000000002,0.20675000000000004,0.20675000000000002,0.0002500000000000002,0.0285,0.029,0.028575,0.0285,0.00017853571071357142,0.196,0.1975,0.19685,0.197,0.0003201562118716427,0.037,0.039,0.037700000000000004,0.0375,0.0007810249675906662,32,32,2560,10240,51200,False,800,2
0.024,0.027,0.026476190476190483,0.027,0.0007939681905015739,0.012,0.013000000000000001,0.012250000000000002,0.012,0.0004330127018922198,0.1575,0.1655,0.16212500000000002,0.1645,0.003201074038506454,0.037,0.038,0.03730000000000001,0.037,0.0004582575694955844,0.0625,0.066,0.0643,0.0655,0.0015921683328090671,0.198,0.20550000000000002,0.20232499999999995,0.20500000000000002,0.0034215310900238827,0.028,0.0285,0.028075,0.028,0.0001785357107135714,0.1915,0.1965,0.1943,0.1955,0.002051828452868321,0.036000000000000004,0.038,0.03690000000000001,0.037,0.000699999999999998,32,32,2560,10240,51200,False,792,2
0.025,0.028,0.026809523809523818,0.027,0.000793968190501574,0.012,0.013000000000000001,0.012150000000000003,0.012,0.0003570714214271428,0.1585,0.171,0.16525,0.1665,0.004020261185545042,0.036000000000000004,0.038,0.03680000000000001,0.037,0.0005099019513592762,0.0615,0.068,0.06542500000000001,0.066,0.002175287337341899,0.1985,0.2125,0.2063,0.20700000000000002,0.00444522215417857,0.0275,0.028,0.0279,0.028,0.00020000000000000017,0.1935,0.2025,0.19862500000000002,0.199,0.002845500834651084,0.034,0.037,0.03625000000000001,0.036000000000000004,0.000698212002188445,32,32,2560,10240,51200,False,784,2
0.025,0.027,0.02671428571428572,0.027,0.0005471012044321923,0.012,0.013000000000000001,0.012200000000000003,0.012,0.00040000000000000034,0.163,0.169,0.16592500000000002,0.16375,0.002739867697535779,0.036000000000000004,0.038,0.03695000000000001,0.037,0.00038405728739342903,0.0645,0.0675,0.06570000000000001,0.065,0.0012489995996796807,0.20350000000000001,0.2105,0.20675,0.20425000000000001,0.003253843880704778,0.0275,0.028,0.027600000000000003,0.0275,0.00020000000000000015,0.195,0.201,0.19787500000000002,0.19775,0.0027380421837510127,0.034,0.037,0.03580000000000001,0.036000000000000004,0.0007483314773547872,32,32,2560,10240,51200,False,776,2
0.023,0.027,0.02657142857142858,0.027,0.0010497813183356476,0.011,0.013000000000000001,0.012000000000000002,0.012,0.00044721359549995833,0.123,0.13,0.12902500000000003,0.1295,0.0014271912976192096,0.037,0.039,0.03810000000000001,0.038,0.00043588989435406776,0.0415,0.043500000000000004,0.04295000000000001,0.043000000000000003,0.0003500000000000004,0.1645,0.17200000000000001,0.17075,0.171,0.0015124483462254188,0.0275,0.0285,0.02765,0.0275,0.00027838821814150135,0.196,0.1975,0.197,0.197,0.0004183300132670382,0.035,0.037,0.03530000000000001,0.035,0.0005567764362830016,32,32,2560,10240,51200,False,768,2
0.024,0.026000000000000002,0.02557142857142858,0.026000000000000002,0.0006598288790738587,0.01,0.012,0.01105,0.011,0.0004974937185533101,0.122,0.1255,0.12467500000000002,0.1255,0.0014341809509263478,0.037,0.038,0.037450000000000004,0.037,0.0004974937185533104,0.0405,0.042,0.041375,0.0415,0.00031124748994971856,0.1635,0.1665,0.165625,0.166,0.0009065732182234382,0.027,0.0275,0.027350000000000003,0.0275,0.0002291287847477922,0.188,0.193,0.191425,0.192,0.0015594470173750706,0.033,0.035,0.03420000000000001,0.034,0.0006782329983125274,32,32,2560,10240,51200,False,760,2
0.023,0.027,0.025809523809523817,0.026000000000000002,0.0007939681905015751,0.01,0.012,0.010900000000000002,0.011,0.00043588989435406716,0.1255,0.1295,0.129175,0.1295,0.0008699856320652664,0.037,0.038,0.037500000000000006,0.0375,0.0005000000000000006,0.043000000000000003,0.043000000000000003,0.04300000000000001,0.043000000000000003,6.938893903907228e-18,0.171,0.1715,0.1712,0.171,0.00024494897427831806,0.027,0.0275,0.027025,0.027,0.00010897247358851694,0.198,0.1995,0.198825,0.199,0.0003960744879438718,0.033,0.036000000000000004,0.03430000000000001,0.034,0.0007810249675906662,32,32,2560,10240,51200,False,752,2
0.023,0.026000000000000002,0.02476190476190477,0.025,0.0008676603408708863,0.01,0.012,0.01105,0.011,0.0005894913061275799,0.123,0.1275,0.12525,0.124,0.0018131464364468763,0.035,0.038,0.03615000000000001,0.036000000000000004,0.0006538348415310994,0.041,0.0425,0.041749999999999995,0.0415,0.000642261628933257,0.1635,0.1695,0.16620000000000001,0.1645,0.002506990227344337,0.0265,0.027,0.026574999999999998,0.0265,0.00017853571071357142,0.1875,0.195,0.190775,0.1885,0.0032151010870577644,0.032,0.034,0.033400000000000006,0.0335,0.0006633249580710806,32,32,2560,10240,51200,False,744,2
0.023,0.025,0.024190476190476196,0.024,0.0004994327848429298,0.01,0.011,0.0102,0.01,0.0003999999999999996,0.11850000000000001,0.12,0.11940000000000002,0.11950000000000001,0.00040620192023179427,0.035,0.037,0.03595000000000001,0.036000000000000004,0.000668954408012981,0.0395,0.0405,0.03985,0.04,0.00027838821814150135,0.1595,0.1615,0.16030000000000003,0.16025,0.00048476798574163333,0.026000000000000002,0.0265,0.026425000000000004,0.0265,0.00017853571071357017,0.184,0.1855,0.184775,0.1845,0.0004023369234857774,0.032,0.034,0.03250000000000001,0.032,0.0006708203932499376,32,32,2560,10240,51200,False,736,2
0.023,0.025,0.0240952380952381,0.024,0.0006098213559459861,0.009000000000000001,0.01,0.009950000000000004,0.01,0.00021794494717703353,0.1205,0.1245,0.1226,0.12325,0.001593737745050924,0.035,0.036000000000000004,0.03555000000000001,0.036000000000000004,0.0004974937185533104,0.0405,0.0415,0.041049999999999996,0.0415,0.0004974937185533104,0.16,0.1645,0.16272499999999995,0.164,0.0018939046966518689,0.026000000000000002,0.0265,0.026075000000000004,0.026000000000000002,0.0001785357107135702,0.187,0.192,0.18934999999999996,0.1905,0.001962778642639054,0.03,0.033,0.03180000000000001,0.032,0.0007483314773547889,32,32,2560,10240,51200,False,728,2
0.022,0.025,0.024190476190476196,0.024,0.0007939681905015754,0.009000000000000001,0.011,0.010100000000000001,0.01,0.0005385164807134499,0.121,0.1275,0.12384999999999997,0.122,0.002720753572082561,0.034,0.036000000000000004,0.03500000000000001,0.035,0.0003162277660168382,0.0405,0.0425,0.04155,0.041,0.0008351646544245041,0.1625,0.168,0.16560000000000002,0.1645,0.0019078784028338932,0.025500000000000002,0.026000000000000002,0.025750000000000006,0.025750000000000002,0.0002500000000000002,0.191,0.197,0.194025,0.1935,0.0018939046966518689,0.03,0.034,0.031650000000000005,0.032,0.0008529361054615998,32,32,2560,10240,51200,False,720,2
0.022,0.025,0.024238095238095243,0.024,0.0008676603408708864,0.01,0.012,0.010400000000000001,0.01,0.0005830951894845297,0.12,0.126,0.12435,0.1255,0.0024088378940891834,0.034,0.036000000000000004,0.03515000000000001,0.035,0.00047696960070847325,0.04,0.042,0.04160000000000001,0.042,0.0007000000000000005,0.16,0.1665,0.16492500000000002,0.1665,0.002675233634656983,0.025500000000000002,0.025500000000000002,0.025500000000000005,0.025500000000000002,3.469446951953614e-18,0.1865,0.1945,0.19249999999999998,0.194,0.0027793884219374614,0.029,0.032,0.030650000000000004,0.031,0.0007262919523166977,32,32,2560,10240,51200,False,712,2
0.021,0.026000000000000002,0.02414285714285715,0.024,0.001036740050337012,0.009000000000000001,0.01,0.009900000000000003,0.01,0.00029999999999999976,0.121,0.127,0.12554999999999997,0.127,0.0025144581921360334,0.034,0.036000000000000004,0.03445000000000001,0.034,0.0005894913061275802,0.0405,0.0425,0.042074999999999994,0.0425,0.0007462405778299657,0.1615,0.1685,0.167025,0.168,0.0024722206616724185,0.025,0.025500000000000002,0.025125,0.025,0.0002165063509461099,0.1875,0.195,0.1932,0.1945,0.0025661254840712703,0.029,0.032,0.030200000000000005,0.03,0.0006782329983125268,32,32,2560,10240,51200,False,704,2
0.022,0.024,0.023047619047619053,0.023,0.0007221786137191959,0.009000000000000001,0.01,0.009650000000000002,0.01,0.0004769696007084724,0.12,0.1245,0.12242499999999996,0.1225,0.0020813156896540247,0.033,0.034,0.03380000000000001,0.034,0.00040000000000000034,0.04,0.0415,0.040749999999999995,0.04075,0.0007158910531638183,0.16,0.1645,0.16277500000000003,0.16325,0.0015848895860595478,0.0245,0.025500000000000002,0.024900000000000005,0.025,0.0002549509756796395,0.187,0.192,0.18912500000000002,0.1895,0.0017093492913971696,0.028,0.031,0.029150000000000002,0.029,0.000909670269933012,32,32,2560,10240,51200,False,696,2
0.021,0.024,0.023190476190476195,0.023,0.000793968190501575,0.009000000000000001,0.01,0.009650000000000002,0.01,0.0004769696007084724,0.11850000000000001,0.1265,0.123125,0.12625,0.003690782437370154,0.033,0.034,0.033650000000000006,0.034,0.0004769696007084733,0.0395,0.0425,0.041475,0.0425,0.0012597122687344133,0.1595,0.168,0.1645,0.1675,0.0037349698793966227,0.0245,0.025,0.024550000000000006,0.0245,0.00015000000000000015,0.1855,0.195,0.19119999999999998,0.194,0.003954111783953512,0.027,0.029,0.028450000000000003,0.0285,0.0005894913061275802,32,32,2560,10240,51200,False,688,2
0.021,0.024,0.023000000000000003,0.023,0.0006900655593423545,0.009000000000000001,0.01,0.009400000000000002,0.009000000000000001,0.0004898979485566351,0.1225,0.1265,0.12365,0.1235,0.0010965856099730664,0.032,0.034,0.03305000000000001,0.033,0.00038405728739343076,0.041,0.042,0.041175,0.041,0.0003631459761583491,0.1625,0.1675,0.1639,0.163,0.0017073371078963888,0.024,0.0245,0.024325000000000006,0.0245,0.0002384848003542366,0.188,0.1935,0.18940000000000004,0.1885,0.0019467922333931804,0.028,0.029,0.028200000000000003,0.028,0.00040000000000000034,32,32,2560,10240,51200,False,680,2
0.022,0.024,0.02285714285714286,0.023,0.000559397148784321,0.009000000000000001,0.01,0.009800000000000003,0.01,0.00039999999999999964,0.121,0.1255,0.12205000000000002,0.1215,0.0016271140095272996,0.032,0.033,0.03270000000000001,0.033,0.00045825756949558437,0.04,0.042,0.04087500000000001,0.0405,0.0006684870978560475,0.16,0.166,0.162075,0.16125,0.002319886850689061,0.0235,0.0245,0.024000000000000004,0.024,0.0001581138830084191,0.185,0.192,0.187875,0.187,0.002218529918662358,0.026000000000000002,0.028,0.027400000000000008,0.027,0.0005830951894845301,32,32,2560,10240,51200,False,672,2
0.02,0.023,0.022333333333333337,0.022,0.0007766431633476232,0.009000000000000001,0.01,0.009250000000000003,0.009000000000000001,0.00043301270189221897,0.11850000000000001,0.1225,0.12095,0.1225,0.001738533865071366,0.032,0.033,0.032350000000000004,0.032,0.00047696960070847314,0.04,0.041,0.04057500000000001,0.041,0.00048153400710645593,0.1575,0.162,0.16029999999999997,0.162,0.0019000000000000015,0.0235,0.024,0.023650000000000004,0.0235,0.0002291287847477922,0.1845,0.1895,0.18744999999999998,0.1885,0.0017385338650713724,0.026000000000000002,0.028,0.026400000000000007,0.026000000000000002,0.000583095189484529,32,32,2560,10240,51200,False,664,2
0.021,0.024,0.022428571428571433,0.023,0.0008491692619108095,0.009000000000000001,0.01,0.009450000000000004,0.009000000000000001,0.0004974937185533095,0.11900000000000001,0.128,0.12485000000000002,0.127,0.0035074919814591155,0.031,0.033,0.03205000000000001,0.032,0.00038405728739343076,0.04,0.043000000000000003,0.041875,0.0425,0.0010825317547305492,0.1605,0.169,0.16607500000000003,0.168,0.003135582083122688,0.023,0.0235,0.023450000000000006,0.0235,0.00015000000000000012,0.1885,0.196,0.19344999999999998,0.195,0.0026263091973337815,0.026000000000000002,0.028,0.026400000000000007,0.026000000000000002,0.0006633249580710791,32,32,2560,10240,51200,False,656,2
0.02,0.023,0.021761904761904767,0.022,0.0007499055118106479,0.009000000000000001,0.01,0.009100000000000002,0.009000000000000001,0.00029999999999999976,0.11850000000000001,0.1225,0.120125,0.11925000000000001,0.0015801503093060428,0.031,0.033,0.031650000000000005,0.032,0.0005722761571129804,0.04,0.041,0.040425,0.04,0.00048153400710645604,0.1575,0.1615,0.15972500000000006,0.15975,0.001654350325656572,0.0225,0.0235,0.023025000000000004,0.023,0.00019202864369671538,0.185,0.189,0.18697500000000003,0.18725,0.0013367404385294863,0.025,0.027,0.025500000000000005,0.025,0.0005916079783099616,32,32,2560,10240,51200,False,648,2
0.02,0.023,0.02190476190476191,0.022,0.0007499055118106482,0.009000000000000001,0.01,0.009050000000000002,0.009000000000000001,0.00021794494717703353,0.10200000000000001,0.1055,0.10347500000000001,0.10250000000000001,0.0014006694827831386,0.031,0.032,0.031150000000000004,0.031,0.00035707142142714284,0.0405,0.0415,0.041049999999999996,0.041,0.0003840572873934307,0.1595,0.1635,0.160925,0.16,0.0015674421839417252,0.0225,0.023,0.022725000000000002,0.0225,0.0002487468592766552,0.1545,0.159,0.15645,0.15575,0.0016948451256678307,0.024,0.026000000000000002,0.024850000000000004,0.025,0.0004769696007084733,32,32,2560,10240,51200,False,640,2
0.019,0.022,0.02161904761904762,0.022,0.0007221786137191946,0.009000000000000001,0.01,0.009100000000000002,0.009000000000000001,0.00029999999999999976,0.10200000000000001,0.1045,0.10400000000000001,0.10400000000000001,0.0007245688373094682,0.03,0.031,0.030850000000000006,0.031,0.0003570714214271428,0.041,0.042,0.041525,0.0415,0.00024874685927665525,0.159,0.1625,0.16145000000000004,0.1615,0.0007399324293474378,0.022,0.0225,0.022475000000000002,0.0225,0.00010897247358851693,0.155,0.1575,0.15625000000000003,0.156,0.0005809475019311132,0.024,0.025,0.024600000000000004,0.025,0.0004898979485566361,32,32,2560,10240,51200,False,632,2
0.019,0.023,0.02104761904761905,0.021,0.0007853534524986016,0.009000000000000001,0.01,0.009100000000000002,0.009000000000000001,0.00029999999999999976,0.1,0.1065,0.10192500000000002,0.1005,0.002550857698892665,0.03,0.031,0.030450000000000005,0.03,0.0004974937185533104,0.04,0.0425,0.040999999999999995,0.0405,0.0008803408430829512,0.1575,0.1655,0.16052500000000006,0.159,0.002997811701891901,0.022,0.0225,0.022025000000000003,0.022,0.00010897247358851693,0.1525,0.16,0.155525,0.15425,0.0026337947907914185,0.023,0.025,0.023900000000000005,0.024,0.0006244997998398403,32,32,2560,10240,51200,False,624,2
0.019,0.022,0.020523809523809527,0.021,0.0006632565846278154,0.009000000000000001,0.01,0.009050000000000002,0.009000000000000001,0.00021794494717703353,0.10250000000000001,0.105,0.10365000000000002,0.10300000000000001,0.0010618380290797595,0.03,0.031,0.030100000000000005,0.03,0.00030000000000000024,0.041,0.0425,0.04190000000000001,0.0415,0.0005147815070493505,0.158,0.1625,0.16035,0.159,0.0018172781845386264,0.021500000000000002,0.022,0.021800000000000003,0.022,0.0002449489742783163,0.1535,0.1575,0.15550000000000003,0.15475,0.0014053469322555206,0.022,0.024,0.023150000000000004,0.023,0.0005722761571129803,32,32,2560,10240,51200,False,616,2
0.018000000000000002,0.022,0.020809523809523816,0.021,0.0008518354199999193,0.009000000000000001,0.01,0.009100000000000002,0.009000000000000001,0.00029999999999999976,0.099,0.105,0.102025,0.10200000000000001,0.00248734295986701,0.029,0.031,0.030000000000000006,0.03,0.00031622776601683767,0.04,0.042,0.04100000000000001,0.041,0.000961769203083568,0.1555,0.1625,0.15955000000000003,0.16125,0.0029660579899927807,0.021,0.021500000000000002,0.021450000000000004,0.021500000000000002,0.00015000000000000015,0.151,0.156,0.15367499999999995,0.155,0.0018525320510047881,0.021,0.023,0.022500000000000003,0.023,0.0005916079783099616,32,32,2560,10240,51200,False,608,2
0.018000000000000002,0.021,0.020476190476190485,0.021,0.0007939681905015748,0.009000000000000001,0.01,0.009200000000000003,0.009000000000000001,0.0003999999999999997,0.1,0.10350000000000001,0.102575,0.10350000000000001,0.0013254716141811573,0.029,0.03,0.029350000000000005,0.029,0.00047696960070847157,0.0405,0.0415,0.041249999999999995,0.0415,0.00040311288741492785,0.156,0.161,0.15960000000000002,0.161,0.002059126028197402,0.021,0.021500000000000002,0.021125000000000005,0.021,0.00021650635094610986,0.1525,0.1565,0.155075,0.1555,0.0011755317945508757,0.021,0.023,0.021750000000000002,0.022,0.0006224949798994357,32,32,2560,10240,51200,False,600,2
0.018000000000000002,0.021,0.020285714285714292,0.02,0.0007648751621051913,0.009000000000000001,0.01,0.009150000000000002,0.009000000000000001,0.0003570714214271422,0.11750000000000001,0.126,0.12197500000000001,0.1245,0.0036175786100650217,0.029,0.03,0.029100000000000004,0.029,0.0002999999999999992,0.0405,0.043000000000000003,0.041850000000000005,0.0425,0.0009500000000000009,0.159,0.166,0.16290000000000002,0.1655,0.0030927334188384256,0.0205,0.021500000000000002,0.020925000000000006,0.021,0.0002384848003542366,0.155,0.1615,0.15852499999999997,0.15925,0.0024262883175748115,0.021,0.022,0.021800000000000003,0.022,0.000399999999999999,32,32,2560,10240,51200,False,592,2
0.018000000000000002,0.021,0.01990476190476191,0.02,0.0006834619092574918,0.009000000000000001,0.01,0.009050000000000002,0.009000000000000001,0.0002179449471770335,0.116,0.125,0.11839999999999999,0.117,0.0031921779399024706,0.028,0.029,0.028450000000000003,0.028,0.0004974937185533105,0.04,0.0425,0.04085,0.0405,0.0008381527307120112,0.155,0.1655,0.15770000000000003,0.156,0.0037960505792204646,0.0205,0.0205,0.020500000000000004,0.0205,3.469446951953614e-18,0.152,0.1605,0.15465,0.153,0.002954234249344492,0.02,0.022,0.020950000000000003,0.021,0.00038405728739343033,32,32,2560,10240,51200,False,584,2
0.018000000000000002,0.021,0.019619047619047626,0.02,0.0006529194857524805,0.009000000000000001,0.009000000000000001,0.009000000000000003,0.009000000000000001,1.734723475976807e-18,0.1205,0.1255,0.12145000000000002,0.1215,0.0009987492177719098,0.025,0.026000000000000002,0.025950000000000008,0.026000000000000002,0.00021794494717703385,0.0485,0.0505,0.04915,0.049,0.0005267826876426374,0.123,0.1275,0.123525,0.1235,0.0009549214627392149,0.02,0.0205,0.020475000000000004,0.0205,0.00010897247358851693,0.1535,0.1585,0.15445000000000003,0.154,0.0012932517156377574,0.019,0.021,0.020100000000000003,0.02,0.00043588989435406776,32,32,2560,10240,51200,False,576,2
0.017,0.02,0.01952380952380953,0.02,0.0007315376902732009,0.009000000000000001,0.009000000000000001,0.009000000000000003,0.009000000000000001,1.734723475976807e-18,0.11950000000000001,0.1225,0.12129999999999999,0.1215,0.0008426149773176336,0.025,0.026000000000000002,0.025700000000000008,0.026000000000000002,0.0004582575694955844,0.048,0.0505,0.049075,0.049,0.0005068283733178328,0.122,0.1245,0.12327499999999998,0.12325,0.0006015604707757988,0.02,0.0205,0.020100000000000003,0.02,0.00020000000000000015,0.1525,0.155,0.15397500000000003,0.154,0.000621992765231237,0.019,0.021,0.020000000000000004,0.02,0.0006324555320336764,32,32,2560,10240,51200,False,568,2
0.017,0.02,0.01933333333333334,0.019,0.0007126966450997985,0.009000000000000001,0.01,0.009050000000000002,0.009000000000000001,0.0002179449471770335,0.11950000000000001,0.125,0.12017499999999999,0.12,0.001175531794550873,0.025,0.026000000000000002,0.025450000000000007,0.025,0.0004974937185533104,0.048,0.05,0.04840000000000001,0.0485,0.0004636809247747856,0.121,0.1255,0.12172500000000001,0.1215,0.0009807522622966524,0.0195,0.02,0.019950000000000002,0.02,0.00015000000000000015,0.152,0.158,0.15335000000000001,0.153,0.0015976545308670472,0.019,0.021,0.020250000000000004,0.02,0.0005361902647381809,32,32,2560,10240,51200,False,560,2
0.016,0.019,0.018238095238095244,0.018000000000000002,0.0006834619092574908,0.008,0.009000000000000001,0.008850000000000002,0.009000000000000001,0.00035707142142714284,0.12,0.1215,0.12095,0.121,0.0005454356057317862,0.025,0.026000000000000002,0.025300000000000007,0.025,0.0004582575694955844,0.0475,0.049,0.04807500000000001,0.048,0.00039607448794387183,0.1225,0.124,0.12344999999999999,0.1235,0.0004974937185533105,0.0195,0.02,0.019525000000000004,0.0195,0.00010897247358851693,0.1565,0.158,0.15737500000000001,0.1575,0.00047103609203541963,0.019,0.02,0.019050000000000004,0.019,0.00021794494717703388,32,32,2560,10240,51200,False,552,2
0.017,0.019,0.01857142857142858,0.019,0.0005832118435198033,0.009000000000000001,0.009000000000000001,0.009000000000000003,0.009000000000000001,1.734723475976807e-18,0.1165,0.122,0.12004999999999996,0.1215,0.002459166525471583,0.025,0.026000000000000002,0.025050000000000006,0.025,0.00021794494717703388,0.0465,0.049,0.047975000000000004,0.0485,0.0008728545125048053,0.11900000000000001,0.1235,0.12182500000000003,0.123,0.001726810643932909,0.019,0.0195,0.019275000000000004,0.0195,0.0002487468592766552,0.1555,0.1595,0.15765,0.158,0.0014413535305399588,0.018000000000000002,0.019,0.018950000000000005,0.019,0.0002179449471770331,32,32,2560,10240,51200,False,544,2
0.016,0.019,0.018190476190476194,0.018000000000000002,0.0006632565846278147,0.008,0.009000000000000001,0.008750000000000003,0.009000000000000001,0.0004330127018922198,0.11850000000000001,0.124,0.11892500000000003,0.11850000000000001,0.001186117616427644,0.024,0.025,0.024800000000000006,0.025,0.0004000000000000003,0.0465,0.0485,0.047025000000000004,0.047,0.000432290411644765,0.12,0.1255,0.120825,0.1205,0.0014254385290148445,0.0185,0.019,0.018975000000000002,0.019,0.00010897247358851693,0.1555,0.1615,0.15670000000000003,0.156,0.0016309506430300107,0.018000000000000002,0.019,0.018650000000000007,0.019,0.0004769696007084716,32,32,2560,10240,51200,False,536,2
0.016,0.019,0.018000000000000006,0.018000000000000002,0.0005345224838248486,0.008,0.01,0.008700000000000003,0.009000000000000001,0.0005567764362830025,0.11850000000000001,0.1255,0.12012500000000001,0.11975,0.0016114822369483297,0.024,0.025,0.024450000000000006,0.024,0.0004974937185533104,0.047,0.0495,0.04765,0.0475,0.0005500000000000005,0.1215,0.1265,0.12257500000000002,0.1225,0.0011966097943774331,0.0185,0.019,0.018600000000000002,0.0185,0.00020000000000000015,0.1585,0.1635,0.16005000000000003,0.16,0.0011056672193748,0.017,0.019,0.018750000000000006,0.019,0.0005361902647381795,32,32,2560,10240,51200,False,528,2
0.016,0.018000000000000002,0.01771428571428572,0.018000000000000002,0.0005471012044321936,0.008,0.009000000000000001,0.008850000000000002,0.009000000000000001,0.0003570714214271428,0.11850000000000001,0.122,0.12050000000000001,0.121,0.0012942179105544735,0.024,0.025,0.024200000000000006,0.024,0.0004000000000000003,0.0465,0.0485,0.0476,0.04775,0.0006041522986797292,0.1205,0.123,0.12190000000000001,0.1225,0.0011357816691600557,0.018000000000000002,0.0185,0.018400000000000007,0.0185,0.0001999999999999988,0.155,0.159,0.15735,0.15775,0.0012854960132182454,0.017,0.019,0.018300000000000004,0.018000000000000002,0.0006403124237432839,32,32,2560,10240,51200,False,520,2
0.016,0.019,0.018000000000000006,0.018000000000000002,0.0006172133998483674,0.008,0.009000000000000001,0.008850000000000002,0.009000000000000001,0.0003570714214271428,0.11950000000000001,0.1225,0.1206,0.1205,0.0007999999999999988,0.023,0.024,0.023850000000000003,0.024,0.00035707142142714284,0.0285,0.029500000000000002,0.028749999999999998,0.0285,0.00037080992435478346,0.1095,0.112,0.11015000000000001,0.11,0.0006344288770224765,0.0185,0.019,0.018550000000000004,0.0185,0.00015000000000000015,0.1065,0.11,0.10717500000000002,0.107,0.0007628073151196186,0.017,0.018000000000000002,0.017200000000000003,0.017,0.00040000000000000034,32,32,2560,10240,51200,False,512,2
0.016,0.019,0.01790476190476191,0.018000000000000002,0.0005259695722470125,0.008,0.009000000000000001,0.008950000000000003,0.009000000000000001,0.00021794494717703385,0.11850000000000001,0.12,0.11927499999999999,0.11950000000000001,0.00043229041164476265,0.022,0.023,0.022550000000000004,0.023,0.0004974937185533105,0.028,0.0285,0.028275,0.0285,0.0002487468592766552,0.1085,0.1095,0.108975,0.109,0.0002487468592766552,0.018000000000000002,0.0185,0.018250000000000006,0.018250000000000002,0.0002499999999999985,0.1055,0.107,0.106325,0.1065,0.0003631459761583491,0.017,0.018000000000000002,0.017100000000000004,0.017,0.00030000000000000024,32,32,2560,10240,51200,False,504,2
0.015,0.018000000000000002,0.017619047619047624,0.018000000000000002,0.000722178613719196,0.008,0.009000000000000001,0.008950000000000003,0.009000000000000001,0.00021794494717703385,0.117,0.12,0.11835000000000002,0.11850000000000001,0.0006538348415310999,0.022,0.023,0.022200000000000004,0.022,0.0004000000000000003,0.0275,0.028,0.027950000000000003,0.028,0.00015000000000000015,0.11850000000000001,0.12,0.11897500000000003,0.11900000000000001,0.0004866980583482921,0.017,0.018000000000000002,0.017475000000000004,0.0175,0.00019202864369671538,0.1055,0.1065,0.105975,0.106,0.00024874685927665525,0.017,0.017,0.017000000000000005,0.017,3.469446951953614e-18,32,32,2560,10240,51200,False,496,2
0.014,0.018000000000000002,0.016619047619047624,0.017,0.0007853534524986024,0.008,0.009000000000000001,0.008100000000000001,0.008,0.0003000000000000003,0.11850000000000001,0.12,0.119175,0.11900000000000001,0.0005309190145398787,0.021,0.023,0.021950000000000004,0.022,0.0003840572873934299,0.0285,0.029,0.028675000000000006,0.0285,0.0002384848003542366,0.11950000000000001,0.121,0.12035,0.12025,0.0005937171043518924,0.017,0.0175,0.017100000000000004,0.017,0.00020000000000000015,0.107,0.108,0.10765000000000002,0.1075,0.0003570714214271428,0.017,0.017,0.017000000000000005,0.017,3.469446951953614e-18,32,32,2560,10240,51200,False,488,2
0.015,0.018000000000000002,0.01704761904761905,0.017,0.000575383141599742,0.008,0.009000000000000001,0.008600000000000002,0.009000000000000001,0.000489897948556636,0.1165,0.121,0.11877499999999999,0.11775000000000001,0.0019395553614166264,0.021,0.022,0.02185,0.022,0.0003570714214271416,0.0275,0.029,0.02815,0.02775,0.0006910137480542633,0.11750000000000001,0.122,0.11979999999999999,0.11850000000000001,0.0018668154702594416,0.0165,0.017,0.016800000000000002,0.017,0.00024494897427831806,0.10400000000000001,0.107,0.10580000000000003,0.106,0.0012389511693363848,0.015,0.017,0.016550000000000002,0.017,0.0005894913061275804,32,32,2560,10240,51200,False,480,2
0.014,0.018000000000000002,0.01671428571428572,0.017,0.000824786098842323,0.008,0.009000000000000001,0.008100000000000001,0.008,0.0003000000000000003,0.117,0.11800000000000001,0.11750000000000001,0.11750000000000001,0.0002738612787525833,0.021,0.022,0.02135,0.021,0.00047696960070847173,0.028,0.0285,0.028300000000000002,0.0285,0.000244948974278318,0.11800000000000001,0.11950000000000001,0.11875000000000002,0.11900000000000001,0.00037080992435478346,0.016,0.0165,0.016425000000000002,0.0165,0.00017853571071357142,0.105,0.1055,0.105125,0.105,0.00021650635094610986,0.015,0.017,0.015750000000000004,0.016,0.0007664854858377954,32,32,2560,10240,51200,False,472,2
0.014,0.018000000000000002,0.01690476190476191,0.017,0.000749905511810649,0.008,0.009000000000000001,0.008400000000000001,0.008,0.0004898979485566361,0.11800000000000001,0.121,0.120125,0.12,0.0007395099728874485,0.021,0.022,0.02125,0.021,0.00043301270189221826,0.028,0.029500000000000002,0.02865,0.0285,0.0005500000000000006,0.11900000000000001,0.1225,0.12072499999999997,0.1205,0.0010779030568655015,0.016,0.0165,0.016050000000000002,0.016,0.00015000000000000012,0.1075,0.109,0.10815,0.108,0.0005722761571129803,0.015,0.016,0.015400000000000002,0.015,0.000489897948556636,32,32,2560,10240,51200,False,464,2
0.014,0.017,0.01604761904761905,0.016,0.0005753831415997416,0.008,0.009000000000000001,0.008200000000000002,0.008,0.00040000000000000034,0.117,0.11850000000000001,0.11757500000000001,0.11750000000000001,0.0004264680527307999,0.02,0.021,0.020850000000000004,0.021,0.00035707142142714284,0.028,0.0285,0.028199999999999996,0.028,0.00024494897427831806,0.11800000000000001,0.11900000000000001,0.1187,0.11850000000000001,0.0002915475947422653,0.0155,0.016,0.0158,0.016,0.00024494897427831806,0.1045,0.1055,0.105075,0.105,0.00023848480035423662,0.014,0.016,0.015000000000000003,0.015,0.000316227766016838,32,32,2560,10240,51200,False,456,2
0.013000000000000001,0.016,0.01580952380952381,0.016,0.0006632565846278152,0.008,0.009000000000000001,0.008050000000000002,0.008,0.0002179449471770339,0.11750000000000001,0.11900000000000001,0.11810000000000002,0.11800000000000001,0.00043588989435406776,0.02,0.021,0.020550000000000006,0.021,0.0004974937185533105,0.0285,0.0285,0.028499999999999998,0.0285,3.469446951953614e-18,0.11800000000000001,0.11950000000000001,0.118775,0.11900000000000001,0.0003344772040064916,0.0155,0.016,0.015550000000000003,0.0155,0.00015000000000000012,0.1055,0.1065,0.10582499999999999,0.106,0.0002861380785564902,0.014,0.016,0.014950000000000001,0.015,0.0003840572873934304,32,32,2560,10240,51200,False,448,2
0.013000000000000001,0.017,0.016000000000000004,0.016,0.0008164965809277262,0.008,0.009000000000000001,0.008050000000000002,0.008,0.00021794494717703388,0.117,0.11850000000000001,0.11777499999999999,0.11800000000000001,0.0005117372372614685,0.02,0.021,0.020450000000000003,0.02,0.0004974937185533105,0.028,0.0285,0.028199999999999996,0.028,0.00024494897427831806,0.11750000000000001,0.11950000000000001,0.11845000000000003,0.11850000000000001,0.0004974937185533104,0.015,0.0155,0.015125000000000003,0.015,0.0002165063509461099,0.1045,0.1055,0.10515,0.105,0.00027838821814150135,0.014,0.015,0.014700000000000001,0.015,0.0004582575694955836,32,32,2560,10240,51200,False,440,2
0.013000000000000001,0.016,0.01580952380952381,0.016,0.0006632565846278152,0.008,0.008,0.008000000000000002,0.008,1.734723475976807e-18,0.115,0.11800000000000001,0.11685000000000001,0.117,0.0007088723439378919,0.019,0.02,0.019900000000000004,0.02,0.0003000000000000003,0.0275,0.028,0.027825000000000006,0.028,0.00023848480035423662,0.117,0.11800000000000001,0.11727500000000002,0.11725000000000001,0.0002947456530637901,0.0145,0.015,0.014900000000000002,0.015,0.00019999999999999947,0.10300000000000001,0.105,0.10369999999999999,0.10350000000000001,0.0004301162633521283,0.014,0.015,0.014100000000000001,0.014,0.00029999999999999976,32,32,2560,10240,51200,False,432,2
0.013000000000000001,0.015,0.014904761904761907,0.015,0.0004259177099999596,0.008,0.008,0.008000000000000002,0.008,1.734723475976807e-18,0.1165,0.11750000000000001,0.11687499999999999,0.117,0.00026809513236909045,0.019,0.02,0.019500000000000003,0.0195,0.0005000000000000004,0.028,0.0285,0.028200000000000003,0.028,0.000244948974278318,0.11750000000000001,0.11850000000000001,0.118075,0.11800000000000001,0.0003269174207655508,0.0145,0.015,0.014550000000000002,0.0145,0.0001499999999999996,0.1055,0.1065,0.106075,0.106,0.00023848480035423665,0.013000000000000001,0.015,0.013800000000000002,0.014,0.000509901951359278,32,32,2560,10240,51200,False,424,2
0.012,0.015,0.014809523809523812,0.015,0.0006632565846278148,0.008,0.008,0.008000000000000002,0.008,1.734723475976807e-18,0.115,0.11800000000000001,0.115625,0.1155,0.0006684870978560475,0.019,0.02,0.019200000000000002,0.019,0.00040000000000000034,0.0275,0.0285,0.028025,0.028,0.00019202864369671538,0.116,0.11950000000000001,0.11692500000000002,0.11675,0.000794905654779233,0.014,0.0145,0.0142,0.014,0.00024494897427831806,0.10350000000000001,0.1065,0.10422500000000001,0.10400000000000001,0.0007327175444876383,0.013000000000000001,0.014,0.013300000000000003,0.013000000000000001,0.00045825756949558356,32,32,2560,10240,51200,False,416,2
0.012,0.015,0.01423809523809524,0.014,0.0006834619092574914,0.008,0.008,0.008000000000000002,0.008,1.734723475976807e-18,0.115,0.116,0.115475,0.1155,0.00019202864369671535,0.019,0.02,0.019050000000000004,0.019,0.00021794494717703388,0.028,0.0285,0.028425,0.0285,0.00017853571071357142,0.116,0.117,0.11664999999999999,0.1165,0.00035707142142714284,0.0135,0.014,0.013900000000000001,0.014,0.0002000000000000002,0.10350000000000001,0.105,0.10430000000000002,0.1045,0.0003316624790355342,0.012,0.014,0.013050000000000003,0.013000000000000001,0.0003840572873934303,32,32,2560,10240,51200,False,408,2
0.012,0.015,0.014714285714285716,0.015,0.0006998542122237649,0.008,0.008,0.008000000000000002,0.008,1.734723475976807e-18,0.1155,0.11750000000000001,0.11662499999999998,0.1165,0.0003832427429188976,0.018000000000000002,0.019,0.018550000000000004,0.019,0.0004974937185533088,0.028,0.0285,0.028225,0.028,0.0002487468592766552,0.11750000000000001,0.11900000000000001,0.11825000000000001,0.11825000000000001,0.0003354101966249688,0.0135,0.014,0.013525,0.0135,0.00010897247358851695,0.106,0.1075,0.1065,0.1065,0.00044721359549995833,0.013000000000000001,0.013000000000000001,0.013000000000000003,0.013000000000000001,1.734723475976807e-18,32,32,2560,10240,51200,False,400,2
0.012,0.014,0.01390476190476191,0.014,0.0004259177099999599,0.007,0.008,0.007850000000000001,0.008,0.0003570714214271425,0.115,0.116,0.11552499999999999,0.1155,0.00024874685927665525,0.018000000000000002,0.019,0.018250000000000006,0.018000000000000002,0.00043301270189221816,0.028,0.0285,0.028375,0.0285,0.0002165063509461099,0.1165,0.11800000000000001,0.1169,0.117,0.00043588989435406776,0.013000000000000001,0.014,0.013250000000000003,0.013000000000000001,0.0002958039891549803,0.10400000000000001,0.1055,0.10467499999999999,0.1045,0.0003631459761583465,0.012,0.013000000000000001,0.012900000000000003,0.013000000000000001,0.00030000000000000024,32,32,2560,10240,51200,False,392,2
0.012,0.015,0.013904761904761906,0.014,0.0005259695722470122,0.008,0.008,0.008000000000000002,0.008,1.734723475976807e-18,0.0985,0.1,0.09922499999999998,0.0995,0.0004023369234857773,0.017,0.018000000000000002,0.017850000000000005,0.018000000000000002,0.00035707142142714284,0.032,0.036000000000000004,0.03457500000000001,0.035250000000000004,0.0014600941750448852,0.099,0.1005,0.09975000000000002,0.0995,0.0004330127018922197,0.013000000000000001,0.0135,0.013450000000000004,0.0135,0.0001499999999999996,0.0925,0.0935,0.092925,0.093,0.0003631459761583491,0.013000000000000001,0.013000000000000001,0.013000000000000003,0.013000000000000001,1.734723475976807e-18,32,32,2560,10240,51200,False,384,2
0.011,0.014,0.01366666666666667,0.014,0.0007126966450997983,0.007,0.008,0.007850000000000001,0.008,0.0003570714214271425,0.098,0.099,0.09872500000000001,0.09875,0.0002947456530637901,0.017,0.018000000000000002,0.017400000000000006,0.017,0.000489897948556636,0.0315,0.035500000000000004,0.0345,0.035,0.0013509256086106309,0.0985,0.1,0.09915,0.099,0.0003570714214271428,0.013000000000000001,0.0135,0.013150000000000004,0.013000000000000001,0.0002291287847477914,0.092,0.093,0.09255,0.0925,0.0003122498999199202,0.012,0.013000000000000001,0.012950000000000003,0.013000000000000001,0.00021794494717703385,32,32,2560,10240,51200,False,376,2
0.011,0.014,0.013333333333333338,0.013000000000000001,0.0007126966450997984,0.007,0.008,0.007650000000000001,0.008,0.00047696960070847287,0.0975,0.1,0.09810000000000002,0.098,0.0006819090848492934,0.017,0.018000000000000002,0.017150000000000006,0.017,0.00035707142142714284,0.0315,0.036000000000000004,0.03465,0.0345,0.0008381527307120112,0.0975,0.0995,0.09822499999999999,0.098,0.0005356071321407142,0.0125,0.013000000000000001,0.012825000000000003,0.013000000000000001,0.00023848480035423665,0.092,0.094,0.09259999999999999,0.0925,0.0005385164807134509,0.012,0.013000000000000001,0.012900000000000003,0.013000000000000001,0.00030000000000000024,32,32,2560,10240,51200,False,368,2
0.011,0.014,0.012761904761904766,0.013000000000000001,0.000609821355945986,0.007,0.008,0.007600000000000001,0.008,0.0004898979485566356,0.0985,0.099,0.09860000000000001,0.0985,0.00020000000000000015,0.016,0.017,0.016950000000000003,0.017,0.00021794494717703388,0.031,0.035500000000000004,0.03365,0.0345,0.0015660459763365841,0.098,0.099,0.09845000000000001,0.0985,0.0003500000000000003,0.012,0.013000000000000001,0.012500000000000002,0.0125,0.0001581138830084191,0.092,0.093,0.09240000000000001,0.0925,0.0002549509756796395,0.011,0.013000000000000001,0.011600000000000003,0.012,0.0005830951894845307,32,32,2560,10240,51200,False,360,2
0.011,0.013000000000000001,0.012761904761904766,0.013000000000000001,0.000525969572247013,0.007,0.008,0.007750000000000002,0.008,0.0004330127018922194,0.0975,0.098,0.09755,0.0975,0.00015000000000000012,0.016,0.017,0.016800000000000002,0.017,0.00040000000000000034,0.034,0.0345,0.03445,0.0345,0.00015000000000000015,0.097,0.0975,0.09717499999999998,0.097,0.00023848480035423662,0.012,0.0125,0.012250000000000002,0.01225,0.0002500000000000002,0.0905,0.092,0.09104999999999999,0.091,0.00038405728739343076,0.011,0.012,0.011600000000000003,0.012,0.0004898979485566361,32,32,2560,10240,51200,False,352,2
0.01,0.013000000000000001,0.01247619047619048,0.013000000000000001,0.0007315376902732012,0.007,0.008,0.007150000000000001,0.007,0.0003570714214271425,0.097,0.098,0.097575,0.0975,0.0002861380785564902,0.016,0.017,0.016650000000000005,0.017,0.0004769696007084733,0.034,0.035500000000000004,0.034475,0.0345,0.00040233692348577737,0.097,0.098,0.09739999999999999,0.0975,0.00030000000000000024,0.0115,0.012,0.011900000000000003,0.012,0.00020000000000000015,0.0915,0.092,0.091825,0.092,0.00023848480035423662,0.011,0.011,0.011000000000000001,0.011,1.734723475976807e-18,32,32,2560,10240,51200,False,344,2
0.01,0.013000000000000001,0.012809523809523812,0.013000000000000001,0.0006632565846278155,0.007,0.008,0.007450000000000001,0.007,0.0004974937185533101,0.098,0.101,0.09995,0.1,0.0007399324293474377,0.016,0.016,0.016000000000000004,0.016,3.469446951953614e-18,0.0225,0.023,0.022775000000000004,0.023,0.0002487468592766552,0.096,0.0975,0.09675,0.09675,0.00033541019662496876,0.0115,0.012,0.011575000000000002,0.0115,0.00017853571071357142,0.0825,0.084,0.08327499999999999,0.0835,0.00033447720400649157,0.011,0.011,0.011000000000000001,0.011,1.734723475976807e-18,32,32,2560,10240,51200,False,336,2
0.01,0.013000000000000001,0.012000000000000002,0.012,0.000534522483824849,0.007,0.008,0.007150000000000001,0.007,0.0003570714214271425,0.097,0.098,0.0974,0.0975,0.0003391164991562638,0.015,0.017,0.016000000000000004,0.016,0.0003162277660168382,0.0225,0.023,0.022800000000000004,0.023,0.00024494897427831806,0.095,0.097,0.095875,0.096,0.00038324274291889757,0.011,0.0115,0.011150000000000002,0.011,0.0002291287847477922,0.081,0.082,0.08162499999999998,0.0815,0.0003112474899497186,0.011,0.011,0.011000000000000001,0.011,1.734723475976807e-18,32,32,2560,10240,51200,False,328,2
0.01,0.012,0.01185714285714286,0.012,0.00046656947481584356,0.007,0.007,0.007000000000000001,0.007,8.673617379884035e-19,0.0795,0.0815,0.08035,0.0805,0.0005024937810560449,0.015,0.016,0.015050000000000003,0.015,0.00021794494717703385,0.0225,0.023,0.022850000000000002,0.023,0.0002291287847477922,0.0955,0.0965,0.09585,0.096,0.00027838821814150135,0.0105,0.011,0.010925,0.011,0.0001785357107135708,0.079,0.08,0.07959999999999999,0.0795,0.0002549509756796395,0.01,0.011,0.0108,0.011,0.0003999999999999997,32,32,2560,10240,51200,False,320,2
0.01,0.012,0.011714285714285717,0.012,0.0005471012044321935,0.007,0.008,0.0071,0.007,0.00030000000000000003,0.079,0.0815,0.08032500000000001,0.0805,0.00048153400710645593,0.014,0.016,0.015000000000000003,0.015,0.000316227766016838,0.0225,0.023,0.022800000000000004,0.023,0.00024494897427831806,0.0945,0.0955,0.09512499999999999,0.095,0.0003112474899497186,0.0105,0.0105,0.010500000000000002,0.0105,1.734723475976807e-18,0.079,0.0795,0.07914999999999998,0.079,0.0002291287847477922,0.009000000000000001,0.011,0.010050000000000002,0.01,0.0005894913061275794,32,32,2560,10240,51200,False,312,2
0.009000000000000001,0.012,0.011380952380952384,0.011,0.0007221786137191953,0.007,0.008,0.0071,0.007,0.00030000000000000003,0.0785,0.081,0.079625,0.0795,0.000609815545882524,0.014,0.015,0.014350000000000002,0.014,0.0004769696007084724,0.0225,0.023,0.022750000000000003,0.02275,0.0002500000000000002,0.093,0.095,0.09380000000000001,0.09375,0.0004301162633521317,0.01,0.0105,0.010100000000000001,0.01,0.00020000000000000017,0.079,0.08,0.07947499999999999,0.0795,0.0002487468592766552,0.009000000000000001,0.01,0.009650000000000002,0.01,0.0004769696007084724,32,32,2560,10240,51200,False,304,2
0.009000000000000001,0.012,0.010952380952380955,0.011,0.0004856209060564555,0.007,0.007,0.007000000000000001,0.007,8.673617379884035e-19,0.0795,0.08,0.07959999999999999,0.0795,0.00020000000000000017,0.014,0.015,0.014100000000000001,0.014,0.00029999999999999976,0.023,0.023,0.023000000000000003,0.023,3.469446951953614e-18,0.094,0.095,0.09445,0.0945,0.0003122498999199202,0.0095,0.01,0.009900000000000003,0.01,0.00020000000000000015,0.0795,0.08,0.07970000000000001,0.0795,0.00024494897427831806,0.009000000000000001,0.009000000000000001,0.009000000000000003,0.009000000000000001,1.734723475976807e-18,32,32,2560,10240,51200,False,296,2
0.009000000000000001,0.011,0.010904761904761907,0.011,0.0004259177099999596,0.007,0.007,0.007000000000000001,0.007,8.673617379884035e-19,0.078,0.079,0.07855,0.0785,0.00031224989991992017,0.014,0.014,0.014000000000000002,0.014,1.734723475976807e-18,0.026000000000000002,0.0265,0.026350000000000002,0.0265,0.0002291287847477906,0.08,0.081,0.08055,0.0805,0.00026925824035672544,0.009000000000000001,0.0095,0.009400000000000002,0.0095,0.00019999999999999947,0.076,0.0775,0.07642499999999999,0.0765,0.00039607448794387183,0.009000000000000001,0.009000000000000001,0.009000000000000003,0.009000000000000001,1.734723475976807e-18,32,32,2560,10240,51200,False,288,2
0.009000000000000001,0.011,0.010761904761904764,0.011,0.000525969572247012,0.007,0.007,0.007000000000000001,0.007,8.673617379884035e-19,0.0785,0.0795,0.078925,0.079,0.00023848480035423662,0.013000000000000001,0.014,0.013600000000000004,0.014,0.0004898979485566352,0.025500000000000002,0.026000000000000002,0.025975000000000005,0.026000000000000002,0.00010897247358851693,0.0805,0.081,0.08082500000000001,0.081,0.0002384848003542366,0.0085,0.009000000000000001,0.008950000000000003,0.009000000000000001,0.00015000000000000015,0.076,0.0765,0.07610000000000001,0.076,0.00020000000000000017,0.009000000000000001,0.009000000000000001,0.009000000000000003,0.009000000000000001,1.734723475976807e-18,32,32,2560,10240,51200,False,280,2
0.009000000000000001,0.011,0.010380952380952383,0.01,0.0005753831415997411,0.007,0.007,0.007000000000000001,0.007,8.673617379884035e-19,0.0785,0.08,0.0795,0.0795,0.0004183300132670382,0.013000000000000001,0.014,0.013900000000000004,0.014,0.00029999999999999976,0.025,0.025500000000000002,0.025350000000000004,0.025500000000000002,0.00022912878474779219,0.0845,0.0855,0.084975,0.085,0.0003344772040064916,0.0075,0.0085,0.008025000000000001,0.008,0.00019202864369671535,0.0775,0.0795,0.078325,0.07825,0.00045483513496650667,0.009000000000000001,0.009000000000000001,0.009000000000000003,0.009000000000000001,1.734723475976807e-18,32,32,2560,10240,51200,False,272,2
0.008,0.011,0.009952380952380954,0.01,0.0004856209060564556,0.007,0.007,0.007000000000000001,0.007,8.673617379884035e-19,0.0785,0.0795,0.07909999999999999,0.079,0.00025495097567963945,0.013000000000000001,0.014,0.013250000000000003,0.013000000000000001,0.00043301270189221897,0.025,0.025500000000000002,0.025450000000000007,0.025500000000000002,0.00015000000000000012,0.084,0.085,0.08460000000000001,0.0845,0.0003391164991562638,0.0075,0.008,0.007725000000000001,0.0075,0.0002487468592766552,0.0765,0.0785,0.07715,0.077,0.0006538348415311016,0.008,0.009000000000000001,0.008200000000000002,0.008,0.00040000000000000034,32,32,2560,10240,51200,False,264,2
0.008,0.011,0.009952380952380956,0.01,0.00048562090605645564,0.007,0.007,0.007000000000000001,0.007,8.673617379884035e-19,0.079,0.0795,0.07902499999999998,0.079,0.00010897247358851694,0.013000000000000001,0.013000000000000001,0.013000000000000003,0.013000000000000001,1.734723475976807e-18,0.022,0.0225,0.022475000000000002,0.0225,0.00010897247358851693,0.059000000000000004,0.06,0.05945,0.059500000000000004,0.00026925824035672403,0.007,0.0075,0.007425000000000001,0.0075,0.00017853571071357112,0.0755,0.0775,0.07667500000000001,0.0765,0.0005539629951540089,0.007,0.008,0.007850000000000001,0.008,0.0003570714214271425,32,32,2560,10240,51200,False,256,2
0.008,0.01,0.009714285714285717,0.01,0.0005471012044321931,0.007,0.007,0.007000000000000001,0.007,8.673617379884035e-19,0.079,0.0795,0.07914999999999998,0.079,0.0002291287847477922,0.01,0.011,0.010900000000000002,0.011,0.00029999999999999976,0.022,0.0225,0.022400000000000003,0.0225,0.00020000000000000017,0.059000000000000004,0.06,0.05962500000000002,0.059500000000000004,0.0003112474899497157,0.006500000000000001,0.0075,0.006975,0.007,0.0002487468592766547,0.076,0.078,0.076625,0.0765,0.0005214163403653557,0.009000000000000001,0.01,0.009050000000000002,0.009000000000000001,0.00021794494717703353,32,32,2560,10240,51200,False,248,2
0.008,0.01,0.00904761904761905,0.009000000000000001,0.0003749527559053243,0.007,0.007,0.007000000000000001,0.007,8.673617379884035e-19,0.0785,0.079,0.07869999999999999,0.0785,0.000244948974278318,0.01,0.011,0.010700000000000001,0.011,0.00045825756949558367,0.022,0.0225,0.022400000000000003,0.0225,0.00020000000000000017,0.059000000000000004,0.06,0.05945,0.059500000000000004,0.0003499999999999981,0.006,0.007,0.0065000000000000014,0.006500000000000001,0.00022360679774997898,0.0755,0.0775,0.0764,0.0765,0.0005385164807134509,0.009000000000000001,0.009000000000000001,0.009000000000000003,0.009000000000000001,1.734723475976807e-18,32,32,2560,10240,51200,False,240,2
0.008,0.01,0.00928571428571429,0.009000000000000001,0.0005471012044321929,0.007,0.007,0.007000000000000001,0.007,8.673617379884035e-19,0.078,0.0785,0.07842500000000001,0.0785,0.0001785357107135714,0.01,0.011,0.0102,0.01,0.0003999999999999996,0.022,0.0225,0.022400000000000003,0.0225,0.00020000000000000017,0.0585,0.059500000000000004,0.059075,0.059000000000000004,0.00023848480035423665,0.006,0.006500000000000001,0.006075000000000001,0.006,0.0001785357107135714,0.0755,0.0775,0.07617500000000002,0.076,0.0004548351349665067,0.008,0.009000000000000001,0.008900000000000002,0.009000000000000001,0.0003000000000000003,32,32,2560,10240,51200,False,232,2
0.007,0.009000000000000001,0.008571428571428574,0.009000000000000001,0.0005832118435198046,0.007,0.007,0.007000000000000001,0.007,8.673617379884035e-19,0.078,0.0785,0.07835,0.0785,0.0002291287847477922,0.009000000000000001,0.01,0.009900000000000003,0.01,0.00029999999999999976,0.022,0.0225,0.022450000000000005,0.0225,0.00015000000000000012,0.0585,0.059000000000000004,0.058899999999999994,0.059000000000000004,0.00020000000000000017,0.0055,0.006500000000000001,0.005750000000000001,0.0055,0.00029580398915498104,0.0745,0.076,0.07544999999999999,0.0755,0.0004974937185533104,0.006,0.009000000000000001,0.007400000000000001,0.007,0.0014282856857085705,32,32,2560,10240,51200,False,224,2
0.007,0.009000000000000001,0.008095238095238096,0.008,0.0004259177099999602,0.007,0.007,0.007000000000000001,0.007,8.673617379884035e-19,0.078,0.0785,0.07807500000000002,0.078,0.0001785357107135714,0.009000000000000001,0.01,0.009100000000000002,0.009000000000000001,0.00029999999999999976,0.0245,0.025500000000000002,0.025350000000000004,0.025500000000000002,0.00027838821814150135,0.059000000000000004,0.06,0.05942500000000002,0.059500000000000004,0.0002861380785564888,0.005,0.0055,0.005425000000000001,0.0055,0.0001785357107135711,0.065,0.066,0.06542500000000002,0.0655,0.0002384848003542366,0.007,0.009000000000000001,0.007800000000000001,0.0075,0.0008717797887081351,32,32,2560,10240,51200,False,216,2
0.007,0.009000000000000001,0.008380952380952383,0.008,0.000575383141599742,0.007,0.007,0.007000000000000001,0.007,8.673617379884035e-19,0.078,0.0785,0.07817500000000002,0.078,0.00023848480035423662,0.009000000000000001,0.01,0.009050000000000002,0.009000000000000001,0.00021794494717703353,0.0245,0.025500000000000002,0.025250000000000005,0.025500000000000002,0.00033541019662496876,0.059000000000000004,0.059500000000000004,0.059149999999999994,0.059000000000000004,0.00022912878474779216,0.0045000000000000005,0.0055,0.005025000000000001,0.005,0.00019202864369671503,0.065,0.066,0.06562500000000002,0.0655,0.0003112474899497186,0.008,0.009000000000000001,0.008300000000000002,0.008,0.0004582575694955844,32,32,2560,10240,51200,False,208,2
0.007,0.008,0.007952380952380954,0.008,0.00021295885499997998,0.007,0.007,0.007000000000000001,0.007,8.673617379884035e-19,0.078,0.0785,0.07810000000000002,0.078,0.0002000000000000002,0.008,0.009000000000000001,0.008700000000000003,0.009000000000000001,0.0004582575694955844,0.0245,0.025,0.024775000000000005,0.025,0.0002487468592766552,0.059000000000000004,0.06,0.059425000000000006,0.059500000000000004,0.000326917420765549,0.0045000000000000005,0.005,0.004550000000000001,0.0045000000000000005,0.00014999999999999988,0.0645,0.066,0.06535000000000002,0.0655,0.0003905124837953331,0.008,0.008,0.008000000000000002,0.008,1.734723475976807e-18,32,32,2560,10240,51200,False,200,2
0.006,0.008,0.007761904761904763,0.008,0.0005259695722470124,0.007,0.007,0.007000000000000001,0.007,8.673617379884035e-19,0.0475,0.048,0.047875,0.048,0.00021650635094610986,0.005,0.005,0.005000000000000001,0.005,8.673617379884035e-19,0.0175,0.018000000000000002,0.017600000000000005,0.0175,0.00020000000000000015,0.058,0.059000000000000004,0.05857500000000001,0.0585,0.00023848480035423665,0.004,0.005,0.0043500000000000014,0.0045000000000000005,0.00027838821814150125,0.0795,0.081,0.08025,0.0805,0.0003708099243547835,0.007,0.008,0.007950000000000002,0.008,0.00021794494717703366,32,32,2560,10240,51200,False,192,2
0.006,0.008,0.007095238095238096,0.007,0.00042591770999995997,0.007,0.007,0.007000000000000001,0.007,8.673617379884035e-19,0.047,0.0485,0.04775,0.0475,0.0003708099243547835,0.005,0.005,0.005000000000000001,0.005,8.673617379884035e-19,0.0175,0.018000000000000002,0.017525000000000006,0.0175,0.00010897247358851693,0.0575,0.059000000000000004,0.058325,0.0585,0.000363145976158349,0.004,0.0045000000000000005,0.004225000000000001,0.004,0.0002487468592766552,0.078,0.0805,0.079425,0.0795,0.0006759252917297893,0.006,0.008,0.0071,0.007,0.0004358898943540673,32,32,2560,10240,51200,False,184,2
0.006,0.007,0.006952380952380955,0.007,0.00021295885499997996,0.007,0.007,0.007000000000000001,0.007,8.673617379884035e-19,0.0615,0.0625,0.06192500000000002,0.062,0.0002384848003542366,0.005,0.005,0.005000000000000001,0.005,8.673617379884035e-19,0.0175,0.0175,0.017500000000000005,0.0175,3.469446951953614e-18,0.068,0.069,0.068625,0.0685,0.00026809513236909045,0.004,0.0045000000000000005,0.004050000000000001,0.004,0.00015000000000000015,0.078,0.08,0.07894999999999999,0.079,0.0005454356057317862,0.006,0.007,0.006100000000000001,0.006,0.00030000000000000003,32,32,2560,10240,51200,False,176,2
0.006,0.007,0.006952380952380955,0.007,0.00021295885499997996,0.007,0.007,0.007000000000000001,0.007,8.673617379884035e-19,0.061,0.062,0.06127499999999999,0.06125,0.0002947456530637901,0.004,0.005,0.004050000000000001,0.004,0.0002179449471770337,0.0175,0.018000000000000002,0.017525000000000006,0.0175,0.00010897247358851693,0.0675,0.0685,0.06792500000000001,0.068,0.00028613807855649016,0.0035,0.004,0.0035750000000000005,0.0035,0.00017853571071357126,0.0775,0.0795,0.0785,0.0785,0.0005916079783099621,0.006,0.006,0.006000000000000001,0.006,8.673617379884035e-19,32,32,2560,10240,51200,False,168,2
0.005,0.007,0.006904761904761907,0.007,0.0004259177099999599,0.007,0.007,0.007000000000000001,0.007,8.673617379884035e-19,0.052000000000000005,0.0525,0.05235000000000001,0.0525,0.00022912878474778901,0.007,0.008,0.007350000000000001,0.007,0.00047696960070847287,0.017,0.0175,0.017175000000000003,0.017,0.0002384848003542366,0.0675,0.068,0.0678,0.068,0.00024494897427831806,0.003,0.0035,0.003350000000000001,0.0035,0.00022912878474779202,0.077,0.079,0.078,0.078,0.0004743416490252573,0.005,0.006,0.0056500000000000005,0.006,0.0004769696007084729,32,32,2560,10240,51200,False,160,2
0.005,0.007,0.006904761904761907,0.007,0.0004259177099999599,0.007,0.007,0.007000000000000001,0.007,8.673617379884035e-19,0.052000000000000005,0.0525,0.052050000000000006,0.052000000000000005,0.00014999999999999804,0.007,0.008,0.007400000000000001,0.007,0.0004898979485566357,0.017,0.0175,0.017075000000000003,0.017,0.00017853571071357142,0.0675,0.068,0.06752499999999999,0.0675,0.00010897247358851694,0.0025,0.003,0.0029750000000000006,0.003,0.00010897247358851683,0.0755,0.078,0.076775,0.077,0.0006015604707757988,0.005,0.006,0.005300000000000001,0.005,0.00045825756949558405,32,32,2560,10240,51200,False,152,2
0.005,0.007,0.006619047619047621,0.007,0.0005753831415997416,0.007,0.007,0.007000000000000001,0.007,8.673617379884035e-19,0.051500000000000004,0.052000000000000005,0.05195000000000002,0.052000000000000005,0.00015000000000000015,0.007,0.008,0.007050000000000001,0.007,0.0002179449471770337,0.017,0.0175,0.017125000000000005,0.017,0.0002165063509461099,0.067,0.0685,0.06730000000000001,0.067,0.00040000000000000034,0.0025,0.003,0.0028750000000000004,0.003,0.00021650635094610967,0.0755,0.078,0.076775,0.07675,0.000798044484975619,0.005,0.006,0.005050000000000001,0.005,0.0002179449471770337,32,32,2560,10240,51200,False,144,2
0.005,0.006,0.005952380952380954,0.006,0.00021295885499997998,0.007,0.007,0.007000000000000001,0.007,8.673617379884035e-19,0.051500000000000004,0.052000000000000005,0.051675000000000006,0.051500000000000004,0.0002384848003542366,0.007,0.007,0.007000000000000001,0.007,8.673617379884035e-19,0.017,0.0175,0.017175000000000003,0.017,0.00023848480035423657,0.067,0.0675,0.06702499999999999,0.067,0.00010897247358851694,0.0025,0.003,0.0028750000000000004,0.003,0.00021650635094610967,0.057,0.058,0.057325000000000015,0.0575,0.00028613807855649016,0.004,0.005,0.004400000000000001,0.004,0.0004898979485566357,32,32,2560,10240,51200,False,136,2
0.005,0.006,0.005952380952380954,0.006,0.00021295885499997998,0.007,0.007,0.007000000000000001,0.007,8.673617379884035e-19,0.046,0.0465,0.046375,0.0465,0.0002165063509461099,0.006,0.007,0.006950000000000002,0.007,0.00021794494717703366,0.0195,0.0195,0.019500000000000003,0.0195,3.469446951953614e-18,0.059000000000000004,0.0605,0.05962500000000002,0.059500000000000004,0.0003112474899497159,0.002,0.0025,0.002450000000000001,0.0025,0.00015000000000000001,0.059500000000000004,0.0605,0.060050000000000006,0.06,0.00021794494717703299,0.004,0.005,0.004900000000000002,0.005,0.00030000000000000003,32,32,2560,10240,51200,False,128,2
0.004,0.006,0.005904761904761906,0.006,0.00042591770999995997,0.007,0.007,0.007000000000000001,0.007,8.673617379884035e-19,0.046,0.047,0.04625,0.046,0.00029580398915498104,0.006,0.007,0.006800000000000002,0.007,0.0004,0.017,0.0175,0.017475000000000004,0.0175,0.00010897247358851693,0.058,0.0585,0.058300000000000005,0.0585,0.00024494897427831806,0.002,0.0025,0.0020250000000000003,0.002,0.00010897247358851685,0.062,0.063,0.062325,0.0625,0.00028613807855649016,0.004,0.005,0.004900000000000002,0.005,0.00030000000000000003,32,32,2560,10240,51200,False,120,2
0.004,0.006,0.0058571428571428585,0.006,0.0004665694748158435,0.007,0.007,0.007000000000000001,0.007,8.673617379884035e-19,0.046,0.047,0.04610000000000001,0.046,0.0002549509756796395,0.006,0.007,0.006400000000000001,0.006,0.0004898979485566357,0.0225,0.0235,0.022925000000000004,0.023,0.00023848480035423657,0.059000000000000004,0.06,0.05930000000000002,0.059500000000000004,0.00029154759474226446,0.002,0.002,0.0020000000000000005,0.002,4.336808689942018e-19,0.062,0.064,0.06297499999999999,0.063,0.0004023369234857774,0.004,0.005,0.004450000000000001,0.004,0.0004974937185533101,32,32,2560,10240,51200,False,112,2
0.004,0.006,0.005571428571428573,0.006,0.0005832118435198043,0.007,0.007,0.007000000000000001,0.007,8.673617379884035e-19,0.043500000000000004,0.044,0.0438,0.044,0.00024494897427831464,0.004,0.004,0.004000000000000001,0.004,8.673617379884035e-19,0.019,0.0195,0.019025000000000004,0.019,0.00010897247358851693,0.059000000000000004,0.06,0.05935000000000003,0.059500000000000004,0.00027838821814150054,0.002,0.002,0.0020000000000000005,0.002,4.336808689942018e-19,0.059000000000000004,0.0605,0.059825,0.06,0.0003960744879438688,0.004,0.004,0.004000000000000001,0.004,8.673617379884035e-19,32,32,2560,10240,51200,False,104,2
0.004,0.005,0.004952380952380954,0.005,0.00021295885499997998,0.007,0.007,0.007000000000000001,0.007,8.673617379884035e-19,0.043500000000000004,0.044,0.04385,0.044,0.00022912878474778901,0.004,0.004,0.004000000000000001,0.004,8.673617379884035e-19,0.018000000000000002,0.0185,0.018475000000000002,0.0185,0.00010897247358851618,0.059000000000000004,0.059500000000000004,0.059275,0.059500000000000004,0.0002487468592766552,0.002,0.002,0.0020000000000000005,0.002,4.336808689942018e-19,0.0585,0.06,0.059149999999999994,0.059000000000000004,0.00035707142142714203,0.004,0.005,0.004300000000000001,0.004,0.00045825756949558405,32,32,2560,10240,51200,False,96,2
0.004,0.005,0.004333333333333335,0.004,0.0004714045207910317,0.006,0.007,0.006150000000000001,0.006,0.0003570714214271425,0.0425,0.043000000000000003,0.04262500000000001,0.0425,0.00021650635094610984,0.004,0.004,0.004000000000000001,0.004,8.673617379884035e-19,0.015,0.015,0.015000000000000003,0.015,3.469446951953614e-18,0.054,0.055,0.0541,0.054,0.0002549509756796395,0.002,0.002,0.0020000000000000005,0.002,4.336808689942018e-19,0.052000000000000005,0.053,0.052575000000000004,0.0525,0.0002861380785564888,0.004,0.004,0.004000000000000001,0.004,8.673617379884035e-19,32,32,2560,10240,51200,False,88,2
0.003,0.005,0.004000000000000001,0.004,0.00030860669992418383,0.006,0.007,0.0060500000000000016,0.006,0.0002179449471770337,0.0425,0.043500000000000004,0.04287500000000001,0.043000000000000003,0.00026809513236909045,0.004,0.004,0.004000000000000001,0.004,8.673617379884035e-19,0.0165,0.017,0.016700000000000003,0.0165,0.000244948974278318,0.053,0.054,0.053750000000000006,0.054,0.00029580398915498104,0.0015,0.0015,0.0015000000000000002,0.0015,2.168404344971009e-19,0.0565,0.0585,0.057499999999999996,0.0575,0.0005700877125495695,0.004,0.004,0.004000000000000001,0.004,8.673617379884035e-19,32,32,2560,10240,51200,False,80,2
0.003,0.005,0.004000000000000001,0.004,0.00030860669992418383,0.006,0.006,0.006000000000000001,0.006,8.673617379884035e-19,0.043500000000000004,0.0445,0.043774999999999994,0.043500000000000004,0.00036996621467371576,0.004,0.004,0.004000000000000001,0.004,8.673617379884035e-19,0.018000000000000002,0.018000000000000002,0.018000000000000006,0.018000000000000002,3.469446951953614e-18,0.0545,0.055,0.054825,0.055,0.00023848480035423657,0.0015,0.0015,0.0015000000000000002,0.0015,2.168404344971009e-19,0.0575,0.0585,0.058100000000000006,0.058,0.00025495097567963945,0.004,0.004,0.004000000000000001,0.004,8.673617379884035e-19,32,32,2560,10240,51200,False,72,2
0.003,0.004,0.003952380952380953,0.004,0.00021295885499997998,0.006,0.006,0.006000000000000001,0.006,8.673617379884035e-19,0.042,0.0425,0.04205000000000001,0.042,0.00015000000000000012,0.005,0.006,0.005750000000000001,0.006,0.00043301270189221935,0.0145,0.015,0.014525000000000001,0.0145,0.00010897247358851657,0.052000000000000005,0.053,0.0526,0.0525,0.00025495097567963863,0.0015,0.0015,0.0015000000000000002,0.0015,2.168404344971009e-19,0.0555,0.056,0.05575000000000001,0.05575,0.0002500000000000002,0.002,0.004,0.0035000000000000005,0.004,0.0005916079783099615,32,32,2560,10240,51200,False,64,2
0.003,0.004,0.003047619047619048,0.003,0.00021295885499998,0.006,0.006,0.006000000000000001,0.006,8.673617379884035e-19,0.0405,0.041,0.04057499999999999,0.0405,0.00017853571071357142,0.005,0.006,0.0054,0.005,0.0004898979485566356,0.0165,0.017,0.016575000000000003,0.0165,0.00017853571071357142,0.053,0.054,0.053225,0.053,0.0002947456530637902,0.0015,0.0015,0.0015000000000000002,0.0015,2.168404344971009e-19,0.05,0.051000000000000004,0.05050000000000001,0.0505,0.00022360679774997917,0.003,0.004,0.003350000000000001,0.003,0.00047696960070847287,32,32,2560,10240,51200,False,56,2
0.003,0.003,0.0030000000000000005,0.003,4.336808689942018e-19,0.006,0.006,0.006000000000000001,0.006,8.673617379884035e-19,0.04,0.0405,0.04010000000000001,0.04,0.00020000000000000015,0.005,0.006,0.0051,0.005,0.00030000000000000003,0.016,0.016,0.016000000000000004,0.016,3.469446951953614e-18,0.0525,0.0535,0.052849999999999994,0.05275,0.0003905124837953331,0.0015,0.0015,0.0015000000000000002,0.0015,2.168404344971009e-19,0.05,0.0505,0.05030000000000001,0.0505,0.000244948974278318,0.003,0.003,0.0030000000000000005,0.003,4.336808689942018e-19,32,32,2560,10240,51200,False,48,2
0.003,0.003,0.0030000000000000005,0.003,4.336808689942018e-19,0.005,0.006,0.005350000000000001,0.005,0.0004769696007084728,0.0405,0.041,0.040625,0.0405,0.0002165063509461099,0.005,0.005,0.005000000000000001,0.005,8.673617379884035e-19,0.016,0.016,0.016000000000000004,0.016,3.469446951953614e-18,0.052000000000000005,0.053,0.0523,0.052250000000000005,0.0003316624790355372,0.001,0.0015,0.001275,0.0015,0.000248746859276655,0.0535,0.054,0.053700000000000005,0.0535,0.00024494897427831806,0.002,0.002,0.0020000000000000005,0.002,4.336808689942018e-19,32,32,2560,10240,51200,False,40,2
0.002,0.003,0.002952380952380953,0.003,0.00021295885499997998,0.005,0.006,0.005050000000000001,0.005,0.0002179449471770337,0.04,0.0405,0.040400000000000005,0.0405,0.00020000000000000017,0.005,0.005,0.005000000000000001,0.005,8.673617379884035e-19,0.014,0.0145,0.014025000000000001,0.014,0.00010897247358851695,0.051000000000000004,0.051500000000000004,0.051324999999999996,0.051500000000000004,0.00023848480035423662,0.001,0.0015,0.0010250000000000003,0.001,0.00010897247358851685,0.053,0.0535,0.05340000000000002,0.0535,0.00020000000000000017,0.002,0.002,0.0020000000000000005,0.002,4.336808689942018e-19,32,32,2560,10240,51200,False,32,2
0.002,0.003,0.002952380952380953,0.003,0.00021295885499997998,0.005,0.005,0.005000000000000001,0.005,8.673617379884035e-19,0.039,0.0395,0.039425,0.0395,0.00017853571071357142,0.005,0.005,0.005000000000000001,0.005,8.673617379884035e-19,0.014,0.014,0.014000000000000002,0.014,1.734723475976807e-18,0.051000000000000004,0.051500000000000004,0.05110000000000001,0.051000000000000004,0.00020000000000000017,0.001,0.001,0.0010000000000000002,0.001,2.168404344971009e-19,0.0525,0.053,0.052925,0.053,0.00017853571071357142,0.002,0.002,0.0020000000000000005,0.002,4.336808689942018e-19,32,32,2560,10240,51200,False,24,2
0.007,0.011,0.01,0.01,0.0007559289460184543,0.005,0.006,0.005050000000000001,0.005,0.0002179449471770337,0.039,0.0395,0.039400000000000004,0.0395,0.00020000000000000017,0.005,0.005,0.005000000000000001,0.005,8.673617379884035e-19,0.015,0.0155,0.015250000000000003,0.01525,0.0002500000000000002,0.051500000000000004,0.052000000000000005,0.051675000000000006,0.051500000000000004,0.0002384848003542366,0.001,0.001,0.0010000000000000002,0.001,2.168404344971009e-19,0.053,0.054,0.05347500000000001,0.0535,0.00019202864369671535,0.002,0.003,0.0022500000000000007,0.002,0.00043301270189221935,32,32,2560,10240,51200,False,16,2
0.004,0.006,0.005904761904761906,0.006,0.00042591770999995997,0.005,0.005,0.005000000000000001,0.005,8.673617379884035e-19,0.0385,0.039,0.03895,0.039,0.00015000000000000012,0.004,0.005,0.004900000000000002,0.005,0.00030000000000000003,0.0145,0.015,0.014850000000000002,0.015,0.0002291287847477914,0.0505,0.051500000000000004,0.05100000000000001,0.051000000000000004,0.0002738612787525833,0.001,0.001,0.0010000000000000002,0.001,2.168404344971009e-19,0.053,0.053,0.053000000000000005,0.053,6.938893903907228e-18,0.002,0.003,0.0021000000000000003,0.002,0.00030000000000000003,32,32,2560,10240,51200,False,8,2
0.003,0.004,0.003095238095238096,0.003,0.00029354352395090366,0.005,0.005,0.005000000000000001,0.005,8.673617379884035e-19,0.0385,0.039,0.038825000000000005,0.039,0.0002384848003542366,0.004,0.005,0.004550000000000001,0.005,0.00049749371855331,0.0145,0.015,0.014525000000000001,0.0145,0.00010897247358851657,0.0465,0.0465,0.0465,0.0465,0.0,0.001,0.001,0.0010000000000000002,0.001,2.168404344971009e-19,0.0525,0.053,0.052625,0.0525,0.00021650635094610986,0.002,0.002,0.0020000000000000005,0.002,4.336808689942018e-19,32,32,2560,10240,51200,False,4,2
0.002,0.003,0.002047619047619048,0.002,0.00021295885499998,0.005,0.005,0.005000000000000001,0.005,8.673617379884035e-19,0.0385,0.039,0.038625,0.0385,0.00021650635094610986,0.004,0.005,0.004450000000000001,0.004,0.0004974937185533101,0.0145,0.015,0.014525000000000001,0.0145,0.00010897247358851657,0.046,0.0465,0.0463,0.0465,0.00024494897427831806,0.001,0.001,0.0010000000000000002,0.001,2.168404344971009e-19,0.0525,0.053,0.052625,0.0525,0.0002165063509461099,0.002,0.002,0.0020000000000000005,0.002,4.336808689942018e-19,32,32,2560,10240,51200,False,2,2
0.002,0.002,0.0020000000000000005,0.002,4.336808689942018e-19,0.005,0.006,0.005050000000000001,0.005,0.0002179449471770337,0.036000000000000004,0.037,0.03607500000000001,0.036000000000000004,0.00023848480035423467,0.004,0.005,0.004400000000000001,0.004,0.0004898979485566357,0.014,0.014,0.014000000000000002,0.014,1.734723475976807e-18,0.048,0.0485,0.048150000000000005,0.048,0.0002291287847477922,0.001,0.001,0.0010000000000000002,0.001,2.168404344971009e-19,0.0505,0.051000000000000004,0.050575,0.0505,0.00017853571071357142,0.002,0.002,0.0020000000000000005,0.002,4.336808689942018e-19,32,32,2560,10240,51200,False,1,2
0.124,0.135,0.1300952380952381,0.131,0.004330454302624635,0.097,0.101,0.0986,0.0985,0.0011135528725660054,0.34275,0.36725,0.35603749999999995,0.35862499999999997,0.009537844030492426,0.182,0.186,0.18435,0.185,0.001061838029079766,0.11125,0.12275,0.11762500000000001,0.11975,0.004829272719571756,0.4525,0.4825,0.46891250000000007,0.47150000000000003,0.011524505141219728,0.07325,0.074,0.0737,0.07375,0.00021794494717703385,0.42225,0.46075,0.44543750000000004,0.456,0.015519720318034084,0.221,0.225,0.22250000000000006,0.222,0.0009219544457292896,32,32,2560,10240,51200,False,4096,4
0.122,0.134,0.1290952380952381,0.132,0.0043084055376257265,0.097,0.10300000000000001,0.10030000000000001,0.1,0.0015524174696260038,0.33525,0.36375,0.3523,0.35975,0.011716068026432757,0.183,0.186,0.18445000000000003,0.1845,0.0009733961166965903,0.109,0.12125,0.11716249999999999,0.120375,0.004639689510085775,0.44125000000000003,0.47775,0.4635000000000001,0.473125,0.014960782065119457,0.0735,0.07425,0.07383749999999997,0.07375,0.00021323402636539996,0.41325,0.456,0.4405875,0.451625,0.01684660110378351,0.221,0.224,0.22245000000000004,0.2225,0.0007399324293474378,32,32,2560,10240,51200,False,4096,4
0.122,0.133,0.12895238095238096,0.131,0.0035250962901565265,0.097,0.10300000000000001,0.09930000000000001,0.099,0.0014177446878757838,0.3395,0.363,0.3539375,0.357,0.009784833608702798,0.182,0.185,0.1832,0.183,0.0008717797887081355,0.1105,0.121,0.11733750000000001,0.11887500000000001,0.004214020497102498,0.44725000000000004,0.47650000000000003,0.465175,0.46925,0.011849340698958743,0.07275,0.0735,0.07318749999999999,0.07325,0.0002218529918662358,0.417,0.4555,0.441825,0.451125,0.016227503658911933,0.22,0.222,0.22095000000000004,0.221,0.0007399324293474377,32,32,2560,10240,51200,False,4064,4
0.122,0.133,0.12795238095238098,0.13,0.0038972052315447885,0.095,0.10200000000000001,0.09790000000000001,0.098,0.0013379088160259665,0.32225,0.34550000000000003,0.3358625,0.33925000000000005,0.009792048751410515,0.181,0.184,0.18255,0.1825,0.0008645808232895299,0.1105,0.12225,0.11816250000000002,0.120125,0.004516826181070064,0.431,0.46,0.447675,0.451875,0.012248494805485283,0.0725,0.073,0.07271249999999999,0.07275,0.00021323402636539996,0.418,0.46025,0.4456625000000001,0.455375,0.017397786317517525,0.218,0.223,0.21925,0.219,0.001219631091765048,32,32,2560,10240,51200,False,4032,4
0.121,0.131,0.1275238095238095,0.13,0.0034726008863818192,0.096,0.099,0.09725,0.097,0.0009937303457175904,0.3185,0.34450000000000003,0.33311250000000003,0.33687500000000004,0.010954016101412301,0.18,0.183,0.18149999999999997,0.1815,0.0009219544457292896,0.11025,0.122,0.1172625,0.119,0.004730535778323633,0.4235,0.459,0.44414999999999993,0.4485,0.014370629770472832,0.07150000000000001,0.0725,0.0721125,0.072125,0.00023014940799401918,0.41575,0.46,0.4444000000000001,0.45525000000000004,0.01749167659202514,0.216,0.219,0.21749999999999997,0.218,0.0008062257748298557,32,32,2560,10240,51200,False,4000,4
0.117,0.13,0.1249047619047619,0.127,0.004628120691359166,0.095,0.099,0.09615,0.096,0.0009096702699330133,0.31725000000000003,0.34075,0.33145,0.334375,0.00941859862187576,0.178,0.181,0.17995,0.18,0.0008645808232895298,0.11,0.12075,0.11672500000000001,0.11850000000000001,0.004335824604386112,0.429,0.4535,0.44278749999999995,0.4445,0.009914407130534833,0.07125000000000001,0.07200000000000001,0.07141250000000002,0.07137500000000001,0.00019803724397193594,0.41550000000000004,0.45525,0.4403625,0.4475,0.016406453570165604,0.214,0.218,0.21575000000000003,0.216,0.0009937303457175904,32,32,2560,10240,51200,False,3968,4
0.12,0.128,0.12490476190476188,0.126,0.002223355719986431,0.093,0.097,0.095,0.095,0.0010488088481701524,0.3145,0.33525,0.328275,0.333,0.007315181132412236,0.177,0.179,0.17834999999999995,0.178,0.0005722761571129804,0.11125,0.11875000000000001,0.11648750000000001,0.11850000000000001,0.002768658294192335,0.41975,0.4455,0.43686250000000004,0.44025000000000003,0.008785099245313057,0.07050000000000001,0.07125000000000001,0.07093750000000001,0.07100000000000001,0.00017455300054711192,0.41775,0.4465,0.43744999999999995,0.442,0.010870717547613873,0.212,0.217,0.21415,0.214,0.0011947803145348531,32,32,2560,10240,51200,False,3936,4
0.116,0.124,0.12142857142857141,0.123,0.0025740727146170593,0.092,0.097,0.0948,0.095,0.001363818169698587,0.32675,0.35000000000000003,0.34228749999999997,0.348625,0.008636505007814219,0.17200000000000001,0.17400000000000002,0.17285,0.17300000000000001,0.0007262919523166982,0.1085,0.116,0.11352500000000003,0.115,0.002865636927456096,0.41075,0.43625,0.42665,0.43175,0.010457772229303903,0.07,0.07075000000000001,0.07039999999999999,0.07050000000000001,0.00018371173070873853,0.41125,0.43775000000000003,0.428775,0.43474999999999997,0.010388966502978046,0.21,0.213,0.21185,0.212,0.0007921489758877437,32,32,2560,10240,51200,False,3904,4
0.122,0.125,0.12323809523809529,0.123,0.0006834619092574923,0.091,0.095,0.09290000000000001,0.093,0.0011789826122551605,0.35150000000000003,0.3555,0.35269999999999996,0.35175,0.0015504031733713519,0.169,0.17200000000000001,0.1708,0.171,0.0006000000000000005,0.117,0.11850000000000001,0.11755,0.11725000000000001,0.0004911720676097129,0.4395,0.44425000000000003,0.4413,0.44025000000000003,0.001890105817143583,0.0695,0.07,0.06973750000000001,0.06975,0.00018498310733685943,0.442,0.44675000000000004,0.4434125,0.44225000000000003,0.001973694188571275,0.209,0.212,0.2105,0.21,0.0008660254037844396,32,32,2560,10240,51200,False,3872,4
0.122,0.127,0.12471428571428571,0.125,0.001118794297568642,0.091,0.096,0.09335,0.0935,0.001492481155659931,0.3345,0.34450000000000003,0.33947499999999997,0.34087500000000004,0.003082105611428657,0.171,0.17300000000000001,0.17165000000000002,0.17200000000000001,0.0005722761571129803,0.11875000000000001,0.12225,0.120475,0.121,0.0011399013115177947,0.444,0.4585,0.450725,0.4525,0.004365990723764759,0.06825,0.069,0.06872500000000001,0.06875,0.00020766559657295206,0.434,0.4465,0.4403625,0.44275000000000003,0.0040838668869100135,0.20700000000000002,0.211,0.20885000000000004,0.209,0.001013656746635655,32,32,2560,10240,51200,False,3840,4
0.121,0.125,0.12271428571428575,0.123,0.0008806305718527114,0.091,0.094,0.0926,0.0925,0.0009165151389911689,0.3345,0.34175,0.33761250000000004,0.338,0.0019533224900154106,0.169,0.171,0.17004999999999998,0.17,0.0005894913061275804,0.11875000000000001,0.121,0.11957499999999999,0.11975000000000001,0.0006571719714047429,0.4425,0.4525,0.4472250000000001,0.448,0.0030648205493959933,0.06775,0.0685,0.06818749999999998,0.06825,0.00020728904939721268,0.4335,0.44225000000000003,0.4372250000000001,0.43775000000000003,0.0024016921118244945,0.20600000000000002,0.209,0.2072,0.20700000000000002,0.0007483314773547857,32,32,2560,10240,51200,False,3808,4
0.121,0.122,0.1215238095238095,0.122,0.0004994327848429298,0.09,0.092,0.0907,0.0905,0.0007810249675906662,0.33425,0.341,0.33743750000000006,0.3375,0.0017245923431350424,0.168,0.169,0.16870000000000002,0.169,0.00045825756949558437,0.11875000000000001,0.121,0.11987499999999998,0.12,0.0006046693311223871,0.44175000000000003,0.45125,0.446775,0.446875,0.0023990883685266746,0.06725,0.0685,0.06770000000000001,0.067625,0.00029154759474226533,0.4335,0.442,0.4375375000000001,0.43775000000000003,0.00211286979011959,0.20400000000000001,0.20700000000000002,0.20585,0.20600000000000002,0.0007921489758877436,32,32,2560,10240,51200,False,3776,4
0.12,0.123,0.12138095238095238,0.121,0.0008438116736509222,0.088,0.094,0.091,0.091,0.0011832159566199242,0.3325,0.34025,0.33645,0.3365,0.0025600292967073667,0.166,0.168,0.1672,0.167,0.000509901951359279,0.11825000000000001,0.121,0.11965,0.11975000000000001,0.0009499999999999952,0.442,0.45125,0.44671249999999996,0.446875,0.003251225730397684,0.06675,0.06775,0.06713750000000002,0.06725,0.0002161452058223825,0.4325,0.4425,0.4376749999999999,0.437125,0.0035453314372566073,0.202,0.20600000000000002,0.20395000000000002,0.20400000000000001,0.001023474474522937,32,32,2560,10240,51200,False,3744,4
0.117,0.12,0.11876190476190479,0.11900000000000001,0.000971241812112908,0.08700000000000001,0.091,0.08935,0.089,0.0010136567466356638,0.32475,0.33625,0.3323125,0.33487500000000003,0.004057304369898813,0.164,0.166,0.1654,0.165,0.0005830951894845306,0.1165,0.11975000000000001,0.11839999999999998,0.11862500000000001,0.001349536957626579,0.4305,0.44525000000000003,0.4394375000000001,0.440375,0.005582268244181757,0.06625,0.067,0.0665125,0.0665,0.00023014940799402482,0.42475,0.43775000000000003,0.4328,0.436,0.004780559590675552,0.201,0.20400000000000001,0.20189999999999997,0.202,0.0008888194417315596,32,32,2560,10240,51200,False,3712,4
0.116,0.11900000000000001,0.11757142857142859,0.11800000000000001,0.001178030178747904,0.08700000000000001,0.091,0.08825000000000001,0.088,0.0009937303457175871,0.32275,0.33225,0.32926249999999996,0.331625,0.003361988808726176,0.163,0.165,0.1642,0.164,0.0006782329983125274,0.11525,0.11875000000000001,0.11742500000000003,0.11800000000000001,0.0012823318603232172,0.42825,0.44075000000000003,0.4360125000000001,0.43762500000000004,0.004639150649634052,0.06575,0.06625,0.06602500000000001,0.066,0.00013462912017836272,0.42075,0.4335,0.42894999999999994,0.43062500000000004,0.0044099319722644284,0.199,0.202,0.20010000000000003,0.2,0.0008306623862918082,32,32,2560,10240,51200,False,3680,4
0.116,0.11900000000000001,0.1178095238095238,0.11800000000000001,0.0006632565846278158,0.08600000000000001,0.092,0.0892,0.089,0.0015684387141358107,0.312,0.31575000000000003,0.3142500000000001,0.31475000000000003,0.0012196310917650507,0.164,0.166,0.1647,0.165,0.0005567764362830027,0.11850000000000001,0.12,0.11931249999999997,0.11950000000000001,0.0004992181386928959,0.42175,0.427,0.4247875,0.426,0.0019689384830410507,0.0645,0.065,0.06475,0.06475,0.00019364916731037104,0.43375,0.4385,0.4366125,0.4375,0.001584051372273003,0.197,0.199,0.1982,0.198,0.0006000000000000005,32,32,2560,10240,51200,False,3648,4
0.115,0.117,0.11623809523809525,0.116,0.0006098213559459861,0.084,0.089,0.08660000000000001,0.08650000000000001,0.0013190905958272883,0.31,0.31775000000000003,0.31320000000000003,0.31325000000000003,0.0020180436070610618,0.161,0.163,0.16219999999999998,0.162,0.0005099019513592789,0.11825000000000001,0.12075,0.1191875,0.11950000000000001,0.0007283328565978587,0.421,0.42975,0.42476249999999993,0.4255,0.0023736509326352144,0.06375,0.06475,0.0642,0.06425,0.00023184046238739278,0.4315,0.44075000000000003,0.43563750000000007,0.4365,0.002178696571347194,0.196,0.198,0.19670000000000004,0.197,0.0006403124237432856,32,32,2560,10240,51200,False,3616,4
0.115,0.11800000000000001,0.11647619047619047,0.117,0.0009571310115353238,0.085,0.09,0.08670000000000001,0.08700000000000001,0.0012688577540449493,0.30975,0.318,0.31452500000000005,0.31575000000000003,0.002567708122041912,0.16,0.161,0.16055000000000003,0.161,0.0004974937185533105,0.11825000000000001,0.121,0.11986250000000002,0.12025,0.0010077046938463613,0.4205,0.429,0.4255625,0.42662500000000003,0.0032594813621188304,0.06325,0.06375,0.06358749999999999,0.0635,0.00016345871038277542,0.4,0.40800000000000003,0.4045875,0.4055,0.0030200113824288863,0.194,0.197,0.19565000000000005,0.196,0.0007262919523166982,32,32,2560,10240,51200,False,3584,4
0.112,0.115,0.1137619047619048,0.114,0.0011086139739831264,0.084,0.088,0.08585,0.08600000000000001,0.001013656746635664,0.304,0.31675000000000003,0.312375,0.3135,0.003920698279643569,0.158,0.16,0.15895,0.159,0.0005894913061275802,0.11625,0.121,0.11898750000000002,0.11975000000000001,0.0016890733406220084,0.41250000000000003,0.42925,0.42200000000000004,0.42475,0.005974424658492221,0.0625,0.06325,0.06285000000000003,0.06275,0.00024238399287081664,0.39175,0.40700000000000003,0.400925,0.40325,0.005361378087768111,0.192,0.196,0.19385000000000002,0.194,0.0009630680142129119,32,32,2560,10240,51200,False,3552,4
0.112,0.115,0.11376190476190476,0.114,0.0007499055118106493,0.083,0.08700000000000001,0.0849,0.085,0.0011357816691600557,0.295,0.30275,0.29887499999999995,0.299875,0.002673363985692938,0.158,0.16,0.15905,0.159,0.0005894913061275804,0.11850000000000001,0.121,0.11986250000000002,0.12,0.000988923025315919,0.41875,0.428,0.42380000000000007,0.42462500000000003,0.003619910219881152,0.062,0.063,0.062325,0.06225,0.0002384848003542366,0.39875,0.40725,0.40354999999999996,0.40475,0.0035580893749314418,0.19,0.194,0.19205,0.192,0.0009733961166965902,32,32,2560,10240,51200,False,3520,4
0.111,0.114,0.11261904761904763,0.113,0.0007853534524986026,0.083,0.08600000000000001,0.08485000000000001,0.085,0.0010136567466356656,0.29225,0.3015,0.29819999999999997,0.29825,0.0024566236993076485,0.157,0.16,0.15794999999999998,0.158,0.0007399324293474377,0.117,0.12075,0.1197625,0.11962500000000001,0.0008495403168773053,0.41525,0.427,0.4238125000000001,0.42262500000000003,0.002911051141769929,0.0615,0.06225,0.06186249999999999,0.06175,0.00020116846174288868,0.39525,0.40675,0.40386250000000007,0.403,0.0026010514700789775,0.189,0.191,0.19,0.19,0.0007071067811865482,32,32,2560,10240,51200,False,3488,4
0.11,0.113,0.1114761904761905,0.111,0.0006632565846278156,0.081,0.084,0.08290000000000002,0.083,0.0008888194417315598,0.29,0.295,0.29194999999999993,0.29225,0.0012288205727444472,0.156,0.158,0.15715,0.157,0.0005722761571129803,0.11850000000000001,0.12075,0.11942499999999998,0.11975000000000001,0.0006279928343540206,0.397,0.40525,0.40043750000000006,0.40125,0.002224683966319711,0.061,0.0615,0.061224999999999995,0.06125,0.0002222048604328899,0.3975,0.40475,0.4006875,0.40175,0.0022049305544619723,0.187,0.19,0.1882,0.188,0.000748331477354789,32,32,2560,10240,51200,False,3456,4
0.109,0.111,0.11047619047619049,0.111,0.0005870870479018078,0.081,0.084,0.08225,0.082,0.0008874119674649432,0.29,0.29475,0.2925125,0.292625,0.0014349978222979976,0.153,0.156,0.15475,0.155,0.0006982120021884477,0.11725000000000001,0.11925000000000001,0.11802500000000005,0.11825000000000001,0.0005910795208768449,0.39525,0.40275,0.398325,0.399,0.0020510667955968725,0.06025,0.06125,0.060625,0.0605,0.0002436698586202243,0.39375,0.40075,0.39662499999999995,0.3975,0.0019243505397925865,0.185,0.189,0.18695,0.187,0.001023474474522937,32,32,2560,10240,51200,False,3424,4
0.109,0.111,0.10990476190476192,0.11,0.0006098213559459861,0.08,0.085,0.08165,0.081,0.0012359207094308285,0.293,0.29825,0.29598749999999996,0.29600000000000004,0.001773899306612414,0.152,0.154,0.15325,0.153,0.0006224949798994371,0.11825000000000001,0.12,0.11904999999999999,0.11887500000000001,0.000545435605731785,0.3985,0.40325,0.4008375,0.399625,0.0018829415152893123,0.059750000000000004,0.0605,0.060050000000000006,0.06,0.00023184046238739053,0.398,0.40275,0.40027500000000005,0.399625,0.001776407892349055,0.184,0.187,0.18495,0.185,0.0008645808232895299,32,32,2560,10240,51200,False,3392,4
0.109,0.111,0.11014285714285715,0.11,0.0007095078297976835,0.079,0.083,0.0811,0.081,0.0008888194417315596,0.28,0.28500000000000003,0.283225,0.283625,0.0011562331079847197,0.152,0.154,0.15275,0.153,0.0005361902647381809,0.11950000000000001,0.12075,0.12035000000000003,0.12075,0.0005499999999999939,0.40125,0.40650000000000003,0.40482499999999993,0.406,0.0018304712507985561,0.059250000000000004,0.059750000000000004,0.05945000000000002,0.059500000000000004,0.00015000000000000015,0.40075,0.40525,0.4036874999999999,0.40475,0.0017816337305967267,0.181,0.184,0.18314999999999998,0.183,0.0008529361054615998,32,32,2560,10240,51200,False,3360,4
0.107,0.109,0.10823809523809524,0.108,0.000525969572247013,0.079,0.083,0.0805,0.08,0.0011618950038622259,0.27875,0.28175,0.28048750000000006,0.28037500000000004,0.000722301010659689,0.151,0.153,0.1516,0.152,0.0005830951894845306,0.11900000000000001,0.11975000000000001,0.11945000000000001,0.11950000000000001,0.00016955824957813183,0.40125,0.40225,0.4017375,0.40175,0.0003208874413248356,0.058750000000000004,0.059250000000000004,0.05887500000000001,0.058750000000000004,0.00018540496217739173,0.397,0.40025,0.398575,0.39825,0.000929045208803104,0.181,0.183,0.18139999999999998,0.181,0.0005830951894845306,32,32,2560,10240,51200,False,3328,4
0.106,0.109,0.10723809523809524,0.107,0.0009209085526577968,0.078,0.081,0.0792,0.079,0.000748331477354789,0.279,0.28500000000000003,0.28153750000000005,0.280875,0.0017700194207974115,0.149,0.151,0.14999999999999997,0.15,0.0006324555320336764,0.11850000000000001,0.121,0.11921250000000001,0.11900000000000001,0.0008706140074682882,0.39575,0.404,0.399,0.399,0.002847147695501585,0.058,0.059000000000000004,0.058374999999999996,0.05825,0.0002304886114323224,0.39275,0.40175,0.3965875,0.395875,0.003420777506649621,0.178,0.181,0.17959999999999998,0.18,0.0007348469228349541,32,32,2560,10240,51200,False,3296,4
0.105,0.107,0.10595238095238094,0.106,0.000722178613719196,0.077,0.08,0.07845,0.078,0.0007399324293474377,0.27825,0.28175,0.28018750000000003,0.28025,0.0009742785792574948,0.147,0.149,0.1481,0.148,0.0005385164807134509,0.11825000000000001,0.11950000000000001,0.11921250000000001,0.11925000000000001,0.00042037929302000634,0.37625000000000003,0.38175000000000003,0.380525,0.3815,0.0016296088487732262,0.0575,0.05825,0.057824999999999994,0.05775,0.00023848480035423662,0.3935,0.3995,0.39697499999999997,0.39737500000000003,0.0016990806337546169,0.176,0.179,0.17784999999999998,0.178,0.0007921489758877437,32,32,2560,10240,51200,False,3264,4
0.10400000000000001,0.106,0.10485714285714286,0.105,0.0005593971487843159,0.076,0.08,0.07825000000000001,0.0785,0.0015124483462254188,0.2755,0.27925,0.2774125,0.278,0.0012556746194775116,0.146,0.149,0.1473,0.147,0.0007141428428542856,0.11800000000000001,0.11925000000000001,0.11877500000000003,0.11900000000000001,0.0005528336096874,0.37675000000000003,0.38075000000000003,0.37932499999999997,0.3805,0.0016126453422870102,0.057,0.05775,0.0572125,0.05725,0.00021323402636539993,0.39175,0.3995,0.3956375,0.396,0.001927555122428413,0.17500000000000002,0.179,0.17625,0.176,0.0009937303457175834,32,32,2560,10240,51200,False,3232,4
0.10300000000000001,0.105,0.10385714285714288,0.10400000000000001,0.0006388765649999371,0.075,0.078,0.0765,0.0765,0.0006708203932499376,0.28725,0.291,0.28915,0.28925,0.001349536957626571,0.14200000000000002,0.14300000000000002,0.14245,0.14200000000000002,0.0004974937185533105,0.08925,0.0905,0.089975,0.090125,0.00043229041164476493,0.3735,0.3795,0.37722500000000003,0.377875,0.0019667549415216972,0.0565,0.057,0.056725000000000005,0.05675,0.00019202864369671538,0.33525,0.3395,0.33746250000000005,0.338625,0.0017198746320589776,0.17300000000000001,0.17500000000000002,0.17429999999999998,0.17400000000000002,0.0005567764362830027,32,32,2560,10240,51200,False,3200,4
0.101,0.10300000000000001,0.10200000000000002,0.10200000000000001,0.0007559289460184551,0.075,0.078,0.0761,0.076,0.0008306623862918082,0.28450000000000003,0.28800000000000003,0.28646250000000006,0.28725,0.0012203355071454716,0.139,0.14100000000000001,0.14035000000000003,0.14,0.0005722761571129804,0.0885,0.0895,0.08901250000000001,0.08925,0.00038303883615111437,0.3715,0.37575000000000003,0.37386250000000004,0.374875,0.001619172242227492,0.05575,0.0565,0.05613749999999999,0.056125,0.00024334902917414754,0.332,0.3355,0.3340375000000001,0.33525,0.0015677910415613377,0.17200000000000001,0.17400000000000002,0.17295,0.17300000000000001,0.0005894913061275802,32,32,2560,10240,51200,False,3168,4
0.1,0.10300000000000001,0.10152380952380953,0.101,0.0007939681905015754,0.073,0.076,0.07475000000000001,0.075,0.0010897247358851695,0.28350000000000003,0.2895,0.28671250000000004,0.286875,0.0023720705617666514,0.138,0.14,0.13900000000000007,0.139,0.0005477225575051665,0.0885,0.09075,0.0895875,0.0895,0.0009160888330287634,0.37,0.379,0.374775,0.374875,0.0029260681810238135,0.05525,0.056,0.05555,0.0555,0.00020310096011589917,0.33175,0.34075,0.33587500000000003,0.3355,0.003652482032810013,0.17,0.17300000000000001,0.17150000000000004,0.1715,0.0006708203932499375,32,32,2560,10240,51200,False,3136,4
0.1,0.10300000000000001,0.1012857142857143,0.101,0.0007648751621051917,0.07200000000000001,0.076,0.0739,0.074,0.0011357816691600546,0.28575,0.29425,0.28852500000000003,0.2885,0.002489854413414557,0.137,0.139,0.13789999999999997,0.138,0.0005385164807134509,0.089,0.09175,0.0898375,0.09,0.0007797235086875354,0.36225,0.37375,0.365425,0.366,0.0032778613454507236,0.05525,0.056,0.05565000000000001,0.05575,0.00018371173070873853,0.33525,0.34525,0.338075,0.3385,0.00292414517423469,0.168,0.17,0.16890000000000002,0.169,0.0007000000000000006,32,32,2560,10240,51200,False,3104,4
0.099,0.101,0.10009523809523811,0.1,0.0006834619092574923,0.07200000000000001,0.077,0.07425000000000001,0.074,0.0014097872179871663,0.275,0.27875,0.27651250000000005,0.276,0.00128810665319297,0.136,0.138,0.13715000000000002,0.137,0.0006538348415311016,0.08975,0.09125,0.090375,0.09025,0.00042204857540335366,0.35725,0.36225,0.359125,0.3585,0.0016983447824278804,0.05425,0.055,0.0546,0.0545,0.00016583123951777014,0.338,0.34225,0.33953750000000005,0.33875,0.0015294504732092525,0.167,0.169,0.16805,0.168,0.0007399324293474377,32,32,2560,10240,51200,False,3072,4
0.098,0.1,0.09895238095238094,0.099,0.000652919485752481,0.07200000000000001,0.075,0.0732,0.073,0.0008124038404635937,0.25325000000000003,0.26325,0.2591625,0.26,0.0027114053090602185,0.137,0.138,0.13720000000000002,0.137,0.0004000000000000003,0.08825,0.0915,0.0902625,0.0905,0.0009235630731032947,0.35000000000000003,0.363,0.3582125,0.35925,0.003869976582616484,0.05375,0.0545,0.0540125,0.054,0.00021614520582238246,0.32975,0.34525,0.33901250000000005,0.3395,0.004231928490652938,0.164,0.167,0.16555,0.1655,0.0007399324293474377,32,32,2560,10240,51200,False,3040,4
0.096,0.1,0.09804761904761905,0.098,0.0010900498230723436,0.07,0.073,0.07160000000000001,0.07200000000000001,0.0006633249580710791,0.25525000000000003,0.26325,0.26015,0.26075000000000004,0.002825553043211182,0.135,0.137,0.13595000000000002,0.136,0.0004974937185533104,0.09225,0.09525,0.09394999999999999,0.094,0.0010080922576827986,0.34450000000000003,0.35525,0.35075,0.35125,0.003960744879438705,0.05275,0.05375,0.053262500000000004,0.05325,0.00025586861863073423,0.34600000000000003,0.357,0.3525875,0.35325,0.0041126899652174035,0.163,0.165,0.16410000000000002,0.164,0.0007681145747868615,32,32,2560,10240,51200,False,3008,4
0.095,0.099,0.09704761904761906,0.097,0.0011328930717495553,0.069,0.074,0.07110000000000001,0.07100000000000001,0.001135781669160054,0.25475000000000003,0.2625,0.2593625,0.26149999999999995,0.0032369690684342263,0.133,0.135,0.1342,0.134,0.0005099019513592789,0.092,0.09475,0.09368749999999999,0.0945,0.00116692705427546,0.34400000000000003,0.35475,0.35018750000000004,0.35150000000000003,0.004360959613433714,0.05225,0.053,0.0526,0.0525,0.00018371173070873853,0.34575,0.35675,0.3521749999999999,0.354875,0.004633505692237779,0.161,0.164,0.16254999999999997,0.1625,0.0007399324293474377,32,32,2560,10240,51200,False,2976,4
0.094,0.097,0.09519047619047619,0.095,0.0007939681905015753,0.069,0.07200000000000001,0.07015,0.07,0.0009096702699330133,0.26075,0.268,0.26535000000000003,0.2655,0.002056088519495214,0.132,0.133,0.1326,0.133,0.0004898979485566361,0.0915,0.09375,0.09281249999999999,0.09275,0.0007021173334991815,0.34800000000000003,0.3565,0.35269999999999996,0.35275,0.0027013885318480056,0.052000000000000005,0.0525,0.05222500000000001,0.05225,0.00019202864369671254,0.3425,0.35000000000000003,0.347075,0.34650000000000003,0.0025861409474349974,0.159,0.161,0.16035000000000002,0.16,0.0005722761571129803,32,32,2560,10240,51200,False,2944,4
0.093,0.095,0.09404761904761906,0.094,0.0005753831415997421,0.068,0.07,0.06910000000000001,0.069,0.0007000000000000006,0.26225,0.2655,0.2644375,0.26475,0.0009078649403958742,0.13,0.132,0.13155,0.132,0.0006689544080129832,0.0915,0.09275,0.09231249999999999,0.0925,0.00034346579160085246,0.34850000000000003,0.35275,0.35145000000000004,0.352,0.001361524880419,0.051250000000000004,0.052000000000000005,0.0516,0.051500000000000004,0.00016583123951777014,0.34275,0.34650000000000003,0.3455625000000001,0.34625,0.0013529481697389597,0.158,0.16,0.15904999999999997,0.159,0.0007399324293474378,32,32,2560,10240,51200,False,2912,4
0.092,0.094,0.09304761904761906,0.093,0.000722178613719196,0.067,0.07,0.06855,0.069,0.0009205976319760995,0.24275,0.2475,0.2452625,0.245,0.0014196720572019453,0.131,0.132,0.13115000000000004,0.131,0.0003570714214271428,0.092,0.09375,0.092925,0.09275,0.0005706356105256668,0.32475,0.331,0.32801249999999993,0.32775,0.001974010828237784,0.0505,0.051000000000000004,0.0507625,0.05075,0.0001473728265318951,0.34275,0.35000000000000003,0.3465,0.34600000000000003,0.00240442300770892,0.156,0.159,0.15735000000000002,0.157,0.0006538348415311016,32,32,2560,10240,51200,False,2880,4
0.092,0.095,0.09342857142857144,0.093,0.0007284313590846842,0.066,0.068,0.06735000000000002,0.0675,0.0007262919523166982,0.249,0.25175000000000003,0.24978749999999997,0.24925,0.0009882908225821063,0.129,0.131,0.13010000000000002,0.13,0.0005385164807134509,0.09425,0.09525,0.09459999999999999,0.0945,0.00039051248379533304,0.33325,0.33725,0.3343625,0.3335,0.0015009892571234452,0.05,0.0505,0.05025,0.05025,7.905694150420955e-05,0.3525,0.356,0.353325,0.3525,0.0014428704030508088,0.155,0.157,0.15550000000000003,0.155,0.0005916079783099622,32,32,2560,10240,51200,False,2848,4
0.091,0.093,0.0919047619047619,0.092,0.0006098213559459861,0.065,0.068,0.0665,0.067,0.0008660254037844396,0.23950000000000002,0.2425,0.24125000000000002,0.24112499999999998,0.0009617692030835632,0.128,0.129,0.1286,0.129,0.0004898979485566361,0.09175,0.0935,0.09280000000000001,0.092625,0.0005159941860137578,0.326,0.33275,0.33078749999999996,0.33,0.001773546940455759,0.0495,0.05,0.0497375,0.04975,0.00014737282653189506,0.34850000000000003,0.35275,0.3504125,0.34925,0.0016360680762119786,0.153,0.154,0.15349999999999997,0.1535,0.0005000000000000004,32,32,2560,10240,51200,False,2816,4
0.09,0.092,0.09052380952380953,0.09,0.0005870870479018078,0.064,0.066,0.06525,0.065,0.0006982120021884477,0.23725000000000002,0.242,0.23948750000000002,0.23975000000000002,0.0015196113812419175,0.126,0.128,0.12689999999999996,0.127,0.0006244997998398403,0.0915,0.0935,0.092375,0.09225,0.0006149186938124427,0.32625,0.33225,0.3287,0.329,0.0019868316486305495,0.04875,0.04975,0.049162500000000005,0.04925,0.00027698149757700443,0.34550000000000003,0.3525,0.3479375,0.34875,0.0024146363597858686,0.151,0.154,0.1519,0.152,0.0008306623862918082,32,32,2560,10240,51200,False,2784,4
0.089,0.092,0.09000000000000001,0.09,0.0006900655593423548,0.063,0.067,0.06495,0.065,0.0009205976319760994,0.24,0.24275,0.24082499999999993,0.24025,0.0009813893213195268,0.125,0.126,0.12544999999999998,0.125,0.0004974937185533104,0.0925,0.09375,0.0927875,0.0925,0.00040523912693618357,0.3295,0.33275,0.33035000000000003,0.329625,0.0013095800853708736,0.04825,0.049,0.0485,0.0485,0.00017677669529663704,0.34875,0.3525,0.34966250000000004,0.34900000000000003,0.0014214319364640531,0.149,0.152,0.15054999999999996,0.15,0.0008046738469715548,32,32,2560,10240,51200,False,2752,4
0.08700000000000001,0.09,0.08823809523809525,0.088,0.0006834619092574898,0.062,0.067,0.06394999999999999,0.064,0.001160818676624391,0.23625000000000002,0.23900000000000002,0.2372,0.23650000000000002,0.001100000000000001,0.12,0.121,0.12035,0.12,0.0004769696007084732,0.091,0.092,0.091375,0.09125,0.0003832427429188976,0.3085,0.3125,0.30986250000000004,0.309,0.001443682357722774,0.048,0.0485,0.04812500000000001,0.048,0.00016770509831248438,0.34525,0.34875,0.34645000000000004,0.34525,0.0016116761461286257,0.148,0.15,0.14865,0.149,0.0005722761571129803,32,32,2560,10240,51200,False,2720,4
0.08600000000000001,0.08700000000000001,0.08652380952380954,0.08700000000000001,0.0004994327848429298,0.061,0.066,0.0627,0.0625,0.0010535653752852749,0.23125,0.23600000000000002,0.2334,0.2335,0.0014150971698084916,0.11800000000000001,0.121,0.11925000000000004,0.11900000000000001,0.0006224949798994318,0.089,0.091,0.08990000000000002,0.09,0.0005500000000000005,0.30225,0.3085,0.3052750000000001,0.305375,0.0017693572279220517,0.04725,0.04775,0.0474375,0.0475,0.00013404756618454522,0.338,0.34475,0.3412625,0.3415,0.0018122413608567716,0.146,0.148,0.14689999999999998,0.147,0.0007681145747868615,32,32,2560,10240,51200,False,2688,4
0.084,0.085,0.08485714285714285,0.085,0.00034992710611188283,0.061,0.063,0.061950000000000005,0.062,0.0004974937185533105,0.229,0.23375,0.23126249999999998,0.2315,0.0013357465141260907,0.117,0.11900000000000001,0.11779999999999999,0.11800000000000001,0.000509901951359279,0.08825,0.09,0.0890625,0.089125,0.0004865375114007144,0.2995,0.30575,0.30233750000000004,0.3025,0.0016905527942066738,0.0465,0.04725,0.04683749999999999,0.04675,0.0001634587103827754,0.335,0.34175,0.33806250000000004,0.33825,0.0019200830060182243,0.14400000000000002,0.147,0.14559999999999998,0.146,0.0006633249580710772,32,32,2560,10240,51200,False,2656,4
0.083,0.08600000000000001,0.08404761904761907,0.084,0.0007853534524986027,0.059000000000000004,0.062,0.06065,0.061,0.0006538348415311007,0.22925,0.23600000000000002,0.23221250000000002,0.23175,0.0020144400586763573,0.115,0.117,0.11600000000000002,0.116,0.0007071067811865482,0.08825,0.091,0.08936250000000001,0.08925,0.0008080648179447001,0.29975,0.30875,0.3036500000000001,0.302875,0.0026662239215789834,0.046,0.04675,0.04635,0.04625,0.00018371173070873853,0.335,0.34475,0.339,0.338375,0.002646932186513283,0.14300000000000002,0.145,0.14370000000000002,0.14400000000000002,0.0006403124237432799,32,32,2560,10240,51200,False,2624,4
0.083,0.085,0.08390476190476191,0.084,0.000525969572247013,0.06,0.062,0.060399999999999995,0.06,0.0005830951894845307,0.2315,0.23650000000000002,0.23420000000000005,0.233875,0.001685600783103759,0.115,0.116,0.11505000000000003,0.115,0.00021794494717703388,0.089,0.091,0.09003749999999999,0.09,0.0006532371315226965,0.3025,0.30875,0.30611250000000007,0.3055,0.0022001065315116006,0.0455,0.046,0.04575,0.04575,0.0001581138830084191,0.338,0.34475,0.3419375000000001,0.3415,0.0026325783464124994,0.14100000000000001,0.14300000000000002,0.14195,0.14200000000000002,0.0003840572873934307,32,32,2560,10240,51200,False,2592,4
0.083,0.08700000000000001,0.08428571428571431,0.084,0.0009331389496316878,0.058,0.061,0.05965,0.0595,0.0008529361054615968,0.22275,0.2275,0.22397499999999998,0.223,0.0017622783548577124,0.117,0.11800000000000001,0.11765,0.11800000000000001,0.00047696960070847314,0.075,0.07675,0.0756,0.07525,0.0006093028803476976,0.293,0.299,0.29455,0.29325,0.002272938626536142,0.04525,0.04575,0.045375,0.04525,0.00014790199457749052,0.27975,0.28550000000000003,0.280925,0.27975,0.0020677584481752285,0.139,0.14100000000000001,0.14035000000000003,0.14,0.0005722761571129804,32,32,2560,10240,51200,False,2560,4
0.082,0.084,0.0832857142857143,0.083,0.0006998542122237659,0.057,0.061,0.0586,0.058,0.000916515138991167,0.2185,0.2245,0.220675,0.22025,0.0019954636052807394,0.112,0.115,0.11380000000000001,0.114,0.0006000000000000006,0.074,0.07625,0.07477500000000001,0.0745,0.0007241374178980127,0.29025,0.299,0.2935875,0.293,0.0027718168680488254,0.0445,0.045,0.044724999999999994,0.04475,0.00017500000000000016,0.27725,0.28550000000000003,0.2804875,0.279875,0.002697771070717464,0.137,0.14,0.13849999999999998,0.138,0.0007416198487095669,32,32,2560,10240,51200,False,2528,4
0.081,0.084,0.0819047619047619,0.082,0.0008676603408708864,0.057,0.06,0.0581,0.058,0.0006244997998398394,0.22,0.22525,0.22203749999999997,0.22075,0.0020574179813543014,0.112,0.113,0.11230000000000002,0.112,0.0004582575694955844,0.07475,0.07625,0.07516250000000002,0.07475,0.0006238739856733895,0.29325,0.2995,0.2949625,0.2935,0.0024827844751407722,0.043750000000000004,0.0445,0.044125000000000004,0.044,0.00018540496217739103,0.28,0.28600000000000003,0.2819125,0.2805,0.0023322132728376254,0.136,0.139,0.137,0.137,0.0007745966692414842,32,32,2560,10240,51200,False,2496,4
0.08,0.082,0.08095238095238096,0.081,0.000575383141599742,0.057,0.059000000000000004,0.05750000000000001,0.057,0.0005916079783099621,0.22,0.2225,0.22135,0.22212500000000002,0.001085126720710536,0.11,0.112,0.11115000000000001,0.111,0.0005722761571129803,0.0745,0.07525,0.0749,0.075125,0.0003657184709581952,0.2925,0.296,0.2942375,0.2945,0.0014544651078661184,0.043250000000000004,0.043750000000000004,0.04354999999999999,0.043500000000000004,0.00012747548783981975,0.27975,0.28275,0.2812125,0.28175000000000006,0.0013653639624656977,0.134,0.138,0.13484999999999997,0.135,0.0009096702699330135,32,32,2560,10240,51200,False,2464,4
0.079,0.081,0.07933333333333333,0.079,0.0005634361698190116,0.056,0.058,0.05685000000000001,0.057,0.0007921489758877436,0.21575,0.22225,0.21838750000000004,0.21775,0.002247880946580581,0.108,0.11,0.10900000000000001,0.109,0.0005477225575051667,0.07275,0.07525,0.07383749999999999,0.07375,0.0008034106982110713,0.28650000000000003,0.29525,0.2903,0.2895,0.0030989917715282837,0.04275,0.043500000000000004,0.0430125,0.043000000000000003,0.00024334902917414754,0.274,0.28250000000000003,0.27793750000000006,0.277,0.0031173656747324383,0.132,0.135,0.13305,0.133,0.0008046738469715547,32,32,2560,10240,51200,False,2432,4
0.077,0.079,0.07790476190476192,0.078,0.000525969572247013,0.055,0.057,0.05575000000000001,0.056,0.0005361902647381809,0.199,0.2015,0.20017500000000005,0.2,0.000981389321319527,0.108,0.11,0.10905000000000001,0.109,0.0004974937185533105,0.073,0.074,0.073525,0.073625,0.00035266839949164744,0.26975,0.27275,0.271075,0.271,0.0013088640112708496,0.04225,0.043000000000000003,0.042525,0.0425,0.0001561249499599601,0.27425,0.27725,0.27562500000000006,0.27537500000000004,0.0013381423691072739,0.131,0.133,0.1318,0.132,0.0006000000000000005,32,32,2560,10240,51200,False,2400,4
0.076,0.079,0.07714285714285715,0.077,0.0008329931278350436,0.054,0.057,0.055400000000000005,0.055,0.0007348469228349541,0.198,0.20375000000000001,0.20060000000000003,0.19975,0.0019611858657455203,0.108,0.109,0.10845,0.108,0.0004974937185533104,0.0725,0.0745,0.0734375,0.07325,0.0007368641326594754,0.26775,0.27575,0.2714,0.271,0.002882490242828242,0.04175,0.04225,0.041875,0.04175,0.00014790199457749052,0.27175,0.27975,0.275725,0.275625,0.002943106352138842,0.129,0.131,0.12969999999999998,0.13,0.0005567764362830027,32,32,2560,10240,51200,False,2368,4
0.075,0.078,0.07638095238095238,0.076,0.000652919485752481,0.054,0.057,0.05500000000000001,0.055,0.0008366600265340762,0.20175,0.20600000000000002,0.20315000000000003,0.20287500000000003,0.0014062361110425247,0.106,0.108,0.10685000000000003,0.107,0.00047696960070847325,0.07375,0.07525,0.0742375,0.074375,0.0004774607313696073,0.272,0.27825,0.2743125,0.273875,0.0018094802430532399,0.041,0.04175,0.0413,0.04125,0.00018708286933869726,0.277,0.28275,0.27873749999999997,0.27849999999999997,0.0018242721151187928,0.127,0.13,0.12825000000000003,0.128,0.0006224949798994372,32,32,2560,10240,51200,False,2336,4
0.074,0.077,0.076,0.076,0.0006900655593423549,0.053,0.056,0.05450000000000001,0.054,0.0007416198487095669,0.20125,0.20350000000000001,0.20198750000000004,0.2015,0.0008271751628282858,0.10400000000000001,0.106,0.10485000000000003,0.105,0.0004769696007084683,0.07475,0.07575,0.07506249999999999,0.075,0.0003342435489280238,0.27475,0.278,0.27563750000000004,0.275,0.0011024829930661043,0.0405,0.041,0.04076249999999999,0.04075,0.00012437342963832762,0.2795,0.28250000000000003,0.2802125,0.279625,0.0011299197980387799,0.126,0.127,0.12614999999999998,0.126,0.00035707142142714284,32,32,2560,10240,51200,False,2304,4
0.073,0.075,0.07423809523809524,0.074,0.0006834619092574922,0.052000000000000005,0.056,0.05365000000000001,0.054,0.0008529361054615991,0.19525,0.199,0.19805,0.19875,0.00145043097043603,0.10300000000000001,0.105,0.1034,0.10300000000000001,0.0006633249580710772,0.07275,0.07425,0.0737875,0.074,0.0005260406353125209,0.26675,0.27175,0.27044999999999997,0.2715,0.002025771457988286,0.03975,0.04025,0.04006250000000001,0.04,0.00013404756618454522,0.2715,0.277,0.2752875,0.27675,0.002276613438860439,0.124,0.126,0.12444999999999999,0.124,0.0005894913061275802,32,32,2560,10240,51200,False,2272,4
0.07200000000000001,0.074,0.07261904761904762,0.073,0.0005753831415997356,0.052000000000000005,0.054,0.052750000000000005,0.053,0.0006982120021884447,0.195,0.19925,0.19713750000000002,0.19725,0.001358940304060485,0.101,0.10200000000000001,0.1016,0.10200000000000001,0.0004898979485566361,0.07275,0.07475,0.07369999999999999,0.07375,0.0005894913061275804,0.25,0.25525000000000003,0.25252500000000005,0.252625,0.0016122577337386315,0.0395,0.04,0.0396375,0.0395,0.00016723860200324578,0.2715,0.277,0.274,0.27425,0.0018148691412881496,0.122,0.124,0.12290000000000001,0.123,0.0007000000000000006,32,32,2560,10240,51200,False,2240,4
0.07100000000000001,0.073,0.07166666666666668,0.07200000000000001,0.00056343616981901,0.051000000000000004,0.053,0.05185000000000001,0.052000000000000005,0.0006538348415310997,0.19625,0.19825,0.19665000000000002,0.19625,0.0007433034373659259,0.1,0.10200000000000001,0.1005,0.1,0.0005916079783099621,0.073,0.074,0.07335,0.07325,0.0003102418411497717,0.25175000000000003,0.255,0.252675,0.252,0.0010219466717984857,0.03875,0.03925,0.03902500000000001,0.039,0.00013462912017836272,0.27375,0.27675,0.27445,0.274,0.0010325938214031684,0.12,0.123,0.12109999999999999,0.121,0.0007681145747868615,32,32,2560,10240,51200,False,2208,4
0.07,0.07100000000000001,0.07061904761904761,0.07100000000000001,0.00048562090605645613,0.05,0.053,0.05170000000000001,0.052000000000000005,0.0007810249675906651,0.1815,0.1835,0.18214999999999998,0.18175,0.000764035339496807,0.099,0.101,0.10000000000000002,0.1,0.0003162277660168382,0.0725,0.0735,0.07291250000000002,0.07275,0.0003189337705543271,0.25125000000000003,0.2545,0.2521375,0.2515,0.0010996448290243527,0.03825,0.03875,0.0384125,0.0385,0.00014306903927824508,0.27375,0.27675,0.2745875,0.274,0.001197066727463427,0.11800000000000001,0.121,0.11945000000000003,0.11900000000000001,0.0007399324293474317,32,32,2560,10240,51200,False,2176,4
0.069,0.07,0.06947619047619048,0.069,0.0004994327848429298,0.05,0.051000000000000004,0.05020000000000001,0.05,0.0004000000000000003,0.1795,0.18175,0.18033749999999998,0.18,0.0006580036094125934,0.098,0.1,0.0987,0.099,0.0005567764362830027,0.07200000000000001,0.073,0.0722875,0.07225,0.0003285859857023677,0.249,0.2515,0.24988749999999998,0.2495,0.0008925910317721152,0.03775,0.03825,0.037849999999999995,0.03775,0.00014577379737113264,0.27125,0.274,0.2719125,0.27125,0.0011491165084533508,0.117,0.11900000000000001,0.1179,0.11800000000000001,0.0007000000000000005,32,32,2560,10240,51200,False,2144,4
0.067,0.069,0.06838095238095238,0.068,0.000575383141599742,0.048,0.051000000000000004,0.04970000000000001,0.05,0.0006403124237432856,0.1795,0.1815,0.18049999999999997,0.18012499999999998,0.0006519202405202654,0.096,0.098,0.09705,0.097,0.0004974937185533105,0.07175000000000001,0.0725,0.0721375,0.07200000000000001,0.00032088744132482966,0.24925,0.25175000000000003,0.2503875,0.249875,0.0010261426557745341,0.037,0.0375,0.037325,0.03725,0.00013919410907075068,0.271,0.27375,0.2723999999999999,0.27175000000000005,0.0012103718436910196,0.115,0.117,0.11595000000000003,0.116,0.0004974937185533104,32,32,2560,10240,51200,False,2112,4
0.067,0.069,0.06776190476190479,0.068,0.000525969572247013,0.047,0.049,0.04845000000000001,0.0485,0.0005894913061275802,0.177,0.18075,0.1795125,0.1805,0.0014630340905119072,0.092,0.093,0.09255000000000001,0.093,0.0004974937185533104,0.07075000000000001,0.0725,0.07197499999999998,0.07225,0.000626996810199217,0.22975,0.23450000000000001,0.23290000000000002,0.234,0.0018530380460206443,0.03675,0.03725,0.0369375,0.037,0.00013404756618454522,0.26825,0.27625,0.27238750000000006,0.2735,0.002353820033477496,0.113,0.115,0.11430000000000003,0.114,0.0005567764362830027,32,32,2560,10240,51200,False,2080,4
0.066,0.067,0.0667142857142857,0.067,0.00045175395145262605,0.047,0.049,0.04790000000000001,0.048,0.00043588989435406776,0.17300000000000001,0.17375000000000002,0.17346250000000002,0.17350000000000002,0.00024076700355322802,0.094,0.095,0.09425000000000001,0.094,0.0004330127018922197,0.0585,0.0585,0.05850000000000001,0.0585,6.938893903907228e-18,0.2325,0.2335,0.23272500000000002,0.23275,0.0002487468592766552,0.036000000000000004,0.0365,0.036275,0.03625,0.00010897247358851606,0.27075,0.2735,0.2710625,0.271,0.000569402098696523,0.112,0.114,0.11270000000000002,0.113,0.0007141428428542856,32,32,2560,10240,51200,False,2048,4
0.066,0.068,0.06738095238095239,0.067,0.000575383141599742,0.047,0.049,0.047950000000000007,0.048,0.000668954408012983,0.17425000000000002,0.17550000000000002,0.17491250000000003,0.174875,0.0004203792930200063,0.093,0.095,0.09425000000000001,0.094,0.0005361902647381809,0.058750000000000004,0.059250000000000004,0.058987500000000005,0.059000000000000004,0.00023014940799402482,0.23325,0.23500000000000001,0.23418750000000005,0.233875,0.0006608469943943158,0.036000000000000004,0.0365,0.03628749999999999,0.03625,0.00011924240017711748,0.27125,0.27375,0.2724125,0.27175,0.001087643668670944,0.111,0.114,0.11265,0.113,0.0007262919523166982,32,32,2560,10240,51200,False,2048,4
0.065,0.067,0.06633333333333333,0.066,0.0006424160744396216,0.047,0.049,0.04760000000000001,0.048,0.0005830951894845307,0.17200000000000001,0.17550000000000002,0.17433750000000003,0.17525000000000002,0.0013653639624656875,0.093,0.094,0.09375000000000001,0.094,0.0004330127018922197,0.058,0.059250000000000004,0.058812500000000004,0.059000000000000004,0.0005412658773652747,0.2305,0.23525000000000001,0.23363750000000003,0.23475000000000001,0.0019771744359059484,0.035750000000000004,0.03625,0.03600000000000001,0.036000000000000004,0.00013693063937628974,0.26825,0.27375,0.2720250000000001,0.2735,0.0023450746256782626,0.111,0.113,0.11175000000000002,0.112,0.0005361902647381809,32,32,2560,10240,51200,False,2032,4
0.065,0.067,0.06595238095238096,0.066,0.00048562090605645613,0.046,0.048,0.04705000000000001,0.047,0.0006689544080129831,0.17125,0.17475000000000002,0.17355000000000004,0.17450000000000002,0.001456880228433348,0.092,0.093,0.0928,0.093,0.0004000000000000003,0.05775,0.059000000000000004,0.058625000000000003,0.059000000000000004,0.0005728219618694805,0.23,0.23475000000000001,0.2332,0.23450000000000001,0.001988403882514819,0.035500000000000004,0.036000000000000004,0.03578749999999999,0.035750000000000004,0.0001192424001771183,0.268,0.27375,0.2721,0.27325,0.002285005470452974,0.11,0.112,0.11074999999999999,0.111,0.0006982120021884477,32,32,2560,10240,51200,False,2016,4
0.064,0.066,0.06519047619047619,0.065,0.0006632565846278158,0.046,0.048,0.04650000000000001,0.046,0.0005916079783099621,0.17325000000000002,0.17525000000000002,0.17387500000000003,0.17350000000000002,0.0007562241731127094,0.092,0.093,0.0924,0.092,0.0004898979485566361,0.0585,0.059250000000000004,0.058662500000000006,0.0585,0.00025341418665891633,0.2325,0.23500000000000001,0.23335,0.232875,0.0009433981132056611,0.035250000000000004,0.035500000000000004,0.035375000000000004,0.035375000000000004,0.0001250000000000001,0.27075,0.2735,0.2713999999999999,0.27075,0.0011274972283779742,0.109,0.112,0.1103,0.11,0.0007810249675906662,32,32,2560,10240,51200,False,2000,4
0.063,0.066,0.06471428571428571,0.065,0.0008247860988423233,0.045,0.048,0.04580000000000001,0.046,0.0008124038404635967,0.168,0.17325000000000002,0.17026250000000004,0.1695,0.0018816133370063062,0.091,0.093,0.09169999999999999,0.092,0.0005567764362830027,0.05675,0.0585,0.05752500000000001,0.05725,0.0006514407110397697,0.2255,0.2325,0.22855000000000003,0.2275,0.0024438698819699892,0.03475,0.035250000000000004,0.03508750000000001,0.035,0.00014306903927824508,0.263,0.27075,0.266375,0.2655,0.0028201285431696138,0.109,0.111,0.10955,0.109,0.0006689544080129831,32,32,2560,10240,51200,False,1984,4
0.062,0.065,0.06371428571428572,0.064,0.0007648751621051916,0.045,0.047,0.04580000000000001,0.046,0.0007483314773547889,0.171,0.17275000000000001,0.172,0.17225000000000001,0.000666145629723712,0.09,0.092,0.09050000000000001,0.09,0.0005916079783099622,0.05775,0.0585,0.0581125,0.05825,0.00024334902917414754,0.22975,0.23225,0.23126250000000007,0.23175,0.0009568013116629813,0.0345,0.035250000000000004,0.03488750000000001,0.034875,0.00018498310733685943,0.268,0.27075,0.26998749999999994,0.27075,0.0011359880060986486,0.107,0.11,0.10800000000000003,0.108,0.0006324555320336764,32,32,2560,10240,51200,False,1968,4
0.063,0.065,0.06376190476190476,0.064,0.0006834619092574922,0.045,0.046,0.04515000000000001,0.045,0.0003570714214271428,0.17125,0.17500000000000002,0.17352499999999998,0.17475000000000002,0.0016083765106466846,0.089,0.091,0.08985000000000001,0.09,0.00047696960070847325,0.07125000000000001,0.073,0.07222500000000001,0.07275,0.000651440711039763,0.2295,0.23425,0.2323125,0.234,0.0021474912688995984,0.03425,0.03475,0.034499999999999996,0.0345,7.905694150420955e-05,0.26825,0.2735,0.27161250000000003,0.27325,0.002469153448046528,0.106,0.108,0.10705,0.107,0.0005894913061275804,32,32,2560,10240,51200,False,1952,4
0.062,0.064,0.06328571428571428,0.063,0.0005471012044321938,0.044,0.045,0.044500000000000005,0.0445,0.0005000000000000004,0.17275000000000001,0.17475000000000002,0.17335000000000003,0.17300000000000001,0.0007640353394968068,0.088,0.09,0.0892,0.089,0.0005099019513592789,0.07175000000000001,0.07275,0.0721875,0.07200000000000001,0.0003342435489280178,0.2315,0.23425,0.23223749999999996,0.23175,0.001110953981945248,0.034,0.03425,0.0341875,0.03425,0.00010825317547305493,0.27075,0.2735,0.2713249999999999,0.27075,0.0010900114678295933,0.105,0.108,0.10655,0.107,0.0006689544080129832,32,32,2560,10240,51200,False,1936,4
0.062,0.064,0.06299999999999999,0.063,0.00043643578047198515,0.044,0.046,0.04440000000000001,0.044,0.0005830951894845307,0.163,0.165,0.1639875,0.16362500000000002,0.000743618685886793,0.08700000000000001,0.089,0.08745,0.08700000000000001,0.000589491306127574,0.055,0.05575,0.05531250000000001,0.05525,0.0001916213714594488,0.21625,0.21975,0.21752499999999997,0.21725,0.001089437928475047,0.034,0.0345,0.034225000000000005,0.03425,0.0001561249499599601,0.20600000000000002,0.20825,0.20682500000000004,0.20625000000000002,0.0008947765084086626,0.105,0.107,0.10585,0.106,0.0006538348415311015,32,32,2560,10240,51200,False,1920,4
0.062,0.064,0.0628095238095238,0.063,0.0004994327848429298,0.043000000000000003,0.045,0.04395,0.044,0.0004974937185533085,0.16475,0.16675,0.1657125,0.16525,0.0008301919958660172,0.08600000000000001,0.089,0.0874,0.08700000000000001,0.0006633249580710746,0.05575,0.0565,0.0559875,0.05575,0.00026780356607035714,0.21875,0.2215,0.219925,0.219875,0.0010985786271359927,0.0335,0.03425,0.033824999999999994,0.03375,0.0001600781059358214,0.20825,0.21075,0.20939999999999998,0.2095,0.0011274972283779692,0.10400000000000001,0.106,0.10485000000000003,0.105,0.0007921489758877376,32,32,2560,10240,51200,False,1904,4
0.061,0.063,0.06233333333333332,0.062,0.0006424160744396216,0.043000000000000003,0.045,0.043500000000000004,0.043000000000000003,0.0005916079783099588,0.163,0.16675,0.16477500000000003,0.16475,0.0011803071634112886,0.085,0.08700000000000001,0.08585000000000001,0.08600000000000001,0.0004769696007084733,0.055,0.05625,0.05564999999999999,0.05575,0.00040620192023179834,0.21675,0.2215,0.2188125,0.219,0.0017118611947234523,0.03325,0.03375,0.0335375,0.0335,0.00011924240017711833,0.20650000000000002,0.21125,0.20865,0.20875,0.0016420261873672927,0.10300000000000001,0.105,0.1042,0.10400000000000001,0.0005099019513592736,32,32,2560,10240,51200,False,1888,4
0.06,0.062,0.060952380952380945,0.061,0.0004856209060564562,0.042,0.044,0.04335000000000001,0.043000000000000003,0.0005722761571129772,0.1625,0.16475,0.1637625,0.16412500000000002,0.0007561208567418313,0.085,0.08700000000000001,0.0854,0.085,0.0005830951894845307,0.055,0.0555,0.055337500000000005,0.0555,0.0002274175674832533,0.21575,0.21875,0.2175125,0.218,0.0010291835356242354,0.033,0.0335,0.033337500000000006,0.03325,0.00014306903927824508,0.20600000000000002,0.20825,0.20733750000000004,0.20787500000000003,0.000916088833028759,0.10200000000000001,0.10400000000000001,0.10315,0.10300000000000001,0.0006538348415311016,32,32,2560,10240,51200,False,1872,4
0.059000000000000004,0.062,0.060999999999999985,0.061,0.0006172133998483671,0.041,0.045,0.0425,0.042,0.0008660254037844378,0.16075,0.16475,0.16286249999999997,0.16275,0.0012710109165542218,0.084,0.08600000000000001,0.0849,0.085,0.0004358898943540678,0.05425,0.0555,0.05489999999999999,0.054875,0.00045689167206242694,0.21375,0.2185,0.21604999999999994,0.216125,0.001817622072929355,0.03275,0.03325,0.0329,0.033,0.00014577379737113266,0.20375000000000001,0.20800000000000002,0.20588750000000006,0.20575000000000002,0.0015541778373146377,0.101,0.10300000000000001,0.10225000000000002,0.10200000000000001,0.0005361902647381809,32,32,2560,10240,51200,False,1856,4
0.06,0.061,0.06057142857142856,0.061,0.0004948716593053939,0.041,0.043000000000000003,0.04175000000000001,0.042,0.0005361902647381809,0.16275,0.165,0.16417500000000002,0.1645,0.0007504165509901825,0.083,0.085,0.08390000000000002,0.084,0.00043588989435406776,0.055,0.05575,0.05535000000000001,0.0555,0.00025495097567963945,0.21625,0.219,0.21795,0.2185,0.0010080922576827986,0.0325,0.033,0.03272500000000002,0.03275,0.00013462912017836272,0.20625000000000002,0.20875,0.20775000000000002,0.2085,0.0010694624818103605,0.1,0.10200000000000001,0.10130000000000002,0.101,0.0005567764362830027,32,32,2560,10240,51200,False,1840,4
0.06,0.062,0.06042857142857142,0.06,0.0005832118435198048,0.04,0.042,0.04100000000000001,0.041,0.00044721359549995833,0.1645,0.16675,0.1649875,0.16475,0.0005029599884682682,0.083,0.084,0.08360000000000002,0.084,0.000489897948556636,0.0555,0.056,0.0555625,0.0555,0.0001556237449748593,0.21825,0.22075,0.21876249999999997,0.2185,0.0006147916313678975,0.03225,0.0325,0.0323125,0.03225,0.00010825317547305493,0.2085,0.21075,0.2088625,0.20875,0.0006445686542176875,0.1,0.10200000000000001,0.1005,0.1,0.0006708203932499376,32,32,2560,10240,51200,False,1824,4
0.058,0.06,0.05933333333333334,0.059000000000000004,0.0005634361698190084,0.04,0.042,0.04100000000000001,0.041,0.0006324555320336764,0.16275,0.1645,0.1635125,0.163,0.0007309026953021866,0.082,0.083,0.08225000000000002,0.082,0.0004330127018922197,0.055,0.0555,0.05522500000000001,0.055,0.0002487468592766552,0.21625,0.2185,0.2172875,0.21687499999999998,0.0009977318026403697,0.03175,0.03225,0.03203750000000001,0.032,0.00014306903927824508,0.20650000000000002,0.20875,0.20752500000000002,0.20750000000000002,0.0009581883948368271,0.099,0.101,0.09980000000000001,0.1,0.0006000000000000006,32,32,2560,10240,51200,False,1808,4
0.058,0.06,0.058666666666666666,0.059000000000000004,0.0006424160744396202,0.039,0.041,0.04000000000000001,0.04,0.0003162277660168382,0.16075,0.16425,0.16231250000000003,0.1625,0.001109264959331179,0.081,0.082,0.08160000000000002,0.082,0.000489897948556636,0.05425,0.0555,0.05475,0.05475,0.0003622844186547363,0.21375,0.218,0.21548749999999997,0.2155,0.0013794813336903127,0.03175,0.0325,0.031912499999999996,0.031875,0.00019803724397193592,0.20400000000000001,0.20800000000000002,0.20568750000000002,0.20575000000000002,0.0013390178303517854,0.098,0.1,0.09875000000000002,0.099,0.0007664854858377953,32,32,2560,10240,51200,False,1792,4
0.057,0.059000000000000004,0.0581904761904762,0.058,0.0005870870479018078,0.039,0.041,0.04010000000000001,0.04,0.0005385164807134509,0.1625,0.1645,0.1633,0.162875,0.0007689278249614856,0.08,0.082,0.08085,0.081,0.0004769696007084733,0.055,0.0555,0.05521250000000001,0.055,0.00024076700355322802,0.216,0.21825,0.216975,0.21625,0.001042532973099653,0.03125,0.03175,0.03146249999999999,0.0315,0.00016345871038277542,0.20600000000000002,0.20825,0.2071,0.20625000000000002,0.0009949874371066095,0.096,0.099,0.09790000000000001,0.098,0.0008888194417315596,32,32,2560,10240,51200,False,1776,4
0.058,0.06,0.058333333333333334,0.058,0.0005634361698190106,0.039,0.04,0.03935000000000001,0.039,0.0004769696007084732,0.14675,0.14725,0.1470125,0.147,0.0001243734296383276,0.081,0.082,0.08145000000000001,0.081,0.0004974937185533104,0.05525,0.0555,0.055400000000000005,0.0555,0.000122474487139159,0.20025,0.20075,0.20047500000000001,0.2005,0.00013462912017836275,0.031,0.0315,0.0312625,0.03125,9.601432184835769e-05,0.20775000000000002,0.20800000000000002,0.20791250000000003,0.20800000000000002,0.00011924240017711833,0.096,0.098,0.09680000000000001,0.097,0.000509901951359279,32,32,2560,10240,51200,False,1760,4
0.056,0.059000000000000004,0.057238095238095234,0.057,0.0007499055118106493,0.038,0.04,0.038950000000000005,0.039,0.0004974937185533104,0.14300000000000002,0.1455,0.1445875,0.14487499999999998,0.0008149961656351426,0.08,0.081,0.08070000000000001,0.081,0.0004582575694955844,0.054,0.055,0.0545875,0.05475,0.0002986950786337133,0.19525,0.19825,0.19723749999999998,0.198,0.001070849545921369,0.03075,0.03125,0.030925,0.031,0.00013919410907075068,0.20225,0.20600000000000002,0.20481250000000006,0.20575000000000002,0.0011775902300885492,0.095,0.097,0.09625000000000002,0.096,0.0006982120021884476,32,32,2560,10240,51200,False,1744,4
0.054,0.057,0.055999999999999994,0.056,0.0008164965809277268,0.037,0.039,0.03830000000000001,0.038,0.0005567764362830027,0.14,0.14575,0.142775,0.14275000000000002,0.0019524023663169353,0.079,0.08,0.07970000000000001,0.08,0.0004582575694955844,0.05275,0.055,0.0538,0.05375,0.0007185053931599963,0.191,0.19875,0.1948375,0.195125,0.002480265862765524,0.0305,0.031,0.030662500000000002,0.03075,0.00014306903927824508,0.19825,0.20600000000000002,0.2023375,0.20375000000000001,0.002610405859248713,0.094,0.097,0.0955,0.095,0.000741619848709567,32,32,2560,10240,51200,False,1728,4
0.054,0.058,0.05623809523809524,0.056,0.0009712418121129121,0.037,0.039,0.037750000000000006,0.038,0.0006224949798994372,0.145,0.14675,0.1458625,0.14575,0.0004364272562524027,0.079,0.08,0.07914999999999998,0.079,0.00035707142142714284,0.05475,0.05525,0.05496249999999999,0.055,0.0001980372439719359,0.1985,0.19975,0.19883750000000003,0.1985,0.00047614992386852317,0.03025,0.0305,0.030324999999999998,0.03025,0.00011456439237389609,0.20575000000000002,0.20700000000000002,0.2061,0.20575000000000002,0.0004962358310319807,0.093,0.095,0.09430000000000001,0.094,0.0006403124237432854,32,32,2560,10240,51200,False,1712,4
0.054,0.056,0.055619047619047624,0.056,0.000652919485752481,0.036000000000000004,0.038,0.03725000000000001,0.037,0.0005361902647381801,0.14200000000000002,0.1475,0.14615000000000003,0.146,0.0010994316713647968,0.078,0.079,0.07830000000000001,0.078,0.0004582575694955844,0.0535,0.0555,0.054925,0.055,0.00039607448794387183,0.1935,0.20075,0.19898750000000004,0.19875,0.0015216664384811818,0.03,0.03025,0.030037500000000005,0.03,8.926785535678568e-05,0.20600000000000002,0.20825,0.20676250000000002,0.20625000000000002,0.0008421512631350719,0.093,0.095,0.09390000000000001,0.094,0.000538516480713451,32,32,2560,10240,51200,False,1696,4
0.055,0.057,0.05604761904761905,0.056,0.00048562090605645613,0.036000000000000004,0.037,0.03680000000000001,0.037,0.00039999999999999763,0.1455,0.147,0.1460375,0.1455,0.0006435982830928006,0.077,0.079,0.07765,0.078,0.0005722761571129803,0.05475,0.0555,0.0550125,0.055,0.00026780356607035714,0.1985,0.2005,0.1992875,0.198625,0.0009228860980641119,0.029500000000000002,0.03,0.029775000000000006,0.029750000000000002,0.00010897247358851586,0.20600000000000002,0.20800000000000002,0.20687500000000006,0.20625000000000002,0.0009337424698491557,0.092,0.094,0.09265000000000001,0.093,0.0006538348415311016,32,32,2560,10240,51200,False,1680,4
0.054,0.055,0.05442857142857143,0.054,0.0004948716593053939,0.036000000000000004,0.038,0.03660000000000001,0.037,0.0005830951894845274,0.14325000000000002,0.1455,0.14396250000000005,0.14350000000000002,0.0007083210783253473,0.077,0.078,0.07730000000000001,0.077,0.0004582575694955844,0.054,0.05525,0.0543,0.054125,0.0003588175023601834,0.19575,0.1995,0.19675,0.196,0.001131923142267178,0.029500000000000002,0.029750000000000002,0.02955,0.029500000000000002,0.00010000000000000009,0.20350000000000001,0.20775000000000002,0.20463750000000003,0.20375000000000001,0.0011897347393431876,0.091,0.093,0.09190000000000001,0.092,0.0006244997998398404,32,32,2560,10240,51200,False,1664,4
0.052000000000000005,0.055,0.054380952380952384,0.055,0.0008984743935291994,0.036000000000000004,0.037,0.03630000000000001,0.036000000000000004,0.0004582575694955813,0.14075000000000001,0.1465,0.14503749999999999,0.145,0.001175996917512963,0.076,0.078,0.07625000000000001,0.076,0.0005361902647381809,0.053,0.05525,0.054700000000000006,0.05475,0.0004847679857416333,0.1975,0.19975,0.1983,0.19775,0.000820060973342837,0.029,0.02925,0.029187499999999998,0.02925,0.00010825317547305492,0.20550000000000002,0.20775000000000002,0.20622500000000002,0.20575000000000002,0.0009516433155337148,0.09,0.092,0.09100000000000001,0.091,0.0007071067811865482,32,32,2560,10240,51200,False,1648,4
0.053,0.055,0.053809523809523814,0.054,0.0004994327848429298,0.035,0.036000000000000004,0.03560000000000001,0.036000000000000004,0.0004898979485566361,0.14525,0.1455,0.14536249999999998,0.14525,0.0001243734296383276,0.075,0.076,0.0754,0.075,0.0004898979485566361,0.05475,0.055,0.054762500000000006,0.05475,5.448623679425846e-05,0.19825,0.19925,0.1984125,0.19837500000000002,0.00022741756748325336,0.02875,0.029,0.028850000000000008,0.02875,0.000122474487139159,0.20575000000000002,0.20750000000000002,0.20602499999999999,0.20600000000000002,0.00035266839949164744,0.089,0.091,0.09010000000000001,0.09,0.00043588989435406776,32,32,2560,10240,51200,False,1632,4
0.052000000000000005,0.053,0.052666666666666674,0.053,0.0004714045207910288,0.035,0.037,0.03600000000000001,0.036000000000000004,0.0004472135954999568,0.14200000000000002,0.14350000000000002,0.142625,0.14225000000000002,0.0006250000000000006,0.074,0.076,0.07499999999999998,0.075,0.0003162277660168382,0.0535,0.054,0.05378750000000001,0.05375,0.00021323402636539996,0.19375,0.19575,0.19473749999999998,0.19475,0.0008713315958921732,0.0285,0.02875,0.028612499999999996,0.0285,0.00012437342963832762,0.2015,0.20350000000000001,0.20260000000000003,0.202625,0.0009027735042633901,0.088,0.09,0.08945,0.09,0.0006689544080129831,32,32,2560,10240,51200,False,1616,4
0.051000000000000004,0.053,0.05180952380952381,0.052000000000000005,0.0005870870479018065,0.034,0.036000000000000004,0.03475000000000001,0.035,0.0006224949798994372,0.14525,0.1495,0.14676250000000002,0.14575,0.0014672998159885402,0.07200000000000001,0.073,0.07245000000000001,0.07200000000000001,0.0004974937185533034,0.0525,0.054,0.05311250000000001,0.05275,0.0004774607313696074,0.17225000000000001,0.17725,0.17397500000000005,0.17275000000000001,0.001731870376211796,0.02825,0.02875,0.028500000000000004,0.0285,0.00011180339887498958,0.19625,0.20175,0.1981125,0.197125,0.001999179519202817,0.088,0.089,0.08839999999999999,0.088,0.0004898979485566361,32,32,2560,10240,51200,False,1600,4
0.051000000000000004,0.053,0.051857142857142866,0.052000000000000005,0.0005593971487843196,0.034,0.036000000000000004,0.03450000000000001,0.034,0.0005916079783099622,0.1455,0.1505,0.1491625,0.14925,0.00130449942506695,0.07100000000000001,0.07200000000000001,0.0718,0.07200000000000001,0.0004000000000000003,0.05275,0.0545,0.0539875,0.054,0.00045740436158830006,0.17275000000000001,0.179,0.17714999999999997,0.17725,0.001412887115094473,0.028,0.02825,0.0281625,0.02825,0.00011924240017711828,0.19625,0.20350000000000001,0.2018625,0.20175,0.0015092941230919852,0.08600000000000001,0.088,0.08745000000000001,0.088,0.0006689544080129768,32,32,2560,10240,51200,False,1584,4
0.05,0.052000000000000005,0.05133333333333335,0.051000000000000004,0.0005634361698190116,0.033,0.035,0.033900000000000007,0.034,0.0004358898943540677,0.14775,0.151,0.14936249999999998,0.1495,0.0012001952966080157,0.07100000000000001,0.07200000000000001,0.07125000000000001,0.07100000000000001,0.00043301270189221973,0.0535,0.05475,0.0540875,0.054,0.0003895109112720724,0.176,0.17925,0.17778750000000004,0.1775,0.0012680570767911051,0.02775,0.028,0.02777500000000001,0.02775,7.500000000000006e-05,0.2,0.20375000000000001,0.2019875,0.20175,0.0015820773527233125,0.08600000000000001,0.088,0.08685000000000001,0.08700000000000001,0.0005722761571129776,32,32,2560,10240,51200,False,1568,4
0.05,0.051000000000000004,0.05052380952380953,0.051000000000000004,0.0004994327848429298,0.033,0.035,0.03380000000000001,0.034,0.000509901951359279,0.14675,0.1495,0.14816250000000003,0.148,0.001245680035161519,0.07,0.07100000000000001,0.07010000000000002,0.07,0.00030000000000000024,0.05325,0.05425,0.053712499999999996,0.053625,0.0004695409992748242,0.17450000000000002,0.1775,0.1760125,0.176,0.0013168973953956954,0.02725,0.02775,0.027475,0.0275,0.00013462912017836272,0.1985,0.20175,0.20028750000000003,0.20125,0.0015335314636485305,0.085,0.088,0.08595000000000001,0.08600000000000001,0.000804673846971553,32,32,2560,10240,51200,False,1552,4
0.049,0.051000000000000004,0.049714285714285725,0.05,0.0006281383789653777,0.032,0.034,0.03300000000000001,0.033,0.00044721359549995833,0.1265,0.129,0.12785,0.127625,0.001079351657246146,0.07100000000000001,0.07200000000000001,0.07115,0.07100000000000001,0.00035707142142714284,0.0525,0.05425,0.0534,0.05325,0.0005989574275355476,0.168,0.17200000000000001,0.1700375,0.169875,0.0014774873095901718,0.0275,0.028,0.027600000000000006,0.0275,0.00014577379737113266,0.19675,0.202,0.1996375,0.200125,0.0023893971520029924,0.084,0.08700000000000001,0.0851,0.085,0.0007681145747868615,32,32,2560,10240,51200,False,1536,4
0.048,0.051000000000000004,0.049952380952380956,0.05,0.000652919485752481,0.032,0.034,0.03280000000000001,0.033,0.0006000000000000005,0.128,0.13025,0.12891250000000004,0.1285,0.0008883798455615714,0.07100000000000001,0.07200000000000001,0.0711,0.07100000000000001,0.00030000000000000024,0.0535,0.05475,0.053912499999999995,0.05375,0.0004695409992748241,0.17,0.17325000000000002,0.171425,0.17062500000000003,0.0012992786460186295,0.02725,0.0275,0.0272875,0.02725,8.926785535678571e-05,0.2,0.20400000000000001,0.20136250000000003,0.2,0.0018070608041789865,0.083,0.08600000000000001,0.08405000000000001,0.084,0.000668954408012983,32,32,2560,10240,51200,False,1520,4
0.048,0.05,0.049142857142857155,0.049,0.000559397148784321,0.031,0.033,0.031950000000000006,0.032,0.0004974937185533105,0.1275,0.13,0.12846249999999998,0.12775,0.0011103912598719435,0.069,0.07100000000000001,0.06985,0.07,0.0005722761571129803,0.05325,0.0545,0.053762500000000005,0.0535,0.00045740436158830006,0.16975,0.17300000000000001,0.17112500000000003,0.17,0.0014758472143145452,0.02675,0.02725,0.026962500000000007,0.027,0.00011924240017711833,0.2,0.20375000000000001,0.20168750000000002,0.2,0.0018656014445749144,0.082,0.084,0.08315000000000003,0.083,0.000726291952316698,32,32,2560,10240,51200,False,1504,4
0.046,0.05,0.04904761904761906,0.049,0.0009988655696858595,0.031,0.032,0.03150000000000001,0.0315,0.0005000000000000004,0.12625,0.1305,0.12945,0.1295,0.0008124038404635968,0.069,0.07,0.0695,0.0695,0.0005000000000000004,0.052000000000000005,0.0545,0.05398750000000001,0.054,0.0004903761311483248,0.1715,0.1785,0.17695,0.177,0.0013683932183403964,0.02625,0.02675,0.026350000000000002,0.02625,0.00014577379737113266,0.196,0.20350000000000001,0.20168750000000002,0.2015,0.001526587288693314,0.081,0.083,0.08215,0.082,0.0005722761571129804,32,32,2560,10240,51200,False,1488,4
0.046,0.049,0.04776190476190477,0.048,0.0006834619092574922,0.03,0.032,0.031100000000000006,0.031,0.00043588989435406776,0.124,0.1275,0.1268125,0.127125,0.0007700446415630726,0.068,0.069,0.06860000000000001,0.069,0.0004898979485566361,0.052000000000000005,0.05325,0.05305000000000001,0.05325,0.000312249899919919,0.17,0.17475000000000002,0.1738125,0.17450000000000002,0.001069097165836671,0.026000000000000002,0.02625,0.0261,0.026000000000000002,0.00012247448713915732,0.19425,0.19975,0.19855,0.1995,0.0013052777482206624,0.08,0.082,0.08180000000000001,0.082,0.000509901951359279,32,32,2560,10240,51200,False,1472,4
0.048,0.05,0.048714285714285724,0.049,0.0006281383789653777,0.03,0.032,0.031150000000000004,0.031,0.0004769696007084732,0.13,0.13275,0.13109999999999997,0.13125,0.00100124921972504,0.067,0.068,0.06775,0.068,0.00043301270189221973,0.049,0.05075,0.049725000000000005,0.04975,0.0005471517157059827,0.17925,0.183,0.1808875,0.181,0.001331059258635769,0.025750000000000002,0.026000000000000002,0.0257875,0.025750000000000002,8.926785535678571e-05,0.182,0.18575,0.1838125,0.184,0.0013059359670366702,0.08,0.083,0.08120000000000001,0.081,0.0008124038404635969,32,32,2560,10240,51200,False,1456,4
0.047,0.049,0.04838095238095239,0.048,0.000575383141599742,0.029,0.031,0.030150000000000003,0.03,0.00047696960070847287,0.13075,0.13225,0.13135000000000002,0.131125,0.0005086747487343955,0.066,0.067,0.0667,0.067,0.0004582575694955844,0.049,0.05,0.04943750000000001,0.04925,0.00033424354892802377,0.17400000000000002,0.176,0.17475000000000002,0.17450000000000002,0.0006892024376045042,0.025750000000000002,0.026000000000000002,0.0258,0.025750000000000002,0.00010000000000000009,0.18325,0.1855,0.18407500000000002,0.18375,0.0007119515432949077,0.08,0.081,0.08030000000000001,0.08,0.0004582575694955844,32,32,2560,10240,51200,False,1440,4
0.046,0.048,0.047333333333333345,0.047,0.0005634361698190116,0.029,0.03,0.029150000000000002,0.029,0.0003570714214271416,0.12925,0.132,0.1303875,0.1295,0.0011685327338162171,0.065,0.067,0.06605000000000001,0.066,0.0004974937185533105,0.04825,0.05025,0.04918750000000001,0.048875,0.0006416531383855305,0.17200000000000001,0.17550000000000002,0.17347500000000002,0.17225000000000001,0.0015829166118276744,0.02525,0.025750000000000002,0.025512500000000004,0.025500000000000002,9.601432184835769e-05,0.18125,0.18475,0.1826375,0.1815,0.00155216582554829,0.079,0.08,0.0795,0.0795,0.0005000000000000004,32,32,2560,10240,51200,False,1424,4
0.047,0.049,0.04761904761904763,0.047,0.000722178613719196,0.028,0.03,0.028850000000000004,0.029,0.00047696960070847287,0.12825,0.13325,0.1300625,0.1295,0.002097431464911311,0.065,0.066,0.06515,0.065,0.0003570714214271428,0.0485,0.05075,0.049462500000000006,0.04925,0.0007300470875224426,0.16025,0.167,0.1629375,0.162,0.0027781232424066455,0.025,0.02525,0.025087500000000002,0.025,0.0001192424001771183,0.16275,0.16875,0.165225,0.1645,0.0022595630108496662,0.078,0.079,0.0782,0.078,0.0004000000000000003,32,32,2560,10240,51200,False,1408,4
0.046,0.048,0.04695238095238096,0.047,0.0004856209060564561,0.028,0.029,0.0284,0.028,0.0004898979485566361,0.1305,0.132,0.1309625,0.13075,0.00046283771453934085,0.064,0.065,0.0644,0.064,0.0004898979485566361,0.04875,0.05,0.049350000000000005,0.04925,0.00033911649915626367,0.1635,0.16525,0.16396249999999998,0.16375,0.0006288630614052639,0.0245,0.025,0.024775,0.02475,0.00010897247358851694,0.165,0.16725,0.1658,0.16575,0.0005894913061275802,0.076,0.078,0.0773,0.077,0.0005567764362830027,32,32,2560,10240,51200,False,1392,4
0.045,0.047,0.04638095238095239,0.046,0.000575383141599742,0.027,0.029,0.028000000000000004,0.028,0.0003162277660168382,0.13,0.133,0.13091250000000004,0.13025,0.0010990763167314642,0.063,0.065,0.06400000000000002,0.064,0.0003162277660168382,0.04925,0.05025,0.04943750000000001,0.04925,0.0003149900792088541,0.163,0.1665,0.1640625,0.16325,0.001424945174383914,0.02425,0.02475,0.024475000000000004,0.0245,0.00013462912017836275,0.1645,0.168,0.16578750000000003,0.165,0.0012330728891675473,0.075,0.077,0.07635,0.076,0.0005722761571129803,32,32,2560,10240,51200,False,1376,4
0.044,0.046,0.04476190476190477,0.045,0.0008109231602822103,0.027,0.028,0.027250000000000003,0.027,0.00043301270189221973,0.12575,0.13025,0.12758750000000002,0.126,0.002020635729170403,0.062,0.064,0.06309999999999999,0.063,0.00043588989435406776,0.047,0.04975,0.048150000000000005,0.0475,0.0011107429945761541,0.1575,0.16425,0.16004999999999997,0.15775,0.002711779858321839,0.024,0.0245,0.024237500000000002,0.02425,0.0001243734296383276,0.16,0.165,0.1621625,0.1605,0.0021039768891316295,0.075,0.076,0.07535,0.075,0.0004769696007084732,32,32,2560,10240,51200,False,1360,4
0.044,0.046,0.044857142857142866,0.045,0.0007737179432986635,0.026000000000000002,0.028,0.026800000000000008,0.027,0.0005099019513592776,0.10575,0.10975,0.10740000000000001,0.106875,0.0017073371078963888,0.063,0.064,0.0633,0.063,0.0004582575694955844,0.048,0.051000000000000004,0.0493375,0.04875,0.0010285760788585363,0.15675,0.163,0.1594625,0.158375,0.002625922456966316,0.02375,0.024,0.0238875,0.024,0.0001243734296383276,0.158,0.1645,0.16096249999999998,0.16012500000000002,0.0025547443609880054,0.074,0.076,0.07445000000000002,0.074,0.0005894913061275802,32,32,2560,10240,51200,False,1344,4
0.043000000000000003,0.046,0.04514285714285715,0.045,0.0007737179432986626,0.026000000000000002,0.028,0.027050000000000008,0.027,0.0003840572873934303,0.107,0.11175,0.11081250000000001,0.11125,0.0012793430931536713,0.062,0.064,0.06294999999999999,0.063,0.0004974937185533105,0.04775,0.05025,0.04976250000000001,0.05,0.0006958582829858396,0.158,0.166,0.164375,0.165,0.0021396553460779635,0.0235,0.02375,0.023562500000000004,0.0235,0.00010825317547305492,0.16,0.167,0.16586249999999997,0.16625,0.0014989058509459505,0.073,0.075,0.0737,0.074,0.0005567764362830027,32,32,2560,10240,51200,False,1328,4
0.044,0.046,0.04490476190476191,0.045,0.0004259177099999604,0.026000000000000002,0.027,0.026450000000000008,0.026000000000000002,0.0004974937185533088,0.11,0.112,0.1107375,0.111,0.000668370219264743,0.062,0.064,0.06239999999999999,0.062,0.0005830951894845307,0.0495,0.0505,0.049987500000000004,0.05,0.0002792288487961087,0.16325,0.1665,0.16440000000000002,0.16475,0.0011022703842524311,0.02325,0.0235,0.0233,0.02325,0.00010000000000000009,0.1645,0.1675,0.1658,0.165875,0.0009539392014169465,0.07200000000000001,0.074,0.07285,0.073,0.0004769696007084683,32,32,2560,10240,51200,False,1312,4
0.042,0.045,0.04347619047619048,0.044,0.0008518354199999177,0.025,0.027,0.026100000000000005,0.026000000000000002,0.00043588989435406673,0.10675,0.11175,0.10907499999999999,0.10875,0.0019057478846898942,0.061,0.062,0.06130000000000001,0.061,0.0004582575694955844,0.04775,0.0505,0.049037500000000005,0.048875,0.0008034106982110714,0.15825,0.16625,0.162125,0.1615,0.002982762980861875,0.02275,0.02325,0.023000000000000003,0.023,0.00013693063937629166,0.16,0.1675,0.1638125,0.163,0.0027509941384888507,0.07100000000000001,0.073,0.07210000000000003,0.07200000000000001,0.0005385164807134462,32,32,2560,10240,51200,False,1296,4
0.042,0.044,0.043142857142857156,0.043000000000000003,0.0005593971487843185,0.025,0.026000000000000002,0.025400000000000006,0.025,0.000489897948556636,0.1065,0.1105,0.10746249999999999,0.10675,0.0014626068337048079,0.06,0.061,0.06054999999999999,0.061,0.0004974937185533104,0.04775,0.05,0.04842500000000001,0.048125,0.000783022988168292,0.14175000000000001,0.14725,0.14330000000000004,0.14200000000000002,0.0022549944567559262,0.02275,0.023,0.0228375,0.02275,0.00011924240017711828,0.15725,0.163,0.1588375,0.1575,0.002329531873574605,0.07,0.07200000000000001,0.07104999999999999,0.07100000000000001,0.0003840572873934307,32,32,2560,10240,51200,False,1280,4
0.042,0.043000000000000003,0.04266666666666668,0.043000000000000003,0.0004714045207910321,0.025,0.026000000000000002,0.025350000000000004,0.025,0.00047696960070847314,0.10825,0.1115,0.109175,0.109125,0.0008771402396424425,0.059000000000000004,0.061,0.06000000000000001,0.06,0.0003162277660168371,0.04875,0.05,0.049212500000000006,0.04925,0.0003189337705543271,0.14425,0.149,0.14552500000000002,0.14575,0.0012818443743294282,0.02225,0.02275,0.022525,0.0225,0.00010897247358851695,0.15975,0.16425,0.1610375,0.161,0.001392558347072037,0.069,0.07100000000000001,0.07005,0.07,0.00038405728739343076,32,32,2560,10240,51200,False,1264,4
0.04,0.043000000000000003,0.04200000000000001,0.042,0.0006172133998483682,0.024,0.025,0.024700000000000007,0.025,0.00045825756949558437,0.10675,0.11025,0.10846250000000002,0.109,0.0012048729186100926,0.058,0.06,0.05919999999999999,0.059000000000000004,0.0005099019513592762,0.0475,0.04925,0.04850000000000001,0.04875,0.0005244044240850762,0.14250000000000002,0.147,0.14466249999999997,0.14525,0.0016071617062386613,0.022,0.02225,0.022224999999999998,0.02225,7.500000000000006e-05,0.1585,0.1635,0.16086249999999996,0.1615,0.0017347099901712693,0.069,0.07,0.06925,0.069,0.0004330127018922198,32,32,2560,10240,51200,False,1248,4
0.039,0.041,0.040238095238095246,0.04,0.0006098213559459861,0.024,0.025,0.024700000000000007,0.025,0.0004582575694955844,0.105,0.108,0.105975,0.105,0.0013059957886608986,0.057,0.059000000000000004,0.05845,0.0585,0.0005894913061275804,0.04575,0.0485,0.04675,0.046,0.001131923142267178,0.13925,0.14375000000000002,0.140975,0.1395,0.0020795131641805032,0.021750000000000002,0.022,0.0219,0.022,0.00012247448713915732,0.15425,0.1595,0.1565125,0.15475,0.0023203919388758466,0.068,0.069,0.0684,0.068,0.0004898979485566361,32,32,2560,10240,51200,False,1232,4
0.039,0.041,0.04028571428571429,0.04,0.0005471012044321936,0.024,0.025,0.024100000000000003,0.024,0.00030000000000000024,0.10475,0.106,0.10522500000000001,0.105,0.0004534589286804268,0.056,0.058,0.0573,0.057,0.0005567764362830027,0.0465,0.04775,0.0469875,0.047,0.00033048260166005744,0.1395,0.14125000000000001,0.1403125,0.14,0.0006268721959059923,0.021500000000000002,0.022,0.021625000000000002,0.021500000000000002,0.0001479019945774901,0.15475,0.1565,0.1554625,0.155125,0.0006904482239820745,0.067,0.068,0.0673,0.067,0.0004582575694955844,32,32,2560,10240,51200,False,1216,4
0.038,0.041,0.039904761904761915,0.04,0.0006834619092574922,0.023,0.025,0.024100000000000003,0.024,0.00043588989435406776,0.10200000000000001,0.10875,0.10705,0.10725,0.0012057155551787476,0.056,0.058,0.0568,0.057,0.0006000000000000006,0.0445,0.048,0.047200000000000006,0.04725,0.0006547900426854403,0.13975,0.145,0.142925,0.14300000000000002,0.0008518362518700384,0.02125,0.021500000000000002,0.0212875,0.02125,8.92678553567857e-05,0.1585,0.161,0.15887500000000002,0.15875,0.0005092887196865845,0.066,0.068,0.06689999999999999,0.067,0.00043588989435406776,32,32,2560,10240,51200,False,1200,4
0.039,0.041,0.03961904761904763,0.04,0.000575383141599742,0.023,0.024,0.023550000000000005,0.024,0.0004974937185533105,0.10475,0.10925,0.1064875,0.1055,0.0017202379922557243,0.055,0.057,0.056100000000000004,0.056,0.00043588989435406776,0.046,0.04825,0.046700000000000005,0.04625,0.0008645808232895299,0.14025,0.1455,0.14206250000000004,0.14025,0.0024210986658952886,0.02075,0.02125,0.021000000000000005,0.021,7.905694150420955e-05,0.15575,0.1615,0.1582,0.157,0.002288012237729512,0.065,0.067,0.06575,0.066,0.0005361902647381809,32,32,2560,10240,51200,False,1184,4
0.036000000000000004,0.04,0.03885714285714287,0.039,0.000989743318610786,0.022,0.024,0.023700000000000006,0.024,0.0005567764362830027,0.101,0.10825,0.10715000000000001,0.107125,0.0014966629547095752,0.055,0.057,0.05585000000000001,0.056,0.0004769696007084732,0.043500000000000004,0.048,0.04690000000000001,0.047,0.0008565920849505902,0.13475,0.14625,0.1429875,0.143125,0.002075865783233588,0.0205,0.021,0.020700000000000003,0.02075,0.00012747548783981975,0.1535,0.16175,0.1584625,0.158375,0.001462606833704808,0.064,0.066,0.06484999999999999,0.065,0.00047696960070847325,32,32,2560,10240,51200,False,1168,4
0.037,0.04,0.039095238095238107,0.039,0.0009209085526577967,0.023,0.025,0.023450000000000006,0.023,0.0005894913061275802,0.10525,0.11275,0.11116250000000001,0.1115,0.0019043945888391949,0.051000000000000004,0.053,0.05200000000000001,0.052000000000000005,0.0003162277660168371,0.03675,0.0395,0.03875,0.039,0.0006708203932499375,0.13825,0.14625,0.1448375,0.145125,0.00226560560336524,0.02025,0.02075,0.020387500000000003,0.020375,0.00014737282653189506,0.137,0.14400000000000002,0.14268750000000002,0.143125,0.0019053788993268525,0.063,0.065,0.06375,0.064,0.0006224949798994371,32,32,2560,10240,51200,False,1152,4
0.037,0.04,0.03861904761904763,0.039,0.0008438116736509222,0.022,0.024,0.022850000000000002,0.023,0.0004769696007084733,0.10525,0.11275,0.1099625,0.1105,0.0024008787453763695,0.051000000000000004,0.052000000000000005,0.05135000000000001,0.051000000000000004,0.0004769696007084732,0.037,0.03975,0.0383625,0.0385,0.000867737719590431,0.13875,0.14675,0.143225,0.14350000000000002,0.0027691379525043463,0.02,0.02025,0.020050000000000002,0.02,0.00010000000000000007,0.13725,0.14425,0.14121250000000002,0.14137500000000003,0.002442175003966746,0.063,0.064,0.06319999999999999,0.063,0.00040000000000000034,32,32,2560,10240,51200,False,1136,4
0.037,0.039,0.038333333333333344,0.039,0.000776643163347624,0.022,0.024,0.023050000000000005,0.023,0.0003840572873934307,0.107,0.11225,0.110025,0.11025,0.0016391689967785522,0.05,0.051000000000000004,0.05065000000000001,0.051000000000000004,0.0004769696007084733,0.0365,0.0385,0.0378625,0.038,0.0005726855594477659,0.124,0.13025,0.12782500000000002,0.12775,0.0019828956099603445,0.01975,0.02025,0.019987500000000002,0.02,9.601432184835769e-05,0.1385,0.14575,0.14316250000000003,0.14300000000000002,0.0021969794605321107,0.061,0.063,0.06215,0.062,0.0006538348415311016,32,32,2560,10240,51200,False,1120,4
0.036000000000000004,0.037,0.036857142857142866,0.037,0.0003499271061118804,0.022,0.023,0.022200000000000004,0.022,0.0004000000000000003,0.10575,0.10625,0.1059625,0.106,0.00011924240017711831,0.049,0.05,0.04930000000000001,0.049,0.0004582575694955844,0.0365,0.03725,0.036862500000000006,0.03675,0.00020116846174288868,0.124,0.12425,0.12405000000000002,0.124,0.00010000000000000009,0.0195,0.01975,0.019637500000000002,0.01975,0.0001243734296383276,0.138,0.139,0.13835,0.13825,0.00027838821814150135,0.061,0.063,0.0612,0.061,0.000509901951359279,32,32,2560,10240,51200,False,1104,4
0.033,0.038,0.0361904761904762,0.036000000000000004,0.0010519391444940233,0.021,0.023,0.02185,0.022,0.00047696960070847205,0.10175000000000001,0.10675,0.10518749999999999,0.10425,0.001503901176939493,0.048,0.049,0.04870000000000001,0.049,0.0004582575694955844,0.036000000000000004,0.0375,0.036725,0.03675,0.00043229041164476433,0.12175,0.125,0.1232375,0.122,0.0015958442123214925,0.01925,0.01975,0.019362499999999998,0.01925,0.00014737282653189506,0.13575,0.1395,0.13767500000000002,0.13775,0.0016790994610206998,0.059000000000000004,0.061,0.059899999999999995,0.06,0.0004358898943540656,32,32,2560,10240,51200,False,1088,4
0.035,0.038,0.03633333333333334,0.036000000000000004,0.000712696645099796,0.021,0.023,0.021500000000000002,0.021,0.0006708203932499361,0.10425,0.109,0.1058875,0.106,0.0014019517645054709,0.048,0.05,0.04850000000000001,0.048,0.0005916079783099621,0.035500000000000004,0.03775,0.036324999999999996,0.03625,0.000637867541108652,0.12525,0.1305,0.12694999999999998,0.12687500000000002,0.00159804568144969,0.019,0.01925,0.0192125,0.01925,8.926785535678571e-05,0.13725,0.14275000000000002,0.13882500000000003,0.1385,0.0016809595474014253,0.058,0.06,0.059,0.059000000000000004,0.0005477225575051647,32,32,2560,10240,51200,False,1072,4
0.034,0.036000000000000004,0.03542857142857144,0.036000000000000004,0.0006598288790738587,0.021,0.023,0.0216,0.0215,0.000663324958071079,0.1045,0.10875,0.1056875,0.10575,0.0011260411848595957,0.047,0.048,0.047450000000000006,0.047,0.0004974937185533104,0.03475,0.03625,0.0351375,0.035,0.00038303883615111334,0.1255,0.13025,0.126675,0.12675,0.001294459346599963,0.01875,0.019,0.018875,0.018875,0.0001250000000000001,0.1375,0.14250000000000002,0.13903749999999998,0.13887500000000003,0.001302101666537603,0.057,0.059000000000000004,0.05820000000000001,0.058,0.0006782329983125276,32,32,2560,10240,51200,False,1056,4
0.033,0.036000000000000004,0.03504761904761906,0.035,0.0007853534524986026,0.02,0.022,0.02035,0.02,0.0006538348415311007,0.10125,0.10875,0.10476250000000001,0.10400000000000001,0.002565973255901156,0.046,0.048,0.046950000000000006,0.047,0.0004974937185533104,0.03325,0.03625,0.0347125,0.0345,0.0009882908225820979,0.12175,0.13075,0.12607500000000002,0.125,0.0032220917119163473,0.0185,0.01875,0.01855,0.0185,0.00010000000000000007,0.134,0.14300000000000002,0.13813750000000005,0.137,0.003138943890865209,0.055,0.058,0.05675,0.057,0.0006224949798994372,32,32,2560,10240,51200,False,1040,4
0.033,0.035,0.03423809523809525,0.034,0.0006098213559459862,0.019,0.021,0.020000000000000004,0.02,0.00044721359549995833,0.10375000000000001,0.1075,0.1045625,0.10400000000000001,0.0013413496002161365,0.046,0.047,0.04640000000000001,0.046,0.0004898979485566361,0.02775,0.029,0.02815,0.028,0.0003391164991562637,0.12425,0.12875,0.12532500000000002,0.1245,0.0016828175777546433,0.01825,0.0185,0.0183125,0.01825,0.00010825317547305495,0.11800000000000001,0.122,0.119775,0.11950000000000001,0.0010865656906050322,0.055,0.056,0.055950000000000014,0.056,0.00021794494717703385,32,32,2560,10240,51200,False,1024,4
0.033,0.035,0.03438095238095239,0.035,0.000722178613719196,0.019,0.02,0.019850000000000003,0.02,0.00035707142142714284,0.10275000000000001,0.10675,0.1049125,0.1065,0.0018084437370291563,0.044,0.047,0.04540000000000001,0.045,0.0006633249580710806,0.02775,0.02875,0.028375000000000004,0.02875,0.00046435439052516813,0.12375,0.12925,0.12627499999999997,0.12775,0.0020370014727535196,0.018000000000000002,0.0185,0.018175,0.01825,0.00013919410907074913,0.11750000000000001,0.1225,0.120075,0.121,0.0014981238266578583,0.054,0.056,0.05515,0.055,0.000726291952316698,32,32,2560,10240,51200,False,1016,4
0.033,0.035,0.03447619047619049,0.035,0.0005870870479018079,0.017,0.018000000000000002,0.017750000000000005,0.018000000000000002,0.00043301270189221973,0.10425,0.10825,0.105975,0.10625,0.0012963892162464183,0.045,0.046,0.04560000000000001,0.046,0.0004898979485566361,0.02825,0.02925,0.028675,0.02875,0.0003269174207655508,0.12525,0.13,0.1272125,0.1275,0.0014690026378465098,0.017750000000000002,0.018000000000000002,0.017975000000000005,0.018000000000000002,7.500000000000006e-05,0.11900000000000001,0.12325,0.12102500000000001,0.121,0.0013202745926510857,0.054,0.055,0.054349999999999996,0.054,0.0004769696007084733,32,32,2560,10240,51200,False,1008,4
0.031,0.035,0.03376190476190477,0.034,0.0009712418121129121,0.016,0.018000000000000002,0.017150000000000006,0.017,0.00047696960070847325,0.09975,0.10625,0.10437500000000002,0.10425,0.0017757040857079736,0.044,0.046,0.045000000000000005,0.045,0.0005477225575051667,0.027,0.0285,0.0281375,0.02825,0.0004292071178347353,0.12025,0.1275,0.12552500000000003,0.1255,0.0019411658867804179,0.017750000000000002,0.018000000000000002,0.017812500000000002,0.017750000000000002,0.00010825317547305495,0.11525,0.121,0.1194625,0.11937500000000001,0.0013164227094668304,0.054,0.055,0.0541,0.054,0.00030000000000000024,32,32,2560,10240,51200,False,1000,4
0.031,0.034,0.03295238095238096,0.033,0.0007853534524986029,0.016,0.017,0.016950000000000003,0.017,0.00021794494717703385,0.09725,0.105,0.1032875,0.10325000000000001,0.0020528562419224565,0.044,0.045,0.04435000000000001,0.044,0.0004769696007084732,0.025750000000000002,0.02825,0.0277375,0.02775,0.0006636781976229137,0.11850000000000001,0.12625,0.12409999999999999,0.124,0.0020576078343552237,0.0175,0.017750000000000002,0.01765,0.017750000000000002,0.00012247448713915903,0.11275,0.11925000000000001,0.11757500000000001,0.11725000000000001,0.00140779082253011,0.053,0.055,0.0536,0.054,0.0005830951894845307,32,32,2560,10240,51200,False,992,4
0.032,0.034,0.0330952380952381,0.033,0.0006098213559459861,0.017,0.018000000000000002,0.017050000000000003,0.017,0.0002179449471770339,0.10275000000000001,0.1045,0.10364999999999999,0.103625,0.0008077747210701694,0.044,0.045,0.04415000000000001,0.044,0.0003570714214271428,0.02775,0.02825,0.028000000000000004,0.028,0.0002500000000000002,0.12325,0.12575,0.12450000000000001,0.124625,0.0011096170510586083,0.0175,0.017750000000000002,0.017512500000000004,0.0175,5.448623679425846e-05,0.11725000000000001,0.11975000000000001,0.11861249999999998,0.11912500000000001,0.0010169654615570785,0.052000000000000005,0.054,0.052750000000000005,0.053,0.0006224949798994342,32,32,2560,10240,51200,False,984,4
0.031,0.034,0.03357142857142858,0.034,0.0009547589359887353,0.016,0.017,0.016900000000000005,0.017,0.0003000000000000003,0.099,0.1065,0.10511250000000001,0.1055,0.001989778568082386,0.043000000000000003,0.044,0.0437,0.044,0.0004582575694955812,0.0265,0.02875,0.0283125,0.0285,0.0006318375978050061,0.121,0.1275,0.1262875,0.1265,0.0018256420103623836,0.01725,0.0175,0.017375,0.017375,0.0001250000000000001,0.1165,0.12125,0.12056249999999999,0.12075,0.000987025202312482,0.051000000000000004,0.053,0.052100000000000014,0.052000000000000005,0.0004358898943540656,32,32,2560,10240,51200,False,976,4
0.031,0.034,0.032619047619047624,0.033,0.000652919485752481,0.016,0.017,0.016700000000000003,0.017,0.0004582575694955844,0.10250000000000001,0.10625,0.1045625,0.105875,0.0017462012341079081,0.043000000000000003,0.044,0.04345,0.043000000000000003,0.0004974937185533069,0.03325,0.035,0.03418750000000001,0.03475,0.0006794988962463448,0.123,0.1295,0.12575,0.12737500000000002,0.0022135943621178675,0.017,0.01725,0.017225,0.01725,7.500000000000006e-05,0.11750000000000001,0.123,0.11997499999999998,0.120875,0.001739073028943863,0.051000000000000004,0.053,0.051900000000000016,0.052000000000000005,0.0004358898943540669,32,32,2560,10240,51200,False,968,4
0.031,0.033,0.032809523809523816,0.033,0.0004994327848429298,0.016,0.017,0.016800000000000002,0.017,0.0004000000000000004,0.08525,0.08650000000000001,0.08588749999999999,0.085875,0.0003304826016600574,0.044,0.046,0.04485000000000001,0.045,0.0004769696007084733,0.03475,0.035500000000000004,0.035125,0.035,0.00018540496217739176,0.10625,0.10775,0.10705,0.107,0.00045825756949558437,0.017,0.0175,0.017300000000000003,0.01725,0.00012747548783981972,0.11875000000000001,0.1205,0.11967500000000002,0.11950000000000001,0.00046165463281547947,0.05,0.052000000000000005,0.05075,0.051000000000000004,0.0006224949798994372,32,32,2560,10240,51200,False,960,4
0.03,0.033,0.0320952380952381,0.032,0.0009209085526577968,0.015,0.017,0.016200000000000003,0.016,0.000509901951359279,0.081,0.08750000000000001,0.08522499999999998,0.08525,0.0019459894655418889,0.044,0.046,0.04465000000000001,0.045,0.0005722761571129803,0.0315,0.035750000000000004,0.034537499999999985,0.03475,0.0013211618939403312,0.10175000000000001,0.10925,0.10674999999999998,0.1065,0.002090155496607847,0.017,0.01725,0.017075,0.017,0.0001145643923738961,0.114,0.122,0.1191125,0.11875000000000001,0.002152723565625644,0.049,0.051000000000000004,0.05000000000000001,0.05,0.0005477225575051667,32,32,2560,10240,51200,False,952,4
0.031,0.033,0.03252380952380953,0.033,0.0005870870479018079,0.016,0.017,0.016350000000000003,0.016,0.00047696960070847325,0.08575,0.08750000000000001,0.08641249999999999,0.08575,0.0007916557016784512,0.044,0.045,0.044250000000000005,0.044,0.0004330127018922198,0.035,0.036000000000000004,0.035324999999999995,0.035125,0.000363145976158349,0.107,0.10925,0.10792500000000001,0.107,0.001025000000000001,0.017,0.01725,0.017012500000000003,0.017,5.448623679425846e-05,0.12025,0.123,0.1215125,0.12075,0.0011053138694506652,0.048,0.05,0.04945000000000001,0.05,0.0006689544080129831,32,32,2560,10240,51200,False,944,4
0.029,0.032,0.03128571428571429,0.031,0.0006998542122237653,0.015,0.016,0.015550000000000003,0.016,0.0004974937185533105,0.083,0.08525,0.0839875,0.0845,0.0007478093005573018,0.043000000000000003,0.044,0.0432,0.043000000000000003,0.0003999999999999976,0.0325,0.035250000000000004,0.033350000000000005,0.0335,0.0006955213871621785,0.10375000000000001,0.10825,0.10506249999999999,0.1055,0.0010720162078998576,0.01675,0.017,0.0167875,0.01675,8.92678553567857e-05,0.1155,0.1205,0.1172,0.11750000000000001,0.0011141139977578584,0.048,0.05,0.04880000000000001,0.049,0.000509901951359279,32,32,2560,10240,51200,False,936,4
0.03,0.032,0.030809523809523814,0.031,0.0006632565846278158,0.015,0.016,0.015700000000000002,0.016,0.0004582575694955845,0.08025,0.08375,0.08248749999999999,0.0835,0.001374943180644205,0.042,0.044,0.04315000000000001,0.043000000000000003,0.00047696960070847075,0.03225,0.03475,0.03332500000000001,0.03375,0.0007206767652699794,0.10125,0.109,0.1034875,0.10425,0.0018666062118186538,0.0165,0.01675,0.016625,0.016625,0.0001250000000000001,0.11325,0.12175,0.1155875,0.11625,0.0018829415152893088,0.048,0.05,0.04815000000000001,0.048,0.00047696960070847325,32,32,2560,10240,51200,False,928,4
0.028,0.032,0.03090476190476191,0.031,0.0010190921218587,0.015,0.016,0.015300000000000003,0.015,0.0004582575694955844,0.08025,0.0885,0.08517500000000001,0.0855,0.002348004471886711,0.042,0.043000000000000003,0.04275000000000001,0.043000000000000003,0.0004330127018922197,0.0315,0.036000000000000004,0.03431250000000001,0.0345,0.0012571669539086696,0.10075,0.11,0.1063625,0.1065,0.002613038222070238,0.01625,0.01675,0.016537500000000004,0.0165,0.00011924240017711833,0.1135,0.12325,0.11946250000000003,0.11937500000000001,0.00290180439554426,0.046,0.05,0.04765000000000001,0.048,0.0007921489758877437,32,32,2560,10240,51200,False,920,4
0.03,0.032,0.031095238095238103,0.031,0.0008109231602822102,0.015,0.016,0.015500000000000003,0.0155,0.0005000000000000004,0.08225,0.08600000000000001,0.0845375,0.085375,0.0013399510252244304,0.042,0.043000000000000003,0.04225000000000001,0.042,0.0004330127018922198,0.03275,0.035,0.03415000000000001,0.0345,0.000811634154037397,0.10350000000000001,0.10825,0.105625,0.10625,0.0013216939887886266,0.01625,0.0165,0.016362500000000002,0.01625,0.0001243734296383276,0.11675,0.12225,0.118825,0.11925000000000001,0.0013183796873435204,0.046,0.048,0.04705000000000001,0.047,0.0005894913061275804,32,32,2560,10240,51200,False,912,4
0.028,0.032,0.030666666666666672,0.031,0.0009428090415820634,0.014,0.015,0.014950000000000001,0.015,0.00021794494717703347,0.08025,0.08650000000000001,0.0849,0.085,0.0016324827717314524,0.041,0.043000000000000003,0.04210000000000001,0.042,0.00043588989435406776,0.03125,0.035250000000000004,0.03446250000000001,0.03475,0.001090513067321984,0.1005,0.10775,0.10581249999999998,0.10575,0.001931442142545303,0.016,0.01625,0.0162,0.01625,0.00010000000000000007,0.1135,0.121,0.11897500000000003,0.11887500000000001,0.001830129776819117,0.046,0.047,0.04640000000000001,0.046,0.0004898979485566361,32,32,2560,10240,51200,False,904,4
0.028,0.031,0.030095238095238102,0.03,0.0008676603408708853,0.014,0.016,0.014900000000000002,0.015,0.0004358898943540672,0.0835,0.09025,0.087225,0.08762500000000001,0.001977846050631847,0.039,0.041,0.039900000000000005,0.04,0.0004358898943540677,0.03175,0.035750000000000004,0.034075,0.03425,0.0012602083161128573,0.101,0.10775,0.1045,0.1045,0.0020402205763103143,0.016,0.01625,0.016075,0.016,0.00011456439237389609,0.09775,0.10325000000000001,0.100575,0.1005,0.00162423058707808,0.045,0.046,0.04585000000000001,0.046,0.00035707142142714284,32,32,2560,10240,51200,False,896,4
0.028,0.03,0.02952380952380953,0.03,0.0006632565846278143,0.014,0.015,0.014600000000000002,0.015,0.0004898979485566354,0.08275,0.08750000000000001,0.08585000000000001,0.08725000000000001,0.0019691368667515237,0.039,0.04,0.039400000000000004,0.039,0.000489897948556636,0.03175,0.0345,0.033424999999999996,0.034125,0.0010784827305061505,0.1005,0.108,0.10341249999999999,0.1045,0.0020482843430539577,0.01575,0.016,0.0159625,0.016,8.926785535678571e-05,0.09725,0.10425,0.09971250000000001,0.100125,0.0016997702050571418,0.044,0.046,0.04485000000000001,0.045,0.0006538348415311016,32,32,2560,10240,51200,False,888,4
0.027,0.031,0.02990476190476191,0.03,0.0011914281907806478,0.014,0.015,0.014700000000000001,0.015,0.00045825756949558367,0.08225,0.09125,0.0874,0.0885,0.0029180472922829717,0.038,0.04,0.03905000000000001,0.039,0.0005894913061275804,0.031,0.035500000000000004,0.0338375,0.03425,0.0013515615968205086,0.0995,0.10875,0.10506249999999999,0.10575,0.0027407514936600846,0.01575,0.016,0.015762499999999995,0.01575,5.448623679425847e-05,0.0965,0.105,0.10145000000000001,0.10175000000000001,0.002486966023089176,0.043000000000000003,0.045,0.04440000000000001,0.044,0.0005830951894845298,32,32,2560,10240,51200,False,880,4
0.029,0.03,0.029476190476190482,0.029,0.0004994327848429281,0.014,0.015,0.014050000000000002,0.014,0.0002179449471770335,0.08625000000000001,0.088,0.08700000000000001,0.08650000000000001,0.0007288689868556584,0.038,0.039,0.03885000000000001,0.039,0.00035707142142714284,0.033,0.03425,0.033537500000000005,0.03325,0.00042037929302000623,0.10375000000000001,0.1055,0.10451250000000001,0.10425,0.0006298561343672013,0.0155,0.01575,0.015612499999999998,0.0155,0.0001243734296383276,0.09975,0.10125,0.10048750000000002,0.100375,0.0005616660484665248,0.043000000000000003,0.045,0.04360000000000001,0.0435,0.0006633249580710773,32,32,2560,10240,51200,False,872,4
0.028,0.03,0.02933333333333334,0.029,0.0005634361698190099,0.014,0.014,0.014000000000000002,0.014,1.734723475976807e-18,0.08675000000000001,0.08825,0.08736249999999998,0.08700000000000001,0.000658952767654854,0.038,0.039,0.038500000000000006,0.0385,0.0005000000000000004,0.03425,0.03475,0.034487500000000004,0.0345,0.00021614520582238246,0.10375000000000001,0.10575,0.104575,0.10400000000000001,0.0008407585860400058,0.01525,0.0155,0.015475000000000003,0.0155,7.500000000000006e-05,0.09875,0.10075,0.0996625,0.09925,0.0006813360037455829,0.043000000000000003,0.045,0.043500000000000004,0.043000000000000003,0.0005916079783099588,32,32,2560,10240,51200,False,864,4
0.027,0.029,0.028190476190476193,0.028,0.0006632565846278158,0.013000000000000001,0.014,0.013900000000000004,0.014,0.00029999999999999976,0.083,0.08625000000000001,0.0848625,0.08575,0.0013543333230781867,0.037,0.04,0.03805000000000001,0.038,0.0004974937185533105,0.032,0.03375,0.0329,0.033375,0.0007176350047203668,0.09975,0.10300000000000001,0.1018125,0.10262500000000001,0.0012090156119752974,0.01525,0.0155,0.015274999999999997,0.01525,7.500000000000006e-05,0.09675,0.09975,0.09836249999999999,0.09875,0.0009665499211111661,0.041,0.043000000000000003,0.04215000000000001,0.042,0.0007262919523166982,32,32,2560,10240,51200,False,856,4
0.028,0.03,0.028809523809523813,0.029,0.0004994327848429294,0.013000000000000001,0.014,0.013700000000000004,0.014,0.00045825756949558356,0.08525,0.08825,0.08702500000000002,0.088,0.0011669940016983747,0.038,0.039,0.03805000000000001,0.038,0.00021794494717703385,0.03325,0.0345,0.0339,0.03425,0.0004769696007084732,0.10275000000000001,0.10525,0.10417499999999999,0.105,0.0009653367288153852,0.015,0.01525,0.015149999999999997,0.01525,0.00012247448713915903,0.1,0.10200000000000001,0.10106250000000001,0.101125,0.0005856353387561244,0.04,0.043000000000000003,0.041400000000000006,0.041,0.0006633249580710806,32,32,2560,10240,51200,False,848,4
0.026000000000000002,0.03,0.028761904761904766,0.029,0.0009209085526577955,0.012,0.014,0.013350000000000004,0.013000000000000001,0.0005722761571129796,0.07925,0.08650000000000001,0.08296250000000001,0.08325,0.00199730286887092,0.039,0.04,0.03925000000000001,0.039,0.0004330127018922197,0.03125,0.035250000000000004,0.033525000000000006,0.03375,0.0012219349409849948,0.099,0.10775,0.1033375,0.10350000000000001,0.0023681150204329163,0.014750000000000001,0.015,0.014975000000000002,0.015,7.499999999999955e-05,0.0965,0.10350000000000001,0.09990000000000002,0.1,0.0019691368667515232,0.04,0.042,0.041150000000000006,0.041,0.00047696960070847325,32,32,2560,10240,51200,False,840,4
0.026000000000000002,0.029,0.027904761904761915,0.028,0.0007499055118106485,0.012,0.014,0.013050000000000003,0.013000000000000001,0.0003840572873934303,0.08,0.08375,0.08321250000000001,0.0835,0.0007635239027037732,0.038,0.04,0.03910000000000001,0.039,0.00043588989435406776,0.03175,0.034,0.0336375,0.03375,0.00044352987498025466,0.09975,0.10400000000000001,0.1035625,0.10375000000000001,0.0008798970110189039,0.014750000000000001,0.015,0.014849999999999999,0.014750000000000001,0.00012247448713915816,0.09675,0.09975,0.0994375,0.0995,0.0006318375978050061,0.04,0.042,0.04075000000000001,0.041,0.0006982120021884477,32,32,2560,10240,51200,False,832,4
0.025,0.028,0.027380952380952388,0.028,0.0007853534524986021,0.012,0.013000000000000001,0.012700000000000003,0.013000000000000001,0.0004582575694955844,0.07925,0.08225,0.0811875,0.08225,0.001320215418028438,0.038,0.039,0.038650000000000004,0.039,0.0004769696007084733,0.0315,0.03325,0.03251250000000001,0.033,0.000722301010659684,0.09925,0.10225000000000001,0.10125000000000002,0.10200000000000001,0.001126388032606882,0.0145,0.014750000000000001,0.014712499999999998,0.014750000000000001,8.92678553567857e-05,0.09575,0.09925,0.09762500000000002,0.098125,0.0012054563451241204,0.039,0.041,0.039900000000000005,0.04,0.0006244997998398404,32,32,2560,10240,51200,False,824,4
0.025,0.028,0.02733333333333334,0.027,0.0007766431633476232,0.012,0.014,0.012850000000000004,0.013000000000000001,0.0004769696007084731,0.0785,0.08600000000000001,0.0817625,0.08225,0.002017850031593034,0.038,0.039,0.03830000000000001,0.038,0.0004582575694955844,0.031,0.035,0.0329,0.03325,0.0011656543226874778,0.0985,0.10725,0.1022,0.10250000000000001,0.0021310208821126073,0.0145,0.014750000000000001,0.014550000000000002,0.0145,0.00010000000000000007,0.0955,0.10275000000000001,0.098375,0.09825,0.0019565594803123178,0.037,0.04,0.038650000000000004,0.039,0.0007262919523166983,32,32,2560,10240,51200,False,816,4
0.026000000000000002,0.029,0.027523809523809534,0.028,0.0006632565846278154,0.012,0.013000000000000001,0.012950000000000003,0.013000000000000001,0.00021794494717703385,0.082,0.0845,0.08297500000000001,0.08225,0.0011008519428152008,0.037,0.039,0.038200000000000005,0.038,0.0005099019513592789,0.03275,0.03425,0.03331250000000001,0.033,0.0005694020986965193,0.10225000000000001,0.10525,0.10345,0.10250000000000001,0.0013004806803639899,0.01425,0.014750000000000001,0.014462500000000003,0.0145,0.00014306903927824508,0.0985,0.10075,0.0994375,0.099,0.0008134609701761981,0.037,0.04,0.038450000000000005,0.038,0.0006689544080129831,32,32,2560,10240,51200,False,808,4
0.026000000000000002,0.028,0.027142857142857153,0.027,0.0004665694748158435,0.011,0.013000000000000001,0.012150000000000003,0.012,0.0005722761571129804,0.083,0.083,0.08299999999999999,0.083,1.3877787807814457e-17,0.037,0.038,0.037750000000000006,0.038,0.0004330127018922197,0.03325,0.0335,0.033424999999999996,0.0335,0.0001145643923738961,0.10325000000000001,0.10350000000000001,0.10337500000000002,0.10337500000000001,0.0001250000000000001,0.01425,0.0145,0.0142875,0.01425,8.926785535678571e-05,0.098,0.09875,0.098425,0.0985,0.00016007810593582136,0.037,0.039,0.037700000000000004,0.0375,0.0007810249675906662,32,32,2560,10240,51200,False,800,4
0.024,0.027,0.026476190476190483,0.027,0.0007939681905015739,0.012,0.013000000000000001,0.012250000000000002,0.012,0.0004330127018922198,0.07875,0.08275,0.08106250000000001,0.08225,0.001600537019253227,0.037,0.038,0.03730000000000001,0.037,0.0004582575694955844,0.03125,0.033,0.03215,0.03275,0.0007960841664045336,0.099,0.10275000000000001,0.10116249999999997,0.10250000000000001,0.0017107655450119413,0.014,0.01425,0.0140375,0.014,8.92678553567857e-05,0.09575,0.09825,0.09715,0.09775,0.0010259142264341604,0.036000000000000004,0.038,0.03690000000000001,0.037,0.000699999999999998,32,32,2560,10240,51200,False,792,4
0.025,0.028,0.026809523809523818,0.027,0.000793968190501574,0.012,0.013000000000000001,0.012150000000000003,0.012,0.0003570714214271428,0.07925,0.0855,0.082625,0.08325,0.002010130592772521,0.036000000000000004,0.038,0.03680000000000001,0.037,0.0005099019513592762,0.03075,0.034,0.032712500000000005,0.033,0.0010876436686709495,0.09925,0.10625,0.10315,0.10350000000000001,0.002222611077089285,0.01375,0.014,0.01395,0.014,0.00010000000000000009,0.09675,0.10125,0.09931250000000001,0.0995,0.001422750417325542,0.034,0.037,0.03625000000000001,0.036000000000000004,0.000698212002188445,32,32,2560,10240,51200,False,784,4
0.025,0.027,0.02671428571428572,0.027,0.0005471012044321923,0.012,0.013000000000000001,0.012200000000000003,0.012,0.00040000000000000034,0.0815,0.0845,0.08296250000000001,0.081875,0.0013699338487678896,0.036000000000000004,0.038,0.03695000000000001,0.037,0.00038405728739342903,0.03225,0.03375,0.032850000000000004,0.0325,0.0006244997998398403,0.10175000000000001,0.10525,0.103375,0.10212500000000001,0.001626921940352389,0.01375,0.014,0.013800000000000002,0.01375,0.00010000000000000007,0.0975,0.1005,0.09893750000000001,0.098875,0.0013690210918755063,0.034,0.037,0.03580000000000001,0.036000000000000004,0.0007483314773547872,32,32,2560,10240,51200,False,776,4
0.023,0.027,0.02657142857142858,0.027,0.0010497813183356476,0.011,0.013000000000000001,0.012000000000000002,0.012,0.00044721359549995833,0.0615,0.065,0.06451250000000001,0.06475,0.0007135956488096048,0.037,0.039,0.03810000000000001,0.038,0.00043588989435406776,0.02075,0.021750000000000002,0.021475000000000005,0.021500000000000002,0.0001750000000000002,0.08225,0.08600000000000001,0.085375,0.0855,0.0007562241731127094,0.01375,0.01425,0.013825,0.01375,0.00013919410907075068,0.098,0.09875,0.0985,0.0985,0.0002091650066335191,0.035,0.037,0.03530000000000001,0.035,0.0005567764362830016,32,32,2560,10240,51200,False,768,4
0.024,0.026000000000000002,0.02557142857142858,0.026000000000000002,0.0006598288790738587,0.01,0.012,0.01105,0.011,0.0004974937185533101,0.061,0.06275,0.06233750000000001,0.06275,0.0007170904754631739,0.037,0.038,0.037450000000000004,0.037,0.0004974937185533104,0.02025,0.021,0.0206875,0.02075,0.00015562374497485928,0.08175,0.08325,0.0828125,0.083,0.0004532866091117191,0.0135,0.01375,0.013675000000000001,0.01375,0.0001145643923738961,0.094,0.0965,0.0957125,0.096,0.0007797235086875353,0.033,0.035,0.03420000000000001,0.034,0.0006782329983125274,32,32,2560,10240,51200,False,760,4
0.023,0.027,0.025809523809523817,0.026000000000000002,0.0007939681905015751,0.01,0.012,0.010900000000000002,0.011,0.00043588989435406716,0.06275,0.06475,0.0645875,0.06475,0.0004349928160326332,0.037,0.038,0.037500000000000006,0.0375,0.0005000000000000006,0.021500000000000002,0.021500000000000002,0.021500000000000005,0.021500000000000002,3.469446951953614e-18,0.0855,0.08575,0.0856,0.0855,0.00012247448713915903,0.0135,0.01375,0.0135125,0.0135,5.448623679425847e-05,0.099,0.09975,0.0994125,0.0995,0.0001980372439719359,0.033,0.036000000000000004,0.03430000000000001,0.034,0.0007810249675906662,32,32,2560,10240,51200,False,752,4
0.023,0.026000000000000002,0.02476190476190477,0.025,0.0008676603408708863,0.01,0.012,0.01105,0.011,0.0005894913061275799,0.0615,0.06375,0.062625,0.062,0.0009065732182234382,0.035,0.038,0.03615000000000001,0.036000000000000004,0.0006538348415310994,0.0205,0.02125,0.020874999999999998,0.02075,0.0003211308144666285,0.08175,0.08475,0.08310000000000001,0.08225,0.0012534951136721686,0.01325,0.0135,0.013287499999999999,0.01325,8.926785535678571e-05,0.09375,0.0975,0.0953875,0.09425,0.0016075505435288822,0.032,0.034,0.033400000000000006,0.0335,0.0006633249580710806,32,32,2560,10240,51200,False,744,4
0.023,0.025,0.024190476190476196,0.024,0.0004994327848429298,0.01,0.011,0.0102,0.01,0.0003999999999999996,0.059250000000000004,0.06,0.05970000000000001,0.059750000000000004,0.00020310096011589714,0.035,0.037,0.03595000000000001,0.036000000000000004,0.000668954408012981,0.01975,0.02025,0.019925,0.02,0.00013919410907075068,0.07975,0.08075,0.08015000000000001,0.080125,0.00024238399287081666,0.013000000000000001,0.01325,0.013212500000000002,0.01325,8.926785535678509e-05,0.092,0.09275,0.0923875,0.09225,0.0002011684617428887,0.032,0.034,0.03250000000000001,0.032,0.0006708203932499376,32,32,2560,10240,51200,False,736,4
0.023,0.025,0.0240952380952381,0.024,0.0006098213559459861,0.009000000000000001,0.01,0.009950000000000004,0.01,0.00021794494717703353,0.06025,0.06225,0.0613,0.061625,0.000796868872525462,0.035,0.036000000000000004,0.03555000000000001,0.036000000000000004,0.0004974937185533104,0.02025,0.02075,0.020524999999999998,0.02075,0.0002487468592766552,0.08,0.08225,0.08136249999999998,0.082,0.0009469523483259344,0.013000000000000001,0.01325,0.013037500000000002,0.013000000000000001,8.92678553567851e-05,0.0935,0.096,0.09467499999999998,0.09525,0.000981389321319527,0.03,0.033,0.03180000000000001,0.032,0.0007483314773547889,32,32,2560,10240,51200,False,728,4
0.022,0.025,0.024190476190476196,0.024,0.0007939681905015754,0.009000000000000001,0.011,0.010100000000000001,0.01,0.0005385164807134499,0.0605,0.06375,0.06192499999999999,0.061,0.0013603767860412804,0.034,0.036000000000000004,0.03500000000000001,0.035,0.0003162277660168382,0.02025,0.02125,0.020775,0.0205,0.00041758232721225203,0.08125,0.084,0.08280000000000001,0.08225,0.0009539392014169466,0.012750000000000001,0.013000000000000001,0.012875000000000003,0.012875000000000001,0.0001250000000000001,0.0955,0.0985,0.0970125,0.09675,0.0009469523483259344,0.03,0.034,0.031650000000000005,0.032,0.0008529361054615998,32,32,2560,10240,51200,False,720,4
0.022,0.025,0.024238095238095243,0.024,0.0008676603408708864,0.01,0.012,0.010400000000000001,0.01,0.0005830951894845297,0.06,0.063,0.062175,0.06275,0.0012044189470445917,0.034,0.036000000000000004,0.03515000000000001,0.035,0.00047696960070847325,0.02,0.021,0.020800000000000006,0.021,0.00035000000000000027,0.08,0.08325,0.08246250000000001,0.08325,0.0013376168173284916,0.012750000000000001,0.012750000000000001,0.012750000000000003,0.012750000000000001,1.734723475976807e-18,0.09325,0.09725,0.09624999999999999,0.097,0.0013896942109687307,0.029,0.032,0.030650000000000004,0.031,0.0007262919523166977,32,32,2560,10240,51200,False,712,4
0.021,0.026000000000000002,0.02414285714285715,0.024,0.001036740050337012,0.009000000000000001,0.01,0.009900000000000003,0.01,0.00029999999999999976,0.0605,0.0635,0.06277499999999998,0.0635,0.0012572290960680167,0.034,0.036000000000000004,0.03445000000000001,0.034,0.0005894913061275802,0.02025,0.02125,0.021037499999999997,0.02125,0.00037312028891498287,0.08075,0.08425,0.0835125,0.084,0.0012361103308362092,0.0125,0.012750000000000001,0.0125625,0.0125,0.00010825317547305495,0.09375,0.0975,0.0966,0.09725,0.0012830627420356352,0.029,0.032,0.030200000000000005,0.03,0.0006782329983125268,32,32,2560,10240,51200,False,704,4
0.022,0.024,0.023047619047619053,0.023,0.0007221786137191959,0.009000000000000001,0.01,0.009650000000000002,0.01,0.0004769696007084724,0.06,0.06225,0.06121249999999998,0.06125,0.0010406578448270123,0.033,0.034,0.03380000000000001,0.034,0.00040000000000000034,0.02,0.02075,0.020374999999999997,0.020375,0.00035794552658190913,0.08,0.08225,0.08138750000000002,0.081625,0.0007924447930297739,0.01225,0.012750000000000001,0.012450000000000003,0.0125,0.00012747548783981975,0.0935,0.096,0.09456250000000001,0.09475,0.0008546746456985848,0.028,0.031,0.029150000000000002,0.029,0.000909670269933012,32,32,2560,10240,51200,False,696,4
0.021,0.024,0.023190476190476195,0.023,0.000793968190501575,0.009000000000000001,0.01,0.009650000000000002,0.01,0.0004769696007084724,0.059250000000000004,0.06325,0.0615625,0.063125,0.001845391218685077,0.033,0.034,0.033650000000000006,0.034,0.0004769696007084733,0.01975,0.02125,0.0207375,0.02125,0.0006298561343672066,0.07975,0.084,0.08225,0.08375,0.0018674849396983113,0.01225,0.0125,0.012275000000000003,0.01225,7.500000000000007e-05,0.09275,0.0975,0.09559999999999999,0.097,0.001977055891976756,0.027,0.029,0.028450000000000003,0.0285,0.0005894913061275802,32,32,2560,10240,51200,False,688,4
0.021,0.024,0.023000000000000003,0.023,0.0006900655593423545,0.009000000000000001,0.01,0.009400000000000002,0.009000000000000001,0.0004898979485566351,0.06125,0.06325,0.061825,0.06175,0.0005482928049865332,0.032,0.034,0.03305000000000001,0.033,0.00038405728739343076,0.0205,0.021,0.0205875,0.0205,0.00018157298807917454,0.08125,0.08375,0.08195,0.0815,0.0008536685539481944,0.012,0.01225,0.012162500000000003,0.01225,0.0001192424001771183,0.094,0.09675,0.09470000000000002,0.09425,0.0009733961166965902,0.028,0.029,0.028200000000000003,0.028,0.00040000000000000034,32,32,2560,10240,51200,False,680,4
0.022,0.024,0.02285714285714286,0.023,0.000559397148784321,0.009000000000000001,0.01,0.009800000000000003,0.01,0.00039999999999999964,0.0605,0.06275,0.06102500000000001,0.06075,0.0008135570047636498,0.032,0.033,0.03270000000000001,0.033,0.00045825756949558437,0.02,0.021,0.020437500000000004,0.02025,0.00033424354892802377,0.08,0.083,0.0810375,0.080625,0.0011599434253445305,0.01175,0.01225,0.012000000000000002,0.012,7.905694150420955e-05,0.0925,0.096,0.0939375,0.0935,0.001109264959331179,0.026000000000000002,0.028,0.027400000000000008,0.027,0.0005830951894845301,32,32,2560,10240,51200,False,672,4
0.02,0.023,0.022333333333333337,0.022,0.0007766431633476232,0.009000000000000001,0.01,0.009250000000000003,0.009000000000000001,0.00043301270189221897,0.059250000000000004,0.06125,0.060475,0.06125,0.000869266932535683,0.032,0.033,0.032350000000000004,0.032,0.00047696960070847314,0.02,0.0205,0.020287500000000003,0.0205,0.00024076700355322796,0.07875,0.081,0.08014999999999999,0.081,0.0009500000000000008,0.01175,0.012,0.011825000000000002,0.01175,0.0001145643923738961,0.09225,0.09475,0.09372499999999999,0.09425,0.0008692669325356862,0.026000000000000002,0.028,0.026400000000000007,0.026000000000000002,0.000583095189484529,32,32,2560,10240,51200,False,664,4
0.021,0.024,0.022428571428571433,0.023,0.0008491692619108095,0.009000000000000001,0.01,0.009450000000000004,0.009000000000000001,0.0004974937185533095,0.059500000000000004,0.064,0.06242500000000001,0.0635,0.0017537459907295578,0.031,0.033,0.03205000000000001,0.032,0.00038405728739343076,0.02,0.021500000000000002,0.0209375,0.02125,0.0005412658773652746,0.08025,0.0845,0.08303750000000001,0.084,0.001567791041561344,0.0115,0.01175,0.011725000000000003,0.01175,7.500000000000006e-05,0.09425,0.098,0.09672499999999999,0.0975,0.0013131545986668908,0.026000000000000002,0.028,0.026400000000000007,0.026000000000000002,0.0006633249580710791,32,32,2560,10240,51200,False,656,4
0.02,0.023,0.021761904761904767,0.022,0.0007499055118106479,0.009000000000000001,0.01,0.009100000000000002,0.009000000000000001,0.00029999999999999976,0.059250000000000004,0.06125,0.0600625,0.059625000000000004,0.0007900751546530214,0.031,0.033,0.031650000000000005,0.032,0.0005722761571129804,0.02,0.0205,0.0202125,0.02,0.00024076700355322802,0.07875,0.08075,0.07986250000000003,0.079875,0.000827175162828286,0.01125,0.01175,0.011512500000000002,0.0115,9.601432184835769e-05,0.0925,0.0945,0.09348750000000002,0.093625,0.0006683702192647431,0.025,0.027,0.025500000000000005,0.025,0.0005916079783099616,32,32,2560,10240,51200,False,648,4
0.02,0.023,0.02190476190476191,0.022,0.0007499055118106482,0.009000000000000001,0.01,0.009050000000000002,0.009000000000000001,0.00021794494717703353,0.051000000000000004,0.05275,0.051737500000000006,0.051250000000000004,0.0007003347413915693,0.031,0.032,0.031150000000000004,0.031,0.00035707142142714284,0.02025,0.02075,0.020524999999999998,0.0205,0.00019202864369671535,0.07975,0.08175,0.0804625,0.08,0.0007837210919708626,0.01125,0.0115,0.011362500000000001,0.01125,0.0001243734296383276,0.07725,0.0795,0.078225,0.077875,0.0008474225628339153,0.024,0.026000000000000002,0.024850000000000004,0.025,0.0004769696007084733,32,32,2560,10240,51200,False,640,4
0.019,0.022,0.02161904761904762,0.022,0.0007221786137191946,0.009000000000000001,0.01,0.009100000000000002,0.009000000000000001,0.00029999999999999976,0.051000000000000004,0.05225,0.052000000000000005,0.052000000000000005,0.0003622844186547341,0.03,0.031,0.030850000000000006,0.031,0.0003570714214271428,0.0205,0.021,0.0207625,0.02075,0.00012437342963832762,0.0795,0.08125,0.08072500000000002,0.08075,0.0003699662146737189,0.011,0.01125,0.011237500000000001,0.01125,5.448623679425846e-05,0.0775,0.07875,0.07812500000000001,0.078,0.0002904737509655566,0.024,0.025,0.024600000000000004,0.025,0.0004898979485566361,32,32,2560,10240,51200,False,632,4
0.019,0.023,0.02104761904761905,0.021,0.0007853534524986016,0.009000000000000001,0.01,0.009100000000000002,0.009000000000000001,0.00029999999999999976,0.05,0.05325,0.05096250000000001,0.05025,0.0012754288494463324,0.03,0.031,0.030450000000000005,0.03,0.0004974937185533104,0.02,0.02125,0.020499999999999997,0.02025,0.0004401704215414756,0.07875,0.08275,0.08026250000000003,0.0795,0.0014989058509459505,0.011,0.01125,0.011012500000000001,0.011,5.448623679425846e-05,0.07625,0.08,0.0777625,0.077125,0.0013168973953957093,0.023,0.025,0.023900000000000005,0.024,0.0006244997998398403,32,32,2560,10240,51200,False,624,4
0.019,0.022,0.020523809523809527,0.021,0.0006632565846278154,0.009000000000000001,0.01,0.009050000000000002,0.009000000000000001,0.00021794494717703353,0.051250000000000004,0.0525,0.05182500000000001,0.051500000000000004,0.0005309190145398797,0.03,0.031,0.030100000000000005,0.03,0.00030000000000000024,0.0205,0.02125,0.020950000000000003,0.02075,0.00025739075352467525,0.079,0.08125,0.080175,0.0795,0.0009086390922693132,0.010750000000000001,0.011,0.010900000000000002,0.011,0.00012247448713915816,0.07675,0.07875,0.07775000000000001,0.077375,0.0007026734661277603,0.022,0.024,0.023150000000000004,0.023,0.0005722761571129803,32,32,2560,10240,51200,False,616,4
0.018000000000000002,0.022,0.020809523809523816,0.021,0.0008518354199999193,0.009000000000000001,0.01,0.009100000000000002,0.009000000000000001,0.00029999999999999976,0.0495,0.0525,0.0510125,0.051000000000000004,0.001243671479933505,0.029,0.031,0.030000000000000006,0.03,0.00031622776601683767,0.02,0.021,0.020500000000000004,0.0205,0.000480884601541784,0.07775,0.08125,0.07977500000000001,0.080625,0.0014830289949963904,0.0105,0.010750000000000001,0.010725000000000002,0.010750000000000001,7.500000000000007e-05,0.0755,0.078,0.07683749999999998,0.0775,0.0009262660255023941,0.021,0.023,0.022500000000000003,0.023,0.0005916079783099616,32,32,2560,10240,51200,False,608,4
0.018000000000000002,0.021,0.020476190476190485,0.021,0.0007939681905015748,0.009000000000000001,0.01,0.009200000000000003,0.009000000000000001,0.0003999999999999997,0.05,0.051750000000000004,0.0512875,0.051750000000000004,0.0006627358070905786,0.029,0.03,0.029350000000000005,0.029,0.00047696960070847157,0.02025,0.02075,0.020624999999999998,0.02075,0.00020155644370746392,0.078,0.0805,0.07980000000000001,0.0805,0.001029563014098701,0.0105,0.010750000000000001,0.010562500000000002,0.0105,0.00010825317547305493,0.07625,0.07825,0.0775375,0.07775,0.0005877658972754378,0.021,0.023,0.021750000000000002,0.022,0.0006224949798994357,32,32,2560,10240,51200,False,600,4
0.018000000000000002,0.021,0.020285714285714292,0.02,0.0007648751621051913,0.009000000000000001,0.01,0.009150000000000002,0.009000000000000001,0.0003570714214271422,0.058750000000000004,0.063,0.06098750000000001,0.06225,0.0018087893050325109,0.029,0.03,0.029100000000000004,0.029,0.0002999999999999992,0.02025,0.021500000000000002,0.020925000000000003,0.02125,0.00047500000000000043,0.0795,0.083,0.08145000000000001,0.08275,0.0015463667094192128,0.01025,0.010750000000000001,0.010462500000000003,0.0105,0.0001192424001771183,0.0775,0.08075,0.07926249999999999,0.079625,0.0012131441587874057,0.021,0.022,0.021800000000000003,0.022,0.000399999999999999,32,32,2560,10240,51200,False,592,4
0.018000000000000002,0.021,0.01990476190476191,0.02,0.0006834619092574918,0.009000000000000001,0.01,0.009050000000000002,0.009000000000000001,0.0002179449471770335,0.058,0.0625,0.059199999999999996,0.0585,0.0015960889699512353,0.028,0.029,0.028450000000000003,0.028,0.0004974937185533105,0.02,0.02125,0.020425,0.02025,0.0004190763653560056,0.0775,0.08275,0.07885000000000002,0.078,0.0018980252896102323,0.01025,0.01025,0.010250000000000002,0.01025,1.734723475976807e-18,0.076,0.08025,0.077325,0.0765,0.001477117124672246,0.02,0.022,0.020950000000000003,0.021,0.00038405728739343033,32,32,2560,10240,51200,False,584,4
0.018000000000000002,0.021,0.019619047619047626,0.02,0.0006529194857524805,0.009000000000000001,0.009000000000000001,0.009000000000000003,0.009000000000000001,1.734723475976807e-18,0.06025,0.06275,0.06072500000000001,0.06075,0.0004993746088859549,0.025,0.026000000000000002,0.025950000000000008,0.026000000000000002,0.00021794494717703385,0.02425,0.02525,0.024575,0.0245,0.0002633913438213187,0.0615,0.06375,0.0617625,0.06175,0.0004774607313696074,0.01,0.01025,0.010237500000000002,0.01025,5.448623679425846e-05,0.07675,0.07925,0.07722500000000002,0.077,0.0006466258578188787,0.019,0.021,0.020100000000000003,0.02,0.00043588989435406776,32,32,2560,10240,51200,False,576,4
0.017,0.02,0.01952380952380953,0.02,0.0007315376902732009,0.009000000000000001,0.009000000000000001,0.009000000000000003,0.009000000000000001,1.734723475976807e-18,0.059750000000000004,0.06125,0.060649999999999996,0.06075,0.0004213074886588168,0.025,0.026000000000000002,0.025700000000000008,0.026000000000000002,0.0004582575694955844,0.024,0.02525,0.0245375,0.0245,0.0002534141866589164,0.061,0.06225,0.06163749999999999,0.061625,0.0003007802353878994,0.01,0.01025,0.010050000000000002,0.01,0.00010000000000000007,0.07625,0.0775,0.07698750000000001,0.077,0.0003109963826156185,0.019,0.021,0.020000000000000004,0.02,0.0006324555320336764,32,32,2560,10240,51200,False,568,4
0.017,0.02,0.01933333333333334,0.019,0.0007126966450997985,0.009000000000000001,0.01,0.009050000000000002,0.009000000000000001,0.0002179449471770335,0.059750000000000004,0.0625,0.060087499999999995,0.06,0.0005877658972754365,0.025,0.026000000000000002,0.025450000000000007,0.025,0.0004974937185533104,0.024,0.025,0.024200000000000006,0.02425,0.0002318404623873928,0.0605,0.06275,0.06086250000000001,0.06075,0.0004903761311483262,0.00975,0.01,0.009975000000000001,0.01,7.500000000000007e-05,0.076,0.079,0.07667500000000001,0.0765,0.0007988272654335236,0.019,0.021,0.020250000000000004,0.02,0.0005361902647381809,32,32,2560,10240,51200,False,560,4
0.016,0.019,0.018238095238095244,0.018000000000000002,0.0006834619092574908,0.008,0.009000000000000001,0.008850000000000002,0.009000000000000001,0.00035707142142714284,0.06,0.06075,0.060475,0.0605,0.0002727178028658931,0.025,0.026000000000000002,0.025300000000000007,0.025,0.0004582575694955844,0.02375,0.0245,0.024037500000000003,0.024,0.00019803724397193592,0.06125,0.062,0.061724999999999995,0.06175,0.00024874685927665525,0.00975,0.01,0.009762500000000002,0.00975,5.448623679425846e-05,0.07825,0.079,0.07868750000000001,0.07875,0.00023551804601770982,0.019,0.02,0.019050000000000004,0.019,0.00021794494717703388,32,32,2560,10240,51200,False,552,4
0.017,0.019,0.01857142857142858,0.019,0.0005832118435198033,0.009000000000000001,0.009000000000000001,0.009000000000000003,0.009000000000000001,1.734723475976807e-18,0.05825,0.061,0.06002499999999998,0.06075,0.0012295832627357915,0.025,0.026000000000000002,0.025050000000000006,0.025,0.00021794494717703388,0.02325,0.0245,0.023987500000000002,0.02425,0.0004364272562524026,0.059500000000000004,0.06175,0.060912500000000015,0.0615,0.0008634053219664545,0.0095,0.00975,0.009637500000000002,0.00975,0.0001243734296383276,0.07775,0.07975,0.078825,0.079,0.0007206767652699794,0.018000000000000002,0.019,0.018950000000000005,0.019,0.0002179449471770331,32,32,2560,10240,51200,False,544,4
0.016,0.019,0.018190476190476194,0.018000000000000002,0.0006632565846278147,0.008,0.009000000000000001,0.008750000000000003,0.009000000000000001,0.0004330127018922198,0.059250000000000004,0.062,0.059462500000000015,0.059250000000000004,0.000593058808213822,0.024,0.025,0.024800000000000006,0.025,0.0004000000000000003,0.02325,0.02425,0.023512500000000002,0.0235,0.0002161452058223825,0.06,0.06275,0.0604125,0.06025,0.0007127192645074223,0.00925,0.0095,0.009487500000000001,0.0095,5.448623679425846e-05,0.07775,0.08075,0.07835000000000002,0.078,0.0008154753215150053,0.018000000000000002,0.019,0.018650000000000007,0.019,0.0004769696007084716,32,32,2560,10240,51200,False,536,4
0.016,0.019,0.018000000000000006,0.018000000000000002,0.0005345224838248486,0.008,0.01,0.008700000000000003,0.009000000000000001,0.0005567764362830025,0.059250000000000004,0.06275,0.060062500000000005,0.059875,0.0008057411184741648,0.024,0.025,0.024450000000000006,0.024,0.0004974937185533104,0.0235,0.02475,0.023825,0.02375,0.00027500000000000023,0.06075,0.06325,0.06128750000000001,0.06125,0.0005983048971887166,0.00925,0.0095,0.009300000000000001,0.00925,0.00010000000000000007,0.07925,0.08175,0.08002500000000001,0.08,0.0005528336096874,0.017,0.019,0.018750000000000006,0.019,0.0005361902647381795,32,32,2560,10240,51200,False,528,4
0.016,0.018000000000000002,0.01771428571428572,0.018000000000000002,0.0005471012044321936,0.008,0.009000000000000001,0.008850000000000002,0.009000000000000001,0.0003570714214271428,0.059250000000000004,0.061,0.060250000000000005,0.0605,0.0006471089552772367,0.024,0.025,0.024200000000000006,0.024,0.0004000000000000003,0.02325,0.02425,0.0238,0.023875,0.0003020761493398646,0.06025,0.0615,0.060950000000000004,0.06125,0.0005678908345800278,0.009000000000000001,0.00925,0.009200000000000003,0.00925,9.99999999999994e-05,0.0775,0.0795,0.078675,0.078875,0.0006427480066091227,0.017,0.019,0.018300000000000004,0.018000000000000002,0.0006403124237432839,32,32,2560,10240,51200,False,520,4
0.016,0.019,0.018000000000000006,0.018000000000000002,0.0006172133998483674,0.008,0.009000000000000001,0.008850000000000002,0.009000000000000001,0.0003570714214271428,0.059750000000000004,0.06125,0.0603,0.06025,0.0003999999999999994,0.023,0.024,0.023850000000000003,0.024,0.00035707142142714284,0.01425,0.014750000000000001,0.014374999999999999,0.01425,0.00018540496217739173,0.05475,0.056,0.055075000000000006,0.055,0.00031721443851123824,0.00925,0.0095,0.009275000000000002,0.00925,7.500000000000007e-05,0.05325,0.055,0.05358750000000001,0.0535,0.0003814036575598093,0.017,0.018000000000000002,0.017200000000000003,0.017,0.00040000000000000034,32,32,2560,10240,51200,False,512,4
0.016,0.019,0.01790476190476191,0.018000000000000002,0.0005259695722470125,0.008,0.009000000000000001,0.008950000000000003,0.009000000000000001,0.00021794494717703385,0.059250000000000004,0.06,0.059637499999999996,0.059750000000000004,0.00021614520582238133,0.022,0.023,0.022550000000000004,0.023,0.0004974937185533105,0.014,0.01425,0.0141375,0.01425,0.0001243734296383276,0.05425,0.05475,0.0544875,0.0545,0.0001243734296383276,0.009000000000000001,0.00925,0.009125000000000003,0.009125000000000001,0.00012499999999999924,0.05275,0.0535,0.0531625,0.05325,0.00018157298807917454,0.017,0.018000000000000002,0.017100000000000004,0.017,0.00030000000000000024,32,32,2560,10240,51200,False,504,4
0.015,0.018000000000000002,0.017619047619047624,0.018000000000000002,0.000722178613719196,0.008,0.009000000000000001,0.008950000000000003,0.009000000000000001,0.00021794494717703385,0.0585,0.06,0.05917500000000001,0.059250000000000004,0.0003269174207655499,0.022,0.023,0.022200000000000004,0.022,0.0004000000000000003,0.01375,0.014,0.013975000000000001,0.014,7.500000000000007e-05,0.059250000000000004,0.06,0.05948750000000001,0.059500000000000004,0.00024334902917414605,0.0085,0.009000000000000001,0.008737500000000002,0.00875,9.601432184835769e-05,0.05275,0.05325,0.0529875,0.053,0.00012437342963832762,0.017,0.017,0.017000000000000005,0.017,3.469446951953614e-18,32,32,2560,10240,51200,False,496,4
0.014,0.018000000000000002,0.016619047619047624,0.017,0.0007853534524986024,0.008,0.009000000000000001,0.008100000000000001,0.008,0.0003000000000000003,0.059250000000000004,0.06,0.0595875,0.059500000000000004,0.00026545950726993933,0.021,0.023,0.021950000000000004,0.022,0.0003840572873934299,0.01425,0.0145,0.014337500000000003,0.01425,0.0001192424001771183,0.059750000000000004,0.0605,0.060175,0.060125,0.0002968585521759462,0.0085,0.00875,0.008550000000000002,0.0085,0.00010000000000000007,0.0535,0.054,0.05382500000000001,0.05375,0.0001785357107135714,0.017,0.017,0.017000000000000005,0.017,3.469446951953614e-18,32,32,2560,10240,51200,False,488,4
0.015,0.018000000000000002,0.01704761904761905,0.017,0.000575383141599742,0.008,0.009000000000000001,0.008600000000000002,0.009000000000000001,0.000489897948556636,0.05825,0.0605,0.059387499999999996,0.058875000000000004,0.0009697776807083132,0.021,0.022,0.02185,0.022,0.0003570714214271416,0.01375,0.0145,0.014075,0.013875,0.00034550687402713163,0.058750000000000004,0.061,0.059899999999999995,0.059250000000000004,0.0009334077351297208,0.00825,0.0085,0.008400000000000001,0.0085,0.00012247448713915903,0.052000000000000005,0.0535,0.052900000000000016,0.053,0.0006194755846681924,0.015,0.017,0.016550000000000002,0.017,0.0005894913061275804,32,32,2560,10240,51200,False,480,4
0.014,0.018000000000000002,0.01671428571428572,0.017,0.000824786098842323,0.008,0.009000000000000001,0.008100000000000001,0.008,0.0003000000000000003,0.0585,0.059000000000000004,0.058750000000000004,0.058750000000000004,0.00013693063937629166,0.021,0.022,0.02135,0.021,0.00047696960070847173,0.014,0.01425,0.014150000000000001,0.01425,0.000122474487139159,0.059000000000000004,0.059750000000000004,0.05937500000000001,0.059500000000000004,0.00018540496217739173,0.008,0.00825,0.008212500000000001,0.00825,8.926785535678571e-05,0.0525,0.05275,0.0525625,0.0525,0.00010825317547305493,0.015,0.017,0.015750000000000004,0.016,0.0007664854858377954,32,32,2560,10240,51200,False,472,4
0.014,0.018000000000000002,0.01690476190476191,0.017,0.000749905511810649,0.008,0.009000000000000001,0.008400000000000001,0.008,0.0004898979485566361,0.059000000000000004,0.0605,0.0600625,0.06,0.00036975498644372426,0.021,0.022,0.02125,0.021,0.00043301270189221826,0.014,0.014750000000000001,0.014325,0.01425,0.0002750000000000003,0.059500000000000004,0.06125,0.060362499999999986,0.06025,0.0005389515284327508,0.008,0.00825,0.008025000000000001,0.008,7.500000000000006e-05,0.05375,0.0545,0.054075,0.054,0.00028613807855649016,0.015,0.016,0.015400000000000002,0.015,0.000489897948556636,32,32,2560,10240,51200,False,464,4
0.014,0.017,0.01604761904761905,0.016,0.0005753831415997416,0.008,0.009000000000000001,0.008200000000000002,0.008,0.00040000000000000034,0.0585,0.059250000000000004,0.058787500000000006,0.058750000000000004,0.00021323402636539996,0.02,0.021,0.020850000000000004,0.021,0.00035707142142714284,0.014,0.01425,0.014099999999999998,0.014,0.00012247448713915903,0.059000000000000004,0.059500000000000004,0.05935,0.059250000000000004,0.00014577379737113264,0.00775,0.008,0.0079,0.008,0.00012247448713915903,0.05225,0.05275,0.0525375,0.0525,0.00011924240017711831,0.014,0.016,0.015000000000000003,0.015,0.000316227766016838,32,32,2560,10240,51200,False,456,4
0.013000000000000001,0.016,0.01580952380952381,0.016,0.0006632565846278152,0.008,0.009000000000000001,0.008050000000000002,0.008,0.0002179449471770339,0.058750000000000004,0.059500000000000004,0.05905000000000001,0.059000000000000004,0.00021794494717703388,0.02,0.021,0.020550000000000006,0.021,0.0004974937185533105,0.01425,0.01425,0.014249999999999999,0.01425,1.734723475976807e-18,0.059000000000000004,0.059750000000000004,0.0593875,0.059500000000000004,0.0001672386020032458,0.00775,0.008,0.0077750000000000015,0.00775,7.500000000000006e-05,0.05275,0.05325,0.052912499999999994,0.053,0.0001430690392782451,0.014,0.016,0.014950000000000001,0.015,0.0003840572873934304,32,32,2560,10240,51200,False,448,4
0.013000000000000001,0.017,0.016000000000000004,0.016,0.0008164965809277262,0.008,0.009000000000000001,0.008050000000000002,0.008,0.00021794494717703388,0.0585,0.059250000000000004,0.058887499999999995,0.059000000000000004,0.00025586861863073423,0.02,0.021,0.020450000000000003,0.02,0.0004974937185533105,0.014,0.01425,0.014099999999999998,0.014,0.00012247448713915903,0.058750000000000004,0.059750000000000004,0.059225000000000014,0.059250000000000004,0.0002487468592766552,0.0075,0.00775,0.0075625000000000015,0.0075,0.00010825317547305495,0.05225,0.05275,0.052575,0.0525,0.00013919410907075068,0.014,0.015,0.014700000000000001,0.015,0.0004582575694955836,32,32,2560,10240,51200,False,440,4
0.013000000000000001,0.016,0.01580952380952381,0.016,0.0006632565846278152,0.008,0.008,0.008000000000000002,0.008,1.734723475976807e-18,0.0575,0.059000000000000004,0.058425000000000005,0.0585,0.00035443617196894594,0.019,0.02,0.019900000000000004,0.02,0.0003000000000000003,0.01375,0.014,0.013912500000000003,0.014,0.00011924240017711831,0.0585,0.059000000000000004,0.05863750000000001,0.058625000000000003,0.00014737282653189506,0.00725,0.0075,0.007450000000000001,0.0075,9.999999999999973e-05,0.051500000000000004,0.0525,0.05184999999999999,0.051750000000000004,0.00021505813167606416,0.014,0.015,0.014100000000000001,0.014,0.00029999999999999976,32,32,2560,10240,51200,False,432,4
0.013000000000000001,0.015,0.014904761904761907,0.015,0.0004259177099999596,0.008,0.008,0.008000000000000002,0.008,1.734723475976807e-18,0.05825,0.058750000000000004,0.058437499999999996,0.0585,0.00013404756618454522,0.019,0.02,0.019500000000000003,0.0195,0.0005000000000000004,0.014,0.01425,0.014100000000000001,0.014,0.000122474487139159,0.058750000000000004,0.059250000000000004,0.0590375,0.059000000000000004,0.0001634587103827754,0.00725,0.0075,0.007275000000000001,0.00725,7.49999999999998e-05,0.05275,0.05325,0.0530375,0.053,0.00011924240017711833,0.013000000000000001,0.015,0.013800000000000002,0.014,0.000509901951359278,32,32,2560,10240,51200,False,424,4
0.012,0.015,0.014809523809523812,0.015,0.0006632565846278148,0.008,0.008,0.008000000000000002,0.008,1.734723475976807e-18,0.0575,0.059000000000000004,0.0578125,0.05775,0.00033424354892802377,0.019,0.02,0.019200000000000002,0.019,0.00040000000000000034,0.01375,0.01425,0.0140125,0.014,9.601432184835769e-05,0.058,0.059750000000000004,0.05846250000000001,0.058375,0.0003974528273896165,0.007,0.00725,0.0071,0.007,0.00012247448713915903,0.051750000000000004,0.05325,0.052112500000000006,0.052000000000000005,0.00036635877224381914,0.013000000000000001,0.014,0.013300000000000003,0.013000000000000001,0.00045825756949558356,32,32,2560,10240,51200,False,416,4
0.012,0.015,0.01423809523809524,0.014,0.0006834619092574914,0.008,0.008,0.008000000000000002,0.008,1.734723475976807e-18,0.0575,0.058,0.0577375,0.05775,9.601432184835768e-05,0.019,0.02,0.019050000000000004,0.019,0.00021794494717703388,0.014,0.01425,0.0142125,0.01425,8.926785535678571e-05,0.058,0.0585,0.058324999999999995,0.05825,0.00017853571071357142,0.00675,0.007,0.0069500000000000004,0.007,0.0001000000000000001,0.051750000000000004,0.0525,0.05215000000000001,0.05225,0.0001658312395177671,0.012,0.014,0.013050000000000003,0.013000000000000001,0.0003840572873934303,32,32,2560,10240,51200,False,408,4
0.012,0.015,0.014714285714285716,0.015,0.0006998542122237649,0.008,0.008,0.008000000000000002,0.008,1.734723475976807e-18,0.05775,0.058750000000000004,0.05831249999999999,0.05825,0.0001916213714594488,0.018000000000000002,0.019,0.018550000000000004,0.019,0.0004974937185533088,0.014,0.01425,0.0141125,0.014,0.0001243734296383276,0.058750000000000004,0.059500000000000004,0.059125000000000004,0.059125000000000004,0.0001677050983124844,0.00675,0.007,0.0067625,0.00675,5.448623679425848e-05,0.053,0.05375,0.05325,0.05325,0.00022360679774997917,0.013000000000000001,0.013000000000000001,0.013000000000000003,0.013000000000000001,1.734723475976807e-18,32,32,2560,10240,51200,False,400,4
0.012,0.014,0.01390476190476191,0.014,0.0004259177099999599,0.007,0.008,0.007850000000000001,0.008,0.0003570714214271425,0.0575,0.058,0.057762499999999994,0.05775,0.00012437342963832762,0.018000000000000002,0.019,0.018250000000000006,0.018000000000000002,0.00043301270189221816,0.014,0.01425,0.0141875,0.01425,0.00010825317547305495,0.05825,0.059000000000000004,0.05845,0.0585,0.00021794494717703388,0.006500000000000001,0.007,0.0066250000000000015,0.006500000000000001,0.00014790199457749014,0.052000000000000005,0.05275,0.052337499999999995,0.05225,0.00018157298807917324,0.012,0.013000000000000001,0.012900000000000003,0.013000000000000001,0.00030000000000000024,32,32,2560,10240,51200,False,392,4
0.012,0.015,0.013904761904761906,0.014,0.0005259695722470122,0.008,0.008,0.008000000000000002,0.008,1.734723475976807e-18,0.04925,0.05,0.04961249999999999,0.04975,0.00020116846174288866,0.017,0.018000000000000002,0.017850000000000005,0.018000000000000002,0.00035707142142714284,0.016,0.018000000000000002,0.017287500000000004,0.017625000000000002,0.0007300470875224426,0.0495,0.05025,0.04987500000000001,0.04975,0.00021650635094610984,0.006500000000000001,0.00675,0.006725000000000002,0.00675,7.49999999999998e-05,0.04625,0.04675,0.0464625,0.0465,0.00018157298807917454,0.013000000000000001,0.013000000000000001,0.013000000000000003,0.013000000000000001,1.734723475976807e-18,32,32,2560,10240,51200,False,384,4
0.011,0.014,0.01366666666666667,0.014,0.0007126966450997983,0.007,0.008,0.007850000000000001,0.008,0.0003570714214271425,0.049,0.0495,0.049362500000000004,0.049375,0.00014737282653189506,0.017,0.018000000000000002,0.017400000000000006,0.017,0.000489897948556636,0.01575,0.017750000000000002,0.01725,0.0175,0.0006754628043053154,0.04925,0.05,0.049575,0.0495,0.0001785357107135714,0.006500000000000001,0.00675,0.006575000000000002,0.006500000000000001,0.0001145643923738957,0.046,0.0465,0.046275,0.04625,0.0001561249499599601,0.012,0.013000000000000001,0.012950000000000003,0.013000000000000001,0.00021794494717703385,32,32,2560,10240,51200,False,376,4
0.011,0.014,0.013333333333333338,0.013000000000000001,0.0007126966450997984,0.007,0.008,0.007650000000000001,0.008,0.00047696960070847287,0.04875,0.05,0.04905000000000001,0.049,0.0003409545424246467,0.017,0.018000000000000002,0.017150000000000006,0.017,0.00035707142142714284,0.01575,0.018000000000000002,0.017325,0.01725,0.0004190763653560056,0.04875,0.04975,0.049112499999999996,0.049,0.0002678035660703571,0.00625,0.006500000000000001,0.0064125000000000015,0.006500000000000001,0.00011924240017711833,0.046,0.047,0.046299999999999994,0.04625,0.00026925824035672544,0.012,0.013000000000000001,0.012900000000000003,0.013000000000000001,0.00030000000000000024,32,32,2560,10240,51200,False,368,4
0.011,0.014,0.012761904761904766,0.013000000000000001,0.000609821355945986,0.007,0.008,0.007600000000000001,0.008,0.0004898979485566356,0.04925,0.0495,0.049300000000000004,0.04925,0.00010000000000000007,0.016,0.017,0.016950000000000003,0.017,0.00021794494717703388,0.0155,0.017750000000000002,0.016825,0.01725,0.0007830229881682921,0.049,0.0495,0.049225000000000005,0.04925,0.00017500000000000016,0.006,0.006500000000000001,0.006250000000000001,0.00625,7.905694150420955e-05,0.046,0.0465,0.046200000000000005,0.04625,0.00012747548783981975,0.011,0.013000000000000001,0.011600000000000003,0.012,0.0005830951894845307,32,32,2560,10240,51200,False,360,4
0.011,0.013000000000000001,0.012761904761904766,0.013000000000000001,0.000525969572247013,0.007,0.008,0.007750000000000002,0.008,0.0004330127018922194,0.04875,0.049,0.048775,0.04875,7.500000000000006e-05,0.016,0.017,0.016800000000000002,0.017,0.00040000000000000034,0.017,0.01725,0.017225,0.01725,7.500000000000007e-05,0.0485,0.04875,0.04858749999999999,0.0485,0.00011924240017711831,0.006,0.00625,0.006125000000000001,0.006125,0.0001250000000000001,0.04525,0.046,0.045524999999999996,0.0455,0.00019202864369671538,0.011,0.012,0.011600000000000003,0.012,0.0004898979485566361,32,32,2560,10240,51200,False,352,4
0.01,0.013000000000000001,0.01247619047619048,0.013000000000000001,0.0007315376902732012,0.007,0.008,0.007150000000000001,0.007,0.0003570714214271425,0.0485,0.049,0.0487875,0.04875,0.0001430690392782451,0.016,0.017,0.016650000000000005,0.017,0.0004769696007084733,0.017,0.017750000000000002,0.0172375,0.01725,0.00020116846174288868,0.0485,0.049,0.04869999999999999,0.04875,0.00015000000000000012,0.00575,0.006,0.005950000000000001,0.006,0.00010000000000000007,0.04575,0.046,0.0459125,0.046,0.00011924240017711831,0.011,0.011,0.011000000000000001,0.011,1.734723475976807e-18,32,32,2560,10240,51200,False,344,4
0.01,0.013000000000000001,0.012809523809523812,0.013000000000000001,0.0006632565846278155,0.007,0.008,0.007450000000000001,0.007,0.0004974937185533101,0.049,0.0505,0.049975,0.05,0.00036996621467371885,0.016,0.016,0.016000000000000004,0.016,3.469446951953614e-18,0.01125,0.0115,0.011387500000000002,0.0115,0.0001243734296383276,0.048,0.04875,0.048375,0.048375,0.00016770509831248438,0.00575,0.006,0.005787500000000001,0.00575,8.926785535678571e-05,0.04125,0.042,0.041637499999999994,0.04175,0.00016723860200324578,0.011,0.011,0.011000000000000001,0.011,1.734723475976807e-18,32,32,2560,10240,51200,False,336,4
0.01,0.013000000000000001,0.012000000000000002,0.012,0.000534522483824849,0.007,0.008,0.007150000000000001,0.007,0.0003570714214271425,0.0485,0.049,0.0487,0.04875,0.0001695582495781319,0.015,0.017,0.016000000000000004,0.016,0.0003162277660168382,0.01125,0.0115,0.011400000000000002,0.0115,0.00012247448713915903,0.0475,0.0485,0.0479375,0.048,0.00019162137145944879,0.0055,0.00575,0.005575000000000001,0.0055,0.0001145643923738961,0.0405,0.041,0.04081249999999999,0.04075,0.0001556237449748593,0.011,0.011,0.011000000000000001,0.011,1.734723475976807e-18,32,32,2560,10240,51200,False,328,4
0.01,0.012,0.01185714285714286,0.012,0.00046656947481584356,0.007,0.007,0.007000000000000001,0.007,8.673617379884035e-19,0.03975,0.04075,0.040175,0.04025,0.00025124689052802247,0.015,0.016,0.015050000000000003,0.015,0.00021794494717703385,0.01125,0.0115,0.011425000000000001,0.0115,0.0001145643923738961,0.04775,0.04825,0.047925,0.048,0.00013919410907075068,0.00525,0.0055,0.0054625,0.0055,8.92678553567854e-05,0.0395,0.04,0.039799999999999995,0.03975,0.00012747548783981975,0.01,0.011,0.0108,0.011,0.0003999999999999997,32,32,2560,10240,51200,False,320,4
0.01,0.012,0.011714285714285717,0.012,0.0005471012044321935,0.007,0.008,0.0071,0.007,0.00030000000000000003,0.0395,0.04075,0.040162500000000004,0.04025,0.00024076700355322796,0.014,0.016,0.015000000000000003,0.015,0.000316227766016838,0.01125,0.0115,0.011400000000000002,0.0115,0.00012247448713915903,0.04725,0.04775,0.047562499999999994,0.0475,0.0001556237449748593,0.00525,0.00525,0.005250000000000001,0.00525,8.673617379884035e-19,0.0395,0.03975,0.03957499999999999,0.0395,0.0001145643923738961,0.009000000000000001,0.011,0.010050000000000002,0.01,0.0005894913061275794,32,32,2560,10240,51200,False,312,4
0.009000000000000001,0.012,0.011380952380952384,0.011,0.0007221786137191953,0.007,0.008,0.0071,0.007,0.00030000000000000003,0.03925,0.0405,0.0398125,0.03975,0.000304907772941262,0.014,0.015,0.014350000000000002,0.014,0.0004769696007084724,0.01125,0.0115,0.011375000000000001,0.011375,0.0001250000000000001,0.0465,0.0475,0.046900000000000004,0.046875,0.00021505813167606584,0.005,0.00525,0.005050000000000001,0.005,0.00010000000000000009,0.0395,0.04,0.039737499999999995,0.03975,0.0001243734296383276,0.009000000000000001,0.01,0.009650000000000002,0.01,0.0004769696007084724,32,32,2560,10240,51200,False,304,4
0.009000000000000001,0.012,0.010952380952380955,0.011,0.0004856209060564555,0.007,0.007,0.007000000000000001,0.007,8.673617379884035e-19,0.03975,0.04,0.039799999999999995,0.03975,0.00010000000000000009,0.014,0.015,0.014100000000000001,0.014,0.00029999999999999976,0.0115,0.0115,0.011500000000000002,0.0115,1.734723475976807e-18,0.047,0.0475,0.047225,0.04725,0.0001561249499599601,0.00475,0.005,0.004950000000000001,0.005,0.00010000000000000007,0.03975,0.04,0.039850000000000003,0.03975,0.00012247448713915903,0.009000000000000001,0.009000000000000001,0.009000000000000003,0.009000000000000001,1.734723475976807e-18,32,32,2560,10240,51200,False,296,4
0.009000000000000001,0.011,0.010904761904761907,0.011,0.0004259177099999596,0.007,0.007,0.007000000000000001,0.007,8.673617379884035e-19,0.039,0.0395,0.039275,0.03925,0.00015612494995996009,0.014,0.014,0.014000000000000002,0.014,1.734723475976807e-18,0.013000000000000001,0.01325,0.013175000000000001,0.01325,0.0001145643923738953,0.04,0.0405,0.040275,0.04025,0.00013462912017836272,0.0045000000000000005,0.00475,0.004700000000000001,0.00475,9.999999999999973e-05,0.038,0.03875,0.038212499999999996,0.03825,0.00019803724397193592,0.009000000000000001,0.009000000000000001,0.009000000000000003,0.009000000000000001,1.734723475976807e-18,32,32,2560,10240,51200,False,288,4
0.009000000000000001,0.011,0.010761904761904764,0.011,0.000525969572247012,0.007,0.007,0.007000000000000001,0.007,8.673617379884035e-19,0.03925,0.03975,0.0394625,0.0395,0.00011924240017711831,0.013000000000000001,0.014,0.013600000000000004,0.014,0.0004898979485566352,0.012750000000000001,0.013000000000000001,0.012987500000000003,0.013000000000000001,5.448623679425846e-05,0.04025,0.0405,0.040412500000000004,0.0405,0.0001192424001771183,0.00425,0.0045000000000000005,0.0044750000000000015,0.0045000000000000005,7.500000000000007e-05,0.038,0.03825,0.03805000000000001,0.038,0.00010000000000000009,0.009000000000000001,0.009000000000000001,0.009000000000000003,0.009000000000000001,1.734723475976807e-18,32,32,2560,10240,51200,False,280,4
0.009000000000000001,0.011,0.010380952380952383,0.01,0.0005753831415997411,0.007,0.007,0.007000000000000001,0.007,8.673617379884035e-19,0.03925,0.04,0.03975,0.03975,0.0002091650066335191,0.013000000000000001,0.014,0.013900000000000004,0.014,0.00029999999999999976,0.0125,0.012750000000000001,0.012675000000000002,0.012750000000000001,0.00011456439237389609,0.04225,0.04275,0.0424875,0.0425,0.0001672386020032458,0.00375,0.00425,0.0040125000000000004,0.004,9.601432184835768e-05,0.03875,0.03975,0.0391625,0.039125,0.00022741756748325334,0.009000000000000001,0.009000000000000001,0.009000000000000003,0.009000000000000001,1.734723475976807e-18,32,32,2560,10240,51200,False,272,4
0.008,0.011,0.009952380952380954,0.01,0.0004856209060564556,0.007,0.007,0.007000000000000001,0.007,8.673617379884035e-19,0.03925,0.03975,0.039549999999999995,0.0395,0.00012747548783981972,0.013000000000000001,0.014,0.013250000000000003,0.013000000000000001,0.00043301270189221897,0.0125,0.012750000000000001,0.012725000000000004,0.012750000000000001,7.500000000000006e-05,0.042,0.0425,0.042300000000000004,0.04225,0.0001695582495781319,0.00375,0.004,0.0038625000000000005,0.00375,0.0001243734296383276,0.03825,0.03925,0.038575,0.0385,0.0003269174207655508,0.008,0.009000000000000001,0.008200000000000002,0.008,0.00040000000000000034,32,32,2560,10240,51200,False,264,4
0.008,0.011,0.009952380952380956,0.01,0.00048562090605645564,0.007,0.007,0.007000000000000001,0.007,8.673617379884035e-19,0.0395,0.03975,0.03951249999999999,0.0395,5.448623679425847e-05,0.013000000000000001,0.013000000000000001,0.013000000000000003,0.013000000000000001,1.734723475976807e-18,0.011,0.01125,0.011237500000000001,0.01125,5.448623679425846e-05,0.029500000000000002,0.03,0.029725,0.029750000000000002,0.00013462912017836201,0.0035,0.00375,0.0037125000000000005,0.00375,8.926785535678556e-05,0.03775,0.03875,0.038337500000000004,0.03825,0.00027698149757700443,0.007,0.008,0.007850000000000001,0.008,0.0003570714214271425,32,32,2560,10240,51200,False,256,4
0.008,0.01,0.009714285714285717,0.01,0.0005471012044321931,0.007,0.007,0.007000000000000001,0.007,8.673617379884035e-19,0.0395,0.03975,0.03957499999999999,0.0395,0.0001145643923738961,0.01,0.011,0.010900000000000002,0.011,0.00029999999999999976,0.011,0.01125,0.011200000000000002,0.01125,0.00010000000000000009,0.029500000000000002,0.03,0.02981250000000001,0.029750000000000002,0.00015562374497485784,0.0032500000000000003,0.00375,0.0034875,0.0035,0.00012437342963832735,0.038,0.039,0.0383125,0.03825,0.00026070817018267786,0.009000000000000001,0.01,0.009050000000000002,0.009000000000000001,0.00021794494717703353,32,32,2560,10240,51200,False,248,4
0.008,0.01,0.00904761904761905,0.009000000000000001,0.0003749527559053243,0.007,0.007,0.007000000000000001,0.007,8.673617379884035e-19,0.03925,0.0395,0.039349999999999996,0.03925,0.000122474487139159,0.01,0.011,0.010700000000000001,0.011,0.00045825756949558367,0.011,0.01125,0.011200000000000002,0.01125,0.00010000000000000009,0.029500000000000002,0.03,0.029725,0.029750000000000002,0.00017499999999999905,0.003,0.0035,0.0032500000000000007,0.0032500000000000003,0.00011180339887498949,0.03775,0.03875,0.0382,0.03825,0.00026925824035672544,0.009000000000000001,0.009000000000000001,0.009000000000000003,0.009000000000000001,1.734723475976807e-18,32,32,2560,10240,51200,False,240,4
0.008,0.01,0.00928571428571429,0.009000000000000001,0.0005471012044321929,0.007,0.007,0.007000000000000001,0.007,8.673617379884035e-19,0.039,0.03925,0.039212500000000004,0.03925,8.92678553567857e-05,0.01,0.011,0.0102,0.01,0.0003999999999999996,0.011,0.01125,0.011200000000000002,0.01125,0.00010000000000000009,0.02925,0.029750000000000002,0.0295375,0.029500000000000002,0.00011924240017711833,0.003,0.0032500000000000003,0.0030375000000000007,0.003,8.92678553567857e-05,0.03775,0.03875,0.03808750000000001,0.038,0.00022741756748325336,0.008,0.009000000000000001,0.008900000000000002,0.009000000000000001,0.0003000000000000003,32,32,2560,10240,51200,False,232,4
0.007,0.009000000000000001,0.008571428571428574,0.009000000000000001,0.0005832118435198046,0.007,0.007,0.007000000000000001,0.007,8.673617379884035e-19,0.039,0.03925,0.039175,0.03925,0.0001145643923738961,0.009000000000000001,0.01,0.009900000000000003,0.01,0.00029999999999999976,0.011,0.01125,0.011225000000000002,0.01125,7.500000000000006e-05,0.02925,0.029500000000000002,0.029449999999999997,0.029500000000000002,0.00010000000000000009,0.00275,0.0032500000000000003,0.0028750000000000004,0.00275,0.00014790199457749052,0.03725,0.038,0.037724999999999995,0.03775,0.0002487468592766552,0.006,0.009000000000000001,0.007400000000000001,0.007,0.0014282856857085705,32,32,2560,10240,51200,False,224,4
0.007,0.009000000000000001,0.008095238095238096,0.008,0.0004259177099999602,0.007,0.007,0.007000000000000001,0.007,8.673617379884035e-19,0.039,0.03925,0.03903750000000001,0.039,8.92678553567857e-05,0.009000000000000001,0.01,0.009100000000000002,0.009000000000000001,0.00029999999999999976,0.01225,0.012750000000000001,0.012675000000000002,0.012750000000000001,0.00013919410907075068,0.029500000000000002,0.03,0.02971250000000001,0.029750000000000002,0.0001430690392782444,0.0025,0.00275,0.0027125000000000005,0.00275,8.926785535678555e-05,0.0325,0.033,0.03271250000000001,0.03275,0.0001192424001771183,0.007,0.009000000000000001,0.007800000000000001,0.0075,0.0008717797887081351,32,32,2560,10240,51200,False,216,4
0.007,0.009000000000000001,0.008380952380952383,0.008,0.000575383141599742,0.007,0.007,0.007000000000000001,0.007,8.673617379884035e-19,0.039,0.03925,0.03908750000000001,0.039,0.00011924240017711831,0.009000000000000001,0.01,0.009050000000000002,0.009000000000000001,0.00021794494717703353,0.01225,0.012750000000000001,0.012625000000000003,0.012750000000000001,0.00016770509831248438,0.029500000000000002,0.029750000000000002,0.029574999999999997,0.029500000000000002,0.00011456439237389608,0.0022500000000000003,0.00275,0.0025125000000000004,0.0025,9.601432184835751e-05,0.0325,0.033,0.03281250000000001,0.03275,0.0001556237449748593,0.008,0.009000000000000001,0.008300000000000002,0.008,0.0004582575694955844,32,32,2560,10240,51200,False,208,4
0.007,0.008,0.007952380952380954,0.008,0.00021295885499997998,0.007,0.007,0.007000000000000001,0.007,8.673617379884035e-19,0.039,0.03925,0.03905000000000001,0.039,0.0001000000000000001,0.008,0.009000000000000001,0.008700000000000003,0.009000000000000001,0.0004582575694955844,0.01225,0.0125,0.012387500000000003,0.0125,0.0001243734296383276,0.029500000000000002,0.03,0.029712500000000003,0.029750000000000002,0.0001634587103827745,0.0022500000000000003,0.0025,0.0022750000000000005,0.0022500000000000003,7.499999999999994e-05,0.03225,0.033,0.03267500000000001,0.03275,0.00019525624189766655,0.008,0.008,0.008000000000000002,0.008,1.734723475976807e-18,32,32,2560,10240,51200,False,200,4
0.006,0.008,0.007761904761904763,0.008,0.0005259695722470124,0.007,0.007,0.007000000000000001,0.007,8.673617379884035e-19,0.02375,0.024,0.0239375,0.024,0.00010825317547305493,0.005,0.005,0.005000000000000001,0.005,8.673617379884035e-19,0.00875,0.009000000000000001,0.008800000000000002,0.00875,0.00010000000000000007,0.029,0.029500000000000002,0.029287500000000005,0.02925,0.00011924240017711833,0.002,0.0025,0.0021750000000000007,0.0022500000000000003,0.00013919410907075062,0.03975,0.0405,0.040125,0.04025,0.00018540496217739176,0.007,0.008,0.007950000000000002,0.008,0.00021794494717703366,32,32,2560,10240,51200,False,192,4
0.006,0.008,0.007095238095238096,0.007,0.00042591770999995997,0.007,0.007,0.007000000000000001,0.007,8.673617379884035e-19,0.0235,0.02425,0.023875,0.02375,0.00018540496217739176,0.005,0.005,0.005000000000000001,0.005,8.673617379884035e-19,0.00875,0.009000000000000001,0.008762500000000003,0.00875,5.448623679425846e-05,0.02875,0.029500000000000002,0.0291625,0.02925,0.0001815729880791745,0.002,0.0022500000000000003,0.0021125000000000007,0.002,0.0001243734296383276,0.039,0.04025,0.0397125,0.03975,0.00033796264586489463,0.006,0.008,0.0071,0.007,0.0004358898943540673,32,32,2560,10240,51200,False,184,4
0.006,0.007,0.006952380952380955,0.007,0.00021295885499997996,0.007,0.007,0.007000000000000001,0.007,8.673617379884035e-19,0.03075,0.03125,0.03096250000000001,0.031,0.0001192424001771183,0.005,0.005,0.005000000000000001,0.005,8.673617379884035e-19,0.00875,0.00875,0.008750000000000003,0.00875,1.734723475976807e-18,0.034,0.0345,0.0343125,0.03425,0.00013404756618454522,0.002,0.0022500000000000003,0.0020250000000000003,0.002,7.500000000000007e-05,0.039,0.04,0.039474999999999996,0.0395,0.0002727178028658931,0.006,0.007,0.006100000000000001,0.006,0.00030000000000000003,32,32,2560,10240,51200,False,176,4
0.006,0.007,0.006952380952380955,0.007,0.00021295885499997996,0.007,0.007,0.007000000000000001,0.007,8.673617379884035e-19,0.0305,0.031,0.030637499999999995,0.030625,0.00014737282653189506,0.004,0.005,0.004050000000000001,0.004,0.0002179449471770337,0.00875,0.009000000000000001,0.008762500000000003,0.00875,5.448623679425846e-05,0.03375,0.03425,0.03396250000000001,0.034,0.00014306903927824508,0.00175,0.002,0.0017875000000000002,0.00175,8.926785535678563e-05,0.03875,0.03975,0.03925,0.03925,0.00029580398915498104,0.006,0.006,0.006000000000000001,0.006,8.673617379884035e-19,32,32,2560,10240,51200,False,168,4
0.005,0.007,0.006904761904761907,0.007,0.0004259177099999599,0.007,0.007,0.007000000000000001,0.007,8.673617379884035e-19,0.026000000000000002,0.02625,0.026175000000000004,0.02625,0.00011456439237389451,0.007,0.008,0.007350000000000001,0.007,0.00047696960070847287,0.0085,0.00875,0.008587500000000001,0.0085,0.0001192424001771183,0.03375,0.034,0.0339,0.034,0.00012247448713915903,0.0015,0.00175,0.0016750000000000005,0.00175,0.00011456439237389601,0.0385,0.0395,0.039,0.039,0.00023717082451262864,0.005,0.006,0.0056500000000000005,0.006,0.0004769696007084729,32,32,2560,10240,51200,False,160,4
0.005,0.007,0.006904761904761907,0.007,0.0004259177099999599,0.007,0.007,0.007000000000000001,0.007,8.673617379884035e-19,0.026000000000000002,0.02625,0.026025000000000003,0.026000000000000002,7.499999999999902e-05,0.007,0.008,0.007400000000000001,0.007,0.0004898979485566357,0.0085,0.00875,0.008537500000000002,0.0085,8.926785535678571e-05,0.03375,0.034,0.033762499999999994,0.03375,5.448623679425847e-05,0.00125,0.0015,0.0014875000000000003,0.0015,5.4486236794258416e-05,0.03775,0.039,0.0383875,0.0385,0.0003007802353878994,0.005,0.006,0.005300000000000001,0.005,0.00045825756949558405,32,32,2560,10240,51200,False,152,4
0.005,0.007,0.006619047619047621,0.007,0.0005753831415997416,0.007,0.007,0.007000000000000001,0.007,8.673617379884035e-19,0.025750000000000002,0.026000000000000002,0.02597500000000001,0.026000000000000002,7.500000000000007e-05,0.007,0.008,0.007050000000000001,0.007,0.0002179449471770337,0.0085,0.00875,0.008562500000000002,0.0085,0.00010825317547305495,0.0335,0.03425,0.033650000000000006,0.0335,0.00020000000000000017,0.00125,0.0015,0.0014375000000000002,0.0015,0.00010825317547305484,0.03775,0.039,0.0383875,0.038375,0.0003990222424878095,0.005,0.006,0.005050000000000001,0.005,0.0002179449471770337,32,32,2560,10240,51200,False,144,4
0.005,0.006,0.005952380952380954,0.006,0.00021295885499997998,0.007,0.007,0.007000000000000001,0.007,8.673617379884035e-19,0.025750000000000002,0.026000000000000002,0.025837500000000003,0.025750000000000002,0.0001192424001771183,0.007,0.007,0.007000000000000001,0.007,8.673617379884035e-19,0.0085,0.00875,0.008587500000000001,0.0085,0.00011924240017711828,0.0335,0.03375,0.033512499999999994,0.0335,5.448623679425847e-05,0.00125,0.0015,0.0014375000000000002,0.0015,0.00010825317547305484,0.0285,0.029,0.028662500000000007,0.02875,0.00014306903927824508,0.004,0.005,0.004400000000000001,0.004,0.0004898979485566357,32,32,2560,10240,51200,False,136,4
0.005,0.006,0.005952380952380954,0.006,0.00021295885499997998,0.007,0.007,0.007000000000000001,0.007,8.673617379884035e-19,0.023,0.02325,0.0231875,0.02325,0.00010825317547305495,0.006,0.007,0.006950000000000002,0.007,0.00021794494717703366,0.00975,0.00975,0.009750000000000002,0.00975,1.734723475976807e-18,0.029500000000000002,0.03025,0.02981250000000001,0.029750000000000002,0.00015562374497485795,0.001,0.00125,0.0012250000000000004,0.00125,7.500000000000001e-05,0.029750000000000002,0.03025,0.030025000000000003,0.03,0.00010897247358851649,0.004,0.005,0.004900000000000002,0.005,0.00030000000000000003,32,32,2560,10240,51200,False,128,4
0.004,0.006,0.005904761904761906,0.006,0.00042591770999995997,0.007,0.007,0.007000000000000001,0.007,8.673617379884035e-19,0.023,0.0235,0.023125,0.023,0.00014790199457749052,0.006,0.007,0.006800000000000002,0.007,0.0004,0.0085,0.00875,0.008737500000000002,0.00875,5.448623679425846e-05,0.029,0.02925,0.029150000000000002,0.02925,0.00012247448713915903,0.001,0.00125,0.0010125000000000002,0.001,5.448623679425842e-05,0.031,0.0315,0.0311625,0.03125,0.00014306903927824508,0.004,0.005,0.004900000000000002,0.005,0.00030000000000000003,32,32,2560,10240,51200,False,120,4
0.004,0.006,0.0058571428571428585,0.006,0.0004665694748158435,0.007,0.007,0.007000000000000001,0.007,8.673617379884035e-19,0.023,0.0235,0.023050000000000005,0.023,0.00012747548783981975,0.006,0.007,0.006400000000000001,0.006,0.0004898979485566357,0.01125,0.01175,0.011462500000000002,0.0115,0.00011924240017711828,0.029500000000000002,0.03,0.02965000000000001,0.029750000000000002,0.00014577379737113223,0.001,0.001,0.0010000000000000002,0.001,2.168404344971009e-19,0.031,0.032,0.031487499999999995,0.0315,0.0002011684617428887,0.004,0.005,0.004450000000000001,0.004,0.0004974937185533101,32,32,2560,10240,51200,False,112,4
0.004,0.006,0.005571428571428573,0.006,0.0005832118435198043,0.007,0.007,0.007000000000000001,0.007,8.673617379884035e-19,0.021750000000000002,0.022,0.0219,0.022,0.00012247448713915732,0.004,0.004,0.004000000000000001,0.004,8.673617379884035e-19,0.0095,0.00975,0.009512500000000002,0.0095,5.448623679425846e-05,0.029500000000000002,0.03,0.029675000000000014,0.029750000000000002,0.00013919410907075027,0.001,0.001,0.0010000000000000002,0.001,2.168404344971009e-19,0.029500000000000002,0.03025,0.0299125,0.03,0.0001980372439719344,0.004,0.004,0.004000000000000001,0.004,8.673617379884035e-19,32,32,2560,10240,51200,False,104,4
0.004,0.005,0.004952380952380954,0.005,0.00021295885499997998,0.007,0.007,0.007000000000000001,0.007,8.673617379884035e-19,0.021750000000000002,0.022,0.021925,0.022,0.00011456439237389451,0.004,0.004,0.004000000000000001,0.004,8.673617379884035e-19,0.009000000000000001,0.00925,0.009237500000000001,0.00925,5.448623679425809e-05,0.029500000000000002,0.029750000000000002,0.0296375,0.029750000000000002,0.0001243734296383276,0.001,0.001,0.0010000000000000002,0.001,2.168404344971009e-19,0.02925,0.03,0.029574999999999997,0.029500000000000002,0.00017853571071357101,0.004,0.005,0.004300000000000001,0.004,0.00045825756949558405,32,32,2560,10240,51200,False,96,4
0.004,0.005,0.004333333333333335,0.004,0.0004714045207910317,0.006,0.007,0.006150000000000001,0.006,0.0003570714214271425,0.02125,0.021500000000000002,0.021312500000000005,0.02125,0.00010825317547305492,0.004,0.004,0.004000000000000001,0.004,8.673617379884035e-19,0.0075,0.0075,0.0075000000000000015,0.0075,1.734723475976807e-18,0.027,0.0275,0.02705,0.027,0.00012747548783981975,0.001,0.001,0.0010000000000000002,0.001,2.168404344971009e-19,0.026000000000000002,0.0265,0.026287500000000002,0.02625,0.0001430690392782444,0.004,0.004,0.004000000000000001,0.004,8.673617379884035e-19,32,32,2560,10240,51200,False,88,4
0.003,0.005,0.004000000000000001,0.004,0.00030860669992418383,0.006,0.007,0.0060500000000000016,0.006,0.0002179449471770337,0.02125,0.021750000000000002,0.021437500000000005,0.021500000000000002,0.00013404756618454522,0.004,0.004,0.004000000000000001,0.004,8.673617379884035e-19,0.00825,0.0085,0.008350000000000002,0.00825,0.000122474487139159,0.0265,0.027,0.026875000000000003,0.027,0.00014790199457749052,0.00075,0.00075,0.0007500000000000001,0.00075,1.0842021724855044e-19,0.02825,0.02925,0.028749999999999998,0.02875,0.00028504385627478476,0.004,0.004,0.004000000000000001,0.004,8.673617379884035e-19,32,32,2560,10240,51200,False,80,4
0.003,0.005,0.004000000000000001,0.004,0.00030860669992418383,0.006,0.006,0.006000000000000001,0.006,8.673617379884035e-19,0.021750000000000002,0.02225,0.021887499999999997,0.021750000000000002,0.00018498310733685788,0.004,0.004,0.004000000000000001,0.004,8.673617379884035e-19,0.009000000000000001,0.009000000000000001,0.009000000000000003,0.009000000000000001,1.734723475976807e-18,0.02725,0.0275,0.0274125,0.0275,0.00011924240017711828,0.00075,0.00075,0.0007500000000000001,0.00075,1.0842021724855044e-19,0.02875,0.02925,0.029050000000000003,0.029,0.00012747548783981972,0.004,0.004,0.004000000000000001,0.004,8.673617379884035e-19,32,32,2560,10240,51200,False,72,4
0.003,0.004,0.003952380952380953,0.004,0.00021295885499997998,0.006,0.006,0.006000000000000001,0.006,8.673617379884035e-19,0.021,0.02125,0.021025000000000005,0.021,7.500000000000006e-05,0.005,0.006,0.005750000000000001,0.006,0.00043301270189221935,0.00725,0.0075,0.007262500000000001,0.00725,5.448623679425829e-05,0.026000000000000002,0.0265,0.0263,0.02625,0.00012747548783981932,0.00075,0.00075,0.0007500000000000001,0.00075,1.0842021724855044e-19,0.02775,0.028,0.027875000000000004,0.027875,0.0001250000000000001,0.002,0.004,0.0035000000000000005,0.004,0.0005916079783099615,32,32,2560,10240,51200,False,64,4
0.003,0.004,0.003047619047619048,0.003,0.00021295885499998,0.006,0.006,0.006000000000000001,0.006,8.673617379884035e-19,0.02025,0.0205,0.020287499999999997,0.02025,8.926785535678571e-05,0.005,0.006,0.0054,0.005,0.0004898979485566356,0.00825,0.0085,0.008287500000000001,0.00825,8.926785535678571e-05,0.0265,0.027,0.0266125,0.0265,0.0001473728265318951,0.00075,0.00075,0.0007500000000000001,0.00075,1.0842021724855044e-19,0.025,0.025500000000000002,0.025250000000000005,0.02525,0.00011180339887498958,0.003,0.004,0.003350000000000001,0.003,0.00047696960070847287,32,32,2560,10240,51200,False,56,4
0.003,0.003,0.0030000000000000005,0.003,4.336808689942018e-19,0.006,0.006,0.006000000000000001,0.006,8.673617379884035e-19,0.02,0.02025,0.020050000000000005,0.02,0.00010000000000000007,0.005,0.006,0.0051,0.005,0.00030000000000000003,0.008,0.008,0.008000000000000002,0.008,1.734723475976807e-18,0.02625,0.02675,0.026424999999999997,0.026375,0.00019525624189766655,0.00075,0.00075,0.0007500000000000001,0.00075,1.0842021724855044e-19,0.025,0.02525,0.025150000000000006,0.02525,0.000122474487139159,0.003,0.003,0.0030000000000000005,0.003,4.336808689942018e-19,32,32,2560,10240,51200,False,48,4
0.003,0.003,0.0030000000000000005,0.003,4.336808689942018e-19,0.005,0.006,0.005350000000000001,0.005,0.0004769696007084728,0.02025,0.0205,0.0203125,0.02025,0.00010825317547305495,0.005,0.005,0.005000000000000001,0.005,8.673617379884035e-19,0.008,0.008,0.008000000000000002,0.008,1.734723475976807e-18,0.026000000000000002,0.0265,0.02615,0.026125000000000002,0.0001658312395177686,0.0005,0.00075,0.0006375,0.00075,0.0001243734296383275,0.02675,0.027,0.026850000000000002,0.02675,0.00012247448713915903,0.002,0.002,0.0020000000000000005,0.002,4.336808689942018e-19,32,32,2560,10240,51200,False,40,4
0.002,0.003,0.002952380952380953,0.003,0.00021295885499997998,0.005,0.006,0.005050000000000001,0.005,0.0002179449471770337,0.02,0.02025,0.020200000000000003,0.02025,0.00010000000000000009,0.005,0.005,0.005000000000000001,0.005,8.673617379884035e-19,0.007,0.00725,0.0070125000000000005,0.007,5.448623679425848e-05,0.025500000000000002,0.025750000000000002,0.025662499999999998,0.025750000000000002,0.00011924240017711831,0.0005,0.00075,0.0005125000000000002,0.0005,5.448623679425842e-05,0.0265,0.02675,0.02670000000000001,0.02675,0.00010000000000000009,0.002,0.002,0.0020000000000000005,0.002,4.336808689942018e-19,32,32,2560,10240,51200,False,32,4
0.002,0.003,0.002952380952380953,0.003,0.00021295885499997998,0.005,0.005,0.005000000000000001,0.005,8.673617379884035e-19,0.0195,0.01975,0.0197125,0.01975,8.926785535678571e-05,0.005,0.005,0.005000000000000001,0.005,8.673617379884035e-19,0.007,0.007,0.007000000000000001,0.007,8.673617379884035e-19,0.025500000000000002,0.025750000000000002,0.025550000000000007,0.025500000000000002,0.00010000000000000009,0.0005,0.0005,0.0005000000000000001,0.0005,1.0842021724855044e-19,0.02625,0.0265,0.0264625,0.0265,8.926785535678571e-05,0.002,0.002,0.0020000000000000005,0.002,4.336808689942018e-19,32,32,2560,10240,51200,False,24,4
0.007,0.011,0.01,0.01,0.0007559289460184543,0.005,0.006,0.005050000000000001,0.005,0.0002179449471770337,0.0195,0.01975,0.019700000000000002,0.01975,0.00010000000000000009,0.005,0.005,0.005000000000000001,0.005,8.673617379884035e-19,0.0075,0.00775,0.007625000000000002,0.007625,0.0001250000000000001,0.025750000000000002,0.026000000000000002,0.025837500000000003,0.025750000000000002,0.0001192424001771183,0.0005,0.0005,0.0005000000000000001,0.0005,1.0842021724855044e-19,0.0265,0.027,0.026737500000000004,0.02675,9.601432184835768e-05,0.002,0.003,0.0022500000000000007,0.002,0.00043301270189221935,32,32,2560,10240,51200,False,16,4
0.004,0.006,0.005904761904761906,0.006,0.00042591770999995997,0.005,0.005,0.005000000000000001,0.005,8.673617379884035e-19,0.01925,0.0195,0.019475,0.0195,7.500000000000006e-05,0.004,0.005,0.004900000000000002,0.005,0.00030000000000000003,0.00725,0.0075,0.007425000000000001,0.0075,0.0001145643923738957,0.02525,0.025750000000000002,0.025500000000000005,0.025500000000000002,0.00013693063937629166,0.0005,0.0005,0.0005000000000000001,0.0005,1.0842021724855044e-19,0.0265,0.0265,0.026500000000000003,0.0265,3.469446951953614e-18,0.002,0.003,0.0021000000000000003,0.002,0.00030000000000000003,32,32,2560,10240,51200,False,8,4
0.003,0.004,0.003095238095238096,0.003,0.00029354352395090366,0.005,0.005,0.005000000000000001,0.005,8.673617379884035e-19,0.01925,0.0195,0.019412500000000003,0.0195,0.0001192424001771183,0.004,0.005,0.004550000000000001,0.005,0.00049749371855331,0.00725,0.0075,0.007262500000000001,0.00725,5.448623679425829e-05,0.02325,0.02325,0.02325,0.02325,0.0,0.0005,0.0005,0.0005000000000000001,0.0005,1.0842021724855044e-19,0.02625,0.0265,0.0263125,0.02625,0.00010825317547305493,0.002,0.002,0.0020000000000000005,0.002,4.336808689942018e-19,32,32,2560,10240,51200,False,4,4
0.002,0.003,0.002047619047619048,0.002,0.00021295885499998,0.005,0.005,0.005000000000000001,0.005,8.673617379884035e-19,0.01925,0.0195,0.0193125,0.01925,0.00010825317547305493,0.004,0.005,0.004450000000000001,0.004,0.0004974937185533101,0.00725,0.0075,0.007262500000000001,0.00725,5.448623679425829e-05,0.023,0.02325,0.02315,0.02325,0.00012247448713915903,0.0005,0.0005,0.0005000000000000001,0.0005,1.0842021724855044e-19,0.02625,0.0265,0.0263125,0.02625,0.00010825317547305495,0.002,0.002,0.0020000000000000005,0.002,4.336808689942018e-19,32,32,2560,10240,51200,False,2,4
0.002,0.002,0.0020000000000000005,0.002,4.336808689942018e-19,0.005,0.006,0.005050000000000001,0.005,0.0002179449471770337,0.018000000000000002,0.0185,0.018037500000000005,0.018000000000000002,0.00011924240017711734,0.004,0.005,0.004400000000000001,0.004,0.0004898979485566357,0.007,0.007,0.007000000000000001,0.007,8.673617379884035e-19,0.024,0.02425,0.024075000000000003,0.024,0.0001145643923738961,0.0005,0.0005,0.0005000000000000001,0.0005,1.0842021724855044e-19,0.02525,0.025500000000000002,0.0252875,0.02525,8.926785535678571e-05,0.002,0.002,0.0020000000000000005,0.002,4.336808689942018e-19,32,32,2560,10240,51200,False,1,4
0.124,0.135,0.1300952380952381,0.131,0.004330454302624635,0.097,0.101,0.0986,0.0985,0.0011135528725660054,0.171375,0.183625,0.17801874999999998,0.17931249999999999,0.004768922015246213,0.182,0.186,0.18435,0.185,0.001061838029079766,0.055625,0.061375,0.058812500000000004,0.059875,0.002414636359785878,0.22625,0.24125,0.23445625000000003,0.23575000000000002,0.005762252570609864,0.036625,0.037,0.03685,0.036875,0.00010897247358851693,0.211125,0.230375,0.22271875000000002,0.228,0.007759860159017042,0.221,0.225,0.22250000000000006,0.222,0.0009219544457292896,32,32,2560,10240,51200,False,4096,8
0.122,0.134,0.1290952380952381,0.132,0.0043084055376257265,0.097,0.10300000000000001,0.10030000000000001,0.1,0.0015524174696260038,0.167625,0.181875,0.17615,0.179875,0.005858034013216378,0.183,0.186,0.18445000000000003,0.1845,0.0009733961166965903,0.0545,0.060625,0.058581249999999994,0.0601875,0.0023198447550428873,0.22062500000000002,0.238875,0.23175000000000004,0.2365625,0.007480391032559729,0.03675,0.037125,0.036918749999999986,0.036875,0.00010661701318269998,0.206625,0.228,0.22029375,0.2258125,0.008423300551891754,0.221,0.224,0.22245000000000004,0.2225,0.0007399324293474378,32,32,2560,10240,51200,False,4096,8
0.122,0.133,0.12895238095238096,0.131,0.0035250962901565265,0.097,0.10300000000000001,0.09930000000000001,0.099,0.0014177446878757838,0.16975,0.1815,0.17696875,0.1785,0.004892416804351399,0.182,0.185,0.1832,0.183,0.0008717797887081355,0.05525,0.0605,0.058668750000000006,0.059437500000000004,0.002107010248551249,0.22362500000000002,0.23825000000000002,0.2325875,0.234625,0.005924670349479372,0.036375,0.03675,0.036593749999999994,0.036625,0.0001109264959331179,0.2085,0.22775,0.2209125,0.2255625,0.008113751829455966,0.22,0.222,0.22095000000000004,0.221,0.0007399324293474377,32,32,2560,10240,51200,False,4064,8
0.122,0.133,0.12795238095238098,0.13,0.0038972052315447885,0.095,0.10200000000000001,0.09790000000000001,0.098,0.0013379088160259665,0.161125,0.17275000000000001,0.16793125,0.16962500000000003,0.004896024375705257,0.181,0.184,0.18255,0.1825,0.0008645808232895299,0.05525,0.061125,0.05908125000000001,0.0600625,0.002258413090535032,0.2155,0.23,0.2238375,0.2259375,0.0061242474027426415,0.03625,0.0365,0.03635624999999999,0.036375,0.00010661701318269998,0.209,0.230125,0.22283125000000004,0.2276875,0.008698893158758762,0.218,0.223,0.21925,0.219,0.001219631091765048,32,32,2560,10240,51200,False,4032,8
0.121,0.131,0.1275238095238095,0.13,0.0034726008863818192,0.096,0.099,0.09725,0.097,0.0009937303457175904,0.15925,0.17225000000000001,0.16655625000000002,0.16843750000000002,0.0054770080507061504,0.18,0.183,0.18149999999999997,0.1815,0.0009219544457292896,0.055125,0.061,0.05863125,0.0595,0.0023652678891618165,0.21175,0.2295,0.22207499999999997,0.22425,0.007185314885236416,0.035750000000000004,0.03625,0.03605625,0.0360625,0.00011507470399700959,0.207875,0.23,0.22220000000000004,0.22762500000000002,0.00874583829601257,0.216,0.219,0.21749999999999997,0.218,0.0008062257748298557,32,32,2560,10240,51200,False,4000,8
0.117,0.13,0.1249047619047619,0.127,0.004628120691359166,0.095,0.099,0.09615,0.096,0.0009096702699330133,0.15862500000000002,0.170375,0.165725,0.1671875,0.00470929931093788,0.178,0.181,0.17995,0.18,0.0008645808232895298,0.055,0.060375,0.058362500000000005,0.059250000000000004,0.002167912302193056,0.2145,0.22675,0.22139374999999997,0.22225,0.0049572035652674165,0.035625000000000004,0.036000000000000004,0.03570625000000001,0.035687500000000004,9.901862198596797e-05,0.20775000000000002,0.227625,0.22018125,0.22375,0.008203226785082802,0.214,0.218,0.21575000000000003,0.216,0.0009937303457175904,32,32,2560,10240,51200,False,3968,8
0.12,0.128,0.12490476190476188,0.126,0.002223355719986431,0.093,0.097,0.095,0.095,0.0010488088481701524,0.15725,0.167625,0.1641375,0.1665,0.003657590566206118,0.177,0.179,0.17834999999999995,0.178,0.0005722761571129804,0.055625,0.059375000000000004,0.058243750000000004,0.059250000000000004,0.0013843291470961674,0.209875,0.22275,0.21843125000000002,0.22012500000000002,0.004392549622656529,0.035250000000000004,0.035625000000000004,0.03546875000000001,0.035500000000000004,8.727650027355596e-05,0.208875,0.22325,0.21872499999999997,0.221,0.0054353587738069364,0.212,0.217,0.21415,0.214,0.0011947803145348531,32,32,2560,10240,51200,False,3936,8
0.116,0.124,0.12142857142857141,0.123,0.0025740727146170593,0.092,0.097,0.0948,0.095,0.001363818169698587,0.163375,0.17500000000000002,0.17114374999999998,0.1743125,0.0043182525039071095,0.17200000000000001,0.17400000000000002,0.17285,0.17300000000000001,0.0007262919523166982,0.05425,0.058,0.056762500000000014,0.0575,0.001432818463728048,0.205375,0.218125,0.213325,0.215875,0.005228886114651951,0.035,0.035375000000000004,0.035199999999999995,0.035250000000000004,9.185586535436926e-05,0.205625,0.21887500000000001,0.2143875,0.21737499999999998,0.005194483251489023,0.21,0.213,0.21185,0.212,0.0007921489758877437,32,32,2560,10240,51200,False,3904,8
0.122,0.125,0.12323809523809529,0.123,0.0006834619092574923,0.091,0.095,0.09290000000000001,0.093,0.0011789826122551605,0.17575000000000002,0.17775,0.17634999999999998,0.175875,0.0007752015866856759,0.169,0.17200000000000001,0.1708,0.171,0.0006000000000000005,0.0585,0.059250000000000004,0.058775,0.058625000000000003,0.00024558603380485643,0.21975,0.22212500000000002,0.22065,0.22012500000000002,0.0009450529085717915,0.03475,0.035,0.034868750000000004,0.034875,9.249155366842971e-05,0.221,0.22337500000000002,0.22170625,0.22112500000000002,0.0009868470942856376,0.209,0.212,0.2105,0.21,0.0008660254037844396,32,32,2560,10240,51200,False,3872,8
0.122,0.127,0.12471428571428571,0.125,0.001118794297568642,0.091,0.096,0.09335,0.0935,0.001492481155659931,0.16725,0.17225000000000001,0.16973749999999999,0.17043750000000002,0.0015410528057143286,0.171,0.17300000000000001,0.17165000000000002,0.17200000000000001,0.0005722761571129803,0.059375000000000004,0.061125,0.0602375,0.0605,0.0005699506557588973,0.222,0.22925,0.2253625,0.22625,0.0021829953618823796,0.034125,0.0345,0.034362500000000004,0.034375,0.00010383279828647603,0.217,0.22325,0.22018125,0.22137500000000002,0.0020419334434550068,0.20700000000000002,0.211,0.20885000000000004,0.209,0.001013656746635655,32,32,2560,10240,51200,False,3840,8
0.121,0.125,0.12271428571428575,0.123,0.0008806305718527114,0.091,0.094,0.0926,0.0925,0.0009165151389911689,0.16725,0.170875,0.16880625000000002,0.169,0.0009766612450077053,0.169,0.171,0.17004999999999998,0.17,0.0005894913061275804,0.059375000000000004,0.0605,0.05978749999999999,0.059875000000000005,0.00032858598570237145,0.22125,0.22625,0.22361250000000005,0.224,0.0015324102746979967,0.033875,0.03425,0.03409374999999999,0.034125,0.00010364452469860634,0.21675,0.22112500000000002,0.21861250000000004,0.21887500000000001,0.0012008460559122473,0.20600000000000002,0.209,0.2072,0.20700000000000002,0.0007483314773547857,32,32,2560,10240,51200,False,3808,8
0.121,0.122,0.1215238095238095,0.122,0.0004994327848429298,0.09,0.092,0.0907,0.0905,0.0007810249675906662,0.167125,0.1705,0.16871875000000003,0.16875,0.0008622961715675212,0.168,0.169,0.16870000000000002,0.169,0.00045825756949558437,0.059375000000000004,0.0605,0.05993749999999999,0.06,0.00030233466556119353,0.22087500000000002,0.225625,0.2233875,0.2234375,0.0011995441842633373,0.033625,0.03425,0.033850000000000005,0.0338125,0.00014577379737113266,0.21675,0.221,0.21876875000000004,0.21887500000000001,0.001056434895059795,0.20400000000000001,0.20700000000000002,0.20585,0.20600000000000002,0.0007921489758877436,32,32,2560,10240,51200,False,3776,8
0.12,0.123,0.12138095238095238,0.121,0.0008438116736509222,0.088,0.094,0.091,0.091,0.0011832159566199242,0.16625,0.170125,0.168225,0.16825,0.0012800146483536833,0.166,0.168,0.1672,0.167,0.000509901951359279,0.059125000000000004,0.0605,0.059825,0.059875000000000005,0.0004749999999999976,0.221,0.225625,0.22335624999999998,0.2234375,0.001625612865198842,0.033375,0.033875,0.03356875000000001,0.033625,0.00010807260291119125,0.21625,0.22125,0.21883749999999996,0.2185625,0.0017726657186283037,0.202,0.20600000000000002,0.20395000000000002,0.20400000000000001,0.001023474474522937,32,32,2560,10240,51200,False,3744,8
0.117,0.12,0.11876190476190479,0.11900000000000001,0.000971241812112908,0.08700000000000001,0.091,0.08935,0.089,0.0010136567466356638,0.162375,0.168125,0.16615625,0.16743750000000002,0.0020286521849494066,0.164,0.166,0.1654,0.165,0.0005830951894845306,0.05825,0.059875000000000005,0.05919999999999999,0.059312500000000004,0.0006747684788132895,0.21525,0.22262500000000002,0.21971875000000005,0.2201875,0.0027911341220908784,0.033125,0.0335,0.03325625,0.03325,0.00011507470399701241,0.212375,0.21887500000000001,0.2164,0.218,0.002390279795337776,0.201,0.20400000000000001,0.20189999999999997,0.202,0.0008888194417315596,32,32,2560,10240,51200,False,3712,8
0.116,0.11900000000000001,0.11757142857142859,0.11800000000000001,0.001178030178747904,0.08700000000000001,0.091,0.08825000000000001,0.088,0.0009937303457175871,0.161375,0.166125,0.16463124999999998,0.1658125,0.001680994404363088,0.163,0.165,0.1642,0.164,0.0006782329983125274,0.057625,0.059375000000000004,0.058712500000000015,0.059000000000000004,0.0006411659301616086,0.214125,0.22037500000000002,0.21800625000000004,0.21881250000000002,0.002319575324817026,0.032875,0.033125,0.03301250000000001,0.033,6.731456008918136e-05,0.210375,0.21675,0.21447499999999997,0.21531250000000002,0.0022049659861322142,0.199,0.202,0.20010000000000003,0.2,0.0008306623862918082,32,32,2560,10240,51200,False,3680,8
0.116,0.11900000000000001,0.1178095238095238,0.11800000000000001,0.0006632565846278158,0.08600000000000001,0.092,0.0892,0.089,0.0015684387141358107,0.156,0.15787500000000002,0.15712500000000004,0.15737500000000001,0.0006098155458825254,0.164,0.166,0.1647,0.165,0.0005567764362830027,0.059250000000000004,0.06,0.05965624999999999,0.059750000000000004,0.00024960906934644794,0.210875,0.2135,0.21239375,0.213,0.0009844692415205253,0.03225,0.0325,0.032375,0.032375,9.682458365518552e-05,0.216875,0.21925,0.21830625,0.21875,0.0007920256861365015,0.197,0.199,0.1982,0.198,0.0006000000000000005,32,32,2560,10240,51200,False,3648,8
0.115,0.117,0.11623809523809525,0.116,0.0006098213559459861,0.084,0.089,0.08660000000000001,0.08650000000000001,0.0013190905958272883,0.155,0.15887500000000002,0.15660000000000002,0.15662500000000001,0.0010090218035305309,0.161,0.163,0.16219999999999998,0.162,0.0005099019513592789,0.059125000000000004,0.060375,0.05959375,0.059750000000000004,0.00036416642829892933,0.2105,0.214875,0.21238124999999997,0.21275,0.0011868254663176072,0.031875,0.032375,0.0321,0.032125,0.00011592023119369639,0.21575,0.22037500000000002,0.21781875000000003,0.21825,0.001089348285673597,0.196,0.198,0.19670000000000004,0.197,0.0006403124237432856,32,32,2560,10240,51200,False,3616,8
0.115,0.11800000000000001,0.11647619047619047,0.117,0.0009571310115353238,0.085,0.09,0.08670000000000001,0.08700000000000001,0.0012688577540449493,0.154875,0.159,0.15726250000000003,0.15787500000000002,0.001283854061020956,0.16,0.161,0.16055000000000003,0.161,0.0004974937185533105,0.059125000000000004,0.0605,0.05993125000000001,0.060125,0.0005038523469231807,0.21025,0.2145,0.21278125,0.21331250000000002,0.0016297406810594152,0.031625,0.031875,0.031793749999999996,0.03175,8.172935519138771e-05,0.2,0.20400000000000001,0.20229375,0.20275,0.0015100056912144431,0.194,0.197,0.19565000000000005,0.196,0.0007262919523166982,32,32,2560,10240,51200,False,3584,8
0.112,0.115,0.1137619047619048,0.114,0.0011086139739831264,0.084,0.088,0.08585,0.08600000000000001,0.001013656746635664,0.152,0.15837500000000002,0.1561875,0.15675,0.0019603491398217845,0.158,0.16,0.15895,0.159,0.0005894913061275802,0.058125,0.0605,0.05949375000000001,0.059875000000000005,0.0008445366703110042,0.20625000000000002,0.214625,0.21100000000000002,0.212375,0.0029872123292461104,0.03125,0.031625,0.031425000000000015,0.031375,0.00012119199643540832,0.195875,0.20350000000000001,0.2004625,0.201625,0.0026806890438840557,0.192,0.196,0.19385000000000002,0.194,0.0009630680142129119,32,32,2560,10240,51200,False,3552,8
0.112,0.115,0.11376190476190476,0.114,0.0007499055118106493,0.083,0.08700000000000001,0.0849,0.085,0.0011357816691600557,0.1475,0.151375,0.14943749999999997,0.1499375,0.001336681992846469,0.158,0.16,0.15905,0.159,0.0005894913061275804,0.059250000000000004,0.0605,0.05993125000000001,0.06,0.0004944615126579595,0.209375,0.214,0.21190000000000003,0.21231250000000002,0.001809955109940576,0.031,0.0315,0.0311625,0.031125,0.0001192424001771183,0.199375,0.203625,0.20177499999999998,0.202375,0.0017790446874657209,0.19,0.194,0.19205,0.192,0.0009733961166965902,32,32,2560,10240,51200,False,3520,8
0.111,0.114,0.11261904761904763,0.113,0.0007853534524986026,0.083,0.08600000000000001,0.08485000000000001,0.085,0.0010136567466356656,0.146125,0.15075,0.14909999999999998,0.149125,0.0012283118496538242,0.157,0.16,0.15794999999999998,0.158,0.0007399324293474377,0.0585,0.060375,0.05988125,0.059812500000000005,0.00042477015843865265,0.207625,0.2135,0.21190625000000005,0.21131250000000001,0.0014555255708849646,0.03075,0.031125,0.030931249999999993,0.030875,0.00010058423087144434,0.197625,0.203375,0.20193125000000003,0.2015,0.0013005257350394888,0.189,0.191,0.19,0.19,0.0007071067811865482,32,32,2560,10240,51200,False,3488,8
0.11,0.113,0.1114761904761905,0.111,0.0006632565846278156,0.081,0.084,0.08290000000000002,0.083,0.0008888194417315598,0.145,0.1475,0.14597499999999997,0.146125,0.0006144102863722236,0.156,0.158,0.15715,0.157,0.0005722761571129803,0.059250000000000004,0.060375,0.05971249999999999,0.059875000000000005,0.0003139964171770103,0.1985,0.202625,0.20021875000000003,0.200625,0.0011123419831598556,0.0305,0.03075,0.030612499999999997,0.030625,0.00011110243021644496,0.19875,0.202375,0.20034375,0.200875,0.0011024652772309862,0.187,0.19,0.1882,0.188,0.000748331477354789,32,32,2560,10240,51200,False,3456,8
0.109,0.111,0.11047619047619049,0.111,0.0005870870479018078,0.081,0.084,0.08225,0.082,0.0008874119674649432,0.145,0.147375,0.14625625,0.1463125,0.0007174989111489988,0.153,0.156,0.15475,0.155,0.0006982120021884477,0.058625000000000003,0.059625000000000004,0.05901250000000002,0.059125000000000004,0.00029553976043842245,0.197625,0.201375,0.1991625,0.1995,0.0010255333977984362,0.030125,0.030625,0.0303125,0.03025,0.00012183492931011215,0.196875,0.200375,0.19831249999999997,0.19875,0.0009621752698962933,0.185,0.189,0.18695,0.187,0.001023474474522937,32,32,2560,10240,51200,False,3424,8
0.109,0.111,0.10990476190476192,0.11,0.0006098213559459861,0.08,0.085,0.08165,0.081,0.0012359207094308285,0.1465,0.149125,0.14799374999999998,0.14800000000000002,0.000886949653306207,0.152,0.154,0.15325,0.153,0.0006224949798994371,0.059125000000000004,0.06,0.059524999999999995,0.059437500000000004,0.0002727178028658925,0.19925,0.201625,0.20041875,0.1998125,0.0009414707576446561,0.029875000000000002,0.03025,0.030025000000000003,0.03,0.00011592023119369527,0.199,0.201375,0.20013750000000002,0.1998125,0.0008882039461745275,0.184,0.187,0.18495,0.185,0.0008645808232895299,32,32,2560,10240,51200,False,3392,8
0.109,0.111,0.11014285714285715,0.11,0.0007095078297976835,0.079,0.083,0.0811,0.081,0.0008888194417315596,0.14,0.14250000000000002,0.1416125,0.1418125,0.0005781165539923598,0.152,0.154,0.15275,0.153,0.0005361902647381809,0.059750000000000004,0.060375,0.06017500000000001,0.060375,0.0002749999999999969,0.200625,0.20325000000000001,0.20241249999999997,0.203,0.0009152356253992781,0.029625000000000002,0.029875000000000002,0.02972500000000001,0.029750000000000002,7.500000000000007e-05,0.200375,0.202625,0.20184374999999996,0.202375,0.0008908168652983633,0.181,0.184,0.18314999999999998,0.183,0.0008529361054615998,32,32,2560,10240,51200,False,3360,8
0.107,0.109,0.10823809523809524,0.108,0.000525969572247013,0.079,0.083,0.0805,0.08,0.0011618950038622259,0.139375,0.140875,0.14024375000000003,0.14018750000000002,0.0003611505053298445,0.151,0.153,0.1516,0.152,0.0005830951894845306,0.059500000000000004,0.059875000000000005,0.05972500000000001,0.059750000000000004,8.477912478906592e-05,0.200625,0.201125,0.20086875,0.200875,0.0001604437206624178,0.029375000000000002,0.029625000000000002,0.029437500000000005,0.029375000000000002,9.270248108869587e-05,0.1985,0.200125,0.1992875,0.199125,0.000464522604401552,0.181,0.183,0.18139999999999998,0.181,0.0005830951894845306,32,32,2560,10240,51200,False,3328,8
0.106,0.109,0.10723809523809524,0.107,0.0009209085526577968,0.078,0.081,0.0792,0.079,0.000748331477354789,0.1395,0.14250000000000002,0.14076875000000003,0.1404375,0.0008850097103987058,0.149,0.151,0.14999999999999997,0.15,0.0006324555320336764,0.059250000000000004,0.0605,0.059606250000000006,0.059500000000000004,0.0004353070037341441,0.197875,0.202,0.1995,0.1995,0.0014235738477507926,0.029,0.029500000000000002,0.029187499999999998,0.029125,0.0001152443057161612,0.196375,0.200875,0.19829375,0.1979375,0.0017103887533248105,0.178,0.181,0.17959999999999998,0.18,0.0007348469228349541,32,32,2560,10240,51200,False,3296,8
0.105,0.107,0.10595238095238094,0.106,0.000722178613719196,0.077,0.08,0.07845,0.078,0.0007399324293474377,0.139125,0.140875,0.14009375000000002,0.140125,0.0004871392896287474,0.147,0.149,0.1481,0.148,0.0005385164807134509,0.059125000000000004,0.059750000000000004,0.059606250000000006,0.059625000000000004,0.00021018964651000317,0.18812500000000001,0.19087500000000002,0.1902625,0.19075,0.0008148044243866131,0.02875,0.029125,0.028912499999999997,0.028875,0.00011924240017711831,0.19675,0.19975,0.19848749999999998,0.19868750000000002,0.0008495403168773084,0.176,0.179,0.17784999999999998,0.178,0.0007921489758877437,32,32,2560,10240,51200,False,3264,8
0.10400000000000001,0.106,0.10485714285714286,0.105,0.0005593971487843159,0.076,0.08,0.07825000000000001,0.0785,0.0015124483462254188,0.13775,0.139625,0.13870625,0.139,0.0006278373097387558,0.146,0.149,0.1473,0.147,0.0007141428428542856,0.059000000000000004,0.059625000000000004,0.05938750000000002,0.059500000000000004,0.0002764168048437,0.18837500000000001,0.19037500000000002,0.18966249999999998,0.19025,0.0008063226711435051,0.0285,0.028875,0.02860625,0.028625,0.00010661701318269997,0.195875,0.19975,0.19781875,0.198,0.0009637775612142065,0.17500000000000002,0.179,0.17625,0.176,0.0009937303457175834,32,32,2560,10240,51200,False,3232,8
0.10300000000000001,0.105,0.10385714285714288,0.10400000000000001,0.0006388765649999371,0.075,0.078,0.0765,0.0765,0.0006708203932499376,0.143625,0.1455,0.144575,0.144625,0.0006747684788132855,0.14200000000000002,0.14300000000000002,0.14245,0.14200000000000002,0.0004974937185533105,0.044625,0.04525,0.0449875,0.0450625,0.00021614520582238246,0.18675,0.18975,0.18861250000000002,0.1889375,0.0009833774707608486,0.02825,0.0285,0.028362500000000002,0.028375,9.601432184835769e-05,0.167625,0.16975,0.16873125000000003,0.1693125,0.0008599373160294888,0.17300000000000001,0.17500000000000002,0.17429999999999998,0.17400000000000002,0.0005567764362830027,32,32,2560,10240,51200,False,3200,8
0.101,0.10300000000000001,0.10200000000000002,0.10200000000000001,0.0007559289460184551,0.075,0.078,0.0761,0.076,0.0008306623862918082,0.14225000000000002,0.14400000000000002,0.14323125000000003,0.143625,0.0006101677535727358,0.139,0.14100000000000001,0.14035000000000003,0.14,0.0005722761571129804,0.04425,0.04475,0.044506250000000004,0.044625,0.00019151941807555719,0.18575,0.18787500000000001,0.18693125000000002,0.1874375,0.000809586121113746,0.027875,0.02825,0.028068749999999996,0.0280625,0.00012167451458707377,0.166,0.16775,0.16701875000000005,0.167625,0.0007838955207806689,0.17200000000000001,0.17400000000000002,0.17295,0.17300000000000001,0.0005894913061275802,32,32,2560,10240,51200,False,3168,8
0.1,0.10300000000000001,0.10152380952380953,0.101,0.0007939681905015754,0.073,0.076,0.07475000000000001,0.075,0.0010897247358851695,0.14175000000000001,0.14475,0.14335625000000002,0.1434375,0.0011860352808833257,0.138,0.14,0.13900000000000007,0.139,0.0005477225575051665,0.04425,0.045375,0.04479375,0.04475,0.0004580444165143817,0.185,0.1895,0.1873875,0.1874375,0.0014630340905119068,0.027625,0.028,0.027775,0.02775,0.00010155048005794958,0.165875,0.170375,0.16793750000000002,0.16775,0.0018262410164050064,0.17,0.17300000000000001,0.17150000000000004,0.1715,0.0006708203932499375,32,32,2560,10240,51200,False,3136,8
0.1,0.10300000000000001,0.1012857142857143,0.101,0.0007648751621051917,0.07200000000000001,0.076,0.0739,0.074,0.0011357816691600546,0.142875,0.147125,0.14426250000000002,0.14425,0.0012449272067072785,0.137,0.139,0.13789999999999997,0.138,0.0005385164807134509,0.0445,0.045875,0.04491875,0.045,0.0003898617543437677,0.181125,0.186875,0.1827125,0.183,0.0016389306727253618,0.027625,0.028,0.027825000000000006,0.027875,9.185586535436926e-05,0.167625,0.172625,0.1690375,0.16925,0.001462072587117345,0.168,0.17,0.16890000000000002,0.169,0.0007000000000000006,32,32,2560,10240,51200,False,3104,8
0.099,0.101,0.10009523809523811,0.1,0.0006834619092574923,0.07200000000000001,0.077,0.07425000000000001,0.074,0.0014097872179871663,0.1375,0.139375,0.13825625000000002,0.138,0.000644053326596485,0.136,0.138,0.13715000000000002,0.137,0.0006538348415311016,0.044875,0.045625,0.0451875,0.045125,0.00021102428770167683,0.178625,0.181125,0.1795625,0.17925,0.0008491723912139402,0.027125,0.0275,0.0273,0.02725,8.291561975888507e-05,0.169,0.171125,0.16976875000000002,0.169375,0.0007647252366046263,0.167,0.169,0.16805,0.168,0.0007399324293474377,32,32,2560,10240,51200,False,3072,8
0.098,0.1,0.09895238095238094,0.099,0.000652919485752481,0.07200000000000001,0.075,0.0732,0.073,0.0008124038404635937,0.12662500000000002,0.131625,0.12958125,0.13,0.0013557026545301092,0.137,0.138,0.13720000000000002,0.137,0.0004000000000000003,0.044125,0.04575,0.04513125,0.04525,0.0004617815365516473,0.17500000000000002,0.1815,0.17910625,0.179625,0.001934988291308242,0.026875,0.02725,0.02700625,0.027,0.00010807260291119123,0.164875,0.172625,0.16950625000000002,0.16975,0.002115964245326469,0.164,0.167,0.16555,0.1655,0.0007399324293474377,32,32,2560,10240,51200,False,3040,8
0.096,0.1,0.09804761904761905,0.098,0.0010900498230723436,0.07,0.073,0.07160000000000001,0.07200000000000001,0.0006633249580710791,0.12762500000000002,0.131625,0.130075,0.13037500000000002,0.001412776521605591,0.135,0.137,0.13595000000000002,0.136,0.0004974937185533104,0.046125,0.047625,0.046974999999999996,0.047,0.0005040461288413993,0.17225000000000001,0.177625,0.175375,0.175625,0.0019803724397193523,0.026375,0.026875,0.026631250000000002,0.026625,0.00012793430931536711,0.17300000000000001,0.1785,0.17629375,0.176625,0.0020563449826087018,0.163,0.165,0.16410000000000002,0.164,0.0007681145747868615,32,32,2560,10240,51200,False,3008,8
0.095,0.099,0.09704761904761906,0.097,0.0011328930717495553,0.069,0.074,0.07110000000000001,0.07100000000000001,0.001135781669160054,0.12737500000000002,0.13125,0.12968125,0.13074999999999998,0.0016184845342171131,0.133,0.135,0.1342,0.134,0.0005099019513592789,0.046,0.047375,0.046843749999999997,0.04725,0.00058346352713773,0.17200000000000001,0.177375,0.17509375000000002,0.17575000000000002,0.002180479806716857,0.026125,0.0265,0.0263,0.02625,9.185586535436926e-05,0.172875,0.178375,0.17608749999999995,0.1774375,0.0023167528461188894,0.161,0.164,0.16254999999999997,0.1625,0.0007399324293474377,32,32,2560,10240,51200,False,2976,8
0.094,0.097,0.09519047619047619,0.095,0.0007939681905015753,0.069,0.07200000000000001,0.07015,0.07,0.0009096702699330133,0.130375,0.134,0.13267500000000002,0.13275,0.001028044259747607,0.132,0.133,0.1326,0.133,0.0004898979485566361,0.04575,0.046875,0.046406249999999996,0.046375,0.00035105866674959077,0.17400000000000002,0.17825,0.17634999999999998,0.176375,0.0013506942659240028,0.026000000000000002,0.02625,0.026112500000000004,0.026125,9.601432184835627e-05,0.17125,0.17500000000000002,0.1735375,0.17325000000000002,0.0012930704737174987,0.159,0.161,0.16035000000000002,0.16,0.0005722761571129803,32,32,2560,10240,51200,False,2944,8
0.093,0.095,0.09404761904761906,0.094,0.0005753831415997421,0.068,0.07,0.06910000000000001,0.069,0.0007000000000000006,0.131125,0.13275,0.13221875,0.132375,0.0004539324701979371,0.13,0.132,0.13155,0.132,0.0006689544080129832,0.04575,0.046375,0.046156249999999996,0.04625,0.00017173289580042623,0.17425000000000002,0.176375,0.17572500000000002,0.176,0.0006807624402095,0.025625000000000002,0.026000000000000002,0.0258,0.025750000000000002,8.291561975888507e-05,0.171375,0.17325000000000002,0.17278125000000005,0.173125,0.0006764740848694799,0.158,0.16,0.15904999999999997,0.159,0.0007399324293474378,32,32,2560,10240,51200,False,2912,8
0.092,0.094,0.09304761904761906,0.093,0.000722178613719196,0.067,0.07,0.06855,0.069,0.0009205976319760995,0.121375,0.12375,0.12263125,0.1225,0.0007098360286009726,0.131,0.132,0.13115000000000004,0.131,0.0003570714214271428,0.046,0.046875,0.0464625,0.046375,0.0002853178052628334,0.162375,0.1655,0.16400624999999996,0.163875,0.000987005414118892,0.02525,0.025500000000000002,0.02538125,0.025375,7.368641326594754e-05,0.171375,0.17500000000000002,0.17325,0.17300000000000001,0.00120221150385446,0.156,0.159,0.15735000000000002,0.157,0.0006538348415311016,32,32,2560,10240,51200,False,2880,8
0.092,0.095,0.09342857142857144,0.093,0.0007284313590846842,0.066,0.068,0.06735000000000002,0.0675,0.0007262919523166982,0.1245,0.12587500000000001,0.12489374999999998,0.124625,0.0004941454112910532,0.129,0.131,0.13010000000000002,0.13,0.0005385164807134509,0.047125,0.047625,0.047299999999999995,0.04725,0.00019525624189766652,0.166625,0.168625,0.16718125,0.16675,0.0007504946285617226,0.025,0.02525,0.025125,0.025125,3.9528470752104776e-05,0.17625,0.178,0.1766625,0.17625,0.0007214352015254044,0.155,0.157,0.15550000000000003,0.155,0.0005916079783099622,32,32,2560,10240,51200,False,2848,8
0.091,0.093,0.0919047619047619,0.092,0.0006098213559459861,0.065,0.068,0.0665,0.067,0.0008660254037844396,0.11975000000000001,0.12125,0.12062500000000001,0.12056249999999999,0.0004808846015417816,0.128,0.129,0.1286,0.129,0.0004898979485566361,0.045875,0.04675,0.046400000000000004,0.0463125,0.0002579970930068789,0.163,0.166375,0.16539374999999998,0.165,0.0008867734702278795,0.02475,0.025,0.02486875,0.024875,7.368641326594753e-05,0.17425000000000002,0.176375,0.17520625,0.174625,0.0008180340381059893,0.153,0.154,0.15349999999999997,0.1535,0.0005000000000000004,32,32,2560,10240,51200,False,2816,8
0.09,0.092,0.09052380952380953,0.09,0.0005870870479018078,0.064,0.066,0.06525,0.065,0.0006982120021884477,0.11862500000000001,0.121,0.11974375000000001,0.11987500000000001,0.0007598056906209588,0.126,0.128,0.12689999999999996,0.127,0.0006244997998398403,0.04575,0.04675,0.0461875,0.046125,0.00030745934690622136,0.163125,0.166125,0.16435,0.1645,0.0009934158243152748,0.024375,0.024875,0.024581250000000002,0.024625,0.00013849074878850222,0.17275000000000001,0.17625,0.17396875,0.174375,0.0012073181798929343,0.151,0.154,0.1519,0.152,0.0008306623862918082,32,32,2560,10240,51200,False,2784,8
0.089,0.092,0.09000000000000001,0.09,0.0006900655593423548,0.063,0.067,0.06495,0.065,0.0009205976319760994,0.12,0.121375,0.12041249999999996,0.120125,0.0004906946606597634,0.125,0.126,0.12544999999999998,0.125,0.0004974937185533104,0.04625,0.046875,0.04639375,0.04625,0.00020261956346809179,0.16475,0.166375,0.16517500000000002,0.1648125,0.0006547900426854368,0.024125,0.0245,0.02425,0.02425,8.838834764831852e-05,0.174375,0.17625,0.17483125000000002,0.17450000000000002,0.0007107159682320266,0.149,0.152,0.15054999999999996,0.15,0.0008046738469715548,32,32,2560,10240,51200,False,2752,8
0.08700000000000001,0.09,0.08823809523809525,0.088,0.0006834619092574898,0.062,0.067,0.06394999999999999,0.064,0.001160818676624391,0.11812500000000001,0.11950000000000001,0.1186,0.11825000000000001,0.0005500000000000005,0.12,0.121,0.12035,0.12,0.0004769696007084732,0.0455,0.046,0.0456875,0.045625,0.0001916213714594488,0.15425,0.15625,0.15493125000000002,0.1545,0.000721841178861387,0.024,0.02425,0.024062500000000004,0.024,8.385254915624219e-05,0.172625,0.174375,0.17322500000000002,0.172625,0.0008058380730643129,0.148,0.15,0.14865,0.149,0.0005722761571129803,32,32,2560,10240,51200,False,2720,8
0.08600000000000001,0.08700000000000001,0.08652380952380954,0.08700000000000001,0.0004994327848429298,0.061,0.066,0.0627,0.0625,0.0010535653752852749,0.115625,0.11800000000000001,0.1167,0.11675,0.0007075485849042458,0.11800000000000001,0.121,0.11925000000000004,0.11900000000000001,0.0006224949798994318,0.0445,0.0455,0.04495000000000001,0.045,0.00027500000000000023,0.151125,0.15425,0.15263750000000004,0.1526875,0.0008846786139610259,0.023625,0.023875,0.02371875,0.02375,6.702378309227261e-05,0.169,0.172375,0.17063125,0.17075,0.0009061206804283858,0.146,0.148,0.14689999999999998,0.147,0.0007681145747868615,32,32,2560,10240,51200,False,2688,8
0.084,0.085,0.08485714285714285,0.085,0.00034992710611188283,0.061,0.063,0.061950000000000005,0.062,0.0004974937185533105,0.1145,0.116875,0.11563124999999999,0.11575,0.0006678732570630454,0.117,0.11900000000000001,0.11779999999999999,0.11800000000000001,0.000509901951359279,0.044125,0.045,0.04453125,0.0445625,0.0002432687557003572,0.14975,0.152875,0.15116875000000002,0.15125,0.0008452763971033369,0.02325,0.023625,0.023418749999999995,0.023375,8.17293551913877e-05,0.1675,0.170875,0.16903125000000002,0.169125,0.0009600415030091121,0.14400000000000002,0.147,0.14559999999999998,0.146,0.0006633249580710772,32,32,2560,10240,51200,False,2656,8
0.083,0.08600000000000001,0.08404761904761907,0.084,0.0007853534524986027,0.059000000000000004,0.062,0.06065,0.061,0.0006538348415311007,0.114625,0.11800000000000001,0.11610625000000001,0.115875,0.0010072200293381787,0.115,0.117,0.11600000000000002,0.116,0.0007071067811865482,0.044125,0.0455,0.044681250000000006,0.044625,0.00040403240897235004,0.149875,0.154375,0.15182500000000004,0.1514375,0.0013331119607894917,0.023,0.023375,0.023175,0.023125,9.185586535436926e-05,0.1675,0.172375,0.1695,0.1691875,0.0013234660932566415,0.14300000000000002,0.145,0.14370000000000002,0.14400000000000002,0.0006403124237432799,32,32,2560,10240,51200,False,2624,8
0.083,0.085,0.08390476190476191,0.084,0.000525969572247013,0.06,0.062,0.060399999999999995,0.06,0.0005830951894845307,0.11575,0.11825000000000001,0.11710000000000002,0.1169375,0.0008428003915518795,0.115,0.116,0.11505000000000003,0.115,0.00021794494717703388,0.0445,0.0455,0.045018749999999996,0.045,0.00032661856576134823,0.15125,0.154375,0.15305625000000003,0.15275,0.0011000532657558003,0.02275,0.023,0.022875,0.022875,7.905694150420955e-05,0.169,0.172375,0.17096875000000006,0.17075,0.0013162891732062497,0.14100000000000001,0.14300000000000002,0.14195,0.14200000000000002,0.0003840572873934307,32,32,2560,10240,51200,False,2592,8
0.083,0.08700000000000001,0.08428571428571431,0.084,0.0009331389496316878,0.058,0.061,0.05965,0.0595,0.0008529361054615968,0.111375,0.11375,0.11198749999999999,0.1115,0.0008811391774288562,0.117,0.11800000000000001,0.11765,0.11800000000000001,0.00047696960070847314,0.0375,0.038375,0.0378,0.037625,0.0003046514401738488,0.1465,0.1495,0.147275,0.146625,0.001136469313268071,0.022625,0.022875,0.0226875,0.022625,7.395099728874526e-05,0.139875,0.14275000000000002,0.1404625,0.139875,0.0010338792240876143,0.139,0.14100000000000001,0.14035000000000003,0.14,0.0005722761571129804,32,32,2560,10240,51200,False,2560,8
0.082,0.084,0.0832857142857143,0.083,0.0006998542122237659,0.057,0.061,0.0586,0.058,0.000916515138991167,0.10925,0.11225,0.1103375,0.110125,0.0009977318026403697,0.112,0.115,0.11380000000000001,0.114,0.0006000000000000006,0.037,0.038125,0.037387500000000004,0.03725,0.00036206870894900633,0.145125,0.1495,0.14679375,0.1465,0.0013859084340244127,0.02225,0.0225,0.022362499999999997,0.022375,8.750000000000008e-05,0.138625,0.14275000000000002,0.14024375,0.1399375,0.001348885535358732,0.137,0.14,0.13849999999999998,0.138,0.0007416198487095669,32,32,2560,10240,51200,False,2528,8
0.081,0.084,0.0819047619047619,0.082,0.0008676603408708864,0.057,0.06,0.0581,0.058,0.0006244997998398394,0.11,0.112625,0.11101874999999999,0.110375,0.0010287089906771507,0.112,0.113,0.11230000000000002,0.112,0.0004582575694955844,0.037375,0.038125,0.03758125000000001,0.037375,0.00031193699283669476,0.146625,0.14975,0.14748125,0.14675,0.0012413922375703861,0.021875000000000002,0.02225,0.022062500000000002,0.022,9.270248108869551e-05,0.14,0.14300000000000002,0.14095625,0.14025,0.0011661066364188127,0.136,0.139,0.137,0.137,0.0007745966692414842,32,32,2560,10240,51200,False,2496,8
0.08,0.082,0.08095238095238096,0.081,0.000575383141599742,0.057,0.059000000000000004,0.05750000000000001,0.057,0.0005916079783099621,0.11,0.11125,0.110675,0.11106250000000001,0.000542563360355268,0.11,0.112,0.11115000000000001,0.111,0.0005722761571129803,0.03725,0.037625,0.03745,0.0375625,0.0001828592354790976,0.14625,0.148,0.14711875,0.14725,0.0007272325539330592,0.021625000000000002,0.021875000000000002,0.021774999999999996,0.021750000000000002,6.373774391990988e-05,0.139875,0.141375,0.14060625,0.14087500000000003,0.0006826819812328489,0.134,0.138,0.13484999999999997,0.135,0.0009096702699330135,32,32,2560,10240,51200,False,2464,8
0.079,0.081,0.07933333333333333,0.079,0.0005634361698190116,0.056,0.058,0.05685000000000001,0.057,0.0007921489758877436,0.107875,0.111125,0.10919375000000002,0.108875,0.0011239404732902906,0.108,0.11,0.10900000000000001,0.109,0.0005477225575051667,0.036375,0.037625,0.03691874999999999,0.036875,0.00040170534910553563,0.14325000000000002,0.147625,0.14515,0.14475,0.0015494958857641418,0.021375,0.021750000000000002,0.02150625,0.021500000000000002,0.00012167451458707377,0.137,0.14125000000000001,0.13896875000000003,0.1385,0.0015586828373662192,0.132,0.135,0.13305,0.133,0.0008046738469715547,32,32,2560,10240,51200,False,2432,8
0.077,0.079,0.07790476190476192,0.078,0.000525969572247013,0.055,0.057,0.05575000000000001,0.056,0.0005361902647381809,0.0995,0.10075,0.10008750000000002,0.1,0.0004906946606597635,0.108,0.11,0.10905000000000001,0.109,0.0004974937185533105,0.0365,0.037,0.0367625,0.0368125,0.00017633419974582372,0.134875,0.136375,0.1355375,0.1355,0.0006544320056354248,0.021125,0.021500000000000002,0.0212625,0.02125,7.806247497998006e-05,0.137125,0.138625,0.13781250000000003,0.13768750000000002,0.0006690711845536369,0.131,0.133,0.1318,0.132,0.0006000000000000005,32,32,2560,10240,51200,False,2400,8
0.076,0.079,0.07714285714285715,0.077,0.0008329931278350436,0.054,0.057,0.055400000000000005,0.055,0.0007348469228349541,0.099,0.10187500000000001,0.10030000000000001,0.099875,0.0009805929328727601,0.108,0.109,0.10845,0.108,0.0004974937185533104,0.03625,0.03725,0.03671875,0.036625,0.0003684320663297377,0.133875,0.137875,0.1357,0.1355,0.001441245121414121,0.020875,0.021125,0.0209375,0.020875,7.395099728874526e-05,0.135875,0.139875,0.1378625,0.1378125,0.001471553176069421,0.129,0.131,0.12969999999999998,0.13,0.0005567764362830027,32,32,2560,10240,51200,False,2368,8
0.075,0.078,0.07638095238095238,0.076,0.000652919485752481,0.054,0.057,0.05500000000000001,0.055,0.0008366600265340762,0.100875,0.10300000000000001,0.10157500000000001,0.10143750000000001,0.0007031180555212624,0.106,0.108,0.10685000000000003,0.107,0.00047696960070847325,0.036875,0.037625,0.03711875,0.0371875,0.00023873036568480366,0.136,0.139125,0.13715625,0.1369375,0.0009047401215266199,0.0205,0.020875,0.02065,0.020625,9.354143466934863e-05,0.1385,0.141375,0.13936874999999999,0.13924999999999998,0.0009121360575593964,0.127,0.13,0.12825000000000003,0.128,0.0006224949798994372,32,32,2560,10240,51200,False,2336,8
0.074,0.077,0.076,0.076,0.0006900655593423549,0.053,0.056,0.05450000000000001,0.054,0.0007416198487095669,0.100625,0.10175000000000001,0.10099375000000002,0.10075,0.0004135875814141429,0.10400000000000001,0.106,0.10485000000000003,0.105,0.0004769696007084683,0.037375,0.037875,0.037531249999999995,0.0375,0.0001671217744640119,0.137375,0.139,0.13781875000000002,0.1375,0.0005512414965330521,0.02025,0.0205,0.020381249999999997,0.020375,6.218671481916381e-05,0.13975,0.14125000000000001,0.14010625,0.1398125,0.0005649598990193899,0.126,0.127,0.12614999999999998,0.126,0.00035707142142714284,32,32,2560,10240,51200,False,2304,8
0.073,0.075,0.07423809523809524,0.074,0.0006834619092574922,0.052000000000000005,0.056,0.05365000000000001,0.054,0.0008529361054615991,0.097625,0.0995,0.099025,0.099375,0.000725215485218015,0.10300000000000001,0.105,0.1034,0.10300000000000001,0.0006633249580710772,0.036375,0.037125,0.03689375,0.037,0.00026302031765626044,0.133375,0.135875,0.13522499999999998,0.13575,0.001012885728994143,0.019875,0.020125,0.020031250000000004,0.02,6.702378309227261e-05,0.13575,0.1385,0.13764375,0.138375,0.0011383067194302196,0.124,0.126,0.12444999999999999,0.124,0.0005894913061275802,32,32,2560,10240,51200,False,2272,8
0.07200000000000001,0.074,0.07261904761904762,0.073,0.0005753831415997356,0.052000000000000005,0.054,0.052750000000000005,0.053,0.0006982120021884447,0.0975,0.099625,0.09856875000000001,0.098625,0.0006794701520302425,0.101,0.10200000000000001,0.1016,0.10200000000000001,0.0004898979485566361,0.036375,0.037375,0.036849999999999994,0.036875,0.0002947456530637902,0.125,0.12762500000000002,0.12626250000000003,0.1263125,0.0008061288668693157,0.01975,0.02,0.01981875,0.01975,8.361930100162289e-05,0.13575,0.1385,0.137,0.137125,0.0009074345706440748,0.122,0.124,0.12290000000000001,0.123,0.0007000000000000006,32,32,2560,10240,51200,False,2240,8
0.07100000000000001,0.073,0.07166666666666668,0.07200000000000001,0.00056343616981901,0.051000000000000004,0.053,0.05185000000000001,0.052000000000000005,0.0006538348415310997,0.098125,0.099125,0.09832500000000001,0.098125,0.00037165171868296294,0.1,0.10200000000000001,0.1005,0.1,0.0005916079783099621,0.0365,0.037,0.036675,0.036625,0.00015512092057488584,0.12587500000000001,0.1275,0.1263375,0.126,0.0005109733358992428,0.019375,0.019625,0.019512500000000006,0.0195,6.731456008918136e-05,0.136875,0.138375,0.137225,0.137,0.0005162969107015842,0.12,0.123,0.12109999999999999,0.121,0.0007681145747868615,32,32,2560,10240,51200,False,2208,8
0.07,0.07100000000000001,0.07061904761904761,0.07100000000000001,0.00048562090605645613,0.05,0.053,0.05170000000000001,0.052000000000000005,0.0007810249675906651,0.09075,0.09175,0.09107499999999999,0.090875,0.0003820176697484035,0.099,0.101,0.10000000000000002,0.1,0.0003162277660168382,0.03625,0.03675,0.03645625000000001,0.036375,0.00015946688527716354,0.12562500000000001,0.12725,0.12606875,0.12575,0.0005498224145121764,0.019125,0.019375,0.01920625,0.01925,7.153451963912254e-05,0.136875,0.138375,0.13729375,0.137,0.0005985333637317135,0.11800000000000001,0.121,0.11945000000000003,0.11900000000000001,0.0007399324293474317,32,32,2560,10240,51200,False,2176,8
0.069,0.07,0.06947619047619048,0.069,0.0004994327848429298,0.05,0.051000000000000004,0.05020000000000001,0.05,0.0004000000000000003,0.08975,0.090875,0.09016874999999999,0.09,0.0003290018047062967,0.098,0.1,0.0987,0.099,0.0005567764362830027,0.036000000000000004,0.0365,0.03614375,0.036125,0.00016429299285118385,0.1245,0.12575,0.12494374999999999,0.12475,0.0004462955158860576,0.018875,0.019125,0.018924999999999997,0.018875,7.288689868556632e-05,0.135625,0.137,0.13595625,0.135625,0.0005745582542266754,0.117,0.11900000000000001,0.1179,0.11800000000000001,0.0007000000000000005,32,32,2560,10240,51200,False,2144,8
0.067,0.069,0.06838095238095238,0.068,0.000575383141599742,0.048,0.051000000000000004,0.04970000000000001,0.05,0.0006403124237432856,0.08975,0.09075,0.09024999999999998,0.09006249999999999,0.0003259601202601327,0.096,0.098,0.09705,0.097,0.0004974937185533105,0.035875000000000004,0.03625,0.03606875,0.036000000000000004,0.00016044372066241483,0.124625,0.12587500000000001,0.12519375,0.1249375,0.0005130713278872671,0.0185,0.01875,0.0186625,0.018625,6.959705453537534e-05,0.1355,0.136875,0.13619999999999996,0.13587500000000002,0.0006051859218455098,0.115,0.117,0.11595000000000003,0.116,0.0004974937185533104,32,32,2560,10240,51200,False,2112,8
0.067,0.069,0.06776190476190479,0.068,0.000525969572247013,0.047,0.049,0.04845000000000001,0.0485,0.0005894913061275802,0.0885,0.090375,0.08975625,0.09025,0.0007315170452559536,0.092,0.093,0.09255000000000001,0.093,0.0004974937185533104,0.035375000000000004,0.03625,0.03598749999999999,0.036125,0.0003134984050996085,0.114875,0.11725000000000001,0.11645000000000001,0.117,0.0009265190230103222,0.018375,0.018625,0.01846875,0.0185,6.702378309227261e-05,0.134125,0.138125,0.13619375000000003,0.13675,0.001176910016738748,0.113,0.115,0.11430000000000003,0.114,0.0005567764362830027,32,32,2560,10240,51200,False,2080,8
0.066,0.067,0.0667142857142857,0.067,0.00045175395145262605,0.047,0.049,0.04790000000000001,0.048,0.00043588989435406776,0.08650000000000001,0.08687500000000001,0.08673125000000001,0.08675000000000001,0.00012038350177661401,0.094,0.095,0.09425000000000001,0.094,0.0004330127018922197,0.02925,0.02925,0.029250000000000005,0.02925,3.469446951953614e-18,0.11625,0.11675,0.11636250000000001,0.116375,0.0001243734296383276,0.018000000000000002,0.01825,0.0181375,0.018125,5.448623679425803e-05,0.135375,0.13675,0.13553125,0.1355,0.0002847010493482615,0.112,0.114,0.11270000000000002,0.113,0.0007141428428542856,32,32,2560,10240,51200,False,2048,8
0.066,0.068,0.06738095238095239,0.067,0.000575383141599742,0.047,0.049,0.047950000000000007,0.048,0.000668954408012983,0.08712500000000001,0.08775000000000001,0.08745625000000001,0.0874375,0.00021018964651000314,0.093,0.095,0.09425000000000001,0.094,0.0005361902647381809,0.029375000000000002,0.029625000000000002,0.029493750000000003,0.029500000000000002,0.00011507470399701241,0.116625,0.11750000000000001,0.11709375000000002,0.1169375,0.0003304234971971579,0.018000000000000002,0.01825,0.018143749999999997,0.018125,5.962120008855874e-05,0.135625,0.136875,0.13620625,0.135875,0.000543821834335472,0.111,0.114,0.11265,0.113,0.0007262919523166982,32,32,2560,10240,51200,False,2048,8
0.065,0.067,0.06633333333333333,0.066,0.0006424160744396216,0.047,0.049,0.04760000000000001,0.048,0.0005830951894845307,0.08600000000000001,0.08775000000000001,0.08716875000000002,0.08762500000000001,0.0006826819812328438,0.093,0.094,0.09375000000000001,0.094,0.0004330127018922197,0.029,0.029625000000000002,0.029406250000000002,0.029500000000000002,0.00027063293868263735,0.11525,0.11762500000000001,0.11681875000000001,0.11737500000000001,0.0009885872179529742,0.017875000000000002,0.018125,0.018000000000000006,0.018000000000000002,6.846531968814487e-05,0.134125,0.136875,0.13601250000000004,0.13675,0.0011725373128391313,0.111,0.113,0.11175000000000002,0.112,0.0005361902647381809,32,32,2560,10240,51200,False,2032,8
0.065,0.067,0.06595238095238096,0.066,0.00048562090605645613,0.046,0.048,0.04705000000000001,0.047,0.0006689544080129831,0.085625,0.08737500000000001,0.08677500000000002,0.08725000000000001,0.000728440114216674,0.092,0.093,0.0928,0.093,0.0004000000000000003,0.028875,0.029500000000000002,0.029312500000000002,0.029500000000000002,0.00028641098093474025,0.115,0.11737500000000001,0.1166,0.11725000000000001,0.0009942019412574096,0.017750000000000002,0.018000000000000002,0.017893749999999996,0.017875000000000002,5.962120008855915e-05,0.134,0.136875,0.13605,0.136625,0.001142502735226487,0.11,0.112,0.11074999999999999,0.111,0.0006982120021884477,32,32,2560,10240,51200,False,2016,8
0.064,0.066,0.06519047619047619,0.065,0.0006632565846278158,0.046,0.048,0.04650000000000001,0.046,0.0005916079783099621,0.08662500000000001,0.08762500000000001,0.08693750000000001,0.08675000000000001,0.0003781120865563547,0.092,0.093,0.0924,0.092,0.0004898979485566361,0.02925,0.029625000000000002,0.029331250000000003,0.02925,0.00012670709332945817,0.11625,0.11750000000000001,0.116675,0.1164375,0.00047169905660283056,0.017625000000000002,0.017750000000000002,0.017687500000000002,0.017687500000000002,6.250000000000006e-05,0.135375,0.13675,0.13569999999999996,0.135375,0.0005637486141889871,0.109,0.112,0.1103,0.11,0.0007810249675906662,32,32,2560,10240,51200,False,2000,8
0.063,0.066,0.06471428571428571,0.065,0.0008247860988423233,0.045,0.048,0.04580000000000001,0.046,0.0008124038404635967,0.084,0.08662500000000001,0.08513125000000002,0.08475,0.0009408066685031531,0.091,0.093,0.09169999999999999,0.092,0.0005567764362830027,0.028375,0.02925,0.028762500000000003,0.028625,0.00032572035551988484,0.11275,0.11625,0.11427500000000002,0.11375,0.0012219349409849946,0.017375,0.017625000000000002,0.017543750000000004,0.0175,7.153451963912254e-05,0.1315,0.135375,0.1331875,0.13275,0.0014100642715848069,0.109,0.111,0.10955,0.109,0.0006689544080129831,32,32,2560,10240,51200,False,1984,8
0.062,0.065,0.06371428571428572,0.064,0.0007648751621051916,0.045,0.047,0.04580000000000001,0.046,0.0007483314773547889,0.0855,0.08637500000000001,0.086,0.08612500000000001,0.000333072814861856,0.09,0.092,0.09050000000000001,0.09,0.0005916079783099622,0.028875,0.02925,0.02905625,0.029125,0.00012167451458707377,0.114875,0.116125,0.11563125000000003,0.115875,0.00047840065583149065,0.01725,0.017625000000000002,0.017443750000000004,0.0174375,9.249155366842971e-05,0.134,0.135375,0.13499374999999997,0.135375,0.0005679940030493243,0.107,0.11,0.10800000000000003,0.108,0.0006324555320336764,32,32,2560,10240,51200,False,1968,8
0.063,0.065,0.06376190476190476,0.064,0.0006834619092574922,0.045,0.046,0.04515000000000001,0.045,0.0003570714214271428,0.085625,0.08750000000000001,0.08676249999999999,0.08737500000000001,0.0008041882553233423,0.089,0.091,0.08985000000000001,0.09,0.00047696960070847325,0.035625000000000004,0.0365,0.036112500000000006,0.036375,0.0003257203555198815,0.11475,0.117125,0.11615625,0.117,0.0010737456344497992,0.017125,0.017375,0.017249999999999998,0.01725,3.9528470752104776e-05,0.134125,0.13675,0.13580625000000002,0.136625,0.001234576724023264,0.106,0.108,0.10705,0.107,0.0005894913061275804,32,32,2560,10240,51200,False,1952,8
0.062,0.064,0.06328571428571428,0.063,0.0005471012044321938,0.044,0.045,0.044500000000000005,0.0445,0.0005000000000000004,0.08637500000000001,0.08737500000000001,0.08667500000000002,0.08650000000000001,0.0003820176697484034,0.088,0.09,0.0892,0.089,0.0005099019513592789,0.035875000000000004,0.036375,0.03609375,0.036000000000000004,0.0001671217744640089,0.11575,0.117125,0.11611874999999998,0.115875,0.000555476990972624,0.017,0.017125,0.01709375,0.017125,5.4126587736527466e-05,0.135375,0.13675,0.13566249999999996,0.135375,0.0005450057339147967,0.105,0.108,0.10655,0.107,0.0006689544080129832,32,32,2560,10240,51200,False,1936,8
0.062,0.064,0.06299999999999999,0.063,0.00043643578047198515,0.044,0.046,0.04440000000000001,0.044,0.0005830951894845307,0.0815,0.0825,0.08199375,0.08181250000000001,0.0003718093429433965,0.08700000000000001,0.089,0.08745,0.08700000000000001,0.000589491306127574,0.0275,0.027875,0.027656250000000004,0.027625,9.58106857297244e-05,0.108125,0.109875,0.10876249999999998,0.108625,0.0005447189642375235,0.017,0.01725,0.017112500000000003,0.017125,7.806247497998006e-05,0.10300000000000001,0.104125,0.10341250000000002,0.10312500000000001,0.0004473882542043313,0.105,0.107,0.10585,0.106,0.0006538348415311015,32,32,2560,10240,51200,False,1920,8
0.062,0.064,0.0628095238095238,0.063,0.0004994327848429298,0.043000000000000003,0.045,0.04395,0.044,0.0004974937185533085,0.082375,0.083375,0.08285625,0.082625,0.0004150959979330086,0.08600000000000001,0.089,0.0874,0.08700000000000001,0.0006633249580710746,0.027875,0.02825,0.02799375,0.027875,0.00013390178303517857,0.109375,0.11075,0.1099625,0.1099375,0.0005492893135679963,0.01675,0.017125,0.016912499999999997,0.016875,8.00390529679107e-05,0.104125,0.105375,0.10469999999999999,0.10475,0.0005637486141889846,0.10400000000000001,0.106,0.10485000000000003,0.105,0.0007921489758877376,32,32,2560,10240,51200,False,1904,8
0.061,0.063,0.06233333333333332,0.062,0.0006424160744396216,0.043000000000000003,0.045,0.043500000000000004,0.043000000000000003,0.0005916079783099588,0.0815,0.083375,0.08238750000000002,0.082375,0.0005901535817056443,0.085,0.08700000000000001,0.08585000000000001,0.08600000000000001,0.0004769696007084733,0.0275,0.028125,0.027824999999999996,0.027875,0.00020310096011589917,0.108375,0.11075,0.10940625,0.1095,0.0008559305973617261,0.016625,0.016875,0.01676875,0.01675,5.962120008855916e-05,0.10325000000000001,0.105625,0.104325,0.104375,0.0008210130936836463,0.10300000000000001,0.105,0.1042,0.10400000000000001,0.0005099019513592736,32,32,2560,10240,51200,False,1888,8
0.06,0.062,0.060952380952380945,0.061,0.0004856209060564562,0.042,0.044,0.04335000000000001,0.043000000000000003,0.0005722761571129772,0.08125,0.082375,0.08188125,0.08206250000000001,0.00037806042837091567,0.085,0.08700000000000001,0.0854,0.085,0.0005830951894845307,0.0275,0.02775,0.027668750000000002,0.02775,0.00011370878374162665,0.107875,0.109375,0.10875625,0.109,0.0005145917678121177,0.0165,0.01675,0.016668750000000003,0.016625,7.153451963912254e-05,0.10300000000000001,0.104125,0.10366875000000002,0.10393750000000002,0.0004580444165143795,0.10200000000000001,0.10400000000000001,0.10315,0.10300000000000001,0.0006538348415311016,32,32,2560,10240,51200,False,1872,8
0.059000000000000004,0.062,0.060999999999999985,0.061,0.0006172133998483671,0.041,0.045,0.0425,0.042,0.0008660254037844378,0.080375,0.082375,0.08143124999999998,0.081375,0.0006355054582771109,0.084,0.08600000000000001,0.0849,0.085,0.0004358898943540678,0.027125,0.02775,0.027449999999999995,0.0274375,0.00022844583603121347,0.106875,0.10925,0.10802499999999997,0.1080625,0.0009088110364646775,0.016375,0.016625,0.01645,0.0165,7.288689868556633e-05,0.10187500000000001,0.10400000000000001,0.10294375000000003,0.10287500000000001,0.0007770889186573188,0.101,0.10300000000000001,0.10225000000000002,0.10200000000000001,0.0005361902647381809,32,32,2560,10240,51200,False,1856,8
0.06,0.061,0.06057142857142856,0.061,0.0004948716593053939,0.041,0.043000000000000003,0.04175000000000001,0.042,0.0005361902647381809,0.081375,0.0825,0.08208750000000001,0.08225,0.00037520827549509123,0.083,0.085,0.08390000000000002,0.084,0.00043588989435406776,0.0275,0.027875,0.027675000000000005,0.02775,0.00012747548783981972,0.108125,0.1095,0.108975,0.10925,0.0005040461288413993,0.01625,0.0165,0.01636250000000001,0.016375,6.731456008918136e-05,0.10312500000000001,0.104375,0.10387500000000001,0.10425,0.0005347312409051802,0.1,0.10200000000000001,0.10130000000000002,0.101,0.0005567764362830027,32,32,2560,10240,51200,False,1840,8
0.06,0.062,0.06042857142857142,0.06,0.0005832118435198048,0.04,0.042,0.04100000000000001,0.041,0.00044721359549995833,0.08225,0.083375,0.08249375,0.082375,0.0002514799942341341,0.083,0.084,0.08360000000000002,0.084,0.000489897948556636,0.02775,0.028,0.02778125,0.02775,7.781187248742965e-05,0.109125,0.110375,0.10938124999999999,0.10925,0.00030739581568394874,0.016125,0.01625,0.01615625,0.016125,5.4126587736527466e-05,0.10425,0.105375,0.10443125,0.104375,0.00032228432710884375,0.1,0.10200000000000001,0.1005,0.1,0.0006708203932499376,32,32,2560,10240,51200,False,1824,8
0.058,0.06,0.05933333333333334,0.059000000000000004,0.0005634361698190084,0.04,0.042,0.04100000000000001,0.041,0.0006324555320336764,0.081375,0.08225,0.08175625,0.0815,0.0003654513476510933,0.082,0.083,0.08225000000000002,0.082,0.0004330127018922197,0.0275,0.02775,0.027612500000000005,0.0275,0.0001243734296383276,0.108125,0.10925,0.10864375,0.10843749999999999,0.0004988659013201849,0.015875,0.016125,0.016018750000000005,0.016,7.153451963912254e-05,0.10325000000000001,0.104375,0.10376250000000001,0.10375000000000001,0.00047909419741841354,0.099,0.101,0.09980000000000001,0.1,0.0006000000000000006,32,32,2560,10240,51200,False,1808,8
0.058,0.06,0.058666666666666666,0.059000000000000004,0.0006424160744396202,0.039,0.041,0.04000000000000001,0.04,0.0003162277660168382,0.080375,0.082125,0.08115625000000001,0.08125,0.0005546324796655895,0.081,0.082,0.08160000000000002,0.082,0.000489897948556636,0.027125,0.02775,0.027375,0.027375,0.00018114220932736815,0.106875,0.109,0.10774374999999999,0.10775,0.0006897406668451563,0.015875,0.01625,0.015956249999999998,0.0159375,9.901862198596796e-05,0.10200000000000001,0.10400000000000001,0.10284375000000001,0.10287500000000001,0.0006695089151758927,0.098,0.1,0.09875000000000002,0.099,0.0007664854858377953,32,32,2560,10240,51200,False,1792,8
0.057,0.059000000000000004,0.0581904761904762,0.058,0.0005870870479018078,0.039,0.041,0.04010000000000001,0.04,0.0005385164807134509,0.08125,0.08225,0.08165,0.0814375,0.0003844639124807428,0.08,0.082,0.08085,0.081,0.0004769696007084733,0.0275,0.02775,0.027606250000000006,0.0275,0.00012038350177661401,0.108,0.109125,0.1084875,0.108125,0.0005212664865498265,0.015625,0.015875,0.015731249999999995,0.01575,8.172935519138771e-05,0.10300000000000001,0.104125,0.10355,0.10312500000000001,0.0004974937185533047,0.096,0.099,0.09790000000000001,0.098,0.0008888194417315596,32,32,2560,10240,51200,False,1776,8
0.058,0.06,0.058333333333333334,0.058,0.0005634361698190106,0.039,0.04,0.03935000000000001,0.039,0.0004769696007084732,0.073375,0.073625,0.07350625,0.0735,6.21867148191638e-05,0.081,0.082,0.08145000000000001,0.081,0.0004974937185533104,0.027625,0.02775,0.027700000000000002,0.02775,6.12372435695795e-05,0.100125,0.100375,0.10023750000000001,0.10025,6.731456008918137e-05,0.0155,0.01575,0.01563125,0.015625,4.8007160924178845e-05,0.10387500000000001,0.10400000000000001,0.10395625000000001,0.10400000000000001,5.962120008855916e-05,0.096,0.098,0.09680000000000001,0.097,0.000509901951359279,32,32,2560,10240,51200,False,1760,8
0.056,0.059000000000000004,0.057238095238095234,0.057,0.0007499055118106493,0.038,0.04,0.038950000000000005,0.039,0.0004974937185533104,0.07150000000000001,0.07275,0.07229375,0.07243749999999999,0.0004074980828175713,0.08,0.081,0.08070000000000001,0.081,0.0004582575694955844,0.027,0.0275,0.02729375,0.027375,0.00014934753931685664,0.097625,0.099125,0.09861874999999999,0.099,0.0005354247729606844,0.015375,0.015625,0.0154625,0.0155,6.959705453537534e-05,0.101125,0.10300000000000001,0.10240625000000003,0.10287500000000001,0.0005887951150442746,0.095,0.097,0.09625000000000002,0.096,0.0006982120021884476,32,32,2560,10240,51200,False,1744,8
0.054,0.057,0.055999999999999994,0.056,0.0008164965809277268,0.037,0.039,0.03830000000000001,0.038,0.0005567764362830027,0.07,0.072875,0.0713875,0.07137500000000001,0.0009762011831584677,0.079,0.08,0.07970000000000001,0.08,0.0004582575694955844,0.026375,0.0275,0.0269,0.026875,0.0003592526965799982,0.0955,0.099375,0.09741875,0.0975625,0.001240132931382762,0.01525,0.0155,0.015331250000000001,0.015375,7.153451963912254e-05,0.099125,0.10300000000000001,0.10116875,0.10187500000000001,0.0013052029296243565,0.094,0.097,0.0955,0.095,0.000741619848709567,32,32,2560,10240,51200,False,1728,8
0.054,0.058,0.05623809523809524,0.056,0.0009712418121129121,0.037,0.039,0.037750000000000006,0.038,0.0006224949798994372,0.0725,0.073375,0.07293125,0.072875,0.00021821362812620134,0.079,0.08,0.07914999999999998,0.079,0.00035707142142714284,0.027375,0.027625,0.027481249999999995,0.0275,9.901862198596794e-05,0.09925,0.099875,0.09941875000000001,0.09925,0.00023807496193426159,0.015125,0.01525,0.015162499999999999,0.015125,5.7282196186948046e-05,0.10287500000000001,0.10350000000000001,0.10305,0.10287500000000001,0.00024811791551599034,0.093,0.095,0.09430000000000001,0.094,0.0006403124237432854,32,32,2560,10240,51200,False,1712,8
0.054,0.056,0.055619047619047624,0.056,0.000652919485752481,0.036000000000000004,0.038,0.03725000000000001,0.037,0.0005361902647381801,0.07100000000000001,0.07375,0.07307500000000001,0.073,0.0005497158356823984,0.078,0.079,0.07830000000000001,0.078,0.0004582575694955844,0.02675,0.02775,0.0274625,0.0275,0.00019803724397193592,0.09675,0.100375,0.09949375000000002,0.099375,0.0007608332192405909,0.015,0.015125,0.015018750000000003,0.015,4.463392767839284e-05,0.10300000000000001,0.104125,0.10338125000000001,0.10312500000000001,0.00042107563156753593,0.093,0.095,0.09390000000000001,0.094,0.000538516480713451,32,32,2560,10240,51200,False,1696,8
0.055,0.057,0.05604761904761905,0.056,0.00048562090605645613,0.036000000000000004,0.037,0.03680000000000001,0.037,0.00039999999999999763,0.07275,0.0735,0.07301875,0.07275,0.0003217991415464003,0.077,0.079,0.07765,0.078,0.0005722761571129803,0.027375,0.02775,0.02750625,0.0275,0.00013390178303517857,0.09925,0.10025,0.09964375,0.0993125,0.00046144304903205594,0.014750000000000001,0.015,0.014887500000000003,0.014875000000000001,5.448623679425793e-05,0.10300000000000001,0.10400000000000001,0.10343750000000003,0.10312500000000001,0.00046687123492457783,0.092,0.094,0.09265000000000001,0.093,0.0006538348415311016,32,32,2560,10240,51200,False,1680,8
0.054,0.055,0.05442857142857143,0.054,0.0004948716593053939,0.036000000000000004,0.038,0.03660000000000001,0.037,0.0005830951894845274,0.07162500000000001,0.07275,0.07198125000000002,0.07175000000000001,0.00035416053916267367,0.077,0.078,0.07730000000000001,0.077,0.0004582575694955844,0.027,0.027625,0.02715,0.0270625,0.0001794087511800917,0.097875,0.09975,0.098375,0.098,0.000565961571133589,0.014750000000000001,0.014875000000000001,0.014775,0.014750000000000001,5.000000000000004e-05,0.10175000000000001,0.10387500000000001,0.10231875000000001,0.10187500000000001,0.0005948673696715938,0.091,0.093,0.09190000000000001,0.092,0.0006244997998398404,32,32,2560,10240,51200,False,1664,8
0.052000000000000005,0.055,0.054380952380952384,0.055,0.0008984743935291994,0.036000000000000004,0.037,0.03630000000000001,0.036000000000000004,0.0004582575694955813,0.07037500000000001,0.07325,0.07251874999999999,0.0725,0.0005879984587564815,0.076,0.078,0.07625000000000001,0.076,0.0005361902647381809,0.0265,0.027625,0.027350000000000003,0.027375,0.00024238399287081664,0.09875,0.099875,0.09915,0.098875,0.0004100304866714185,0.0145,0.014625,0.014593749999999999,0.014625,5.412658773652746e-05,0.10275000000000001,0.10387500000000001,0.10311250000000001,0.10287500000000001,0.0004758216577668574,0.09,0.092,0.09100000000000001,0.091,0.0007071067811865482,32,32,2560,10240,51200,False,1648,8
0.053,0.055,0.053809523809523814,0.054,0.0004994327848429298,0.035,0.036000000000000004,0.03560000000000001,0.036000000000000004,0.0004898979485566361,0.072625,0.07275,0.07268124999999999,0.072625,6.21867148191638e-05,0.075,0.076,0.0754,0.075,0.0004898979485566361,0.027375,0.0275,0.027381250000000003,0.027375,2.724311839712923e-05,0.099125,0.099625,0.09920625,0.09918750000000001,0.00011370878374162668,0.014375,0.0145,0.014425000000000004,0.014375,6.12372435695795e-05,0.10287500000000001,0.10375000000000001,0.10301249999999999,0.10300000000000001,0.00017633419974582372,0.089,0.091,0.09010000000000001,0.09,0.00043588989435406776,32,32,2560,10240,51200,False,1632,8
0.052000000000000005,0.053,0.052666666666666674,0.053,0.0004714045207910288,0.035,0.037,0.03600000000000001,0.036000000000000004,0.0004472135954999568,0.07100000000000001,0.07175000000000001,0.0713125,0.07112500000000001,0.0003125000000000003,0.074,0.076,0.07499999999999998,0.075,0.0003162277660168382,0.02675,0.027,0.026893750000000004,0.026875,0.00010661701318269998,0.096875,0.097875,0.09736874999999999,0.097375,0.0004356657979460866,0.01425,0.014375,0.014306249999999998,0.01425,6.218671481916381e-05,0.10075,0.10175000000000001,0.10130000000000002,0.1013125,0.00045138675213169505,0.088,0.09,0.08945,0.09,0.0006689544080129831,32,32,2560,10240,51200,False,1616,8
0.051000000000000004,0.053,0.05180952380952381,0.052000000000000005,0.0005870870479018065,0.034,0.036000000000000004,0.03475000000000001,0.035,0.0006224949798994372,0.072625,0.07475,0.07338125000000001,0.072875,0.0007336499079942701,0.07200000000000001,0.073,0.07245000000000001,0.07200000000000001,0.0004974937185533034,0.02625,0.027,0.026556250000000003,0.026375,0.0002387303656848037,0.08612500000000001,0.088625,0.08698750000000002,0.08637500000000001,0.000865935188105898,0.014125,0.014375,0.014250000000000002,0.01425,5.590169943749479e-05,0.098125,0.100875,0.09905625,0.0985625,0.0009995897596014084,0.088,0.089,0.08839999999999999,0.088,0.0004898979485566361,32,32,2560,10240,51200,False,1600,8
0.051000000000000004,0.053,0.051857142857142866,0.052000000000000005,0.0005593971487843196,0.034,0.036000000000000004,0.03450000000000001,0.034,0.0005916079783099622,0.07275,0.07525,0.07458125,0.074625,0.000652249712533475,0.07100000000000001,0.07200000000000001,0.0718,0.07200000000000001,0.0004000000000000003,0.026375,0.02725,0.02699375,0.027,0.00022870218079415003,0.08637500000000001,0.0895,0.08857499999999999,0.088625,0.0007064435575472365,0.014,0.014125,0.01408125,0.014125,5.962120008855914e-05,0.098125,0.10175000000000001,0.10093125,0.100875,0.0007546470615459926,0.08600000000000001,0.088,0.08745000000000001,0.088,0.0006689544080129768,32,32,2560,10240,51200,False,1584,8
0.05,0.052000000000000005,0.05133333333333335,0.051000000000000004,0.0005634361698190116,0.033,0.035,0.033900000000000007,0.034,0.0004358898943540677,0.073875,0.0755,0.07468124999999999,0.07475,0.0006000976483040079,0.07100000000000001,0.07200000000000001,0.07125000000000001,0.07100000000000001,0.00043301270189221973,0.02675,0.027375,0.02704375,0.027,0.0001947554556360362,0.088,0.089625,0.08889375000000002,0.08875,0.0006340285383955526,0.013875,0.014,0.013887500000000006,0.013875,3.750000000000003e-05,0.1,0.10187500000000001,0.10099375,0.100875,0.0007910386763616562,0.08600000000000001,0.088,0.08685000000000001,0.08700000000000001,0.0005722761571129776,32,32,2560,10240,51200,False,1568,8
0.05,0.051000000000000004,0.05052380952380953,0.051000000000000004,0.0004994327848429298,0.033,0.035,0.03380000000000001,0.034,0.000509901951359279,0.073375,0.07475,0.07408125000000002,0.074,0.0006228400175807595,0.07,0.07100000000000001,0.07010000000000002,0.07,0.00030000000000000024,0.026625,0.027125,0.026856249999999998,0.0268125,0.0002347704996374121,0.08725000000000001,0.08875,0.08800625,0.088,0.0006584486976978477,0.013625,0.013875,0.0137375,0.01375,6.731456008918136e-05,0.09925,0.100875,0.10014375000000002,0.100625,0.0007667657318242652,0.085,0.088,0.08595000000000001,0.08600000000000001,0.000804673846971553,32,32,2560,10240,51200,False,1552,8
0.049,0.051000000000000004,0.049714285714285725,0.05,0.0006281383789653777,0.032,0.034,0.03300000000000001,0.033,0.00044721359549995833,0.06325,0.0645,0.063925,0.0638125,0.000539675828623073,0.07100000000000001,0.07200000000000001,0.07115,0.07100000000000001,0.00035707142142714284,0.02625,0.027125,0.0267,0.026625,0.0002994787137677738,0.084,0.08600000000000001,0.08501875,0.0849375,0.0007387436547950859,0.01375,0.014,0.013800000000000003,0.01375,7.288689868556633e-05,0.098375,0.101,0.09981875,0.1000625,0.0011946985760014962,0.084,0.08700000000000001,0.0851,0.085,0.0007681145747868615,32,32,2560,10240,51200,False,1536,8
0.048,0.051000000000000004,0.049952380952380956,0.05,0.000652919485752481,0.032,0.034,0.03280000000000001,0.033,0.0006000000000000005,0.064,0.065125,0.06445625000000002,0.06425,0.0004441899227807857,0.07100000000000001,0.07200000000000001,0.0711,0.07100000000000001,0.00030000000000000024,0.02675,0.027375,0.026956249999999998,0.026875,0.00023477049963741204,0.085,0.08662500000000001,0.0857125,0.08531250000000001,0.0006496393230093147,0.013625,0.01375,0.01364375,0.013625,4.4633927678392855e-05,0.1,0.10200000000000001,0.10068125000000001,0.1,0.0009035304020894933,0.083,0.08600000000000001,0.08405000000000001,0.084,0.000668954408012983,32,32,2560,10240,51200,False,1520,8
0.048,0.05,0.049142857142857155,0.049,0.000559397148784321,0.031,0.033,0.031950000000000006,0.032,0.0004974937185533105,0.06375,0.065,0.06423124999999999,0.063875,0.0005551956299359717,0.069,0.07100000000000001,0.06985,0.07,0.0005722761571129803,0.026625,0.02725,0.026881250000000002,0.02675,0.00022870218079415003,0.084875,0.08650000000000001,0.08556250000000001,0.085,0.0007379236071572726,0.013375,0.013625,0.013481250000000004,0.0135,5.962120008855916e-05,0.1,0.10187500000000001,0.10084375000000001,0.1,0.0009328007222874572,0.082,0.084,0.08315000000000003,0.083,0.000726291952316698,32,32,2560,10240,51200,False,1504,8
0.046,0.05,0.04904761904761906,0.049,0.0009988655696858595,0.031,0.032,0.03150000000000001,0.0315,0.0005000000000000004,0.063125,0.06525,0.064725,0.06475,0.0004062019202317984,0.069,0.07,0.0695,0.0695,0.0005000000000000004,0.026000000000000002,0.02725,0.026993750000000004,0.027,0.0002451880655741624,0.08575,0.08925,0.088475,0.0885,0.0006841966091701982,0.013125,0.013375,0.013175000000000001,0.013125,7.288689868556633e-05,0.098,0.10175000000000001,0.10084375000000001,0.10075,0.000763293644346657,0.081,0.083,0.08215,0.082,0.0005722761571129804,32,32,2560,10240,51200,False,1488,8
0.046,0.049,0.04776190476190477,0.048,0.0006834619092574922,0.03,0.032,0.031100000000000006,0.031,0.00043588989435406776,0.062,0.06375,0.06340625,0.0635625,0.0003850223207815363,0.068,0.069,0.06860000000000001,0.069,0.0004898979485566361,0.026000000000000002,0.026625,0.026525000000000003,0.026625,0.0001561249499599595,0.085,0.08737500000000001,0.08690625,0.08725000000000001,0.0005345485829183355,0.013000000000000001,0.013125,0.01305,0.013000000000000001,6.123724356957866e-05,0.097125,0.099875,0.099275,0.09975,0.0006526388741103312,0.08,0.082,0.08180000000000001,0.082,0.000509901951359279,32,32,2560,10240,51200,False,1472,8
0.048,0.05,0.048714285714285724,0.049,0.0006281383789653777,0.03,0.032,0.031150000000000004,0.031,0.0004769696007084732,0.065,0.066375,0.06554999999999998,0.065625,0.00050062460986252,0.067,0.068,0.06775,0.068,0.00043301270189221973,0.0245,0.025375,0.024862500000000003,0.024875,0.00027357585785299136,0.089625,0.0915,0.09044375,0.0905,0.0006655296293178845,0.012875000000000001,0.013000000000000001,0.01289375,0.012875000000000001,4.4633927678392855e-05,0.091,0.092875,0.09190625,0.092,0.0006529679835183351,0.08,0.083,0.08120000000000001,0.081,0.0008124038404635969,32,32,2560,10240,51200,False,1456,8
0.047,0.049,0.04838095238095239,0.048,0.000575383141599742,0.029,0.031,0.030150000000000003,0.03,0.00047696960070847287,0.065375,0.066125,0.06567500000000001,0.0655625,0.00025433737436719777,0.066,0.067,0.0667,0.067,0.0004582575694955844,0.0245,0.025,0.024718750000000005,0.024625,0.00016712177446401188,0.08700000000000001,0.088,0.08737500000000001,0.08725000000000001,0.0003446012188022521,0.012875000000000001,0.013000000000000001,0.0129,0.012875000000000001,5.000000000000004e-05,0.091625,0.09275,0.09203750000000001,0.091875,0.00035597577164745385,0.08,0.081,0.08030000000000001,0.08,0.0004582575694955844,32,32,2560,10240,51200,False,1440,8
0.046,0.048,0.047333333333333345,0.047,0.0005634361698190116,0.029,0.03,0.029150000000000002,0.029,0.0003570714214271416,0.064625,0.066,0.06519375,0.06475,0.0005842663669081086,0.065,0.067,0.06605000000000001,0.066,0.0004974937185533105,0.024125,0.025125,0.024593750000000004,0.0244375,0.00032082656919276526,0.08600000000000001,0.08775000000000001,0.08673750000000001,0.08612500000000001,0.0007914583059138372,0.012625,0.012875000000000001,0.012756250000000002,0.012750000000000001,4.8007160924178845e-05,0.090625,0.092375,0.09131875,0.09075,0.000776082912774145,0.079,0.08,0.0795,0.0795,0.0005000000000000004,32,32,2560,10240,51200,False,1424,8
0.047,0.049,0.04761904761904763,0.047,0.000722178613719196,0.028,0.03,0.028850000000000004,0.029,0.00047696960070847287,0.064125,0.066625,0.06503125,0.06475,0.0010487157324556556,0.065,0.066,0.06515,0.065,0.0003570714214271428,0.02425,0.025375,0.024731250000000003,0.024625,0.0003650235437612213,0.080125,0.0835,0.08146875,0.081,0.0013890616212033228,0.0125,0.012625,0.012543750000000001,0.0125,5.962120008855915e-05,0.081375,0.084375,0.0826125,0.08225,0.0011297815054248331,0.078,0.079,0.0782,0.078,0.0004000000000000003,32,32,2560,10240,51200,False,1408,8
0.046,0.048,0.04695238095238096,0.047,0.0004856209060564561,0.028,0.029,0.0284,0.028,0.0004898979485566361,0.06525,0.066,0.06548125,0.065375,0.00023141885726967043,0.064,0.065,0.0644,0.064,0.0004898979485566361,0.024375,0.025,0.024675000000000002,0.024625,0.00016955824957813183,0.08175,0.082625,0.08198124999999999,0.081875,0.00031443153070263196,0.01225,0.0125,0.0123875,0.012375,5.448623679425847e-05,0.0825,0.083625,0.0829,0.082875,0.0002947456530637901,0.076,0.078,0.0773,0.077,0.0005567764362830027,32,32,2560,10240,51200,False,1392,8
0.045,0.047,0.04638095238095239,0.046,0.000575383141599742,0.027,0.029,0.028000000000000004,0.028,0.0003162277660168382,0.065,0.0665,0.06545625000000002,0.065125,0.0005495381583657321,0.063,0.065,0.06400000000000002,0.064,0.0003162277660168382,0.024625,0.025125,0.024718750000000005,0.024625,0.00015749503960442706,0.0815,0.08325,0.08203125,0.081625,0.000712472587191957,0.012125,0.012375,0.012237500000000002,0.01225,6.731456008918137e-05,0.08225,0.084,0.08289375000000002,0.0825,0.0006165364445837737,0.075,0.077,0.07635,0.076,0.0005722761571129803,32,32,2560,10240,51200,False,1376,8
0.044,0.046,0.04476190476190477,0.045,0.0008109231602822103,0.027,0.028,0.027250000000000003,0.027,0.00043301270189221973,0.062875,0.065125,0.06379375000000001,0.063,0.0010103178645852016,0.062,0.064,0.06309999999999999,0.063,0.00043588989435406776,0.0235,0.024875,0.024075000000000003,0.02375,0.0005553714972880771,0.07875,0.082125,0.08002499999999999,0.078875,0.0013558899291609195,0.012,0.01225,0.012118750000000001,0.012125,6.21867148191638e-05,0.08,0.0825,0.08108125,0.08025,0.0010519884445658147,0.075,0.076,0.07535,0.075,0.0004769696007084732,32,32,2560,10240,51200,False,1360,8
0.044,0.046,0.044857142857142866,0.045,0.0007737179432986635,0.026000000000000002,0.028,0.026800000000000008,0.027,0.0005099019513592776,0.052875,0.054875,0.053700000000000005,0.0534375,0.0008536685539481944,0.063,0.064,0.0633,0.063,0.0004582575694955844,0.024,0.025500000000000002,0.02466875,0.024375,0.0005142880394292681,0.078375,0.0815,0.07973125,0.0791875,0.001312961228483158,0.011875,0.012,0.01194375,0.012,6.21867148191638e-05,0.079,0.08225,0.08048124999999999,0.08006250000000001,0.0012773721804940027,0.074,0.076,0.07445000000000002,0.074,0.0005894913061275802,32,32,2560,10240,51200,False,1344,8
0.043000000000000003,0.046,0.04514285714285715,0.045,0.0007737179432986626,0.026000000000000002,0.028,0.027050000000000008,0.027,0.0003840572873934303,0.0535,0.055875,0.055406250000000004,0.055625,0.0006396715465768356,0.062,0.064,0.06294999999999999,0.063,0.0004974937185533105,0.023875,0.025125,0.024881250000000004,0.025,0.0003479291414929198,0.079,0.083,0.0821875,0.0825,0.0010698276730389817,0.01175,0.011875,0.011781250000000002,0.01175,5.412658773652746e-05,0.08,0.0835,0.08293124999999998,0.083125,0.0007494529254729752,0.073,0.075,0.0737,0.074,0.0005567764362830027,32,32,2560,10240,51200,False,1328,8
0.044,0.046,0.04490476190476191,0.045,0.0004259177099999604,0.026000000000000002,0.027,0.026450000000000008,0.026000000000000002,0.0004974937185533088,0.055,0.056,0.05536875,0.0555,0.0003341851096323715,0.062,0.064,0.06239999999999999,0.062,0.0005830951894845307,0.02475,0.02525,0.024993750000000002,0.025,0.00013961442439805436,0.081625,0.08325,0.08220000000000001,0.082375,0.0005511351921262156,0.011625,0.01175,0.01165,0.011625,5.000000000000004e-05,0.08225,0.08375,0.0829,0.0829375,0.00047696960070847325,0.07200000000000001,0.074,0.07285,0.073,0.0004769696007084683,32,32,2560,10240,51200,False,1312,8
0.042,0.045,0.04347619047619048,0.044,0.0008518354199999177,0.025,0.027,0.026100000000000005,0.026000000000000002,0.00043588989435406673,0.053375,0.055875,0.054537499999999996,0.054375,0.0009528739423449471,0.061,0.062,0.06130000000000001,0.061,0.0004582575694955844,0.023875,0.02525,0.024518750000000002,0.0244375,0.0004017053491055357,0.079125,0.083125,0.0810625,0.08075,0.0014913814904309376,0.011375,0.011625,0.011500000000000002,0.0115,6.846531968814583e-05,0.08,0.08375,0.08190625,0.0815,0.0013754970692444253,0.07100000000000001,0.073,0.07210000000000003,0.07200000000000001,0.0005385164807134462,32,32,2560,10240,51200,False,1296,8
0.042,0.044,0.043142857142857156,0.043000000000000003,0.0005593971487843185,0.025,0.026000000000000002,0.025400000000000006,0.025,0.000489897948556636,0.05325,0.05525,0.053731249999999994,0.053375,0.0007313034168524039,0.06,0.061,0.06054999999999999,0.061,0.0004974937185533104,0.023875,0.025,0.024212500000000005,0.0240625,0.000391511494084146,0.07087500000000001,0.073625,0.07165000000000002,0.07100000000000001,0.0011274972283779631,0.011375,0.0115,0.01141875,0.011375,5.962120008855914e-05,0.078625,0.0815,0.07941875,0.07875,0.0011647659367873026,0.07,0.07200000000000001,0.07104999999999999,0.07100000000000001,0.0003840572873934307,32,32,2560,10240,51200,False,1280,8
0.042,0.043000000000000003,0.04266666666666668,0.043000000000000003,0.0004714045207910321,0.025,0.026000000000000002,0.025350000000000004,0.025,0.00047696960070847314,0.054125,0.05575,0.0545875,0.0545625,0.00043857011982122125,0.059000000000000004,0.061,0.06000000000000001,0.06,0.0003162277660168371,0.024375,0.025,0.024606250000000003,0.024625,0.00015946688527716354,0.072125,0.0745,0.07276250000000001,0.072875,0.0006409221871647141,0.011125,0.011375,0.0112625,0.01125,5.448623679425848e-05,0.079875,0.082125,0.08051875,0.0805,0.0006962791735360185,0.069,0.07100000000000001,0.07005,0.07,0.00038405728739343076,32,32,2560,10240,51200,False,1264,8
0.04,0.043000000000000003,0.04200000000000001,0.042,0.0006172133998483682,0.024,0.025,0.024700000000000007,0.025,0.00045825756949558437,0.053375,0.055125,0.05423125000000001,0.0545,0.0006024364593050463,0.058,0.06,0.05919999999999999,0.059000000000000004,0.0005099019513592762,0.02375,0.024625,0.024250000000000004,0.024375,0.0002622022120425381,0.07125000000000001,0.0735,0.07233124999999999,0.072625,0.0008035808531193306,0.011,0.011125,0.011112499999999999,0.011125,3.750000000000003e-05,0.07925,0.08175,0.08043124999999998,0.08075,0.0008673549950856346,0.069,0.07,0.06925,0.069,0.0004330127018922198,32,32,2560,10240,51200,False,1248,8
0.039,0.041,0.040238095238095246,0.04,0.0006098213559459861,0.024,0.025,0.024700000000000007,0.025,0.0004582575694955844,0.0525,0.054,0.0529875,0.0525,0.0006529978943304493,0.057,0.059000000000000004,0.05845,0.0585,0.0005894913061275804,0.022875,0.02425,0.023375,0.023,0.000565961571133589,0.069625,0.07187500000000001,0.0704875,0.06975,0.0010397565820902516,0.010875000000000001,0.011,0.01095,0.011,6.123724356957866e-05,0.077125,0.07975,0.07825625,0.077375,0.0011601959694379233,0.068,0.069,0.0684,0.068,0.0004898979485566361,32,32,2560,10240,51200,False,1232,8
0.039,0.041,0.04028571428571429,0.04,0.0005471012044321936,0.024,0.025,0.024100000000000003,0.024,0.00030000000000000024,0.052375,0.053,0.052612500000000006,0.0525,0.0002267294643402134,0.056,0.058,0.0573,0.057,0.0005567764362830027,0.02325,0.023875,0.02349375,0.0235,0.00016524130083002872,0.06975,0.07062500000000001,0.07015625,0.07,0.00031343609795299614,0.010750000000000001,0.011,0.010812500000000001,0.010750000000000001,7.395099728874504e-05,0.077375,0.07825,0.07773125,0.0775625,0.00034522411199103725,0.067,0.068,0.0673,0.067,0.0004582575694955844,32,32,2560,10240,51200,False,1216,8
0.038,0.041,0.039904761904761915,0.04,0.0006834619092574922,0.023,0.025,0.024100000000000003,0.024,0.00043588989435406776,0.051000000000000004,0.054375,0.053525,0.053625,0.0006028577775893738,0.056,0.058,0.0568,0.057,0.0006000000000000006,0.02225,0.024,0.023600000000000003,0.023625,0.00032739502134272014,0.069875,0.0725,0.0714625,0.07150000000000001,0.0004259181259350192,0.010625,0.010750000000000001,0.01064375,0.010625,4.463392767839285e-05,0.07925,0.0805,0.07943750000000001,0.079375,0.00025464435984329226,0.066,0.068,0.06689999999999999,0.067,0.00043588989435406776,32,32,2560,10240,51200,False,1200,8
0.039,0.041,0.03961904761904763,0.04,0.000575383141599742,0.023,0.024,0.023550000000000005,0.024,0.0004974937185533105,0.052375,0.054625,0.05324375,0.05275,0.0008601189961278622,0.055,0.057,0.056100000000000004,0.056,0.00043588989435406776,0.023,0.024125,0.023350000000000003,0.023125,0.00043229041164476493,0.070125,0.07275,0.07103125000000002,0.070125,0.0012105493329476443,0.010375,0.010625,0.010500000000000002,0.0105,3.9528470752104776e-05,0.077875,0.08075,0.0791,0.0785,0.001144006118864756,0.065,0.067,0.06575,0.066,0.0005361902647381809,32,32,2560,10240,51200,False,1184,8
0.036000000000000004,0.04,0.03885714285714287,0.039,0.000989743318610786,0.022,0.024,0.023700000000000006,0.024,0.0005567764362830027,0.0505,0.054125,0.053575000000000005,0.0535625,0.0007483314773547876,0.055,0.057,0.05585000000000001,0.056,0.0004769696007084732,0.021750000000000002,0.024,0.023450000000000006,0.0235,0.0004282960424752951,0.067375,0.073125,0.07149375,0.0715625,0.001037932891616794,0.01025,0.0105,0.010350000000000002,0.010375,6.373774391990988e-05,0.07675,0.080875,0.07923125,0.0791875,0.000731303416852404,0.064,0.066,0.06484999999999999,0.065,0.00047696960070847325,32,32,2560,10240,51200,False,1168,8
0.037,0.04,0.039095238095238107,0.039,0.0009209085526577967,0.023,0.025,0.023450000000000006,0.023,0.0005894913061275802,0.052625,0.056375,0.055581250000000006,0.05575,0.0009521972944195974,0.051000000000000004,0.053,0.05200000000000001,0.052000000000000005,0.0003162277660168371,0.018375,0.01975,0.019375,0.0195,0.00033541019662496876,0.069125,0.073125,0.07241875,0.0725625,0.00113280280168262,0.010125,0.010375,0.010193750000000001,0.0101875,7.368641326594753e-05,0.0685,0.07200000000000001,0.07134375000000001,0.0715625,0.0009526894496634262,0.063,0.065,0.06375,0.064,0.0006224949798994371,32,32,2560,10240,51200,False,1152,8
0.037,0.04,0.03861904761904763,0.039,0.0008438116736509222,0.022,0.024,0.022850000000000002,0.023,0.0004769696007084733,0.052625,0.056375,0.05498125,0.05525,0.0012004393726881848,0.051000000000000004,0.052000000000000005,0.05135000000000001,0.051000000000000004,0.0004769696007084732,0.0185,0.019875,0.01918125,0.01925,0.0004338688597952155,0.069375,0.073375,0.0716125,0.07175000000000001,0.0013845689762521732,0.01,0.010125,0.010025000000000001,0.01,5.0000000000000036e-05,0.068625,0.072125,0.07060625000000001,0.07068750000000001,0.001221087501983373,0.063,0.064,0.06319999999999999,0.063,0.00040000000000000034,32,32,2560,10240,51200,False,1136,8
0.037,0.039,0.038333333333333344,0.039,0.000776643163347624,0.022,0.024,0.023050000000000005,0.023,0.0003840572873934307,0.0535,0.056125,0.0550125,0.055125,0.0008195844983892761,0.05,0.051000000000000004,0.05065000000000001,0.051000000000000004,0.0004769696007084733,0.01825,0.01925,0.01893125,0.019,0.00028634277972388293,0.062,0.065125,0.06391250000000001,0.063875,0.0009914478049801723,0.009875,0.010125,0.009993750000000001,0.01,4.8007160924178845e-05,0.06925,0.072875,0.07158125000000001,0.07150000000000001,0.0010984897302660553,0.061,0.063,0.06215,0.062,0.0006538348415311016,32,32,2560,10240,51200,False,1120,8
0.036000000000000004,0.037,0.036857142857142866,0.037,0.0003499271061118804,0.022,0.023,0.022200000000000004,0.022,0.0004000000000000003,0.052875,0.053125,0.05298125,0.053,5.9621200088559156e-05,0.049,0.05,0.04930000000000001,0.049,0.0004582575694955844,0.01825,0.018625,0.018431250000000003,0.018375,0.00010058423087144434,0.062,0.062125,0.06202500000000001,0.062,5.000000000000004e-05,0.00975,0.009875,0.009818750000000001,0.009875,6.21867148191638e-05,0.069,0.0695,0.069175,0.069125,0.00013919410907075068,0.061,0.063,0.0612,0.061,0.000509901951359279,32,32,2560,10240,51200,False,1104,8
0.033,0.038,0.0361904761904762,0.036000000000000004,0.0010519391444940233,0.021,0.023,0.02185,0.022,0.00047696960070847205,0.050875000000000004,0.053375,0.052593749999999995,0.052125,0.0007519505884697465,0.048,0.049,0.04870000000000001,0.049,0.0004582575694955844,0.018000000000000002,0.01875,0.0183625,0.018375,0.00021614520582238217,0.060875,0.0625,0.06161875,0.061,0.0007979221061607463,0.009625,0.009875,0.009681249999999999,0.009625,7.368641326594753e-05,0.067875,0.06975,0.06883750000000001,0.068875,0.0008395497305103499,0.059000000000000004,0.061,0.059899999999999995,0.06,0.0004358898943540656,32,32,2560,10240,51200,False,1088,8
0.035,0.038,0.03633333333333334,0.036000000000000004,0.000712696645099796,0.021,0.023,0.021500000000000002,0.021,0.0006708203932499361,0.052125,0.0545,0.05294375,0.053,0.0007009758822527354,0.048,0.05,0.04850000000000001,0.048,0.0005916079783099621,0.017750000000000002,0.018875,0.018162499999999998,0.018125,0.000318933770554326,0.062625,0.06525,0.06347499999999999,0.06343750000000001,0.000799022840724845,0.0095,0.009625,0.00960625,0.009625,4.4633927678392855e-05,0.068625,0.07137500000000001,0.06941250000000002,0.06925,0.0008404797737007126,0.058,0.06,0.059,0.059000000000000004,0.0005477225575051647,32,32,2560,10240,51200,False,1072,8
0.034,0.036000000000000004,0.03542857142857144,0.036000000000000004,0.0006598288790738587,0.021,0.023,0.0216,0.0215,0.000663324958071079,0.05225,0.054375,0.05284375,0.052875,0.0005630205924297978,0.047,0.048,0.047450000000000006,0.047,0.0004974937185533104,0.017375,0.018125,0.01756875,0.0175,0.00019151941807555667,0.06275,0.065125,0.0633375,0.063375,0.0006472296732999814,0.009375,0.0095,0.0094375,0.0094375,6.250000000000006e-05,0.06875,0.07125000000000001,0.06951874999999999,0.06943750000000001,0.0006510508332688015,0.057,0.059000000000000004,0.05820000000000001,0.058,0.0006782329983125276,32,32,2560,10240,51200,False,1056,8
0.033,0.036000000000000004,0.03504761904761906,0.035,0.0007853534524986026,0.02,0.022,0.02035,0.02,0.0006538348415311007,0.050625,0.054375,0.052381250000000004,0.052000000000000005,0.001282986627950578,0.046,0.048,0.046950000000000006,0.047,0.0004974937185533104,0.016625,0.018125,0.01735625,0.01725,0.0004941454112910489,0.060875,0.065375,0.06303750000000001,0.0625,0.0016110458559581737,0.00925,0.009375,0.009275,0.00925,5.0000000000000036e-05,0.067,0.07150000000000001,0.06906875000000003,0.0685,0.0015694719454326044,0.055,0.058,0.05675,0.057,0.0006224949798994372,32,32,2560,10240,51200,False,1040,8
0.033,0.035,0.03423809523809525,0.034,0.0006098213559459862,0.019,0.021,0.020000000000000004,0.02,0.00044721359549995833,0.051875000000000004,0.05375,0.05228125,0.052000000000000005,0.0006706748001080682,0.046,0.047,0.04640000000000001,0.046,0.0004898979485566361,0.013875,0.0145,0.014075,0.014,0.00016955824957813186,0.062125,0.064375,0.06266250000000001,0.06225,0.0008414087888773216,0.009125,0.00925,0.00915625,0.009125,5.412658773652747e-05,0.059000000000000004,0.061,0.0598875,0.059750000000000004,0.0005432828453025161,0.055,0.056,0.055950000000000014,0.056,0.00021794494717703385,32,32,2560,10240,51200,False,1024,8
0.033,0.035,0.03438095238095239,0.035,0.000722178613719196,0.019,0.02,0.019850000000000003,0.02,0.00035707142142714284,0.051375000000000004,0.053375,0.05245625,0.05325,0.0009042218685145782,0.044,0.047,0.04540000000000001,0.045,0.0006633249580710806,0.013875,0.014375,0.014187500000000002,0.014375,0.00023217719526258407,0.061875,0.064625,0.06313749999999999,0.063875,0.0010185007363767598,0.009000000000000001,0.00925,0.0090875,0.009125,6.959705453537457e-05,0.058750000000000004,0.06125,0.0600375,0.0605,0.0007490619133289292,0.054,0.056,0.05515,0.055,0.000726291952316698,32,32,2560,10240,51200,False,1016,8
0.033,0.035,0.03447619047619049,0.035,0.0005870870479018079,0.017,0.018000000000000002,0.017750000000000005,0.018000000000000002,0.00043301270189221973,0.052125,0.054125,0.0529875,0.053125,0.0006481946081232092,0.045,0.046,0.04560000000000001,0.046,0.0004898979485566361,0.014125,0.014625,0.0143375,0.014375,0.0001634587103827754,0.062625,0.065,0.06360625,0.06375,0.0007345013189232549,0.008875000000000001,0.009000000000000001,0.008987500000000002,0.009000000000000001,3.750000000000003e-05,0.059500000000000004,0.061625,0.060512500000000004,0.0605,0.0006601372963255429,0.054,0.055,0.054349999999999996,0.054,0.0004769696007084733,32,32,2560,10240,51200,False,1008,8
0.031,0.035,0.03376190476190477,0.034,0.0009712418121129121,0.016,0.018000000000000002,0.017150000000000006,0.017,0.00047696960070847325,0.049875,0.053125,0.05218750000000001,0.052125,0.0008878520428539868,0.044,0.046,0.045000000000000005,0.045,0.0005477225575051667,0.0135,0.01425,0.01406875,0.014125,0.00021460355891736766,0.060125,0.06375,0.06276250000000001,0.06275,0.0009705829433902089,0.008875000000000001,0.009000000000000001,0.008906250000000001,0.008875000000000001,5.412658773652747e-05,0.057625,0.0605,0.05973125,0.059687500000000004,0.0006582113547334152,0.054,0.055,0.0541,0.054,0.00030000000000000024,32,32,2560,10240,51200,False,1000,8
0.031,0.034,0.03295238095238096,0.033,0.0007853534524986029,0.016,0.017,0.016950000000000003,0.017,0.00021794494717703385,0.048625,0.0525,0.05164375,0.051625000000000004,0.0010264281209612282,0.044,0.045,0.04435000000000001,0.044,0.0004769696007084732,0.012875000000000001,0.014125,0.01386875,0.013875,0.00033183909881145685,0.059250000000000004,0.063125,0.062049999999999994,0.062,0.0010288039171776119,0.00875,0.008875000000000001,0.008825,0.008875000000000001,6.123724356957951e-05,0.056375,0.059625000000000004,0.058787500000000006,0.058625000000000003,0.000703895411265055,0.053,0.055,0.0536,0.054,0.0005830951894845307,32,32,2560,10240,51200,False,992,8
0.032,0.034,0.0330952380952381,0.033,0.0006098213559459861,0.017,0.018000000000000002,0.017050000000000003,0.017,0.0002179449471770339,0.051375000000000004,0.05225,0.051824999999999996,0.0518125,0.0004038873605350847,0.044,0.045,0.04415000000000001,0.044,0.0003570714214271428,0.013875,0.014125,0.014000000000000002,0.014,0.0001250000000000001,0.061625,0.062875,0.06225000000000001,0.0623125,0.0005548085255293042,0.00875,0.008875000000000001,0.008756250000000002,0.00875,2.724311839712923e-05,0.058625000000000003,0.059875000000000005,0.05930624999999999,0.059562500000000004,0.0005084827307785392,0.052000000000000005,0.054,0.052750000000000005,0.053,0.0006224949798994342,32,32,2560,10240,51200,False,984,8
0.031,0.034,0.03357142857142858,0.034,0.0009547589359887353,0.016,0.017,0.016900000000000005,0.017,0.0003000000000000003,0.0495,0.05325,0.052556250000000006,0.05275,0.000994889284041193,0.043000000000000003,0.044,0.0437,0.044,0.0004582575694955812,0.01325,0.014375,0.01415625,0.01425,0.00031591879890250306,0.0605,0.06375,0.06314375,0.06325,0.0009128210051811918,0.008625,0.00875,0.0086875,0.0086875,6.250000000000006e-05,0.05825,0.060625,0.060281249999999995,0.060375,0.000493512601156241,0.051000000000000004,0.053,0.052100000000000014,0.052000000000000005,0.0004358898943540656,32,32,2560,10240,51200,False,976,8
0.031,0.034,0.032619047619047624,0.033,0.000652919485752481,0.016,0.017,0.016700000000000003,0.017,0.0004582575694955844,0.051250000000000004,0.053125,0.05228125,0.0529375,0.0008731006170539541,0.043000000000000003,0.044,0.04345,0.043000000000000003,0.0004974937185533069,0.016625,0.0175,0.017093750000000005,0.017375,0.0003397494481231724,0.0615,0.06475,0.062875,0.06368750000000001,0.0011067971810589338,0.0085,0.008625,0.0086125,0.008625,3.750000000000003e-05,0.058750000000000004,0.0615,0.05998749999999999,0.0604375,0.0008695365144719315,0.051000000000000004,0.053,0.051900000000000016,0.052000000000000005,0.0004358898943540669,32,32,2560,10240,51200,False,968,8
0.031,0.033,0.032809523809523816,0.033,0.0004994327848429298,0.016,0.017,0.016800000000000002,0.017,0.0004000000000000004,0.042625,0.043250000000000004,0.042943749999999996,0.0429375,0.0001652413008300287,0.044,0.046,0.04485000000000001,0.045,0.0004769696007084733,0.017375,0.017750000000000002,0.0175625,0.0175,9.270248108869588e-05,0.053125,0.053875,0.053525,0.0535,0.00022912878474779219,0.0085,0.00875,0.008650000000000001,0.008625,6.373774391990986e-05,0.059375000000000004,0.06025,0.05983750000000001,0.059750000000000004,0.00023082731640773973,0.05,0.052000000000000005,0.05075,0.051000000000000004,0.0006224949798994372,32,32,2560,10240,51200,False,960,8
0.03,0.033,0.0320952380952381,0.032,0.0009209085526577968,0.015,0.017,0.016200000000000003,0.016,0.000509901951359279,0.0405,0.043750000000000004,0.04261249999999999,0.042625,0.0009729947327709444,0.044,0.046,0.04465000000000001,0.045,0.0005722761571129803,0.01575,0.017875000000000002,0.017268749999999992,0.017375,0.0006605809469701656,0.050875000000000004,0.054625,0.05337499999999999,0.05325,0.0010450777483039235,0.0085,0.008625,0.0085375,0.0085,5.728219618694805e-05,0.057,0.061,0.05955625,0.059375000000000004,0.001076361782812822,0.049,0.051000000000000004,0.05000000000000001,0.05,0.0005477225575051667,32,32,2560,10240,51200,False,952,8
0.031,0.033,0.03252380952380953,0.033,0.0005870870479018079,0.016,0.017,0.016350000000000003,0.016,0.00047696960070847325,0.042875,0.043750000000000004,0.043206249999999995,0.042875,0.0003958278508392256,0.044,0.045,0.044250000000000005,0.044,0.0004330127018922198,0.0175,0.018000000000000002,0.017662499999999998,0.0175625,0.0001815729880791745,0.0535,0.054625,0.053962500000000004,0.0535,0.0005125000000000005,0.0085,0.008625,0.008506250000000002,0.0085,2.724311839712923e-05,0.060125,0.0615,0.06075625,0.060375,0.0005526569347253326,0.048,0.05,0.04945000000000001,0.05,0.0006689544080129831,32,32,2560,10240,51200,False,944,8
0.029,0.032,0.03128571428571429,0.031,0.0006998542122237653,0.015,0.016,0.015550000000000003,0.016,0.0004974937185533105,0.0415,0.042625,0.04199375,0.04225,0.0003739046502786509,0.043000000000000003,0.044,0.0432,0.043000000000000003,0.0003999999999999976,0.01625,0.017625000000000002,0.016675000000000002,0.01675,0.0003477606935810892,0.051875000000000004,0.054125,0.052531249999999995,0.05275,0.0005360081039499288,0.008375,0.0085,0.00839375,0.008375,4.463392767839285e-05,0.05775,0.06025,0.0586,0.058750000000000004,0.0005570569988789292,0.048,0.05,0.04880000000000001,0.049,0.000509901951359279,32,32,2560,10240,51200,False,936,8
0.03,0.032,0.030809523809523814,0.031,0.0006632565846278158,0.015,0.016,0.015700000000000002,0.016,0.0004582575694955845,0.040125,0.041875,0.041243749999999996,0.04175,0.0006874715903221026,0.042,0.044,0.04315000000000001,0.043000000000000003,0.00047696960070847075,0.016125,0.017375,0.016662500000000004,0.016875,0.0003603383826349897,0.050625,0.0545,0.05174375,0.052125,0.0009333031059093269,0.00825,0.008375,0.0083125,0.0083125,6.250000000000006e-05,0.056625,0.060875,0.05779375,0.058125,0.0009414707576446544,0.048,0.05,0.04815000000000001,0.048,0.00047696960070847325,32,32,2560,10240,51200,False,928,8
0.028,0.032,0.03090476190476191,0.031,0.0010190921218587,0.015,0.016,0.015300000000000003,0.015,0.0004582575694955844,0.040125,0.04425,0.04258750000000001,0.04275,0.0011740022359433555,0.042,0.043000000000000003,0.04275000000000001,0.043000000000000003,0.0004330127018922197,0.01575,0.018000000000000002,0.017156250000000005,0.01725,0.0006285834769543348,0.050375,0.055,0.05318125,0.05325,0.001306519111035119,0.008125,0.008375,0.008268750000000002,0.00825,5.962120008855916e-05,0.05675,0.061625,0.059731250000000014,0.059687500000000004,0.00145090219777213,0.046,0.05,0.04765000000000001,0.048,0.0007921489758877437,32,32,2560,10240,51200,False,920,8
0.03,0.032,0.031095238095238103,0.031,0.0008109231602822102,0.015,0.016,0.015500000000000003,0.0155,0.0005000000000000004,0.041125,0.043000000000000003,0.04226875,0.0426875,0.0006699755126122152,0.042,0.043000000000000003,0.04225000000000001,0.042,0.0004330127018922198,0.016375,0.0175,0.017075000000000003,0.01725,0.0004058170770186985,0.051750000000000004,0.054125,0.0528125,0.053125,0.0006608469943943133,0.008125,0.00825,0.008181250000000001,0.008125,6.21867148191638e-05,0.058375,0.061125,0.0594125,0.059625000000000004,0.0006591898436717602,0.046,0.048,0.04705000000000001,0.047,0.0005894913061275804,32,32,2560,10240,51200,False,912,8
0.028,0.032,0.030666666666666672,0.031,0.0009428090415820634,0.014,0.015,0.014950000000000001,0.015,0.00021794494717703347,0.040125,0.043250000000000004,0.04245,0.0425,0.0008162413858657262,0.041,0.043000000000000003,0.04210000000000001,0.042,0.00043588989435406776,0.015625,0.017625000000000002,0.017231250000000004,0.017375,0.000545256533660992,0.05025,0.053875,0.05290624999999999,0.052875,0.0009657210712726515,0.008,0.008125,0.0081,0.008125,5.0000000000000036e-05,0.05675,0.0605,0.05948750000000001,0.059437500000000004,0.0009150648884095585,0.046,0.047,0.04640000000000001,0.046,0.0004898979485566361,32,32,2560,10240,51200,False,904,8
0.028,0.031,0.030095238095238102,0.03,0.0008676603408708853,0.014,0.016,0.014900000000000002,0.015,0.0004358898943540672,0.04175,0.045125,0.0436125,0.043812500000000004,0.0009889230253159235,0.039,0.041,0.039900000000000005,0.04,0.0004358898943540677,0.015875,0.017875000000000002,0.0170375,0.017125,0.0006301041580564287,0.0505,0.053875,0.05225,0.05225,0.0010201102881551571,0.008,0.008125,0.0080375,0.008,5.7282196186948046e-05,0.048875,0.051625000000000004,0.0502875,0.05025,0.00081211529353904,0.045,0.046,0.04585000000000001,0.046,0.00035707142142714284,32,32,2560,10240,51200,False,896,8
0.028,0.03,0.02952380952380953,0.03,0.0006632565846278143,0.014,0.015,0.014600000000000002,0.015,0.0004898979485566354,0.041375,0.043750000000000004,0.042925000000000005,0.043625000000000004,0.0009845684333757618,0.039,0.04,0.039400000000000004,0.039,0.000489897948556636,0.015875,0.01725,0.016712499999999998,0.0170625,0.0005392413652530753,0.05025,0.054,0.051706249999999995,0.05225,0.0010241421715269788,0.007875,0.008,0.00798125,0.008,4.4633927678392855e-05,0.048625,0.052125,0.049856250000000005,0.0500625,0.0008498851025285709,0.044,0.046,0.04485000000000001,0.045,0.0006538348415311016,32,32,2560,10240,51200,False,888,8
0.027,0.031,0.02990476190476191,0.03,0.0011914281907806478,0.014,0.015,0.014700000000000001,0.015,0.00045825756949558367,0.041125,0.045625,0.0437,0.04425,0.0014590236461414858,0.038,0.04,0.03905000000000001,0.039,0.0005894913061275804,0.0155,0.017750000000000002,0.01691875,0.017125,0.0006757807984102543,0.04975,0.054375,0.052531249999999995,0.052875,0.0013703757468300423,0.007875,0.008,0.007881249999999998,0.007875,2.7243118397129235e-05,0.04825,0.0525,0.050725000000000006,0.050875000000000004,0.001243483011544588,0.043000000000000003,0.045,0.04440000000000001,0.044,0.0005830951894845298,32,32,2560,10240,51200,False,880,8
0.029,0.03,0.029476190476190482,0.029,0.0004994327848429281,0.014,0.015,0.014050000000000002,0.014,0.0002179449471770335,0.043125000000000004,0.044,0.043500000000000004,0.043250000000000004,0.0003644344934278292,0.038,0.039,0.03885000000000001,0.039,0.00035707142142714284,0.0165,0.017125,0.016768750000000002,0.016625,0.00021018964651000311,0.051875000000000004,0.05275,0.052256250000000004,0.052125,0.00031492806718360066,0.00775,0.007875,0.007806249999999999,0.00775,6.21867148191638e-05,0.049875,0.050625,0.05024375000000001,0.0501875,0.0002808330242332624,0.043000000000000003,0.045,0.04360000000000001,0.0435,0.0006633249580710773,32,32,2560,10240,51200,False,872,8
0.028,0.03,0.02933333333333334,0.029,0.0005634361698190099,0.014,0.014,0.014000000000000002,0.014,1.734723475976807e-18,0.043375000000000004,0.044125,0.04368124999999999,0.043500000000000004,0.000329476383827427,0.038,0.039,0.038500000000000006,0.0385,0.0005000000000000004,0.017125,0.017375,0.017243750000000002,0.01725,0.00010807260291119123,0.051875000000000004,0.052875,0.0522875,0.052000000000000005,0.0004203792930200029,0.007625,0.00775,0.007737500000000001,0.00775,3.750000000000003e-05,0.049375,0.050375,0.04983125,0.049625,0.00034066800187279144,0.043000000000000003,0.045,0.043500000000000004,0.043000000000000003,0.0005916079783099588,32,32,2560,10240,51200,False,864,8
0.027,0.029,0.028190476190476193,0.028,0.0006632565846278158,0.013000000000000001,0.014,0.013900000000000004,0.014,0.00029999999999999976,0.0415,0.043125000000000004,0.04243125,0.042875,0.0006771666615390933,0.037,0.04,0.03805000000000001,0.038,0.0004974937185533105,0.016,0.016875,0.01645,0.0166875,0.0003588175023601834,0.049875,0.051500000000000004,0.05090625,0.051312500000000004,0.0006045078059876487,0.007625,0.00775,0.0076374999999999985,0.007625,3.750000000000003e-05,0.048375,0.049875,0.049181249999999996,0.049375,0.00048327496055558305,0.041,0.043000000000000003,0.04215000000000001,0.042,0.0007262919523166982,32,32,2560,10240,51200,False,856,8
0.028,0.03,0.028809523809523813,0.029,0.0004994327848429294,0.013000000000000001,0.014,0.013700000000000004,0.014,0.00045825756949558356,0.042625,0.044125,0.04351250000000001,0.044,0.0005834970008491874,0.038,0.039,0.03805000000000001,0.038,0.00021794494717703385,0.016625,0.01725,0.01695,0.017125,0.0002384848003542366,0.051375000000000004,0.052625,0.052087499999999995,0.0525,0.0004826683644076926,0.0075,0.007625,0.007574999999999998,0.007625,6.123724356957951e-05,0.05,0.051000000000000004,0.05053125000000001,0.0505625,0.0002928176693780622,0.04,0.043000000000000003,0.041400000000000006,0.041,0.0006633249580710806,32,32,2560,10240,51200,False,848,8
0.026000000000000002,0.03,0.028761904761904766,0.029,0.0009209085526577955,0.012,0.014,0.013350000000000004,0.013000000000000001,0.0005722761571129796,0.039625,0.043250000000000004,0.041481250000000004,0.041625,0.00099865143443546,0.039,0.04,0.03925000000000001,0.039,0.0004330127018922197,0.015625,0.017625000000000002,0.016762500000000003,0.016875,0.0006109674704924974,0.0495,0.053875,0.05166875,0.051750000000000004,0.0011840575102164581,0.0073750000000000005,0.0075,0.007487500000000001,0.0075,3.749999999999977e-05,0.04825,0.051750000000000004,0.04995000000000001,0.05,0.0009845684333757616,0.04,0.042,0.041150000000000006,0.041,0.00047696960070847325,32,32,2560,10240,51200,False,840,8
0.026000000000000002,0.029,0.027904761904761915,0.028,0.0007499055118106485,0.012,0.014,0.013050000000000003,0.013000000000000001,0.0003840572873934303,0.04,0.041875,0.041606250000000004,0.04175,0.0003817619513518866,0.038,0.04,0.03910000000000001,0.039,0.00043588989435406776,0.015875,0.017,0.01681875,0.016875,0.00022176493749012733,0.049875,0.052000000000000005,0.05178125,0.051875000000000004,0.00043994850550945196,0.0073750000000000005,0.0075,0.007424999999999999,0.0073750000000000005,6.123724356957908e-05,0.048375,0.049875,0.04971875,0.04975,0.00031591879890250306,0.04,0.042,0.04075000000000001,0.041,0.0006982120021884477,32,32,2560,10240,51200,False,832,8
0.025,0.028,0.027380952380952388,0.028,0.0007853534524986021,0.012,0.013000000000000001,0.012700000000000003,0.013000000000000001,0.0004582575694955844,0.039625,0.041125,0.04059375,0.041125,0.000660107709014219,0.038,0.039,0.038650000000000004,0.039,0.0004769696007084733,0.01575,0.016625,0.016256250000000003,0.0165,0.000361150505329842,0.049625,0.051125000000000004,0.05062500000000001,0.051000000000000004,0.000563194016303441,0.00725,0.0073750000000000005,0.007356249999999999,0.0073750000000000005,4.463392767839285e-05,0.047875,0.049625,0.04881250000000001,0.0490625,0.0006027281725620602,0.039,0.041,0.039900000000000005,0.04,0.0006244997998398404,32,32,2560,10240,51200,False,824,8
0.025,0.028,0.02733333333333334,0.027,0.0007766431633476232,0.012,0.014,0.012850000000000004,0.013000000000000001,0.0004769696007084731,0.03925,0.043000000000000003,0.04088125,0.041125,0.001008925015796517,0.038,0.039,0.03830000000000001,0.038,0.0004582575694955844,0.0155,0.0175,0.01645,0.016625,0.0005828271613437389,0.04925,0.053625,0.0511,0.051250000000000004,0.0010655104410563037,0.00725,0.0073750000000000005,0.007275000000000001,0.00725,5.0000000000000036e-05,0.04775,0.051375000000000004,0.0491875,0.049125,0.0009782797401561589,0.037,0.04,0.038650000000000004,0.039,0.0007262919523166983,32,32,2560,10240,51200,False,816,8
0.026000000000000002,0.029,0.027523809523809534,0.028,0.0006632565846278154,0.012,0.013000000000000001,0.012950000000000003,0.013000000000000001,0.00021794494717703385,0.041,0.04225,0.041487500000000004,0.041125,0.0005504259714076004,0.037,0.039,0.038200000000000005,0.038,0.0005099019513592789,0.016375,0.017125,0.016656250000000004,0.0165,0.00028470104934825963,0.051125000000000004,0.052625,0.051725,0.051250000000000004,0.0006502403401819949,0.007125,0.0073750000000000005,0.0072312500000000016,0.00725,7.153451963912254e-05,0.04925,0.050375,0.04971875,0.0495,0.00040673048508809903,0.037,0.04,0.038450000000000005,0.038,0.0006689544080129831,32,32,2560,10240,51200,False,808,8
0.026000000000000002,0.028,0.027142857142857153,0.027,0.0004665694748158435,0.011,0.013000000000000001,0.012150000000000003,0.012,0.0005722761571129804,0.0415,0.0415,0.041499999999999995,0.0415,6.938893903907228e-18,0.037,0.038,0.037750000000000006,0.038,0.0004330127018922197,0.016625,0.01675,0.016712499999999998,0.01675,5.728219618694805e-05,0.051625000000000004,0.051750000000000004,0.05168750000000001,0.051687500000000004,6.250000000000006e-05,0.007125,0.00725,0.00714375,0.007125,4.4633927678392855e-05,0.049,0.049375,0.0492125,0.04925,8.003905296791068e-05,0.037,0.039,0.037700000000000004,0.0375,0.0007810249675906662,32,32,2560,10240,51200,False,800,8
0.024,0.027,0.026476190476190483,0.027,0.0007939681905015739,0.012,0.013000000000000001,0.012250000000000002,0.012,0.0004330127018922198,0.039375,0.041375,0.040531250000000005,0.041125,0.0008002685096266135,0.037,0.038,0.03730000000000001,0.037,0.0004582575694955844,0.015625,0.0165,0.016075,0.016375,0.0003980420832022668,0.0495,0.051375000000000004,0.05058124999999999,0.051250000000000004,0.0008553827725059707,0.007,0.007125,0.00701875,0.007,4.463392767839285e-05,0.047875,0.049125,0.048575,0.048875,0.0005129571132170802,0.036000000000000004,0.038,0.03690000000000001,0.037,0.000699999999999998,32,32,2560,10240,51200,False,792,8
0.025,0.028,0.026809523809523818,0.027,0.000793968190501574,0.012,0.013000000000000001,0.012150000000000003,0.012,0.0003570714214271428,0.039625,0.04275,0.0413125,0.041625,0.0010050652963862605,0.036000000000000004,0.038,0.03680000000000001,0.037,0.0005099019513592762,0.015375,0.017,0.016356250000000003,0.0165,0.0005438218343354747,0.049625,0.053125,0.051575,0.051750000000000004,0.0011113055385446424,0.006875,0.007,0.006975,0.007,5.000000000000004e-05,0.048375,0.050625,0.049656250000000006,0.04975,0.000711375208662771,0.034,0.037,0.03625000000000001,0.036000000000000004,0.000698212002188445,32,32,2560,10240,51200,False,784,8
0.025,0.027,0.02671428571428572,0.027,0.0005471012044321923,0.012,0.013000000000000001,0.012200000000000003,0.012,0.00040000000000000034,0.04075,0.04225,0.041481250000000004,0.0409375,0.0006849669243839448,0.036000000000000004,0.038,0.03695000000000001,0.037,0.00038405728739342903,0.016125,0.016875,0.016425000000000002,0.01625,0.00031224989991992017,0.050875000000000004,0.052625,0.0516875,0.051062500000000004,0.0008134609701761945,0.006875,0.007,0.006900000000000001,0.006875,5.0000000000000036e-05,0.04875,0.05025,0.049468750000000006,0.0494375,0.0006845105459377532,0.034,0.037,0.03580000000000001,0.036000000000000004,0.0007483314773547872,32,32,2560,10240,51200,False,776,8
0.023,0.027,0.02657142857142858,0.027,0.0010497813183356476,0.011,0.013000000000000001,0.012000000000000002,0.012,0.00044721359549995833,0.03075,0.0325,0.03225625000000001,0.032375,0.0003567978244048024,0.037,0.039,0.03810000000000001,0.038,0.00043588989435406776,0.010375,0.010875000000000001,0.010737500000000002,0.010750000000000001,8.75000000000001e-05,0.041125,0.043000000000000003,0.0426875,0.04275,0.0003781120865563547,0.006875,0.007125,0.0069125,0.006875,6.959705453537534e-05,0.049,0.049375,0.04925,0.04925,0.00010458250331675955,0.035,0.037,0.03530000000000001,0.035,0.0005567764362830016,32,32,2560,10240,51200,False,768,8
0.024,0.026000000000000002,0.02557142857142858,0.026000000000000002,0.0006598288790738587,0.01,0.012,0.01105,0.011,0.0004974937185533101,0.0305,0.031375,0.031168750000000005,0.031375,0.00035854523773158696,0.037,0.038,0.037450000000000004,0.037,0.0004974937185533104,0.010125,0.0105,0.01034375,0.010375,7.781187248742964e-05,0.040875,0.041625,0.04140625,0.0415,0.00022664330455585954,0.00675,0.006875,0.006837500000000001,0.006875,5.728219618694805e-05,0.047,0.04825,0.04785625,0.048,0.00038986175434376765,0.033,0.035,0.03420000000000001,0.034,0.0006782329983125274,32,32,2560,10240,51200,False,760,8
0.023,0.027,0.025809523809523817,0.026000000000000002,0.0007939681905015751,0.01,0.012,0.010900000000000002,0.011,0.00043588989435406716,0.031375,0.032375,0.03229375,0.032375,0.0002174964080163166,0.037,0.038,0.037500000000000006,0.0375,0.0005000000000000006,0.010750000000000001,0.010750000000000001,0.010750000000000003,0.010750000000000001,1.734723475976807e-18,0.04275,0.042875,0.0428,0.04275,6.123724356957951e-05,0.00675,0.006875,0.00675625,0.00675,2.7243118397129235e-05,0.0495,0.049875,0.04970625,0.04975,9.901862198596794e-05,0.033,0.036000000000000004,0.03430000000000001,0.034,0.0007810249675906662,32,32,2560,10240,51200,False,752,8
0.023,0.026000000000000002,0.02476190476190477,0.025,0.0008676603408708863,0.01,0.012,0.01105,0.011,0.0005894913061275799,0.03075,0.031875,0.0313125,0.031,0.0004532866091117191,0.035,0.038,0.03615000000000001,0.036000000000000004,0.0006538348415310994,0.01025,0.010625,0.010437499999999999,0.010375,0.00016056540723331425,0.040875,0.042375,0.041550000000000004,0.041125,0.0006267475568360843,0.006625,0.00675,0.0066437499999999995,0.006625,4.4633927678392855e-05,0.046875,0.04875,0.04769375,0.047125,0.0008037752717644411,0.032,0.034,0.033400000000000006,0.0335,0.0006633249580710806,32,32,2560,10240,51200,False,744,8
0.023,0.025,0.024190476190476196,0.024,0.0004994327848429298,0.01,0.011,0.0102,0.01,0.0003999999999999996,0.029625000000000002,0.03,0.029850000000000005,0.029875000000000002,0.00010155048005794857,0.035,0.037,0.03595000000000001,0.036000000000000004,0.000668954408012981,0.009875,0.010125,0.0099625,0.01,6.959705453537534e-05,0.039875,0.040375,0.040075000000000006,0.0400625,0.00012119199643540833,0.006500000000000001,0.006625,0.006606250000000001,0.006625,4.463392767839254e-05,0.046,0.046375,0.04619375,0.046125,0.00010058423087144436,0.032,0.034,0.03250000000000001,0.032,0.0006708203932499376,32,32,2560,10240,51200,False,736,8
0.023,0.025,0.0240952380952381,0.024,0.0006098213559459861,0.009000000000000001,0.01,0.009950000000000004,0.01,0.00021794494717703353,0.030125,0.031125,0.03065,0.0308125,0.000398434436262731,0.035,0.036000000000000004,0.03555000000000001,0.036000000000000004,0.0004974937185533104,0.010125,0.010375,0.010262499999999999,0.010375,0.0001243734296383276,0.04,0.041125,0.04068124999999999,0.041,0.0004734761741629672,0.006500000000000001,0.006625,0.006518750000000001,0.006500000000000001,4.463392767839255e-05,0.04675,0.048,0.04733749999999999,0.047625,0.0004906946606597635,0.03,0.033,0.03180000000000001,0.032,0.0007483314773547889,32,32,2560,10240,51200,False,728,8
0.022,0.025,0.024190476190476196,0.024,0.0007939681905015754,0.009000000000000001,0.011,0.010100000000000001,0.01,0.0005385164807134499,0.03025,0.031875,0.030962499999999993,0.0305,0.0006801883930206402,0.034,0.036000000000000004,0.03500000000000001,0.035,0.0003162277660168382,0.010125,0.010625,0.0103875,0.01025,0.00020879116360612602,0.040625,0.042,0.041400000000000006,0.041125,0.0004769696007084733,0.0063750000000000005,0.006500000000000001,0.006437500000000001,0.0064375000000000005,6.250000000000006e-05,0.04775,0.04925,0.04850625,0.048375,0.0004734761741629672,0.03,0.034,0.031650000000000005,0.032,0.0008529361054615998,32,32,2560,10240,51200,False,720,8
0.022,0.025,0.024238095238095243,0.024,0.0008676603408708864,0.01,0.012,0.010400000000000001,0.01,0.0005830951894845297,0.03,0.0315,0.0310875,0.031375,0.0006022094735222958,0.034,0.036000000000000004,0.03515000000000001,0.035,0.00047696960070847325,0.01,0.0105,0.010400000000000003,0.0105,0.00017500000000000013,0.04,0.041625,0.041231250000000004,0.041625,0.0006688084086642458,0.0063750000000000005,0.0063750000000000005,0.006375000000000001,0.0063750000000000005,8.673617379884035e-19,0.046625,0.048625,0.048124999999999994,0.0485,0.0006948471054843653,0.029,0.032,0.030650000000000004,0.031,0.0007262919523166977,32,32,2560,10240,51200,False,712,8
0.021,0.026000000000000002,0.02414285714285715,0.024,0.001036740050337012,0.009000000000000001,0.01,0.009900000000000003,0.01,0.00029999999999999976,0.03025,0.03175,0.03138749999999999,0.03175,0.0006286145480340084,0.034,0.036000000000000004,0.03445000000000001,0.034,0.0005894913061275802,0.010125,0.010625,0.010518749999999999,0.010625,0.00018656014445749144,0.040375,0.042125,0.04175625,0.042,0.0006180551654181046,0.00625,0.0063750000000000005,0.00628125,0.00625,5.412658773652747e-05,0.046875,0.04875,0.0483,0.048625,0.0006415313710178176,0.029,0.032,0.030200000000000005,0.03,0.0006782329983125268,32,32,2560,10240,51200,False,704,8
0.022,0.024,0.023047619047619053,0.023,0.0007221786137191959,0.009000000000000001,0.01,0.009650000000000002,0.01,0.0004769696007084724,0.03,0.031125,0.03060624999999999,0.030625,0.0005203289224135062,0.033,0.034,0.03380000000000001,0.034,0.00040000000000000034,0.01,0.010375,0.010187499999999999,0.0101875,0.00017897276329095456,0.04,0.041125,0.04069375000000001,0.0408125,0.00039622239651488695,0.006125,0.0063750000000000005,0.006225000000000001,0.00625,6.373774391990988e-05,0.04675,0.048,0.047281250000000004,0.047375,0.0004273373228492924,0.028,0.031,0.029150000000000002,0.029,0.000909670269933012,32,32,2560,10240,51200,False,696,8
0.021,0.024,0.023190476190476195,0.023,0.000793968190501575,0.009000000000000001,0.01,0.009650000000000002,0.01,0.0004769696007084724,0.029625000000000002,0.031625,0.03078125,0.0315625,0.0009226956093425385,0.033,0.034,0.033650000000000006,0.034,0.0004769696007084733,0.009875,0.010625,0.01036875,0.010625,0.0003149280671836033,0.039875,0.042,0.041125,0.041875,0.0009337424698491557,0.006125,0.00625,0.0061375000000000015,0.006125,3.750000000000004e-05,0.046375,0.04875,0.047799999999999995,0.0485,0.000988527945988378,0.027,0.029,0.028450000000000003,0.0285,0.0005894913061275802,32,32,2560,10240,51200,False,688,8
0.021,0.024,0.023000000000000003,0.023,0.0006900655593423545,0.009000000000000001,0.01,0.009400000000000002,0.009000000000000001,0.0004898979485566351,0.030625,0.031625,0.0309125,0.030875,0.0002741464024932666,0.032,0.034,0.03305000000000001,0.033,0.00038405728739343076,0.01025,0.0105,0.01029375,0.01025,9.078649403958727e-05,0.040625,0.041875,0.040975,0.04075,0.0004268342769740972,0.006,0.006125,0.006081250000000002,0.006125,5.962120008855915e-05,0.047,0.048375,0.04735000000000001,0.047125,0.0004866980583482951,0.028,0.029,0.028200000000000003,0.028,0.00040000000000000034,32,32,2560,10240,51200,False,680,8
0.022,0.024,0.02285714285714286,0.023,0.000559397148784321,0.009000000000000001,0.01,0.009800000000000003,0.01,0.00039999999999999964,0.03025,0.031375,0.030512500000000005,0.030375,0.0004067785023818249,0.032,0.033,0.03270000000000001,0.033,0.00045825756949558437,0.01,0.0105,0.010218750000000002,0.010125,0.00016712177446401188,0.04,0.0415,0.04051875,0.0403125,0.0005799717126722653,0.005875,0.006125,0.006000000000000001,0.006,3.9528470752104776e-05,0.04625,0.048,0.04696875,0.04675,0.0005546324796655895,0.026000000000000002,0.028,0.027400000000000008,0.027,0.0005830951894845301,32,32,2560,10240,51200,False,672,8
0.02,0.023,0.022333333333333337,0.022,0.0007766431633476232,0.009000000000000001,0.01,0.009250000000000003,0.009000000000000001,0.00043301270189221897,0.029625000000000002,0.030625,0.0302375,0.030625,0.0004346334662678415,0.032,0.033,0.032350000000000004,0.032,0.00047696960070847314,0.01,0.01025,0.010143750000000002,0.01025,0.00012038350177661398,0.039375,0.0405,0.04007499999999999,0.0405,0.0004750000000000004,0.005875,0.006,0.005912500000000001,0.005875,5.728219618694805e-05,0.046125,0.047375,0.046862499999999994,0.047125,0.0004346334662678431,0.026000000000000002,0.028,0.026400000000000007,0.026000000000000002,0.000583095189484529,32,32,2560,10240,51200,False,664,8
0.021,0.024,0.022428571428571433,0.023,0.0008491692619108095,0.009000000000000001,0.01,0.009450000000000004,0.009000000000000001,0.0004974937185533095,0.029750000000000002,0.032,0.031212500000000004,0.03175,0.0008768729953647789,0.031,0.033,0.03205000000000001,0.032,0.00038405728739343076,0.01,0.010750000000000001,0.01046875,0.010625,0.0002706329386826373,0.040125,0.04225,0.04151875000000001,0.042,0.000783895520780672,0.00575,0.005875,0.005862500000000001,0.005875,3.750000000000003e-05,0.047125,0.049,0.048362499999999996,0.04875,0.0006565772993334454,0.026000000000000002,0.028,0.026400000000000007,0.026000000000000002,0.0006633249580710791,32,32,2560,10240,51200,False,656,8
0.02,0.023,0.021761904761904767,0.022,0.0007499055118106479,0.009000000000000001,0.01,0.009100000000000002,0.009000000000000001,0.00029999999999999976,0.029625000000000002,0.030625,0.03003125,0.029812500000000002,0.0003950375773265107,0.031,0.033,0.031650000000000005,0.032,0.0005722761571129804,0.01,0.01025,0.01010625,0.01,0.00012038350177661401,0.039375,0.040375,0.039931250000000015,0.0399375,0.000413587581414143,0.005625,0.005875,0.005756250000000001,0.00575,4.8007160924178845e-05,0.04625,0.04725,0.04674375000000001,0.0468125,0.00033418510963237157,0.025,0.027,0.025500000000000005,0.025,0.0005916079783099616,32,32,2560,10240,51200,False,648,8
0.02,0.023,0.02190476190476191,0.022,0.0007499055118106482,0.009000000000000001,0.01,0.009050000000000002,0.009000000000000001,0.00021794494717703353,0.025500000000000002,0.026375,0.025868750000000003,0.025625000000000002,0.00035016737069578464,0.031,0.032,0.031150000000000004,0.031,0.00035707142142714284,0.010125,0.010375,0.010262499999999999,0.01025,9.601432184835768e-05,0.039875,0.040875,0.04023125,0.04,0.0003918605459854313,0.005625,0.00575,0.0056812500000000005,0.005625,6.21867148191638e-05,0.038625,0.03975,0.0391125,0.0389375,0.00042371128141695767,0.024,0.026000000000000002,0.024850000000000004,0.025,0.0004769696007084733,32,32,2560,10240,51200,False,640,8
0.019,0.022,0.02161904761904762,0.022,0.0007221786137191946,0.009000000000000001,0.01,0.009100000000000002,0.009000000000000001,0.00029999999999999976,0.025500000000000002,0.026125,0.026000000000000002,0.026000000000000002,0.00018114220932736704,0.03,0.031,0.030850000000000006,0.031,0.0003570714214271428,0.01025,0.0105,0.01038125,0.010375,6.218671481916381e-05,0.03975,0.040625,0.04036250000000001,0.040375,0.00018498310733685945,0.0055,0.005625,0.0056187500000000005,0.005625,2.724311839712923e-05,0.03875,0.039375,0.03906250000000001,0.039,0.0001452368754827783,0.024,0.025,0.024600000000000004,0.025,0.0004898979485566361,32,32,2560,10240,51200,False,632,8
0.019,0.023,0.02104761904761905,0.021,0.0007853534524986016,0.009000000000000001,0.01,0.009100000000000002,0.009000000000000001,0.00029999999999999976,0.025,0.026625,0.025481250000000004,0.025125,0.0006377144247231662,0.03,0.031,0.030450000000000005,0.03,0.0004974937185533104,0.01,0.010625,0.010249999999999999,0.010125,0.0002200852107707378,0.039375,0.041375,0.040131250000000014,0.03975,0.0007494529254729752,0.0055,0.005625,0.005506250000000001,0.0055,2.724311839712923e-05,0.038125,0.04,0.03888125,0.0385625,0.0006584486976978546,0.023,0.025,0.023900000000000005,0.024,0.0006244997998398403,32,32,2560,10240,51200,False,624,8
0.019,0.022,0.020523809523809527,0.021,0.0006632565846278154,0.009000000000000001,0.01,0.009050000000000002,0.009000000000000001,0.00021794494717703353,0.025625000000000002,0.02625,0.025912500000000005,0.025750000000000002,0.0002654595072699399,0.03,0.031,0.030100000000000005,0.03,0.00030000000000000024,0.01025,0.010625,0.010475000000000002,0.010375,0.00012869537676233762,0.0395,0.040625,0.0400875,0.03975,0.0004543195461346566,0.0053750000000000004,0.0055,0.005450000000000001,0.0055,6.123724356957908e-05,0.038375,0.039375,0.03887500000000001,0.0386875,0.00035133673306388016,0.022,0.024,0.023150000000000004,0.023,0.0005722761571129803,32,32,2560,10240,51200,False,616,8
0.018000000000000002,0.022,0.020809523809523816,0.021,0.0008518354199999193,0.009000000000000001,0.01,0.009100000000000002,0.009000000000000001,0.00029999999999999976,0.02475,0.02625,0.02550625,0.025500000000000002,0.0006218357399667525,0.029,0.031,0.030000000000000006,0.03,0.00031622776601683767,0.01,0.0105,0.010250000000000002,0.01025,0.000240442300770892,0.038875,0.040625,0.039887500000000006,0.0403125,0.0007415144974981952,0.00525,0.0053750000000000004,0.005362500000000001,0.0053750000000000004,3.750000000000004e-05,0.03775,0.039,0.03841874999999999,0.03875,0.00046313301275119703,0.021,0.023,0.022500000000000003,0.023,0.0005916079783099616,32,32,2560,10240,51200,False,608,8
0.018000000000000002,0.021,0.020476190476190485,0.021,0.0007939681905015748,0.009000000000000001,0.01,0.009200000000000003,0.009000000000000001,0.0003999999999999997,0.025,0.025875000000000002,0.02564375,0.025875000000000002,0.0003313679035452893,0.029,0.03,0.029350000000000005,0.029,0.00047696960070847157,0.010125,0.010375,0.010312499999999999,0.010375,0.00010077822185373196,0.039,0.04025,0.039900000000000005,0.04025,0.0005147815070493505,0.00525,0.0053750000000000004,0.005281250000000001,0.00525,5.4126587736527466e-05,0.038125,0.039125,0.03876875,0.038875,0.0002938829486377189,0.021,0.023,0.021750000000000002,0.022,0.0006224949798994357,32,32,2560,10240,51200,False,600,8
0.018000000000000002,0.021,0.020285714285714292,0.02,0.0007648751621051913,0.009000000000000001,0.01,0.009150000000000002,0.009000000000000001,0.0003570714214271422,0.029375000000000002,0.0315,0.030493750000000003,0.031125,0.0009043946525162554,0.029,0.03,0.029100000000000004,0.029,0.0002999999999999992,0.010125,0.010750000000000001,0.010462500000000001,0.010625,0.00023750000000000022,0.03975,0.0415,0.040725000000000004,0.041375,0.0007731833547096064,0.005125,0.0053750000000000004,0.0052312500000000015,0.00525,5.962120008855915e-05,0.03875,0.040375,0.03963124999999999,0.0398125,0.0006065720793937029,0.021,0.022,0.021800000000000003,0.022,0.000399999999999999,32,32,2560,10240,51200,False,592,8
0.018000000000000002,0.021,0.01990476190476191,0.02,0.0006834619092574918,0.009000000000000001,0.01,0.009050000000000002,0.009000000000000001,0.0002179449471770335,0.029,0.03125,0.029599999999999998,0.02925,0.0007980444849756176,0.028,0.029,0.028450000000000003,0.028,0.0004974937185533105,0.01,0.010625,0.0102125,0.010125,0.0002095381826780028,0.03875,0.041375,0.03942500000000001,0.039,0.0009490126448051161,0.005125,0.005125,0.005125000000000001,0.005125,8.673617379884035e-19,0.038,0.040125,0.0386625,0.03825,0.000738558562336123,0.02,0.022,0.020950000000000003,0.021,0.00038405728739343033,32,32,2560,10240,51200,False,584,8
0.018000000000000002,0.021,0.019619047619047626,0.02,0.0006529194857524805,0.009000000000000001,0.009000000000000001,0.009000000000000003,0.009000000000000001,1.734723475976807e-18,0.030125,0.031375,0.030362500000000004,0.030375,0.00024968730444297746,0.025,0.026000000000000002,0.025950000000000008,0.026000000000000002,0.00021794494717703385,0.012125,0.012625,0.0122875,0.01225,0.00013169567191065936,0.03075,0.031875,0.03088125,0.030875,0.0002387303656848037,0.005,0.005125,0.005118750000000001,0.005125,2.724311839712923e-05,0.038375,0.039625,0.03861250000000001,0.0385,0.00032331292890943936,0.019,0.021,0.020100000000000003,0.02,0.00043588989435406776,32,32,2560,10240,51200,False,576,8
0.017,0.02,0.01952380952380953,0.02,0.0007315376902732009,0.009000000000000001,0.009000000000000001,0.009000000000000003,0.009000000000000001,1.734723475976807e-18,0.029875000000000002,0.030625,0.030324999999999998,0.030375,0.0002106537443294084,0.025,0.026000000000000002,0.025700000000000008,0.026000000000000002,0.0004582575694955844,0.012,0.012625,0.01226875,0.01225,0.0001267070933294582,0.0305,0.031125,0.030818749999999995,0.0308125,0.0001503901176939497,0.005,0.005125,0.005025000000000001,0.005,5.0000000000000036e-05,0.038125,0.03875,0.03849375000000001,0.0385,0.00015549819130780926,0.019,0.021,0.020000000000000004,0.02,0.0006324555320336764,32,32,2560,10240,51200,False,568,8
0.017,0.02,0.01933333333333334,0.019,0.0007126966450997985,0.009000000000000001,0.01,0.009050000000000002,0.009000000000000001,0.0002179449471770335,0.029875000000000002,0.03125,0.030043749999999998,0.03,0.00029388294863771827,0.025,0.026000000000000002,0.025450000000000007,0.025,0.0004974937185533104,0.012,0.0125,0.012100000000000003,0.012125,0.0001159202311936964,0.03025,0.031375,0.030431250000000003,0.030375,0.0002451880655741631,0.004875,0.005,0.004987500000000001,0.005,3.750000000000004e-05,0.038,0.0395,0.038337500000000004,0.03825,0.0003994136327167618,0.019,0.021,0.020250000000000004,0.02,0.0005361902647381809,32,32,2560,10240,51200,False,560,8
0.016,0.019,0.018238095238095244,0.018000000000000002,0.0006834619092574908,0.008,0.009000000000000001,0.008850000000000002,0.009000000000000001,0.00035707142142714284,0.03,0.030375,0.0302375,0.03025,0.00013635890143294654,0.025,0.026000000000000002,0.025300000000000007,0.025,0.0004582575694955844,0.011875,0.01225,0.012018750000000002,0.012,9.901862198596796e-05,0.030625,0.031,0.030862499999999998,0.030875,0.00012437342963832762,0.004875,0.005,0.004881250000000001,0.004875,2.724311839712923e-05,0.039125,0.0395,0.039343750000000004,0.039375,0.00011775902300885491,0.019,0.02,0.019050000000000004,0.019,0.00021794494717703388,32,32,2560,10240,51200,False,552,8
0.017,0.019,0.01857142857142858,0.019,0.0005832118435198033,0.009000000000000001,0.009000000000000001,0.009000000000000003,0.009000000000000001,1.734723475976807e-18,0.029125,0.0305,0.03001249999999999,0.030375,0.0006147916313678957,0.025,0.026000000000000002,0.025050000000000006,0.025,0.00021794494717703388,0.011625,0.01225,0.011993750000000001,0.012125,0.0002182136281262013,0.029750000000000002,0.030875,0.030456250000000008,0.03075,0.00043170266098322725,0.00475,0.004875,0.004818750000000001,0.004875,6.21867148191638e-05,0.038875,0.039875,0.0394125,0.0395,0.0003603383826349897,0.018000000000000002,0.019,0.018950000000000005,0.019,0.0002179449471770331,32,32,2560,10240,51200,False,544,8
0.016,0.019,0.018190476190476194,0.018000000000000002,0.0006632565846278147,0.008,0.009000000000000001,0.008750000000000003,0.009000000000000001,0.0004330127018922198,0.029625000000000002,0.031,0.029731250000000008,0.029625000000000002,0.000296529404106911,0.024,0.025,0.024800000000000006,0.025,0.0004000000000000003,0.011625,0.012125,0.011756250000000001,0.01175,0.00010807260291119125,0.03,0.031375,0.03020625,0.030125,0.00035635963225371113,0.004625,0.00475,0.004743750000000001,0.00475,2.724311839712923e-05,0.038875,0.040375,0.03917500000000001,0.039,0.00040773766075750267,0.018000000000000002,0.019,0.018650000000000007,0.019,0.0004769696007084716,32,32,2560,10240,51200,False,536,8
0.016,0.019,0.018000000000000006,0.018000000000000002,0.0005345224838248486,0.008,0.01,0.008700000000000003,0.009000000000000001,0.0005567764362830025,0.029625000000000002,0.031375,0.030031250000000002,0.0299375,0.0004028705592370824,0.024,0.025,0.024450000000000006,0.024,0.0004974937185533104,0.01175,0.012375,0.0119125,0.011875,0.00013750000000000012,0.030375,0.031625,0.030643750000000004,0.030625,0.0002991524485943583,0.004625,0.00475,0.0046500000000000005,0.004625,5.0000000000000036e-05,0.039625,0.040875,0.040012500000000006,0.04,0.0002764168048437,0.017,0.019,0.018750000000000006,0.019,0.0005361902647381795,32,32,2560,10240,51200,False,528,8
0.016,0.018000000000000002,0.01771428571428572,0.018000000000000002,0.0005471012044321936,0.008,0.009000000000000001,0.008850000000000002,0.009000000000000001,0.0003570714214271428,0.029625000000000002,0.0305,0.030125000000000002,0.03025,0.00032355447763861837,0.024,0.025,0.024200000000000006,0.024,0.0004000000000000003,0.011625,0.012125,0.0119,0.0119375,0.0001510380746699323,0.030125,0.03075,0.030475000000000002,0.030625,0.0002839454172900139,0.0045000000000000005,0.004625,0.004600000000000002,0.004625,4.99999999999997e-05,0.03875,0.03975,0.0393375,0.0394375,0.00032137400330456135,0.017,0.019,0.018300000000000004,0.018000000000000002,0.0006403124237432839,32,32,2560,10240,51200,False,520,8
0.016,0.019,0.018000000000000006,0.018000000000000002,0.0006172133998483674,0.008,0.009000000000000001,0.008850000000000002,0.009000000000000001,0.0003570714214271428,0.029875000000000002,0.030625,0.03015,0.030125,0.0001999999999999997,0.023,0.024,0.023850000000000003,0.024,0.00035707142142714284,0.007125,0.0073750000000000005,0.0071874999999999994,0.007125,9.270248108869587e-05,0.027375,0.028,0.027537500000000003,0.0275,0.00015860721925561912,0.004625,0.00475,0.004637500000000001,0.004625,3.750000000000004e-05,0.026625,0.0275,0.026793750000000005,0.02675,0.00019070182877990464,0.017,0.018000000000000002,0.017200000000000003,0.017,0.00040000000000000034,32,32,2560,10240,51200,False,512,8
0.016,0.019,0.01790476190476191,0.018000000000000002,0.0005259695722470125,0.008,0.009000000000000001,0.008950000000000003,0.009000000000000001,0.00021794494717703385,0.029625000000000002,0.03,0.029818749999999998,0.029875000000000002,0.00010807260291119066,0.022,0.023,0.022550000000000004,0.023,0.0004974937185533105,0.007,0.007125,0.00706875,0.007125,6.21867148191638e-05,0.027125,0.027375,0.02724375,0.02725,6.21867148191638e-05,0.0045000000000000005,0.004625,0.0045625000000000015,0.004562500000000001,6.249999999999962e-05,0.026375,0.02675,0.02658125,0.026625,9.078649403958727e-05,0.017,0.018000000000000002,0.017100000000000004,0.017,0.00030000000000000024,32,32,2560,10240,51200,False,504,8
0.015,0.018000000000000002,0.017619047619047624,0.018000000000000002,0.000722178613719196,0.008,0.009000000000000001,0.008950000000000003,0.009000000000000001,0.00021794494717703385,0.02925,0.03,0.029587500000000006,0.029625000000000002,0.00016345871038277496,0.022,0.023,0.022200000000000004,0.022,0.0004000000000000003,0.006875,0.007,0.006987500000000001,0.007,3.750000000000004e-05,0.029625000000000002,0.03,0.029743750000000006,0.029750000000000002,0.00012167451458707303,0.00425,0.0045000000000000005,0.004368750000000001,0.004375,4.8007160924178845e-05,0.026375,0.026625,0.02649375,0.0265,6.218671481916381e-05,0.017,0.017,0.017000000000000005,0.017,3.469446951953614e-18,32,32,2560,10240,51200,False,496,8
0.014,0.018000000000000002,0.016619047619047624,0.017,0.0007853534524986024,0.008,0.009000000000000001,0.008100000000000001,0.008,0.0003000000000000003,0.029625000000000002,0.03,0.02979375,0.029750000000000002,0.00013272975363496967,0.021,0.023,0.021950000000000004,0.022,0.0003840572873934299,0.007125,0.00725,0.0071687500000000015,0.007125,5.962120008855915e-05,0.029875000000000002,0.03025,0.0300875,0.0300625,0.0001484292760879731,0.00425,0.004375,0.004275000000000001,0.00425,5.0000000000000036e-05,0.02675,0.027,0.026912500000000006,0.026875,8.92678553567857e-05,0.017,0.017,0.017000000000000005,0.017,3.469446951953614e-18,32,32,2560,10240,51200,False,488,8
0.015,0.018000000000000002,0.01704761904761905,0.017,0.000575383141599742,0.008,0.009000000000000001,0.008600000000000002,0.009000000000000001,0.000489897948556636,0.029125,0.03025,0.029693749999999998,0.029437500000000002,0.0004848888403541566,0.021,0.022,0.02185,0.022,0.0003570714214271416,0.006875,0.00725,0.0070375,0.0069375,0.00017275343701356582,0.029375000000000002,0.0305,0.029949999999999997,0.029625000000000002,0.0004667038675648604,0.004125,0.00425,0.004200000000000001,0.00425,6.123724356957951e-05,0.026000000000000002,0.02675,0.026450000000000008,0.0265,0.0003097377923340962,0.015,0.017,0.016550000000000002,0.017,0.0005894913061275804,32,32,2560,10240,51200,False,480,8
0.014,0.018000000000000002,0.01671428571428572,0.017,0.000824786098842323,0.008,0.009000000000000001,0.008100000000000001,0.008,0.0003000000000000003,0.02925,0.029500000000000002,0.029375000000000002,0.029375000000000002,6.846531968814583e-05,0.021,0.022,0.02135,0.021,0.00047696960070847173,0.007,0.007125,0.0070750000000000006,0.007125,6.12372435695795e-05,0.029500000000000002,0.029875000000000002,0.029687500000000006,0.029750000000000002,9.270248108869587e-05,0.004,0.004125,0.0041062500000000005,0.004125,4.4633927678392855e-05,0.02625,0.026375,0.02628125,0.02625,5.4126587736527466e-05,0.015,0.017,0.015750000000000004,0.016,0.0007664854858377954,32,32,2560,10240,51200,False,472,8
0.014,0.018000000000000002,0.01690476190476191,0.017,0.000749905511810649,0.008,0.009000000000000001,0.008400000000000001,0.008,0.0004898979485566361,0.029500000000000002,0.03025,0.03003125,0.03,0.00018487749322186213,0.021,0.022,0.02125,0.021,0.00043301270189221826,0.007,0.0073750000000000005,0.0071625,0.007125,0.00013750000000000014,0.029750000000000002,0.030625,0.030181249999999993,0.030125,0.0002694757642163754,0.004,0.004125,0.0040125000000000004,0.004,3.750000000000003e-05,0.026875,0.02725,0.0270375,0.027,0.00014306903927824508,0.015,0.016,0.015400000000000002,0.015,0.000489897948556636,32,32,2560,10240,51200,False,464,8
0.014,0.017,0.01604761904761905,0.016,0.0005753831415997416,0.008,0.009000000000000001,0.008200000000000002,0.008,0.00040000000000000034,0.02925,0.029625000000000002,0.029393750000000003,0.029375000000000002,0.00010661701318269998,0.02,0.021,0.020850000000000004,0.021,0.00035707142142714284,0.007,0.007125,0.007049999999999999,0.007,6.123724356957951e-05,0.029500000000000002,0.029750000000000002,0.029675,0.029625000000000002,7.288689868556632e-05,0.003875,0.004,0.00395,0.004,6.123724356957951e-05,0.026125,0.026375,0.02626875,0.02625,5.9621200088559156e-05,0.014,0.016,0.015000000000000003,0.015,0.000316227766016838,32,32,2560,10240,51200,False,456,8
0.013000000000000001,0.016,0.01580952380952381,0.016,0.0006632565846278152,0.008,0.009000000000000001,0.008050000000000002,0.008,0.0002179449471770339,0.029375000000000002,0.029750000000000002,0.029525000000000006,0.029500000000000002,0.00010897247358851694,0.02,0.021,0.020550000000000006,0.021,0.0004974937185533105,0.007125,0.007125,0.007124999999999999,0.007125,8.673617379884035e-19,0.029500000000000002,0.029875000000000002,0.02969375,0.029750000000000002,8.36193010016229e-05,0.003875,0.004,0.0038875000000000008,0.003875,3.750000000000003e-05,0.026375,0.026625,0.026456249999999997,0.0265,7.153451963912255e-05,0.014,0.016,0.014950000000000001,0.015,0.0003840572873934304,32,32,2560,10240,51200,False,448,8
0.013000000000000001,0.017,0.016000000000000004,0.016,0.0008164965809277262,0.008,0.009000000000000001,0.008050000000000002,0.008,0.00021794494717703388,0.02925,0.029625000000000002,0.029443749999999998,0.029500000000000002,0.00012793430931536711,0.02,0.021,0.020450000000000003,0.02,0.0004974937185533105,0.007,0.007125,0.007049999999999999,0.007,6.123724356957951e-05,0.029375000000000002,0.029875000000000002,0.029612500000000007,0.029625000000000002,0.0001243734296383276,0.00375,0.003875,0.0037812500000000008,0.00375,5.412658773652747e-05,0.026125,0.026375,0.0262875,0.02625,6.959705453537534e-05,0.014,0.015,0.014700000000000001,0.015,0.0004582575694955836,32,32,2560,10240,51200,False,440,8
0.013000000000000001,0.016,0.01580952380952381,0.016,0.0006632565846278152,0.008,0.008,0.008000000000000002,0.008,1.734723475976807e-18,0.02875,0.029500000000000002,0.029212500000000002,0.02925,0.00017721808598447297,0.019,0.02,0.019900000000000004,0.02,0.0003000000000000003,0.006875,0.007,0.0069562500000000015,0.007,5.9621200088559156e-05,0.02925,0.029500000000000002,0.029318750000000005,0.029312500000000002,7.368641326594753e-05,0.003625,0.00375,0.0037250000000000004,0.00375,4.999999999999987e-05,0.025750000000000002,0.02625,0.025924999999999997,0.025875000000000002,0.00010752906583803208,0.014,0.015,0.014100000000000001,0.014,0.00029999999999999976,32,32,2560,10240,51200,False,432,8
0.013000000000000001,0.015,0.014904761904761907,0.015,0.0004259177099999596,0.008,0.008,0.008000000000000002,0.008,1.734723475976807e-18,0.029125,0.029375000000000002,0.029218749999999998,0.02925,6.702378309227261e-05,0.019,0.02,0.019500000000000003,0.0195,0.0005000000000000004,0.007,0.007125,0.007050000000000001,0.007,6.12372435695795e-05,0.029375000000000002,0.029625000000000002,0.02951875,0.029500000000000002,8.17293551913877e-05,0.003625,0.00375,0.0036375000000000005,0.003625,3.74999999999999e-05,0.026375,0.026625,0.02651875,0.0265,5.962120008855916e-05,0.013000000000000001,0.015,0.013800000000000002,0.014,0.000509901951359278,32,32,2560,10240,51200,False,424,8
0.012,0.015,0.014809523809523812,0.015,0.0006632565846278148,0.008,0.008,0.008000000000000002,0.008,1.734723475976807e-18,0.02875,0.029500000000000002,0.02890625,0.028875,0.00016712177446401188,0.019,0.02,0.019200000000000002,0.019,0.00040000000000000034,0.006875,0.007125,0.00700625,0.007,4.8007160924178845e-05,0.029,0.029875000000000002,0.029231250000000004,0.0291875,0.00019872641369480826,0.0035,0.003625,0.00355,0.0035,6.123724356957951e-05,0.025875000000000002,0.026625,0.026056250000000003,0.026000000000000002,0.00018317938612190957,0.013000000000000001,0.014,0.013300000000000003,0.013000000000000001,0.00045825756949558356,32,32,2560,10240,51200,False,416,8
0.012,0.015,0.01423809523809524,0.014,0.0006834619092574914,0.008,0.008,0.008000000000000002,0.008,1.734723475976807e-18,0.02875,0.029,0.02886875,0.028875,4.800716092417884e-05,0.019,0.02,0.019050000000000004,0.019,0.00021794494717703388,0.007,0.007125,0.00710625,0.007125,4.4633927678392855e-05,0.029,0.02925,0.029162499999999997,0.029125,8.926785535678571e-05,0.003375,0.0035,0.0034750000000000002,0.0035,5.000000000000005e-05,0.025875000000000002,0.02625,0.026075000000000004,0.026125,8.291561975888355e-05,0.012,0.014,0.013050000000000003,0.013000000000000001,0.0003840572873934303,32,32,2560,10240,51200,False,408,8
0.012,0.015,0.014714285714285716,0.015,0.0006998542122237649,0.008,0.008,0.008000000000000002,0.008,1.734723475976807e-18,0.028875,0.029375000000000002,0.029156249999999995,0.029125,9.58106857297244e-05,0.018000000000000002,0.019,0.018550000000000004,0.019,0.0004974937185533088,0.007,0.007125,0.00705625,0.007,6.21867148191638e-05,0.029375000000000002,0.029750000000000002,0.029562500000000002,0.029562500000000002,8.38525491562422e-05,0.003375,0.0035,0.00338125,0.003375,2.724311839712924e-05,0.0265,0.026875,0.026625,0.026625,0.00011180339887498958,0.013000000000000001,0.013000000000000001,0.013000000000000003,0.013000000000000001,1.734723475976807e-18,32,32,2560,10240,51200,False,400,8
0.012,0.014,0.01390476190476191,0.014,0.0004259177099999599,0.007,0.008,0.007850000000000001,0.008,0.0003570714214271425,0.02875,0.029,0.028881249999999997,0.028875,6.218671481916381e-05,0.018000000000000002,0.019,0.018250000000000006,0.018000000000000002,0.00043301270189221816,0.007,0.007125,0.00709375,0.007125,5.412658773652747e-05,0.029125,0.029500000000000002,0.029225,0.02925,0.00010897247358851694,0.0032500000000000003,0.0035,0.0033125000000000008,0.0032500000000000003,7.395099728874507e-05,0.026000000000000002,0.026375,0.026168749999999998,0.026125,9.078649403958662e-05,0.012,0.013000000000000001,0.012900000000000003,0.013000000000000001,0.00030000000000000024,32,32,2560,10240,51200,False,392,8
0.012,0.015,0.013904761904761906,0.014,0.0005259695722470122,0.008,0.008,0.008000000000000002,0.008,1.734723475976807e-18,0.024625,0.025,0.024806249999999995,0.024875,0.00010058423087144433,0.017,0.018000000000000002,0.017850000000000005,0.018000000000000002,0.00035707142142714284,0.008,0.009000000000000001,0.008643750000000002,0.008812500000000001,0.0003650235437612213,0.02475,0.025125,0.024937500000000005,0.024875,0.00010825317547305492,0.0032500000000000003,0.003375,0.003362500000000001,0.003375,3.74999999999999e-05,0.023125,0.023375,0.02323125,0.02325,9.078649403958727e-05,0.013000000000000001,0.013000000000000001,0.013000000000000003,0.013000000000000001,1.734723475976807e-18,32,32,2560,10240,51200,False,384,8
0.011,0.014,0.01366666666666667,0.014,0.0007126966450997983,0.007,0.008,0.007850000000000001,0.008,0.0003570714214271425,0.0245,0.02475,0.024681250000000002,0.0246875,7.368641326594753e-05,0.017,0.018000000000000002,0.017400000000000006,0.017,0.000489897948556636,0.007875,0.008875000000000001,0.008625,0.00875,0.0003377314021526577,0.024625,0.025,0.0247875,0.02475,8.92678553567857e-05,0.0032500000000000003,0.003375,0.003287500000000001,0.0032500000000000003,5.728219618694785e-05,0.023,0.02325,0.0231375,0.023125,7.806247497998006e-05,0.012,0.013000000000000001,0.012950000000000003,0.013000000000000001,0.00021794494717703385,32,32,2560,10240,51200,False,376,8
0.011,0.014,0.013333333333333338,0.013000000000000001,0.0007126966450997984,0.007,0.008,0.007650000000000001,0.008,0.00047696960070847287,0.024375,0.025,0.024525000000000005,0.0245,0.00017047727121232334,0.017,0.018000000000000002,0.017150000000000006,0.017,0.00035707142142714284,0.007875,0.009000000000000001,0.0086625,0.008625,0.0002095381826780028,0.024375,0.024875,0.024556249999999998,0.0245,0.00013390178303517854,0.003125,0.0032500000000000003,0.0032062500000000008,0.0032500000000000003,5.962120008855916e-05,0.023,0.0235,0.023149999999999997,0.023125,0.00013462912017836272,0.012,0.013000000000000001,0.012900000000000003,0.013000000000000001,0.00030000000000000024,32,32,2560,10240,51200,False,368,8
0.011,0.014,0.012761904761904766,0.013000000000000001,0.000609821355945986,0.007,0.008,0.007600000000000001,0.008,0.0004898979485566356,0.024625,0.02475,0.024650000000000002,0.024625,5.0000000000000036e-05,0.016,0.017,0.016950000000000003,0.017,0.00021794494717703388,0.00775,0.008875000000000001,0.0084125,0.008625,0.00039151149408414603,0.0245,0.02475,0.024612500000000002,0.024625,8.750000000000008e-05,0.003,0.0032500000000000003,0.0031250000000000006,0.003125,3.9528470752104776e-05,0.023,0.02325,0.023100000000000002,0.023125,6.373774391990988e-05,0.011,0.013000000000000001,0.011600000000000003,0.012,0.0005830951894845307,32,32,2560,10240,51200,False,360,8
0.011,0.013000000000000001,0.012761904761904766,0.013000000000000001,0.000525969572247013,0.007,0.008,0.007750000000000002,0.008,0.0004330127018922194,0.024375,0.0245,0.0243875,0.024375,3.750000000000003e-05,0.016,0.017,0.016800000000000002,0.017,0.00040000000000000034,0.0085,0.008625,0.0086125,0.008625,3.750000000000004e-05,0.02425,0.024375,0.024293749999999996,0.02425,5.9621200088559156e-05,0.003,0.003125,0.0030625000000000006,0.0030625,6.250000000000006e-05,0.022625,0.023,0.022762499999999998,0.02275,9.601432184835769e-05,0.011,0.012,0.011600000000000003,0.012,0.0004898979485566361,32,32,2560,10240,51200,False,352,8
0.01,0.013000000000000001,0.01247619047619048,0.013000000000000001,0.0007315376902732012,0.007,0.008,0.007150000000000001,0.007,0.0003570714214271425,0.02425,0.0245,0.02439375,0.024375,7.153451963912255e-05,0.016,0.017,0.016650000000000005,0.017,0.0004769696007084733,0.0085,0.008875000000000001,0.00861875,0.008625,0.00010058423087144434,0.02425,0.0245,0.024349999999999997,0.024375,7.500000000000006e-05,0.002875,0.003,0.0029750000000000006,0.003,5.0000000000000036e-05,0.022875,0.023,0.02295625,0.023,5.9621200088559156e-05,0.011,0.011,0.011000000000000001,0.011,1.734723475976807e-18,32,32,2560,10240,51200,False,344,8
0.01,0.013000000000000001,0.012809523809523812,0.013000000000000001,0.0006632565846278155,0.007,0.008,0.007450000000000001,0.007,0.0004974937185533101,0.0245,0.02525,0.0249875,0.025,0.00018498310733685943,0.016,0.016,0.016000000000000004,0.016,3.469446951953614e-18,0.005625,0.00575,0.005693750000000001,0.00575,6.21867148191638e-05,0.024,0.024375,0.0241875,0.0241875,8.385254915624219e-05,0.002875,0.003,0.0028937500000000005,0.002875,4.4633927678392855e-05,0.020625,0.021,0.020818749999999997,0.020875,8.361930100162289e-05,0.011,0.011,0.011000000000000001,0.011,1.734723475976807e-18,32,32,2560,10240,51200,False,336,8
0.01,0.013000000000000001,0.012000000000000002,0.012,0.000534522483824849,0.007,0.008,0.007150000000000001,0.007,0.0003570714214271425,0.02425,0.0245,0.02435,0.024375,8.477912478906594e-05,0.015,0.017,0.016000000000000004,0.016,0.0003162277660168382,0.005625,0.00575,0.005700000000000001,0.00575,6.123724356957951e-05,0.02375,0.02425,0.02396875,0.024,9.581068572972439e-05,0.00275,0.002875,0.0027875000000000005,0.00275,5.728219618694805e-05,0.02025,0.0205,0.020406249999999994,0.020375,7.781187248742965e-05,0.011,0.011,0.011000000000000001,0.011,1.734723475976807e-18,32,32,2560,10240,51200,False,328,8
0.01,0.012,0.01185714285714286,0.012,0.00046656947481584356,0.007,0.007,0.007000000000000001,0.007,8.673617379884035e-19,0.019875,0.020375,0.0200875,0.020125,0.00012562344526401124,0.015,0.016,0.015050000000000003,0.015,0.00021794494717703385,0.005625,0.00575,0.0057125000000000006,0.00575,5.728219618694805e-05,0.023875,0.024125,0.0239625,0.024,6.959705453537534e-05,0.002625,0.00275,0.00273125,0.00275,4.46339276783927e-05,0.01975,0.02,0.019899999999999998,0.019875,6.373774391990988e-05,0.01,0.011,0.0108,0.011,0.0003999999999999997,32,32,2560,10240,51200,False,320,8
0.01,0.012,0.011714285714285717,0.012,0.0005471012044321935,0.007,0.008,0.0071,0.007,0.00030000000000000003,0.01975,0.020375,0.020081250000000002,0.020125,0.00012038350177661398,0.014,0.016,0.015000000000000003,0.015,0.000316227766016838,0.005625,0.00575,0.005700000000000001,0.00575,6.123724356957951e-05,0.023625,0.023875,0.023781249999999997,0.02375,7.781187248742965e-05,0.002625,0.002625,0.0026250000000000006,0.002625,4.336808689942018e-19,0.01975,0.019875,0.019787499999999996,0.01975,5.728219618694805e-05,0.009000000000000001,0.011,0.010050000000000002,0.01,0.0005894913061275794,32,32,2560,10240,51200,False,312,8
0.009000000000000001,0.012,0.011380952380952384,0.011,0.0007221786137191953,0.007,0.008,0.0071,0.007,0.00030000000000000003,0.019625,0.02025,0.01990625,0.019875,0.000152453886470631,0.014,0.015,0.014350000000000002,0.014,0.0004769696007084724,0.005625,0.00575,0.005687500000000001,0.0056875,6.250000000000006e-05,0.02325,0.02375,0.023450000000000002,0.0234375,0.00010752906583803292,0.0025,0.002625,0.0025250000000000003,0.0025,5.000000000000004e-05,0.01975,0.02,0.019868749999999998,0.019875,6.21867148191638e-05,0.009000000000000001,0.01,0.009650000000000002,0.01,0.0004769696007084724,32,32,2560,10240,51200,False,304,8
0.009000000000000001,0.012,0.010952380952380955,0.011,0.0004856209060564555,0.007,0.007,0.007000000000000001,0.007,8.673617379884035e-19,0.019875,0.02,0.019899999999999998,0.019875,5.000000000000004e-05,0.014,0.015,0.014100000000000001,0.014,0.00029999999999999976,0.00575,0.00575,0.005750000000000001,0.00575,8.673617379884035e-19,0.0235,0.02375,0.0236125,0.023625,7.806247497998006e-05,0.002375,0.0025,0.0024750000000000006,0.0025,5.0000000000000036e-05,0.019875,0.02,0.019925000000000002,0.019875,6.123724356957951e-05,0.009000000000000001,0.009000000000000001,0.009000000000000003,0.009000000000000001,1.734723475976807e-18,32,32,2560,10240,51200,False,296,8
0.009000000000000001,0.011,0.010904761904761907,0.011,0.0004259177099999596,0.007,0.007,0.007000000000000001,0.007,8.673617379884035e-19,0.0195,0.01975,0.0196375,0.019625,7.806247497998004e-05,0.014,0.014,0.014000000000000002,0.014,1.734723475976807e-18,0.006500000000000001,0.006625,0.0065875000000000005,0.006625,5.728219618694765e-05,0.02,0.02025,0.0201375,0.020125,6.731456008918136e-05,0.0022500000000000003,0.002375,0.0023500000000000005,0.002375,4.999999999999987e-05,0.019,0.019375,0.019106249999999998,0.019125,9.901862198596796e-05,0.009000000000000001,0.009000000000000001,0.009000000000000003,0.009000000000000001,1.734723475976807e-18,32,32,2560,10240,51200,False,288,8
0.009000000000000001,0.011,0.010761904761904764,0.011,0.000525969572247012,0.007,0.007,0.007000000000000001,0.007,8.673617379884035e-19,0.019625,0.019875,0.01973125,0.01975,5.9621200088559156e-05,0.013000000000000001,0.014,0.013600000000000004,0.014,0.0004898979485566352,0.0063750000000000005,0.006500000000000001,0.006493750000000001,0.006500000000000001,2.724311839712923e-05,0.020125,0.02025,0.020206250000000002,0.02025,5.962120008855915e-05,0.002125,0.0022500000000000003,0.0022375000000000008,0.0022500000000000003,3.750000000000004e-05,0.019,0.019125,0.019025000000000004,0.019,5.000000000000004e-05,0.009000000000000001,0.009000000000000001,0.009000000000000003,0.009000000000000001,1.734723475976807e-18,32,32,2560,10240,51200,False,280,8
0.009000000000000001,0.011,0.010380952380952383,0.01,0.0005753831415997411,0.007,0.007,0.007000000000000001,0.007,8.673617379884035e-19,0.019625,0.02,0.019875,0.019875,0.00010458250331675955,0.013000000000000001,0.014,0.013900000000000004,0.014,0.00029999999999999976,0.00625,0.0063750000000000005,0.006337500000000001,0.0063750000000000005,5.7282196186948046e-05,0.021125,0.021375,0.02124375,0.02125,8.36193010016229e-05,0.001875,0.002125,0.0020062500000000002,0.002,4.800716092417884e-05,0.019375,0.019875,0.01958125,0.0195625,0.00011370878374162667,0.009000000000000001,0.009000000000000001,0.009000000000000003,0.009000000000000001,1.734723475976807e-18,32,32,2560,10240,51200,False,272,8
0.008,0.011,0.009952380952380954,0.01,0.0004856209060564556,0.007,0.007,0.007000000000000001,0.007,8.673617379884035e-19,0.019625,0.019875,0.019774999999999997,0.01975,6.373774391990986e-05,0.013000000000000001,0.014,0.013250000000000003,0.013000000000000001,0.00043301270189221897,0.00625,0.0063750000000000005,0.006362500000000002,0.0063750000000000005,3.750000000000003e-05,0.021,0.02125,0.021150000000000002,0.021125,8.477912478906594e-05,0.001875,0.002,0.0019312500000000002,0.001875,6.21867148191638e-05,0.019125,0.019625,0.0192875,0.01925,0.0001634587103827754,0.008,0.009000000000000001,0.008200000000000002,0.008,0.00040000000000000034,32,32,2560,10240,51200,False,264,8
0.008,0.011,0.009952380952380956,0.01,0.00048562090605645564,0.007,0.007,0.007000000000000001,0.007,8.673617379884035e-19,0.01975,0.019875,0.019756249999999996,0.01975,2.7243118397129235e-05,0.013000000000000001,0.013000000000000001,0.013000000000000003,0.013000000000000001,1.734723475976807e-18,0.0055,0.005625,0.0056187500000000005,0.005625,2.724311839712923e-05,0.014750000000000001,0.015,0.0148625,0.014875000000000001,6.731456008918101e-05,0.00175,0.001875,0.0018562500000000003,0.001875,4.463392767839278e-05,0.018875,0.019375,0.019168750000000002,0.019125,0.00013849074878850222,0.007,0.008,0.007850000000000001,0.008,0.0003570714214271425,32,32,2560,10240,51200,False,256,8
0.008,0.01,0.009714285714285717,0.01,0.0005471012044321931,0.007,0.007,0.007000000000000001,0.007,8.673617379884035e-19,0.01975,0.019875,0.019787499999999996,0.01975,5.728219618694805e-05,0.01,0.011,0.010900000000000002,0.011,0.00029999999999999976,0.0055,0.005625,0.005600000000000001,0.005625,5.000000000000004e-05,0.014750000000000001,0.015,0.014906250000000005,0.014875000000000001,7.781187248742892e-05,0.0016250000000000001,0.001875,0.00174375,0.00175,6.218671481916368e-05,0.019,0.0195,0.01915625,0.019125,0.00013035408509133893,0.009000000000000001,0.01,0.009050000000000002,0.009000000000000001,0.00021794494717703353,32,32,2560,10240,51200,False,248,8
0.008,0.01,0.00904761904761905,0.009000000000000001,0.0003749527559053243,0.007,0.007,0.007000000000000001,0.007,8.673617379884035e-19,0.019625,0.01975,0.019674999999999998,0.019625,6.12372435695795e-05,0.01,0.011,0.010700000000000001,0.011,0.00045825756949558367,0.0055,0.005625,0.005600000000000001,0.005625,5.000000000000004e-05,0.014750000000000001,0.015,0.0148625,0.014875000000000001,8.749999999999952e-05,0.0015,0.00175,0.0016250000000000004,0.0016250000000000001,5.5901699437494744e-05,0.018875,0.019375,0.0191,0.019125,0.00013462912017836272,0.009000000000000001,0.009000000000000001,0.009000000000000003,0.009000000000000001,1.734723475976807e-18,32,32,2560,10240,51200,False,240,8
0.008,0.01,0.00928571428571429,0.009000000000000001,0.0005471012044321929,0.007,0.007,0.007000000000000001,0.007,8.673617379884035e-19,0.0195,0.019625,0.019606250000000002,0.019625,4.463392767839285e-05,0.01,0.011,0.0102,0.01,0.0003999999999999996,0.0055,0.005625,0.005600000000000001,0.005625,5.000000000000004e-05,0.014625,0.014875000000000001,0.01476875,0.014750000000000001,5.962120008855916e-05,0.0015,0.0016250000000000001,0.0015187500000000004,0.0015,4.463392767839285e-05,0.018875,0.019375,0.019043750000000005,0.019,0.00011370878374162668,0.008,0.009000000000000001,0.008900000000000002,0.009000000000000001,0.0003000000000000003,32,32,2560,10240,51200,False,232,8
0.007,0.009000000000000001,0.008571428571428574,0.009000000000000001,0.0005832118435198046,0.007,0.007,0.007000000000000001,0.007,8.673617379884035e-19,0.0195,0.019625,0.0195875,0.019625,5.728219618694805e-05,0.009000000000000001,0.01,0.009900000000000003,0.01,0.00029999999999999976,0.0055,0.005625,0.005612500000000001,0.005625,3.750000000000003e-05,0.014625,0.014750000000000001,0.014724999999999999,0.014750000000000001,5.000000000000004e-05,0.001375,0.0016250000000000001,0.0014375000000000002,0.001375,7.395099728874526e-05,0.018625,0.019,0.018862499999999997,0.018875,0.0001243734296383276,0.006,0.009000000000000001,0.007400000000000001,0.007,0.0014282856857085705,32,32,2560,10240,51200,False,224,8
0.007,0.009000000000000001,0.008095238095238096,0.008,0.0004259177099999602,0.007,0.007,0.007000000000000001,0.007,8.673617379884035e-19,0.0195,0.019625,0.019518750000000005,0.0195,4.463392767839285e-05,0.009000000000000001,0.01,0.009100000000000002,0.009000000000000001,0.00029999999999999976,0.006125,0.0063750000000000005,0.006337500000000001,0.0063750000000000005,6.959705453537534e-05,0.014750000000000001,0.015,0.014856250000000005,0.014875000000000001,7.15345196391222e-05,0.00125,0.001375,0.0013562500000000003,0.001375,4.4633927678392774e-05,0.01625,0.0165,0.016356250000000006,0.016375,5.962120008855915e-05,0.007,0.009000000000000001,0.007800000000000001,0.0075,0.0008717797887081351,32,32,2560,10240,51200,False,216,8
0.007,0.009000000000000001,0.008380952380952383,0.008,0.000575383141599742,0.007,0.007,0.007000000000000001,0.007,8.673617379884035e-19,0.0195,0.019625,0.019543750000000006,0.0195,5.9621200088559156e-05,0.009000000000000001,0.01,0.009050000000000002,0.009000000000000001,0.00021794494717703353,0.006125,0.0063750000000000005,0.006312500000000001,0.0063750000000000005,8.385254915624219e-05,0.014750000000000001,0.014875000000000001,0.014787499999999999,0.014750000000000001,5.728219618694804e-05,0.0011250000000000001,0.001375,0.0012562500000000002,0.00125,4.800716092417876e-05,0.01625,0.0165,0.016406250000000004,0.016375,7.781187248742965e-05,0.008,0.009000000000000001,0.008300000000000002,0.008,0.0004582575694955844,32,32,2560,10240,51200,False,208,8
0.007,0.008,0.007952380952380954,0.008,0.00021295885499997998,0.007,0.007,0.007000000000000001,0.007,8.673617379884035e-19,0.0195,0.019625,0.019525000000000004,0.0195,5.000000000000005e-05,0.008,0.009000000000000001,0.008700000000000003,0.009000000000000001,0.0004582575694955844,0.006125,0.00625,0.006193750000000001,0.00625,6.21867148191638e-05,0.014750000000000001,0.015,0.014856250000000001,0.014875000000000001,8.172935519138725e-05,0.0011250000000000001,0.00125,0.0011375000000000003,0.0011250000000000001,3.749999999999997e-05,0.016125,0.0165,0.016337500000000005,0.016375,9.762812094883327e-05,0.008,0.008,0.008000000000000002,0.008,1.734723475976807e-18,32,32,2560,10240,51200,False,200,8
0.006,0.008,0.007761904761904763,0.008,0.0005259695722470124,0.007,0.007,0.007000000000000001,0.007,8.673617379884035e-19,0.011875,0.012,0.01196875,0.012,5.4126587736527466e-05,0.005,0.005,0.005000000000000001,0.005,8.673617379884035e-19,0.004375,0.0045000000000000005,0.004400000000000001,0.004375,5.0000000000000036e-05,0.0145,0.014750000000000001,0.014643750000000002,0.014625,5.962120008855916e-05,0.001,0.00125,0.0010875000000000004,0.0011250000000000001,6.959705453537531e-05,0.019875,0.02025,0.0200625,0.020125,9.270248108869588e-05,0.007,0.008,0.007950000000000002,0.008,0.00021794494717703366,32,32,2560,10240,51200,False,192,8
0.006,0.008,0.007095238095238096,0.007,0.00042591770999995997,0.007,0.007,0.007000000000000001,0.007,8.673617379884035e-19,0.01175,0.012125,0.0119375,0.011875,9.270248108869588e-05,0.005,0.005,0.005000000000000001,0.005,8.673617379884035e-19,0.004375,0.0045000000000000005,0.0043812500000000015,0.004375,2.724311839712923e-05,0.014375,0.014750000000000001,0.01458125,0.014625,9.078649403958726e-05,0.001,0.0011250000000000001,0.0010562500000000003,0.001,6.21867148191638e-05,0.0195,0.020125,0.01985625,0.019875,0.00016898132293244732,0.006,0.008,0.0071,0.007,0.0004358898943540673,32,32,2560,10240,51200,False,184,8
0.006,0.007,0.006952380952380955,0.007,0.00021295885499997996,0.007,0.007,0.007000000000000001,0.007,8.673617379884035e-19,0.015375,0.015625,0.015481250000000005,0.0155,5.962120008855915e-05,0.005,0.005,0.005000000000000001,0.005,8.673617379884035e-19,0.004375,0.004375,0.004375000000000001,0.004375,8.673617379884035e-19,0.017,0.01725,0.01715625,0.017125,6.702378309227261e-05,0.001,0.0011250000000000001,0.0010125000000000002,0.001,3.750000000000004e-05,0.0195,0.02,0.019737499999999998,0.01975,0.00013635890143294654,0.006,0.007,0.006100000000000001,0.006,0.00030000000000000003,32,32,2560,10240,51200,False,176,8
0.006,0.007,0.006952380952380955,0.007,0.00021295885499997996,0.007,0.007,0.007000000000000001,0.007,8.673617379884035e-19,0.01525,0.0155,0.015318749999999997,0.0153125,7.368641326594753e-05,0.004,0.005,0.004050000000000001,0.004,0.0002179449471770337,0.004375,0.0045000000000000005,0.0043812500000000015,0.004375,2.724311839712923e-05,0.016875,0.017125,0.016981250000000003,0.017,7.153451963912254e-05,0.000875,0.001,0.0008937500000000001,0.000875,4.4633927678392814e-05,0.019375,0.019875,0.019625,0.019625,0.00014790199457749052,0.006,0.006,0.006000000000000001,0.006,8.673617379884035e-19,32,32,2560,10240,51200,False,168,8
0.005,0.007,0.006904761904761907,0.007,0.0004259177099999599,0.007,0.007,0.007000000000000001,0.007,8.673617379884035e-19,0.013000000000000001,0.013125,0.013087500000000002,0.013125,5.7282196186947254e-05,0.007,0.008,0.007350000000000001,0.007,0.00047696960070847287,0.00425,0.004375,0.004293750000000001,0.00425,5.962120008855915e-05,0.016875,0.017,0.01695,0.017,6.123724356957951e-05,0.00075,0.000875,0.0008375000000000002,0.000875,5.7282196186948006e-05,0.01925,0.01975,0.0195,0.0195,0.00011858541225631432,0.005,0.006,0.0056500000000000005,0.006,0.0004769696007084729,32,32,2560,10240,51200,False,160,8
0.005,0.007,0.006904761904761907,0.007,0.0004259177099999599,0.007,0.007,0.007000000000000001,0.007,8.673617379884035e-19,0.013000000000000001,0.013125,0.013012500000000001,0.013000000000000001,3.749999999999951e-05,0.007,0.008,0.007400000000000001,0.007,0.0004898979485566357,0.00425,0.004375,0.004268750000000001,0.00425,4.4633927678392855e-05,0.016875,0.017,0.016881249999999997,0.016875,2.7243118397129235e-05,0.000625,0.00075,0.0007437500000000002,0.00075,2.7243118397129208e-05,0.018875,0.0195,0.01919375,0.01925,0.0001503901176939497,0.005,0.006,0.005300000000000001,0.005,0.00045825756949558405,32,32,2560,10240,51200,False,152,8
0.005,0.007,0.006619047619047621,0.007,0.0005753831415997416,0.007,0.007,0.007000000000000001,0.007,8.673617379884035e-19,0.012875000000000001,0.013000000000000001,0.012987500000000004,0.013000000000000001,3.750000000000004e-05,0.007,0.008,0.007050000000000001,0.007,0.0002179449471770337,0.00425,0.004375,0.004281250000000001,0.00425,5.412658773652747e-05,0.01675,0.017125,0.016825000000000003,0.01675,0.00010000000000000009,0.000625,0.00075,0.0007187500000000001,0.00075,5.412658773652742e-05,0.018875,0.0195,0.01919375,0.0191875,0.00019951112124390476,0.005,0.006,0.005050000000000001,0.005,0.0002179449471770337,32,32,2560,10240,51200,False,144,8
0.005,0.006,0.005952380952380954,0.006,0.00021295885499997998,0.007,0.007,0.007000000000000001,0.007,8.673617379884035e-19,0.012875000000000001,0.013000000000000001,0.012918750000000001,0.012875000000000001,5.962120008855915e-05,0.007,0.007,0.007000000000000001,0.007,8.673617379884035e-19,0.00425,0.004375,0.004293750000000001,0.00425,5.962120008855914e-05,0.01675,0.016875,0.016756249999999997,0.01675,2.7243118397129235e-05,0.000625,0.00075,0.0007187500000000001,0.00075,5.412658773652742e-05,0.01425,0.0145,0.014331250000000004,0.014375,7.153451963912254e-05,0.004,0.005,0.004400000000000001,0.004,0.0004898979485566357,32,32,2560,10240,51200,False,136,8
0.005,0.006,0.005952380952380954,0.006,0.00021295885499997998,0.007,0.007,0.007000000000000001,0.007,8.673617379884035e-19,0.0115,0.011625,0.01159375,0.011625,5.412658773652747e-05,0.006,0.007,0.006950000000000002,0.007,0.00021794494717703366,0.004875,0.004875,0.004875000000000001,0.004875,8.673617379884035e-19,0.014750000000000001,0.015125,0.014906250000000005,0.014875000000000001,7.781187248742897e-05,0.0005,0.000625,0.0006125000000000002,0.000625,3.7500000000000003e-05,0.014875000000000001,0.015125,0.015012500000000002,0.015,5.4486236794258246e-05,0.004,0.005,0.004900000000000002,0.005,0.00030000000000000003,32,32,2560,10240,51200,False,128,8
0.004,0.006,0.005904761904761906,0.006,0.00042591770999995997,0.007,0.007,0.007000000000000001,0.007,8.673617379884035e-19,0.0115,0.01175,0.0115625,0.0115,7.395099728874526e-05,0.006,0.007,0.006800000000000002,0.007,0.0004,0.00425,0.004375,0.004368750000000001,0.004375,2.724311839712923e-05,0.0145,0.014625,0.014575000000000001,0.014625,6.123724356957951e-05,0.0005,0.000625,0.0005062500000000001,0.0005,2.724311839712921e-05,0.0155,0.01575,0.01558125,0.015625,7.153451963912254e-05,0.004,0.005,0.004900000000000002,0.005,0.00030000000000000003,32,32,2560,10240,51200,False,120,8
0.004,0.006,0.0058571428571428585,0.006,0.0004665694748158435,0.007,0.007,0.007000000000000001,0.007,8.673617379884035e-19,0.0115,0.01175,0.011525000000000002,0.0115,6.373774391990988e-05,0.006,0.007,0.006400000000000001,0.006,0.0004898979485566357,0.005625,0.005875,0.005731250000000001,0.00575,5.962120008855914e-05,0.014750000000000001,0.015,0.014825000000000005,0.014875000000000001,7.288689868556612e-05,0.0005,0.0005,0.0005000000000000001,0.0005,1.0842021724855044e-19,0.0155,0.016,0.015743749999999997,0.01575,0.00010058423087144436,0.004,0.005,0.004450000000000001,0.004,0.0004974937185533101,32,32,2560,10240,51200,False,112,8
0.004,0.006,0.005571428571428573,0.006,0.0005832118435198043,0.007,0.007,0.007000000000000001,0.007,8.673617379884035e-19,0.010875000000000001,0.011,0.01095,0.011,6.123724356957866e-05,0.004,0.004,0.004000000000000001,0.004,8.673617379884035e-19,0.00475,0.004875,0.004756250000000001,0.00475,2.724311839712923e-05,0.014750000000000001,0.015,0.014837500000000007,0.014875000000000001,6.959705453537514e-05,0.0005,0.0005,0.0005000000000000001,0.0005,1.0842021724855044e-19,0.014750000000000001,0.015125,0.01495625,0.015,9.90186219859672e-05,0.004,0.004,0.004000000000000001,0.004,8.673617379884035e-19,32,32,2560,10240,51200,False,104,8
0.004,0.005,0.004952380952380954,0.005,0.00021295885499997998,0.007,0.007,0.007000000000000001,0.007,8.673617379884035e-19,0.010875000000000001,0.011,0.0109625,0.011,5.7282196186947254e-05,0.004,0.004,0.004000000000000001,0.004,8.673617379884035e-19,0.0045000000000000005,0.004625,0.0046187500000000005,0.004625,2.7243118397129045e-05,0.014750000000000001,0.014875000000000001,0.01481875,0.014875000000000001,6.21867148191638e-05,0.0005,0.0005,0.0005000000000000001,0.0005,1.0842021724855044e-19,0.014625,0.015,0.014787499999999999,0.014750000000000001,8.926785535678551e-05,0.004,0.005,0.004300000000000001,0.004,0.00045825756949558405,32,32,2560,10240,51200,False,96,8
0.004,0.005,0.004333333333333335,0.004,0.0004714045207910317,0.006,0.007,0.006150000000000001,0.006,0.0003570714214271425,0.010625,0.010750000000000001,0.010656250000000003,0.010625,5.412658773652746e-05,0.004,0.004,0.004000000000000001,0.004,8.673617379884035e-19,0.00375,0.00375,0.0037500000000000007,0.00375,8.673617379884035e-19,0.0135,0.01375,0.013525,0.0135,6.373774391990988e-05,0.0005,0.0005,0.0005000000000000001,0.0005,1.0842021724855044e-19,0.013000000000000001,0.01325,0.013143750000000001,0.013125,7.15345196391222e-05,0.004,0.004,0.004000000000000001,0.004,8.673617379884035e-19,32,32,2560,10240,51200,False,88,8
0.003,0.005,0.004000000000000001,0.004,0.00030860669992418383,0.006,0.007,0.0060500000000000016,0.006,0.0002179449471770337,0.010625,0.010875000000000001,0.010718750000000003,0.010750000000000001,6.702378309227261e-05,0.004,0.004,0.004000000000000001,0.004,8.673617379884035e-19,0.004125,0.00425,0.004175000000000001,0.004125,6.12372435695795e-05,0.01325,0.0135,0.013437500000000002,0.0135,7.395099728874526e-05,0.000375,0.000375,0.00037500000000000006,0.000375,5.421010862427522e-20,0.014125,0.014625,0.014374999999999999,0.014375,0.00014252192813739238,0.004,0.004,0.004000000000000001,0.004,8.673617379884035e-19,32,32,2560,10240,51200,False,80,8
0.003,0.005,0.004000000000000001,0.004,0.00030860669992418383,0.006,0.006,0.006000000000000001,0.006,8.673617379884035e-19,0.010875000000000001,0.011125,0.010943749999999999,0.010875000000000001,9.249155366842894e-05,0.004,0.004,0.004000000000000001,0.004,8.673617379884035e-19,0.0045000000000000005,0.0045000000000000005,0.004500000000000001,0.0045000000000000005,8.673617379884035e-19,0.013625,0.01375,0.01370625,0.01375,5.962120008855914e-05,0.000375,0.000375,0.00037500000000000006,0.000375,5.421010862427522e-20,0.014375,0.014625,0.014525000000000001,0.0145,6.373774391990986e-05,0.004,0.004,0.004000000000000001,0.004,8.673617379884035e-19,32,32,2560,10240,51200,False,72,8
0.003,0.004,0.003952380952380953,0.004,0.00021295885499997998,0.006,0.006,0.006000000000000001,0.006,8.673617379884035e-19,0.0105,0.010625,0.010512500000000003,0.0105,3.750000000000003e-05,0.005,0.006,0.005750000000000001,0.006,0.00043301270189221935,0.003625,0.00375,0.0036312500000000004,0.003625,2.7243118397129144e-05,0.013000000000000001,0.01325,0.01315,0.013125,6.373774391990966e-05,0.000375,0.000375,0.00037500000000000006,0.000375,5.421010862427522e-20,0.013875,0.014,0.013937500000000002,0.0139375,6.250000000000006e-05,0.002,0.004,0.0035000000000000005,0.004,0.0005916079783099615,32,32,2560,10240,51200,False,64,8
0.003,0.004,0.003047619047619048,0.003,0.00021295885499998,0.006,0.006,0.006000000000000001,0.006,8.673617379884035e-19,0.010125,0.01025,0.010143749999999998,0.010125,4.4633927678392855e-05,0.005,0.006,0.0054,0.005,0.0004898979485566356,0.004125,0.00425,0.004143750000000001,0.004125,4.4633927678392855e-05,0.01325,0.0135,0.01330625,0.01325,7.368641326594754e-05,0.000375,0.000375,0.00037500000000000006,0.000375,5.421010862427522e-20,0.0125,0.012750000000000001,0.012625000000000003,0.012625,5.590169943749479e-05,0.003,0.004,0.003350000000000001,0.003,0.00047696960070847287,32,32,2560,10240,51200,False,56,8
0.003,0.003,0.0030000000000000005,0.003,4.336808689942018e-19,0.006,0.006,0.006000000000000001,0.006,8.673617379884035e-19,0.01,0.010125,0.010025000000000003,0.01,5.0000000000000036e-05,0.005,0.006,0.0051,0.005,0.00030000000000000003,0.004,0.004,0.004000000000000001,0.004,8.673617379884035e-19,0.013125,0.013375,0.013212499999999999,0.0131875,9.762812094883327e-05,0.000375,0.000375,0.00037500000000000006,0.000375,5.421010862427522e-20,0.0125,0.012625,0.012575000000000003,0.012625,6.12372435695795e-05,0.003,0.003,0.0030000000000000005,0.003,4.336808689942018e-19,32,32,2560,10240,51200,False,48,8
0.003,0.003,0.0030000000000000005,0.003,4.336808689942018e-19,0.005,0.006,0.005350000000000001,0.005,0.0004769696007084728,0.010125,0.01025,0.01015625,0.010125,5.412658773652747e-05,0.005,0.005,0.005000000000000001,0.005,8.673617379884035e-19,0.004,0.004,0.004000000000000001,0.004,8.673617379884035e-19,0.013000000000000001,0.01325,0.013075,0.013062500000000001,8.29156197588843e-05,0.00025,0.000375,0.00031875,0.000375,6.218671481916374e-05,0.013375,0.0135,0.013425000000000001,0.013375,6.123724356957951e-05,0.002,0.002,0.0020000000000000005,0.002,4.336808689942018e-19,32,32,2560,10240,51200,False,40,8
0.002,0.003,0.002952380952380953,0.003,0.00021295885499997998,0.005,0.006,0.005050000000000001,0.005,0.0002179449471770337,0.01,0.010125,0.010100000000000001,0.010125,5.000000000000004e-05,0.005,0.005,0.005000000000000001,0.005,8.673617379884035e-19,0.0035,0.003625,0.0035062500000000003,0.0035,2.724311839712924e-05,0.012750000000000001,0.012875000000000001,0.012831249999999999,0.012875000000000001,5.9621200088559156e-05,0.00025,0.000375,0.0002562500000000001,0.00025,2.724311839712921e-05,0.01325,0.013375,0.013350000000000004,0.013375,5.000000000000004e-05,0.002,0.002,0.0020000000000000005,0.002,4.336808689942018e-19,32,32,2560,10240,51200,False,32,8
0.002,0.003,0.002952380952380953,0.003,0.00021295885499997998,0.005,0.005,0.005000000000000001,0.005,8.673617379884035e-19,0.00975,0.009875,0.00985625,0.009875,4.4633927678392855e-05,0.005,0.005,0.005000000000000001,0.005,8.673617379884035e-19,0.0035,0.0035,0.0035000000000000005,0.0035,4.336808689942018e-19,0.012750000000000001,0.012875000000000001,0.012775000000000003,0.012750000000000001,5.000000000000004e-05,0.00025,0.00025,0.00025000000000000006,0.00025,5.421010862427522e-20,0.013125,0.01325,0.01323125,0.01325,4.4633927678392855e-05,0.002,0.002,0.0020000000000000005,0.002,4.336808689942018e-19,32,32,2560,10240,51200,False,24,8
0.007,0.011,0.01,0.01,0.0007559289460184543,0.005,0.006,0.005050000000000001,0.005,0.0002179449471770337,0.00975,0.009875,0.009850000000000001,0.009875,5.000000000000004e-05,0.005,0.005,0.005000000000000001,0.005,8.673617379884035e-19,0.00375,0.003875,0.003812500000000001,0.0038125,6.250000000000006e-05,0.012875000000000001,0.013000000000000001,0.012918750000000001,0.012875000000000001,5.962120008855915e-05,0.00025,0.00025,0.00025000000000000006,0.00025,5.421010862427522e-20,0.01325,0.0135,0.013368750000000002,0.013375,4.800716092417884e-05,0.002,0.003,0.0022500000000000007,0.002,0.00043301270189221935,32,32,2560,10240,51200,False,16,8
0.004,0.006,0.005904761904761906,0.006,0.00042591770999995997,0.005,0.005,0.005000000000000001,0.005,8.673617379884035e-19,0.009625,0.00975,0.0097375,0.00975,3.750000000000003e-05,0.004,0.005,0.004900000000000002,0.005,0.00030000000000000003,0.003625,0.00375,0.0037125000000000005,0.00375,5.728219618694785e-05,0.012625,0.012875000000000001,0.012750000000000003,0.012750000000000001,6.846531968814583e-05,0.00025,0.00025,0.00025000000000000006,0.00025,5.421010862427522e-20,0.01325,0.01325,0.013250000000000001,0.01325,1.734723475976807e-18,0.002,0.003,0.0021000000000000003,0.002,0.00030000000000000003,32,32,2560,10240,51200,False,8,8
0.003,0.004,0.003095238095238096,0.003,0.00029354352395090366,0.005,0.005,0.005000000000000001,0.005,8.673617379884035e-19,0.009625,0.00975,0.009706250000000001,0.00975,5.962120008855915e-05,0.004,0.005,0.004550000000000001,0.005,0.00049749371855331,0.003625,0.00375,0.0036312500000000004,0.003625,2.7243118397129144e-05,0.011625,0.011625,0.011625,0.011625,0.0,0.00025,0.00025,0.00025000000000000006,0.00025,5.421010862427522e-20,0.013125,0.01325,0.01315625,0.013125,5.4126587736527466e-05,0.002,0.002,0.0020000000000000005,0.002,4.336808689942018e-19,32,32,2560,10240,51200,False,4,8
0.002,0.003,0.002047619047619048,0.002,0.00021295885499998,0.005,0.005,0.005000000000000001,0.005,8.673617379884035e-19,0.009625,0.00975,0.00965625,0.009625,5.4126587736527466e-05,0.004,0.005,0.004450000000000001,0.004,0.0004974937185533101,0.003625,0.00375,0.0036312500000000004,0.003625,2.7243118397129144e-05,0.0115,0.011625,0.011575,0.011625,6.123724356957951e-05,0.00025,0.00025,0.00025000000000000006,0.00025,5.421010862427522e-20,0.013125,0.01325,0.01315625,0.013125,5.412658773652747e-05,0.002,0.002,0.0020000000000000005,0.002,4.336808689942018e-19,32,32,2560,10240,51200,False,2,8
0.002,0.002,0.0020000000000000005,0.002,4.336808689942018e-19,0.005,0.006,0.005050000000000001,0.005,0.0002179449471770337,0.009000000000000001,0.00925,0.009018750000000002,0.009000000000000001,5.962120008855867e-05,0.004,0.005,0.004400000000000001,0.004,0.0004898979485566357,0.0035,0.0035,0.0035000000000000005,0.0035,4.336808689942018e-19,0.012,0.012125,0.012037500000000001,0.012,5.728219618694805e-05,0.00025,0.00025,0.00025000000000000006,0.00025,5.421010862427522e-20,0.012625,0.012750000000000001,0.01264375,0.012625,4.4633927678392855e-05,0.002,0.002,0.0020000000000000005,0.002,4.336808689942018e-19,32,32,2560,10240,51200,False,1,8
