time_stats.emb.min,time_stats.emb.max,time_stats.emb.mean,time_stats.emb.median,time_stats.emb.std,time_stats.input_layernorm.min,time_stats.input_layernorm.max,time_stats.input_layernorm.mean,time_stats.input_layernorm.median,time_stats.input_layernorm.std,time_stats.attn_pre_proj.min,time_stats.attn_pre_proj.max,time_stats.attn_pre_proj.mean,time_stats.attn_pre_proj.median,time_stats.attn_pre_proj.std,time_stats.attn_rope.min,time_stats.attn_rope.max,time_stats.attn_rope.mean,time_stats.attn_rope.median,time_stats.attn_rope.std,time_stats.attn_post_proj.min,time_stats.attn_post_proj.max,time_stats.attn_post_proj.mean,time_stats.attn_post_proj.median,time_stats.attn_post_proj.std,time_stats.mlp_up_proj.min,time_stats.mlp_up_proj.max,time_stats.mlp_up_proj.mean,time_stats.mlp_up_proj.median,time_stats.mlp_up_proj.std,time_stats.mlp_act.min,time_stats.mlp_act.max,time_stats.mlp_act.mean,time_stats.mlp_act.median,time_stats.mlp_act.std,time_stats.mlp_down_proj.min,time_stats.mlp_down_proj.max,time_stats.mlp_down_proj.mean,time_stats.mlp_down_proj.median,time_stats.mlp_down_proj.std,time_stats.add.min,time_stats.add.max,time_stats.add.mean,time_stats.add.median,time_stats.add.std,n_head,n_kv_head,n_embd,n_expanded_embd,vocab_size,use_gated_mlp,num_tokens,num_tensor_parallel_workers
0.069,0.075,0.07323809523809525,0.073,0.001341809790819556,0.021,0.022,0.021050000000000003,0.021,0.00021794494717703315,0.20700000000000002,0.212,0.20875,0.209,0.0010428326807307019,0.066,0.067,0.06620000000000001,0.066,0.0004000000000000003,0.073,0.08600000000000001,0.08245,0.0845,0.004769433928675398,0.293,0.297,0.29479999999999995,0.295,0.0009273618495495711,0.068,0.069,0.06810000000000002,0.068,0.00030000000000000024,0.319,0.374,0.3439,0.3345,0.019770938268074172,0.04,0.042,0.04050000000000001,0.04,0.0005916079783099623,32,32,2560,10240,51200,False,4096,1
0.07,0.074,0.07247619047619049,0.073,0.0009060141709733499,0.021,0.022,0.021150000000000002,0.021,0.0003570714214271416,0.209,0.215,0.21080000000000002,0.211,0.0015033296378372922,0.066,0.067,0.06640000000000001,0.066,0.0004898979485566361,0.07200000000000001,0.08600000000000001,0.07655,0.073,0.005678688228807779,0.296,0.3,0.2981,0.298,0.0009949874371066208,0.068,0.069,0.06820000000000001,0.068,0.0004000000000000003,0.28600000000000003,0.372,0.33709999999999996,0.335,0.02281863273730483,0.04,0.041,0.040400000000000005,0.04,0.000489897948556636,32,32,2560,10240,51200,False,4096,1
0.068,0.075,0.07252380952380953,0.073,0.0014013275209106783,0.02,0.021,0.020900000000000005,0.021,0.0003000000000000003,0.215,0.219,0.21564999999999998,0.215,0.0010136567466356656,0.065,0.066,0.06585,0.066,0.0003570714214271428,0.07200000000000001,0.085,0.07420000000000002,0.073,0.003762977544445357,0.296,0.3,0.2973499999999999,0.297,0.0009630680142129119,0.067,0.068,0.06755,0.068,0.0004974937185533104,0.309,0.313,0.31134999999999996,0.311,0.001061838029079766,0.04,0.041,0.04030000000000001,0.04,0.0004582575694955844,32,32,2560,10240,51200,False,4064,1
0.069,0.074,0.07209523809523811,0.07200000000000001,0.0009712418121129079,0.02,0.021,0.020750000000000005,0.021,0.00043301270189221973,0.213,0.217,0.21425,0.214,0.0008874119674649433,0.065,0.066,0.0655,0.0655,0.0005000000000000004,0.08,0.082,0.08145,0.082,0.0006689544080129832,0.294,0.296,0.29505,0.295,0.0007399324293474377,0.067,0.068,0.06735,0.067,0.00047696960070847325,0.308,0.311,0.3094,0.309,0.0009695359714832667,0.038,0.041,0.039900000000000005,0.04,0.0007681145747868615,32,32,2560,10240,51200,False,4032,1
0.069,0.07200000000000001,0.0712857142857143,0.07100000000000001,0.0008247860988423233,0.02,0.021,0.020600000000000004,0.021,0.0004898979485566361,0.211,0.215,0.2121,0.212,0.0009949874371066208,0.064,0.066,0.06495,0.065,0.00038405728739343076,0.08,0.083,0.08135,0.081,0.0007921489758877436,0.29,0.293,0.2917,0.292,0.0007810249675906662,0.066,0.067,0.0663,0.066,0.0004582575694955844,0.305,0.308,0.30655000000000004,0.3065,0.00086458082328953,0.038,0.04,0.03910000000000001,0.039,0.0007681145747868615,32,32,2560,10240,51200,False,4000,1
0.068,0.073,0.07114285714285715,0.07100000000000001,0.0010367400503370101,0.02,0.021,0.020500000000000004,0.0205,0.0005000000000000004,0.20600000000000002,0.212,0.20815,0.20800000000000002,0.0014924811556599202,0.063,0.065,0.06405000000000001,0.064,0.0005894913061275804,0.073,0.088,0.08080000000000001,0.085,0.005938013135721413,0.267,0.28500000000000003,0.27260000000000006,0.27,0.005332916650389359,0.067,0.069,0.06810000000000001,0.068,0.0007000000000000006,0.319,0.366,0.3541499999999999,0.357,0.011416107042245171,0.038,0.04,0.038950000000000005,0.039,0.0007399324293474377,32,32,2560,10240,51200,False,3968,1
0.067,0.07200000000000001,0.07033333333333334,0.07,0.0010389249632986404,0.02,0.021,0.020200000000000003,0.02,0.00040000000000000034,0.212,0.217,0.21325,0.213,0.0010428326807307114,0.063,0.065,0.06405000000000001,0.064,0.0003840572873934307,0.07200000000000001,0.083,0.07325000000000001,0.073,0.0023210988776870313,0.293,0.296,0.29455,0.2945,0.0007399324293474377,0.065,0.066,0.06520000000000001,0.065,0.0004000000000000003,0.307,0.31,0.30894999999999995,0.309,0.0008046738469715548,0.038,0.04,0.038650000000000004,0.039,0.0006538348415311017,32,32,2560,10240,51200,False,3936,1
0.066,0.07200000000000001,0.06999999999999999,0.07,0.0013451854182690997,0.02,0.02,0.020000000000000004,0.02,3.469446951953614e-18,0.211,0.217,0.2125,0.212,0.0012449899597988742,0.063,0.064,0.06349999999999999,0.0635,0.0005000000000000004,0.07100000000000001,0.084,0.0734,0.073,0.0026343879744638973,0.29,0.293,0.2919,0.292,0.0008888194417315596,0.065,0.066,0.06504999999999998,0.065,0.00021794494717703388,0.305,0.309,0.3066500000000001,0.307,0.0008529361054615998,0.037,0.039,0.03815,0.038,0.0004769696007084732,32,32,2560,10240,51200,False,3904,1
0.065,0.07,0.06895238095238097,0.069,0.0011328930717495553,0.019,0.02,0.019800000000000005,0.02,0.0004000000000000003,0.21,0.214,0.21180000000000004,0.212,0.0008124038404635967,0.062,0.064,0.06295,0.063,0.0004974937185533104,0.081,0.082,0.08160000000000002,0.082,0.000489897948556636,0.291,0.294,0.29235,0.292,0.000726291952316698,0.064,0.064,0.06400000000000002,0.064,1.3877787807814457e-17,0.306,0.309,0.30735000000000007,0.307,0.0009096702699330135,0.037,0.039,0.03760000000000001,0.038,0.0005830951894845306,32,32,2560,10240,51200,False,3872,1
0.064,0.07100000000000001,0.06861904761904762,0.068,0.0015267828135125153,0.019,0.021,0.020200000000000003,0.02,0.000509901951359279,0.195,0.203,0.1986,0.198,0.002222611077089289,0.062,0.064,0.06255,0.0625,0.0005894913061275802,0.07,0.085,0.07660000000000002,0.077,0.00573061951275776,0.267,0.274,0.26975,0.269,0.001946150045602858,0.065,0.067,0.0655,0.065,0.0008062257748298557,0.27,0.323,0.29605000000000004,0.29600000000000004,0.022889899519220252,0.036000000000000004,0.039,0.03740000000000001,0.038,0.0008602325267042611,32,32,2560,10240,51200,False,3840,1
0.063,0.074,0.07042857142857144,0.07100000000000001,0.0020832993194502243,0.02,0.022,0.020400000000000005,0.02,0.0005830951894845301,0.202,0.219,0.20715,0.20600000000000002,0.004040730132042966,0.062,0.064,0.06305000000000001,0.063,0.0006689544080129831,0.07,0.084,0.0739,0.073,0.003645545226711636,0.269,0.28400000000000003,0.2725,0.2715,0.00396862696659689,0.065,0.07,0.06635000000000002,0.066,0.0012359207094308285,0.27,0.334,0.297,0.279,0.023999999999999997,0.036000000000000004,0.039,0.03720000000000001,0.037,0.0008717797887081331,32,32,2560,10240,51200,False,3808,1
0.063,0.068,0.067,0.067,0.001023532631438319,0.019,0.02,0.019600000000000003,0.02,0.0004898979485566361,0.199,0.203,0.20035000000000003,0.2,0.0011521718621802922,0.061,0.063,0.06205000000000001,0.062,0.0003840572873934307,0.069,0.08,0.07345,0.07,0.004554942370656293,0.263,0.267,0.26495,0.265,0.0009733961166965902,0.063,0.065,0.0641,0.064,0.00043588989435406776,0.268,0.313,0.28815,0.271,0.020494572452237195,0.036000000000000004,0.038,0.03640000000000001,0.036000000000000004,0.0005830951894845275,32,32,2560,10240,51200,False,3776,1
0.062,0.069,0.06676190476190476,0.067,0.0013058389715049617,0.019,0.02,0.019250000000000003,0.019,0.00043301270189221973,0.197,0.2,0.1986,0.1985,0.0010198039027185578,0.061,0.063,0.061649999999999996,0.062,0.0006538348415311016,0.069,0.082,0.07515000000000001,0.07500000000000001,0.005606023546151049,0.261,0.264,0.26189999999999997,0.262,0.0008306623862918081,0.062,0.063,0.0627,0.063,0.0004582575694955844,0.266,0.312,0.28885,0.28900000000000003,0.022258200735908545,0.036000000000000004,0.037,0.03640000000000001,0.036000000000000004,0.0004898979485566326,32,32,2560,10240,51200,False,3744,1
0.061,0.069,0.06661904761904762,0.067,0.001463075380546403,0.019,0.02,0.019100000000000002,0.019,0.00030000000000000024,0.193,0.199,0.1953,0.195,0.0014177446878757838,0.059000000000000004,0.061,0.0605,0.061,0.0005916079783099612,0.07,0.083,0.07625000000000001,0.07650000000000001,0.005584576975922168,0.252,0.267,0.2561,0.255,0.0039610604640676755,0.063,0.066,0.06365000000000001,0.0635,0.0007921489758877437,0.269,0.315,0.29214999999999997,0.29300000000000004,0.022075495464428416,0.036000000000000004,0.037,0.03625000000000001,0.036000000000000004,0.00043301270189221675,32,32,2560,10240,51200,False,3712,1
0.061,0.067,0.06557142857142859,0.066,0.0011780301787479041,0.018000000000000002,0.02,0.019000000000000006,0.019,0.00031622776601683767,0.198,0.202,0.19990000000000002,0.2,0.0011357816691600557,0.059000000000000004,0.062,0.060649999999999996,0.061,0.0008529361054615984,0.069,0.083,0.0758,0.07550000000000001,0.005653317610041026,0.262,0.265,0.26355,0.263,0.0008046738469715547,0.062,0.063,0.0622,0.062,0.00040000000000000034,0.267,0.315,0.29,0.29000000000000004,0.0221314256205966,0.035,0.037,0.03590000000000001,0.036000000000000004,0.0005385164807134495,32,32,2560,10240,51200,False,3680,1
0.061,0.068,0.0660952380952381,0.066,0.001411003084764673,0.018000000000000002,0.02,0.018950000000000005,0.019,0.0004974937185533094,0.197,0.203,0.199,0.199,0.0014832396974191339,0.059000000000000004,0.061,0.059899999999999995,0.06,0.0008306623862918052,0.068,0.082,0.0744,0.07400000000000001,0.005295280917949488,0.261,0.267,0.26295,0.263,0.0012835497652993447,0.061,0.064,0.0618,0.062,0.000748331477354789,0.265,0.316,0.28825,0.2875,0.02223482628670617,0.034,0.037,0.03545000000000001,0.036000000000000004,0.0008046738469715541,32,32,2560,10240,51200,False,3648,1
0.06,0.066,0.06471428571428572,0.065,0.0012399253872658618,0.018000000000000002,0.02,0.018950000000000005,0.019,0.0003840572873934299,0.198,0.203,0.20005,0.2,0.0012031209415515976,0.059000000000000004,0.061,0.05954999999999999,0.0595,0.0005894913061275771,0.069,0.083,0.07585,0.07600000000000001,0.005217997700267793,0.262,0.267,0.26425,0.264,0.0012599603168354163,0.06,0.062,0.06115,0.061,0.0006538348415311016,0.266,0.316,0.29025,0.29000000000000004,0.022999728259264277,0.034,0.036000000000000004,0.03480000000000001,0.035,0.0006782329983125273,32,32,2560,10240,51200,False,3616,1
0.059000000000000004,0.066,0.06419047619047619,0.064,0.0013316315670580533,0.018000000000000002,0.019,0.018600000000000005,0.019,0.0004898979485566344,0.183,0.188,0.185,0.185,0.0013784048752090235,0.057,0.059000000000000004,0.05825000000000001,0.058,0.0005361902647381809,0.069,0.07200000000000001,0.0703,0.07,0.0007810249675906662,0.24,0.256,0.2434,0.243,0.0034698703145794973,0.061,0.063,0.0623,0.062,0.0005567764362830027,0.262,0.31,0.26795,0.264,0.013249433950173112,0.034,0.036000000000000004,0.03480000000000001,0.035,0.0006000000000000006,32,32,2560,10240,51200,False,3584,1
0.058,0.065,0.06342857142857143,0.064,0.001365263922555376,0.018000000000000002,0.019,0.018250000000000006,0.018000000000000002,0.00043301270189221816,0.189,0.193,0.19074999999999998,0.191,0.0008874119674649432,0.057,0.058,0.05775000000000001,0.058,0.0004330127018922197,0.069,0.07100000000000001,0.07,0.07,0.0006324555320336765,0.26,0.264,0.26155,0.2615,0.001023474474522937,0.059000000000000004,0.06,0.05965,0.06,0.00047696960070846994,0.261,0.31,0.27395,0.263,0.019678605133494592,0.034,0.035,0.034350000000000006,0.034,0.0004769696007084732,32,32,2560,10240,51200,False,3552,1
0.057,0.064,0.06271428571428571,0.063,0.0014190156595953656,0.018000000000000002,0.019,0.018200000000000004,0.018000000000000002,0.00039999999999999893,0.187,0.191,0.18850000000000006,0.188,0.0008062257748298556,0.057,0.057,0.056999999999999995,0.057,6.938893903907228e-18,0.068,0.069,0.06860000000000001,0.069,0.0004898979485566361,0.257,0.26,0.25835,0.258,0.0007262919523166982,0.059000000000000004,0.06,0.059149999999999994,0.059000000000000004,0.0003570714214271404,0.259,0.307,0.26715000000000005,0.2605,0.01661708458183925,0.033,0.035,0.03405000000000001,0.034,0.0004974937185533105,32,32,2560,10240,51200,False,3520,1
0.057,0.064,0.0626190476190476,0.063,0.0014630753805464013,0.017,0.018000000000000002,0.017950000000000004,0.018000000000000002,0.00021794494717703385,0.185,0.188,0.18635,0.1865,0.0008529361054615998,0.056,0.057,0.05665,0.057,0.00047696960070847314,0.068,0.07,0.0687,0.069,0.0005567764362830027,0.254,0.257,0.25565,0.256,0.0009630680142129119,0.057,0.059000000000000004,0.058050000000000004,0.058,0.00038405728739343076,0.255,0.303,0.26644999999999996,0.258,0.01792337858775515,0.033,0.035,0.03355000000000001,0.0335,0.0005894913061275802,32,32,2560,10240,51200,False,3488,1
0.056,0.065,0.06314285714285715,0.064,0.001780468485318088,0.018000000000000002,0.019,0.018200000000000004,0.018000000000000002,0.00039999999999999893,0.181,0.187,0.18465000000000004,0.185,0.0013518505834595785,0.056,0.057,0.05620000000000001,0.056,0.0004000000000000003,0.069,0.084,0.07155000000000002,0.07100000000000001,0.0029912372022292046,0.23600000000000002,0.246,0.2408,0.241,0.0018867962264113164,0.059000000000000004,0.061,0.05995,0.06,0.00038405728739342903,0.263,0.31,0.27005,0.264,0.015021567827627043,0.032,0.033,0.032900000000000006,0.033,0.0003000000000000003,32,32,2560,10240,51200,False,3456,1
0.055,0.062,0.06104761904761905,0.061,0.0015267828135125143,0.018000000000000002,0.018000000000000002,0.018000000000000006,0.018000000000000002,3.469446951953614e-18,0.187,0.19,0.18825000000000003,0.188,0.0008291561975888506,0.055,0.057,0.05575,0.056,0.0005361902647381809,0.069,0.081,0.07075000000000001,0.07,0.003284432979982997,0.257,0.26,0.25885,0.259,0.0007262919523166982,0.057,0.058,0.057100000000000005,0.057,0.00030000000000000024,0.259,0.306,0.2696,0.261,0.017842085079945107,0.032,0.034,0.03270000000000001,0.033,0.0005567764362830027,32,32,2560,10240,51200,False,3424,1
0.056,0.062,0.0609047619047619,0.061,0.001230747426982865,0.017,0.018000000000000002,0.017650000000000006,0.018000000000000002,0.0004769696007084733,0.186,0.191,0.18760000000000002,0.1875,0.0010677078252031322,0.055,0.056,0.0551,0.055,0.00030000000000000024,0.068,0.069,0.06870000000000001,0.069,0.0004582575694955844,0.254,0.257,0.25565000000000004,0.256,0.0007262919523166982,0.056,0.057,0.05685,0.057,0.00035707142142714284,0.257,0.303,0.26480000000000004,0.258,0.015648003067484356,0.031,0.034,0.03255000000000001,0.033,0.0006689544080129831,32,32,2560,10240,51200,False,3392,1
0.054,0.062,0.060190476190476204,0.06,0.0017076591501943906,0.017,0.018000000000000002,0.017250000000000005,0.017,0.00043301270189221973,0.186,0.189,0.1871,0.187,0.0008888194417315596,0.054,0.056,0.0546,0.055,0.0005830951894845306,0.069,0.07,0.06950000000000002,0.0695,0.0005000000000000004,0.255,0.258,0.25615000000000004,0.256,0.0010136567466356656,0.056,0.056,0.05600000000000001,0.056,6.938893903907228e-18,0.257,0.305,0.2696,0.26,0.018084247288731693,0.031,0.033,0.03185,0.032,0.0006538348415311016,32,32,2560,10240,51200,False,3360,1
0.053,0.064,0.06028571428571429,0.061,0.001930774755496504,0.017,0.019,0.017300000000000003,0.017,0.0005567764362830021,0.17,0.179,0.17255000000000004,0.17200000000000001,0.0019358460682605912,0.054,0.055,0.05450000000000001,0.0545,0.0005000000000000004,0.061,0.065,0.0619,0.062,0.0008306623862918082,0.227,0.24,0.22969999999999996,0.229,0.00331813200460741,0.057,0.06,0.05785,0.058,0.0007262919523166971,0.221,0.23,0.2232,0.2225,0.002227105745132011,0.031,0.033,0.03180000000000001,0.032,0.0006000000000000006,32,32,2560,10240,51200,False,3328,1
0.052000000000000005,0.061,0.059333333333333335,0.06,0.001781741612749494,0.017,0.018000000000000002,0.017200000000000003,0.017,0.00040000000000000034,0.176,0.18,0.17854999999999996,0.179,0.0009205976319760994,0.053,0.054,0.05395000000000001,0.054,0.00021794494717703385,0.06,0.062,0.06104999999999999,0.061,0.00038405728739343076,0.247,0.251,0.24925000000000003,0.249,0.0009937303457175904,0.055,0.056,0.055700000000000006,0.056,0.0004582575694955844,0.22,0.224,0.22205000000000003,0.222,0.0007399324293474377,0.03,0.032,0.031150000000000004,0.031,0.0004769696007084732,32,32,2560,10240,51200,False,3296,1
0.051000000000000004,0.06,0.05833333333333335,0.059000000000000004,0.0017548119783512642,0.017,0.017,0.017000000000000005,0.017,3.469446951953614e-18,0.17500000000000002,0.178,0.17604999999999998,0.176,0.0007399324293474298,0.053,0.054,0.05355,0.054,0.0004974937185533105,0.06,0.061,0.06015,0.06,0.00035707142142714284,0.243,0.246,0.24435,0.244,0.0008529361054615997,0.054,0.055,0.054849999999999996,0.055,0.00035707142142714284,0.219,0.22,0.21925,0.219,0.0004330127018922198,0.03,0.032,0.030900000000000004,0.031,0.0005385164807134509,32,32,2560,10240,51200,False,3264,1
0.051000000000000004,0.06,0.05819047619047619,0.058,0.0017893613550529455,0.017,0.017,0.017000000000000005,0.017,3.469446951953614e-18,0.17300000000000001,0.178,0.17449999999999996,0.17400000000000002,0.0010723805294763555,0.052000000000000005,0.054,0.05295000000000001,0.053,0.00038405728739342903,0.06,0.061,0.060050000000000006,0.06,0.00021794494717703385,0.241,0.245,0.24299999999999997,0.243,0.0009486832980505147,0.054,0.055,0.05405000000000001,0.054,0.00021794494717703385,0.216,0.218,0.2171,0.217,0.0006244997998398404,0.03,0.032,0.030700000000000005,0.031,0.0006403124237432854,32,32,2560,10240,51200,False,3232,1
0.051000000000000004,0.059000000000000004,0.05747619047619049,0.058,0.001562020901605402,0.016,0.017,0.016750000000000004,0.017,0.00043301270189221973,0.168,0.17200000000000001,0.16940000000000002,0.169,0.0010677078252031322,0.051000000000000004,0.053,0.05215000000000001,0.052000000000000005,0.0004769696007084707,0.062,0.089,0.07344999999999999,0.069,0.010846543228144165,0.221,0.225,0.22280000000000003,0.223,0.0011224972160321835,0.054,0.055,0.0548,0.055,0.0004000000000000004,0.218,0.22,0.21939999999999998,0.219,0.0005830951894845306,0.029,0.031,0.030200000000000005,0.03,0.0005099019513592785,32,32,2560,10240,51200,False,3200,1
0.05,0.059000000000000004,0.0572857142857143,0.058,0.001749635530559413,0.015,0.016,0.015950000000000002,0.016,0.00021794494717703385,0.17500000000000002,0.177,0.176,0.176,0.0006324555320336676,0.051000000000000004,0.052000000000000005,0.05165000000000001,0.052000000000000005,0.0004769696007084733,0.061,0.061,0.060999999999999985,0.061,1.3877787807814457e-17,0.244,0.247,0.24565,0.246,0.0009096702699330135,0.053,0.053,0.053000000000000005,0.053,6.938893903907228e-18,0.217,0.219,0.21774999999999997,0.218,0.0006224949798994371,0.029,0.03,0.029400000000000003,0.029,0.0004898979485566344,32,32,2560,10240,51200,False,3168,1
0.049,0.058,0.05642857142857143,0.057,0.0017612611437054218,0.015,0.016,0.015450000000000002,0.015,0.0004974937185533104,0.17200000000000001,0.176,0.17370000000000002,0.17400000000000002,0.0008426149773176328,0.05,0.052000000000000005,0.051050000000000005,0.051000000000000004,0.00038405728739343076,0.06,0.06,0.06000000000000001,0.06,1.3877787807814457e-17,0.24,0.243,0.24159999999999995,0.242,0.0007348469228349541,0.052000000000000005,0.053,0.052100000000000014,0.052000000000000005,0.0002999999999999982,0.216,0.218,0.21714999999999995,0.217,0.0004769696007084732,0.028,0.03,0.029150000000000002,0.029,0.000476969600708472,32,32,2560,10240,51200,False,3136,1
0.049,0.057,0.05566666666666668,0.056,0.0016134356520092776,0.015,0.016,0.015100000000000002,0.015,0.00030000000000000024,0.17200000000000001,0.177,0.17409999999999998,0.17400000000000002,0.0010908712114635686,0.05,0.051000000000000004,0.05045000000000001,0.05,0.0004974937185533104,0.061,0.061,0.060999999999999985,0.061,1.3877787807814457e-17,0.241,0.243,0.24210000000000004,0.242,0.0007681145747868614,0.051000000000000004,0.052000000000000005,0.05195000000000001,0.052000000000000005,0.00021794494717703385,0.215,0.218,0.21625,0.216,0.0008874119674649433,0.028,0.029,0.028850000000000004,0.029,0.0003570714214271428,32,32,2560,10240,51200,False,3104,1
0.049,0.057,0.055619047619047624,0.056,0.0016468206157895795,0.015,0.016,0.015100000000000002,0.015,0.00030000000000000024,0.156,0.161,0.15750000000000003,0.157,0.001284523257866514,0.05,0.052000000000000005,0.05065000000000001,0.051000000000000004,0.0005722761571129804,0.058,0.081,0.06705,0.0585,0.010892543321006346,0.20800000000000002,0.215,0.21105000000000002,0.211,0.0016575584454250765,0.053,0.054,0.053149999999999996,0.053,0.00035707142142714284,0.217,0.219,0.2172,0.217,0.0005099019513592789,0.028,0.03,0.028350000000000004,0.028,0.0005722761571129798,32,32,2560,10240,51200,False,3072,1
0.048,0.057,0.05485714285714286,0.055,0.001780468485318088,0.015,0.016,0.015050000000000003,0.015,0.00021794494717703385,0.164,0.168,0.16465000000000002,0.1645,0.0009096702699330132,0.049,0.05,0.04960000000000001,0.05,0.000489897948556636,0.057,0.081,0.0654,0.058,0.010627323275406653,0.215,0.218,0.21625,0.216,0.0009420721840708396,0.051000000000000004,0.052000000000000005,0.05145000000000001,0.051000000000000004,0.0004974937185533104,0.216,0.218,0.21695000000000003,0.217,0.0005894913061275804,0.027,0.029,0.028050000000000002,0.028,0.0003840572873934307,32,32,2560,10240,51200,False,3040,1
0.047,0.056,0.054571428571428576,0.055,0.0017880936529065326,0.015,0.016,0.015200000000000002,0.015,0.00040000000000000034,0.161,0.166,0.16345,0.163,0.0011169153951844349,0.048,0.05,0.04900000000000001,0.049,0.0003162277660168382,0.056,0.079,0.06575,0.058,0.010328964130056796,0.214,0.216,0.2152,0.215,0.0006000000000000005,0.051000000000000004,0.052000000000000005,0.05135000000000001,0.051000000000000004,0.0004769696007084732,0.214,0.217,0.2158,0.216,0.0008124038404635969,0.027,0.029,0.02765,0.028,0.0006538348415311016,32,32,2560,10240,51200,False,3008,1
0.046,0.055,0.05371428571428573,0.054,0.001855310451312206,0.015,0.015,0.015000000000000003,0.015,3.469446951953614e-18,0.16,0.162,0.16125,0.161,0.0006224949798994372,0.048,0.049,0.04845000000000001,0.048,0.0004974937185533104,0.056,0.08,0.06715000000000002,0.058,0.011132272903589813,0.21,0.214,0.21185,0.212,0.0012359207094308285,0.05,0.051000000000000004,0.050400000000000014,0.05,0.0004898979485566361,0.212,0.214,0.213,0.213,0.0007745966692414842,0.027,0.028,0.02715,0.027,0.0003570714214271428,32,32,2560,10240,51200,False,2976,1
0.047,0.056,0.053285714285714283,0.053,0.0016078040967746796,0.014,0.016,0.015000000000000003,0.015,0.000316227766016838,0.154,0.161,0.1568,0.156,0.0018867962264113222,0.048,0.049,0.04860000000000001,0.049,0.000489897948556636,0.057,0.081,0.06875,0.0685,0.011361668011344108,0.197,0.216,0.20185,0.2,0.004932291556670183,0.05,0.052000000000000005,0.050900000000000015,0.051000000000000004,0.00043588989435406776,0.214,0.216,0.21515,0.215,0.0005722761571129803,0.026000000000000002,0.027,0.026800000000000008,0.027,0.00039999999999999893,32,32,2560,10240,51200,False,2944,1
0.045,0.054,0.05247619047619049,0.053,0.001762548145078261,0.014,0.015,0.014650000000000002,0.015,0.0004769696007084724,0.161,0.164,0.16235,0.162,0.0008529361054615998,0.047,0.049,0.04765000000000001,0.048,0.0006538348415311016,0.056,0.08,0.06835,0.0685,0.011064696109699533,0.212,0.214,0.21295000000000003,0.213,0.0008046738469715548,0.049,0.05,0.04910000000000001,0.049,0.0003000000000000003,0.213,0.215,0.2136,0.2135,0.0006633249580710806,0.025,0.027,0.026300000000000007,0.026000000000000002,0.0005567764362830012,32,32,2560,10240,51200,False,2912,1
0.045,0.054,0.051857142857142866,0.052000000000000005,0.0016700645635000172,0.014,0.015,0.014350000000000002,0.014,0.0004769696007084724,0.159,0.163,0.16055000000000003,0.1605,0.0009205976319760994,0.047,0.048,0.04710000000000001,0.047,0.0003000000000000003,0.056,0.078,0.06695,0.067,0.010461715920440583,0.21,0.213,0.21149999999999997,0.2115,0.0009219544457292895,0.048,0.049,0.04875000000000001,0.049,0.0004330127018922197,0.212,0.214,0.21230000000000002,0.212,0.0005567764362830027,0.025,0.027,0.025650000000000006,0.026000000000000002,0.00057227615711298,32,32,2560,10240,51200,False,2880,1
0.044,0.054,0.05161904761904762,0.052000000000000005,0.0018381199110113135,0.014,0.015,0.014250000000000002,0.014,0.00043301270189221897,0.159,0.162,0.1609,0.161,0.0008306623862918082,0.046,0.048,0.04680000000000001,0.047,0.000509901951359279,0.056,0.08,0.06820000000000001,0.068,0.010920622692868753,0.21,0.213,0.2118,0.212,0.0009273618495495712,0.047,0.048,0.04775000000000001,0.048,0.0004330127018922197,0.211,0.215,0.2122,0.212,0.0009273618495495713,0.025,0.026000000000000002,0.025200000000000007,0.025,0.00040000000000000034,32,32,2560,10240,51200,False,2848,1
0.044,0.053,0.0510952380952381,0.051000000000000004,0.001715607955681127,0.014,0.015,0.014050000000000002,0.014,0.00021794494717703353,0.14200000000000002,0.151,0.14415000000000003,0.14350000000000002,0.0023081377775167502,0.047,0.048,0.04750000000000001,0.0475,0.0005000000000000004,0.056,0.08,0.068,0.068,0.011018166816671456,0.193,0.198,0.19544999999999998,0.195,0.0012031209415515976,0.048,0.049,0.04810000000000001,0.048,0.0003000000000000003,0.211,0.215,0.21295000000000003,0.213,0.0008046738469715548,0.025,0.026000000000000002,0.025050000000000006,0.025,0.00021794494717703388,32,32,2560,10240,51200,False,2816,1
0.043000000000000003,0.051000000000000004,0.05009523809523811,0.05,0.0016591667990651757,0.014,0.015,0.014100000000000001,0.014,0.00029999999999999976,0.149,0.153,0.15089999999999998,0.151,0.0009433981132056611,0.045,0.047,0.04580000000000001,0.046,0.0005099019513592789,0.056,0.067,0.06044999999999999,0.057,0.004769433928675394,0.20800000000000002,0.21,0.2091,0.209,0.000699999999999992,0.046,0.047,0.046450000000000005,0.046,0.0004974937185533104,0.211,0.212,0.21125,0.211,0.0004330127018922198,0.024,0.026000000000000002,0.024800000000000006,0.025,0.0005099019513592789,32,32,2560,10240,51200,False,2784,1
0.042,0.051000000000000004,0.049476190476190486,0.05,0.0017893613550529466,0.014,0.014,0.014000000000000002,0.014,1.734723475976807e-18,0.148,0.152,0.14909999999999998,0.149,0.0008888194417315596,0.045,0.046,0.04530000000000001,0.045,0.0004582575694955844,0.055,0.066,0.05945,0.056,0.004364344166080398,0.20500000000000002,0.209,0.20675000000000004,0.20650000000000002,0.0011779218989389731,0.046,0.047,0.04615000000000001,0.046,0.0003570714214271428,0.209,0.211,0.2101,0.21,0.0005385164807134509,0.023,0.025,0.023800000000000005,0.024,0.0006000000000000006,32,32,2560,10240,51200,False,2752,1
0.041,0.051000000000000004,0.04890476190476191,0.049,0.001874763779526622,0.014,0.015,0.014050000000000002,0.014,0.00021794494717703353,0.147,0.15,0.14820000000000003,0.148,0.0007483314773547889,0.044,0.046,0.044750000000000005,0.045,0.0005361902647381809,0.055,0.079,0.06605000000000001,0.057,0.011020322136852443,0.203,0.20800000000000002,0.20555000000000004,0.20600000000000002,0.0011169153951844349,0.045,0.046,0.04540000000000001,0.045,0.0004898979485566361,0.20800000000000002,0.21,0.20895000000000002,0.209,0.0004974937185533026,0.023,0.024,0.023250000000000003,0.023,0.00043301270189221973,32,32,2560,10240,51200,False,2720,1
0.041,0.05,0.048619047619047624,0.049,0.001812028341946709,0.014,0.015,0.014050000000000002,0.014,0.00021794494717703353,0.14200000000000002,0.149,0.14520000000000002,0.145,0.0018867962264113114,0.044,0.046,0.04515000000000001,0.045,0.00047696960070847325,0.056,0.08,0.06785,0.0675,0.011363428179911202,0.184,0.199,0.18960000000000002,0.188,0.004662617290749911,0.045,0.048,0.046200000000000005,0.046,0.0006000000000000005,0.21,0.217,0.21175000000000002,0.211,0.0016695807857064016,0.023,0.024,0.023150000000000004,0.023,0.00035707142142714284,32,32,2560,10240,51200,False,2688,1
0.041,0.049,0.04809523809523811,0.048,0.0016591667990651757,0.013000000000000001,0.014,0.013750000000000004,0.014,0.00043301270189221897,0.148,0.151,0.14909999999999998,0.149,0.0008306623862918082,0.043000000000000003,0.044,0.043550000000000005,0.044,0.0004974937185533069,0.056,0.079,0.06755,0.0675,0.010961181505658958,0.189,0.192,0.18995,0.19,0.0006689544080129831,0.045,0.046,0.045250000000000005,0.045,0.0004330127018922198,0.209,0.21,0.20965000000000003,0.21,0.00047696960070847325,0.023,0.024,0.023200000000000005,0.023,0.0004000000000000003,32,32,2560,10240,51200,False,2656,1
0.04,0.049,0.04752380952380954,0.048,0.0018157786633273922,0.013000000000000001,0.014,0.013700000000000004,0.014,0.00045825756949558356,0.146,0.15,0.1475,0.147,0.0009746794344808972,0.042,0.043000000000000003,0.04295000000000001,0.043000000000000003,0.00021794494717703385,0.055,0.077,0.06520000000000001,0.056,0.010481412118603102,0.187,0.19,0.18875,0.189,0.0009420721840708395,0.044,0.045,0.044750000000000005,0.045,0.0004330127018922197,0.20800000000000002,0.21,0.20840000000000006,0.20800000000000002,0.0005830951894845182,0.022,0.023,0.022750000000000003,0.023,0.00043301270189221973,32,32,2560,10240,51200,False,2624,1
0.039,0.05,0.04738095238095239,0.048,0.0020348438684972855,0.013000000000000001,0.014,0.013650000000000004,0.014,0.00047696960070847243,0.147,0.15,0.14795000000000003,0.148,0.0007399324293474378,0.041,0.043000000000000003,0.04195000000000001,0.042,0.00038405728739343076,0.055,0.078,0.06675,0.067,0.010769749300703336,0.187,0.19,0.18835000000000002,0.188,0.0009630680142129119,0.044,0.044,0.044000000000000004,0.044,6.938893903907228e-18,0.20700000000000002,0.21,0.2083,0.20800000000000002,0.0007141428428542742,0.021,0.023,0.021500000000000002,0.021,0.0007416198487095655,32,32,2560,10240,51200,False,2592,1
0.039,0.048,0.046666666666666676,0.047,0.0018082702424807163,0.013000000000000001,0.014,0.013500000000000003,0.013500000000000002,0.0004999999999999995,0.138,0.14100000000000001,0.1393,0.139,0.0010535653752852749,0.041,0.043000000000000003,0.04195000000000001,0.042,0.00038405728739343076,0.055,0.058,0.056100000000000004,0.056,0.0007681145747868615,0.18,0.185,0.18219999999999997,0.182,0.0012884098726725138,0.044,0.045,0.044300000000000006,0.044,0.0004582575694955844,0.21,0.215,0.2118,0.211,0.0016000000000000014,0.021,0.022,0.021450000000000004,0.021,0.0004974937185533087,32,32,2560,10240,51200,False,2560,1
0.038,0.047,0.04538095238095239,0.046,0.0017313960916855089,0.013000000000000001,0.014,0.013200000000000003,0.013000000000000001,0.00039999999999999964,0.137,0.14,0.13784999999999997,0.138,0.0007262919523166982,0.041,0.042,0.04145000000000001,0.041,0.0004974937185533104,0.055,0.057,0.0558,0.056,0.000509901951359279,0.192,0.195,0.19345000000000004,0.1935,0.0010712142642814284,0.042,0.043000000000000003,0.04220000000000001,0.042,0.0004000000000000003,0.209,0.211,0.20949999999999996,0.209,0.0005916079783099622,0.02,0.022,0.021,0.021,0.0003162277660168377,32,32,2560,10240,51200,False,2528,1
0.038,0.046,0.04538095238095239,0.046,0.0017036708399998399,0.013000000000000001,0.014,0.013150000000000004,0.013000000000000001,0.0003570714214271422,0.134,0.138,0.13615000000000002,0.136,0.0008529361054615997,0.04,0.042,0.041150000000000006,0.041,0.0004769696007084732,0.054,0.056,0.05535000000000001,0.055,0.0006538348415311016,0.191,0.194,0.1922,0.192,0.0008717797887081355,0.042,0.042,0.04200000000000001,0.042,6.938893903907228e-18,0.20800000000000002,0.21,0.2088,0.209,0.000509901951359268,0.02,0.022,0.020900000000000002,0.021,0.0004358898943540674,32,32,2560,10240,51200,False,2496,1
0.038,0.046,0.044428571428571435,0.045,0.0015605685341118036,0.013000000000000001,0.014,0.013100000000000004,0.013000000000000001,0.00029999999999999976,0.134,0.137,0.13530000000000003,0.135,0.0007810249675906661,0.04,0.041,0.04055000000000001,0.041,0.0004974937185533104,0.054,0.056,0.05525000000000001,0.055,0.0006224949798994372,0.19,0.192,0.19079999999999997,0.191,0.0008124038404635967,0.041,0.042,0.04110000000000001,0.041,0.0003000000000000003,0.20800000000000002,0.209,0.20820000000000002,0.20800000000000002,0.0003999999999999892,0.02,0.021,0.020150000000000005,0.02,0.00035707142142714284,32,32,2560,10240,51200,False,2464,1
0.037,0.046,0.04438095238095239,0.045,0.001731396091685509,0.013000000000000001,0.013000000000000001,0.013000000000000003,0.013000000000000001,1.734723475976807e-18,0.131,0.137,0.13350000000000004,0.133,0.0016881943016134146,0.04,0.042,0.04095000000000001,0.041,0.0004974937185533104,0.049,0.062,0.0558,0.056,0.005662155066756824,0.171,0.182,0.1749,0.17400000000000002,0.0032695565448543546,0.041,0.042,0.04190000000000001,0.042,0.0003000000000000003,0.196,0.246,0.21944999999999998,0.21750000000000003,0.021576549770526327,0.019,0.021,0.019350000000000003,0.019,0.0005722761571129803,32,32,2560,10240,51200,False,2432,1
0.036000000000000004,0.045,0.043523809523809534,0.044,0.0018157786633273905,0.013000000000000001,0.013000000000000001,0.013000000000000003,0.013000000000000001,1.734723475976807e-18,0.135,0.138,0.13590000000000005,0.136,0.0007000000000000005,0.039,0.04,0.03950000000000001,0.0395,0.0005000000000000004,0.051000000000000004,0.063,0.05600000000000001,0.0545,0.004658325879540845,0.166,0.178,0.1727,0.17200000000000001,0.0034073450074801575,0.041,0.042,0.04135000000000001,0.041,0.0004769696007084732,0.196,0.243,0.2109,0.2025,0.015788920165736478,0.019,0.02,0.019100000000000002,0.019,0.00030000000000000024,32,32,2560,10240,51200,False,2400,1
0.035,0.044,0.04257142857142858,0.043000000000000003,0.0017880936529065317,0.013000000000000001,0.013000000000000001,0.013000000000000003,0.013000000000000001,1.734723475976807e-18,0.133,0.136,0.13394999999999999,0.134,0.0007399324293474377,0.039,0.04,0.03925000000000001,0.039,0.0004330127018922198,0.052000000000000005,0.063,0.05635000000000001,0.0535,0.004210403781111736,0.171,0.186,0.18015,0.1805,0.003553519382246282,0.04,0.041,0.04025000000000001,0.04,0.00043301270189221973,0.198,0.242,0.21015,0.20700000000000002,0.011520742163593448,0.019,0.019,0.019000000000000003,0.019,3.469446951953614e-18,32,32,2560,10240,51200,False,2368,1
0.035,0.044,0.04290476190476191,0.043000000000000003,0.0018232561637215843,0.012,0.013000000000000001,0.012750000000000003,0.013000000000000001,0.0004330127018922198,0.133,0.136,0.1347,0.135,0.0006403124237432854,0.038,0.039,0.03875000000000001,0.039,0.0004330127018922197,0.051000000000000004,0.065,0.058199999999999995,0.059,0.005230678732248808,0.17,0.188,0.17925,0.179,0.0041094403511913865,0.039,0.04,0.039650000000000005,0.04,0.0004769696007084733,0.201,0.251,0.2258,0.22599999999999998,0.020725829295832766,0.019,0.019,0.019000000000000003,0.019,3.469446951953614e-18,32,32,2560,10240,51200,False,2336,1
0.035,0.044,0.0420952380952381,0.042,0.001770250504327724,0.012,0.013000000000000001,0.012950000000000003,0.013000000000000001,0.00021794494717703385,0.125,0.127,0.12564999999999998,0.126,0.0006538348415311017,0.037,0.039,0.038250000000000006,0.038,0.0005361902647381809,0.044,0.056,0.050050000000000004,0.0505,0.0053802880963755104,0.157,0.166,0.16045,0.16,0.002268810260907688,0.04,0.041,0.04020000000000001,0.04,0.0004000000000000003,0.162,0.209,0.18360000000000004,0.165,0.021585643377022613,0.018000000000000002,0.019,0.018700000000000005,0.019,0.0004582575694955828,32,32,2560,10240,51200,False,2304,1
0.034,0.043000000000000003,0.04176190476190477,0.042,0.0018747637795266218,0.012,0.013000000000000001,0.012850000000000004,0.013000000000000001,0.0003570714214271428,0.123,0.126,0.12450000000000001,0.124,0.0007416198487095669,0.037,0.038,0.037750000000000006,0.038,0.0004330127018922197,0.044,0.055,0.049650000000000014,0.0495,0.004871088174114692,0.161,0.165,0.16275,0.163,0.0011346805717910228,0.039,0.039,0.03900000000000001,0.039,6.938893903907228e-18,0.161,0.20700000000000002,0.184,0.184,0.02171405075060847,0.017,0.019,0.018300000000000004,0.018000000000000002,0.0005567764362830012,32,32,2560,10240,51200,False,2272,1
0.034,0.043000000000000003,0.04100000000000001,0.041,0.0016903085094570334,0.012,0.013000000000000001,0.012900000000000003,0.013000000000000001,0.00030000000000000024,0.122,0.127,0.12395,0.124,0.001023474474522937,0.037,0.038,0.03760000000000001,0.038,0.000489897948556636,0.044,0.054,0.04915000000000001,0.049,0.004373499742768942,0.16,0.166,0.1618,0.162,0.0011661903789690613,0.038,0.039,0.038650000000000004,0.039,0.00047696960070847325,0.161,0.203,0.18214999999999998,0.182,0.020654963083966048,0.017,0.019,0.018000000000000006,0.018000000000000002,0.0007071067811865469,32,32,2560,10240,51200,False,2240,1
0.033,0.043000000000000003,0.04061904761904763,0.041,0.0018381199110113129,0.012,0.013000000000000001,0.012850000000000004,0.013000000000000001,0.0003570714214271428,0.122,0.124,0.12279999999999998,0.123,0.000748331477354789,0.036000000000000004,0.038,0.037000000000000005,0.037,0.0003162277660168371,0.044,0.056,0.04970000000000001,0.0495,0.005225897052181569,0.159,0.162,0.1601,0.16,0.0008888194417315598,0.037,0.038,0.037700000000000004,0.038,0.00045825756949558437,0.159,0.20500000000000002,0.18155000000000002,0.1815,0.022157335128575373,0.017,0.018000000000000002,0.017250000000000005,0.017,0.00043301270189221973,32,32,2560,10240,51200,False,2208,1
0.033,0.041,0.03985714285714287,0.04,0.0016413036132965795,0.012,0.013000000000000001,0.012600000000000004,0.013000000000000001,0.0004898979485566361,0.12,0.126,0.1222,0.122,0.0018055470085267804,0.037,0.038,0.03730000000000001,0.037,0.0004582575694955844,0.044,0.056,0.04940000000000001,0.049,0.005425863986500216,0.155,0.161,0.1576,0.1575,0.0020099751242241798,0.037,0.038,0.037450000000000004,0.037,0.0004974937185533104,0.161,0.20600000000000002,0.18325000000000002,0.1835,0.02186063814256117,0.017,0.018000000000000002,0.017100000000000004,0.017,0.00030000000000000024,32,32,2560,10240,51200,False,2176,1
0.032,0.041,0.039095238095238107,0.039,0.0016876233473018427,0.012,0.013000000000000001,0.012450000000000003,0.012,0.0004974937185533104,0.12,0.126,0.12275,0.122,0.0016085707942145426,0.036000000000000004,0.038,0.037050000000000013,0.037,0.000497493718553309,0.044,0.056,0.049650000000000014,0.0495,0.004881342028581894,0.159,0.163,0.16050000000000003,0.161,0.0009219544457292896,0.036000000000000004,0.037,0.03670000000000001,0.037,0.00045825756949558123,0.159,0.20600000000000002,0.18215,0.182,0.022064167783988595,0.017,0.018000000000000002,0.017100000000000004,0.017,0.00030000000000000024,32,32,2560,10240,51200,False,2144,1
0.032,0.04,0.03895238095238096,0.039,0.0016176464525202883,0.012,0.013000000000000001,0.012450000000000003,0.012,0.0004974937185533104,0.125,0.13,0.12669999999999998,0.126,0.001646207763315434,0.035,0.037,0.03590000000000001,0.036000000000000004,0.00043588989435406684,0.043000000000000003,0.054,0.04825000000000001,0.048,0.004887484015319128,0.158,0.16,0.15869999999999998,0.1585,0.0007810249675906661,0.036000000000000004,0.036000000000000004,0.03600000000000001,0.036000000000000004,6.938893903907228e-18,0.158,0.20400000000000001,0.18009999999999998,0.1795,0.021323461257497577,0.016,0.017,0.016950000000000003,0.017,0.00021794494717703385,32,32,2560,10240,51200,False,2112,1
0.032,0.039,0.038095238095238106,0.038,0.0014443572274383902,0.012,0.013000000000000001,0.012250000000000002,0.012,0.0004330127018922198,0.121,0.124,0.12204999999999999,0.122,0.0006689544080129831,0.033,0.035,0.03415000000000001,0.034,0.0005722761571129803,0.044,0.055,0.04940000000000001,0.049,0.004831148931672466,0.158,0.162,0.15960000000000002,0.16,0.0009695359714832668,0.035,0.036000000000000004,0.035100000000000006,0.035,0.00030000000000000024,0.158,0.203,0.18070000000000003,0.1805,0.021312203077110545,0.016,0.017,0.016650000000000005,0.017,0.0004769696007084733,32,32,2560,10240,51200,False,2080,1
0.031,0.038,0.037238095238095244,0.038,0.0014769583256448399,0.012,0.013000000000000001,0.012200000000000003,0.012,0.00040000000000000034,0.111,0.115,0.11245000000000001,0.112,0.0008046738469715547,0.033,0.035,0.03405000000000001,0.034,0.0004974937185533105,0.043000000000000003,0.045,0.044500000000000005,0.045,0.0005916079783099613,0.14400000000000002,0.152,0.1472,0.147,0.002158703314492286,0.035,0.036000000000000004,0.03575000000000001,0.036000000000000004,0.0004330127018922197,0.158,0.162,0.1603,0.1605,0.0009539392014169465,0.016,0.017,0.016800000000000002,0.017,0.00040000000000000034,32,32,2560,10240,51200,False,2048,1
0.031,0.04,0.03785714285714287,0.038,0.0017535192990020927,0.012,0.013000000000000001,0.012150000000000003,0.012,0.0003570714214271428,0.111,0.114,0.11210000000000002,0.112,0.0008306623862918082,0.033,0.035,0.03400000000000001,0.034,0.0003162277660168382,0.043000000000000003,0.044,0.04365000000000001,0.044,0.00047696960070846994,0.145,0.154,0.14865,0.1485,0.00281558164506022,0.035,0.036000000000000004,0.03530000000000001,0.035,0.0004582575694955844,0.159,0.161,0.15944999999999998,0.159,0.0006689544080129832,0.015,0.017,0.016300000000000002,0.016,0.0005567764362830027,32,32,2560,10240,51200,False,2048,1
0.031,0.038,0.03700000000000001,0.037,0.001414213562373095,0.012,0.013000000000000001,0.012150000000000003,0.012,0.0003570714214271428,0.109,0.113,0.11055,0.111,0.0008645808232895299,0.033,0.035,0.03380000000000001,0.034,0.000509901951359279,0.042,0.044,0.043250000000000004,0.043000000000000003,0.0006224949798994342,0.146,0.15,0.14694999999999997,0.147,0.0008645808232895299,0.034,0.035,0.03450000000000001,0.0345,0.0005000000000000006,0.157,0.16,0.1583,0.158,0.0009000000000000007,0.016,0.017,0.016150000000000005,0.016,0.00035707142142714284,32,32,2560,10240,51200,False,2032,1
0.03,0.039,0.03723809523809525,0.037,0.0017431433540688694,0.012,0.013000000000000001,0.012050000000000002,0.012,0.00021794494717703388,0.109,0.112,0.11025,0.11,0.0007664854858377953,0.033,0.034,0.033600000000000005,0.034,0.0004898979485566361,0.043000000000000003,0.044,0.043500000000000004,0.0435,0.0004999999999999969,0.14400000000000002,0.149,0.14599999999999996,0.146,0.000999999999999998,0.034,0.035,0.034100000000000005,0.034,0.00030000000000000024,0.156,0.159,0.15765,0.158,0.0008529361054615998,0.016,0.017,0.016200000000000003,0.016,0.00040000000000000034,32,32,2560,10240,51200,False,2016,1
0.03,0.038,0.03642857142857144,0.037,0.001590789817951434,0.012,0.013000000000000001,0.012100000000000003,0.012,0.00030000000000000024,0.11,0.114,0.11140000000000001,0.111,0.0009165151389911687,0.033,0.034,0.033150000000000006,0.033,0.00035707142142714284,0.043000000000000003,0.044,0.043550000000000005,0.044,0.0004974937185533069,0.146,0.15,0.1473,0.147,0.0008426149773176368,0.034,0.035,0.034100000000000005,0.034,0.00030000000000000024,0.157,0.159,0.15819999999999998,0.158,0.0006782329983125274,0.016,0.016,0.016000000000000004,0.016,3.469446951953614e-18,32,32,2560,10240,51200,False,2000,1
0.03,0.037,0.03638095238095239,0.037,0.001495268425534055,0.012,0.012,0.012000000000000002,0.012,1.734723475976807e-18,0.11,0.113,0.11120000000000001,0.111,0.000748331477354789,0.032,0.034,0.03300000000000001,0.033,0.00044721359549995833,0.043000000000000003,0.055,0.044050000000000006,0.043000000000000003,0.002578274616870747,0.146,0.15,0.14689999999999998,0.147,0.000994987437106621,0.033,0.034,0.033900000000000007,0.034,0.0003000000000000003,0.157,0.159,0.15844999999999995,0.159,0.0006689544080129832,0.015,0.016,0.015750000000000004,0.016,0.00043301270189221973,32,32,2560,10240,51200,False,1984,1
0.03,0.037,0.0361904761904762,0.036000000000000004,0.0014677176197545176,0.012,0.013000000000000001,0.012200000000000003,0.012,0.00040000000000000034,0.109,0.112,0.11015,0.11,0.0007921489758877436,0.032,0.033,0.03275000000000001,0.033,0.0004330127018922197,0.042,0.044,0.0432,0.043000000000000003,0.0006782329983125246,0.145,0.148,0.14579999999999999,0.146,0.0008717797887081355,0.033,0.034,0.033100000000000004,0.033,0.00030000000000000024,0.155,0.159,0.15689999999999998,0.157,0.001044030650891056,0.015,0.016,0.015600000000000003,0.016,0.0004898979485566361,32,32,2560,10240,51200,False,1968,1
0.03,0.038,0.03604761904761906,0.036000000000000004,0.0014952684255340552,0.012,0.013000000000000001,0.012050000000000002,0.012,0.0002179449471770339,0.109,0.112,0.11015000000000001,0.11,0.0007921489758877438,0.032,0.033,0.032400000000000005,0.032,0.000489897948556636,0.043000000000000003,0.044,0.043500000000000004,0.0435,0.0004999999999999969,0.145,0.15,0.14594999999999997,0.146,0.0010712142642814284,0.033,0.033,0.03300000000000001,0.033,6.938893903907228e-18,0.156,0.159,0.1574,0.157,0.0006633249580710806,0.015,0.016,0.015350000000000003,0.015,0.00047696960070847314,32,32,2560,10240,51200,False,1952,1
0.029,0.037,0.03557142857142858,0.036000000000000004,0.0015907898179514349,0.012,0.013000000000000001,0.012050000000000002,0.012,0.0002179449471770339,0.11,0.114,0.11165000000000003,0.112,0.001061838029079766,0.031,0.033,0.032100000000000004,0.032,0.0005385164807134509,0.043000000000000003,0.045,0.044000000000000004,0.044,0.0007071067811865458,0.147,0.152,0.14799999999999996,0.148,0.0010954451150103333,0.032,0.033,0.03295000000000001,0.033,0.00021794494717703385,0.158,0.161,0.15940000000000001,0.159,0.0008602325267042635,0.015,0.017,0.015400000000000002,0.015,0.0005830951894845304,32,32,2560,10240,51200,False,1936,1
0.029,0.036000000000000004,0.03523809523809525,0.036000000000000004,0.0014769583256448407,0.012,0.013000000000000001,0.012200000000000003,0.012,0.00040000000000000034,0.107,0.113,0.10890000000000002,0.109,0.0013747727084867532,0.032,0.033,0.03275000000000001,0.033,0.0004330127018922197,0.043000000000000003,0.044,0.04345,0.043000000000000003,0.000497493718553307,0.136,0.14100000000000001,0.13720000000000002,0.137,0.001029563014098701,0.033,0.034,0.033150000000000006,0.033,0.00035707142142714284,0.158,0.161,0.15879999999999997,0.159,0.0008717797887081355,0.015,0.016,0.015200000000000002,0.015,0.00040000000000000034,32,32,2560,10240,51200,False,1920,1
0.029,0.036000000000000004,0.03504761904761906,0.035,0.0014630753805464024,0.012,0.012,0.012000000000000002,0.012,1.734723475976807e-18,0.105,0.113,0.10890000000000002,0.109,0.0018411952639521983,0.032,0.033,0.03245000000000001,0.032,0.0004974937185533104,0.042,0.044,0.043100000000000006,0.043000000000000003,0.0007681145747868587,0.135,0.14200000000000002,0.13645000000000002,0.136,0.0014654350889752859,0.032,0.033,0.032850000000000004,0.033,0.00035707142142714284,0.156,0.159,0.15755,0.158,0.0007399324293474378,0.015,0.016,0.015200000000000002,0.015,0.00040000000000000034,32,32,2560,10240,51200,False,1904,1
0.029,0.036000000000000004,0.03457142857142858,0.035,0.00132992762321609,0.012,0.012,0.012000000000000002,0.012,1.734723475976807e-18,0.108,0.115,0.11040000000000001,0.11,0.0020099751242241798,0.031,0.033,0.03225000000000001,0.032,0.0005361902647381809,0.042,0.044,0.04340000000000001,0.043000000000000003,0.0005830951894845273,0.134,0.139,0.1352,0.135,0.0010770329614269018,0.032,0.033,0.032100000000000004,0.032,0.00030000000000000024,0.155,0.158,0.1562,0.156,0.0006000000000000005,0.015,0.016,0.015100000000000002,0.015,0.00030000000000000024,32,32,2560,10240,51200,False,1888,1
0.028,0.036000000000000004,0.03400000000000001,0.034,0.0014474937289114924,0.012,0.012,0.012000000000000002,0.012,1.734723475976807e-18,0.108,0.11900000000000001,0.11270000000000002,0.1125,0.0023685438564654045,0.031,0.033,0.03180000000000001,0.032,0.000509901951359279,0.043000000000000003,0.044,0.04345,0.043000000000000003,0.000497493718553307,0.135,0.14,0.13650000000000004,0.1365,0.001161895003862226,0.032,0.033,0.032400000000000005,0.032,0.000489897948556636,0.156,0.159,0.15764999999999998,0.1575,0.0008529361054615998,0.015,0.015,0.015000000000000003,0.015,3.469446951953614e-18,32,32,2560,10240,51200,False,1872,1
0.028,0.036000000000000004,0.0341904761904762,0.034,0.0014998110236212983,0.011,0.012,0.011950000000000002,0.012,0.00021794494717703385,0.112,0.12,0.11455,0.114,0.0022242976419535225,0.031,0.032,0.0316,0.032,0.0004898979485566361,0.043000000000000003,0.044,0.04345,0.043000000000000003,0.000497493718553307,0.134,0.139,0.13564999999999997,0.1355,0.0010136567466356656,0.032,0.032,0.03200000000000001,0.032,6.938893903907228e-18,0.157,0.159,0.15804999999999997,0.158,0.0007399324293474378,0.015,0.016,0.015050000000000003,0.015,0.00021794494717703385,32,32,2560,10240,51200,False,1856,1
0.028,0.035,0.03385714285714286,0.034,0.0013899542399358502,0.011,0.012,0.011950000000000002,0.012,0.00021794494717703385,0.109,0.116,0.11270000000000002,0.1125,0.001873499399519521,0.031,0.032,0.03175000000000001,0.032,0.0004330127018922197,0.042,0.044,0.04295,0.043000000000000003,0.000497493718553309,0.134,0.14,0.13540000000000002,0.135,0.0013190905958272933,0.031,0.032,0.031450000000000006,0.031,0.0004974937185533104,0.155,0.157,0.15594999999999998,0.156,0.0008046738469715548,0.014,0.015,0.014950000000000001,0.015,0.00021794494717703347,32,32,2560,10240,51200,False,1840,1
0.028,0.035,0.033619047619047625,0.034,0.0013619380615309618,0.011,0.012,0.011850000000000003,0.012,0.00035707142142714284,0.114,0.124,0.11855000000000002,0.11800000000000001,0.0025194245374688213,0.03,0.031,0.030550000000000004,0.031,0.0004974937185533105,0.042,0.044,0.043050000000000005,0.043000000000000003,0.0005894913061275782,0.133,0.139,0.13504999999999998,0.135,0.0012031209415515973,0.031,0.031,0.031000000000000007,0.031,6.938893903907228e-18,0.156,0.158,0.15695,0.157,0.0004974937185533105,0.014,0.015,0.014650000000000002,0.015,0.0004769696007084724,32,32,2560,10240,51200,False,1824,1
0.028,0.035,0.033380952380952386,0.034,0.001326513169255631,0.011,0.012,0.011950000000000002,0.012,0.00021794494717703385,0.11,0.113,0.11125000000000003,0.111,0.0006982120021884477,0.03,0.031,0.030500000000000006,0.0305,0.0005000000000000004,0.043000000000000003,0.044,0.04360000000000001,0.044,0.0004898979485566326,0.136,0.14200000000000002,0.13720000000000002,0.137,0.0012884098726725134,0.031,0.032,0.031100000000000006,0.031,0.00030000000000000024,0.157,0.16,0.15860000000000002,0.159,0.0008000000000000007,0.014,0.015,0.014250000000000002,0.014,0.00043301270189221897,32,32,2560,10240,51200,False,1808,1
0.027,0.034,0.033142857142857154,0.033,0.001456862718169368,0.011,0.012,0.011650000000000002,0.012,0.00047696960070847325,0.098,0.1,0.0988,0.099,0.0005099019513592789,0.03,0.031,0.030100000000000005,0.03,0.00030000000000000024,0.043000000000000003,0.044,0.04345,0.043000000000000003,0.000497493718553307,0.131,0.136,0.13315000000000002,0.133,0.0014924811556599313,0.03,0.032,0.030950000000000005,0.031,0.00038405728739343076,0.157,0.159,0.1577,0.158,0.0007141428428542857,0.014,0.015,0.014150000000000001,0.014,0.00035707142142714214,32,32,2560,10240,51200,False,1792,1
0.027,0.034,0.032904761904761916,0.033,0.0014110030847646726,0.011,0.012,0.011800000000000001,0.012,0.00040000000000000034,0.096,0.1,0.09740000000000001,0.097,0.0008000000000000007,0.029,0.031,0.030150000000000003,0.03,0.0004769696007084728,0.042,0.044,0.04290000000000001,0.043000000000000003,0.0005385164807134495,0.131,0.136,0.1322,0.132,0.0010770329614269018,0.03,0.031,0.030050000000000004,0.03,0.00021794494717703388,0.156,0.158,0.1567,0.157,0.0007141428428542857,0.014,0.015,0.014100000000000001,0.014,0.00029999999999999976,32,32,2560,10240,51200,False,1776,1
0.027,0.034,0.032619047619047624,0.033,0.0013619380615309618,0.011,0.012,0.011600000000000003,0.012,0.0004898979485566361,0.097,0.099,0.0975,0.097,0.0006708203932499375,0.029,0.031,0.029800000000000004,0.03,0.0005099019513592776,0.043000000000000003,0.053,0.044050000000000006,0.044,0.002108909670896313,0.131,0.134,0.13215000000000002,0.132,0.0008529361054615998,0.029,0.03,0.029300000000000003,0.029,0.0004582575694955828,0.155,0.158,0.15625,0.156,0.0008291561975888506,0.014,0.015,0.014150000000000001,0.014,0.00035707142142714214,32,32,2560,10240,51200,False,1760,1
0.027,0.034,0.032380952380952385,0.033,0.001326513169255631,0.011,0.013000000000000001,0.011700000000000002,0.012,0.0005567764362830027,0.097,0.1,0.09870000000000001,0.099,0.0007141428428542857,0.029,0.03,0.029800000000000004,0.03,0.000399999999999999,0.043000000000000003,0.044,0.043500000000000004,0.0435,0.0004999999999999969,0.132,0.136,0.13340000000000002,0.133,0.0009165151389911687,0.029,0.03,0.029450000000000004,0.029,0.0004974937185533087,0.157,0.159,0.15819999999999998,0.158,0.0007483314773547889,0.014,0.015,0.014050000000000002,0.014,0.00021794494717703353,32,32,2560,10240,51200,False,1744,1
0.026000000000000002,0.033,0.031666666666666676,0.032,0.0013569339855976192,0.011,0.012,0.011700000000000002,0.012,0.0004582575694955844,0.097,0.1,0.09815,0.098,0.0007921489758877436,0.029,0.03,0.029350000000000005,0.029,0.00047696960070847157,0.043000000000000003,0.044,0.04345,0.043000000000000003,0.000497493718553307,0.132,0.137,0.1328,0.133,0.0011224972160321835,0.029,0.03,0.029100000000000004,0.029,0.0002999999999999992,0.157,0.159,0.1576,0.1575,0.0006633249580710806,0.014,0.015,0.014150000000000001,0.014,0.00035707142142714214,32,32,2560,10240,51200,False,1728,1
0.026000000000000002,0.033,0.031904761904761915,0.032,0.0014110030847646717,0.011,0.012,0.011400000000000002,0.011,0.000489897948556636,0.095,0.1,0.09670000000000001,0.097,0.0009539392014169465,0.029,0.03,0.029250000000000005,0.029,0.0004330127018922182,0.042,0.044,0.04290000000000001,0.043000000000000003,0.0006244997998398386,0.13,0.135,0.13140000000000002,0.131,0.0010198039027185578,0.028,0.029,0.028850000000000004,0.029,0.0003570714214271428,0.155,0.158,0.1559,0.156,0.0007000000000000006,0.013000000000000001,0.015,0.014000000000000002,0.014,0.0003162277660168377,32,32,2560,10240,51200,False,1712,1
0.026000000000000002,0.032,0.03157142857142858,0.032,0.0012936264483053449,0.011,0.012,0.011750000000000002,0.012,0.0004330127018922198,0.096,0.098,0.09755,0.098,0.0005894913061275802,0.028,0.03,0.028950000000000004,0.029,0.00038405728739343033,0.043000000000000003,0.055,0.04395,0.043000000000000003,0.0025782746168707474,0.13,0.135,0.13200000000000006,0.132,0.0011832159566199242,0.028,0.029,0.028300000000000002,0.028,0.0004582575694955844,0.155,0.158,0.15675,0.157,0.0008291561975888506,0.013000000000000001,0.015,0.014000000000000002,0.014,0.0003162277660168377,32,32,2560,10240,51200,False,1696,1
0.026000000000000002,0.032,0.031047619047619053,0.031,0.0012140522651411388,0.011,0.012,0.011250000000000001,0.011,0.0004330127018922198,0.097,0.1,0.0986,0.099,0.0006633249580710806,0.028,0.03,0.028800000000000003,0.029,0.0005999999999999998,0.043000000000000003,0.044,0.043550000000000005,0.044,0.0004974937185533069,0.132,0.137,0.1336,0.134,0.0010198039027185578,0.028,0.029,0.028250000000000004,0.028,0.00043301270189221973,0.157,0.161,0.1586,0.1585,0.0008602325267042635,0.013000000000000001,0.014,0.013900000000000004,0.014,0.00029999999999999976,32,32,2560,10240,51200,False,1680,1
0.026000000000000002,0.032,0.030666666666666672,0.031,0.0011683661091795518,0.011,0.012,0.011250000000000001,0.011,0.0004330127018922198,0.095,0.101,0.0976,0.0975,0.001907878402833893,0.029,0.031,0.029500000000000005,0.029,0.0005916079783099605,0.037,0.039,0.038000000000000006,0.038,0.00044721359549995833,0.122,0.13,0.12580000000000002,0.125,0.002158703314492292,0.029,0.03,0.029050000000000003,0.029,0.00021794494717703315,0.136,0.14,0.1383,0.138,0.0014177446878757838,0.013000000000000001,0.014,0.013950000000000004,0.014,0.00021794494717703353,32,32,2560,10240,51200,False,1664,1
0.025,0.032,0.030714285714285722,0.031,0.0013502330360721736,0.011,0.012,0.011200000000000002,0.011,0.00040000000000000034,0.094,0.10200000000000001,0.09705,0.097,0.0020609463845524967,0.029,0.03,0.029250000000000005,0.029,0.0004330127018922182,0.038,0.039,0.038250000000000006,0.038,0.00043301270189221973,0.123,0.129,0.12610000000000002,0.1265,0.001670329308849008,0.028,0.029,0.028450000000000003,0.028,0.0004974937185533104,0.136,0.14200000000000002,0.13865,0.1385,0.0012359207094308285,0.013000000000000001,0.014,0.013500000000000003,0.013500000000000002,0.0004999999999999995,32,32,2560,10240,51200,False,1648,1
0.025,0.031,0.030476190476190483,0.031,0.0012953781436890897,0.011,0.012,0.011100000000000002,0.011,0.00030000000000000024,0.097,0.10300000000000001,0.09945000000000001,0.099,0.0014654350889752856,0.028,0.029,0.028800000000000003,0.029,0.00040000000000000034,0.038,0.04,0.039200000000000006,0.039,0.000748331477354789,0.124,0.132,0.1275,0.127,0.002037154878746338,0.028,0.029,0.028100000000000003,0.028,0.00030000000000000024,0.138,0.14,0.13900000000000004,0.139,0.0007745966692414842,0.012,0.014,0.013300000000000003,0.013000000000000001,0.000556776436283002,32,32,2560,10240,51200,False,1632,1
0.025,0.031,0.02995238095238096,0.03,0.0011741740958036144,0.011,0.012,0.011100000000000002,0.011,0.00030000000000000024,0.099,0.108,0.10170000000000001,0.101,0.002304343724360581,0.027,0.029,0.027950000000000003,0.028,0.0005894913061275802,0.04,0.042,0.040650000000000006,0.041,0.0005722761571129804,0.127,0.137,0.1312,0.1315,0.0025219040425837006,0.027,0.028,0.027950000000000003,0.028,0.00021794494717703385,0.14200000000000002,0.148,0.14500000000000002,0.145,0.0016124515496597003,0.012,0.014,0.012900000000000003,0.013000000000000001,0.0004358898943540675,32,32,2560,10240,51200,False,1616,1
0.025,0.031,0.029857142857142863,0.03,0.0011248582677159725,0.011,0.012,0.01105,0.011,0.00021794494717703388,0.101,0.107,0.1038,0.10400000000000001,0.0017492855684535858,0.027,0.029,0.02765,0.028,0.0006538348415311016,0.04,0.042,0.040650000000000006,0.041,0.0005722761571129804,0.129,0.139,0.13325,0.133,0.0022994564575133858,0.027,0.028,0.02755,0.028,0.0004974937185533105,0.14400000000000002,0.152,0.14644999999999997,0.146,0.0015960889699512361,0.012,0.014,0.012850000000000004,0.013000000000000001,0.0007262919523166975,32,32,2560,10240,51200,False,1600,1
0.025,0.031,0.02995238095238096,0.03,0.0011741740958036144,0.008,0.009000000000000001,0.008350000000000002,0.008,0.00047696960070847325,0.1,0.108,0.1034,0.10300000000000001,0.0018275666882497032,0.026000000000000002,0.027,0.026850000000000006,0.027,0.0003570714214271416,0.04,0.042,0.04105000000000001,0.041,0.0005894913061275804,0.128,0.137,0.13265,0.1325,0.0026697378148425014,0.027,0.028,0.02705,0.027,0.0002179449471770339,0.14300000000000002,0.146,0.14479999999999998,0.145,0.0010295630140986895,0.012,0.014,0.012400000000000003,0.012,0.0006633249580710801,32,32,2560,10240,51200,False,1584,1
0.024,0.03,0.029142857142857147,0.029,0.001245399698154478,0.008,0.009000000000000001,0.008550000000000002,0.009000000000000001,0.0004974937185533104,0.1,0.108,0.10310000000000001,0.10300000000000001,0.00240624188310319,0.026000000000000002,0.027,0.026550000000000008,0.027,0.0004974937185533088,0.04,0.044,0.041850000000000005,0.0415,0.0014239030865898135,0.128,0.136,0.13165,0.1315,0.002151162476429897,0.026000000000000002,0.027,0.026900000000000007,0.027,0.0002999999999999992,0.145,0.149,0.14719999999999997,0.147,0.0012884098726725138,0.012,0.014,0.012200000000000003,0.012,0.0005099019513592787,32,32,2560,10240,51200,False,1568,1
0.024,0.031,0.02928571428571429,0.029,0.00131449273731831,0.008,0.009000000000000001,0.008350000000000002,0.008,0.00047696960070847325,0.099,0.113,0.10525,0.10550000000000001,0.004481908075808782,0.025,0.027,0.025950000000000008,0.026000000000000002,0.0003840572873934303,0.039,0.044,0.04175,0.042,0.0018405162319305958,0.126,0.148,0.13635,0.1355,0.007525124583686302,0.026000000000000002,0.028,0.026900000000000007,0.027,0.0004358898943540667,0.146,0.15,0.1475,0.147,0.0009746794344808972,0.012,0.013000000000000001,0.012150000000000003,0.012,0.0003570714214271428,32,32,2560,10240,51200,False,1552,1
0.024,0.03,0.02895238095238096,0.029,0.0011741740958036144,0.008,0.009000000000000001,0.008350000000000002,0.008,0.00047696960070847325,0.084,0.08700000000000001,0.08510000000000001,0.085,0.0009433981132056613,0.025,0.027,0.025450000000000007,0.025,0.0005894913061275798,0.033,0.034,0.03305000000000001,0.033,0.00021794494717703385,0.11,0.115,0.11145000000000001,0.111,0.0012031209415515976,0.026000000000000002,0.027,0.026550000000000008,0.027,0.0004974937185533087,0.109,0.111,0.1101,0.11,0.00043588989435406776,0.012,0.013000000000000001,0.012050000000000002,0.012,0.0002179449471770339,32,32,2560,10240,51200,False,1536,1
0.023,0.029,0.0281904761904762,0.028,0.0012580804584402772,0.008,0.009000000000000001,0.008500000000000002,0.0085,0.0005000000000000004,0.083,0.08600000000000001,0.08385000000000001,0.084,0.0007921489758877436,0.025,0.026000000000000002,0.025100000000000004,0.025,0.00030000000000000024,0.033,0.033,0.03300000000000001,0.033,6.938893903907228e-18,0.108,0.114,0.1099,0.1095,0.0015779733838059515,0.026000000000000002,0.027,0.026300000000000007,0.026000000000000002,0.00045825756949558285,0.108,0.109,0.10875000000000001,0.109,0.0004330127018922197,0.012,0.013000000000000001,0.012050000000000002,0.012,0.0002179449471770339,32,32,2560,10240,51200,False,1520,1
0.023,0.029,0.02795238095238096,0.028,0.001174174095803615,0.008,0.008,0.008000000000000002,0.008,1.734723475976807e-18,0.083,0.085,0.08365000000000002,0.084,0.0006538348415311016,0.024,0.026000000000000002,0.024950000000000007,0.025,0.00038405728739343076,0.033,0.033,0.03300000000000001,0.033,6.938893903907228e-18,0.108,0.113,0.1092,0.109,0.001077032961426902,0.026000000000000002,0.027,0.026050000000000007,0.026000000000000002,0.0002179449471770331,0.108,0.11,0.10874999999999999,0.109,0.0005361902647381809,0.012,0.012,0.012000000000000002,0.012,1.734723475976807e-18,32,32,2560,10240,51200,False,1504,1
0.023,0.029,0.027904761904761915,0.028,0.0011507662831994833,0.008,0.009000000000000001,0.008650000000000001,0.009000000000000001,0.0004769696007084733,0.084,0.08700000000000001,0.08495,0.085,0.0009733961166965902,0.024,0.025,0.024600000000000004,0.025,0.0004898979485566361,0.031,0.032,0.031700000000000006,0.032,0.0004582575694955844,0.109,0.114,0.11019999999999999,0.11,0.0012083045973594582,0.026000000000000002,0.026000000000000002,0.026000000000000006,0.026000000000000002,3.469446951953614e-18,0.109,0.11,0.10955000000000001,0.11,0.0004974937185533104,0.012,0.013000000000000001,0.012050000000000002,0.012,0.0002179449471770339,32,32,2560,10240,51200,False,1488,1
0.022,0.028,0.027428571428571438,0.028,0.0012936264483053455,0.008,0.009000000000000001,0.008100000000000001,0.008,0.0003000000000000003,0.083,0.08600000000000001,0.08465000000000002,0.085,0.0007921489758877437,0.024,0.025,0.024450000000000006,0.024,0.0004974937185533104,0.033,0.033,0.03300000000000001,0.033,6.938893903907228e-18,0.108,0.114,0.11000000000000001,0.11,0.001341640786499875,0.025,0.026000000000000002,0.025250000000000005,0.025,0.00043301270189221973,0.108,0.111,0.1095,0.1095,0.0006708203932499376,0.012,0.012,0.012000000000000002,0.012,1.734723475976807e-18,32,32,2560,10240,51200,False,1472,1
0.022,0.028,0.02695238095238096,0.027,0.001174174095803615,0.008,0.008,0.008000000000000002,0.008,1.734723475976807e-18,0.082,0.085,0.08330000000000001,0.083,0.0006403124237432853,0.023,0.025,0.024150000000000005,0.024,0.0004769696007084732,0.032,0.033,0.03295000000000001,0.033,0.00021794494717703385,0.108,0.113,0.1093,0.109,0.0012688577540449532,0.025,0.026000000000000002,0.025100000000000004,0.025,0.00030000000000000024,0.107,0.109,0.10869999999999999,0.109,0.0005567764362830027,0.012,0.012,0.012000000000000002,0.012,1.734723475976807e-18,32,32,2560,10240,51200,False,1456,1
0.022,0.028,0.02671428571428572,0.027,0.0011187942975686412,0.008,0.008,0.008000000000000002,0.008,1.734723475976807e-18,0.082,0.085,0.08345000000000001,0.083,0.0007399324293474377,0.023,0.024,0.023900000000000005,0.024,0.0003000000000000003,0.033,0.033,0.03300000000000001,0.033,6.938893903907228e-18,0.108,0.112,0.10875000000000001,0.108,0.0011779218989389757,0.024,0.025,0.024900000000000005,0.025,0.0003000000000000003,0.107,0.109,0.10790000000000002,0.108,0.0006244997998398403,0.012,0.012,0.012000000000000002,0.012,1.734723475976807e-18,32,32,2560,10240,51200,False,1440,1
0.022,0.028,0.02676190476190477,0.027,0.0011086139739831258,0.008,0.008,0.008000000000000002,0.008,1.734723475976807e-18,0.084,0.08700000000000001,0.08515000000000002,0.085,0.0007921489758877436,0.023,0.024,0.023350000000000003,0.023,0.0004769696007084732,0.033,0.034,0.03305000000000001,0.033,0.00021794494717703385,0.109,0.115,0.1109,0.111,0.001513274595042157,0.024,0.025,0.024650000000000005,0.025,0.0004769696007084733,0.109,0.11,0.10980000000000001,0.11,0.0004000000000000003,0.012,0.012,0.012000000000000002,0.012,1.734723475976807e-18,32,32,2560,10240,51200,False,1424,1
0.022,0.027,0.026095238095238102,0.026000000000000002,0.0010190921218586997,0.008,0.008,0.008000000000000002,0.008,1.734723475976807e-18,0.08700000000000001,0.095,0.0916,0.092,0.0020832666655999648,0.022,0.024,0.023300000000000005,0.023,0.0005567764362830027,0.031,0.032,0.031100000000000006,0.031,0.00030000000000000024,0.107,0.115,0.1099,0.1095,0.002046948949045874,0.024,0.025,0.024800000000000006,0.025,0.0004000000000000003,0.109,0.11,0.10935000000000002,0.109,0.00047696960070847325,0.012,0.012,0.012000000000000002,0.012,1.734723475976807e-18,32,32,2560,10240,51200,False,1408,1
0.022,0.027,0.025857142857142863,0.026000000000000002,0.0008883218145798878,0.008,0.008,0.008000000000000002,0.008,1.734723475976807e-18,0.08600000000000001,0.098,0.09375,0.0945,0.003269174207655506,0.022,0.023,0.022800000000000004,0.023,0.0004000000000000003,0.031,0.031,0.031000000000000007,0.031,6.938893903907228e-18,0.107,0.113,0.11010000000000002,0.11,0.001670329308849008,0.024,0.025,0.024350000000000004,0.024,0.00047696960070847314,0.108,0.11,0.10905000000000001,0.109,0.00038405728739343076,0.012,0.012,0.012000000000000002,0.012,1.734723475976807e-18,32,32,2560,10240,51200,False,1392,1
0.022,0.027,0.025904761904761913,0.026000000000000002,0.0009209085526577965,0.008,0.008,0.008000000000000002,0.008,1.734723475976807e-18,0.085,0.097,0.09029999999999999,0.089,0.0038871583451153603,0.022,0.023,0.022500000000000003,0.0225,0.0005000000000000004,0.031,0.031,0.031000000000000007,0.031,6.938893903907228e-18,0.111,0.117,0.11315,0.113,0.0018241436346954716,0.023,0.024,0.023950000000000006,0.024,0.00021794494717703385,0.107,0.109,0.10795000000000002,0.108,0.0005894913061275802,0.012,0.012,0.012000000000000002,0.012,1.734723475976807e-18,32,32,2560,10240,51200,False,1376,1
0.021,0.026000000000000002,0.0250952380952381,0.025,0.0010190921218586999,0.008,0.008,0.008000000000000002,0.008,1.734723475976807e-18,0.095,0.108,0.10005000000000001,0.099,0.003639711527030677,0.022,0.023,0.022350000000000002,0.022,0.0004769696007084732,0.031,0.032,0.031200000000000006,0.031,0.0004000000000000003,0.113,0.122,0.11674999999999999,0.117,0.0027363296585024245,0.023,0.024,0.023500000000000004,0.0235,0.0005000000000000004,0.109,0.11,0.10925,0.109,0.00043301270189221973,0.01,0.012,0.011650000000000002,0.012,0.0005722761571129801,32,32,2560,10240,51200,False,1360,1
0.021,0.026000000000000002,0.024904761904761912,0.025,0.0009712418121129117,0.008,0.008,0.008000000000000002,0.008,1.734723475976807e-18,0.092,0.107,0.09980000000000001,0.0995,0.0043197222132910365,0.021,0.022,0.021900000000000003,0.022,0.00029999999999999927,0.031,0.031,0.031000000000000007,0.031,6.938893903907228e-18,0.114,0.121,0.11720000000000001,0.11750000000000001,0.002014944167960987,0.023,0.024,0.023250000000000003,0.023,0.00043301270189221973,0.108,0.11,0.10875000000000001,0.109,0.0005361902647381809,0.01,0.012,0.011300000000000001,0.011,0.000640312423743285,32,32,2560,10240,51200,False,1344,1
0.021,0.026000000000000002,0.025000000000000005,0.025,0.0009759000729485333,0.008,0.008,0.008000000000000002,0.008,1.734723475976807e-18,0.091,0.106,0.09945000000000001,0.101,0.0052959890483270464,0.021,0.022,0.021650000000000003,0.022,0.0004769696007084717,0.031,0.031,0.031000000000000007,0.031,6.938893903907228e-18,0.11,0.121,0.1165,0.117,0.0028195744359743374,0.022,0.024,0.022950000000000005,0.023,0.00038405728739343076,0.108,0.11,0.10850000000000001,0.108,0.0006708203932499375,0.01,0.012,0.011150000000000002,0.011,0.0006538348415311012,32,32,2560,10240,51200,False,1328,1
0.02,0.026000000000000002,0.024571428571428577,0.025,0.0011368891796488883,0.007,0.008,0.007800000000000001,0.008,0.0004,0.091,0.111,0.09925000000000002,0.098,0.005280861672113748,0.021,0.022,0.021500000000000002,0.0215,0.0004999999999999987,0.031,0.031,0.031000000000000007,0.031,6.938893903907228e-18,0.107,0.111,0.10795000000000002,0.108,0.001023474474522937,0.022,0.023,0.022250000000000002,0.022,0.00043301270189221973,0.106,0.109,0.10750000000000001,0.1075,0.0006708203932499375,0.01,0.012,0.010950000000000001,0.011,0.0006689544080129826,32,32,2560,10240,51200,False,1312,1
0.02,0.025,0.024285714285714292,0.024,0.001075389503870116,0.007,0.008,0.007850000000000001,0.008,0.0003570714214271425,0.089,0.105,0.097,0.097,0.00493963561409139,0.02,0.022,0.0211,0.021,0.0004358898943540667,0.031,0.032,0.031200000000000006,0.031,0.0004000000000000003,0.108,0.113,0.1096,0.11,0.0011135528725660054,0.022,0.023,0.022050000000000004,0.022,0.00021794494717703388,0.108,0.11,0.10900000000000001,0.109,0.0005477225575051667,0.01,0.012,0.0103,0.01,0.000556776436283002,32,32,2560,10240,51200,False,1296,1
0.02,0.025,0.024000000000000004,0.024,0.0009759000729485334,0.008,0.008,0.008000000000000002,0.008,1.734723475976807e-18,0.07100000000000001,0.084,0.07780000000000001,0.082,0.005381449618829482,0.02,0.021,0.020900000000000005,0.021,0.0003000000000000003,0.032,0.033,0.03205000000000001,0.032,0.00021794494717703385,0.096,0.101,0.09745000000000001,0.097,0.0014309088021254197,0.022,0.023,0.022300000000000004,0.022,0.0004582575694955844,0.105,0.106,0.1058,0.106,0.00040000000000000034,0.01,0.012,0.01025,0.01,0.0005361902647381802,32,32,2560,10240,51200,False,1280,1
0.02,0.024,0.023666666666666673,0.024,0.0008908708063747481,0.007,0.008,0.007950000000000002,0.008,0.0002179449471770337,0.069,0.083,0.07660000000000003,0.079,0.005219195340279954,0.02,0.021,0.020700000000000003,0.021,0.0004582575694955844,0.031,0.032,0.0316,0.032,0.0004898979485566361,0.095,0.1,0.09735000000000002,0.0975,0.001525614630239237,0.022,0.023,0.022050000000000004,0.022,0.00021794494717703388,0.10300000000000001,0.105,0.1044,0.10450000000000001,0.0006633249580710744,0.01,0.011,0.01005,0.01,0.00021794494717703353,32,32,2560,10240,51200,False,1264,1
0.019,0.024,0.023428571428571434,0.024,0.0010942024088643869,0.007,0.008,0.007700000000000001,0.008,0.000458257569495584,0.069,0.082,0.07600000000000003,0.08,0.005576737397439473,0.02,0.021,0.020400000000000005,0.02,0.000489897948556636,0.031,0.032,0.031650000000000005,0.032,0.0004769696007084733,0.094,0.099,0.09605000000000001,0.096,0.001243985530462474,0.021,0.022,0.02185,0.022,0.0003570714214271416,0.10400000000000001,0.105,0.10464999999999999,0.105,0.0004769696007084665,0.01,0.011,0.01005,0.01,0.00021794494717703353,32,32,2560,10240,51200,False,1248,1
0.019,0.024,0.0230952380952381,0.023,0.0010190921218586999,0.007,0.008,0.007650000000000001,0.008,0.00047696960070847287,0.07100000000000001,0.084,0.07915000000000003,0.081,0.004585575209283999,0.02,0.021,0.020300000000000006,0.02,0.0004582575694955844,0.031,0.032,0.0316,0.032,0.0004898979485566361,0.095,0.1,0.097,0.096,0.001483239697419134,0.021,0.022,0.021750000000000002,0.022,0.0004330127018922182,0.105,0.106,0.1055,0.1055,0.0005000000000000004,0.01,0.01,0.010000000000000002,0.01,1.734723475976807e-18,32,32,2560,10240,51200,False,1232,1
0.019,0.024,0.022952380952380957,0.023,0.0009499970163457146,0.007,0.008,0.0075000000000000015,0.0075,0.0005,0.07,0.083,0.07560000000000001,0.07550000000000001,0.005553377350765927,0.019,0.021,0.019850000000000003,0.02,0.0005722761571129804,0.031,0.032,0.03175000000000001,0.032,0.0004330127018922197,0.095,0.1,0.09775000000000002,0.098,0.0012990381056766592,0.021,0.022,0.021150000000000002,0.021,0.0003570714214271416,0.10400000000000001,0.106,0.10515000000000001,0.105,0.0004769696007084716,0.01,0.01,0.010000000000000002,0.01,1.734723475976807e-18,32,32,2560,10240,51200,False,1216,1
0.019,0.023,0.022666666666666672,0.023,0.0008908708063747482,0.007,0.008,0.007450000000000001,0.007,0.0004974937185533101,0.069,0.082,0.0754,0.078,0.004737087712930802,0.019,0.021,0.019900000000000004,0.02,0.0004358898943540677,0.031,0.032,0.031450000000000006,0.031,0.0004974937185533104,0.095,0.099,0.09695000000000001,0.097,0.001160818676624391,0.021,0.021,0.021000000000000005,0.021,3.469446951953614e-18,0.10400000000000001,0.105,0.1044,0.10400000000000001,0.0004898979485566293,0.01,0.01,0.010000000000000002,0.01,1.734723475976807e-18,32,32,2560,10240,51200,False,1200,1
0.019,0.023,0.022142857142857148,0.022,0.0008329931278350432,0.007,0.007,0.007000000000000001,0.007,8.673617379884035e-19,0.07,0.082,0.07790000000000001,0.081,0.005107837115648852,0.019,0.02,0.019500000000000003,0.0195,0.0005000000000000004,0.031,0.032,0.031650000000000005,0.032,0.0004769696007084733,0.095,0.099,0.0965,0.0965,0.0013228756555322965,0.02,0.021,0.020550000000000006,0.021,0.0004974937185533105,0.10400000000000001,0.106,0.10475000000000001,0.105,0.000536190264738175,0.01,0.01,0.010000000000000002,0.01,1.734723475976807e-18,32,32,2560,10240,51200,False,1184,1
0.019,0.023,0.022000000000000002,0.022,0.0007559289460184545,0.007,0.007,0.007000000000000001,0.007,8.673617379884035e-19,0.07,0.084,0.0762,0.0765,0.0053999999999999986,0.019,0.02,0.019300000000000005,0.019,0.0004582575694955844,0.031,0.032,0.0316,0.032,0.0004898979485566361,0.096,0.101,0.09815000000000002,0.098,0.0012359207094308285,0.02,0.021,0.020450000000000003,0.02,0.0004974937185533104,0.105,0.107,0.10565,0.106,0.0005722761571129803,0.01,0.01,0.010000000000000002,0.01,1.734723475976807e-18,32,32,2560,10240,51200,False,1168,1
0.018000000000000002,0.022,0.021761904761904767,0.022,0.0008676603408708847,0.007,0.008,0.007050000000000001,0.007,0.0002179449471770337,0.07,0.083,0.07595000000000002,0.07550000000000001,0.005598883817333591,0.018000000000000002,0.02,0.019250000000000007,0.019,0.0005361902647381805,0.031,0.032,0.03175000000000001,0.032,0.0004330127018922197,0.08600000000000001,0.09,0.08760000000000001,0.088,0.0009165151389911632,0.021,0.022,0.021050000000000003,0.021,0.00021794494717703315,0.10200000000000001,0.10400000000000001,0.10325,0.10300000000000001,0.0005361902647381809,0.01,0.01,0.010000000000000002,0.01,1.734723475976807e-18,32,32,2560,10240,51200,False,1152,1
0.018000000000000002,0.022,0.021571428571428575,0.022,0.0009035079029052504,0.007,0.007,0.007000000000000001,0.007,8.673617379884035e-19,0.068,0.083,0.0748,0.078,0.005362835071116768,0.018000000000000002,0.02,0.018750000000000006,0.019,0.0005361902647381794,0.031,0.032,0.031050000000000005,0.031,0.00021794494717703388,0.085,0.088,0.0868,0.08700000000000001,0.0011224972160321783,0.021,0.022,0.021050000000000003,0.021,0.00021794494717703315,0.101,0.10300000000000001,0.10210000000000001,0.10200000000000001,0.00043588989435406776,0.01,0.01,0.010000000000000002,0.01,1.734723475976807e-18,32,32,2560,10240,51200,False,1136,1
0.018000000000000002,0.022,0.02123809523809524,0.021,0.0008676603408708847,0.007,0.007,0.007000000000000001,0.007,8.673617379884035e-19,0.068,0.081,0.07455,0.07500000000000001,0.005598883817333592,0.018000000000000002,0.019,0.018350000000000005,0.018000000000000002,0.0004769696007084715,0.031,0.032,0.031400000000000004,0.031,0.000489897948556636,0.083,0.088,0.08605,0.08600000000000001,0.0013219304066402256,0.02,0.021,0.020500000000000004,0.0205,0.0005000000000000004,0.101,0.10200000000000001,0.1016,0.10200000000000001,0.0004898979485566361,0.01,0.01,0.010000000000000002,0.01,1.734723475976807e-18,32,32,2560,10240,51200,False,1120,1
0.018000000000000002,0.022,0.021095238095238097,0.021,0.0008109231602822087,0.007,0.007,0.007000000000000001,0.007,8.673617379884035e-19,0.07,0.083,0.07605000000000002,0.08,0.005324237034543069,0.018000000000000002,0.019,0.018150000000000006,0.018000000000000002,0.0003570714214271416,0.031,0.032,0.031100000000000006,0.031,0.00030000000000000024,0.08600000000000001,0.088,0.0869,0.08700000000000001,0.0006999999999999963,0.02,0.021,0.020300000000000006,0.02,0.0004582575694955844,0.10200000000000001,0.10300000000000001,0.1026,0.10300000000000001,0.0004898979485566361,0.01,0.01,0.010000000000000002,0.01,1.734723475976807e-18,32,32,2560,10240,51200,False,1104,1
0.017,0.021,0.020476190476190485,0.021,0.0009060141709733548,0.007,0.007,0.007000000000000001,0.007,8.673617379884035e-19,0.069,0.083,0.07520000000000002,0.07550000000000001,0.0058617403559011365,0.017,0.018000000000000002,0.017750000000000005,0.018000000000000002,0.0004330127018922197,0.031,0.032,0.031650000000000005,0.032,0.0004769696007084733,0.08600000000000001,0.092,0.08779999999999999,0.0875,0.0014352700094407281,0.02,0.02,0.020000000000000004,0.02,3.469446951953614e-18,0.10200000000000001,0.10300000000000001,0.10250000000000001,0.10250000000000001,0.0005000000000000004,0.01,0.01,0.010000000000000002,0.01,1.734723475976807e-18,32,32,2560,10240,51200,False,1088,1
0.017,0.021,0.020000000000000007,0.02,0.0007559289460184545,0.007,0.007,0.007000000000000001,0.007,8.673617379884035e-19,0.068,0.081,0.07560000000000001,0.0785,0.004913247398615297,0.017,0.019,0.017550000000000003,0.0175,0.0005894913061275798,0.031,0.032,0.031150000000000004,0.031,0.00035707142142714284,0.085,0.092,0.08850000000000001,0.089,0.002085665361461417,0.019,0.02,0.019800000000000005,0.02,0.0004000000000000003,0.1,0.10200000000000001,0.10090000000000002,0.101,0.0006244997998398404,0.009000000000000001,0.01,0.009700000000000004,0.01,0.00045825756949558356,32,32,2560,10240,51200,False,1072,1
0.017,0.021,0.020238095238095246,0.02,0.0008676603408708857,0.007,0.007,0.007000000000000001,0.007,8.673617379884035e-19,0.068,0.082,0.07415000000000002,0.07400000000000001,0.005597097462077999,0.015,0.016,0.015950000000000002,0.016,0.00021794494717703385,0.03,0.031,0.030150000000000003,0.03,0.00035707142142714284,0.084,0.09,0.08675000000000001,0.08700000000000001,0.0019968725547715826,0.019,0.02,0.019150000000000004,0.019,0.00035707142142714284,0.10400000000000001,0.106,0.10470000000000002,0.105,0.0006403124237432794,0.008,0.01,0.009650000000000002,0.01,0.0006538348415311009,32,32,2560,10240,51200,False,1056,1
0.017,0.02,0.019809523809523815,0.02,0.0006632565846278151,0.007,0.007,0.007000000000000001,0.007,8.673617379884035e-19,0.069,0.081,0.07485000000000001,0.07450000000000001,0.005479735395071552,0.015,0.016,0.015900000000000004,0.016,0.0003000000000000003,0.03,0.031,0.030500000000000006,0.0305,0.0005000000000000004,0.08600000000000001,0.092,0.08815,0.08700000000000001,0.001681517172080019,0.019,0.02,0.019150000000000004,0.019,0.00035707142142714284,0.105,0.107,0.10635000000000001,0.106,0.0006538348415311017,0.008,0.01,0.009300000000000003,0.009000000000000001,0.0006403124237432847,32,32,2560,10240,51200,False,1040,1
0.017,0.02,0.019047619047619053,0.019,0.0005753831415997415,0.007,0.007,0.007000000000000001,0.007,8.673617379884035e-19,0.073,0.098,0.0854,0.08549999999999999,0.010734989520255716,0.014,0.016,0.014400000000000001,0.014,0.0005830951894845298,0.03,0.031,0.030750000000000006,0.031,0.0004330127018922197,0.115,0.124,0.12025,0.121,0.002566612553542116,0.018000000000000002,0.019,0.018650000000000007,0.019,0.0004769696007084717,0.1,0.10200000000000001,0.10115,0.101,0.0005722761571129803,0.009000000000000001,0.01,0.009550000000000003,0.01,0.0004974937185533095,32,32,2560,10240,51200,False,1024,1
0.016,0.021,0.01914285714285715,0.019,0.0008883218145798875,0.007,0.007,0.007000000000000001,0.007,8.673617379884035e-19,0.073,0.097,0.08505,0.08449999999999999,0.010897132650381018,0.014,0.015,0.014550000000000002,0.015,0.0004974937185533095,0.027,0.028,0.02755,0.028,0.0004974937185533104,0.115,0.123,0.119,0.11800000000000001,0.002588435821108953,0.018000000000000002,0.019,0.018500000000000006,0.018500000000000003,0.0004999999999999987,0.099,0.101,0.10015000000000003,0.1,0.00047696960070847325,0.008,0.01,0.009200000000000003,0.009000000000000001,0.0006782329983125268,32,32,2560,10240,51200,False,1016,1
0.016,0.02,0.019047619047619053,0.019,0.0007853534524986019,0.007,0.007,0.007000000000000001,0.007,8.673617379884035e-19,0.073,0.097,0.0849,0.08449999999999999,0.010926573113286712,0.013000000000000001,0.015,0.014300000000000002,0.014,0.0005567764362830017,0.03,0.031,0.030350000000000005,0.03,0.00047696960070847325,0.08,0.084,0.08180000000000001,0.082,0.0012884098726725136,0.017,0.018000000000000002,0.017950000000000004,0.018000000000000002,0.00021794494717703385,0.099,0.101,0.1002,0.1,0.0006000000000000006,0.008,0.01,0.008950000000000003,0.009000000000000001,0.0007399324293474372,32,32,2560,10240,51200,False,1008,1
0.016,0.02,0.01890476190476191,0.019,0.0007499055118106486,0.007,0.007,0.007000000000000001,0.007,8.673617379884035e-19,0.07100000000000001,0.098,0.08399999999999999,0.08399999999999999,0.011454256850621082,0.013000000000000001,0.015,0.014350000000000002,0.014,0.0005722761571129795,0.03,0.031,0.030050000000000004,0.03,0.00021794494717703388,0.081,0.085,0.08285000000000001,0.083,0.0011079259903080177,0.018000000000000002,0.019,0.018050000000000004,0.018000000000000002,0.00021794494717703315,0.099,0.101,0.10035000000000001,0.1005,0.0007262919523166982,0.008,0.009000000000000001,0.008300000000000002,0.008,0.0004582575694955844,32,32,2560,10240,51200,False,1000,1
0.016,0.02,0.01890476190476191,0.019,0.0007499055118106486,0.007,0.007,0.007000000000000001,0.007,8.673617379884035e-19,0.07100000000000001,0.097,0.0842,0.08449999999999999,0.011258774356030057,0.013000000000000001,0.016,0.014400000000000001,0.014,0.0006633249580710797,0.027,0.029,0.02755,0.0275,0.0005894913061275802,0.083,0.085,0.08360000000000001,0.0835,0.0006633249580710806,0.018000000000000002,0.018000000000000002,0.018000000000000006,0.018000000000000002,3.469446951953614e-18,0.1,0.10200000000000001,0.10135000000000001,0.101,0.0005722761571129803,0.008,0.009000000000000001,0.008400000000000001,0.008,0.0004898979485566361,32,32,2560,10240,51200,False,992,1
0.016,0.019,0.01857142857142858,0.019,0.0007284313590846829,0.007,0.007,0.007000000000000001,0.007,8.673617379884035e-19,0.07200000000000001,0.096,0.08335000000000001,0.08299999999999999,0.010887033572098507,0.014,0.015,0.014400000000000001,0.014,0.0004898979485566352,0.027,0.028,0.027350000000000003,0.027,0.00047696960070847314,0.081,0.085,0.0826,0.083,0.0008000000000000007,0.017,0.018000000000000002,0.017950000000000004,0.018000000000000002,0.00021794494717703385,0.099,0.101,0.09970000000000002,0.1,0.0005567764362830026,0.008,0.01,0.008250000000000002,0.008,0.0005361902647381805,32,32,2560,10240,51200,False,984,1
0.016,0.019,0.018428571428571433,0.019,0.0007284313590846828,0.007,0.007,0.007000000000000001,0.007,8.673617379884035e-19,0.073,0.097,0.0847,0.08449999999999999,0.010733592129385208,0.013000000000000001,0.015,0.014250000000000002,0.014,0.0005361902647381799,0.027,0.028,0.027350000000000003,0.027,0.00047696960070847325,0.08,0.084,0.08245,0.083,0.001023474474522937,0.017,0.018000000000000002,0.017050000000000003,0.017,0.0002179449471770339,0.099,0.1,0.09970000000000002,0.1,0.0004582575694955843,0.008,0.01,0.008450000000000003,0.008,0.0006689544080129827,32,32,2560,10240,51200,False,976,1
0.016,0.019,0.018190476190476194,0.018000000000000002,0.0006632565846278147,0.007,0.007,0.007000000000000001,0.007,8.673617379884035e-19,0.073,0.098,0.08495,0.08449999999999999,0.010791084282869819,0.013000000000000001,0.015,0.014400000000000001,0.014,0.0005830951894845296,0.027,0.028,0.02755,0.028,0.0004974937185533105,0.082,0.085,0.08370000000000002,0.084,0.0007141428428542857,0.017,0.018000000000000002,0.017200000000000003,0.017,0.00040000000000000034,0.101,0.10300000000000001,0.10170000000000001,0.10200000000000001,0.0005567764362830027,0.008,0.009000000000000001,0.008100000000000001,0.008,0.0003000000000000003,32,32,2560,10240,51200,False,968,1
0.016,0.019,0.018238095238095244,0.018000000000000002,0.0006834619092574909,0.007,0.007,0.007000000000000001,0.007,8.673617379884035e-19,0.073,0.097,0.08495,0.08499999999999999,0.011070117433884795,0.013000000000000001,0.016,0.014350000000000002,0.014,0.0008529361054615986,0.027,0.029,0.02755,0.027,0.0006689544080129832,0.082,0.085,0.08349999999999999,0.083,0.0008660254037844393,0.017,0.017,0.017000000000000005,0.017,3.469446951953614e-18,0.1,0.10200000000000001,0.1012,0.101,0.0006000000000000005,0.008,0.009000000000000001,0.008150000000000001,0.008,0.0003570714214271428,32,32,2560,10240,51200,False,960,1
0.016,0.019,0.0180952380952381,0.018000000000000002,0.0006098213559459852,0.007,0.007,0.007000000000000001,0.007,8.673617379884035e-19,0.073,0.098,0.08504999999999999,0.08499999999999999,0.01097941255259133,0.013000000000000001,0.015,0.014250000000000002,0.014,0.0005361902647381799,0.027,0.028,0.027350000000000003,0.027,0.00047696960070847325,0.081,0.084,0.08270000000000001,0.083,0.0007141428428542857,0.017,0.017,0.017000000000000005,0.017,3.469446951953614e-18,0.099,0.101,0.10015,0.1,0.0005722761571129804,0.008,0.009000000000000001,0.008050000000000002,0.008,0.0002179449471770339,32,32,2560,10240,51200,False,952,1
0.015,0.019,0.01795238095238096,0.018000000000000002,0.0007221786137191955,0.007,0.007,0.007000000000000001,0.007,8.673617379884035e-19,0.07200000000000001,0.096,0.08340000000000002,0.08349999999999999,0.0109288608738514,0.013000000000000001,0.015,0.013900000000000001,0.014,0.0006244997998398393,0.027,0.028,0.027350000000000003,0.027,0.00047696960070847314,0.08,0.084,0.082,0.082,0.0010000000000000009,0.016,0.017,0.016700000000000003,0.017,0.0004582575694955844,0.099,0.101,0.10005000000000001,0.1,0.00038405728739343076,0.008,0.009000000000000001,0.008050000000000002,0.008,0.0002179449471770339,32,32,2560,10240,51200,False,944,1
0.015,0.019,0.01790476190476191,0.018000000000000002,0.0007499055118106488,0.007,0.007,0.007000000000000001,0.007,8.673617379884035e-19,0.07200000000000001,0.097,0.08375000000000002,0.08399999999999999,0.011475517417528499,0.013000000000000001,0.015,0.0142,0.014,0.0008124038404635953,0.027,0.028,0.027250000000000003,0.027,0.00043301270189221973,0.081,0.084,0.0829,0.083,0.0008306623862918082,0.016,0.017,0.016900000000000005,0.017,0.0003000000000000003,0.099,0.101,0.10020000000000003,0.1,0.0006000000000000006,0.008,0.009000000000000001,0.008100000000000001,0.008,0.0003000000000000003,32,32,2560,10240,51200,False,936,1
0.015,0.018000000000000002,0.01766666666666667,0.018000000000000002,0.000712696645099799,0.007,0.007,0.007000000000000001,0.007,8.673617379884035e-19,0.07100000000000001,0.095,0.08325,0.08349999999999999,0.010577688783472504,0.013000000000000001,0.015,0.014300000000000002,0.014,0.0006403124237432844,0.027,0.029,0.02755,0.0275,0.0005894913061275804,0.096,0.109,0.10545000000000002,0.105,0.0032783379935570995,0.016,0.018000000000000002,0.016850000000000004,0.017,0.0004769696007084733,0.099,0.10200000000000001,0.1008,0.101,0.0007483314773547891,0.008,0.009000000000000001,0.008050000000000002,0.008,0.00021794494717703388,32,32,2560,10240,51200,False,928,1
0.015,0.018000000000000002,0.017190476190476194,0.017,0.0006632565846278159,0.007,0.007,0.007000000000000001,0.007,8.673617379884035e-19,0.073,0.097,0.08424999999999999,0.08349999999999999,0.010587138423577924,0.013000000000000001,0.015,0.014050000000000003,0.014,0.0005894913061275794,0.027,0.028,0.027250000000000003,0.027,0.00043301270189221973,0.099,0.109,0.10530000000000002,0.105,0.0020024984394500763,0.016,0.017,0.016550000000000002,0.017,0.0004974937185533104,0.098,0.1,0.09940000000000002,0.099,0.0005830951894845307,0.008,0.008,0.008000000000000002,0.008,1.734723475976807e-18,32,32,2560,10240,51200,False,920,1
0.015,0.018000000000000002,0.017238095238095243,0.017,0.0006834619092574923,0.006,0.007,0.006950000000000002,0.007,0.00021794494717703366,0.073,0.096,0.08435000000000001,0.08399999999999999,0.0107716061940641,0.013000000000000001,0.015,0.014050000000000002,0.014,0.0005894913061275794,0.027,0.028,0.02715,0.027,0.0003570714214271428,0.095,0.107,0.10250000000000001,0.10250000000000001,0.0029068883707497246,0.016,0.017,0.016400000000000005,0.016,0.000489897948556636,0.098,0.1,0.09925,0.099,0.0006224949798994372,0.008,0.008,0.008000000000000002,0.008,1.734723475976807e-18,32,32,2560,10240,51200,False,912,1
0.015,0.018000000000000002,0.017190476190476194,0.017,0.0006632565846278159,0.007,0.007,0.007000000000000001,0.007,8.673617379884035e-19,0.073,0.097,0.08485000000000001,0.08449999999999999,0.011064696109699537,0.013000000000000001,0.015,0.013900000000000004,0.014,0.0006244997998398394,0.027,0.028,0.027350000000000003,0.027,0.00047696960070847314,0.101,0.112,0.10685000000000003,0.107,0.0023296995514443483,0.016,0.017,0.016250000000000004,0.016,0.00043301270189221973,0.1,0.10200000000000001,0.10085,0.101,0.0004769696007084733,0.008,0.008,0.008000000000000002,0.008,1.734723475976807e-18,32,32,2560,10240,51200,False,904,1
0.015,0.018000000000000002,0.01728571428571429,0.017,0.0006998542122237659,0.007,0.007,0.007000000000000001,0.007,8.673617379884035e-19,0.073,0.097,0.08520000000000001,0.08499999999999999,0.011115754585272206,0.013000000000000001,0.015,0.013750000000000004,0.014,0.0006224949798994361,0.026000000000000002,0.031,0.026750000000000006,0.026000000000000002,0.0014790199457749033,0.091,0.10400000000000001,0.10015,0.1015,0.004077683165720459,0.016,0.018000000000000002,0.016450000000000003,0.016,0.0007399324293474377,0.085,0.09,0.08829999999999999,0.0885,0.001307669683062198,0.008,0.009000000000000001,0.008050000000000002,0.008,0.0002179449471770339,32,32,2560,10240,51200,False,896,1
0.014,0.018000000000000002,0.01695238095238096,0.017,0.0007221786137191958,0.006,0.007,0.006850000000000002,0.007,0.0003570714214271425,0.07200000000000001,0.097,0.0844,0.08399999999999999,0.010928860873851403,0.013000000000000001,0.016,0.014000000000000002,0.014,0.000774596669241483,0.026000000000000002,0.031,0.026500000000000006,0.026000000000000002,0.0013601470508735434,0.092,0.10400000000000001,0.0993,0.1015,0.004450842616853581,0.016,0.018000000000000002,0.016500000000000004,0.016,0.0006708203932499376,0.085,0.09,0.088,0.088,0.0014491376746189396,0.008,0.008,0.008000000000000002,0.008,1.734723475976807e-18,32,32,2560,10240,51200,False,888,1
0.014,0.018000000000000002,0.01695238095238096,0.017,0.0007221786137191958,0.006,0.007,0.006900000000000002,0.007,0.00030000000000000003,0.073,0.096,0.08435000000000001,0.08449999999999999,0.01057957938672422,0.013000000000000001,0.014,0.013800000000000003,0.014,0.00039999999999999964,0.026000000000000002,0.031,0.028550000000000002,0.028999999999999998,0.0024591665254715864,0.092,0.10300000000000001,0.10045000000000001,0.101,0.0023124662159694376,0.016,0.017,0.016050000000000002,0.016,0.0002179449471770339,0.084,0.091,0.08785,0.088,0.0014924811556599259,0.008,0.009000000000000001,0.008050000000000002,0.008,0.00021794494717703388,32,32,2560,10240,51200,False,880,1
0.014,0.018000000000000002,0.016571428571428577,0.017,0.0007911070345636267,0.006,0.007,0.006800000000000002,0.007,0.0004,0.073,0.099,0.08485000000000001,0.08499999999999999,0.011288378980172488,0.013000000000000001,0.015,0.013750000000000004,0.014,0.0006982120021884464,0.026000000000000002,0.032,0.028550000000000002,0.028499999999999998,0.0024794152536434864,0.097,0.10200000000000001,0.09990000000000002,0.1,0.001813835714721707,0.016,0.017,0.016100000000000003,0.016,0.00030000000000000024,0.085,0.089,0.0871,0.08700000000000001,0.0012206555615733657,0.008,0.008,0.008000000000000002,0.008,1.734723475976807e-18,32,32,2560,10240,51200,False,872,1
0.014,0.017,0.01671428571428572,0.017,0.0006998542122237654,0.006,0.007,0.006850000000000002,0.007,0.0003570714214271425,0.073,0.097,0.08465,0.08399999999999999,0.010887033572098512,0.013000000000000001,0.015,0.013850000000000005,0.014,0.0004769696007084724,0.025,0.026000000000000002,0.025800000000000007,0.026000000000000002,0.0004000000000000003,0.1,0.10300000000000001,0.10165000000000002,0.10200000000000001,0.0009630680142129119,0.016,0.016,0.016000000000000004,0.016,3.469446951953614e-18,0.089,0.093,0.0913,0.0915,0.0009539392014169465,0.008,0.008,0.008000000000000002,0.008,1.734723475976807e-18,32,32,2560,10240,51200,False,864,1
0.014,0.017,0.01666666666666667,0.017,0.0007126966450997986,0.006,0.007,0.006900000000000002,0.007,0.00030000000000000003,0.073,0.096,0.08424999999999999,0.08399999999999999,0.010676492869851974,0.013000000000000001,0.014,0.013650000000000004,0.014,0.0004769696007084724,0.025,0.026000000000000002,0.025100000000000004,0.025,0.00030000000000000024,0.10200000000000001,0.107,0.10505,0.105,0.0013219304066402248,0.015,0.016,0.015550000000000003,0.016,0.0004974937185533105,0.08700000000000001,0.09,0.088,0.088,0.000894427190999912,0.008,0.008,0.008000000000000002,0.008,1.734723475976807e-18,32,32,2560,10240,51200,False,856,1
0.014,0.018000000000000002,0.01671428571428572,0.017,0.0007648751621051913,0.006,0.007,0.006750000000000002,0.007,0.0004330127018922194,0.07200000000000001,0.095,0.0835,0.08349999999999999,0.010136567466356647,0.013000000000000001,0.015,0.013800000000000003,0.014,0.000509901951359278,0.025,0.026000000000000002,0.025550000000000007,0.026000000000000002,0.0004974937185533105,0.095,0.109,0.10320000000000003,0.10350000000000001,0.003075711299845937,0.015,0.015,0.015000000000000003,0.015,3.469446951953614e-18,0.08600000000000001,0.088,0.08640000000000002,0.08600000000000001,0.0005830951894845287,0.008,0.008,0.008000000000000002,0.008,1.734723475976807e-18,32,32,2560,10240,51200,False,848,1
0.014,0.017,0.016523809523809527,0.017,0.0007315376902732012,0.006,0.007,0.006700000000000002,0.007,0.00045825756949558405,0.07200000000000001,0.097,0.0843,0.08399999999999999,0.011122499719037985,0.013000000000000001,0.015,0.013850000000000005,0.014,0.0004769696007084724,0.025,0.027,0.025750000000000006,0.026000000000000002,0.0005361902647381805,0.092,0.10300000000000001,0.10115,0.101,0.002219797288042313,0.015,0.016,0.015150000000000002,0.015,0.0003570714214271428,0.08600000000000001,0.088,0.08645,0.08600000000000001,0.0005894913061275785,0.008,0.008,0.008000000000000002,0.008,1.734723475976807e-18,32,32,2560,10240,51200,False,840,1
0.014,0.017,0.015952380952380957,0.016,0.00048562090605645586,0.006,0.007,0.006700000000000002,0.007,0.000458257569495584,0.073,0.096,0.08435000000000001,0.08449999999999999,0.010570122988877662,0.013000000000000001,0.015,0.013700000000000004,0.014,0.0006403124237432844,0.029,0.031,0.029450000000000004,0.029,0.0005894913061275787,0.091,0.10200000000000001,0.10025000000000002,0.101,0.0022776083947860766,0.015,0.016,0.015100000000000002,0.015,0.00030000000000000024,0.093,0.096,0.09465000000000001,0.095,0.0007262919523166982,0.008,0.008,0.008000000000000002,0.008,1.734723475976807e-18,32,32,2560,10240,51200,False,832,1
0.013000000000000001,0.016,0.01580952380952381,0.016,0.0006632565846278152,0.006,0.007,0.0065000000000000014,0.006500000000000001,0.0005,0.073,0.095,0.08395,0.08349999999999999,0.010200367640433361,0.013000000000000001,0.015,0.013650000000000004,0.014,0.0005722761571129793,0.029,0.031,0.030250000000000006,0.03,0.0005361902647381805,0.099,0.101,0.10015000000000003,0.1,0.0006538348415311016,0.015,0.016,0.015100000000000002,0.015,0.00030000000000000024,0.093,0.095,0.0939,0.094,0.0008306623862918082,0.008,0.008,0.008000000000000002,0.008,1.734723475976807e-18,32,32,2560,10240,51200,False,824,1
0.014,0.017,0.015952380952380957,0.016,0.0005753831415997419,0.006,0.007,0.006700000000000002,0.007,0.000458257569495584,0.073,0.095,0.08379999999999999,0.08349999999999999,0.010042907945411033,0.013000000000000001,0.015,0.013650000000000004,0.014,0.0006538348415311004,0.029,0.03,0.029550000000000003,0.03,0.0004974937185533087,0.10200000000000001,0.115,0.10910000000000002,0.109,0.0025865034312755127,0.014,0.015,0.014650000000000002,0.015,0.0004769696007084724,0.093,0.095,0.0938,0.0935,0.0008717797887081355,0.008,0.008,0.008000000000000002,0.008,1.734723475976807e-18,32,32,2560,10240,51200,False,816,1
0.013000000000000001,0.016,0.01571428571428572,0.016,0.0006998542122237651,0.006,0.007,0.006550000000000002,0.007,0.0004974937185533101,0.07200000000000001,0.097,0.0844,0.08399999999999999,0.011128342194594847,0.013000000000000001,0.015,0.013900000000000004,0.014,0.0006244997998398393,0.03,0.032,0.030800000000000004,0.031,0.0005099019513592789,0.10200000000000001,0.112,0.1065,0.107,0.0024186773244895634,0.014,0.015,0.014500000000000002,0.014499999999999999,0.0004999999999999995,0.092,0.096,0.09395,0.094,0.0009733961166965902,0.008,0.008,0.008000000000000002,0.008,1.734723475976807e-18,32,32,2560,10240,51200,False,808,1
0.013000000000000001,0.016,0.01571428571428572,0.016,0.0006998542122237651,0.006,0.007,0.006550000000000002,0.007,0.0004974937185533101,0.07200000000000001,0.097,0.08425,0.08349999999999999,0.010406128002287886,0.013000000000000001,0.014,0.013850000000000005,0.014,0.0003570714214271422,0.03,0.031,0.030600000000000006,0.031,0.0004898979485566361,0.101,0.10300000000000001,0.10225000000000002,0.10200000000000001,0.0007664854858377951,0.014,0.015,0.014900000000000002,0.015,0.00029999999999999976,0.092,0.096,0.09410000000000002,0.094,0.0009433981132056613,0.008,0.008,0.008000000000000002,0.008,1.734723475976807e-18,32,32,2560,10240,51200,False,800,1
0.013000000000000001,0.016,0.01580952380952381,0.016,0.0006632565846278152,0.006,0.007,0.006750000000000002,0.007,0.00043301270189221935,0.07200000000000001,0.096,0.0836,0.08299999999999999,0.010263527658656162,0.013000000000000001,0.015,0.013800000000000003,0.014,0.0005999999999999995,0.03,0.032,0.03155000000000001,0.032,0.0006689544080129831,0.082,0.085,0.08350000000000002,0.084,0.0008660254037844393,0.014,0.015,0.014850000000000002,0.015,0.00035707142142714224,0.091,0.095,0.09250000000000001,0.092,0.0009746794344808972,0.008,0.008,0.008000000000000002,0.008,1.734723475976807e-18,32,32,2560,10240,51200,False,792,1
0.013000000000000001,0.016,0.015095238095238097,0.015,0.0006098213559459856,0.006,0.007,0.006650000000000001,0.007,0.0004769696007084728,0.073,0.096,0.084,0.08349999999999999,0.010054849576199539,0.013000000000000001,0.015,0.013800000000000003,0.014,0.0007483314773547877,0.032,0.033,0.03230000000000001,0.032,0.0004582575694955844,0.082,0.08600000000000001,0.08385000000000001,0.084,0.0012359207094308285,0.014,0.015,0.014250000000000002,0.014,0.00043301270189221897,0.093,0.096,0.09405000000000001,0.094,0.0008046738469715546,0.008,0.008,0.008000000000000002,0.008,1.734723475976807e-18,32,32,2560,10240,51200,False,784,1
0.013000000000000001,0.016,0.015047619047619051,0.015,0.0005753831415997415,0.006,0.007,0.006600000000000002,0.007,0.0004898979485566356,0.073,0.096,0.0842,0.08449999999999999,0.010235233265539191,0.013000000000000001,0.015,0.013850000000000005,0.014,0.0008529361054615983,0.03,0.033,0.03150000000000001,0.0315,0.0006708203932499375,0.083,0.08700000000000001,0.0847,0.085,0.0010049875621120899,0.014,0.015,0.014400000000000001,0.014,0.0004898979485566352,0.092,0.095,0.09305000000000001,0.093,0.0009205976319760994,0.008,0.008,0.008000000000000002,0.008,1.734723475976807e-18,32,32,2560,10240,51200,False,776,1
0.013000000000000001,0.016,0.015047619047619051,0.015,0.0006529194857524802,0.006,0.007,0.006450000000000002,0.006,0.0004974937185533101,0.056,0.068,0.0618,0.0615,0.0045672748986676955,0.012,0.012,0.012000000000000002,0.012,1.734723475976807e-18,0.019,0.02,0.019750000000000004,0.02,0.00043301270189221973,0.067,0.093,0.07179999999999999,0.068,0.00878976677733829,0.014,0.016,0.015700000000000002,0.016,0.000714142842854285,0.059000000000000004,0.069,0.06465000000000001,0.065,0.003553519382246284,0.008,0.008,0.008000000000000002,0.008,1.734723475976807e-18,32,32,2560,10240,51200,False,768,1
0.013000000000000001,0.016,0.015095238095238097,0.015,0.0006098213559459857,0.006,0.007,0.006700000000000002,0.007,0.00045825756949558405,0.056,0.067,0.061349999999999995,0.0615,0.004407663780280888,0.012,0.013000000000000001,0.012100000000000003,0.012,0.00030000000000000024,0.019,0.02,0.019100000000000002,0.019,0.0003000000000000003,0.067,0.093,0.07025,0.068,0.007435556468752019,0.014,0.017,0.015750000000000004,0.016,0.0006982120021884472,0.057,0.062,0.05965,0.06,0.0012359207094308259,0.008,0.008,0.008000000000000002,0.008,1.734723475976807e-18,32,32,2560,10240,51200,False,760,1
0.013000000000000001,0.016,0.015190476190476193,0.015,0.0007315376902732007,0.006,0.007,0.006400000000000001,0.006,0.0004898979485566357,0.057,0.067,0.0615,0.0615,0.004272001872658766,0.012,0.012,0.012000000000000002,0.012,1.734723475976807e-18,0.019,0.02,0.019400000000000004,0.019,0.000489897948556636,0.067,0.093,0.07125000000000001,0.068,0.008870597499605084,0.014,0.016,0.015150000000000002,0.015,0.0006538348415311012,0.058,0.062,0.05970000000000001,0.0595,0.00118743420870379,0.008,0.008,0.008000000000000002,0.008,1.734723475976807e-18,32,32,2560,10240,51200,False,752,1
0.013000000000000001,0.016,0.015000000000000003,0.015,0.0006172133998483674,0.006,0.007,0.006150000000000001,0.006,0.0003570714214271425,0.056,0.067,0.061250000000000006,0.0605,0.004602988159880492,0.012,0.013000000000000001,0.012050000000000002,0.012,0.0002179449471770339,0.019,0.02,0.019300000000000005,0.019,0.0004582575694955844,0.067,0.094,0.08030000000000001,0.08,0.012526372180324196,0.013000000000000001,0.016,0.014150000000000001,0.014499999999999999,0.001013656746635664,0.057,0.061,0.059050000000000005,0.059000000000000004,0.001023474474522934,0.008,0.008,0.008000000000000002,0.008,1.734723475976807e-18,32,32,2560,10240,51200,False,744,1
0.012,0.016,0.014809523809523812,0.015,0.0007315376902732005,0.006,0.007,0.006450000000000002,0.006,0.0004974937185533101,0.064,0.076,0.06885,0.067,0.004198511641046143,0.012,0.013000000000000001,0.012300000000000002,0.012,0.0004582575694955844,0.019,0.02,0.019150000000000004,0.019,0.00035707142142714284,0.067,0.093,0.07135,0.068,0.008827655407864534,0.014,0.016,0.015050000000000003,0.015,0.0005894913061275799,0.059000000000000004,0.062,0.06019999999999999,0.06,0.0012083045973594552,0.008,0.008,0.008000000000000002,0.008,1.734723475976807e-18,32,32,2560,10240,51200,False,736,1
0.012,0.015,0.014619047619047622,0.015,0.0007221786137191949,0.006,0.007,0.006600000000000002,0.007,0.0004898979485566356,0.065,0.077,0.06850000000000002,0.0665,0.00399374510954317,0.012,0.013000000000000001,0.012150000000000003,0.012,0.0003570714214271428,0.019,0.02,0.019050000000000004,0.019,0.00021794494717703388,0.067,0.093,0.07814999999999998,0.068,0.011942675579617822,0.013000000000000001,0.016,0.014250000000000002,0.015,0.0009937303457175888,0.057,0.062,0.0588,0.059000000000000004,0.0011661903789690592,0.008,0.008,0.008000000000000002,0.008,1.734723475976807e-18,32,32,2560,10240,51200,False,728,1
0.012,0.015,0.014285714285714287,0.014,0.0006998542122237649,0.006,0.007,0.0063500000000000015,0.006,0.0004769696007084728,0.067,0.075,0.07035000000000001,0.07,0.0027617928959282924,0.012,0.013000000000000001,0.012050000000000002,0.012,0.0002179449471770339,0.019,0.02,0.019250000000000003,0.019,0.00043301270189221973,0.067,0.093,0.0747,0.068,0.010803240254664335,0.013000000000000001,0.015,0.0142,0.014499999999999999,0.0008717797887081339,0.058,0.062,0.059849999999999993,0.0595,0.0012757350822173057,0.007,0.008,0.007950000000000002,0.008,0.00021794494717703366,32,32,2560,10240,51200,False,720,1
0.012,0.015,0.014142857142857145,0.014,0.0006388765649999397,0.006,0.007,0.006300000000000002,0.006,0.000458257569495584,0.067,0.076,0.07005000000000002,0.069,0.00304097023990699,0.012,0.013000000000000001,0.012200000000000003,0.012,0.00040000000000000034,0.019,0.02,0.019550000000000005,0.02,0.0004974937185533105,0.067,0.092,0.0712,0.068,0.008617424209124206,0.013000000000000001,0.015,0.014600000000000002,0.015,0.0007348469228349528,0.057,0.062,0.059649999999999995,0.0595,0.0013883443376914804,0.007,0.008,0.0079,0.008,0.00030000000000000003,32,32,2560,10240,51200,False,712,1
0.012,0.015,0.014190476190476193,0.014,0.0006632565846278151,0.006,0.007,0.0062000000000000015,0.006,0.0004,0.067,0.076,0.0703,0.069,0.002951270912674738,0.012,0.013000000000000001,0.012350000000000003,0.012,0.00047696960070847325,0.019,0.02,0.019300000000000005,0.019,0.0004582575694955844,0.066,0.093,0.07495000000000002,0.068,0.011612385629146148,0.013000000000000001,0.016,0.014450000000000001,0.015,0.0009733961166965887,0.058,0.065,0.0611,0.06,0.0021886068628239287,0.007,0.008,0.007850000000000001,0.008,0.0003570714214271425,32,32,2560,10240,51200,False,704,1
0.012,0.015,0.014000000000000002,0.014,0.0005345224838248486,0.006,0.007,0.0065000000000000014,0.006500000000000001,0.0005,0.067,0.075,0.0699,0.0695,0.0024269322199023165,0.012,0.013000000000000001,0.012150000000000003,0.012,0.0003570714214271428,0.019,0.02,0.019100000000000002,0.019,0.00030000000000000024,0.066,0.092,0.07215,0.068,0.009577447467879942,0.013000000000000001,0.015,0.014500000000000002,0.015,0.0008062257748298543,0.058,0.064,0.06210000000000001,0.0625,0.001786057109949176,0.006,0.008,0.007550000000000001,0.008,0.0005894913061275798,32,32,2560,10240,51200,False,696,1
0.012,0.015,0.014000000000000002,0.014,0.0005345224838248486,0.006,0.007,0.006450000000000002,0.006,0.0004974937185533101,0.068,0.076,0.07110000000000001,0.07,0.0027910571473905685,0.012,0.013000000000000001,0.012100000000000003,0.012,0.00030000000000000024,0.019,0.02,0.019050000000000004,0.019,0.00021794494717703388,0.066,0.093,0.07555,0.0675,0.011685354081070883,0.012,0.015,0.013800000000000003,0.014,0.0008124038404635956,0.058,0.066,0.061750000000000006,0.0615,0.002426417111710186,0.007,0.008,0.0075000000000000015,0.0075,0.0005,32,32,2560,10240,51200,False,688,1
0.012,0.014,0.013857142857142861,0.014,0.0004665694748158434,0.006,0.007,0.006250000000000001,0.006,0.00043301270189221935,0.067,0.077,0.0724,0.07250000000000001,0.003706750598570124,0.011,0.013000000000000001,0.012050000000000002,0.012,0.0003840572873934307,0.019,0.02,0.019050000000000004,0.019,0.00021794494717703388,0.067,0.093,0.08005000000000001,0.08,0.012459835472429,0.012,0.015,0.013600000000000001,0.013500000000000002,0.0009165151389911674,0.058,0.065,0.06235,0.063,0.0021041625412500813,0.006,0.008,0.007250000000000001,0.0075,0.00082915619758885,32,32,2560,10240,51200,False,680,1
0.011,0.014,0.013428571428571432,0.014,0.0007284313590846835,0.006,0.007,0.006300000000000002,0.006,0.000458257569495584,0.067,0.076,0.069,0.068,0.0026645825188948433,0.012,0.013000000000000001,0.012050000000000002,0.012,0.0002179449471770339,0.019,0.02,0.019050000000000004,0.019,0.00021794494717703388,0.066,0.093,0.07449999999999998,0.0675,0.011258330249197701,0.013000000000000001,0.015,0.01395,0.014,0.0007399324293474364,0.061,0.067,0.06359999999999999,0.0625,0.002332380757938122,0.006,0.008,0.006900000000000001,0.007,0.0005385164807134504,32,32,2560,10240,51200,False,672,1
0.011,0.014,0.013047619047619051,0.013000000000000001,0.0005753831415997416,0.006,0.007,0.006300000000000002,0.006,0.000458257569495584,0.066,0.077,0.0695,0.067,0.003956008088970494,0.012,0.013000000000000001,0.012100000000000003,0.012,0.00030000000000000024,0.019,0.02,0.019050000000000004,0.019,0.00021794494717703388,0.066,0.092,0.0777,0.068,0.011954497061775538,0.012,0.014,0.013150000000000004,0.013500000000000002,0.0009096702699330127,0.061,0.066,0.06420000000000001,0.0645,0.0015033296378372922,0.006,0.008,0.006700000000000002,0.007,0.0006403124237432849,32,32,2560,10240,51200,False,664,1
0.011,0.014,0.013047619047619051,0.013000000000000001,0.0005753831415997416,0.006,0.007,0.006250000000000001,0.006,0.00043301270189221935,0.065,0.074,0.07035,0.07150000000000001,0.0033056769352131166,0.012,0.013000000000000001,0.012150000000000003,0.012,0.0003570714214271428,0.019,0.02,0.019150000000000004,0.019,0.00035707142142714284,0.066,0.092,0.07780000000000001,0.068,0.011960769206033528,0.012,0.014,0.012850000000000004,0.013000000000000001,0.0008529361054615991,0.06,0.069,0.06460000000000002,0.065,0.0021071307505705498,0.006,0.007,0.0063500000000000015,0.006,0.0004769696007084728,32,32,2560,10240,51200,False,656,1
0.011,0.014,0.013142857142857147,0.013000000000000001,0.0006388765649999399,0.006,0.007,0.006400000000000001,0.006,0.0004898979485566357,0.067,0.075,0.07085,0.07100000000000001,0.0033207679834640624,0.012,0.012,0.012000000000000002,0.012,1.734723475976807e-18,0.019,0.02,0.019250000000000003,0.019,0.00043301270189221973,0.066,0.094,0.07350000000000001,0.0675,0.010947602477255005,0.012,0.014,0.013300000000000003,0.014,0.0008426149773176359,0.059000000000000004,0.068,0.06325,0.063,0.0029811910371527707,0.006,0.007,0.0065000000000000014,0.006500000000000001,0.0005,32,32,2560,10240,51200,False,648,1
0.011,0.014,0.013238095238095242,0.013000000000000001,0.0006834619092574916,0.006,0.007,0.006300000000000002,0.006,0.000458257569495584,0.059000000000000004,0.069,0.0624,0.0625,0.002922327839240493,0.011,0.012,0.011600000000000003,0.012,0.0004898979485566361,0.019,0.019,0.019000000000000003,0.019,3.469446951953614e-18,0.066,0.092,0.07075,0.067,0.00867107259801231,0.012,0.014,0.013650000000000004,0.014,0.0007262919523166975,0.055,0.058,0.0568,0.057,0.0006782329983125276,0.006,0.008,0.006400000000000001,0.006,0.0005830951894845301,32,32,2560,10240,51200,False,640,1
0.011,0.014,0.013047619047619051,0.013000000000000001,0.0005753831415997416,0.006,0.007,0.006250000000000001,0.006,0.00043301270189221935,0.057,0.07,0.0635,0.0635,0.004272001872658767,0.01,0.012,0.010950000000000001,0.011,0.0003840572873934304,0.019,0.019,0.019000000000000003,0.019,3.469446951953614e-18,0.066,0.091,0.0691,0.067,0.007154718722633336,0.012,0.014,0.013350000000000004,0.013000000000000001,0.0006538348415311008,0.054,0.057,0.05650000000000001,0.057,0.0008062257748298557,0.006,0.006,0.006000000000000001,0.006,8.673617379884035e-19,32,32,2560,10240,51200,False,632,1
0.011,0.013000000000000001,0.01285714285714286,0.013000000000000001,0.00046656947481584394,0.006,0.007,0.006100000000000001,0.006,0.00030000000000000003,0.058,0.069,0.06395,0.064,0.003774586070021455,0.01,0.012,0.010900000000000002,0.011,0.0004358898943540672,0.019,0.019,0.019000000000000003,0.019,3.469446951953614e-18,0.066,0.092,0.07035,0.067,0.008838976185056727,0.012,0.014,0.013100000000000004,0.013000000000000001,0.0006244997998398398,0.055,0.057,0.05625000000000001,0.056,0.0006982120021884477,0.006,0.007,0.0060500000000000016,0.006,0.0002179449471770337,32,32,2560,10240,51200,False,624,1
0.011,0.014,0.012952380952380957,0.013000000000000001,0.0005753831415997418,0.006,0.007,0.006100000000000001,0.006,0.00030000000000000003,0.06,0.07100000000000001,0.06474999999999999,0.0645,0.004060480267160528,0.01,0.011,0.010850000000000002,0.011,0.0003570714214271422,0.019,0.019,0.019000000000000003,0.019,3.469446951953614e-18,0.066,0.092,0.07895,0.079,0.012167477141955105,0.011,0.014,0.012350000000000003,0.0125,0.0008529361054615996,0.055,0.058,0.0561,0.056,0.0010908712114635723,0.006,0.007,0.0060500000000000016,0.006,0.0002179449471770337,32,32,2560,10240,51200,False,616,1
0.011,0.013000000000000001,0.012571428571428575,0.013000000000000001,0.0005832118435198048,0.006,0.007,0.006150000000000001,0.006,0.0003570714214271425,0.058,0.068,0.06375,0.064,0.0038842631218803923,0.01,0.011,0.010600000000000002,0.011,0.0004898979485566352,0.019,0.02,0.019050000000000004,0.019,0.00021794494717703388,0.066,0.092,0.0695,0.067,0.007365459931328116,0.012,0.014,0.013100000000000004,0.013000000000000001,0.0005385164807134503,0.055,0.058,0.05689999999999999,0.057,0.0007000000000000005,0.006,0.006,0.006000000000000001,0.006,8.673617379884035e-19,32,32,2560,10240,51200,False,608,1
0.01,0.013000000000000001,0.012285714285714289,0.012,0.0006998542122237657,0.006,0.007,0.006100000000000001,0.006,0.00030000000000000003,0.058,0.068,0.0638,0.064,0.003919183588453087,0.01,0.011,0.010600000000000002,0.011,0.0004898979485566352,0.019,0.019,0.019000000000000003,0.019,3.469446951953614e-18,0.065,0.091,0.0769,0.067,0.011575404960518657,0.011,0.013000000000000001,0.012200000000000003,0.013000000000000001,0.0009273618495495712,0.054,0.057,0.05555,0.056,0.0012835497652993449,0.006,0.006,0.006000000000000001,0.006,8.673617379884035e-19,32,32,2560,10240,51200,False,600,1
0.01,0.013000000000000001,0.01247619047619048,0.013000000000000001,0.0007315376902732013,0.006,0.007,0.006100000000000001,0.006,0.00030000000000000003,0.058,0.069,0.0636,0.064,0.0037735924528226436,0.01,0.011,0.010750000000000001,0.011,0.00043301270189221897,0.019,0.019,0.019000000000000003,0.019,3.469446951953614e-18,0.066,0.092,0.07845,0.0785,0.011681074436882932,0.011,0.013000000000000001,0.011850000000000003,0.012,0.0007921489758877436,0.054,0.057,0.05565,0.0555,0.0011521718621802922,0.006,0.006,0.006000000000000001,0.006,8.673617379884035e-19,32,32,2560,10240,51200,False,592,1
0.01,0.013000000000000001,0.012142857142857146,0.012,0.0006388765649999402,0.006,0.007,0.006100000000000001,0.006,0.00030000000000000003,0.057,0.069,0.0636,0.064,0.004431703961232069,0.01,0.011,0.010650000000000001,0.011,0.0004769696007084724,0.019,0.019,0.019000000000000003,0.019,3.469446951953614e-18,0.066,0.092,0.0704,0.067,0.008540491789118467,0.011,0.013000000000000001,0.012500000000000002,0.013000000000000001,0.0007416198487095671,0.055,0.058,0.05685000000000001,0.057,0.0009096702699330135,0.006,0.006,0.006000000000000001,0.006,8.673617379884035e-19,32,32,2560,10240,51200,False,584,1
0.01,0.013000000000000001,0.012095238095238098,0.012,0.0006098213559459858,0.006,0.007,0.0060500000000000016,0.006,0.0002179449471770337,0.056,0.068,0.06285,0.064,0.004102133591193735,0.01,0.011,0.0105,0.010499999999999999,0.0004999999999999996,0.019,0.019,0.019000000000000003,0.019,3.469446951953614e-18,0.066,0.091,0.07645,0.067,0.011685354081070883,0.011,0.013000000000000001,0.011850000000000003,0.012,0.0007921489758877436,0.054,0.057,0.0561,0.057,0.001044030650891056,0.006,0.006,0.006000000000000001,0.006,8.673617379884035e-19,32,32,2560,10240,51200,False,576,1
0.01,0.013000000000000001,0.011904761904761908,0.012,0.0005259695722470125,0.006,0.007,0.006150000000000001,0.006,0.0003570714214271425,0.058,0.07,0.0632,0.0635,0.004032369030731192,0.01,0.011,0.0103,0.01,0.0004582575694955836,0.019,0.019,0.019000000000000003,0.019,3.469446951953614e-18,0.065,0.091,0.0714,0.067,0.009697422337920524,0.011,0.013000000000000001,0.012000000000000002,0.012,0.0006324555320336764,0.054,0.057,0.05565000000000001,0.056,0.0009096702699330132,0.006,0.006,0.006000000000000001,0.006,8.673617379884035e-19,32,32,2560,10240,51200,False,568,1
0.01,0.012,0.011714285714285717,0.012,0.0005471012044321935,0.006,0.006,0.006000000000000001,0.006,8.673617379884035e-19,0.057,0.067,0.0624,0.063,0.004042276586281548,0.01,0.011,0.01025,0.01,0.00043301270189221897,0.019,0.019,0.019000000000000003,0.019,3.469446951953614e-18,0.065,0.09,0.07105000000000002,0.067,0.009367363556518982,0.011,0.012,0.011800000000000001,0.012,0.0004000000000000004,0.054,0.057,0.0558,0.056,0.0008124038404635968,0.006,0.006,0.006000000000000001,0.006,8.673617379884035e-19,32,32,2560,10240,51200,False,560,1
0.01,0.013000000000000001,0.01185714285714286,0.012,0.0005593971487843208,0.006,0.007,0.006100000000000001,0.006,0.00030000000000000003,0.06,0.07,0.0648,0.0645,0.003906404996924926,0.01,0.011,0.0103,0.01,0.0004582575694955836,0.019,0.019,0.019000000000000003,0.019,3.469446951953614e-18,0.065,0.092,0.07844999999999999,0.0785,0.011985303500537644,0.011,0.012,0.011500000000000002,0.0115,0.0005000000000000004,0.054,0.057,0.05550000000000001,0.0555,0.0012041594578792306,0.006,0.006,0.006000000000000001,0.006,8.673617379884035e-19,32,32,2560,10240,51200,False,552,1
0.01,0.012,0.011809523809523811,0.012,0.0004994327848429295,0.006,0.007,0.006100000000000001,0.006,0.00030000000000000003,0.056,0.066,0.06104999999999999,0.0605,0.004318275118609282,0.01,0.011,0.010650000000000001,0.011,0.0004769696007084724,0.019,0.019,0.019000000000000003,0.019,3.469446951953614e-18,0.081,0.084,0.08215,0.082,0.001061838029079766,0.011,0.012,0.011100000000000002,0.011,0.0003000000000000003,0.055,0.056,0.055400000000000005,0.055,0.000489897948556636,0.006,0.006,0.006000000000000001,0.006,8.673617379884035e-19,32,32,2560,10240,51200,False,544,1
0.01,0.012,0.011666666666666669,0.012,0.0005634361698190113,0.006,0.007,0.006100000000000001,0.006,0.00030000000000000003,0.055,0.065,0.059699999999999996,0.0595,0.003661966684720111,0.01,0.011,0.0102,0.01,0.0003999999999999996,0.019,0.019,0.019000000000000003,0.019,3.469446951953614e-18,0.08,0.084,0.08205,0.082,0.0013592277219068199,0.011,0.012,0.01105,0.011,0.0002179449471770339,0.054,0.055,0.054900000000000004,0.055,0.0003000000000000003,0.006,0.006,0.006000000000000001,0.006,8.673617379884035e-19,32,32,2560,10240,51200,False,536,1
0.009000000000000001,0.012,0.011285714285714288,0.011,0.0006998542122237654,0.006,0.007,0.0060500000000000016,0.006,0.0002179449471770337,0.055,0.066,0.059649999999999995,0.0595,0.003745330426010501,0.009000000000000001,0.01,0.009100000000000002,0.009000000000000001,0.00029999999999999976,0.019,0.02,0.019050000000000004,0.019,0.00021794494717703388,0.08,0.083,0.0818,0.082,0.0008717797887081355,0.01,0.011,0.010950000000000001,0.011,0.0002179449471770335,0.054,0.055,0.054900000000000004,0.055,0.0003000000000000003,0.006,0.006,0.006000000000000001,0.006,8.673617379884035e-19,32,32,2560,10240,51200,False,528,1
0.009000000000000001,0.012,0.01123809523809524,0.011,0.0006834619092574916,0.006,0.007,0.006150000000000001,0.006,0.0003570714214271425,0.055,0.066,0.05974999999999999,0.0595,0.00384545185901475,0.008,0.009000000000000001,0.008950000000000003,0.009000000000000001,0.00021794494717703385,0.019,0.02,0.019300000000000005,0.019,0.0004582575694955844,0.08,0.084,0.08220000000000001,0.082,0.0009273618495495713,0.01,0.011,0.0108,0.011,0.0003999999999999997,0.055,0.056,0.05545,0.055,0.0004974937185533104,0.006,0.006,0.006000000000000001,0.006,8.673617379884035e-19,32,32,2560,10240,51200,False,520,1
0.009000000000000001,0.011,0.010904761904761907,0.011,0.0004259177099999596,0.006,0.007,0.0060500000000000016,0.006,0.0002179449471770337,0.039,0.041,0.039950000000000006,0.04,0.00038405728739343076,0.007,0.008,0.007200000000000001,0.007,0.00039999999999999996,0.019,0.02,0.019150000000000004,0.019,0.00035707142142714284,0.051000000000000004,0.053,0.05170000000000001,0.052000000000000005,0.0005567764362830018,0.009000000000000001,0.01,0.009650000000000002,0.01,0.0004769696007084724,0.055,0.056,0.05555000000000001,0.056,0.0004974937185533104,0.006,0.006,0.006000000000000001,0.006,8.673617379884035e-19,32,32,2560,10240,51200,False,512,1
0.009000000000000001,0.011,0.010714285714285716,0.011,0.0005471012044321928,0.006,0.007,0.0060500000000000016,0.006,0.0002179449471770337,0.039,0.041,0.039700000000000006,0.04,0.0005567764362830027,0.007,0.007,0.007000000000000001,0.007,8.673617379884035e-19,0.019,0.019,0.019000000000000003,0.019,3.469446951953614e-18,0.051000000000000004,0.052000000000000005,0.05150000000000001,0.051500000000000004,0.0005000000000000004,0.009000000000000001,0.01,0.009450000000000004,0.009000000000000001,0.0004974937185533095,0.054,0.056,0.05475000000000001,0.055,0.0006224949798994371,0.006,0.006,0.006000000000000001,0.006,8.673617379884035e-19,32,32,2560,10240,51200,False,504,1
0.009000000000000001,0.011,0.010380952380952383,0.01,0.0005753831415997411,0.006,0.006,0.006000000000000001,0.006,8.673617379884035e-19,0.038,0.04,0.03935000000000001,0.039,0.0005722761571129803,0.007,0.008,0.007050000000000001,0.007,0.0002179449471770337,0.019,0.019,0.019000000000000003,0.019,3.469446951953614e-18,0.051000000000000004,0.053,0.051550000000000006,0.051500000000000004,0.0005894913061275795,0.009000000000000001,0.01,0.009050000000000002,0.009000000000000001,0.00021794494717703353,0.054,0.057,0.055400000000000005,0.055,0.000734846922834954,0.006,0.006,0.006000000000000001,0.006,8.673617379884035e-19,32,32,2560,10240,51200,False,496,1
0.009000000000000001,0.011,0.010380952380952383,0.01,0.000575383141599741,0.006,0.006,0.006000000000000001,0.006,8.673617379884035e-19,0.039,0.041,0.03950000000000001,0.039,0.0005916079783099621,0.007,0.007,0.007000000000000001,0.007,8.673617379884035e-19,0.019,0.019,0.019000000000000003,0.019,3.469446951953614e-18,0.051000000000000004,0.052000000000000005,0.05135000000000001,0.051000000000000004,0.0004769696007084732,0.009000000000000001,0.01,0.009100000000000002,0.009000000000000001,0.00029999999999999976,0.053,0.056,0.054849999999999996,0.055,0.0006538348415311017,0.006,0.006,0.006000000000000001,0.006,8.673617379884035e-19,32,32,2560,10240,51200,False,488,1
0.009000000000000001,0.011,0.010238095238095239,0.01,0.000525969572247012,0.006,0.006,0.006000000000000001,0.006,8.673617379884035e-19,0.039,0.04,0.039400000000000004,0.039,0.000489897948556636,0.007,0.008,0.007050000000000001,0.007,0.0002179449471770337,0.019,0.02,0.019100000000000002,0.019,0.00030000000000000024,0.051000000000000004,0.052000000000000005,0.051550000000000006,0.052000000000000005,0.0004974937185533104,0.009000000000000001,0.009000000000000001,0.009000000000000003,0.009000000000000001,1.734723475976807e-18,0.054,0.056,0.0553,0.055,0.0006403124237432854,0.006,0.006,0.006000000000000001,0.006,8.673617379884035e-19,32,32,2560,10240,51200,False,480,1
0.009000000000000001,0.011,0.010047619047619048,0.01,0.00037495275590532397,0.006,0.007,0.0060500000000000016,0.006,0.0002179449471770337,0.038,0.04,0.039150000000000004,0.039,0.0004769696007084732,0.007,0.008,0.007150000000000001,0.007,0.0003570714214271425,0.019,0.019,0.019000000000000003,0.019,3.469446951953614e-18,0.051000000000000004,0.052000000000000005,0.05120000000000001,0.051000000000000004,0.0004000000000000003,0.009000000000000001,0.009000000000000001,0.009000000000000003,0.009000000000000001,1.734723475976807e-18,0.054,0.056,0.054849999999999996,0.055,0.0005722761571129803,0.006,0.006,0.006000000000000001,0.006,8.673617379884035e-19,32,32,2560,10240,51200,False,472,1
0.009000000000000001,0.01,0.009952380952380956,0.01,0.00021295885499997977,0.006,0.006,0.006000000000000001,0.006,8.673617379884035e-19,0.039,0.04,0.03935000000000001,0.039,0.0004769696007084732,0.007,0.007,0.007000000000000001,0.007,8.673617379884035e-19,0.019,0.019,0.019000000000000003,0.019,3.469446951953614e-18,0.05,0.052000000000000005,0.05110000000000001,0.051000000000000004,0.0005385164807134509,0.008,0.009000000000000001,0.008950000000000003,0.009000000000000001,0.00021794494717703385,0.054,0.055,0.05475,0.055,0.00043301270189221973,0.006,0.006,0.006000000000000001,0.006,8.673617379884035e-19,32,32,2560,10240,51200,False,464,1
0.008,0.01,0.009904761904761908,0.01,0.00042591770999995997,0.006,0.007,0.0060500000000000016,0.006,0.0002179449471770337,0.039,0.04,0.03925000000000001,0.039,0.0004330127018922198,0.007,0.007,0.007000000000000001,0.007,8.673617379884035e-19,0.019,0.02,0.019300000000000005,0.019,0.00045825756949558437,0.051000000000000004,0.052000000000000005,0.05150000000000001,0.051500000000000004,0.0005000000000000004,0.008,0.009000000000000001,0.008950000000000003,0.009000000000000001,0.00021794494717703385,0.055,0.056,0.055600000000000004,0.056,0.0004898979485566361,0.006,0.006,0.006000000000000001,0.006,8.673617379884035e-19,32,32,2560,10240,51200,False,456,1
0.008,0.01,0.009809523809523813,0.01,0.0004994327848429292,0.006,0.006,0.006000000000000001,0.006,8.673617379884035e-19,0.038,0.04,0.03910000000000001,0.039,0.00043588989435406776,0.007,0.007,0.007000000000000001,0.007,8.673617379884035e-19,0.019,0.02,0.019250000000000003,0.019,0.00043301270189221973,0.051000000000000004,0.052000000000000005,0.05135000000000001,0.051000000000000004,0.0004769696007084732,0.008,0.009000000000000001,0.008600000000000002,0.009000000000000001,0.000489897948556636,0.054,0.056,0.05555000000000001,0.056,0.0005894913061275802,0.006,0.006,0.006000000000000001,0.006,8.673617379884035e-19,32,32,2560,10240,51200,False,448,1
0.008,0.01,0.009714285714285717,0.01,0.000547101204432193,0.006,0.006,0.006000000000000001,0.006,8.673617379884035e-19,0.039,0.04,0.03930000000000001,0.039,0.0004582575694955844,0.006,0.008,0.0069500000000000004,0.007,0.00038405728739343044,0.019,0.019,0.019000000000000003,0.019,3.469446951953614e-18,0.05,0.052000000000000005,0.050900000000000015,0.051000000000000004,0.00043588989435406776,0.008,0.009000000000000001,0.008250000000000002,0.008,0.0004330127018922198,0.053,0.055,0.05445000000000001,0.0545,0.0005894913061275802,0.006,0.006,0.006000000000000001,0.006,8.673617379884035e-19,32,32,2560,10240,51200,False,440,1
0.008,0.01,0.00966666666666667,0.01,0.0005634361698190108,0.006,0.006,0.006000000000000001,0.006,8.673617379884035e-19,0.039,0.04,0.039150000000000004,0.039,0.00035707142142714284,0.006,0.007,0.0069500000000000004,0.007,0.0002179449471770337,0.019,0.019,0.019000000000000003,0.019,3.469446951953614e-18,0.05,0.052000000000000005,0.050850000000000006,0.051000000000000004,0.0005722761571129804,0.008,0.008,0.008000000000000002,0.008,1.734723475976807e-18,0.054,0.056,0.054900000000000004,0.055,0.0004358898943540677,0.006,0.006,0.006000000000000001,0.006,8.673617379884035e-19,32,32,2560,10240,51200,False,432,1
0.008,0.01,0.009238095238095241,0.009000000000000001,0.0005259695722470122,0.006,0.007,0.0060500000000000016,0.006,0.0002179449471770337,0.038,0.04,0.03905000000000001,0.039,0.0004974937185533105,0.006,0.007,0.006950000000000002,0.007,0.00021794494717703366,0.019,0.019,0.019000000000000003,0.019,3.469446951953614e-18,0.05,0.052000000000000005,0.050900000000000015,0.051000000000000004,0.00043588989435406776,0.008,0.009000000000000001,0.008050000000000002,0.008,0.0002179449471770339,0.054,0.056,0.05495,0.055,0.0005894913061275804,0.005,0.006,0.005950000000000001,0.006,0.00021794494717703366,32,32,2560,10240,51200,False,424,1
0.008,0.01,0.009142857142857145,0.009000000000000001,0.0004665694748158433,0.006,0.006,0.006000000000000001,0.006,8.673617379884035e-19,0.038,0.04,0.038950000000000005,0.039,0.0005894913061275804,0.006,0.007,0.006850000000000002,0.007,0.0003570714214271425,0.019,0.019,0.019000000000000003,0.019,3.469446951953614e-18,0.05,0.052000000000000005,0.05095000000000001,0.051000000000000004,0.00038405728739343076,0.008,0.008,0.008000000000000002,0.008,1.734723475976807e-18,0.054,0.056,0.055200000000000006,0.055,0.0005099019513592789,0.004,0.006,0.0054,0.005,0.0005830951894845301,32,32,2560,10240,51200,False,416,1
0.008,0.009000000000000001,0.008952380952380955,0.009000000000000001,0.00021295885499998015,0.006,0.007,0.006100000000000001,0.006,0.00030000000000000003,0.038,0.04,0.03855000000000001,0.0385,0.0005894913061275802,0.006,0.007,0.006950000000000002,0.007,0.00021794494717703366,0.019,0.019,0.019000000000000003,0.019,3.469446951953614e-18,0.05,0.051000000000000004,0.05070000000000001,0.051000000000000004,0.0004582575694955844,0.008,0.008,0.008000000000000002,0.008,1.734723475976807e-18,0.053,0.056,0.05465,0.055,0.0006538348415311017,0.004,0.006,0.005000000000000001,0.005,0.0007071067811865476,32,32,2560,10240,51200,False,408,1
0.007,0.009000000000000001,0.008904761904761907,0.009000000000000001,0.0004259177099999602,0.006,0.006,0.006000000000000001,0.006,8.673617379884035e-19,0.038,0.039,0.038500000000000006,0.0385,0.0005000000000000004,0.006,0.008,0.006900000000000001,0.007,0.0004358898943540674,0.019,0.019,0.019000000000000003,0.019,3.469446951953614e-18,0.049,0.051000000000000004,0.050400000000000014,0.05,0.0005830951894845307,0.008,0.008,0.008000000000000002,0.008,1.734723475976807e-18,0.054,0.056,0.054700000000000006,0.055,0.0005567764362830027,0.004,0.006,0.004600000000000002,0.0045000000000000005,0.0006633249580710799,32,32,2560,10240,51200,False,400,1
0.007,0.009000000000000001,0.008904761904761907,0.009000000000000001,0.0004259177099999602,0.006,0.006,0.006000000000000001,0.006,8.673617379884035e-19,0.038,0.04,0.03880000000000001,0.039,0.0006000000000000006,0.006,0.007,0.006650000000000001,0.007,0.00047696960070847287,0.019,0.02,0.019050000000000004,0.019,0.00021794494717703388,0.05,0.051000000000000004,0.05060000000000001,0.051000000000000004,0.000489897948556636,0.007,0.008,0.0079,0.008,0.00030000000000000003,0.054,0.056,0.05535000000000001,0.055,0.0005722761571129803,0.004,0.006,0.0043500000000000014,0.004,0.0005722761571129798,32,32,2560,10240,51200,False,392,1
0.007,0.009000000000000001,0.008904761904761907,0.009000000000000001,0.0004259177099999602,0.006,0.006,0.006000000000000001,0.006,8.673617379884035e-19,0.039,0.04,0.039150000000000004,0.039,0.00035707142142714284,0.006,0.007,0.006900000000000002,0.007,0.00030000000000000003,0.015,0.016,0.015650000000000004,0.016,0.0004769696007084733,0.035,0.036000000000000004,0.035100000000000006,0.035,0.00030000000000000024,0.006,0.007,0.006550000000000002,0.007,0.00049749371855331,0.046,0.049,0.04755000000000001,0.048,0.0007399324293474378,0.004,0.006,0.004500000000000001,0.004,0.0005916079783099615,32,32,2560,10240,51200,False,384,1
0.007,0.009000000000000001,0.008809523809523812,0.009000000000000001,0.0004994327848429296,0.006,0.006,0.006000000000000001,0.006,8.673617379884035e-19,0.038,0.04,0.038950000000000005,0.039,0.0004974937185533104,0.006,0.007,0.006650000000000001,0.007,0.00047696960070847287,0.015,0.016,0.015600000000000003,0.016,0.0004898979485566361,0.034,0.036000000000000004,0.034850000000000006,0.035,0.0005722761571129803,0.006,0.007,0.0060500000000000016,0.006,0.0002179449471770337,0.045,0.048,0.046700000000000005,0.047,0.0006403124237432856,0.004,0.005,0.004050000000000001,0.004,0.0002179449471770337,32,32,2560,10240,51200,False,376,1
0.007,0.009000000000000001,0.008333333333333335,0.008,0.0005634361698190115,0.006,0.006,0.006000000000000001,0.006,8.673617379884035e-19,0.038,0.04,0.03880000000000001,0.039,0.0006000000000000006,0.006,0.007,0.006700000000000002,0.007,0.00045825756949558405,0.016,0.017,0.016600000000000004,0.017,0.0004898979485566361,0.034,0.036000000000000004,0.03515000000000001,0.035,0.0004769696007084732,0.006,0.007,0.006100000000000001,0.006,0.00030000000000000003,0.047,0.05,0.04835000000000001,0.048,0.0006538348415311017,0.004,0.005,0.004300000000000001,0.004,0.00045825756949558405,32,32,2560,10240,51200,False,368,1
0.007,0.009000000000000001,0.00804761904761905,0.008,0.00037495275590532456,0.006,0.006,0.006000000000000001,0.006,8.673617379884035e-19,0.038,0.04,0.03875000000000001,0.039,0.0005361902647381809,0.006,0.007,0.006850000000000002,0.007,0.0003570714214271425,0.016,0.017,0.016300000000000002,0.016,0.0004582575694955844,0.034,0.037,0.035350000000000006,0.035,0.0007921489758877429,0.006,0.007,0.006100000000000001,0.006,0.00030000000000000003,0.05,0.052000000000000005,0.05115000000000001,0.051000000000000004,0.0006538348415311016,0.004,0.005,0.004150000000000001,0.004,0.0003570714214271425,32,32,2560,10240,51200,False,360,1
0.007,0.008,0.007952380952380954,0.008,0.00021295885499997998,0.006,0.006,0.006000000000000001,0.006,8.673617379884035e-19,0.031,0.032,0.03180000000000001,0.032,0.00040000000000000034,0.005,0.005,0.005000000000000001,0.005,8.673617379884035e-19,0.013000000000000001,0.014,0.013700000000000004,0.014,0.0004582575694955836,0.034,0.037,0.03575000000000001,0.036000000000000004,0.0006982120021884464,0.006,0.007,0.0060500000000000016,0.006,0.0002179449471770337,0.04,0.041,0.04060000000000001,0.041,0.0004898979485566361,0.004,0.005,0.004250000000000001,0.004,0.00043301270189221935,32,32,2560,10240,51200,False,352,1
0.007,0.008,0.007952380952380954,0.008,0.00021295885499997998,0.006,0.006,0.006000000000000001,0.006,8.673617379884035e-19,0.031,0.032,0.031100000000000006,0.031,0.00030000000000000024,0.005,0.005,0.005000000000000001,0.005,8.673617379884035e-19,0.013000000000000001,0.014,0.013700000000000004,0.014,0.00045825756949558356,0.035,0.037,0.03620000000000001,0.036000000000000004,0.0006782329983125246,0.006,0.006,0.006000000000000001,0.006,8.673617379884035e-19,0.04,0.042,0.04050000000000001,0.04,0.0005916079783099621,0.004,0.005,0.004050000000000001,0.004,0.0002179449471770337,32,32,2560,10240,51200,False,344,1
0.007,0.008,0.007952380952380954,0.008,0.00021295885499997998,0.006,0.006,0.006000000000000001,0.006,8.673617379884035e-19,0.031,0.032,0.031150000000000004,0.031,0.00035707142142714284,0.005,0.005,0.005000000000000001,0.005,8.673617379884035e-19,0.013000000000000001,0.014,0.013800000000000003,0.014,0.0003999999999999997,0.036000000000000004,0.039,0.03715000000000001,0.037,0.0007262919523166965,0.006,0.006,0.006000000000000001,0.006,8.673617379884035e-19,0.04,0.042,0.04050000000000001,0.04,0.0005916079783099622,0.004,0.004,0.004000000000000001,0.004,8.673617379884035e-19,32,32,2560,10240,51200,False,336,1
0.007,0.008,0.007952380952380954,0.008,0.00021295885499997998,0.006,0.006,0.006000000000000001,0.006,8.673617379884035e-19,0.031,0.032,0.031650000000000005,0.032,0.0004769696007084733,0.005,0.005,0.005000000000000001,0.005,8.673617379884035e-19,0.013000000000000001,0.014,0.013900000000000004,0.014,0.00029999999999999976,0.037,0.039,0.0379,0.038,0.0007681145747868616,0.005,0.006,0.005800000000000001,0.006,0.0004,0.039,0.041,0.04020000000000001,0.04,0.0005099019513592789,0.004,0.004,0.004000000000000001,0.004,8.673617379884035e-19,32,32,2560,10240,51200,False,328,1
0.007,0.008,0.007952380952380954,0.008,0.00021295885499997998,0.006,0.006,0.006000000000000001,0.006,8.673617379884035e-19,0.031,0.032,0.03175000000000001,0.032,0.0004330127018922197,0.005,0.005,0.005000000000000001,0.005,8.673617379884035e-19,0.014,0.014,0.014000000000000002,0.014,1.734723475976807e-18,0.047,0.05,0.04805000000000001,0.048,0.0008046738469715548,0.006,0.007,0.006150000000000001,0.006,0.0003570714214271425,0.037,0.038,0.0379,0.038,0.0003000000000000003,0.004,0.004,0.004000000000000001,0.004,8.673617379884035e-19,32,32,2560,10240,51200,False,320,1
0.006,0.008,0.007809523809523811,0.008,0.0004994327848429294,0.006,0.006,0.006000000000000001,0.006,8.673617379884035e-19,0.031,0.032,0.03125000000000001,0.031,0.0004330127018922198,0.005,0.005,0.005000000000000001,0.005,8.673617379884035e-19,0.013000000000000001,0.014,0.013800000000000003,0.014,0.0003999999999999997,0.047,0.049,0.04780000000000001,0.048,0.0006000000000000005,0.006,0.007,0.0060500000000000016,0.006,0.0002179449471770337,0.037,0.038,0.0374,0.037,0.000489897948556636,0.004,0.004,0.004000000000000001,0.004,8.673617379884035e-19,32,32,2560,10240,51200,False,312,1
0.006,0.008,0.007333333333333335,0.007,0.0005634361698190111,0.006,0.006,0.006000000000000001,0.006,8.673617379884035e-19,0.031,0.032,0.031150000000000004,0.031,0.00035707142142714284,0.005,0.005,0.005000000000000001,0.005,8.673617379884035e-19,0.013000000000000001,0.014,0.013950000000000004,0.014,0.00021794494717703353,0.047,0.05,0.04830000000000001,0.048,0.0007141428428542857,0.006,0.007,0.0060500000000000016,0.006,0.0002179449471770337,0.037,0.038,0.037500000000000006,0.0375,0.0005000000000000004,0.004,0.004,0.004000000000000001,0.004,8.673617379884035e-19,32,32,2560,10240,51200,False,304,1
0.006,0.008,0.007047619047619048,0.007,0.0003749527559053243,0.006,0.006,0.006000000000000001,0.006,8.673617379884035e-19,0.031,0.032,0.0316,0.032,0.0004898979485566361,0.005,0.005,0.005000000000000001,0.005,8.673617379884035e-19,0.013000000000000001,0.014,0.013900000000000004,0.014,0.00029999999999999976,0.046,0.049,0.04775000000000001,0.048,0.0008291561975888507,0.006,0.006,0.006000000000000001,0.006,8.673617379884035e-19,0.037,0.038,0.037450000000000004,0.037,0.0004974937185533104,0.004,0.004,0.004000000000000001,0.004,8.673617379884035e-19,32,32,2560,10240,51200,False,296,1
0.006,0.008,0.007000000000000001,0.007,0.00030860669992418383,0.006,0.006,0.006000000000000001,0.006,8.673617379884035e-19,0.031,0.032,0.0316,0.032,0.0004898979485566361,0.005,0.005,0.005000000000000001,0.005,8.673617379884035e-19,0.013000000000000001,0.014,0.013900000000000004,0.014,0.00029999999999999976,0.047,0.05,0.047950000000000007,0.048,0.0009733961166965902,0.006,0.006,0.006000000000000001,0.006,8.673617379884035e-19,0.037,0.038,0.037450000000000004,0.037,0.0004974937185533104,0.004,0.004,0.004000000000000001,0.004,8.673617379884035e-19,32,32,2560,10240,51200,False,288,1
0.006,0.008,0.007047619047619048,0.007,0.0003749527559053243,0.006,0.006,0.006000000000000001,0.006,8.673617379884035e-19,0.031,0.032,0.031200000000000006,0.031,0.0004000000000000003,0.005,0.005,0.005000000000000001,0.005,8.673617379884035e-19,0.013000000000000001,0.015,0.014050000000000002,0.014,0.0004974937185533096,0.047,0.049,0.04780000000000001,0.048,0.000509901951359279,0.006,0.006,0.006000000000000001,0.006,8.673617379884035e-19,0.037,0.038,0.0374,0.037,0.000489897948556636,0.004,0.004,0.004000000000000001,0.004,8.673617379884035e-19,32,32,2560,10240,51200,False,280,1
0.006,0.007,0.006952380952380955,0.007,0.00021295885499997996,0.006,0.006,0.006000000000000001,0.006,8.673617379884035e-19,0.031,0.032,0.031050000000000005,0.031,0.00021794494717703388,0.005,0.005,0.005000000000000001,0.005,8.673617379884035e-19,0.013000000000000001,0.014,0.013900000000000004,0.014,0.00029999999999999976,0.047,0.049,0.04775000000000001,0.048,0.0006224949798994372,0.005,0.006,0.005950000000000001,0.006,0.0002179449471770337,0.038,0.04,0.038650000000000004,0.0385,0.0007262919523166983,0.004,0.004,0.004000000000000001,0.004,8.673617379884035e-19,32,32,2560,10240,51200,False,272,1
0.006,0.007,0.006952380952380955,0.007,0.00021295885499997996,0.006,0.006,0.006000000000000001,0.006,8.673617379884035e-19,0.031,0.032,0.031400000000000004,0.031,0.000489897948556636,0.004,0.005,0.004050000000000001,0.004,0.0002179449471770337,0.014,0.015,0.014050000000000002,0.014,0.0002179449471770335,0.047,0.049,0.047700000000000006,0.048,0.0006403124237432854,0.005,0.006,0.0056500000000000005,0.006,0.0004769696007084729,0.037,0.04,0.03835000000000001,0.038,0.0007262919523166982,0.004,0.004,0.004000000000000001,0.004,8.673617379884035e-19,32,32,2560,10240,51200,False,264,1
0.005,0.007,0.006904761904761907,0.007,0.0004259177099999599,0.006,0.006,0.006000000000000001,0.006,8.673617379884035e-19,0.023,0.024,0.023300000000000005,0.023,0.0004582575694955844,0.004,0.005,0.004800000000000001,0.005,0.0004,0.014,0.014,0.014000000000000002,0.014,1.734723475976807e-18,0.032,0.034,0.033150000000000006,0.033,0.00047696960070847325,0.005,0.005,0.005000000000000001,0.005,8.673617379884035e-19,0.037,0.038,0.0374,0.037,0.000489897948556636,0.004,0.004,0.004000000000000001,0.004,8.673617379884035e-19,32,32,2560,10240,51200,False,256,1
0.005,0.007,0.006761904761904764,0.007,0.0005259695722470124,0.006,0.006,0.006000000000000001,0.006,8.673617379884035e-19,0.022,0.024,0.023150000000000004,0.023,0.00047696960070847325,0.004,0.005,0.004150000000000001,0.004,0.0003570714214271425,0.013000000000000001,0.014,0.013050000000000003,0.013000000000000001,0.00021794494717703353,0.032,0.034,0.03300000000000001,0.033,0.0003162277660168382,0.005,0.005,0.005000000000000001,0.005,8.673617379884035e-19,0.036000000000000004,0.038,0.03700000000000001,0.037,0.0003162277660168371,0.004,0.005,0.004050000000000001,0.004,0.0002179449471770337,32,32,2560,10240,51200,False,248,1
0.005,0.007,0.006619047619047621,0.007,0.0005753831415997416,0.006,0.006,0.006000000000000001,0.006,8.673617379884035e-19,0.022,0.024,0.022950000000000005,0.023,0.00038405728739343076,0.004,0.005,0.004150000000000001,0.004,0.0003570714214271425,0.013000000000000001,0.014,0.013250000000000003,0.013000000000000001,0.00043301270189221897,0.032,0.034,0.033100000000000004,0.033,0.00043588989435406776,0.005,0.005,0.005000000000000001,0.005,8.673617379884035e-19,0.036000000000000004,0.038,0.03700000000000001,0.037,0.0005477225575051647,0.004,0.004,0.004000000000000001,0.004,8.673617379884035e-19,32,32,2560,10240,51200,False,240,1
0.005,0.007,0.00642857142857143,0.006,0.0005832118435198043,0.006,0.006,0.006000000000000001,0.006,8.673617379884035e-19,0.023,0.024,0.023150000000000004,0.023,0.00035707142142714284,0.004,0.005,0.004050000000000001,0.004,0.0002179449471770337,0.013000000000000001,0.014,0.013200000000000003,0.013000000000000001,0.00039999999999999964,0.032,0.034,0.032900000000000006,0.033,0.0005385164807134509,0.004,0.005,0.004250000000000001,0.004,0.00043301270189221935,0.036000000000000004,0.038,0.03695000000000001,0.037,0.0004974937185533084,0.004,0.004,0.004000000000000001,0.004,8.673617379884035e-19,32,32,2560,10240,51200,False,232,1
0.005,0.007,0.006095238095238096,0.006,0.00042591770999995997,0.006,0.006,0.006000000000000001,0.006,8.673617379884035e-19,0.023,0.024,0.023050000000000005,0.023,0.00021794494717703388,0.004,0.005,0.004050000000000001,0.004,0.0002179449471770337,0.013000000000000001,0.014,0.013100000000000004,0.013000000000000001,0.00029999999999999976,0.032,0.034,0.03295000000000001,0.033,0.00038405728739343076,0.004,0.005,0.004100000000000001,0.004,0.00030000000000000003,0.036000000000000004,0.038,0.03670000000000001,0.037,0.0006403124237432824,0.004,0.004,0.004000000000000001,0.004,8.673617379884035e-19,32,32,2560,10240,51200,False,224,1
0.005,0.006,0.005952380952380954,0.006,0.00021295885499997998,0.006,0.006,0.006000000000000001,0.006,8.673617379884035e-19,0.023,0.024,0.023300000000000005,0.023,0.0004582575694955844,0.004,0.005,0.004050000000000001,0.004,0.0002179449471770337,0.013000000000000001,0.014,0.013050000000000003,0.013000000000000001,0.00021794494717703353,0.032,0.034,0.032400000000000005,0.032,0.0005830951894845306,0.004,0.005,0.004050000000000001,0.004,0.0002179449471770337,0.036000000000000004,0.038,0.03665000000000001,0.036500000000000005,0.000726291952316695,0.004,0.004,0.004000000000000001,0.004,8.673617379884035e-19,32,32,2560,10240,51200,False,216,1
0.005,0.006,0.005952380952380954,0.006,0.00021295885499997998,0.006,0.006,0.006000000000000001,0.006,8.673617379884035e-19,0.022,0.023,0.022800000000000004,0.023,0.0004000000000000003,0.004,0.005,0.004050000000000001,0.004,0.0002179449471770337,0.013000000000000001,0.014,0.013150000000000004,0.013000000000000001,0.0003570714214271422,0.032,0.033,0.032400000000000005,0.032,0.000489897948556636,0.004,0.005,0.004150000000000001,0.004,0.0003570714214271425,0.036000000000000004,0.037,0.03655000000000001,0.037,0.0004974937185533069,0.004,0.004,0.004000000000000001,0.004,8.673617379884035e-19,32,32,2560,10240,51200,False,208,1
0.005,0.006,0.005952380952380954,0.006,0.00021295885499997998,0.006,0.006,0.006000000000000001,0.006,8.673617379884035e-19,0.023,0.024,0.023150000000000004,0.023,0.00035707142142714284,0.004,0.004,0.004000000000000001,0.004,8.673617379884035e-19,0.013000000000000001,0.014,0.013200000000000003,0.013000000000000001,0.00039999999999999964,0.032,0.033,0.03245000000000001,0.032,0.0004974937185533104,0.004,0.005,0.004050000000000001,0.004,0.0002179449471770337,0.036000000000000004,0.038,0.03685000000000001,0.037,0.0004769696007084707,0.004,0.004,0.004000000000000001,0.004,8.673617379884035e-19,32,32,2560,10240,51200,False,200,1
0.004,0.006,0.005761904761904763,0.006,0.0005259695722470124,0.006,0.006,0.006000000000000001,0.006,8.673617379884035e-19,0.022,0.024,0.023150000000000004,0.023,0.0005722761571129803,0.004,0.004,0.004000000000000001,0.004,8.673617379884035e-19,0.012,0.013000000000000001,0.012700000000000003,0.013000000000000001,0.0004582575694955844,0.039,0.046,0.042350000000000006,0.042499999999999996,0.0023296995514443474,0.004,0.004,0.004000000000000001,0.004,8.673617379884035e-19,0.03,0.033,0.031900000000000005,0.032,0.0007000000000000008,0.004,0.004,0.004000000000000001,0.004,8.673617379884035e-19,32,32,2560,10240,51200,False,192,1
0.004,0.006,0.00580952380952381,0.006,0.0004994327848429294,0.006,0.006,0.006000000000000001,0.006,8.673617379884035e-19,0.022,0.024,0.022950000000000005,0.023,0.0005894913061275804,0.004,0.004,0.004000000000000001,0.004,8.673617379884035e-19,0.012,0.013000000000000001,0.012750000000000003,0.013000000000000001,0.0004330127018922198,0.039,0.045,0.042100000000000005,0.042499999999999996,0.002467792535850612,0.004,0.004,0.004000000000000001,0.004,8.673617379884035e-19,0.031,0.032,0.03185,0.032,0.00035707142142714284,0.004,0.004,0.004000000000000001,0.004,8.673617379884035e-19,32,32,2560,10240,51200,False,184,1
0.004,0.006,0.005380952380952382,0.005,0.0005753831415997415,0.006,0.006,0.006000000000000001,0.006,8.673617379884035e-19,0.023,0.025,0.023800000000000005,0.024,0.000509901951359279,0.004,0.005,0.004050000000000001,0.004,0.0002179449471770337,0.013000000000000001,0.014,0.013200000000000003,0.013000000000000001,0.0003999999999999997,0.04,0.045,0.042550000000000004,0.043,0.0019358460682605925,0.004,0.004,0.004000000000000001,0.004,8.673617379884035e-19,0.03,0.032,0.031650000000000005,0.032,0.0007262919523166982,0.004,0.004,0.004000000000000001,0.004,8.673617379884035e-19,32,32,2560,10240,51200,False,176,1
0.004,0.005,0.004952380952380954,0.005,0.00021295885499997998,0.006,0.006,0.006000000000000001,0.006,8.673617379884035e-19,0.022,0.024,0.023600000000000003,0.024,0.0005830951894845307,0.004,0.004,0.004000000000000001,0.004,8.673617379884035e-19,0.012,0.013000000000000001,0.012850000000000004,0.013000000000000001,0.0003570714214271428,0.04,0.046,0.0425,0.043,0.0020124611797498093,0.004,0.004,0.004000000000000001,0.004,8.673617379884035e-19,0.03,0.032,0.03135,0.032,0.0008529361054615997,0.004,0.004,0.004000000000000001,0.004,8.673617379884035e-19,32,32,2560,10240,51200,False,168,1
0.004,0.005,0.004952380952380954,0.005,0.00021295885499997998,0.006,0.006,0.006000000000000001,0.006,8.673617379884035e-19,0.023,0.024,0.023250000000000003,0.023,0.00043301270189221973,0.004,0.004,0.004000000000000001,0.004,8.673617379884035e-19,0.013000000000000001,0.014,0.013100000000000004,0.013000000000000001,0.00029999999999999976,0.039,0.041,0.039700000000000006,0.04,0.0005567764362830027,0.003,0.004,0.003350000000000001,0.003,0.00047696960070847287,0.031,0.032,0.031700000000000006,0.032,0.00045825756949558437,0.004,0.004,0.004000000000000001,0.004,8.673617379884035e-19,32,32,2560,10240,51200,False,160,1
0.004,0.005,0.004952380952380954,0.005,0.00021295885499997998,0.006,0.006,0.006000000000000001,0.006,8.673617379884035e-19,0.023,0.024,0.023200000000000005,0.023,0.0004000000000000003,0.004,0.004,0.004000000000000001,0.004,8.673617379884035e-19,0.013000000000000001,0.013000000000000001,0.013000000000000003,0.013000000000000001,1.734723475976807e-18,0.039,0.041,0.03960000000000001,0.0395,0.0006633249580710806,0.003,0.003,0.0030000000000000005,0.003,4.336808689942018e-19,0.031,0.033,0.03185,0.032,0.0004769696007084733,0.004,0.004,0.004000000000000001,0.004,8.673617379884035e-19,32,32,2560,10240,51200,False,152,1
0.004,0.005,0.004952380952380954,0.005,0.00021295885499997998,0.006,0.006,0.006000000000000001,0.006,8.673617379884035e-19,0.023,0.024,0.023100000000000002,0.023,0.00030000000000000024,0.004,0.004,0.004000000000000001,0.004,8.673617379884035e-19,0.013000000000000001,0.014,0.013550000000000003,0.014,0.0004974937185533095,0.039,0.041,0.039650000000000005,0.04,0.0006538348415311017,0.003,0.003,0.0030000000000000005,0.003,4.336808689942018e-19,0.03,0.033,0.03245000000000001,0.033,0.0008046738469715547,0.004,0.004,0.004000000000000001,0.004,8.673617379884035e-19,32,32,2560,10240,51200,False,144,1
0.004,0.005,0.004952380952380954,0.005,0.00021295885499997998,0.006,0.006,0.006000000000000001,0.006,8.673617379884035e-19,0.023,0.024,0.023150000000000004,0.023,0.00035707142142714284,0.004,0.004,0.004000000000000001,0.004,8.673617379884035e-19,0.013000000000000001,0.014,0.013400000000000004,0.013000000000000001,0.0004898979485566351,0.039,0.041,0.03985000000000001,0.04,0.0004769696007084732,0.003,0.003,0.0030000000000000005,0.003,4.336808689942018e-19,0.032,0.033,0.032200000000000006,0.032,0.0004000000000000003,0.004,0.004,0.004000000000000001,0.004,8.673617379884035e-19,32,32,2560,10240,51200,False,136,1
0.004,0.005,0.0049047619047619066,0.005,0.00029354352395090366,0.006,0.006,0.006000000000000001,0.006,8.673617379884035e-19,0.02,0.021,0.020200000000000003,0.02,0.00040000000000000034,0.003,0.004,0.0034500000000000004,0.003,0.0004974937185533101,0.011,0.011,0.011000000000000001,0.011,1.734723475976807e-18,0.025,0.027,0.025900000000000006,0.026000000000000002,0.0004358898943540673,0.003,0.003,0.0030000000000000005,0.003,4.336808689942018e-19,0.028,0.031,0.028950000000000004,0.029,0.0008046738469715537,0.004,0.004,0.004000000000000001,0.004,8.673617379884035e-19,32,32,2560,10240,51200,False,128,1
0.004,0.005,0.004714285714285716,0.005,0.0004517539514526256,0.006,0.006,0.006000000000000001,0.006,8.673617379884035e-19,0.02,0.021,0.020150000000000005,0.02,0.00035707142142714284,0.003,0.004,0.00355,0.004,0.00049749371855331,0.011,0.011,0.011000000000000001,0.011,1.734723475976807e-18,0.025,0.027,0.025550000000000007,0.025,0.0006689544080129825,0.003,0.003,0.0030000000000000005,0.003,4.336808689942018e-19,0.028,0.031,0.029400000000000003,0.029,0.0010677078252031306,0.004,0.004,0.004000000000000001,0.004,8.673617379884035e-19,32,32,2560,10240,51200,False,120,1
0.004,0.005,0.004333333333333335,0.004,0.0004714045207910317,0.006,0.006,0.006000000000000001,0.006,8.673617379884035e-19,0.02,0.021,0.020200000000000003,0.02,0.00040000000000000034,0.003,0.004,0.0035000000000000005,0.0035,0.0005,0.011,0.011,0.011000000000000001,0.011,1.734723475976807e-18,0.025,0.026000000000000002,0.025350000000000004,0.025,0.00047696960070847314,0.003,0.003,0.0030000000000000005,0.003,4.336808689942018e-19,0.028,0.031,0.029100000000000004,0.029,0.0008888194417315582,0.004,0.004,0.004000000000000001,0.004,8.673617379884035e-19,32,32,2560,10240,51200,False,112,1
0.004,0.004,0.004000000000000001,0.004,8.673617379884035e-19,0.006,0.006,0.006000000000000001,0.006,8.673617379884035e-19,0.02,0.021,0.020150000000000005,0.02,0.00035707142142714284,0.003,0.004,0.00355,0.004,0.00049749371855331,0.011,0.011,0.011000000000000001,0.011,1.734723475976807e-18,0.025,0.026000000000000002,0.025600000000000005,0.026000000000000002,0.0004898979485566361,0.002,0.003,0.0029000000000000007,0.003,0.00030000000000000003,0.029,0.032,0.030800000000000004,0.031,0.0009273618495495704,0.003,0.004,0.0039000000000000007,0.004,0.00030000000000000003,32,32,2560,10240,51200,False,104,1
0.003,0.004,0.003952380952380953,0.004,0.00021295885499997998,0.005,0.006,0.005950000000000001,0.006,0.00021794494717703366,0.019,0.021,0.020000000000000004,0.02,0.0003162277660168382,0.004,0.004,0.004000000000000001,0.004,8.673617379884035e-19,0.011,0.011,0.011000000000000001,0.011,1.734723475976807e-18,0.025,0.026000000000000002,0.025300000000000007,0.025,0.00045825756949558437,0.002,0.003,0.0020500000000000006,0.002,0.0002179449471770337,0.028,0.03,0.028550000000000002,0.028,0.0006689544080129825,0.003,0.004,0.0039000000000000007,0.004,0.00030000000000000003,32,32,2560,10240,51200,False,96,1
0.003,0.004,0.003952380952380953,0.004,0.00021295885499997998,0.006,0.006,0.006000000000000001,0.006,8.673617379884035e-19,0.019,0.021,0.019850000000000003,0.02,0.0004769696007084733,0.004,0.004,0.004000000000000001,0.004,8.673617379884035e-19,0.011,0.011,0.011000000000000001,0.011,1.734723475976807e-18,0.025,0.026000000000000002,0.025150000000000006,0.025,0.00035707142142714284,0.002,0.003,0.0020500000000000006,0.002,0.0002179449471770337,0.028,0.03,0.028650000000000002,0.029,0.00057227615711298,0.003,0.004,0.00395,0.004,0.0002179449471770337,32,32,2560,10240,51200,False,88,1
0.003,0.004,0.003952380952380953,0.004,0.00021295885499997998,0.005,0.006,0.005950000000000001,0.006,0.00021794494717703366,0.019,0.02,0.019800000000000005,0.02,0.0004000000000000003,0.004,0.004,0.004000000000000001,0.004,8.673617379884035e-19,0.011,0.011,0.011000000000000001,0.011,1.734723475976807e-18,0.025,0.026000000000000002,0.025250000000000005,0.025,0.00043301270189221973,0.002,0.002,0.0020000000000000005,0.002,4.336808689942018e-19,0.029,0.03,0.029850000000000005,0.03,0.0003570714214271416,0.003,0.004,0.0039000000000000007,0.004,0.00030000000000000003,32,32,2560,10240,51200,False,80,1
0.003,0.004,0.003952380952380953,0.004,0.00021295885499997998,0.005,0.006,0.005800000000000001,0.006,0.0004,0.02,0.021,0.020200000000000003,0.02,0.00040000000000000034,0.004,0.004,0.004000000000000001,0.004,8.673617379884035e-19,0.011,0.011,0.011000000000000001,0.011,1.734723475976807e-18,0.024,0.026000000000000002,0.025150000000000006,0.025,0.0004769696007084732,0.002,0.002,0.0020000000000000005,0.002,4.336808689942018e-19,0.028,0.029,0.02815,0.028,0.0003570714214271428,0.003,0.004,0.0038500000000000006,0.004,0.0003570714214271425,32,32,2560,10240,51200,False,72,1
0.003,0.004,0.003952380952380953,0.004,0.00021295885499997998,0.005,0.006,0.005900000000000001,0.006,0.00030000000000000003,0.02,0.021,0.020100000000000003,0.02,0.00030000000000000024,0.003,0.004,0.0037500000000000007,0.004,0.00043301270189221935,0.01,0.012,0.010950000000000001,0.011,0.0005894913061275797,0.024,0.025,0.024100000000000003,0.024,0.00030000000000000024,0.002,0.002,0.0020000000000000005,0.002,4.336808689942018e-19,0.025,0.027,0.026050000000000007,0.026000000000000002,0.0003840572873934299,0.002,0.004,0.003400000000000001,0.004,0.0007348469228349534,32,32,2560,10240,51200,False,64,1
0.003,0.004,0.0035714285714285718,0.004,0.0004948716593053935,0.005,0.006,0.005900000000000001,0.006,0.00030000000000000003,0.019,0.02,0.019400000000000004,0.019,0.000489897948556636,0.003,0.004,0.0037000000000000006,0.004,0.00045825756949558394,0.011,0.012,0.01105,0.011,0.0002179449471770339,0.024,0.026000000000000002,0.024450000000000006,0.024,0.0005894913061275802,0.002,0.002,0.0020000000000000005,0.002,4.336808689942018e-19,0.024,0.026000000000000002,0.024950000000000007,0.025,0.0005894913061275804,0.002,0.004,0.0030000000000000005,0.003,0.0007745966692414833,32,32,2560,10240,51200,False,56,1
0.003,0.003,0.0030000000000000005,0.003,4.336808689942018e-19,0.005,0.006,0.005950000000000001,0.006,0.0002179449471770337,0.019,0.02,0.019050000000000004,0.019,0.00021794494717703388,0.003,0.004,0.0036000000000000003,0.004,0.0004898979485566357,0.01,0.011,0.010850000000000002,0.011,0.00035707142142714224,0.023,0.024,0.023350000000000003,0.023,0.00047696960070847325,0.002,0.002,0.0020000000000000005,0.002,4.336808689942018e-19,0.024,0.026000000000000002,0.025050000000000006,0.025,0.0007399324293474377,0.002,0.004,0.0032000000000000006,0.003,0.0006000000000000001,32,32,2560,10240,51200,False,48,1
0.003,0.003,0.0030000000000000005,0.003,4.336808689942018e-19,0.005,0.006,0.005800000000000001,0.006,0.0004,0.019,0.02,0.019600000000000003,0.02,0.0004898979485566361,0.003,0.004,0.0038000000000000004,0.004,0.0004,0.01,0.011,0.010350000000000002,0.01,0.0004769696007084724,0.024,0.025,0.024050000000000005,0.024,0.00021794494717703388,0.002,0.002,0.0020000000000000005,0.002,4.336808689942018e-19,0.024,0.026000000000000002,0.024750000000000005,0.025,0.0006982120021884477,0.002,0.004,0.00255,0.0025,0.0005894913061275798,32,32,2560,10240,51200,False,40,1
0.003,0.003,0.0030000000000000005,0.003,4.336808689942018e-19,0.005,0.006,0.005900000000000001,0.006,0.00030000000000000003,0.019,0.02,0.019200000000000002,0.019,0.00040000000000000034,0.003,0.004,0.0037500000000000007,0.004,0.00043301270189221935,0.01,0.01,0.010000000000000002,0.01,1.734723475976807e-18,0.023,0.025,0.023750000000000004,0.024,0.0006224949798994372,0.002,0.002,0.0020000000000000005,0.002,4.336808689942018e-19,0.024,0.026000000000000002,0.024600000000000004,0.0245,0.0006633249580710806,0.002,0.004,0.0030000000000000005,0.003,0.0006324555320336759,32,32,2560,10240,51200,False,32,1
0.003,0.003,0.0030000000000000005,0.003,4.336808689942018e-19,0.005,0.006,0.005850000000000001,0.006,0.0003570714214271425,0.019,0.02,0.019050000000000004,0.019,0.00021794494717703388,0.003,0.004,0.0034500000000000004,0.003,0.0004974937185533101,0.01,0.011,0.01005,0.01,0.00021794494717703353,0.023,0.024,0.023550000000000005,0.024,0.0004974937185533105,0.001,0.002,0.0010500000000000002,0.001,0.00021794494717703366,0.023,0.025,0.024250000000000004,0.024,0.0006224949798994372,0.002,0.003,0.002300000000000001,0.002,0.000458257569495584,32,32,2560,10240,51200,False,24,1
0.008,0.012,0.011142857142857145,0.011,0.000832993127835043,0.005,0.006,0.005800000000000001,0.006,0.0004,0.017,0.018000000000000002,0.017150000000000006,0.017,0.00035707142142714284,0.003,0.004,0.0037000000000000006,0.004,0.00045825756949558405,0.01,0.01,0.010000000000000002,0.01,1.734723475976807e-18,0.023,0.024,0.023350000000000003,0.023,0.0004769696007084732,0.001,0.001,0.0010000000000000002,0.001,2.168404344971009e-19,0.023,0.024,0.023300000000000005,0.023,0.0004582575694955844,0.002,0.003,0.002300000000000001,0.002,0.0004582575694955841,32,32,2560,10240,51200,False,16,1
0.005,0.007,0.006761904761904764,0.007,0.0005259695722470124,0.005,0.006,0.005950000000000001,0.006,0.00021794494717703366,0.017,0.017,0.017000000000000005,0.017,3.469446951953614e-18,0.003,0.004,0.0035000000000000005,0.0035,0.0005,0.009000000000000001,0.009000000000000001,0.009000000000000003,0.009000000000000001,1.734723475976807e-18,0.023,0.024,0.023250000000000003,0.023,0.00043301270189221973,0.001,0.001,0.0010000000000000002,0.001,2.168404344971009e-19,0.023,0.024,0.023150000000000004,0.023,0.0003570714214271428,0.002,0.004,0.0022000000000000006,0.002,0.0005099019513592786,32,32,2560,10240,51200,False,8,1
0.003,0.004,0.003952380952380953,0.004,0.00021295885499997998,0.006,0.006,0.006000000000000001,0.006,8.673617379884035e-19,0.016,0.017,0.016950000000000003,0.017,0.00021794494717703385,0.003,0.004,0.003450000000000001,0.003,0.0004974937185533101,0.009000000000000001,0.01,0.009100000000000002,0.009000000000000001,0.00029999999999999976,0.022,0.024,0.023250000000000003,0.023,0.0005361902647381809,0.001,0.001,0.0010000000000000002,0.001,2.168404344971009e-19,0.023,0.024,0.023200000000000005,0.023,0.0004000000000000003,0.002,0.002,0.0020000000000000005,0.002,4.336808689942018e-19,32,32,2560,10240,51200,False,4,1
0.002,0.003,0.002952380952380953,0.003,0.00021295885499997998,0.006,0.006,0.006000000000000001,0.006,8.673617379884035e-19,0.016,0.017,0.016700000000000003,0.017,0.0004582575694955844,0.003,0.004,0.0032000000000000006,0.003,0.0004,0.009000000000000001,0.01,0.009100000000000002,0.009000000000000001,0.00029999999999999976,0.023,0.024,0.023250000000000003,0.023,0.00043301270189221973,0.001,0.001,0.0010000000000000002,0.001,2.168404344971009e-19,0.023,0.024,0.023050000000000005,0.023,0.00021794494717703388,0.002,0.003,0.0021500000000000004,0.002,0.0003570714214271425,32,32,2560,10240,51200,False,2,1
0.002,0.003,0.0020952380952380958,0.002,0.00029354352395090366,0.006,0.006,0.006000000000000001,0.006,8.673617379884035e-19,0.016,0.017,0.016200000000000003,0.016,0.00040000000000000034,0.003,0.004,0.003150000000000001,0.003,0.0003570714214271425,0.009000000000000001,0.01,0.009050000000000002,0.009000000000000001,0.00021794494717703353,0.022,0.023,0.0221,0.022,0.00030000000000000024,0.001,0.001,0.0010000000000000002,0.001,2.168404344971009e-19,0.022,0.023,0.022550000000000004,0.023,0.0004974937185533105,0.002,0.003,0.002300000000000001,0.002,0.00045825756949558405,32,32,2560,10240,51200,False,1,1
0.069,0.075,0.07323809523809525,0.073,0.001341809790819556,0.021,0.022,0.021050000000000003,0.021,0.00021794494717703315,0.10350000000000001,0.106,0.104375,0.1045,0.0005214163403653509,0.066,0.067,0.06620000000000001,0.066,0.0004000000000000003,0.0365,0.043000000000000003,0.041225,0.04225,0.002384716964337699,0.1465,0.1485,0.14739999999999998,0.1475,0.00046368092477478556,0.034,0.0345,0.03405000000000001,0.034,0.00015000000000000012,0.1595,0.187,0.17195,0.16725,0.009885469134037086,0.04,0.042,0.04050000000000001,0.04,0.0005916079783099623,32,32,2560,10240,51200,False,4096,2
0.07,0.074,0.07247619047619049,0.073,0.0009060141709733499,0.021,0.022,0.021150000000000002,0.021,0.0003570714214271416,0.1045,0.1075,0.10540000000000001,0.1055,0.0007516648189186461,0.066,0.067,0.06640000000000001,0.066,0.0004898979485566361,0.036000000000000004,0.043000000000000003,0.038275,0.0365,0.0028393441144038893,0.148,0.15,0.14905,0.149,0.0004974937185533104,0.034,0.0345,0.034100000000000005,0.034,0.00020000000000000015,0.14300000000000002,0.186,0.16854999999999998,0.1675,0.011409316368652415,0.04,0.041,0.040400000000000005,0.04,0.000489897948556636,32,32,2560,10240,51200,False,4096,2
0.068,0.075,0.07252380952380953,0.073,0.0014013275209106783,0.02,0.021,0.020900000000000005,0.021,0.0003000000000000003,0.1075,0.1095,0.10782499999999999,0.1075,0.0005068283733178328,0.065,0.066,0.06585,0.066,0.0003570714214271428,0.036000000000000004,0.0425,0.03710000000000001,0.0365,0.0018814887722226786,0.148,0.15,0.14867499999999995,0.1485,0.00048153400710645593,0.0335,0.034,0.033775,0.034,0.0002487468592766552,0.1545,0.1565,0.15567499999999998,0.1555,0.000530919014539883,0.04,0.041,0.04030000000000001,0.04,0.0004582575694955844,32,32,2560,10240,51200,False,4064,2
0.069,0.074,0.07209523809523811,0.07200000000000001,0.0009712418121129079,0.02,0.021,0.020750000000000005,0.021,0.00043301270189221973,0.1065,0.1085,0.107125,0.107,0.00044370598373247164,0.065,0.066,0.0655,0.0655,0.0005000000000000004,0.04,0.041,0.040725,0.041,0.0003344772040064916,0.147,0.148,0.147525,0.1475,0.00036996621467371885,0.0335,0.034,0.033675,0.0335,0.00023848480035423662,0.154,0.1555,0.1547,0.1545,0.00048476798574163333,0.038,0.041,0.039900000000000005,0.04,0.0007681145747868615,32,32,2560,10240,51200,False,4032,2
0.069,0.07200000000000001,0.0712857142857143,0.07100000000000001,0.0008247860988423233,0.02,0.021,0.020600000000000004,0.021,0.0004898979485566361,0.1055,0.1075,0.10605,0.106,0.0004974937185533104,0.064,0.066,0.06495,0.065,0.00038405728739343076,0.04,0.0415,0.040675,0.0405,0.0003960744879438718,0.145,0.1465,0.14585,0.146,0.0003905124837953331,0.033,0.0335,0.03315,0.033,0.0002291287847477922,0.1525,0.154,0.15327500000000002,0.15325,0.000432290411644765,0.038,0.04,0.03910000000000001,0.039,0.0007681145747868615,32,32,2560,10240,51200,False,4000,2
0.068,0.073,0.07114285714285715,0.07100000000000001,0.0010367400503370101,0.02,0.021,0.020500000000000004,0.0205,0.0005000000000000004,0.10300000000000001,0.106,0.104075,0.10400000000000001,0.0007462405778299601,0.063,0.065,0.06405000000000001,0.064,0.0005894913061275804,0.0365,0.044,0.040400000000000005,0.0425,0.0029690065678607065,0.1335,0.14250000000000002,0.13630000000000003,0.135,0.0026664583251946794,0.0335,0.0345,0.034050000000000004,0.034,0.0003500000000000003,0.1595,0.183,0.17707499999999995,0.1785,0.0057080535211225854,0.038,0.04,0.038950000000000005,0.039,0.0007399324293474377,32,32,2560,10240,51200,False,3968,2
0.067,0.07200000000000001,0.07033333333333334,0.07,0.0010389249632986404,0.02,0.021,0.020200000000000003,0.02,0.00040000000000000034,0.106,0.1085,0.106625,0.1065,0.0005214163403653557,0.063,0.065,0.06405000000000001,0.064,0.0003840572873934307,0.036000000000000004,0.0415,0.036625000000000005,0.0365,0.0011605494388435156,0.1465,0.148,0.147275,0.14725,0.00036996621467371885,0.0325,0.033,0.032600000000000004,0.0325,0.00020000000000000015,0.1535,0.155,0.15447499999999997,0.1545,0.0004023369234857774,0.038,0.04,0.038650000000000004,0.039,0.0006538348415311017,32,32,2560,10240,51200,False,3936,2
0.066,0.07200000000000001,0.06999999999999999,0.07,0.0013451854182690997,0.02,0.02,0.020000000000000004,0.02,3.469446951953614e-18,0.1055,0.1085,0.10625,0.106,0.0006224949798994371,0.063,0.064,0.06349999999999999,0.0635,0.0005000000000000004,0.035500000000000004,0.042,0.0367,0.0365,0.0013171939872319487,0.145,0.1465,0.14595,0.146,0.0004444097208657798,0.0325,0.033,0.03252499999999999,0.0325,0.00010897247358851694,0.1525,0.1545,0.15332500000000004,0.1535,0.0004264680527307999,0.037,0.039,0.03815,0.038,0.0004769696007084732,32,32,2560,10240,51200,False,3904,2
0.065,0.07,0.06895238095238097,0.069,0.0011328930717495553,0.019,0.02,0.019800000000000005,0.02,0.0004000000000000003,0.105,0.107,0.10590000000000002,0.106,0.00040620192023179834,0.062,0.064,0.06295,0.063,0.0004974937185533104,0.0405,0.041,0.04080000000000001,0.041,0.000244948974278318,0.1455,0.147,0.146175,0.146,0.000363145976158349,0.032,0.032,0.03200000000000001,0.032,6.938893903907228e-18,0.153,0.1545,0.15367500000000003,0.1535,0.0004548351349665067,0.037,0.039,0.03760000000000001,0.038,0.0005830951894845306,32,32,2560,10240,51200,False,3872,2
0.064,0.07100000000000001,0.06861904761904762,0.068,0.0015267828135125153,0.019,0.021,0.020200000000000003,0.02,0.000509901951359279,0.0975,0.1015,0.0993,0.099,0.0011113055385446446,0.062,0.064,0.06255,0.0625,0.0005894913061275802,0.035,0.0425,0.03830000000000001,0.0385,0.00286530975637888,0.1335,0.137,0.134875,0.1345,0.000973075022801429,0.0325,0.0335,0.03275,0.0325,0.00040311288741492785,0.135,0.1615,0.14802500000000002,0.14800000000000002,0.011444949759610126,0.036000000000000004,0.039,0.03740000000000001,0.038,0.0008602325267042611,32,32,2560,10240,51200,False,3840,2
0.063,0.074,0.07042857142857144,0.07100000000000001,0.0020832993194502243,0.02,0.022,0.020400000000000005,0.02,0.0005830951894845301,0.101,0.1095,0.103575,0.10300000000000001,0.002020365066021483,0.062,0.064,0.06305000000000001,0.063,0.0006689544080129831,0.035,0.042,0.03695,0.0365,0.001822772613355818,0.1345,0.14200000000000002,0.13625,0.13575,0.001984313483298445,0.0325,0.035,0.03317500000000001,0.033,0.0006179603547154142,0.135,0.167,0.1485,0.1395,0.011999999999999999,0.036000000000000004,0.039,0.03720000000000001,0.037,0.0008717797887081331,32,32,2560,10240,51200,False,3808,2
0.063,0.068,0.067,0.067,0.001023532631438319,0.019,0.02,0.019600000000000003,0.02,0.0004898979485566361,0.0995,0.1015,0.10017500000000001,0.1,0.0005760859310901461,0.061,0.063,0.06205000000000001,0.062,0.0003840572873934307,0.0345,0.04,0.036725,0.035,0.0022774711853281466,0.1315,0.1335,0.132475,0.1325,0.0004866980583482951,0.0315,0.0325,0.03205,0.032,0.00021794494717703388,0.134,0.1565,0.144075,0.1355,0.010247286226118597,0.036000000000000004,0.038,0.03640000000000001,0.036000000000000004,0.0005830951894845275,32,32,2560,10240,51200,False,3776,2
0.062,0.069,0.06676190476190476,0.067,0.0013058389715049617,0.019,0.02,0.019250000000000003,0.019,0.00043301270189221973,0.0985,0.1,0.0993,0.09925,0.0005099019513592789,0.061,0.063,0.061649999999999996,0.062,0.0006538348415311016,0.0345,0.041,0.037575000000000004,0.037500000000000006,0.0028030117730755244,0.1305,0.132,0.13094999999999998,0.131,0.00041533119314590407,0.031,0.0315,0.03135,0.0315,0.0002291287847477922,0.133,0.156,0.144425,0.14450000000000002,0.011129100367954272,0.036000000000000004,0.037,0.03640000000000001,0.036000000000000004,0.0004898979485566326,32,32,2560,10240,51200,False,3744,2
0.061,0.069,0.06661904761904762,0.067,0.001463075380546403,0.019,0.02,0.019100000000000002,0.019,0.00030000000000000024,0.0965,0.0995,0.09765,0.0975,0.0007088723439378919,0.059000000000000004,0.061,0.0605,0.061,0.0005916079783099612,0.035,0.0415,0.038125000000000006,0.038250000000000006,0.002792288487961084,0.126,0.1335,0.12805,0.1275,0.0019805302320338378,0.0315,0.033,0.031825000000000006,0.03175,0.00039607448794387183,0.1345,0.1575,0.14607499999999998,0.14650000000000002,0.011037747732214208,0.036000000000000004,0.037,0.03625000000000001,0.036000000000000004,0.00043301270189221675,32,32,2560,10240,51200,False,3712,2
0.061,0.067,0.06557142857142859,0.066,0.0011780301787479041,0.018000000000000002,0.02,0.019000000000000006,0.019,0.00031622776601683767,0.099,0.101,0.09995000000000001,0.1,0.0005678908345800278,0.059000000000000004,0.062,0.060649999999999996,0.061,0.0008529361054615984,0.0345,0.0415,0.0379,0.037750000000000006,0.002826658805020513,0.131,0.1325,0.131775,0.1315,0.00040233692348577737,0.031,0.0315,0.0311,0.031,0.00020000000000000017,0.1335,0.1575,0.145,0.14500000000000002,0.0110657128102983,0.035,0.037,0.03590000000000001,0.036000000000000004,0.0005385164807134495,32,32,2560,10240,51200,False,3680,2
0.061,0.068,0.0660952380952381,0.066,0.001411003084764673,0.018000000000000002,0.02,0.018950000000000005,0.019,0.0004974937185533094,0.0985,0.1015,0.0995,0.0995,0.0007416198487095669,0.059000000000000004,0.061,0.059899999999999995,0.06,0.0008306623862918052,0.034,0.041,0.0372,0.037000000000000005,0.002647640458974744,0.1305,0.1335,0.131475,0.1315,0.0006417748826496723,0.0305,0.032,0.0309,0.031,0.0003741657386773945,0.1325,0.158,0.144125,0.14375,0.011117413143353084,0.034,0.037,0.03545000000000001,0.036000000000000004,0.0008046738469715541,32,32,2560,10240,51200,False,3648,2
0.06,0.066,0.06471428571428572,0.065,0.0012399253872658618,0.018000000000000002,0.02,0.018950000000000005,0.019,0.0003840572873934299,0.099,0.1015,0.100025,0.1,0.0006015604707757988,0.059000000000000004,0.061,0.05954999999999999,0.0595,0.0005894913061275771,0.0345,0.0415,0.037925,0.038000000000000006,0.0026089988501338964,0.131,0.1335,0.132125,0.132,0.0006299801584177081,0.03,0.031,0.030575,0.0305,0.0003269174207655508,0.133,0.158,0.145125,0.14500000000000002,0.011499864129632139,0.034,0.036000000000000004,0.03480000000000001,0.035,0.0006782329983125273,32,32,2560,10240,51200,False,3616,2
0.059000000000000004,0.066,0.06419047619047619,0.064,0.0013316315670580533,0.018000000000000002,0.019,0.018600000000000005,0.019,0.0004898979485566344,0.0915,0.094,0.0925,0.0925,0.0006892024376045117,0.057,0.059000000000000004,0.05825000000000001,0.058,0.0005361902647381809,0.0345,0.036000000000000004,0.03515,0.035,0.0003905124837953331,0.12,0.128,0.1217,0.1215,0.0017349351572897487,0.0305,0.0315,0.03115,0.031,0.00027838821814150135,0.131,0.155,0.133975,0.132,0.006624716975086556,0.034,0.036000000000000004,0.03480000000000001,0.035,0.0006000000000000006,32,32,2560,10240,51200,False,3584,2
0.058,0.065,0.06342857142857143,0.064,0.001365263922555376,0.018000000000000002,0.019,0.018250000000000006,0.018000000000000002,0.00043301270189221816,0.0945,0.0965,0.09537499999999999,0.0955,0.0004437059837324716,0.057,0.058,0.05775000000000001,0.058,0.0004330127018922197,0.0345,0.035500000000000004,0.035,0.035,0.00031622776601683826,0.13,0.132,0.130775,0.13075,0.0005117372372614685,0.029500000000000002,0.03,0.029825,0.03,0.00023848480035423497,0.1305,0.155,0.136975,0.1315,0.009839302566747296,0.034,0.035,0.034350000000000006,0.034,0.0004769696007084732,32,32,2560,10240,51200,False,3552,2
0.057,0.064,0.06271428571428571,0.063,0.0014190156595953656,0.018000000000000002,0.019,0.018200000000000004,0.018000000000000002,0.00039999999999999893,0.0935,0.0955,0.09425000000000003,0.094,0.0004031128874149278,0.057,0.057,0.056999999999999995,0.057,6.938893903907228e-18,0.034,0.0345,0.034300000000000004,0.0345,0.00024494897427831806,0.1285,0.13,0.129175,0.129,0.0003631459761583491,0.029500000000000002,0.03,0.029574999999999997,0.029500000000000002,0.0001785357107135702,0.1295,0.1535,0.13357500000000003,0.13025,0.008308542290919626,0.033,0.035,0.03405000000000001,0.034,0.0004974937185533105,32,32,2560,10240,51200,False,3520,2
0.057,0.064,0.0626190476190476,0.063,0.0014630753805464013,0.017,0.018000000000000002,0.017950000000000004,0.018000000000000002,0.00021794494717703385,0.0925,0.094,0.093175,0.09325,0.0004264680527307999,0.056,0.057,0.05665,0.057,0.00047696960070847314,0.034,0.035,0.03435,0.0345,0.00027838821814150135,0.127,0.1285,0.127825,0.128,0.00048153400710645593,0.0285,0.029500000000000002,0.029025000000000002,0.029,0.00019202864369671538,0.1275,0.1515,0.13322499999999998,0.129,0.008961689293877575,0.033,0.035,0.03355000000000001,0.0335,0.0005894913061275802,32,32,2560,10240,51200,False,3488,2
0.056,0.065,0.06314285714285715,0.064,0.001780468485318088,0.018000000000000002,0.019,0.018200000000000004,0.018000000000000002,0.00039999999999999893,0.0905,0.0935,0.09232500000000002,0.0925,0.0006759252917297893,0.056,0.057,0.05620000000000001,0.056,0.0004000000000000003,0.0345,0.042,0.03577500000000001,0.035500000000000004,0.0014956186011146023,0.11800000000000001,0.123,0.1204,0.1205,0.0009433981132056582,0.029500000000000002,0.0305,0.029975,0.03,0.00019202864369671451,0.1315,0.155,0.135025,0.132,0.007510783913813521,0.032,0.033,0.032900000000000006,0.033,0.0003000000000000003,32,32,2560,10240,51200,False,3456,2
0.055,0.062,0.06104761904761905,0.061,0.0015267828135125143,0.018000000000000002,0.018000000000000002,0.018000000000000006,0.018000000000000002,3.469446951953614e-18,0.0935,0.095,0.09412500000000001,0.094,0.0004145780987944253,0.055,0.057,0.05575,0.056,0.0005361902647381809,0.0345,0.0405,0.035375000000000004,0.035,0.0016422164899914985,0.1285,0.13,0.129425,0.1295,0.0003631459761583491,0.0285,0.029,0.028550000000000002,0.0285,0.00015000000000000012,0.1295,0.153,0.1348,0.1305,0.008921042539972553,0.032,0.034,0.03270000000000001,0.033,0.0005567764362830027,32,32,2560,10240,51200,False,3424,2
0.056,0.062,0.0609047619047619,0.061,0.001230747426982865,0.017,0.018000000000000002,0.017650000000000006,0.018000000000000002,0.0004769696007084733,0.093,0.0955,0.09380000000000001,0.09375,0.0005338539126015661,0.055,0.056,0.0551,0.055,0.00030000000000000024,0.034,0.0345,0.034350000000000006,0.0345,0.0002291287847477922,0.127,0.1285,0.12782500000000002,0.128,0.0003631459761583491,0.028,0.0285,0.028425,0.0285,0.00017853571071357142,0.1285,0.1515,0.13240000000000002,0.129,0.007824001533742178,0.031,0.034,0.03255000000000001,0.033,0.0006689544080129831,32,32,2560,10240,51200,False,3392,2
0.054,0.062,0.060190476190476204,0.06,0.0017076591501943906,0.017,0.018000000000000002,0.017250000000000005,0.017,0.00043301270189221973,0.093,0.0945,0.09355,0.0935,0.0004444097208657798,0.054,0.056,0.0546,0.055,0.0005830951894845306,0.0345,0.035,0.03475000000000001,0.03475,0.0002500000000000002,0.1275,0.129,0.12807500000000002,0.128,0.0005068283733178328,0.028,0.028,0.028000000000000004,0.028,3.469446951953614e-18,0.1285,0.1525,0.1348,0.13,0.009042123644365846,0.031,0.033,0.03185,0.032,0.0006538348415311016,32,32,2560,10240,51200,False,3360,2
0.053,0.064,0.06028571428571429,0.061,0.001930774755496504,0.017,0.019,0.017300000000000003,0.017,0.0005567764362830021,0.085,0.0895,0.08627500000000002,0.08600000000000001,0.0009679230341302956,0.054,0.055,0.05450000000000001,0.0545,0.0005000000000000004,0.0305,0.0325,0.03095,0.031,0.0004153311931459041,0.1135,0.12,0.11484999999999998,0.1145,0.001659066002303705,0.0285,0.03,0.028925,0.029,0.00036314597615834854,0.1105,0.115,0.1116,0.11125,0.0011135528725660054,0.031,0.033,0.03180000000000001,0.032,0.0006000000000000006,32,32,2560,10240,51200,False,3328,2
0.052000000000000005,0.061,0.059333333333333335,0.06,0.001781741612749494,0.017,0.018000000000000002,0.017200000000000003,0.017,0.00040000000000000034,0.088,0.09,0.08927499999999998,0.0895,0.0004602988159880497,0.053,0.054,0.05395000000000001,0.054,0.00021794494717703385,0.03,0.031,0.030524999999999997,0.0305,0.00019202864369671538,0.1235,0.1255,0.12462500000000001,0.1245,0.0004968651728587952,0.0275,0.028,0.027850000000000003,0.028,0.0002291287847477922,0.11,0.112,0.11102500000000001,0.111,0.00036996621467371885,0.03,0.032,0.031150000000000004,0.031,0.0004769696007084732,32,32,2560,10240,51200,False,3296,2
0.051000000000000004,0.06,0.05833333333333335,0.059000000000000004,0.0017548119783512642,0.017,0.017,0.017000000000000005,0.017,3.469446951953614e-18,0.08750000000000001,0.089,0.08802499999999999,0.088,0.0003699662146737149,0.053,0.054,0.05355,0.054,0.0004974937185533105,0.03,0.0305,0.030075,0.03,0.00017853571071357142,0.1215,0.123,0.122175,0.122,0.00042646805273079987,0.027,0.0275,0.027424999999999998,0.0275,0.00017853571071357142,0.1095,0.11,0.109625,0.1095,0.0002165063509461099,0.03,0.032,0.030900000000000004,0.031,0.0005385164807134509,32,32,2560,10240,51200,False,3264,2
0.051000000000000004,0.06,0.05819047619047619,0.058,0.0017893613550529455,0.017,0.017,0.017000000000000005,0.017,3.469446951953614e-18,0.08650000000000001,0.089,0.08724999999999998,0.08700000000000001,0.0005361902647381778,0.052000000000000005,0.054,0.05295000000000001,0.053,0.00038405728739342903,0.03,0.0305,0.030025000000000003,0.03,0.00010897247358851693,0.1205,0.1225,0.12149999999999998,0.1215,0.00047434164902525734,0.027,0.0275,0.027025000000000004,0.027,0.00010897247358851693,0.108,0.109,0.10855,0.1085,0.0003122498999199202,0.03,0.032,0.030700000000000005,0.031,0.0006403124237432854,32,32,2560,10240,51200,False,3232,2
0.051000000000000004,0.059000000000000004,0.05747619047619049,0.058,0.001562020901605402,0.016,0.017,0.016750000000000004,0.017,0.00043301270189221973,0.084,0.08600000000000001,0.08470000000000001,0.0845,0.0005338539126015661,0.051000000000000004,0.053,0.05215000000000001,0.052000000000000005,0.0004769696007084707,0.031,0.0445,0.036724999999999994,0.0345,0.005423271614072083,0.1105,0.1125,0.11140000000000001,0.1115,0.0005612486080160918,0.027,0.0275,0.0274,0.0275,0.0002000000000000002,0.109,0.11,0.10969999999999999,0.1095,0.0002915475947422653,0.029,0.031,0.030200000000000005,0.03,0.0005099019513592785,32,32,2560,10240,51200,False,3200,2
0.05,0.059000000000000004,0.0572857142857143,0.058,0.001749635530559413,0.015,0.016,0.015950000000000002,0.016,0.00021794494717703385,0.08750000000000001,0.0885,0.088,0.088,0.0003162277660168338,0.051000000000000004,0.052000000000000005,0.05165000000000001,0.052000000000000005,0.0004769696007084733,0.0305,0.0305,0.030499999999999992,0.0305,6.938893903907228e-18,0.122,0.1235,0.122825,0.123,0.0004548351349665067,0.0265,0.0265,0.026500000000000003,0.0265,3.469446951953614e-18,0.1085,0.1095,0.10887499999999999,0.109,0.00031124748994971856,0.029,0.03,0.029400000000000003,0.029,0.0004898979485566344,32,32,2560,10240,51200,False,3168,2
0.049,0.058,0.05642857142857143,0.057,0.0017612611437054218,0.015,0.016,0.015450000000000002,0.015,0.0004974937185533104,0.08600000000000001,0.088,0.08685000000000001,0.08700000000000001,0.0004213074886588164,0.05,0.052000000000000005,0.051050000000000005,0.051000000000000004,0.00038405728739343076,0.03,0.03,0.030000000000000006,0.03,6.938893903907228e-18,0.12,0.1215,0.12079999999999998,0.121,0.00036742346141747706,0.026000000000000002,0.0265,0.026050000000000007,0.026000000000000002,0.0001499999999999991,0.108,0.109,0.10857499999999998,0.1085,0.0002384848003542366,0.028,0.03,0.029150000000000002,0.029,0.000476969600708472,32,32,2560,10240,51200,False,3136,2
0.049,0.057,0.05566666666666668,0.056,0.0016134356520092776,0.015,0.016,0.015100000000000002,0.015,0.00030000000000000024,0.08600000000000001,0.0885,0.08704999999999999,0.08700000000000001,0.0005454356057317843,0.05,0.051000000000000004,0.05045000000000001,0.05,0.0004974937185533104,0.0305,0.0305,0.030499999999999992,0.0305,6.938893903907228e-18,0.1205,0.1215,0.12105000000000002,0.121,0.0003840572873934307,0.025500000000000002,0.026000000000000002,0.025975000000000005,0.026000000000000002,0.00010897247358851693,0.1075,0.109,0.108125,0.108,0.00044370598373247164,0.028,0.029,0.028850000000000004,0.029,0.0003570714214271428,32,32,2560,10240,51200,False,3104,2
0.049,0.057,0.055619047619047624,0.056,0.0016468206157895795,0.015,0.016,0.015100000000000002,0.015,0.00030000000000000024,0.078,0.0805,0.07875000000000001,0.0785,0.000642261628933257,0.05,0.052000000000000005,0.05065000000000001,0.051000000000000004,0.0005722761571129804,0.029,0.0405,0.033525,0.02925,0.005446271660503173,0.10400000000000001,0.1075,0.10552500000000001,0.1055,0.0008287792227125383,0.0265,0.027,0.026574999999999998,0.0265,0.00017853571071357142,0.1085,0.1095,0.1086,0.1085,0.00025495097567963945,0.028,0.03,0.028350000000000004,0.028,0.0005722761571129798,32,32,2560,10240,51200,False,3072,2
0.048,0.057,0.05485714285714286,0.055,0.001780468485318088,0.015,0.016,0.015050000000000003,0.015,0.00021794494717703385,0.082,0.084,0.08232500000000001,0.08225,0.0004548351349665066,0.049,0.05,0.04960000000000001,0.05,0.000489897948556636,0.0285,0.0405,0.0327,0.029,0.005313661637703327,0.1075,0.109,0.108125,0.108,0.0004710360920354198,0.025500000000000002,0.026000000000000002,0.025725000000000005,0.025500000000000002,0.0002487468592766552,0.108,0.109,0.10847500000000002,0.1085,0.0002947456530637902,0.027,0.029,0.028050000000000002,0.028,0.0003840572873934307,32,32,2560,10240,51200,False,3040,2
0.047,0.056,0.054571428571428576,0.055,0.0017880936529065326,0.015,0.016,0.015200000000000002,0.015,0.00040000000000000034,0.0805,0.083,0.081725,0.0815,0.0005584576975922174,0.048,0.05,0.04900000000000001,0.049,0.0003162277660168382,0.028,0.0395,0.032875,0.029,0.005164482065028398,0.107,0.108,0.1076,0.1075,0.00030000000000000024,0.025500000000000002,0.026000000000000002,0.025675000000000003,0.025500000000000002,0.0002384848003542366,0.107,0.1085,0.1079,0.108,0.00040620192023179845,0.027,0.029,0.02765,0.028,0.0006538348415311016,32,32,2560,10240,51200,False,3008,2
0.046,0.055,0.05371428571428573,0.054,0.001855310451312206,0.015,0.015,0.015000000000000003,0.015,3.469446951953614e-18,0.08,0.081,0.080625,0.0805,0.0003112474899497186,0.048,0.049,0.04845000000000001,0.048,0.0004974937185533104,0.028,0.04,0.03357500000000001,0.029,0.005566136451794906,0.105,0.107,0.105925,0.106,0.0006179603547154142,0.025,0.025500000000000002,0.025200000000000007,0.025,0.00024494897427831806,0.106,0.107,0.1065,0.1065,0.0003872983346207421,0.027,0.028,0.02715,0.027,0.0003570714214271428,32,32,2560,10240,51200,False,2976,2
0.047,0.056,0.053285714285714283,0.053,0.0016078040967746796,0.014,0.016,0.015000000000000003,0.015,0.000316227766016838,0.077,0.0805,0.0784,0.078,0.0009433981132056611,0.048,0.049,0.04860000000000001,0.049,0.000489897948556636,0.0285,0.0405,0.034375,0.03425,0.005680834005672054,0.0985,0.108,0.100925,0.1,0.0024661457783350916,0.025,0.026000000000000002,0.025450000000000007,0.025500000000000002,0.00021794494717703388,0.107,0.108,0.107575,0.1075,0.00028613807855649016,0.026000000000000002,0.027,0.026800000000000008,0.027,0.00039999999999999893,32,32,2560,10240,51200,False,2944,2
0.045,0.054,0.05247619047619049,0.053,0.001762548145078261,0.014,0.015,0.014650000000000002,0.015,0.0004769696007084724,0.0805,0.082,0.081175,0.081,0.0004264680527307999,0.047,0.049,0.04765000000000001,0.048,0.0006538348415311016,0.028,0.04,0.034175,0.03425,0.0055323480548497665,0.106,0.107,0.10647500000000001,0.1065,0.0004023369234857774,0.0245,0.025,0.024550000000000006,0.0245,0.00015000000000000015,0.1065,0.1075,0.1068,0.10675,0.0003316624790355403,0.025,0.027,0.026300000000000007,0.026000000000000002,0.0005567764362830012,32,32,2560,10240,51200,False,2912,2
0.045,0.054,0.051857142857142866,0.052000000000000005,0.0016700645635000172,0.014,0.015,0.014350000000000002,0.014,0.0004769696007084724,0.0795,0.0815,0.08027500000000001,0.08025,0.0004602988159880497,0.047,0.048,0.04710000000000001,0.047,0.0003000000000000003,0.028,0.039,0.033475,0.0335,0.0052308579602202915,0.105,0.1065,0.10574999999999998,0.10575,0.00046097722286464476,0.024,0.0245,0.024375000000000004,0.0245,0.00021650635094610984,0.106,0.107,0.10615000000000001,0.106,0.00027838821814150135,0.025,0.027,0.025650000000000006,0.026000000000000002,0.00057227615711298,32,32,2560,10240,51200,False,2880,2
0.044,0.054,0.05161904761904762,0.052000000000000005,0.0018381199110113135,0.014,0.015,0.014250000000000002,0.014,0.00043301270189221897,0.0795,0.081,0.08045,0.0805,0.0004153311931459041,0.046,0.048,0.04680000000000001,0.047,0.000509901951359279,0.028,0.04,0.034100000000000005,0.034,0.005460311346434377,0.105,0.1065,0.1059,0.106,0.0004636809247747856,0.0235,0.024,0.023875000000000004,0.024,0.00021650635094610984,0.1055,0.1075,0.1061,0.106,0.00046368092477478567,0.025,0.026000000000000002,0.025200000000000007,0.025,0.00040000000000000034,32,32,2560,10240,51200,False,2848,2
0.044,0.053,0.0510952380952381,0.051000000000000004,0.001715607955681127,0.014,0.015,0.014050000000000002,0.014,0.00021794494717703353,0.07100000000000001,0.0755,0.07207500000000001,0.07175000000000001,0.0011540688887583751,0.047,0.048,0.04750000000000001,0.0475,0.0005000000000000004,0.028,0.04,0.034,0.034,0.005509083408335728,0.0965,0.099,0.09772499999999999,0.0975,0.0006015604707757988,0.024,0.0245,0.024050000000000005,0.024,0.00015000000000000015,0.1055,0.1075,0.10647500000000001,0.1065,0.0004023369234857774,0.025,0.026000000000000002,0.025050000000000006,0.025,0.00021794494717703388,32,32,2560,10240,51200,False,2816,2
0.043000000000000003,0.051000000000000004,0.05009523809523811,0.05,0.0016591667990651757,0.014,0.015,0.014100000000000001,0.014,0.00029999999999999976,0.0745,0.0765,0.07544999999999999,0.0755,0.00047169905660283056,0.045,0.047,0.04580000000000001,0.046,0.0005099019513592789,0.028,0.0335,0.030224999999999995,0.0285,0.002384716964337697,0.10400000000000001,0.105,0.10455,0.1045,0.000349999999999996,0.023,0.0235,0.023225000000000003,0.023,0.0002487468592766552,0.1055,0.106,0.105625,0.1055,0.0002165063509461099,0.024,0.026000000000000002,0.024800000000000006,0.025,0.0005099019513592789,32,32,2560,10240,51200,False,2784,2
0.042,0.051000000000000004,0.049476190476190486,0.05,0.0017893613550529466,0.014,0.014,0.014000000000000002,0.014,1.734723475976807e-18,0.074,0.076,0.07454999999999999,0.0745,0.0004444097208657798,0.045,0.046,0.04530000000000001,0.045,0.0004582575694955844,0.0275,0.033,0.029725,0.028,0.002182172083040199,0.10250000000000001,0.1045,0.10337500000000002,0.10325000000000001,0.0005889609494694866,0.023,0.0235,0.023075000000000005,0.023,0.0001785357107135714,0.1045,0.1055,0.10505,0.105,0.00026925824035672544,0.023,0.025,0.023800000000000005,0.024,0.0006000000000000006,32,32,2560,10240,51200,False,2752,2
0.041,0.051000000000000004,0.04890476190476191,0.049,0.001874763779526622,0.014,0.015,0.014050000000000002,0.014,0.00021794494717703353,0.0735,0.075,0.07410000000000001,0.074,0.00037416573867739446,0.044,0.046,0.044750000000000005,0.045,0.0005361902647381809,0.0275,0.0395,0.033025000000000006,0.0285,0.005510161068426222,0.1015,0.10400000000000001,0.10277500000000002,0.10300000000000001,0.0005584576975922174,0.0225,0.023,0.022700000000000005,0.0225,0.00024494897427831806,0.10400000000000001,0.105,0.10447500000000001,0.1045,0.0002487468592766513,0.023,0.024,0.023250000000000003,0.023,0.00043301270189221973,32,32,2560,10240,51200,False,2720,2
0.041,0.05,0.048619047619047624,0.049,0.001812028341946709,0.014,0.015,0.014050000000000002,0.014,0.00021794494717703353,0.07100000000000001,0.0745,0.07260000000000001,0.0725,0.0009433981132056557,0.044,0.046,0.04515000000000001,0.045,0.00047696960070847325,0.028,0.04,0.033925,0.03375,0.005681714089955601,0.092,0.0995,0.09480000000000001,0.094,0.0023313086453749556,0.0225,0.024,0.023100000000000002,0.023,0.00030000000000000024,0.105,0.1085,0.10587500000000001,0.1055,0.0008347903928532008,0.023,0.024,0.023150000000000004,0.023,0.00035707142142714284,32,32,2560,10240,51200,False,2688,2
0.041,0.049,0.04809523809523811,0.048,0.0016591667990651757,0.013000000000000001,0.014,0.013750000000000004,0.014,0.00043301270189221897,0.074,0.0755,0.07454999999999999,0.0745,0.0004153311931459041,0.043000000000000003,0.044,0.043550000000000005,0.044,0.0004974937185533069,0.028,0.0395,0.033775,0.03375,0.005480590752829479,0.0945,0.096,0.094975,0.095,0.00033447720400649157,0.0225,0.023,0.022625000000000003,0.0225,0.0002165063509461099,0.1045,0.105,0.10482500000000002,0.105,0.00023848480035423662,0.023,0.024,0.023200000000000005,0.023,0.0004000000000000003,32,32,2560,10240,51200,False,2656,2
0.04,0.049,0.04752380952380954,0.048,0.0018157786633273922,0.013000000000000001,0.014,0.013700000000000004,0.014,0.00045825756949558356,0.073,0.075,0.07375,0.0735,0.0004873397172404486,0.042,0.043000000000000003,0.04295000000000001,0.043000000000000003,0.00021794494717703385,0.0275,0.0385,0.032600000000000004,0.028,0.005240706059301551,0.0935,0.095,0.094375,0.0945,0.00047103609203541974,0.022,0.0225,0.022375000000000003,0.0225,0.00021650635094610984,0.10400000000000001,0.105,0.10420000000000003,0.10400000000000001,0.0002915475947422591,0.022,0.023,0.022750000000000003,0.023,0.00043301270189221973,32,32,2560,10240,51200,False,2624,2
0.039,0.05,0.04738095238095239,0.048,0.0020348438684972855,0.013000000000000001,0.014,0.013650000000000004,0.014,0.00047696960070847243,0.0735,0.075,0.07397500000000001,0.074,0.0003699662146737189,0.041,0.043000000000000003,0.04195000000000001,0.042,0.00038405728739343076,0.0275,0.039,0.033375,0.0335,0.005384874650351668,0.0935,0.095,0.09417500000000001,0.094,0.00048153400710645593,0.022,0.022,0.022000000000000002,0.022,3.469446951953614e-18,0.10350000000000001,0.105,0.10415,0.10400000000000001,0.0003570714214271371,0.021,0.023,0.021500000000000002,0.021,0.0007416198487095655,32,32,2560,10240,51200,False,2592,2
0.039,0.048,0.046666666666666676,0.047,0.0018082702424807163,0.013000000000000001,0.014,0.013500000000000003,0.013500000000000002,0.0004999999999999995,0.069,0.07050000000000001,0.06965,0.0695,0.0005267826876426374,0.041,0.043000000000000003,0.04195000000000001,0.042,0.00038405728739343076,0.0275,0.029,0.028050000000000002,0.028,0.00038405728739343076,0.09,0.0925,0.09109999999999999,0.091,0.0006442049363362569,0.022,0.0225,0.022150000000000003,0.022,0.0002291287847477922,0.105,0.1075,0.1059,0.1055,0.0008000000000000007,0.021,0.022,0.021450000000000004,0.021,0.0004974937185533087,32,32,2560,10240,51200,False,2560,2
0.038,0.047,0.04538095238095239,0.046,0.0017313960916855089,0.013000000000000001,0.014,0.013200000000000003,0.013000000000000001,0.00039999999999999964,0.0685,0.07,0.06892499999999999,0.069,0.0003631459761583491,0.041,0.042,0.04145000000000001,0.041,0.0004974937185533104,0.0275,0.0285,0.0279,0.028,0.0002549509756796395,0.096,0.0975,0.09672500000000002,0.09675,0.0005356071321407142,0.021,0.021500000000000002,0.021100000000000004,0.021,0.00020000000000000015,0.1045,0.1055,0.10474999999999998,0.1045,0.0002958039891549811,0.02,0.022,0.021,0.021,0.0003162277660168377,32,32,2560,10240,51200,False,2528,2
0.038,0.046,0.04538095238095239,0.046,0.0017036708399998399,0.013000000000000001,0.014,0.013150000000000004,0.013000000000000001,0.0003570714214271422,0.067,0.069,0.06807500000000001,0.068,0.00042646805273079987,0.04,0.042,0.041150000000000006,0.041,0.0004769696007084732,0.027,0.028,0.027675000000000005,0.0275,0.0003269174207655508,0.0955,0.097,0.0961,0.096,0.00043588989435406776,0.021,0.021,0.021000000000000005,0.021,3.469446951953614e-18,0.10400000000000001,0.105,0.1044,0.1045,0.000254950975679634,0.02,0.022,0.020900000000000002,0.021,0.0004358898943540674,32,32,2560,10240,51200,False,2496,2
0.038,0.046,0.044428571428571435,0.045,0.0015605685341118036,0.013000000000000001,0.014,0.013100000000000004,0.013000000000000001,0.00029999999999999976,0.067,0.0685,0.06765000000000002,0.0675,0.00039051248379533304,0.04,0.041,0.04055000000000001,0.041,0.0004974937185533104,0.027,0.028,0.027625000000000004,0.0275,0.0003112474899497186,0.095,0.096,0.09539999999999998,0.0955,0.00040620192023179834,0.0205,0.021,0.020550000000000006,0.0205,0.00015000000000000015,0.10400000000000001,0.1045,0.10410000000000001,0.10400000000000001,0.0001999999999999946,0.02,0.021,0.020150000000000005,0.02,0.00035707142142714284,32,32,2560,10240,51200,False,2464,2
0.037,0.046,0.04438095238095239,0.045,0.001731396091685509,0.013000000000000001,0.013000000000000001,0.013000000000000003,0.013000000000000001,1.734723475976807e-18,0.0655,0.0685,0.06675000000000002,0.0665,0.0008440971508067073,0.04,0.042,0.04095000000000001,0.041,0.0004974937185533104,0.0245,0.031,0.0279,0.028,0.002831077533378412,0.0855,0.091,0.08745,0.08700000000000001,0.0016347782724271773,0.0205,0.021,0.020950000000000003,0.021,0.00015000000000000015,0.098,0.123,0.10972499999999999,0.10875000000000001,0.010788274885263164,0.019,0.021,0.019350000000000003,0.019,0.0005722761571129803,32,32,2560,10240,51200,False,2432,2
0.036000000000000004,0.045,0.043523809523809534,0.044,0.0018157786633273905,0.013000000000000001,0.013000000000000001,0.013000000000000003,0.013000000000000001,1.734723475976807e-18,0.0675,0.069,0.06795000000000002,0.068,0.00035000000000000027,0.039,0.04,0.03950000000000001,0.0395,0.0005000000000000004,0.025500000000000002,0.0315,0.028000000000000004,0.02725,0.0023291629397704226,0.083,0.089,0.08635,0.08600000000000001,0.0017036725037400788,0.0205,0.021,0.020675000000000006,0.0205,0.0002384848003542366,0.098,0.1215,0.10545,0.10125,0.007894460082868239,0.019,0.02,0.019100000000000002,0.019,0.00030000000000000024,32,32,2560,10240,51200,False,2400,2
0.035,0.044,0.04257142857142858,0.043000000000000003,0.0017880936529065317,0.013000000000000001,0.013000000000000001,0.013000000000000003,0.013000000000000001,1.734723475976807e-18,0.0665,0.068,0.06697499999999999,0.067,0.00036996621467371885,0.039,0.04,0.03925000000000001,0.039,0.0004330127018922198,0.026000000000000002,0.0315,0.028175000000000006,0.02675,0.002105201890555868,0.0855,0.093,0.090075,0.09025,0.001776759691123141,0.02,0.0205,0.020125000000000004,0.02,0.00021650635094610986,0.099,0.121,0.105075,0.10350000000000001,0.005760371081796724,0.019,0.019,0.019000000000000003,0.019,3.469446951953614e-18,32,32,2560,10240,51200,False,2368,2
0.035,0.044,0.04290476190476191,0.043000000000000003,0.0018232561637215843,0.012,0.013000000000000001,0.012750000000000003,0.013000000000000001,0.0004330127018922198,0.0665,0.068,0.06735,0.0675,0.0003201562118716427,0.038,0.039,0.03875000000000001,0.039,0.0004330127018922197,0.025500000000000002,0.0325,0.029099999999999997,0.0295,0.002615339366124404,0.085,0.094,0.089625,0.0895,0.0020547201755956933,0.0195,0.02,0.019825000000000002,0.02,0.00023848480035423665,0.1005,0.1255,0.1129,0.11299999999999999,0.010362914647916383,0.019,0.019,0.019000000000000003,0.019,3.469446951953614e-18,32,32,2560,10240,51200,False,2336,2
0.035,0.044,0.0420952380952381,0.042,0.001770250504327724,0.012,0.013000000000000001,0.012950000000000003,0.013000000000000001,0.00021794494717703385,0.0625,0.0635,0.06282499999999999,0.063,0.00032691742076555085,0.037,0.039,0.038250000000000006,0.038,0.0005361902647381809,0.022,0.028,0.025025000000000002,0.02525,0.0026901440481877552,0.0785,0.083,0.080225,0.08,0.001134405130453844,0.02,0.0205,0.020100000000000003,0.02,0.00020000000000000015,0.081,0.1045,0.09180000000000002,0.0825,0.010792821688511306,0.018000000000000002,0.019,0.018700000000000005,0.019,0.0004582575694955828,32,32,2560,10240,51200,False,2304,2
0.034,0.043000000000000003,0.04176190476190477,0.042,0.0018747637795266218,0.012,0.013000000000000001,0.012850000000000004,0.013000000000000001,0.0003570714214271428,0.0615,0.063,0.06225000000000001,0.062,0.00037080992435478346,0.037,0.038,0.037750000000000006,0.038,0.0004330127018922197,0.022,0.0275,0.024825000000000007,0.02475,0.002435544087057346,0.0805,0.0825,0.081375,0.0815,0.0005673402858955114,0.0195,0.0195,0.019500000000000003,0.0195,3.469446951953614e-18,0.0805,0.10350000000000001,0.092,0.092,0.010857025375304235,0.017,0.019,0.018300000000000004,0.018000000000000002,0.0005567764362830012,32,32,2560,10240,51200,False,2272,2
0.034,0.043000000000000003,0.04100000000000001,0.041,0.0016903085094570334,0.012,0.013000000000000001,0.012900000000000003,0.013000000000000001,0.00030000000000000024,0.061,0.0635,0.061975,0.062,0.0005117372372614685,0.037,0.038,0.03760000000000001,0.038,0.000489897948556636,0.022,0.027,0.024575000000000007,0.0245,0.002186749871384471,0.08,0.083,0.0809,0.081,0.0005830951894845307,0.019,0.0195,0.019325000000000002,0.0195,0.00023848480035423662,0.0805,0.1015,0.09107499999999999,0.091,0.010327481541983024,0.017,0.019,0.018000000000000006,0.018000000000000002,0.0007071067811865469,32,32,2560,10240,51200,False,2240,2
0.033,0.043000000000000003,0.04061904761904763,0.041,0.0018381199110113129,0.012,0.013000000000000001,0.012850000000000004,0.013000000000000001,0.0003570714214271428,0.061,0.062,0.06139999999999999,0.0615,0.0003741657386773945,0.036000000000000004,0.038,0.037000000000000005,0.037,0.0003162277660168371,0.022,0.028,0.024850000000000004,0.02475,0.0026129485260907846,0.0795,0.081,0.08005,0.08,0.0004444097208657799,0.0185,0.019,0.018850000000000002,0.019,0.00022912878474779219,0.0795,0.10250000000000001,0.09077500000000001,0.09075,0.011078667564287686,0.017,0.018000000000000002,0.017250000000000005,0.017,0.00043301270189221973,32,32,2560,10240,51200,False,2208,2
0.033,0.041,0.03985714285714287,0.04,0.0016413036132965795,0.012,0.013000000000000001,0.012600000000000004,0.013000000000000001,0.0004898979485566361,0.06,0.063,0.0611,0.061,0.0009027735042633902,0.037,0.038,0.03730000000000001,0.037,0.0004582575694955844,0.022,0.028,0.024700000000000007,0.0245,0.002712931993250108,0.0775,0.0805,0.0788,0.07875,0.0010049875621120899,0.0185,0.019,0.018725000000000002,0.0185,0.0002487468592766552,0.0805,0.10300000000000001,0.09162500000000001,0.09175,0.010930319071280585,0.017,0.018000000000000002,0.017100000000000004,0.017,0.00030000000000000024,32,32,2560,10240,51200,False,2176,2
0.032,0.041,0.039095238095238107,0.039,0.0016876233473018427,0.012,0.013000000000000001,0.012450000000000003,0.012,0.0004974937185533104,0.06,0.063,0.061375,0.061,0.0008042853971072713,0.036000000000000004,0.038,0.037050000000000013,0.037,0.000497493718553309,0.022,0.028,0.024825000000000007,0.02475,0.002440671014290947,0.0795,0.0815,0.08025000000000002,0.0805,0.0004609772228646448,0.018000000000000002,0.0185,0.018350000000000005,0.0185,0.00022912878474779061,0.0795,0.10300000000000001,0.091075,0.091,0.011032083891994298,0.017,0.018000000000000002,0.017100000000000004,0.017,0.00030000000000000024,32,32,2560,10240,51200,False,2144,2
0.032,0.04,0.03895238095238096,0.039,0.0016176464525202883,0.012,0.013000000000000001,0.012450000000000003,0.012,0.0004974937185533104,0.0625,0.065,0.06334999999999999,0.063,0.000823103881657717,0.035,0.037,0.03590000000000001,0.036000000000000004,0.00043588989435406684,0.021500000000000002,0.027,0.024125000000000004,0.024,0.002443742007659564,0.079,0.08,0.07934999999999999,0.07925,0.00039051248379533304,0.018000000000000002,0.018000000000000002,0.018000000000000006,0.018000000000000002,3.469446951953614e-18,0.079,0.10200000000000001,0.09004999999999999,0.08975,0.010661730628748789,0.016,0.017,0.016950000000000003,0.017,0.00021794494717703385,32,32,2560,10240,51200,False,2112,2
0.032,0.039,0.038095238095238106,0.038,0.0014443572274383902,0.012,0.013000000000000001,0.012250000000000002,0.012,0.0004330127018922198,0.0605,0.062,0.061024999999999996,0.061,0.00033447720400649157,0.033,0.035,0.03415000000000001,0.034,0.0005722761571129803,0.022,0.0275,0.024700000000000007,0.0245,0.002415574465836233,0.079,0.081,0.07980000000000001,0.08,0.0004847679857416334,0.0175,0.018000000000000002,0.017550000000000003,0.0175,0.00015000000000000012,0.079,0.1015,0.09035000000000001,0.09025,0.010656101538555273,0.016,0.017,0.016650000000000005,0.017,0.0004769696007084733,32,32,2560,10240,51200,False,2080,2
0.031,0.038,0.037238095238095244,0.038,0.0014769583256448399,0.012,0.013000000000000001,0.012200000000000003,0.012,0.00040000000000000034,0.0555,0.0575,0.056225000000000004,0.056,0.00040233692348577737,0.033,0.035,0.03405000000000001,0.034,0.0004974937185533105,0.021500000000000002,0.0225,0.022250000000000002,0.0225,0.00029580398915498066,0.07200000000000001,0.076,0.0736,0.0735,0.001079351657246143,0.0175,0.018000000000000002,0.017875000000000005,0.018000000000000002,0.00021650635094610984,0.079,0.081,0.08015,0.08025,0.00047696960070847325,0.016,0.017,0.016800000000000002,0.017,0.00040000000000000034,32,32,2560,10240,51200,False,2048,2
0.031,0.04,0.03785714285714287,0.038,0.0017535192990020927,0.012,0.013000000000000001,0.012150000000000003,0.012,0.0003570714214271428,0.0555,0.057,0.05605000000000001,0.056,0.0004153311931459041,0.033,0.035,0.03400000000000001,0.034,0.0003162277660168382,0.021500000000000002,0.022,0.021825000000000004,0.022,0.00023848480035423497,0.0725,0.077,0.074325,0.07425,0.00140779082253011,0.0175,0.018000000000000002,0.017650000000000006,0.0175,0.0002291287847477922,0.0795,0.0805,0.07972499999999999,0.0795,0.0003344772040064916,0.015,0.017,0.016300000000000002,0.016,0.0005567764362830027,32,32,2560,10240,51200,False,2048,2
0.031,0.038,0.03700000000000001,0.037,0.001414213562373095,0.012,0.013000000000000001,0.012150000000000003,0.012,0.0003570714214271428,0.0545,0.0565,0.055275,0.0555,0.00043229041164476493,0.033,0.035,0.03380000000000001,0.034,0.000509901951359279,0.021,0.022,0.021625000000000002,0.021500000000000002,0.0003112474899497171,0.073,0.075,0.07347499999999998,0.0735,0.00043229041164476493,0.017,0.0175,0.017250000000000005,0.01725,0.0002500000000000003,0.0785,0.08,0.07915,0.079,0.00045000000000000037,0.016,0.017,0.016150000000000005,0.016,0.00035707142142714284,32,32,2560,10240,51200,False,2032,2
0.03,0.039,0.03723809523809525,0.037,0.0017431433540688694,0.012,0.013000000000000001,0.012050000000000002,0.012,0.00021794494717703388,0.0545,0.056,0.055125,0.055,0.0003832427429188976,0.033,0.034,0.033600000000000005,0.034,0.0004898979485566361,0.021500000000000002,0.022,0.021750000000000002,0.02175,0.00024999999999999843,0.07200000000000001,0.0745,0.07299999999999998,0.073,0.000499999999999999,0.017,0.0175,0.017050000000000003,0.017,0.00015000000000000012,0.078,0.0795,0.078825,0.079,0.0004264680527307999,0.016,0.017,0.016200000000000003,0.016,0.00040000000000000034,32,32,2560,10240,51200,False,2016,2
0.03,0.038,0.03642857142857144,0.037,0.001590789817951434,0.012,0.013000000000000001,0.012100000000000003,0.012,0.00030000000000000024,0.055,0.057,0.055700000000000006,0.0555,0.00045825756949558437,0.033,0.034,0.033150000000000006,0.033,0.00035707142142714284,0.021500000000000002,0.022,0.021775000000000003,0.022,0.00024874685927665346,0.073,0.075,0.07365,0.0735,0.0004213074886588184,0.017,0.0175,0.017050000000000003,0.017,0.00015000000000000012,0.0785,0.0795,0.07909999999999999,0.079,0.0003391164991562637,0.016,0.016,0.016000000000000004,0.016,3.469446951953614e-18,32,32,2560,10240,51200,False,2000,2
0.03,0.037,0.03638095238095239,0.037,0.001495268425534055,0.012,0.012,0.012000000000000002,0.012,1.734723475976807e-18,0.055,0.0565,0.055600000000000004,0.0555,0.0003741657386773945,0.032,0.034,0.03300000000000001,0.033,0.00044721359549995833,0.021500000000000002,0.0275,0.022025000000000003,0.021500000000000002,0.0012891373084353735,0.073,0.075,0.07344999999999999,0.0735,0.0004974937185533105,0.0165,0.017,0.016950000000000003,0.017,0.00015000000000000015,0.0785,0.0795,0.07922499999999998,0.0795,0.0003344772040064916,0.015,0.016,0.015750000000000004,0.016,0.00043301270189221973,32,32,2560,10240,51200,False,1984,2
0.03,0.037,0.0361904761904762,0.036000000000000004,0.0014677176197545176,0.012,0.013000000000000001,0.012200000000000003,0.012,0.00040000000000000034,0.0545,0.056,0.055075,0.055,0.0003960744879438718,0.032,0.033,0.03275000000000001,0.033,0.0004330127018922197,0.021,0.022,0.0216,0.021500000000000002,0.0003391164991562623,0.0725,0.074,0.07289999999999999,0.073,0.00043588989435406776,0.0165,0.017,0.016550000000000002,0.0165,0.00015000000000000012,0.0775,0.0795,0.07844999999999999,0.0785,0.000522015325445528,0.015,0.016,0.015600000000000003,0.016,0.0004898979485566361,32,32,2560,10240,51200,False,1968,2
0.03,0.038,0.03604761904761906,0.036000000000000004,0.0014952684255340552,0.012,0.013000000000000001,0.012050000000000002,0.012,0.0002179449471770339,0.0545,0.056,0.055075000000000006,0.055,0.0003960744879438719,0.032,0.033,0.032400000000000005,0.032,0.000489897948556636,0.021500000000000002,0.022,0.021750000000000002,0.02175,0.00024999999999999843,0.0725,0.075,0.07297499999999998,0.073,0.0005356071321407142,0.0165,0.0165,0.016500000000000004,0.0165,3.469446951953614e-18,0.078,0.0795,0.0787,0.0785,0.0003316624790355403,0.015,0.016,0.015350000000000003,0.015,0.00047696960070847314,32,32,2560,10240,51200,False,1952,2
0.029,0.037,0.03557142857142858,0.036000000000000004,0.0015907898179514349,0.012,0.013000000000000001,0.012050000000000002,0.012,0.0002179449471770339,0.055,0.057,0.055825000000000014,0.056,0.000530919014539883,0.031,0.033,0.032100000000000004,0.032,0.0005385164807134509,0.021500000000000002,0.0225,0.022000000000000002,0.022,0.0003535533905932729,0.0735,0.076,0.07399999999999998,0.074,0.0005477225575051667,0.016,0.0165,0.016475000000000004,0.0165,0.00010897247358851693,0.079,0.0805,0.07970000000000001,0.0795,0.00043011626335213174,0.015,0.017,0.015400000000000002,0.015,0.0005830951894845304,32,32,2560,10240,51200,False,1936,2
0.029,0.036000000000000004,0.03523809523809525,0.036000000000000004,0.0014769583256448407,0.012,0.013000000000000001,0.012200000000000003,0.012,0.00040000000000000034,0.0535,0.0565,0.05445000000000001,0.0545,0.0006873863542433766,0.032,0.033,0.03275000000000001,0.033,0.0004330127018922197,0.021500000000000002,0.022,0.021725,0.021500000000000002,0.0002487468592766535,0.068,0.07050000000000001,0.06860000000000001,0.0685,0.0005147815070493505,0.0165,0.017,0.016575000000000003,0.0165,0.00017853571071357142,0.079,0.0805,0.07939999999999998,0.0795,0.00043588989435406776,0.015,0.016,0.015200000000000002,0.015,0.00040000000000000034,32,32,2560,10240,51200,False,1920,2
0.029,0.036000000000000004,0.03504761904761906,0.035,0.0014630753805464024,0.012,0.012,0.012000000000000002,0.012,1.734723475976807e-18,0.0525,0.0565,0.05445000000000001,0.0545,0.0009205976319760992,0.032,0.033,0.03245000000000001,0.032,0.0004974937185533104,0.021,0.022,0.021550000000000003,0.021500000000000002,0.00038405728739342935,0.0675,0.07100000000000001,0.06822500000000001,0.068,0.0007327175444876429,0.016,0.0165,0.016425000000000002,0.0165,0.00017853571071357142,0.078,0.0795,0.078775,0.079,0.0003699662146737189,0.015,0.016,0.015200000000000002,0.015,0.00040000000000000034,32,32,2560,10240,51200,False,1904,2
0.029,0.036000000000000004,0.03457142857142858,0.035,0.00132992762321609,0.012,0.012,0.012000000000000002,0.012,1.734723475976807e-18,0.054,0.0575,0.055200000000000006,0.055,0.0010049875621120899,0.031,0.033,0.03225000000000001,0.032,0.0005361902647381809,0.021,0.022,0.021700000000000004,0.021500000000000002,0.00029154759474226365,0.067,0.0695,0.0676,0.0675,0.0005385164807134509,0.016,0.0165,0.016050000000000002,0.016,0.00015000000000000012,0.0775,0.079,0.0781,0.078,0.00030000000000000024,0.015,0.016,0.015100000000000002,0.015,0.00030000000000000024,32,32,2560,10240,51200,False,1888,2
0.028,0.036000000000000004,0.03400000000000001,0.034,0.0014474937289114924,0.012,0.012,0.012000000000000002,0.012,1.734723475976807e-18,0.054,0.059500000000000004,0.05635000000000001,0.05625,0.0011842719282327023,0.031,0.033,0.03180000000000001,0.032,0.000509901951359279,0.021500000000000002,0.022,0.021725,0.021500000000000002,0.0002487468592766535,0.0675,0.07,0.06825000000000002,0.06825,0.000580947501931113,0.016,0.0165,0.016200000000000003,0.016,0.000244948974278318,0.078,0.0795,0.07882499999999999,0.07875,0.0004264680527307999,0.015,0.015,0.015000000000000003,0.015,3.469446951953614e-18,32,32,2560,10240,51200,False,1872,2
0.028,0.036000000000000004,0.0341904761904762,0.034,0.0014998110236212983,0.011,0.012,0.011950000000000002,0.012,0.00021794494717703385,0.056,0.06,0.057275,0.057,0.0011121488209767613,0.031,0.032,0.0316,0.032,0.0004898979485566361,0.021500000000000002,0.022,0.021725,0.021500000000000002,0.0002487468592766535,0.067,0.0695,0.06782499999999998,0.06775,0.0005068283733178328,0.016,0.016,0.016000000000000004,0.016,3.469446951953614e-18,0.0785,0.0795,0.07902499999999998,0.079,0.0003699662146737189,0.015,0.016,0.015050000000000003,0.015,0.00021794494717703385,32,32,2560,10240,51200,False,1856,2
0.028,0.035,0.03385714285714286,0.034,0.0013899542399358502,0.011,0.012,0.011950000000000002,0.012,0.00021794494717703385,0.0545,0.058,0.05635000000000001,0.05625,0.0009367496997597605,0.031,0.032,0.03175000000000001,0.032,0.0004330127018922197,0.021,0.022,0.021475,0.021500000000000002,0.0002487468592766545,0.067,0.07,0.06770000000000001,0.0675,0.0006595452979136466,0.0155,0.016,0.015725000000000003,0.0155,0.0002487468592766552,0.0775,0.0785,0.07797499999999999,0.078,0.0004023369234857774,0.014,0.015,0.014950000000000001,0.015,0.00021794494717703347,32,32,2560,10240,51200,False,1840,2
0.028,0.035,0.033619047619047625,0.034,0.0013619380615309618,0.011,0.012,0.011850000000000003,0.012,0.00035707142142714284,0.057,0.062,0.05927500000000001,0.059000000000000004,0.0012597122687344107,0.03,0.031,0.030550000000000004,0.031,0.0004974937185533105,0.021,0.022,0.021525000000000002,0.021500000000000002,0.0002947456530637891,0.0665,0.0695,0.06752499999999999,0.0675,0.0006015604707757987,0.0155,0.0155,0.015500000000000003,0.0155,3.469446951953614e-18,0.078,0.079,0.078475,0.0785,0.00024874685927665525,0.014,0.015,0.014650000000000002,0.015,0.0004769696007084724,32,32,2560,10240,51200,False,1824,2
0.028,0.035,0.033380952380952386,0.034,0.001326513169255631,0.011,0.012,0.011950000000000002,0.012,0.00021794494717703385,0.055,0.0565,0.055625000000000015,0.0555,0.00034910600109422385,0.03,0.031,0.030500000000000006,0.0305,0.0005000000000000004,0.021500000000000002,0.022,0.021800000000000003,0.022,0.0002449489742783163,0.068,0.07100000000000001,0.06860000000000001,0.0685,0.0006442049363362567,0.0155,0.016,0.015550000000000003,0.0155,0.00015000000000000012,0.0785,0.08,0.07930000000000001,0.0795,0.00040000000000000034,0.014,0.015,0.014250000000000002,0.014,0.00043301270189221897,32,32,2560,10240,51200,False,1808,2
0.027,0.034,0.033142857142857154,0.033,0.001456862718169368,0.011,0.012,0.011650000000000002,0.012,0.00047696960070847325,0.049,0.05,0.0494,0.0495,0.00025495097567963945,0.03,0.031,0.030100000000000005,0.03,0.00030000000000000024,0.021500000000000002,0.022,0.021725,0.021500000000000002,0.0002487468592766535,0.0655,0.068,0.06657500000000001,0.0665,0.0007462405778299656,0.015,0.016,0.015475000000000003,0.0155,0.00019202864369671538,0.0785,0.0795,0.07885,0.079,0.00035707142142714284,0.014,0.015,0.014150000000000001,0.014,0.00035707142142714214,32,32,2560,10240,51200,False,1792,2
0.027,0.034,0.032904761904761916,0.033,0.0014110030847646726,0.011,0.012,0.011800000000000001,0.012,0.00040000000000000034,0.048,0.05,0.04870000000000001,0.0485,0.00040000000000000034,0.029,0.031,0.030150000000000003,0.03,0.0004769696007084728,0.021,0.022,0.021450000000000004,0.021500000000000002,0.00026925824035672473,0.0655,0.068,0.0661,0.066,0.0005385164807134509,0.015,0.0155,0.015025000000000002,0.015,0.00010897247358851694,0.078,0.079,0.07835,0.0785,0.00035707142142714284,0.014,0.015,0.014100000000000001,0.014,0.00029999999999999976,32,32,2560,10240,51200,False,1776,2
0.027,0.034,0.032619047619047624,0.033,0.0013619380615309618,0.011,0.012,0.011600000000000003,0.012,0.0004898979485566361,0.0485,0.0495,0.04875,0.0485,0.00033541019662496876,0.029,0.031,0.029800000000000004,0.03,0.0005099019513592776,0.021500000000000002,0.0265,0.022025000000000003,0.022,0.0010544548354481564,0.0655,0.067,0.06607500000000001,0.066,0.0004264680527307999,0.0145,0.015,0.014650000000000002,0.0145,0.0002291287847477914,0.0775,0.079,0.078125,0.078,0.0004145780987944253,0.014,0.015,0.014150000000000001,0.014,0.00035707142142714214,32,32,2560,10240,51200,False,1760,2
0.027,0.034,0.032380952380952385,0.033,0.001326513169255631,0.011,0.013000000000000001,0.011700000000000002,0.012,0.0005567764362830027,0.0485,0.05,0.049350000000000005,0.0495,0.00035707142142714284,0.029,0.03,0.029800000000000004,0.03,0.000399999999999999,0.021500000000000002,0.022,0.021750000000000002,0.02175,0.00024999999999999843,0.066,0.068,0.06670000000000001,0.0665,0.00045825756949558437,0.0145,0.015,0.014725000000000002,0.0145,0.0002487468592766543,0.0785,0.0795,0.07909999999999999,0.079,0.00037416573867739446,0.014,0.015,0.014050000000000002,0.014,0.00021794494717703353,32,32,2560,10240,51200,False,1744,2
0.026000000000000002,0.033,0.031666666666666676,0.032,0.0013569339855976192,0.011,0.012,0.011700000000000002,0.012,0.0004582575694955844,0.0485,0.05,0.049075,0.049,0.0003960744879438718,0.029,0.03,0.029350000000000005,0.029,0.00047696960070847157,0.021500000000000002,0.022,0.021725,0.021500000000000002,0.0002487468592766535,0.066,0.0685,0.0664,0.0665,0.0005612486080160918,0.0145,0.015,0.014550000000000002,0.0145,0.0001499999999999996,0.0785,0.0795,0.0788,0.07875,0.0003316624790355403,0.014,0.015,0.014150000000000001,0.014,0.00035707142142714214,32,32,2560,10240,51200,False,1728,2
0.026000000000000002,0.033,0.031904761904761915,0.032,0.0014110030847646717,0.011,0.012,0.011400000000000002,0.011,0.000489897948556636,0.0475,0.05,0.048350000000000004,0.0485,0.00047696960070847325,0.029,0.03,0.029250000000000005,0.029,0.0004330127018922182,0.021,0.022,0.021450000000000004,0.021500000000000002,0.0003122498999199193,0.065,0.0675,0.06570000000000001,0.0655,0.0005099019513592789,0.014,0.0145,0.014425000000000002,0.0145,0.0001785357107135714,0.0775,0.079,0.07795,0.078,0.0003500000000000003,0.013000000000000001,0.015,0.014000000000000002,0.014,0.0003162277660168377,32,32,2560,10240,51200,False,1712,2
0.026000000000000002,0.032,0.03157142857142858,0.032,0.0012936264483053449,0.011,0.012,0.011750000000000002,0.012,0.0004330127018922198,0.048,0.049,0.048775,0.049,0.0002947456530637901,0.028,0.03,0.028950000000000004,0.029,0.00038405728739343033,0.021500000000000002,0.0275,0.021975,0.021500000000000002,0.0012891373084353737,0.065,0.0675,0.06600000000000003,0.066,0.0005916079783099621,0.014,0.0145,0.014150000000000001,0.014,0.0002291287847477922,0.0775,0.079,0.078375,0.0785,0.0004145780987944253,0.013000000000000001,0.015,0.014000000000000002,0.014,0.0003162277660168377,32,32,2560,10240,51200,False,1696,2
0.026000000000000002,0.032,0.031047619047619053,0.031,0.0012140522651411388,0.011,0.012,0.011250000000000001,0.011,0.0004330127018922198,0.0485,0.05,0.0493,0.0495,0.0003316624790355403,0.028,0.03,0.028800000000000003,0.029,0.0005999999999999998,0.021500000000000002,0.022,0.021775000000000003,0.022,0.00024874685927665346,0.066,0.0685,0.0668,0.067,0.0005099019513592789,0.014,0.0145,0.014125000000000002,0.014,0.00021650635094610986,0.0785,0.0805,0.0793,0.07925,0.00043011626335213174,0.013000000000000001,0.014,0.013900000000000004,0.014,0.00029999999999999976,32,32,2560,10240,51200,False,1680,2
0.026000000000000002,0.032,0.030666666666666672,0.031,0.0011683661091795518,0.011,0.012,0.011250000000000001,0.011,0.0004330127018922198,0.0475,0.0505,0.0488,0.04875,0.0009539392014169465,0.029,0.031,0.029500000000000005,0.029,0.0005916079783099605,0.0185,0.0195,0.019000000000000003,0.019,0.00022360679774997917,0.061,0.065,0.06290000000000001,0.0625,0.001079351657246146,0.0145,0.015,0.014525000000000001,0.0145,0.00010897247358851657,0.068,0.07,0.06915,0.069,0.0007088723439378919,0.013000000000000001,0.014,0.013950000000000004,0.014,0.00021794494717703353,32,32,2560,10240,51200,False,1664,2
0.025,0.032,0.030714285714285722,0.031,0.0013502330360721736,0.011,0.012,0.011200000000000002,0.011,0.00040000000000000034,0.047,0.051000000000000004,0.048525,0.0485,0.0010304731922762484,0.029,0.03,0.029250000000000005,0.029,0.0004330127018922182,0.019,0.0195,0.019125000000000003,0.019,0.00021650635094610986,0.0615,0.0645,0.06305000000000001,0.06325,0.000835164654424504,0.014,0.0145,0.014225000000000002,0.014,0.0002487468592766552,0.068,0.07100000000000001,0.069325,0.06925,0.0006179603547154142,0.013000000000000001,0.014,0.013500000000000003,0.013500000000000002,0.0004999999999999995,32,32,2560,10240,51200,False,1648,2
0.025,0.031,0.030476190476190483,0.031,0.0012953781436890897,0.011,0.012,0.011100000000000002,0.011,0.00030000000000000024,0.0485,0.051500000000000004,0.049725000000000005,0.0495,0.0007327175444876428,0.028,0.029,0.028800000000000003,0.029,0.00040000000000000034,0.019,0.02,0.019600000000000003,0.0195,0.0003741657386773945,0.062,0.066,0.06375,0.0635,0.001018577439373169,0.014,0.0145,0.014050000000000002,0.014,0.00015000000000000012,0.069,0.07,0.06950000000000002,0.0695,0.0003872983346207421,0.012,0.014,0.013300000000000003,0.013000000000000001,0.000556776436283002,32,32,2560,10240,51200,False,1632,2
0.025,0.031,0.02995238095238096,0.03,0.0011741740958036144,0.011,0.012,0.011100000000000002,0.011,0.00030000000000000024,0.0495,0.054,0.050850000000000006,0.0505,0.0011521718621802905,0.027,0.029,0.027950000000000003,0.028,0.0005894913061275802,0.02,0.021,0.020325000000000003,0.0205,0.0002861380785564902,0.0635,0.0685,0.0656,0.06575,0.0012609520212918503,0.0135,0.014,0.013975000000000001,0.014,0.00010897247358851693,0.07100000000000001,0.074,0.07250000000000001,0.0725,0.0008062257748298502,0.012,0.014,0.012900000000000003,0.013000000000000001,0.0004358898943540675,32,32,2560,10240,51200,False,1616,2
0.025,0.031,0.029857142857142863,0.03,0.0011248582677159725,0.011,0.012,0.01105,0.011,0.00021794494717703388,0.0505,0.0535,0.0519,0.052000000000000005,0.0008746427842267929,0.027,0.029,0.02765,0.028,0.0006538348415311016,0.02,0.021,0.020325000000000003,0.0205,0.0002861380785564902,0.0645,0.0695,0.066625,0.0665,0.0011497282287566929,0.0135,0.014,0.013775,0.014,0.00024874685927665525,0.07200000000000001,0.076,0.07322499999999998,0.073,0.0007980444849756181,0.012,0.014,0.012850000000000004,0.013000000000000001,0.0007262919523166975,32,32,2560,10240,51200,False,1600,2
0.025,0.031,0.02995238095238096,0.03,0.0011741740958036144,0.008,0.009000000000000001,0.008350000000000002,0.008,0.00047696960070847325,0.05,0.054,0.0517,0.051500000000000004,0.0009137833441248516,0.026000000000000002,0.027,0.026850000000000006,0.027,0.0003570714214271416,0.02,0.021,0.020525000000000005,0.0205,0.0002947456530637902,0.064,0.0685,0.066325,0.06625,0.0013348689074212507,0.0135,0.014,0.013525,0.0135,0.00010897247358851695,0.07150000000000001,0.073,0.07239999999999999,0.0725,0.0005147815070493447,0.012,0.014,0.012400000000000003,0.012,0.0006633249580710801,32,32,2560,10240,51200,False,1584,2
0.024,0.03,0.029142857142857147,0.029,0.001245399698154478,0.008,0.009000000000000001,0.008550000000000002,0.009000000000000001,0.0004974937185533104,0.05,0.054,0.051550000000000006,0.051500000000000004,0.001203120941551595,0.026000000000000002,0.027,0.026550000000000008,0.027,0.0004974937185533088,0.02,0.022,0.020925000000000003,0.02075,0.0007119515432949067,0.064,0.068,0.065825,0.06575,0.0010755812382149486,0.013000000000000001,0.0135,0.013450000000000004,0.0135,0.0001499999999999996,0.0725,0.0745,0.07359999999999998,0.0735,0.0006442049363362569,0.012,0.014,0.012200000000000003,0.012,0.0005099019513592787,32,32,2560,10240,51200,False,1568,2
0.024,0.031,0.02928571428571429,0.029,0.00131449273731831,0.008,0.009000000000000001,0.008350000000000002,0.008,0.00047696960070847325,0.0495,0.0565,0.052625,0.052750000000000005,0.002240954037904391,0.025,0.027,0.025950000000000008,0.026000000000000002,0.0003840572873934303,0.0195,0.022,0.020875,0.021,0.0009202581159652979,0.063,0.074,0.068175,0.06775,0.003762562291843151,0.013000000000000001,0.014,0.013450000000000004,0.0135,0.00021794494717703334,0.073,0.075,0.07375,0.0735,0.0004873397172404486,0.012,0.013000000000000001,0.012150000000000003,0.012,0.0003570714214271428,32,32,2560,10240,51200,False,1552,2
0.024,0.03,0.02895238095238096,0.029,0.0011741740958036144,0.008,0.009000000000000001,0.008350000000000002,0.008,0.00047696960070847325,0.042,0.043500000000000004,0.042550000000000004,0.0425,0.00047169905660283067,0.025,0.027,0.025450000000000007,0.025,0.0005894913061275798,0.0165,0.017,0.016525000000000005,0.0165,0.00010897247358851693,0.055,0.0575,0.055725000000000004,0.0555,0.0006015604707757988,0.013000000000000001,0.0135,0.013275000000000004,0.0135,0.0002487468592766543,0.0545,0.0555,0.05505,0.055,0.00021794494717703388,0.012,0.013000000000000001,0.012050000000000002,0.012,0.0002179449471770339,32,32,2560,10240,51200,False,1536,2
0.023,0.029,0.0281904761904762,0.028,0.0012580804584402772,0.008,0.009000000000000001,0.008500000000000002,0.0085,0.0005000000000000004,0.0415,0.043000000000000003,0.041925000000000004,0.042,0.0003960744879438718,0.025,0.026000000000000002,0.025100000000000004,0.025,0.00030000000000000024,0.0165,0.0165,0.016500000000000004,0.0165,3.469446951953614e-18,0.054,0.057,0.05495,0.05475,0.0007889866919029758,0.013000000000000001,0.0135,0.013150000000000004,0.013000000000000001,0.00022912878474779143,0.054,0.0545,0.05437500000000001,0.0545,0.00021650635094610984,0.012,0.013000000000000001,0.012050000000000002,0.012,0.0002179449471770339,32,32,2560,10240,51200,False,1520,2
0.023,0.029,0.02795238095238096,0.028,0.001174174095803615,0.008,0.008,0.008000000000000002,0.008,1.734723475976807e-18,0.0415,0.0425,0.04182500000000001,0.042,0.0003269174207655508,0.024,0.026000000000000002,0.024950000000000007,0.025,0.00038405728739343076,0.0165,0.0165,0.016500000000000004,0.0165,3.469446951953614e-18,0.054,0.0565,0.0546,0.0545,0.000538516480713451,0.013000000000000001,0.0135,0.013025000000000004,0.013000000000000001,0.00010897247358851655,0.054,0.055,0.05437499999999999,0.0545,0.00026809513236909045,0.012,0.012,0.012000000000000002,0.012,1.734723475976807e-18,32,32,2560,10240,51200,False,1504,2
0.023,0.029,0.027904761904761915,0.028,0.0011507662831994833,0.008,0.009000000000000001,0.008650000000000001,0.009000000000000001,0.0004769696007084733,0.042,0.043500000000000004,0.042475,0.0425,0.0004866980583482951,0.024,0.025,0.024600000000000004,0.025,0.0004898979485566361,0.0155,0.016,0.015850000000000003,0.016,0.0002291287847477922,0.0545,0.057,0.055099999999999996,0.055,0.0006041522986797291,0.013000000000000001,0.013000000000000001,0.013000000000000003,0.013000000000000001,1.734723475976807e-18,0.0545,0.055,0.054775000000000004,0.055,0.0002487468592766552,0.012,0.013000000000000001,0.012050000000000002,0.012,0.0002179449471770339,32,32,2560,10240,51200,False,1488,2
0.022,0.028,0.027428571428571438,0.028,0.0012936264483053455,0.008,0.009000000000000001,0.008100000000000001,0.008,0.0003000000000000003,0.0415,0.043000000000000003,0.04232500000000001,0.0425,0.00039607448794387183,0.024,0.025,0.024450000000000006,0.024,0.0004974937185533104,0.0165,0.0165,0.016500000000000004,0.0165,3.469446951953614e-18,0.054,0.057,0.05500000000000001,0.055,0.0006708203932499375,0.0125,0.013000000000000001,0.012625000000000003,0.0125,0.00021650635094610986,0.054,0.0555,0.05475,0.05475,0.0003354101966249688,0.012,0.012,0.012000000000000002,0.012,1.734723475976807e-18,32,32,2560,10240,51200,False,1472,2
0.022,0.028,0.02695238095238096,0.027,0.001174174095803615,0.008,0.008,0.008000000000000002,0.008,1.734723475976807e-18,0.041,0.0425,0.041650000000000006,0.0415,0.00032015621187164267,0.023,0.025,0.024150000000000005,0.024,0.0004769696007084732,0.016,0.0165,0.016475000000000004,0.0165,0.00010897247358851693,0.054,0.0565,0.05465,0.0545,0.0006344288770224766,0.0125,0.013000000000000001,0.012550000000000002,0.0125,0.00015000000000000012,0.0535,0.0545,0.054349999999999996,0.0545,0.00027838821814150135,0.012,0.012,0.012000000000000002,0.012,1.734723475976807e-18,32,32,2560,10240,51200,False,1456,2
0.022,0.028,0.02671428571428572,0.027,0.0011187942975686412,0.008,0.008,0.008000000000000002,0.008,1.734723475976807e-18,0.041,0.0425,0.041725000000000005,0.0415,0.00036996621467371885,0.023,0.024,0.023900000000000005,0.024,0.0003000000000000003,0.0165,0.0165,0.016500000000000004,0.0165,3.469446951953614e-18,0.054,0.056,0.05437500000000001,0.054,0.0005889609494694879,0.012,0.0125,0.012450000000000003,0.0125,0.00015000000000000015,0.0535,0.0545,0.05395000000000001,0.054,0.00031224989991992017,0.012,0.012,0.012000000000000002,0.012,1.734723475976807e-18,32,32,2560,10240,51200,False,1440,2
0.022,0.028,0.02676190476190477,0.027,0.0011086139739831258,0.008,0.008,0.008000000000000002,0.008,1.734723475976807e-18,0.042,0.043500000000000004,0.04257500000000001,0.0425,0.0003960744879438718,0.023,0.024,0.023350000000000003,0.023,0.0004769696007084732,0.0165,0.017,0.016525000000000005,0.0165,0.00010897247358851693,0.0545,0.0575,0.05545,0.0555,0.0007566372975210785,0.012,0.0125,0.012325000000000003,0.0125,0.00023848480035423665,0.0545,0.055,0.054900000000000004,0.055,0.00020000000000000015,0.012,0.012,0.012000000000000002,0.012,1.734723475976807e-18,32,32,2560,10240,51200,False,1424,2
0.022,0.027,0.026095238095238102,0.026000000000000002,0.0010190921218586997,0.008,0.008,0.008000000000000002,0.008,1.734723475976807e-18,0.043500000000000004,0.0475,0.0458,0.046,0.0010416333327999824,0.022,0.024,0.023300000000000005,0.023,0.0005567764362830027,0.0155,0.016,0.015550000000000003,0.0155,0.00015000000000000012,0.0535,0.0575,0.05495,0.05475,0.001023474474522937,0.012,0.0125,0.012400000000000003,0.0125,0.00020000000000000015,0.0545,0.055,0.05467500000000001,0.0545,0.00023848480035423662,0.012,0.012,0.012000000000000002,0.012,1.734723475976807e-18,32,32,2560,10240,51200,False,1408,2
0.022,0.027,0.025857142857142863,0.026000000000000002,0.0008883218145798878,0.008,0.008,0.008000000000000002,0.008,1.734723475976807e-18,0.043000000000000003,0.049,0.046875,0.04725,0.001634587103827753,0.022,0.023,0.022800000000000004,0.023,0.0004000000000000003,0.0155,0.0155,0.015500000000000003,0.0155,3.469446951953614e-18,0.0535,0.0565,0.05505000000000001,0.055,0.000835164654424504,0.012,0.0125,0.012175000000000002,0.012,0.00023848480035423657,0.054,0.055,0.054525000000000004,0.0545,0.00019202864369671538,0.012,0.012,0.012000000000000002,0.012,1.734723475976807e-18,32,32,2560,10240,51200,False,1392,2
0.022,0.027,0.025904761904761913,0.026000000000000002,0.0009209085526577965,0.008,0.008,0.008000000000000002,0.008,1.734723475976807e-18,0.0425,0.0485,0.045149999999999996,0.0445,0.0019435791725576801,0.022,0.023,0.022500000000000003,0.0225,0.0005000000000000004,0.0155,0.0155,0.015500000000000003,0.0155,3.469446951953614e-18,0.0555,0.0585,0.056575,0.0565,0.0009120718173477358,0.0115,0.012,0.011975000000000003,0.012,0.00010897247358851693,0.0535,0.0545,0.05397500000000001,0.054,0.0002947456530637901,0.012,0.012,0.012000000000000002,0.012,1.734723475976807e-18,32,32,2560,10240,51200,False,1376,2
0.021,0.026000000000000002,0.0250952380952381,0.025,0.0010190921218586999,0.008,0.008,0.008000000000000002,0.008,1.734723475976807e-18,0.0475,0.054,0.05002500000000001,0.0495,0.0018198557635153384,0.022,0.023,0.022350000000000002,0.022,0.0004769696007084732,0.0155,0.016,0.015600000000000003,0.0155,0.00020000000000000015,0.0565,0.061,0.058374999999999996,0.0585,0.0013681648292512122,0.0115,0.012,0.011750000000000002,0.01175,0.0002500000000000002,0.0545,0.055,0.054625,0.0545,0.00021650635094610986,0.01,0.012,0.011650000000000002,0.012,0.0005722761571129801,32,32,2560,10240,51200,False,1360,2
0.021,0.026000000000000002,0.024904761904761912,0.025,0.0009712418121129117,0.008,0.008,0.008000000000000002,0.008,1.734723475976807e-18,0.046,0.0535,0.04990000000000001,0.04975,0.0021598611066455183,0.021,0.022,0.021900000000000003,0.022,0.00029999999999999927,0.0155,0.0155,0.015500000000000003,0.0155,3.469446951953614e-18,0.057,0.0605,0.058600000000000006,0.058750000000000004,0.0010074720839804935,0.0115,0.012,0.011625000000000002,0.0115,0.00021650635094610986,0.054,0.055,0.05437500000000001,0.0545,0.00026809513236909045,0.01,0.012,0.011300000000000001,0.011,0.000640312423743285,32,32,2560,10240,51200,False,1344,2
0.021,0.026000000000000002,0.025000000000000005,0.025,0.0009759000729485333,0.008,0.008,0.008000000000000002,0.008,1.734723475976807e-18,0.0455,0.053,0.049725000000000005,0.0505,0.0026479945241635232,0.021,0.022,0.021650000000000003,0.022,0.0004769696007084717,0.0155,0.0155,0.015500000000000003,0.0155,3.469446951953614e-18,0.055,0.0605,0.05825,0.0585,0.0014097872179871687,0.011,0.012,0.011475000000000003,0.0115,0.00019202864369671538,0.054,0.055,0.05425000000000001,0.054,0.00033541019662496876,0.01,0.012,0.011150000000000002,0.011,0.0006538348415311012,32,32,2560,10240,51200,False,1328,2
0.02,0.026000000000000002,0.024571428571428577,0.025,0.0011368891796488883,0.007,0.008,0.007800000000000001,0.008,0.0004,0.0455,0.0555,0.04962500000000001,0.049,0.002640430836056874,0.021,0.022,0.021500000000000002,0.0215,0.0004999999999999987,0.0155,0.0155,0.015500000000000003,0.0155,3.469446951953614e-18,0.0535,0.0555,0.05397500000000001,0.054,0.0005117372372614685,0.011,0.0115,0.011125000000000001,0.011,0.00021650635094610986,0.053,0.0545,0.053750000000000006,0.05375,0.00033541019662496876,0.01,0.012,0.010950000000000001,0.011,0.0006689544080129826,32,32,2560,10240,51200,False,1312,2
0.02,0.025,0.024285714285714292,0.024,0.001075389503870116,0.007,0.008,0.007850000000000001,0.008,0.0003570714214271425,0.0445,0.0525,0.0485,0.0485,0.002469817807045695,0.02,0.022,0.0211,0.021,0.0004358898943540667,0.0155,0.016,0.015600000000000003,0.0155,0.00020000000000000015,0.054,0.0565,0.0548,0.055,0.0005567764362830027,0.011,0.0115,0.011025000000000002,0.011,0.00010897247358851694,0.054,0.055,0.05450000000000001,0.0545,0.0002738612787525833,0.01,0.012,0.0103,0.01,0.000556776436283002,32,32,2560,10240,51200,False,1296,2
0.02,0.025,0.024000000000000004,0.024,0.0009759000729485334,0.008,0.008,0.008000000000000002,0.008,1.734723475976807e-18,0.035500000000000004,0.042,0.038900000000000004,0.041,0.002690724809414741,0.02,0.021,0.020900000000000005,0.021,0.0003000000000000003,0.016,0.0165,0.016025000000000005,0.016,0.00010897247358851693,0.048,0.0505,0.048725000000000004,0.0485,0.0007154544010627099,0.011,0.0115,0.011150000000000002,0.011,0.0002291287847477922,0.0525,0.053,0.0529,0.053,0.00020000000000000017,0.01,0.012,0.01025,0.01,0.0005361902647381802,32,32,2560,10240,51200,False,1280,2
0.02,0.024,0.023666666666666673,0.024,0.0008908708063747481,0.007,0.008,0.007950000000000002,0.008,0.0002179449471770337,0.0345,0.0415,0.038300000000000015,0.0395,0.002609597670139977,0.02,0.021,0.020700000000000003,0.021,0.0004582575694955844,0.0155,0.016,0.0158,0.016,0.00024494897427831806,0.0475,0.05,0.04867500000000001,0.04875,0.0007628073151196186,0.011,0.0115,0.011025000000000002,0.011,0.00010897247358851694,0.051500000000000004,0.0525,0.0522,0.052250000000000005,0.0003316624790355372,0.01,0.011,0.01005,0.01,0.00021794494717703353,32,32,2560,10240,51200,False,1264,2
0.019,0.024,0.023428571428571434,0.024,0.0010942024088643869,0.007,0.008,0.007700000000000001,0.008,0.000458257569495584,0.0345,0.041,0.03800000000000001,0.04,0.0027883686987197364,0.02,0.021,0.020400000000000005,0.02,0.000489897948556636,0.0155,0.016,0.015825000000000002,0.016,0.00023848480035423665,0.047,0.0495,0.048025000000000005,0.048,0.000621992765231237,0.0105,0.011,0.010925,0.011,0.0001785357107135708,0.052000000000000005,0.0525,0.052324999999999997,0.0525,0.00023848480035423326,0.01,0.011,0.01005,0.01,0.00021794494717703353,32,32,2560,10240,51200,False,1248,2
0.019,0.024,0.0230952380952381,0.023,0.0010190921218586999,0.007,0.008,0.007650000000000001,0.008,0.00047696960070847287,0.035500000000000004,0.042,0.03957500000000001,0.0405,0.0022927876046419994,0.02,0.021,0.020300000000000006,0.02,0.0004582575694955844,0.0155,0.016,0.0158,0.016,0.00024494897427831806,0.0475,0.05,0.0485,0.048,0.000741619848709567,0.0105,0.011,0.010875000000000001,0.011,0.0002165063509461091,0.0525,0.053,0.05275,0.05275,0.0002500000000000002,0.01,0.01,0.010000000000000002,0.01,1.734723475976807e-18,32,32,2560,10240,51200,False,1232,2
0.019,0.024,0.022952380952380957,0.023,0.0009499970163457146,0.007,0.008,0.0075000000000000015,0.0075,0.0005,0.035,0.0415,0.03780000000000001,0.037750000000000006,0.0027766886753829633,0.019,0.021,0.019850000000000003,0.02,0.0005722761571129804,0.0155,0.016,0.015875000000000004,0.016,0.00021650635094610984,0.0475,0.05,0.04887500000000001,0.049,0.0006495190528383296,0.0105,0.011,0.010575000000000001,0.0105,0.0001785357107135708,0.052000000000000005,0.053,0.052575000000000004,0.0525,0.0002384848003542358,0.01,0.01,0.010000000000000002,0.01,1.734723475976807e-18,32,32,2560,10240,51200,False,1216,2
0.019,0.023,0.022666666666666672,0.023,0.0008908708063747482,0.007,0.008,0.007450000000000001,0.007,0.0004974937185533101,0.0345,0.041,0.0377,0.039,0.002368543856465401,0.019,0.021,0.019900000000000004,0.02,0.0004358898943540677,0.0155,0.016,0.015725000000000003,0.0155,0.0002487468592766552,0.0475,0.0495,0.048475000000000004,0.0485,0.0005804093383121955,0.0105,0.0105,0.010500000000000002,0.0105,1.734723475976807e-18,0.052000000000000005,0.0525,0.0522,0.052000000000000005,0.00024494897427831464,0.01,0.01,0.010000000000000002,0.01,1.734723475976807e-18,32,32,2560,10240,51200,False,1200,2
0.019,0.023,0.022142857142857148,0.022,0.0008329931278350432,0.007,0.007,0.007000000000000001,0.007,8.673617379884035e-19,0.035,0.041,0.038950000000000005,0.0405,0.002553918557824426,0.019,0.02,0.019500000000000003,0.0195,0.0005000000000000004,0.0155,0.016,0.015825000000000002,0.016,0.00023848480035423665,0.0475,0.0495,0.04825,0.04825,0.0006614378277661482,0.01,0.0105,0.010275000000000003,0.0105,0.00024874685927665525,0.052000000000000005,0.053,0.052375000000000005,0.0525,0.0002680951323690875,0.01,0.01,0.010000000000000002,0.01,1.734723475976807e-18,32,32,2560,10240,51200,False,1184,2
0.019,0.023,0.022000000000000002,0.022,0.0007559289460184545,0.007,0.007,0.007000000000000001,0.007,8.673617379884035e-19,0.035,0.042,0.0381,0.03825,0.0026999999999999993,0.019,0.02,0.019300000000000005,0.019,0.0004582575694955844,0.0155,0.016,0.0158,0.016,0.00024494897427831806,0.048,0.0505,0.04907500000000001,0.049,0.0006179603547154142,0.01,0.0105,0.010225000000000001,0.01,0.0002487468592766552,0.0525,0.0535,0.052825,0.053,0.00028613807855649016,0.01,0.01,0.010000000000000002,0.01,1.734723475976807e-18,32,32,2560,10240,51200,False,1168,2
0.018000000000000002,0.022,0.021761904761904767,0.022,0.0008676603408708847,0.007,0.008,0.007050000000000001,0.007,0.0002179449471770337,0.035,0.0415,0.03797500000000001,0.037750000000000006,0.0027994419086667956,0.018000000000000002,0.02,0.019250000000000007,0.019,0.0005361902647381805,0.0155,0.016,0.015875000000000004,0.016,0.00021650635094610984,0.043000000000000003,0.045,0.043800000000000006,0.044,0.0004582575694955816,0.0105,0.011,0.010525000000000001,0.0105,0.00010897247358851657,0.051000000000000004,0.052000000000000005,0.051625,0.051500000000000004,0.00026809513236909045,0.01,0.01,0.010000000000000002,0.01,1.734723475976807e-18,32,32,2560,10240,51200,False,1152,2
0.018000000000000002,0.022,0.021571428571428575,0.022,0.0009035079029052504,0.007,0.007,0.007000000000000001,0.007,8.673617379884035e-19,0.034,0.0415,0.0374,0.039,0.002681417535558384,0.018000000000000002,0.02,0.018750000000000006,0.019,0.0005361902647381794,0.0155,0.016,0.015525000000000002,0.0155,0.00010897247358851694,0.0425,0.044,0.0434,0.043500000000000004,0.0005612486080160892,0.0105,0.011,0.010525000000000001,0.0105,0.00010897247358851657,0.0505,0.051500000000000004,0.051050000000000005,0.051000000000000004,0.00021794494717703388,0.01,0.01,0.010000000000000002,0.01,1.734723475976807e-18,32,32,2560,10240,51200,False,1136,2
0.018000000000000002,0.022,0.02123809523809524,0.021,0.0008676603408708847,0.007,0.007,0.007000000000000001,0.007,8.673617379884035e-19,0.034,0.0405,0.037275,0.037500000000000006,0.002799441908666796,0.018000000000000002,0.019,0.018350000000000005,0.018000000000000002,0.0004769696007084715,0.0155,0.016,0.015700000000000002,0.0155,0.000244948974278318,0.0415,0.044,0.043025,0.043000000000000003,0.0006609652033201128,0.01,0.0105,0.010250000000000002,0.01025,0.0002500000000000002,0.0505,0.051000000000000004,0.0508,0.051000000000000004,0.00024494897427831806,0.01,0.01,0.010000000000000002,0.01,1.734723475976807e-18,32,32,2560,10240,51200,False,1120,2
0.018000000000000002,0.022,0.021095238095238097,0.021,0.0008109231602822087,0.007,0.007,0.007000000000000001,0.007,8.673617379884035e-19,0.035,0.0415,0.03802500000000001,0.04,0.0026621185172715344,0.018000000000000002,0.019,0.018150000000000006,0.018000000000000002,0.0003570714214271416,0.0155,0.016,0.015550000000000003,0.0155,0.00015000000000000012,0.043000000000000003,0.044,0.04345,0.043500000000000004,0.00034999999999999815,0.01,0.0105,0.010150000000000003,0.01,0.0002291287847477922,0.051000000000000004,0.051500000000000004,0.0513,0.051500000000000004,0.00024494897427831806,0.01,0.01,0.010000000000000002,0.01,1.734723475976807e-18,32,32,2560,10240,51200,False,1104,2
0.017,0.021,0.020476190476190485,0.021,0.0009060141709733548,0.007,0.007,0.007000000000000001,0.007,8.673617379884035e-19,0.0345,0.0415,0.03760000000000001,0.037750000000000006,0.0029308701779505683,0.017,0.018000000000000002,0.017750000000000005,0.018000000000000002,0.0004330127018922197,0.0155,0.016,0.015825000000000002,0.016,0.00023848480035423665,0.043000000000000003,0.046,0.043899999999999995,0.04375,0.0007176350047203641,0.01,0.01,0.010000000000000002,0.01,1.734723475976807e-18,0.051000000000000004,0.051500000000000004,0.051250000000000004,0.051250000000000004,0.0002500000000000002,0.01,0.01,0.010000000000000002,0.01,1.734723475976807e-18,32,32,2560,10240,51200,False,1088,2
0.017,0.021,0.020000000000000007,0.02,0.0007559289460184545,0.007,0.007,0.007000000000000001,0.007,8.673617379884035e-19,0.034,0.0405,0.03780000000000001,0.03925,0.0024566236993076485,0.017,0.019,0.017550000000000003,0.0175,0.0005894913061275798,0.0155,0.016,0.015575000000000002,0.0155,0.00017853571071357142,0.0425,0.046,0.044250000000000005,0.0445,0.0010428326807307084,0.0095,0.01,0.009900000000000003,0.01,0.00020000000000000015,0.05,0.051000000000000004,0.05045000000000001,0.0505,0.0003122498999199202,0.009000000000000001,0.01,0.009700000000000004,0.01,0.00045825756949558356,32,32,2560,10240,51200,False,1072,2
0.017,0.021,0.020238095238095246,0.02,0.0008676603408708857,0.007,0.007,0.007000000000000001,0.007,8.673617379884035e-19,0.034,0.041,0.03707500000000001,0.037000000000000005,0.0027985487310389994,0.015,0.016,0.015950000000000002,0.016,0.00021794494717703385,0.015,0.0155,0.015075000000000002,0.015,0.00017853571071357142,0.042,0.045,0.043375000000000004,0.043500000000000004,0.0009984362773857913,0.0095,0.01,0.009575000000000002,0.0095,0.00017853571071357142,0.052000000000000005,0.053,0.05235000000000001,0.0525,0.0003201562118716397,0.008,0.01,0.009650000000000002,0.01,0.0006538348415311009,32,32,2560,10240,51200,False,1056,2
0.017,0.02,0.019809523809523815,0.02,0.0006632565846278151,0.007,0.007,0.007000000000000001,0.007,8.673617379884035e-19,0.0345,0.0405,0.03742500000000001,0.037250000000000005,0.002739867697535776,0.015,0.016,0.015900000000000004,0.016,0.0003000000000000003,0.015,0.0155,0.015250000000000003,0.01525,0.0002500000000000002,0.043000000000000003,0.046,0.044075,0.043500000000000004,0.0008407585860400095,0.0095,0.01,0.009575000000000002,0.0095,0.00017853571071357142,0.0525,0.0535,0.05317500000000001,0.053,0.00032691742076555085,0.008,0.01,0.009300000000000003,0.009000000000000001,0.0006403124237432847,32,32,2560,10240,51200,False,1040,2
0.017,0.02,0.019047619047619053,0.019,0.0005753831415997415,0.007,0.007,0.007000000000000001,0.007,8.673617379884035e-19,0.0365,0.049,0.0427,0.042749999999999996,0.005367494760127858,0.014,0.016,0.014400000000000001,0.014,0.0005830951894845298,0.015,0.0155,0.015375000000000003,0.0155,0.00021650635094610984,0.0575,0.062,0.060125,0.0605,0.001283306276771058,0.009000000000000001,0.0095,0.009325000000000003,0.0095,0.00023848480035423584,0.05,0.051000000000000004,0.050575,0.0505,0.00028613807855649016,0.009000000000000001,0.01,0.009550000000000003,0.01,0.0004974937185533095,32,32,2560,10240,51200,False,1024,2
0.016,0.021,0.01914285714285715,0.019,0.0008883218145798875,0.007,0.007,0.007000000000000001,0.007,8.673617379884035e-19,0.0365,0.0485,0.042525,0.042249999999999996,0.005448566325190509,0.014,0.015,0.014550000000000002,0.015,0.0004974937185533095,0.0135,0.014,0.013775,0.014,0.0002487468592766552,0.0575,0.0615,0.0595,0.059000000000000004,0.0012942179105544765,0.009000000000000001,0.0095,0.009250000000000003,0.009250000000000001,0.00024999999999999935,0.0495,0.0505,0.050075000000000015,0.05,0.00023848480035423662,0.008,0.01,0.009200000000000003,0.009000000000000001,0.0006782329983125268,32,32,2560,10240,51200,False,1016,2
0.016,0.02,0.019047619047619053,0.019,0.0007853534524986019,0.007,0.007,0.007000000000000001,0.007,8.673617379884035e-19,0.0365,0.0485,0.04245,0.042249999999999996,0.005463286556643356,0.013000000000000001,0.015,0.014300000000000002,0.014,0.0005567764362830017,0.015,0.0155,0.015175000000000003,0.015,0.00023848480035423662,0.04,0.042,0.040900000000000006,0.041,0.0006442049363362568,0.0085,0.009000000000000001,0.008975000000000002,0.009000000000000001,0.00010897247358851693,0.0495,0.0505,0.0501,0.05,0.0003000000000000003,0.008,0.01,0.008950000000000003,0.009000000000000001,0.0007399324293474372,32,32,2560,10240,51200,False,1008,2
0.016,0.02,0.01890476190476191,0.019,0.0007499055118106486,0.007,0.007,0.007000000000000001,0.007,8.673617379884035e-19,0.035500000000000004,0.049,0.041999999999999996,0.041999999999999996,0.005727128425310541,0.013000000000000001,0.015,0.014350000000000002,0.014,0.0005722761571129795,0.015,0.0155,0.015025000000000002,0.015,0.00010897247358851694,0.0405,0.0425,0.041425000000000003,0.0415,0.0005539629951540089,0.009000000000000001,0.0095,0.009025000000000002,0.009000000000000001,0.00010897247358851657,0.0495,0.0505,0.050175000000000004,0.05025,0.0003631459761583491,0.008,0.009000000000000001,0.008300000000000002,0.008,0.0004582575694955844,32,32,2560,10240,51200,False,1000,2
0.016,0.02,0.01890476190476191,0.019,0.0007499055118106486,0.007,0.007,0.007000000000000001,0.007,8.673617379884035e-19,0.035500000000000004,0.0485,0.0421,0.042249999999999996,0.0056293871780150285,0.013000000000000001,0.016,0.014400000000000001,0.014,0.0006633249580710797,0.0135,0.0145,0.013775,0.01375,0.0002947456530637901,0.0415,0.0425,0.041800000000000004,0.04175,0.0003316624790355403,0.009000000000000001,0.009000000000000001,0.009000000000000003,0.009000000000000001,1.734723475976807e-18,0.05,0.051000000000000004,0.050675000000000005,0.0505,0.00028613807855649016,0.008,0.009000000000000001,0.008400000000000001,0.008,0.0004898979485566361,32,32,2560,10240,51200,False,992,2
0.016,0.019,0.01857142857142858,0.019,0.0007284313590846829,0.007,0.007,0.007000000000000001,0.007,8.673617379884035e-19,0.036000000000000004,0.048,0.041675000000000004,0.041499999999999995,0.005443516786049253,0.014,0.015,0.014400000000000001,0.014,0.0004898979485566352,0.0135,0.014,0.013675000000000001,0.0135,0.00023848480035423657,0.0405,0.0425,0.0413,0.0415,0.00040000000000000034,0.0085,0.009000000000000001,0.008975000000000002,0.009000000000000001,0.00010897247358851693,0.0495,0.0505,0.04985000000000001,0.05,0.0002783882181415013,0.008,0.01,0.008250000000000002,0.008,0.0005361902647381805,32,32,2560,10240,51200,False,984,2
0.016,0.019,0.018428571428571433,0.019,0.0007284313590846828,0.007,0.007,0.007000000000000001,0.007,8.673617379884035e-19,0.0365,0.0485,0.04235,0.042249999999999996,0.005366796064692604,0.013000000000000001,0.015,0.014250000000000002,0.014,0.0005361902647381799,0.0135,0.014,0.013675000000000001,0.0135,0.00023848480035423662,0.04,0.042,0.041225,0.0415,0.0005117372372614685,0.0085,0.009000000000000001,0.008525000000000001,0.0085,0.00010897247358851695,0.0495,0.05,0.04985000000000001,0.05,0.00022912878474779216,0.008,0.01,0.008450000000000003,0.008,0.0006689544080129827,32,32,2560,10240,51200,False,976,2
0.016,0.019,0.018190476190476194,0.018000000000000002,0.0006632565846278147,0.007,0.007,0.007000000000000001,0.007,8.673617379884035e-19,0.0365,0.049,0.042475,0.042249999999999996,0.0053955421414349095,0.013000000000000001,0.015,0.014400000000000001,0.014,0.0005830951894845296,0.0135,0.014,0.013775,0.014,0.00024874685927665525,0.041,0.0425,0.04185000000000001,0.042,0.00035707142142714284,0.0085,0.009000000000000001,0.008600000000000002,0.0085,0.00020000000000000017,0.0505,0.051500000000000004,0.050850000000000006,0.051000000000000004,0.00027838821814150135,0.008,0.009000000000000001,0.008100000000000001,0.008,0.0003000000000000003,32,32,2560,10240,51200,False,968,2
0.016,0.019,0.018238095238095244,0.018000000000000002,0.0006834619092574909,0.007,0.007,0.007000000000000001,0.007,8.673617379884035e-19,0.0365,0.0485,0.042475,0.042499999999999996,0.005535058716942398,0.013000000000000001,0.016,0.014350000000000002,0.014,0.0008529361054615986,0.0135,0.0145,0.013775,0.0135,0.0003344772040064916,0.041,0.0425,0.041749999999999995,0.0415,0.0004330127018922197,0.0085,0.0085,0.008500000000000002,0.0085,1.734723475976807e-18,0.05,0.051000000000000004,0.0506,0.0505,0.00030000000000000024,0.008,0.009000000000000001,0.008150000000000001,0.008,0.0003570714214271428,32,32,2560,10240,51200,False,960,2
0.016,0.019,0.0180952380952381,0.018000000000000002,0.0006098213559459852,0.007,0.007,0.007000000000000001,0.007,8.673617379884035e-19,0.0365,0.049,0.04252499999999999,0.042499999999999996,0.005489706276295665,0.013000000000000001,0.015,0.014250000000000002,0.014,0.0005361902647381799,0.0135,0.014,0.013675000000000001,0.0135,0.00023848480035423662,0.0405,0.042,0.041350000000000005,0.0415,0.00035707142142714284,0.0085,0.0085,0.008500000000000002,0.0085,1.734723475976807e-18,0.0495,0.0505,0.050075,0.05,0.0002861380785564902,0.008,0.009000000000000001,0.008050000000000002,0.008,0.0002179449471770339,32,32,2560,10240,51200,False,952,2
0.015,0.019,0.01795238095238096,0.018000000000000002,0.0007221786137191955,0.007,0.007,0.007000000000000001,0.007,8.673617379884035e-19,0.036000000000000004,0.048,0.04170000000000001,0.041749999999999995,0.0054644304369257,0.013000000000000001,0.015,0.013900000000000001,0.014,0.0006244997998398393,0.0135,0.014,0.013675000000000001,0.0135,0.00023848480035423657,0.04,0.042,0.041,0.041,0.0005000000000000004,0.008,0.0085,0.008350000000000002,0.0085,0.0002291287847477922,0.0495,0.0505,0.05002500000000001,0.05,0.00019202864369671538,0.008,0.009000000000000001,0.008050000000000002,0.008,0.0002179449471770339,32,32,2560,10240,51200,False,944,2
0.015,0.019,0.01790476190476191,0.018000000000000002,0.0007499055118106488,0.007,0.007,0.007000000000000001,0.007,8.673617379884035e-19,0.036000000000000004,0.0485,0.04187500000000001,0.041999999999999996,0.0057377587087642495,0.013000000000000001,0.015,0.0142,0.014,0.0008124038404635953,0.0135,0.014,0.013625000000000002,0.0135,0.00021650635094610986,0.0405,0.042,0.04145,0.0415,0.0004153311931459041,0.008,0.0085,0.008450000000000003,0.0085,0.00015000000000000015,0.0495,0.0505,0.05010000000000001,0.05,0.0003000000000000003,0.008,0.009000000000000001,0.008100000000000001,0.008,0.0003000000000000003,32,32,2560,10240,51200,False,936,2
0.015,0.018000000000000002,0.01766666666666667,0.018000000000000002,0.000712696645099799,0.007,0.007,0.007000000000000001,0.007,8.673617379884035e-19,0.035500000000000004,0.0475,0.041625,0.041749999999999995,0.005288844391736252,0.013000000000000001,0.015,0.014300000000000002,0.014,0.0006403124237432844,0.0135,0.0145,0.013775,0.01375,0.0002947456530637902,0.048,0.0545,0.05272500000000001,0.0525,0.0016391689967785498,0.008,0.009000000000000001,0.008425000000000002,0.0085,0.00023848480035423665,0.0495,0.051000000000000004,0.0504,0.0505,0.00037416573867739457,0.008,0.009000000000000001,0.008050000000000002,0.008,0.00021794494717703388,32,32,2560,10240,51200,False,928,2
0.015,0.018000000000000002,0.017190476190476194,0.017,0.0006632565846278159,0.007,0.007,0.007000000000000001,0.007,8.673617379884035e-19,0.0365,0.0485,0.042124999999999996,0.041749999999999995,0.005293569211788962,0.013000000000000001,0.015,0.014050000000000003,0.014,0.0005894913061275794,0.0135,0.014,0.013625000000000002,0.0135,0.00021650635094610986,0.0495,0.0545,0.05265000000000001,0.0525,0.0010012492197250381,0.008,0.0085,0.008275000000000001,0.0085,0.0002487468592766552,0.049,0.05,0.04970000000000001,0.0495,0.00029154759474226533,0.008,0.008,0.008000000000000002,0.008,1.734723475976807e-18,32,32,2560,10240,51200,False,920,2
0.015,0.018000000000000002,0.017238095238095243,0.017,0.0006834619092574923,0.006,0.007,0.006950000000000002,0.007,0.00021794494717703366,0.0365,0.048,0.042175000000000004,0.041999999999999996,0.00538580309703205,0.013000000000000001,0.015,0.014050000000000002,0.014,0.0005894913061275794,0.0135,0.014,0.013575,0.0135,0.0001785357107135714,0.0475,0.0535,0.051250000000000004,0.051250000000000004,0.0014534441853748623,0.008,0.0085,0.008200000000000002,0.008,0.000244948974278318,0.049,0.05,0.049625,0.0495,0.0003112474899497186,0.008,0.008,0.008000000000000002,0.008,1.734723475976807e-18,32,32,2560,10240,51200,False,912,2
0.015,0.018000000000000002,0.017190476190476194,0.017,0.0006632565846278159,0.007,0.007,0.007000000000000001,0.007,8.673617379884035e-19,0.0365,0.0485,0.042425000000000004,0.042249999999999996,0.005532348054849768,0.013000000000000001,0.015,0.013900000000000004,0.014,0.0006244997998398394,0.0135,0.014,0.013675000000000001,0.0135,0.00023848480035423657,0.0505,0.056,0.053425000000000014,0.0535,0.0011648497757221741,0.008,0.0085,0.008125000000000002,0.008,0.00021650635094610986,0.05,0.051000000000000004,0.050425,0.0505,0.00023848480035423665,0.008,0.008,0.008000000000000002,0.008,1.734723475976807e-18,32,32,2560,10240,51200,False,904,2
0.015,0.018000000000000002,0.01728571428571429,0.017,0.0006998542122237659,0.007,0.007,0.007000000000000001,0.007,8.673617379884035e-19,0.0365,0.0485,0.042600000000000006,0.042499999999999996,0.005557877292636103,0.013000000000000001,0.015,0.013750000000000004,0.014,0.0006224949798994361,0.013000000000000001,0.0155,0.013375000000000003,0.013000000000000001,0.0007395099728874517,0.0455,0.052000000000000005,0.050075,0.05075,0.0020388415828602297,0.008,0.009000000000000001,0.008225000000000001,0.008,0.00036996621467371885,0.0425,0.045,0.044149999999999995,0.04425,0.000653834841531099,0.008,0.009000000000000001,0.008050000000000002,0.008,0.0002179449471770339,32,32,2560,10240,51200,False,896,2
0.014,0.018000000000000002,0.01695238095238096,0.017,0.0007221786137191958,0.006,0.007,0.006850000000000002,0.007,0.0003570714214271425,0.036000000000000004,0.0485,0.0422,0.041999999999999996,0.0054644304369257015,0.013000000000000001,0.016,0.014000000000000002,0.014,0.000774596669241483,0.013000000000000001,0.0155,0.013250000000000003,0.013000000000000001,0.0006800735254367717,0.046,0.052000000000000005,0.04965,0.05075,0.0022254213084267906,0.008,0.009000000000000001,0.008250000000000002,0.008,0.0003354101966249688,0.0425,0.045,0.044,0.044,0.0007245688373094698,0.008,0.008,0.008000000000000002,0.008,1.734723475976807e-18,32,32,2560,10240,51200,False,888,2
0.014,0.018000000000000002,0.01695238095238096,0.017,0.0007221786137191958,0.006,0.007,0.006900000000000002,0.007,0.00030000000000000003,0.0365,0.048,0.042175000000000004,0.042249999999999996,0.00528978969336211,0.013000000000000001,0.014,0.013800000000000003,0.014,0.00039999999999999964,0.013000000000000001,0.0155,0.014275000000000001,0.014499999999999999,0.0012295832627357932,0.046,0.051500000000000004,0.050225000000000006,0.0505,0.0011562331079847188,0.008,0.0085,0.008025000000000001,0.008,0.00010897247358851695,0.042,0.0455,0.043925,0.044,0.0007462405778299629,0.008,0.009000000000000001,0.008050000000000002,0.008,0.00021794494717703388,32,32,2560,10240,51200,False,880,2
0.014,0.018000000000000002,0.016571428571428577,0.017,0.0007911070345636267,0.006,0.007,0.006800000000000002,0.007,0.0004,0.0365,0.0495,0.042425000000000004,0.042499999999999996,0.005644189490086244,0.013000000000000001,0.015,0.013750000000000004,0.014,0.0006982120021884464,0.013000000000000001,0.016,0.014275000000000001,0.014249999999999999,0.0012397076268217432,0.0485,0.051000000000000004,0.04995000000000001,0.05,0.0009069178573608535,0.008,0.0085,0.008050000000000002,0.008,0.00015000000000000012,0.0425,0.0445,0.04355,0.043500000000000004,0.0006103277807866828,0.008,0.008,0.008000000000000002,0.008,1.734723475976807e-18,32,32,2560,10240,51200,False,872,2
0.014,0.017,0.01671428571428572,0.017,0.0006998542122237654,0.006,0.007,0.006850000000000002,0.007,0.0003570714214271425,0.0365,0.0485,0.042325,0.041999999999999996,0.005443516786049256,0.013000000000000001,0.015,0.013850000000000005,0.014,0.0004769696007084724,0.0125,0.013000000000000001,0.012900000000000003,0.013000000000000001,0.00020000000000000015,0.05,0.051500000000000004,0.05082500000000001,0.051000000000000004,0.00048153400710645593,0.008,0.008,0.008000000000000002,0.008,1.734723475976807e-18,0.0445,0.0465,0.04565,0.04575,0.00047696960070847325,0.008,0.008,0.008000000000000002,0.008,1.734723475976807e-18,32,32,2560,10240,51200,False,864,2
0.014,0.017,0.01666666666666667,0.017,0.0007126966450997986,0.006,0.007,0.006900000000000002,0.007,0.00030000000000000003,0.0365,0.048,0.042124999999999996,0.041999999999999996,0.005338246434925987,0.013000000000000001,0.014,0.013650000000000004,0.014,0.0004769696007084724,0.0125,0.013000000000000001,0.012550000000000002,0.0125,0.00015000000000000012,0.051000000000000004,0.0535,0.052525,0.0525,0.0006609652033201124,0.0075,0.008,0.0077750000000000015,0.008,0.00024874685927665525,0.043500000000000004,0.045,0.044,0.044,0.000447213595499956,0.008,0.008,0.008000000000000002,0.008,1.734723475976807e-18,32,32,2560,10240,51200,False,856,2
0.014,0.018000000000000002,0.01671428571428572,0.017,0.0007648751621051913,0.006,0.007,0.006750000000000002,0.007,0.0004330127018922194,0.036000000000000004,0.0475,0.04175,0.041749999999999995,0.005068283733178323,0.013000000000000001,0.015,0.013800000000000003,0.014,0.000509901951359278,0.0125,0.013000000000000001,0.012775000000000003,0.013000000000000001,0.00024874685927665525,0.0475,0.0545,0.051600000000000014,0.051750000000000004,0.0015378556499229686,0.0075,0.0075,0.0075000000000000015,0.0075,1.734723475976807e-18,0.043000000000000003,0.044,0.04320000000000001,0.043000000000000003,0.00029154759474226435,0.008,0.008,0.008000000000000002,0.008,1.734723475976807e-18,32,32,2560,10240,51200,False,848,2
0.014,0.017,0.016523809523809527,0.017,0.0007315376902732012,0.006,0.007,0.006700000000000002,0.007,0.00045825756949558405,0.036000000000000004,0.0485,0.04215,0.041999999999999996,0.005561249859518992,0.013000000000000001,0.015,0.013850000000000005,0.014,0.0004769696007084724,0.0125,0.0135,0.012875000000000003,0.013000000000000001,0.00026809513236909023,0.046,0.051500000000000004,0.050575,0.0505,0.0011098986440211565,0.0075,0.008,0.007575000000000001,0.0075,0.0001785357107135714,0.043000000000000003,0.044,0.043225,0.043000000000000003,0.00029474565306378926,0.008,0.008,0.008000000000000002,0.008,1.734723475976807e-18,32,32,2560,10240,51200,False,840,2
0.014,0.017,0.015952380952380957,0.016,0.00048562090605645586,0.006,0.007,0.006700000000000002,0.007,0.000458257569495584,0.0365,0.048,0.042175000000000004,0.042249999999999996,0.005285061494438831,0.013000000000000001,0.015,0.013700000000000004,0.014,0.0006403124237432844,0.0145,0.0155,0.014725000000000002,0.0145,0.00029474565306378936,0.0455,0.051000000000000004,0.05012500000000001,0.0505,0.0011388041973930383,0.0075,0.008,0.007550000000000001,0.0075,0.00015000000000000012,0.0465,0.048,0.047325000000000006,0.0475,0.0003631459761583491,0.008,0.008,0.008000000000000002,0.008,1.734723475976807e-18,32,32,2560,10240,51200,False,832,2
0.013000000000000001,0.016,0.01580952380952381,0.016,0.0006632565846278152,0.006,0.007,0.0065000000000000014,0.006500000000000001,0.0005,0.0365,0.0475,0.041975,0.041749999999999995,0.0051001838202166805,0.013000000000000001,0.015,0.013650000000000004,0.014,0.0005722761571129793,0.0145,0.0155,0.015125000000000003,0.015,0.00026809513236909023,0.0495,0.0505,0.050075000000000015,0.05,0.0003269174207655508,0.0075,0.008,0.007550000000000001,0.0075,0.00015000000000000012,0.0465,0.0475,0.04695,0.047,0.0004153311931459041,0.008,0.008,0.008000000000000002,0.008,1.734723475976807e-18,32,32,2560,10240,51200,False,824,2
0.014,0.017,0.015952380952380957,0.016,0.0005753831415997419,0.006,0.007,0.006700000000000002,0.007,0.000458257569495584,0.0365,0.0475,0.04189999999999999,0.041749999999999995,0.005021453972705516,0.013000000000000001,0.015,0.013650000000000004,0.014,0.0006538348415311004,0.0145,0.015,0.014775000000000002,0.015,0.0002487468592766543,0.051000000000000004,0.0575,0.05455000000000001,0.0545,0.0012932517156377563,0.007,0.0075,0.007325000000000001,0.0075,0.0002384848003542362,0.0465,0.0475,0.0469,0.04675,0.00043588989435406776,0.008,0.008,0.008000000000000002,0.008,1.734723475976807e-18,32,32,2560,10240,51200,False,816,2
0.013000000000000001,0.016,0.01571428571428572,0.016,0.0006998542122237651,0.006,0.007,0.006550000000000002,0.007,0.0004974937185533101,0.036000000000000004,0.0485,0.0422,0.041999999999999996,0.005564171097297423,0.013000000000000001,0.015,0.013900000000000004,0.014,0.0006244997998398393,0.015,0.016,0.015400000000000002,0.0155,0.00025495097567963945,0.051000000000000004,0.056,0.05325,0.0535,0.0012093386622447817,0.007,0.0075,0.007250000000000001,0.0072499999999999995,0.00024999999999999973,0.046,0.048,0.046975,0.047,0.0004866980583482951,0.008,0.008,0.008000000000000002,0.008,1.734723475976807e-18,32,32,2560,10240,51200,False,808,2
0.013000000000000001,0.016,0.01571428571428572,0.016,0.0006998542122237651,0.006,0.007,0.006550000000000002,0.007,0.0004974937185533101,0.036000000000000004,0.0485,0.042125,0.041749999999999995,0.005203064001143943,0.013000000000000001,0.014,0.013850000000000005,0.014,0.0003570714214271422,0.015,0.0155,0.015300000000000003,0.0155,0.00024494897427831806,0.0505,0.051500000000000004,0.05112500000000001,0.051000000000000004,0.00038324274291889757,0.007,0.0075,0.007450000000000001,0.0075,0.00014999999999999988,0.046,0.048,0.04705000000000001,0.047,0.00047169905660283067,0.008,0.008,0.008000000000000002,0.008,1.734723475976807e-18,32,32,2560,10240,51200,False,800,2
0.013000000000000001,0.016,0.01580952380952381,0.016,0.0006632565846278152,0.006,0.007,0.006750000000000002,0.007,0.00043301270189221935,0.036000000000000004,0.048,0.0418,0.041499999999999995,0.005131763829328081,0.013000000000000001,0.015,0.013800000000000003,0.014,0.0005999999999999995,0.015,0.016,0.015775000000000004,0.016,0.00033447720400649157,0.041,0.0425,0.04175000000000001,0.042,0.0004330127018922197,0.007,0.0075,0.007425000000000001,0.0075,0.00017853571071357112,0.0455,0.0475,0.046250000000000006,0.046,0.0004873397172404486,0.008,0.008,0.008000000000000002,0.008,1.734723475976807e-18,32,32,2560,10240,51200,False,792,2
0.013000000000000001,0.016,0.015095238095238097,0.015,0.0006098213559459856,0.006,0.007,0.006650000000000001,0.007,0.0004769696007084728,0.0365,0.048,0.042,0.041749999999999995,0.005027424788099769,0.013000000000000001,0.015,0.013800000000000003,0.014,0.0007483314773547877,0.016,0.0165,0.016150000000000005,0.016,0.0002291287847477922,0.041,0.043000000000000003,0.041925000000000004,0.042,0.0006179603547154142,0.007,0.0075,0.007125000000000001,0.007,0.00021650635094610948,0.0465,0.048,0.047025000000000004,0.047,0.0004023369234857773,0.008,0.008,0.008000000000000002,0.008,1.734723475976807e-18,32,32,2560,10240,51200,False,784,2
0.013000000000000001,0.016,0.015047619047619051,0.015,0.0005753831415997415,0.006,0.007,0.006600000000000002,0.007,0.0004898979485566356,0.0365,0.048,0.0421,0.042249999999999996,0.005117616632769596,0.013000000000000001,0.015,0.013850000000000005,0.014,0.0008529361054615983,0.015,0.0165,0.015750000000000004,0.01575,0.00033541019662496876,0.0415,0.043500000000000004,0.04235,0.0425,0.0005024937810560449,0.007,0.0075,0.007200000000000001,0.007,0.0002449489742783176,0.046,0.0475,0.046525000000000004,0.0465,0.0004602988159880497,0.008,0.008,0.008000000000000002,0.008,1.734723475976807e-18,32,32,2560,10240,51200,False,776,2
0.013000000000000001,0.016,0.015047619047619051,0.015,0.0006529194857524802,0.006,0.007,0.006450000000000002,0.006,0.0004974937185533101,0.028,0.034,0.0309,0.03075,0.0022836374493338477,0.012,0.012,0.012000000000000002,0.012,1.734723475976807e-18,0.0095,0.01,0.009875000000000002,0.01,0.00021650635094610986,0.0335,0.0465,0.035899999999999994,0.034,0.004394883388669145,0.007,0.008,0.007850000000000001,0.008,0.0003570714214271425,0.029500000000000002,0.0345,0.032325000000000007,0.0325,0.001776759691123142,0.008,0.008,0.008000000000000002,0.008,1.734723475976807e-18,32,32,2560,10240,51200,False,768,2
0.013000000000000001,0.016,0.015095238095238097,0.015,0.0006098213559459857,0.006,0.007,0.006700000000000002,0.007,0.00045825756949558405,0.028,0.0335,0.030674999999999997,0.03075,0.002203831890140444,0.012,0.013000000000000001,0.012100000000000003,0.012,0.00030000000000000024,0.0095,0.01,0.009550000000000001,0.0095,0.00015000000000000015,0.0335,0.0465,0.035125,0.034,0.0037177782343760096,0.007,0.0085,0.007875000000000002,0.008,0.0003491060010942236,0.0285,0.031,0.029825,0.03,0.0006179603547154129,0.008,0.008,0.008000000000000002,0.008,1.734723475976807e-18,32,32,2560,10240,51200,False,760,2
0.013000000000000001,0.016,0.015190476190476193,0.015,0.0007315376902732007,0.006,0.007,0.006400000000000001,0.006,0.0004898979485566357,0.0285,0.0335,0.03075,0.03075,0.002136000936329383,0.012,0.012,0.012000000000000002,0.012,1.734723475976807e-18,0.0095,0.01,0.009700000000000002,0.0095,0.000244948974278318,0.0335,0.0465,0.035625000000000004,0.034,0.004435298749802542,0.007,0.008,0.007575000000000001,0.0075,0.0003269174207655506,0.029,0.031,0.029850000000000005,0.02975,0.000593717104351895,0.008,0.008,0.008000000000000002,0.008,1.734723475976807e-18,32,32,2560,10240,51200,False,752,2
0.013000000000000001,0.016,0.015000000000000003,0.015,0.0006172133998483674,0.006,0.007,0.006150000000000001,0.006,0.0003570714214271425,0.028,0.0335,0.030625000000000003,0.03025,0.002301494079940246,0.012,0.013000000000000001,0.012050000000000002,0.012,0.0002179449471770339,0.0095,0.01,0.009650000000000002,0.0095,0.0002291287847477922,0.0335,0.047,0.040150000000000005,0.04,0.006263186090162098,0.006500000000000001,0.008,0.0070750000000000006,0.0072499999999999995,0.000506828373317832,0.0285,0.0305,0.029525000000000003,0.029500000000000002,0.000511737237261467,0.008,0.008,0.008000000000000002,0.008,1.734723475976807e-18,32,32,2560,10240,51200,False,744,2
0.012,0.016,0.014809523809523812,0.015,0.0007315376902732005,0.006,0.007,0.006450000000000002,0.006,0.0004974937185533101,0.032,0.038,0.034425,0.0335,0.0020992558205230713,0.012,0.013000000000000001,0.012300000000000002,0.012,0.0004582575694955844,0.0095,0.01,0.009575000000000002,0.0095,0.00017853571071357142,0.0335,0.0465,0.035675,0.034,0.004413827703932267,0.007,0.008,0.007525000000000001,0.0075,0.00029474565306378996,0.029500000000000002,0.031,0.030099999999999995,0.03,0.0006041522986797276,0.008,0.008,0.008000000000000002,0.008,1.734723475976807e-18,32,32,2560,10240,51200,False,736,2
0.012,0.015,0.014619047619047622,0.015,0.0007221786137191949,0.006,0.007,0.006600000000000002,0.007,0.0004898979485566356,0.0325,0.0385,0.03425000000000001,0.03325,0.001996872554771585,0.012,0.013000000000000001,0.012150000000000003,0.012,0.0003570714214271428,0.0095,0.01,0.009525000000000002,0.0095,0.00010897247358851694,0.0335,0.0465,0.03907499999999999,0.034,0.005971337789808911,0.006500000000000001,0.008,0.007125000000000001,0.0075,0.0004968651728587944,0.0285,0.031,0.0294,0.029500000000000002,0.0005830951894845296,0.008,0.008,0.008000000000000002,0.008,1.734723475976807e-18,32,32,2560,10240,51200,False,728,2
0.012,0.015,0.014285714285714287,0.014,0.0006998542122237649,0.006,0.007,0.0063500000000000015,0.006,0.0004769696007084728,0.0335,0.0375,0.035175000000000005,0.035,0.0013808964479641462,0.012,0.013000000000000001,0.012050000000000002,0.012,0.0002179449471770339,0.0095,0.01,0.009625000000000002,0.0095,0.00021650635094610986,0.0335,0.0465,0.03735,0.034,0.005401620127332168,0.006500000000000001,0.0075,0.0071,0.0072499999999999995,0.00043588989435406695,0.029,0.031,0.029924999999999997,0.02975,0.0006378675411086529,0.007,0.008,0.007950000000000002,0.008,0.00021794494717703366,32,32,2560,10240,51200,False,720,2
0.012,0.015,0.014142857142857145,0.014,0.0006388765649999397,0.006,0.007,0.006300000000000002,0.006,0.000458257569495584,0.0335,0.038,0.03502500000000001,0.0345,0.001520485119953495,0.012,0.013000000000000001,0.012200000000000003,0.012,0.00040000000000000034,0.0095,0.01,0.009775000000000002,0.01,0.00024874685927665525,0.0335,0.046,0.0356,0.034,0.004308712104562103,0.006500000000000001,0.0075,0.007300000000000001,0.0075,0.0003674234614174764,0.0285,0.031,0.029824999999999997,0.02975,0.0006941721688457402,0.007,0.008,0.0079,0.008,0.00030000000000000003,32,32,2560,10240,51200,False,712,2
0.012,0.015,0.014190476190476193,0.014,0.0006632565846278151,0.006,0.007,0.0062000000000000015,0.006,0.0004,0.0335,0.038,0.03515,0.0345,0.001475635456337369,0.012,0.013000000000000001,0.012350000000000003,0.012,0.00047696960070847325,0.0095,0.01,0.009650000000000002,0.0095,0.0002291287847477922,0.033,0.0465,0.03747500000000001,0.034,0.005806192814573074,0.006500000000000001,0.008,0.0072250000000000005,0.0075,0.00048669805834829433,0.029,0.0325,0.03055,0.03,0.0010943034314119643,0.007,0.008,0.007850000000000001,0.008,0.0003570714214271425,32,32,2560,10240,51200,False,704,2
0.012,0.015,0.014000000000000002,0.014,0.0005345224838248486,0.006,0.007,0.0065000000000000014,0.006500000000000001,0.0005,0.0335,0.0375,0.03495,0.03475,0.0012134661099511583,0.012,0.013000000000000001,0.012150000000000003,0.012,0.0003570714214271428,0.0095,0.01,0.009550000000000001,0.0095,0.00015000000000000012,0.033,0.046,0.036075,0.034,0.004788723733939971,0.006500000000000001,0.0075,0.007250000000000001,0.0075,0.00040311288741492714,0.029,0.032,0.031050000000000005,0.03125,0.000893028554974588,0.006,0.008,0.007550000000000001,0.008,0.0005894913061275798,32,32,2560,10240,51200,False,696,2
0.012,0.015,0.014000000000000002,0.014,0.0005345224838248486,0.006,0.007,0.006450000000000002,0.006,0.0004974937185533101,0.034,0.038,0.035550000000000005,0.035,0.0013955285736952842,0.012,0.013000000000000001,0.012100000000000003,0.012,0.00030000000000000024,0.0095,0.01,0.009525000000000002,0.0095,0.00010897247358851694,0.033,0.0465,0.037775,0.03375,0.0058426770405354414,0.006,0.0075,0.006900000000000002,0.007,0.0004062019202317978,0.029,0.033,0.030875000000000003,0.03075,0.001213208555855093,0.007,0.008,0.0075000000000000015,0.0075,0.0005,32,32,2560,10240,51200,False,688,2
0.012,0.014,0.013857142857142861,0.014,0.0004665694748158434,0.006,0.007,0.006250000000000001,0.006,0.00043301270189221935,0.0335,0.0385,0.0362,0.036250000000000004,0.001853375299285062,0.011,0.013000000000000001,0.012050000000000002,0.012,0.0003840572873934307,0.0095,0.01,0.009525000000000002,0.0095,0.00010897247358851694,0.0335,0.0465,0.040025000000000005,0.04,0.0062299177362145,0.006,0.0075,0.0068000000000000005,0.006750000000000001,0.0004582575694955837,0.029,0.0325,0.031175,0.0315,0.0010520812706250407,0.006,0.008,0.007250000000000001,0.0075,0.00082915619758885,32,32,2560,10240,51200,False,680,2
0.011,0.014,0.013428571428571432,0.014,0.0007284313590846835,0.006,0.007,0.006300000000000002,0.006,0.000458257569495584,0.0335,0.038,0.0345,0.034,0.0013322912594474217,0.012,0.013000000000000001,0.012050000000000002,0.012,0.0002179449471770339,0.0095,0.01,0.009525000000000002,0.0095,0.00010897247358851694,0.033,0.0465,0.03724999999999999,0.03375,0.0056291651245988505,0.006500000000000001,0.0075,0.006975,0.007,0.0003699662146737182,0.0305,0.0335,0.031799999999999995,0.03125,0.001166190378969061,0.006,0.008,0.006900000000000001,0.007,0.0005385164807134504,32,32,2560,10240,51200,False,672,2
0.011,0.014,0.013047619047619051,0.013000000000000001,0.0005753831415997416,0.006,0.007,0.006300000000000002,0.006,0.000458257569495584,0.033,0.0385,0.03475,0.0335,0.001978004044485247,0.012,0.013000000000000001,0.012100000000000003,0.012,0.00030000000000000024,0.0095,0.01,0.009525000000000002,0.0095,0.00010897247358851694,0.033,0.046,0.03885,0.034,0.005977248530887769,0.006,0.007,0.006575000000000002,0.006750000000000001,0.00045483513496650635,0.0305,0.033,0.032100000000000004,0.03225,0.0007516648189186461,0.006,0.008,0.006700000000000002,0.007,0.0006403124237432849,32,32,2560,10240,51200,False,664,2
0.011,0.014,0.013047619047619051,0.013000000000000001,0.0005753831415997416,0.006,0.007,0.006250000000000001,0.006,0.00043301270189221935,0.0325,0.037,0.035175,0.035750000000000004,0.0016528384676065583,0.012,0.013000000000000001,0.012150000000000003,0.012,0.0003570714214271428,0.0095,0.01,0.009575000000000002,0.0095,0.00017853571071357142,0.033,0.046,0.038900000000000004,0.034,0.005980384603016764,0.006,0.007,0.006425000000000002,0.006500000000000001,0.00042646805273079954,0.03,0.0345,0.03230000000000001,0.0325,0.0010535653752852749,0.006,0.007,0.0063500000000000015,0.006,0.0004769696007084728,32,32,2560,10240,51200,False,656,2
0.011,0.014,0.013142857142857147,0.013000000000000001,0.0006388765649999399,0.006,0.007,0.006400000000000001,0.006,0.0004898979485566357,0.0335,0.0375,0.035425,0.035500000000000004,0.0016603839917320312,0.012,0.012,0.012000000000000002,0.012,1.734723475976807e-18,0.0095,0.01,0.009625000000000002,0.0095,0.00021650635094610986,0.033,0.047,0.036750000000000005,0.03375,0.005473801238627503,0.006,0.007,0.006650000000000001,0.007,0.00042130748865881794,0.029500000000000002,0.034,0.031625,0.0315,0.0014905955185763853,0.006,0.007,0.0065000000000000014,0.006500000000000001,0.0005,32,32,2560,10240,51200,False,648,2
0.011,0.014,0.013238095238095242,0.013000000000000001,0.0006834619092574916,0.006,0.007,0.006300000000000002,0.006,0.000458257569495584,0.029500000000000002,0.0345,0.0312,0.03125,0.0014611639196202464,0.011,0.012,0.011600000000000003,0.012,0.0004898979485566361,0.0095,0.0095,0.009500000000000001,0.0095,1.734723475976807e-18,0.033,0.046,0.035375,0.0335,0.004335536299006155,0.006,0.007,0.006825000000000002,0.007,0.00036314597615834875,0.0275,0.029,0.0284,0.0285,0.0003391164991562638,0.006,0.008,0.006400000000000001,0.006,0.0005830951894845301,32,32,2560,10240,51200,False,640,2
0.011,0.014,0.013047619047619051,0.013000000000000001,0.0005753831415997416,0.006,0.007,0.006250000000000001,0.006,0.00043301270189221935,0.0285,0.035,0.03175,0.03175,0.0021360009363293837,0.01,0.012,0.010950000000000001,0.011,0.0003840572873934304,0.0095,0.0095,0.009500000000000001,0.0095,1.734723475976807e-18,0.033,0.0455,0.03455,0.0335,0.003577359361316668,0.006,0.007,0.006675000000000002,0.006500000000000001,0.0003269174207655504,0.027,0.0285,0.028250000000000004,0.0285,0.00040311288741492785,0.006,0.006,0.006000000000000001,0.006,8.673617379884035e-19,32,32,2560,10240,51200,False,632,2
0.011,0.013000000000000001,0.01285714285714286,0.013000000000000001,0.00046656947481584394,0.006,0.007,0.006100000000000001,0.006,0.00030000000000000003,0.029,0.0345,0.031975,0.032,0.0018872930350107276,0.01,0.012,0.010900000000000002,0.011,0.0004358898943540672,0.0095,0.0095,0.009500000000000001,0.0095,1.734723475976807e-18,0.033,0.046,0.035175,0.0335,0.0044194880925283635,0.006,0.007,0.006550000000000002,0.006500000000000001,0.0003122498999199199,0.0275,0.0285,0.028125000000000004,0.028,0.00034910600109422385,0.006,0.007,0.0060500000000000016,0.006,0.0002179449471770337,32,32,2560,10240,51200,False,624,2
0.011,0.014,0.012952380952380957,0.013000000000000001,0.0005753831415997418,0.006,0.007,0.006100000000000001,0.006,0.00030000000000000003,0.03,0.035500000000000004,0.032374999999999994,0.03225,0.002030240133580264,0.01,0.011,0.010850000000000002,0.011,0.0003570714214271422,0.0095,0.0095,0.009500000000000001,0.0095,1.734723475976807e-18,0.033,0.046,0.039475,0.0395,0.0060837385709775526,0.0055,0.007,0.006175000000000002,0.00625,0.0004264680527307998,0.0275,0.029,0.02805,0.028,0.0005454356057317862,0.006,0.007,0.0060500000000000016,0.006,0.0002179449471770337,32,32,2560,10240,51200,False,616,2
0.011,0.013000000000000001,0.012571428571428575,0.013000000000000001,0.0005832118435198048,0.006,0.007,0.006150000000000001,0.006,0.0003570714214271425,0.029,0.034,0.031875,0.032,0.0019421315609401961,0.01,0.011,0.010600000000000002,0.011,0.0004898979485566352,0.0095,0.01,0.009525000000000002,0.0095,0.00010897247358851694,0.033,0.046,0.03475,0.0335,0.003682729965664058,0.006,0.007,0.006550000000000002,0.006500000000000001,0.00026925824035672517,0.0275,0.029,0.028449999999999996,0.0285,0.00035000000000000027,0.006,0.006,0.006000000000000001,0.006,8.673617379884035e-19,32,32,2560,10240,51200,False,608,2
0.01,0.013000000000000001,0.012285714285714289,0.012,0.0006998542122237657,0.006,0.007,0.006100000000000001,0.006,0.00030000000000000003,0.029,0.034,0.0319,0.032,0.0019595917942265436,0.01,0.011,0.010600000000000002,0.011,0.0004898979485566352,0.0095,0.0095,0.009500000000000001,0.0095,1.734723475976807e-18,0.0325,0.0455,0.03845,0.0335,0.0057877024802593284,0.0055,0.006500000000000001,0.006100000000000001,0.006500000000000001,0.0004636809247747856,0.027,0.0285,0.027775,0.028,0.0006417748826496724,0.006,0.006,0.006000000000000001,0.006,8.673617379884035e-19,32,32,2560,10240,51200,False,600,2
0.01,0.013000000000000001,0.01247619047619048,0.013000000000000001,0.0007315376902732013,0.006,0.007,0.006100000000000001,0.006,0.00030000000000000003,0.029,0.0345,0.0318,0.032,0.0018867962264113218,0.01,0.011,0.010750000000000001,0.011,0.00043301270189221897,0.0095,0.0095,0.009500000000000001,0.0095,1.734723475976807e-18,0.033,0.046,0.039225,0.03925,0.005840537218441466,0.0055,0.006500000000000001,0.0059250000000000014,0.006,0.0003960744879438718,0.027,0.0285,0.027825,0.02775,0.0005760859310901461,0.006,0.006,0.006000000000000001,0.006,8.673617379884035e-19,32,32,2560,10240,51200,False,592,2
0.01,0.013000000000000001,0.012142857142857146,0.012,0.0006388765649999402,0.006,0.007,0.006100000000000001,0.006,0.00030000000000000003,0.0285,0.0345,0.0318,0.032,0.0022158519806160346,0.01,0.011,0.010650000000000001,0.011,0.0004769696007084724,0.0095,0.0095,0.009500000000000001,0.0095,1.734723475976807e-18,0.033,0.046,0.0352,0.0335,0.004270245894559234,0.0055,0.006500000000000001,0.006250000000000001,0.006500000000000001,0.00037080992435478357,0.0275,0.029,0.028425000000000006,0.0285,0.0004548351349665067,0.006,0.006,0.006000000000000001,0.006,8.673617379884035e-19,32,32,2560,10240,51200,False,584,2
0.01,0.013000000000000001,0.012095238095238098,0.012,0.0006098213559459858,0.006,0.007,0.0060500000000000016,0.006,0.0002179449471770337,0.028,0.034,0.031425,0.032,0.0020510667955968673,0.01,0.011,0.0105,0.010499999999999999,0.0004999999999999996,0.0095,0.0095,0.009500000000000001,0.0095,1.734723475976807e-18,0.033,0.0455,0.038225,0.0335,0.0058426770405354414,0.0055,0.006500000000000001,0.0059250000000000014,0.006,0.0003960744879438718,0.027,0.0285,0.02805,0.0285,0.000522015325445528,0.006,0.006,0.006000000000000001,0.006,8.673617379884035e-19,32,32,2560,10240,51200,False,576,2
0.01,0.013000000000000001,0.011904761904761908,0.012,0.0005259695722470125,0.006,0.007,0.006150000000000001,0.006,0.0003570714214271425,0.029,0.035,0.0316,0.03175,0.002016184515365596,0.01,0.011,0.0103,0.01,0.0004582575694955836,0.0095,0.0095,0.009500000000000001,0.0095,1.734723475976807e-18,0.0325,0.0455,0.0357,0.0335,0.004848711168960262,0.0055,0.006500000000000001,0.006000000000000001,0.006,0.0003162277660168382,0.027,0.0285,0.027825000000000006,0.028,0.0004548351349665066,0.006,0.006,0.006000000000000001,0.006,8.673617379884035e-19,32,32,2560,10240,51200,False,568,2
0.01,0.012,0.011714285714285717,0.012,0.0005471012044321935,0.006,0.006,0.006000000000000001,0.006,8.673617379884035e-19,0.0285,0.0335,0.0312,0.0315,0.002021138293140774,0.01,0.011,0.01025,0.01,0.00043301270189221897,0.0095,0.0095,0.009500000000000001,0.0095,1.734723475976807e-18,0.0325,0.045,0.03552500000000001,0.0335,0.004683681778259491,0.0055,0.006,0.005900000000000001,0.006,0.0002000000000000002,0.027,0.0285,0.0279,0.028,0.0004062019202317984,0.006,0.006,0.006000000000000001,0.006,8.673617379884035e-19,32,32,2560,10240,51200,False,560,2
0.01,0.013000000000000001,0.01185714285714286,0.012,0.0005593971487843208,0.006,0.007,0.006100000000000001,0.006,0.00030000000000000003,0.03,0.035,0.0324,0.03225,0.001953202498462463,0.01,0.011,0.0103,0.01,0.0004582575694955836,0.0095,0.0095,0.009500000000000001,0.0095,1.734723475976807e-18,0.0325,0.046,0.039224999999999996,0.03925,0.005992651750268822,0.0055,0.006,0.005750000000000001,0.00575,0.0002500000000000002,0.027,0.0285,0.027750000000000004,0.02775,0.0006020797289396153,0.006,0.006,0.006000000000000001,0.006,8.673617379884035e-19,32,32,2560,10240,51200,False,552,2
0.01,0.012,0.011809523809523811,0.012,0.0004994327848429295,0.006,0.007,0.006100000000000001,0.006,0.00030000000000000003,0.028,0.033,0.030524999999999997,0.03025,0.002159137559304641,0.01,0.011,0.010650000000000001,0.011,0.0004769696007084724,0.0095,0.0095,0.009500000000000001,0.0095,1.734723475976807e-18,0.0405,0.042,0.041075,0.041,0.000530919014539883,0.0055,0.006,0.005550000000000001,0.0055,0.00015000000000000015,0.0275,0.028,0.027700000000000002,0.0275,0.000244948974278318,0.006,0.006,0.006000000000000001,0.006,8.673617379884035e-19,32,32,2560,10240,51200,False,544,2
0.01,0.012,0.011666666666666669,0.012,0.0005634361698190113,0.006,0.007,0.006100000000000001,0.006,0.00030000000000000003,0.0275,0.0325,0.029849999999999998,0.02975,0.0018309833423600555,0.01,0.011,0.0102,0.01,0.0003999999999999996,0.0095,0.0095,0.009500000000000001,0.0095,1.734723475976807e-18,0.04,0.042,0.041025,0.041,0.0006796138609534099,0.0055,0.006,0.005525,0.0055,0.00010897247358851695,0.027,0.0275,0.027450000000000002,0.0275,0.00015000000000000015,0.006,0.006,0.006000000000000001,0.006,8.673617379884035e-19,32,32,2560,10240,51200,False,536,2
0.009000000000000001,0.012,0.011285714285714288,0.011,0.0006998542122237654,0.006,0.007,0.0060500000000000016,0.006,0.0002179449471770337,0.0275,0.033,0.029824999999999997,0.02975,0.0018726652130052505,0.009000000000000001,0.01,0.009100000000000002,0.009000000000000001,0.00029999999999999976,0.0095,0.01,0.009525000000000002,0.0095,0.00010897247358851694,0.04,0.0415,0.0409,0.041,0.00043588989435406776,0.005,0.0055,0.005475000000000001,0.0055,0.00010897247358851675,0.027,0.0275,0.027450000000000002,0.0275,0.00015000000000000015,0.006,0.006,0.006000000000000001,0.006,8.673617379884035e-19,32,32,2560,10240,51200,False,528,2
0.009000000000000001,0.012,0.01123809523809524,0.011,0.0006834619092574916,0.006,0.007,0.006150000000000001,0.006,0.0003570714214271425,0.0275,0.033,0.029874999999999995,0.02975,0.001922725929507375,0.008,0.009000000000000001,0.008950000000000003,0.009000000000000001,0.00021794494717703385,0.0095,0.01,0.009650000000000002,0.0095,0.0002291287847477922,0.04,0.042,0.041100000000000005,0.041,0.00046368092477478567,0.005,0.0055,0.0054,0.0055,0.00019999999999999985,0.0275,0.028,0.027725,0.0275,0.0002487468592766552,0.006,0.006,0.006000000000000001,0.006,8.673617379884035e-19,32,32,2560,10240,51200,False,520,2
0.009000000000000001,0.011,0.010904761904761907,0.011,0.0004259177099999596,0.006,0.007,0.0060500000000000016,0.006,0.0002179449471770337,0.0195,0.0205,0.019975000000000003,0.02,0.00019202864369671538,0.007,0.008,0.007200000000000001,0.007,0.00039999999999999996,0.0095,0.01,0.009575000000000002,0.0095,0.00017853571071357142,0.025500000000000002,0.0265,0.025850000000000005,0.026000000000000002,0.0002783882181415009,0.0045000000000000005,0.005,0.004825000000000001,0.005,0.0002384848003542362,0.0275,0.028,0.027775000000000005,0.028,0.0002487468592766552,0.006,0.006,0.006000000000000001,0.006,8.673617379884035e-19,32,32,2560,10240,51200,False,512,2
0.009000000000000001,0.011,0.010714285714285716,0.011,0.0005471012044321928,0.006,0.007,0.0060500000000000016,0.006,0.0002179449471770337,0.0195,0.0205,0.019850000000000003,0.02,0.00027838821814150135,0.007,0.007,0.007000000000000001,0.007,8.673617379884035e-19,0.0095,0.0095,0.009500000000000001,0.0095,1.734723475976807e-18,0.025500000000000002,0.026000000000000002,0.025750000000000006,0.025750000000000002,0.0002500000000000002,0.0045000000000000005,0.005,0.004725000000000002,0.0045000000000000005,0.00024874685927665476,0.027,0.028,0.027375000000000003,0.0275,0.00031124748994971856,0.006,0.006,0.006000000000000001,0.006,8.673617379884035e-19,32,32,2560,10240,51200,False,504,2
0.009000000000000001,0.011,0.010380952380952383,0.01,0.0005753831415997411,0.006,0.006,0.006000000000000001,0.006,8.673617379884035e-19,0.019,0.02,0.019675000000000005,0.0195,0.00028613807855649016,0.007,0.008,0.007050000000000001,0.007,0.0002179449471770337,0.0095,0.0095,0.009500000000000001,0.0095,1.734723475976807e-18,0.025500000000000002,0.0265,0.025775000000000003,0.025750000000000002,0.00029474565306378974,0.0045000000000000005,0.005,0.004525000000000001,0.0045000000000000005,0.00010897247358851676,0.027,0.0285,0.027700000000000002,0.0275,0.000367423461417477,0.006,0.006,0.006000000000000001,0.006,8.673617379884035e-19,32,32,2560,10240,51200,False,496,2
0.009000000000000001,0.011,0.010380952380952383,0.01,0.000575383141599741,0.006,0.006,0.006000000000000001,0.006,8.673617379884035e-19,0.0195,0.0205,0.019750000000000004,0.0195,0.00029580398915498104,0.007,0.007,0.007000000000000001,0.007,8.673617379884035e-19,0.0095,0.0095,0.009500000000000001,0.0095,1.734723475976807e-18,0.025500000000000002,0.026000000000000002,0.025675000000000003,0.025500000000000002,0.0002384848003542366,0.0045000000000000005,0.005,0.004550000000000001,0.0045000000000000005,0.00014999999999999988,0.0265,0.028,0.027424999999999998,0.0275,0.00032691742076555085,0.006,0.006,0.006000000000000001,0.006,8.673617379884035e-19,32,32,2560,10240,51200,False,488,2
0.009000000000000001,0.011,0.010238095238095239,0.01,0.000525969572247012,0.006,0.006,0.006000000000000001,0.006,8.673617379884035e-19,0.0195,0.02,0.019700000000000002,0.0195,0.000244948974278318,0.007,0.008,0.007050000000000001,0.007,0.0002179449471770337,0.0095,0.01,0.009550000000000001,0.0095,0.00015000000000000012,0.025500000000000002,0.026000000000000002,0.025775000000000003,0.026000000000000002,0.0002487468592766552,0.0045000000000000005,0.0045000000000000005,0.004500000000000001,0.0045000000000000005,8.673617379884035e-19,0.027,0.028,0.02765,0.0275,0.0003201562118716427,0.006,0.006,0.006000000000000001,0.006,8.673617379884035e-19,32,32,2560,10240,51200,False,480,2
0.009000000000000001,0.011,0.010047619047619048,0.01,0.00037495275590532397,0.006,0.007,0.0060500000000000016,0.006,0.0002179449471770337,0.019,0.02,0.019575000000000002,0.0195,0.0002384848003542366,0.007,0.008,0.007150000000000001,0.007,0.0003570714214271425,0.0095,0.0095,0.009500000000000001,0.0095,1.734723475976807e-18,0.025500000000000002,0.026000000000000002,0.025600000000000005,0.025500000000000002,0.00020000000000000015,0.0045000000000000005,0.0045000000000000005,0.004500000000000001,0.0045000000000000005,8.673617379884035e-19,0.027,0.028,0.027424999999999998,0.0275,0.00028613807855649016,0.006,0.006,0.006000000000000001,0.006,8.673617379884035e-19,32,32,2560,10240,51200,False,472,2
0.009000000000000001,0.01,0.009952380952380956,0.01,0.00021295885499997977,0.006,0.006,0.006000000000000001,0.006,8.673617379884035e-19,0.0195,0.02,0.019675000000000005,0.0195,0.0002384848003542366,0.007,0.007,0.007000000000000001,0.007,8.673617379884035e-19,0.0095,0.0095,0.009500000000000001,0.0095,1.734723475976807e-18,0.025,0.026000000000000002,0.025550000000000007,0.025500000000000002,0.00026925824035672544,0.004,0.0045000000000000005,0.0044750000000000015,0.0045000000000000005,0.00010897247358851693,0.027,0.0275,0.027375,0.0275,0.00021650635094610986,0.006,0.006,0.006000000000000001,0.006,8.673617379884035e-19,32,32,2560,10240,51200,False,464,2
0.008,0.01,0.009904761904761908,0.01,0.00042591770999995997,0.006,0.007,0.0060500000000000016,0.006,0.0002179449471770337,0.0195,0.02,0.019625000000000004,0.0195,0.0002165063509461099,0.007,0.007,0.007000000000000001,0.007,8.673617379884035e-19,0.0095,0.01,0.009650000000000002,0.0095,0.00022912878474779219,0.025500000000000002,0.026000000000000002,0.025750000000000006,0.025750000000000002,0.0002500000000000002,0.004,0.0045000000000000005,0.0044750000000000015,0.0045000000000000005,0.00010897247358851693,0.0275,0.028,0.027800000000000002,0.028,0.00024494897427831806,0.006,0.006,0.006000000000000001,0.006,8.673617379884035e-19,32,32,2560,10240,51200,False,456,2
0.008,0.01,0.009809523809523813,0.01,0.0004994327848429292,0.006,0.006,0.006000000000000001,0.006,8.673617379884035e-19,0.019,0.02,0.019550000000000005,0.0195,0.00021794494717703388,0.007,0.007,0.007000000000000001,0.007,8.673617379884035e-19,0.0095,0.01,0.009625000000000002,0.0095,0.00021650635094610986,0.025500000000000002,0.026000000000000002,0.025675000000000003,0.025500000000000002,0.0002384848003542366,0.004,0.0045000000000000005,0.004300000000000001,0.0045000000000000005,0.000244948974278318,0.027,0.028,0.027775000000000005,0.028,0.0002947456530637901,0.006,0.006,0.006000000000000001,0.006,8.673617379884035e-19,32,32,2560,10240,51200,False,448,2
0.008,0.01,0.009714285714285717,0.01,0.000547101204432193,0.006,0.006,0.006000000000000001,0.006,8.673617379884035e-19,0.0195,0.02,0.019650000000000004,0.0195,0.0002291287847477922,0.006,0.008,0.0069500000000000004,0.007,0.00038405728739343044,0.0095,0.0095,0.009500000000000001,0.0095,1.734723475976807e-18,0.025,0.026000000000000002,0.025450000000000007,0.025500000000000002,0.00021794494717703388,0.004,0.0045000000000000005,0.004125000000000001,0.004,0.0002165063509461099,0.0265,0.0275,0.027225000000000006,0.02725,0.0002947456530637901,0.006,0.006,0.006000000000000001,0.006,8.673617379884035e-19,32,32,2560,10240,51200,False,440,2
0.008,0.01,0.00966666666666667,0.01,0.0005634361698190108,0.006,0.006,0.006000000000000001,0.006,8.673617379884035e-19,0.0195,0.02,0.019575000000000002,0.0195,0.00017853571071357142,0.006,0.007,0.0069500000000000004,0.007,0.0002179449471770337,0.0095,0.0095,0.009500000000000001,0.0095,1.734723475976807e-18,0.025,0.026000000000000002,0.025425000000000003,0.025500000000000002,0.0002861380785564902,0.004,0.004,0.004000000000000001,0.004,8.673617379884035e-19,0.027,0.028,0.027450000000000002,0.0275,0.00021794494717703385,0.006,0.006,0.006000000000000001,0.006,8.673617379884035e-19,32,32,2560,10240,51200,False,432,2
0.008,0.01,0.009238095238095241,0.009000000000000001,0.0005259695722470122,0.006,0.007,0.0060500000000000016,0.006,0.0002179449471770337,0.019,0.02,0.019525000000000004,0.0195,0.00024874685927665525,0.006,0.007,0.006950000000000002,0.007,0.00021794494717703366,0.0095,0.0095,0.009500000000000001,0.0095,1.734723475976807e-18,0.025,0.026000000000000002,0.025450000000000007,0.025500000000000002,0.00021794494717703388,0.004,0.0045000000000000005,0.004025000000000001,0.004,0.00010897247358851695,0.027,0.028,0.027475,0.0275,0.0002947456530637902,0.005,0.006,0.005950000000000001,0.006,0.00021794494717703366,32,32,2560,10240,51200,False,424,2
0.008,0.01,0.009142857142857145,0.009000000000000001,0.0004665694748158433,0.006,0.006,0.006000000000000001,0.006,8.673617379884035e-19,0.019,0.02,0.019475000000000003,0.0195,0.0002947456530637902,0.006,0.007,0.006850000000000002,0.007,0.0003570714214271425,0.0095,0.0095,0.009500000000000001,0.0095,1.734723475976807e-18,0.025,0.026000000000000002,0.025475000000000005,0.025500000000000002,0.00019202864369671538,0.004,0.004,0.004000000000000001,0.004,8.673617379884035e-19,0.027,0.028,0.027600000000000003,0.0275,0.00025495097567963945,0.004,0.006,0.0054,0.005,0.0005830951894845301,32,32,2560,10240,51200,False,416,2
0.008,0.009000000000000001,0.008952380952380955,0.009000000000000001,0.00021295885499998015,0.006,0.007,0.006100000000000001,0.006,0.00030000000000000003,0.019,0.02,0.019275000000000004,0.01925,0.0002947456530637901,0.006,0.007,0.006950000000000002,0.007,0.00021794494717703366,0.0095,0.0095,0.009500000000000001,0.0095,1.734723475976807e-18,0.025,0.025500000000000002,0.025350000000000004,0.025500000000000002,0.0002291287847477922,0.004,0.004,0.004000000000000001,0.004,8.673617379884035e-19,0.0265,0.028,0.027325,0.0275,0.00032691742076555085,0.004,0.006,0.005000000000000001,0.005,0.0007071067811865476,32,32,2560,10240,51200,False,408,2
0.007,0.009000000000000001,0.008904761904761907,0.009000000000000001,0.0004259177099999602,0.006,0.006,0.006000000000000001,0.006,8.673617379884035e-19,0.019,0.0195,0.019250000000000003,0.01925,0.0002500000000000002,0.006,0.008,0.006900000000000001,0.007,0.0004358898943540674,0.0095,0.0095,0.009500000000000001,0.0095,1.734723475976807e-18,0.0245,0.025500000000000002,0.025200000000000007,0.025,0.00029154759474226533,0.004,0.004,0.004000000000000001,0.004,8.673617379884035e-19,0.027,0.028,0.027350000000000003,0.0275,0.00027838821814150135,0.004,0.006,0.004600000000000002,0.0045000000000000005,0.0006633249580710799,32,32,2560,10240,51200,False,400,2
0.007,0.009000000000000001,0.008904761904761907,0.009000000000000001,0.0004259177099999602,0.006,0.006,0.006000000000000001,0.006,8.673617379884035e-19,0.019,0.02,0.019400000000000004,0.0195,0.0003000000000000003,0.006,0.007,0.006650000000000001,0.007,0.00047696960070847287,0.0095,0.01,0.009525000000000002,0.0095,0.00010897247358851694,0.025,0.025500000000000002,0.025300000000000007,0.025500000000000002,0.000244948974278318,0.0035,0.004,0.00395,0.004,0.00015000000000000001,0.027,0.028,0.027675000000000005,0.0275,0.00028613807855649016,0.004,0.006,0.0043500000000000014,0.004,0.0005722761571129798,32,32,2560,10240,51200,False,392,2
0.007,0.009000000000000001,0.008904761904761907,0.009000000000000001,0.0004259177099999602,0.006,0.006,0.006000000000000001,0.006,8.673617379884035e-19,0.0195,0.02,0.019575000000000002,0.0195,0.00017853571071357142,0.006,0.007,0.006900000000000002,0.007,0.00030000000000000003,0.0075,0.008,0.007825000000000002,0.008,0.00023848480035423665,0.0175,0.018000000000000002,0.017550000000000003,0.0175,0.00015000000000000012,0.003,0.0035,0.003275000000000001,0.0035,0.000248746859276655,0.023,0.0245,0.023775000000000004,0.024,0.0003699662146737189,0.004,0.006,0.004500000000000001,0.004,0.0005916079783099615,32,32,2560,10240,51200,False,384,2
0.007,0.009000000000000001,0.008809523809523812,0.009000000000000001,0.0004994327848429296,0.006,0.006,0.006000000000000001,0.006,8.673617379884035e-19,0.019,0.02,0.019475000000000003,0.0195,0.0002487468592766552,0.006,0.007,0.006650000000000001,0.007,0.00047696960070847287,0.0075,0.008,0.007800000000000001,0.008,0.00024494897427831806,0.017,0.018000000000000002,0.017425000000000003,0.0175,0.00028613807855649016,0.003,0.0035,0.0030250000000000008,0.003,0.00010897247358851685,0.0225,0.024,0.023350000000000003,0.0235,0.0003201562118716428,0.004,0.005,0.004050000000000001,0.004,0.0002179449471770337,32,32,2560,10240,51200,False,376,2
0.007,0.009000000000000001,0.008333333333333335,0.008,0.0005634361698190115,0.006,0.006,0.006000000000000001,0.006,8.673617379884035e-19,0.019,0.02,0.019400000000000004,0.0195,0.0003000000000000003,0.006,0.007,0.006700000000000002,0.007,0.00045825756949558405,0.008,0.0085,0.008300000000000002,0.0085,0.00024494897427831806,0.017,0.018000000000000002,0.017575000000000004,0.0175,0.0002384848003542366,0.003,0.0035,0.0030500000000000006,0.003,0.00015000000000000001,0.0235,0.025,0.024175000000000006,0.024,0.00032691742076555085,0.004,0.005,0.004300000000000001,0.004,0.00045825756949558405,32,32,2560,10240,51200,False,368,2
0.007,0.009000000000000001,0.00804761904761905,0.008,0.00037495275590532456,0.006,0.006,0.006000000000000001,0.006,8.673617379884035e-19,0.019,0.02,0.019375000000000003,0.0195,0.00026809513236909045,0.006,0.007,0.006850000000000002,0.007,0.0003570714214271425,0.008,0.0085,0.008150000000000001,0.008,0.0002291287847477922,0.017,0.0185,0.017675000000000003,0.0175,0.00039607448794387145,0.003,0.0035,0.0030500000000000006,0.003,0.00015000000000000001,0.025,0.026000000000000002,0.025575000000000004,0.025500000000000002,0.0003269174207655508,0.004,0.005,0.004150000000000001,0.004,0.0003570714214271425,32,32,2560,10240,51200,False,360,2
0.007,0.008,0.007952380952380954,0.008,0.00021295885499997998,0.006,0.006,0.006000000000000001,0.006,8.673617379884035e-19,0.0155,0.016,0.015900000000000004,0.016,0.00020000000000000017,0.005,0.005,0.005000000000000001,0.005,8.673617379884035e-19,0.006500000000000001,0.007,0.006850000000000002,0.007,0.0002291287847477918,0.017,0.0185,0.017875000000000005,0.018000000000000002,0.0003491060010942232,0.003,0.0035,0.0030250000000000008,0.003,0.00010897247358851685,0.02,0.0205,0.020300000000000006,0.0205,0.00024494897427831806,0.004,0.005,0.004250000000000001,0.004,0.00043301270189221935,32,32,2560,10240,51200,False,352,2
0.007,0.008,0.007952380952380954,0.008,0.00021295885499997998,0.006,0.006,0.006000000000000001,0.006,8.673617379884035e-19,0.0155,0.016,0.015550000000000003,0.0155,0.00015000000000000012,0.005,0.005,0.005000000000000001,0.005,8.673617379884035e-19,0.006500000000000001,0.007,0.006850000000000002,0.007,0.00022912878474779178,0.0175,0.0185,0.018100000000000005,0.018000000000000002,0.0003391164991562623,0.003,0.003,0.0030000000000000005,0.003,4.336808689942018e-19,0.02,0.021,0.020250000000000004,0.02,0.00029580398915498104,0.004,0.005,0.004050000000000001,0.004,0.0002179449471770337,32,32,2560,10240,51200,False,344,2
0.007,0.008,0.007952380952380954,0.008,0.00021295885499997998,0.006,0.006,0.006000000000000001,0.006,8.673617379884035e-19,0.0155,0.016,0.015575000000000002,0.0155,0.00017853571071357142,0.005,0.005,0.005000000000000001,0.005,8.673617379884035e-19,0.006500000000000001,0.007,0.006900000000000002,0.007,0.00019999999999999985,0.018000000000000002,0.0195,0.018575000000000005,0.0185,0.00036314597615834827,0.003,0.003,0.0030000000000000005,0.003,4.336808689942018e-19,0.02,0.021,0.020250000000000004,0.02,0.0002958039891549811,0.004,0.004,0.004000000000000001,0.004,8.673617379884035e-19,32,32,2560,10240,51200,False,336,2
0.007,0.008,0.007952380952380954,0.008,0.00021295885499997998,0.006,0.006,0.006000000000000001,0.006,8.673617379884035e-19,0.0155,0.016,0.015825000000000002,0.016,0.00023848480035423665,0.005,0.005,0.005000000000000001,0.005,8.673617379884035e-19,0.006500000000000001,0.007,0.006950000000000002,0.007,0.00014999999999999988,0.0185,0.0195,0.01895,0.019,0.0003840572873934308,0.0025,0.003,0.0029000000000000007,0.003,0.0002,0.0195,0.0205,0.020100000000000003,0.02,0.00025495097567963945,0.004,0.004,0.004000000000000001,0.004,8.673617379884035e-19,32,32,2560,10240,51200,False,328,2
0.007,0.008,0.007952380952380954,0.008,0.00021295885499997998,0.006,0.006,0.006000000000000001,0.006,8.673617379884035e-19,0.0155,0.016,0.015875000000000004,0.016,0.00021650635094610984,0.005,0.005,0.005000000000000001,0.005,8.673617379884035e-19,0.007,0.007,0.007000000000000001,0.007,8.673617379884035e-19,0.0235,0.025,0.024025000000000005,0.024,0.0004023369234857774,0.003,0.0035,0.0030750000000000005,0.003,0.00017853571071357126,0.0185,0.019,0.01895,0.019,0.00015000000000000015,0.004,0.004,0.004000000000000001,0.004,8.673617379884035e-19,32,32,2560,10240,51200,False,320,2
0.006,0.008,0.007809523809523811,0.008,0.0004994327848429294,0.006,0.006,0.006000000000000001,0.006,8.673617379884035e-19,0.0155,0.016,0.015625000000000003,0.0155,0.0002165063509461099,0.005,0.005,0.005000000000000001,0.005,8.673617379884035e-19,0.006500000000000001,0.007,0.006900000000000002,0.007,0.00019999999999999985,0.0235,0.0245,0.023900000000000005,0.024,0.00030000000000000024,0.003,0.0035,0.0030250000000000008,0.003,0.00010897247358851685,0.0185,0.019,0.0187,0.0185,0.000244948974278318,0.004,0.004,0.004000000000000001,0.004,8.673617379884035e-19,32,32,2560,10240,51200,False,312,2
0.006,0.008,0.007333333333333335,0.007,0.0005634361698190111,0.006,0.006,0.006000000000000001,0.006,8.673617379884035e-19,0.0155,0.016,0.015575000000000002,0.0155,0.00017853571071357142,0.005,0.005,0.005000000000000001,0.005,8.673617379884035e-19,0.006500000000000001,0.007,0.006975000000000002,0.007,0.00010897247358851676,0.0235,0.025,0.024150000000000005,0.024,0.00035707142142714284,0.003,0.0035,0.0030250000000000008,0.003,0.00010897247358851685,0.0185,0.019,0.018750000000000003,0.01875,0.0002500000000000002,0.004,0.004,0.004000000000000001,0.004,8.673617379884035e-19,32,32,2560,10240,51200,False,304,2
0.006,0.008,0.007047619047619048,0.007,0.0003749527559053243,0.006,0.006,0.006000000000000001,0.006,8.673617379884035e-19,0.0155,0.016,0.0158,0.016,0.00024494897427831806,0.005,0.005,0.005000000000000001,0.005,8.673617379884035e-19,0.006500000000000001,0.007,0.006950000000000002,0.007,0.00014999999999999988,0.023,0.0245,0.023875000000000004,0.024,0.00041457809879442536,0.003,0.003,0.0030000000000000005,0.003,4.336808689942018e-19,0.0185,0.019,0.018725000000000002,0.0185,0.0002487468592766552,0.004,0.004,0.004000000000000001,0.004,8.673617379884035e-19,32,32,2560,10240,51200,False,296,2
0.006,0.008,0.007000000000000001,0.007,0.00030860669992418383,0.006,0.006,0.006000000000000001,0.006,8.673617379884035e-19,0.0155,0.016,0.0158,0.016,0.00024494897427831806,0.005,0.005,0.005000000000000001,0.005,8.673617379884035e-19,0.006500000000000001,0.007,0.006950000000000002,0.007,0.00014999999999999988,0.0235,0.025,0.023975000000000003,0.024,0.0004866980583482951,0.003,0.003,0.0030000000000000005,0.003,4.336808689942018e-19,0.0185,0.019,0.018725000000000002,0.0185,0.0002487468592766552,0.004,0.004,0.004000000000000001,0.004,8.673617379884035e-19,32,32,2560,10240,51200,False,288,2
0.006,0.008,0.007047619047619048,0.007,0.0003749527559053243,0.006,0.006,0.006000000000000001,0.006,8.673617379884035e-19,0.0155,0.016,0.015600000000000003,0.0155,0.00020000000000000015,0.005,0.005,0.005000000000000001,0.005,8.673617379884035e-19,0.006500000000000001,0.0075,0.007025000000000001,0.007,0.0002487468592766548,0.0235,0.0245,0.023900000000000005,0.024,0.0002549509756796395,0.003,0.003,0.0030000000000000005,0.003,4.336808689942018e-19,0.0185,0.019,0.0187,0.0185,0.000244948974278318,0.004,0.004,0.004000000000000001,0.004,8.673617379884035e-19,32,32,2560,10240,51200,False,280,2
0.006,0.007,0.006952380952380955,0.007,0.00021295885499997996,0.006,0.006,0.006000000000000001,0.006,8.673617379884035e-19,0.0155,0.016,0.015525000000000002,0.0155,0.00010897247358851694,0.005,0.005,0.005000000000000001,0.005,8.673617379884035e-19,0.006500000000000001,0.007,0.006950000000000002,0.007,0.00014999999999999988,0.0235,0.0245,0.023875000000000004,0.024,0.0003112474899497186,0.0025,0.003,0.0029750000000000006,0.003,0.00010897247358851685,0.019,0.02,0.019325000000000002,0.01925,0.00036314597615834913,0.004,0.004,0.004000000000000001,0.004,8.673617379884035e-19,32,32,2560,10240,51200,False,272,2
0.006,0.007,0.006952380952380955,0.007,0.00021295885499997996,0.006,0.006,0.006000000000000001,0.006,8.673617379884035e-19,0.0155,0.016,0.015700000000000002,0.0155,0.000244948974278318,0.004,0.005,0.004050000000000001,0.004,0.0002179449471770337,0.007,0.0075,0.007025000000000001,0.007,0.00010897247358851675,0.0235,0.0245,0.023850000000000003,0.024,0.0003201562118716427,0.0025,0.003,0.0028250000000000003,0.003,0.00023848480035423646,0.0185,0.02,0.019175000000000005,0.019,0.0003631459761583491,0.004,0.004,0.004000000000000001,0.004,8.673617379884035e-19,32,32,2560,10240,51200,False,264,2
0.005,0.007,0.006904761904761907,0.007,0.0004259177099999599,0.006,0.006,0.006000000000000001,0.006,8.673617379884035e-19,0.0115,0.012,0.011650000000000002,0.0115,0.0002291287847477922,0.004,0.005,0.004800000000000001,0.005,0.0004,0.007,0.007,0.007000000000000001,0.007,8.673617379884035e-19,0.016,0.017,0.016575000000000003,0.0165,0.00023848480035423662,0.0025,0.0025,0.0025000000000000005,0.0025,4.336808689942018e-19,0.0185,0.019,0.0187,0.0185,0.000244948974278318,0.004,0.004,0.004000000000000001,0.004,8.673617379884035e-19,32,32,2560,10240,51200,False,256,2
0.005,0.007,0.006761904761904764,0.007,0.0005259695722470124,0.006,0.006,0.006000000000000001,0.006,8.673617379884035e-19,0.011,0.012,0.011575000000000002,0.0115,0.00023848480035423662,0.004,0.005,0.004150000000000001,0.004,0.0003570714214271425,0.006500000000000001,0.007,0.006525000000000001,0.006500000000000001,0.00010897247358851676,0.016,0.017,0.016500000000000004,0.0165,0.0001581138830084191,0.0025,0.0025,0.0025000000000000005,0.0025,4.336808689942018e-19,0.018000000000000002,0.019,0.018500000000000006,0.0185,0.00015811388300841856,0.004,0.005,0.004050000000000001,0.004,0.0002179449471770337,32,32,2560,10240,51200,False,248,2
0.005,0.007,0.006619047619047621,0.007,0.0005753831415997416,0.006,0.006,0.006000000000000001,0.006,8.673617379884035e-19,0.011,0.012,0.011475000000000003,0.0115,0.00019202864369671538,0.004,0.005,0.004150000000000001,0.004,0.0003570714214271425,0.006500000000000001,0.007,0.0066250000000000015,0.006500000000000001,0.00021650635094610948,0.016,0.017,0.016550000000000002,0.0165,0.00021794494717703388,0.0025,0.0025,0.0025000000000000005,0.0025,4.336808689942018e-19,0.018000000000000002,0.019,0.018500000000000006,0.0185,0.00027386127875258235,0.004,0.004,0.004000000000000001,0.004,8.673617379884035e-19,32,32,2560,10240,51200,False,240,2
0.005,0.007,0.00642857142857143,0.006,0.0005832118435198043,0.006,0.006,0.006000000000000001,0.006,8.673617379884035e-19,0.0115,0.012,0.011575000000000002,0.0115,0.00017853571071357142,0.004,0.005,0.004050000000000001,0.004,0.0002179449471770337,0.006500000000000001,0.007,0.006600000000000002,0.006500000000000001,0.00019999999999999982,0.016,0.017,0.016450000000000003,0.0165,0.00026925824035672544,0.002,0.0025,0.0021250000000000006,0.002,0.00021650635094610967,0.018000000000000002,0.019,0.018475000000000005,0.0185,0.0002487468592766542,0.004,0.004,0.004000000000000001,0.004,8.673617379884035e-19,32,32,2560,10240,51200,False,232,2
0.005,0.007,0.006095238095238096,0.006,0.00042591770999995997,0.006,0.006,0.006000000000000001,0.006,8.673617379884035e-19,0.0115,0.012,0.011525000000000002,0.0115,0.00010897247358851694,0.004,0.005,0.004050000000000001,0.004,0.0002179449471770337,0.006500000000000001,0.007,0.006550000000000002,0.006500000000000001,0.00014999999999999988,0.016,0.017,0.016475000000000004,0.0165,0.00019202864369671538,0.002,0.0025,0.0020500000000000006,0.002,0.00015000000000000001,0.018000000000000002,0.019,0.018350000000000005,0.0185,0.0003201562118716412,0.004,0.004,0.004000000000000001,0.004,8.673617379884035e-19,32,32,2560,10240,51200,False,224,2
0.005,0.006,0.005952380952380954,0.006,0.00021295885499997998,0.006,0.006,0.006000000000000001,0.006,8.673617379884035e-19,0.0115,0.012,0.011650000000000002,0.0115,0.0002291287847477922,0.004,0.005,0.004050000000000001,0.004,0.0002179449471770337,0.006500000000000001,0.007,0.006525000000000001,0.006500000000000001,0.00010897247358851676,0.016,0.017,0.016200000000000003,0.016,0.0002915475947422653,0.002,0.0025,0.0020250000000000003,0.002,0.00010897247358851685,0.018000000000000002,0.019,0.018325000000000004,0.018250000000000002,0.0003631459761583475,0.004,0.004,0.004000000000000001,0.004,8.673617379884035e-19,32,32,2560,10240,51200,False,216,2
0.005,0.006,0.005952380952380954,0.006,0.00021295885499997998,0.006,0.006,0.006000000000000001,0.006,8.673617379884035e-19,0.011,0.0115,0.011400000000000002,0.0115,0.00020000000000000015,0.004,0.005,0.004050000000000001,0.004,0.0002179449471770337,0.006500000000000001,0.007,0.006575000000000002,0.006500000000000001,0.0001785357107135711,0.016,0.0165,0.016200000000000003,0.016,0.000244948974278318,0.002,0.0025,0.0020750000000000005,0.002,0.00017853571071357126,0.018000000000000002,0.0185,0.018275000000000007,0.0185,0.00024874685927665346,0.004,0.004,0.004000000000000001,0.004,8.673617379884035e-19,32,32,2560,10240,51200,False,208,2
0.005,0.006,0.005952380952380954,0.006,0.00021295885499997998,0.006,0.006,0.006000000000000001,0.006,8.673617379884035e-19,0.0115,0.012,0.011575000000000002,0.0115,0.00017853571071357142,0.004,0.004,0.004000000000000001,0.004,8.673617379884035e-19,0.006500000000000001,0.007,0.006600000000000002,0.006500000000000001,0.00019999999999999982,0.016,0.0165,0.016225000000000003,0.016,0.0002487468592766552,0.002,0.0025,0.0020250000000000003,0.002,0.00010897247358851685,0.018000000000000002,0.019,0.018425000000000004,0.0185,0.00023848480035423535,0.004,0.004,0.004000000000000001,0.004,8.673617379884035e-19,32,32,2560,10240,51200,False,200,2
0.004,0.006,0.005761904761904763,0.006,0.0005259695722470124,0.006,0.006,0.006000000000000001,0.006,8.673617379884035e-19,0.011,0.012,0.011575000000000002,0.0115,0.00028613807855649016,0.004,0.004,0.004000000000000001,0.004,8.673617379884035e-19,0.006,0.006500000000000001,0.0063500000000000015,0.006500000000000001,0.0002291287847477922,0.0195,0.023,0.021175000000000003,0.021249999999999998,0.0011648497757221737,0.002,0.002,0.0020000000000000005,0.002,4.336808689942018e-19,0.015,0.0165,0.015950000000000002,0.016,0.0003500000000000004,0.004,0.004,0.004000000000000001,0.004,8.673617379884035e-19,32,32,2560,10240,51200,False,192,2
0.004,0.006,0.00580952380952381,0.006,0.0004994327848429294,0.006,0.006,0.006000000000000001,0.006,8.673617379884035e-19,0.011,0.012,0.011475000000000003,0.0115,0.0002947456530637902,0.004,0.004,0.004000000000000001,0.004,8.673617379884035e-19,0.006,0.006500000000000001,0.006375000000000001,0.006500000000000001,0.0002165063509461099,0.0195,0.0225,0.021050000000000003,0.021249999999999998,0.001233896267925306,0.002,0.002,0.0020000000000000005,0.002,4.336808689942018e-19,0.0155,0.016,0.015925,0.016,0.00017853571071357142,0.004,0.004,0.004000000000000001,0.004,8.673617379884035e-19,32,32,2560,10240,51200,False,184,2
0.004,0.006,0.005380952380952382,0.005,0.0005753831415997415,0.006,0.006,0.006000000000000001,0.006,8.673617379884035e-19,0.0115,0.0125,0.011900000000000003,0.012,0.0002549509756796395,0.004,0.005,0.004050000000000001,0.004,0.0002179449471770337,0.006500000000000001,0.007,0.006600000000000002,0.006500000000000001,0.00019999999999999985,0.02,0.0225,0.021275000000000002,0.0215,0.0009679230341302962,0.002,0.002,0.0020000000000000005,0.002,4.336808689942018e-19,0.015,0.016,0.015825000000000002,0.016,0.0003631459761583491,0.004,0.004,0.004000000000000001,0.004,8.673617379884035e-19,32,32,2560,10240,51200,False,176,2
0.004,0.005,0.004952380952380954,0.005,0.00021295885499997998,0.006,0.006,0.006000000000000001,0.006,8.673617379884035e-19,0.011,0.012,0.011800000000000001,0.012,0.00029154759474226533,0.004,0.004,0.004000000000000001,0.004,8.673617379884035e-19,0.006,0.006500000000000001,0.006425000000000002,0.006500000000000001,0.0001785357107135714,0.02,0.023,0.02125,0.0215,0.0010062305898749047,0.002,0.002,0.0020000000000000005,0.002,4.336808689942018e-19,0.015,0.016,0.015675,0.016,0.00042646805273079987,0.004,0.004,0.004000000000000001,0.004,8.673617379884035e-19,32,32,2560,10240,51200,False,168,2
0.004,0.005,0.004952380952380954,0.005,0.00021295885499997998,0.006,0.006,0.006000000000000001,0.006,8.673617379884035e-19,0.0115,0.012,0.011625000000000002,0.0115,0.00021650635094610986,0.004,0.004,0.004000000000000001,0.004,8.673617379884035e-19,0.006500000000000001,0.007,0.006550000000000002,0.006500000000000001,0.00014999999999999988,0.0195,0.0205,0.019850000000000003,0.02,0.00027838821814150135,0.0015,0.002,0.0016750000000000005,0.0015,0.00023848480035423643,0.0155,0.016,0.015850000000000003,0.016,0.00022912878474779219,0.004,0.004,0.004000000000000001,0.004,8.673617379884035e-19,32,32,2560,10240,51200,False,160,2
0.004,0.005,0.004952380952380954,0.005,0.00021295885499997998,0.006,0.006,0.006000000000000001,0.006,8.673617379884035e-19,0.0115,0.012,0.011600000000000003,0.0115,0.00020000000000000015,0.004,0.004,0.004000000000000001,0.004,8.673617379884035e-19,0.006500000000000001,0.006500000000000001,0.0065000000000000014,0.006500000000000001,8.673617379884035e-19,0.0195,0.0205,0.019800000000000005,0.01975,0.0003316624790355403,0.0015,0.0015,0.0015000000000000002,0.0015,2.168404344971009e-19,0.0155,0.0165,0.015925,0.016,0.00023848480035423665,0.004,0.004,0.004000000000000001,0.004,8.673617379884035e-19,32,32,2560,10240,51200,False,152,2
0.004,0.005,0.004952380952380954,0.005,0.00021295885499997998,0.006,0.006,0.006000000000000001,0.006,8.673617379884035e-19,0.0115,0.012,0.011550000000000001,0.0115,0.00015000000000000012,0.004,0.004,0.004000000000000001,0.004,8.673617379884035e-19,0.006500000000000001,0.007,0.0067750000000000015,0.007,0.00024874685927665476,0.0195,0.0205,0.019825000000000002,0.02,0.00032691742076555085,0.0015,0.0015,0.0015000000000000002,0.0015,2.168404344971009e-19,0.015,0.0165,0.016225000000000003,0.0165,0.00040233692348577737,0.004,0.004,0.004000000000000001,0.004,8.673617379884035e-19,32,32,2560,10240,51200,False,144,2
0.004,0.005,0.004952380952380954,0.005,0.00021295885499997998,0.006,0.006,0.006000000000000001,0.006,8.673617379884035e-19,0.0115,0.012,0.011575000000000002,0.0115,0.00017853571071357142,0.004,0.004,0.004000000000000001,0.004,8.673617379884035e-19,0.006500000000000001,0.007,0.006700000000000002,0.006500000000000001,0.00024494897427831757,0.0195,0.0205,0.019925000000000005,0.02,0.0002384848003542366,0.0015,0.0015,0.0015000000000000002,0.0015,2.168404344971009e-19,0.016,0.0165,0.016100000000000003,0.016,0.00020000000000000015,0.004,0.004,0.004000000000000001,0.004,8.673617379884035e-19,32,32,2560,10240,51200,False,136,2
0.004,0.005,0.0049047619047619066,0.005,0.00029354352395090366,0.006,0.006,0.006000000000000001,0.006,8.673617379884035e-19,0.01,0.0105,0.010100000000000001,0.01,0.00020000000000000017,0.003,0.004,0.0034500000000000004,0.003,0.0004974937185533101,0.0055,0.0055,0.0055000000000000005,0.0055,8.673617379884035e-19,0.0125,0.0135,0.012950000000000003,0.013000000000000001,0.00021794494717703366,0.0015,0.0015,0.0015000000000000002,0.0015,2.168404344971009e-19,0.014,0.0155,0.014475000000000002,0.0145,0.00040233692348577683,0.004,0.004,0.004000000000000001,0.004,8.673617379884035e-19,32,32,2560,10240,51200,False,128,2
0.004,0.005,0.004714285714285716,0.005,0.0004517539514526256,0.006,0.006,0.006000000000000001,0.006,8.673617379884035e-19,0.01,0.0105,0.010075000000000002,0.01,0.00017853571071357142,0.003,0.004,0.00355,0.004,0.00049749371855331,0.0055,0.0055,0.0055000000000000005,0.0055,8.673617379884035e-19,0.0125,0.0135,0.012775000000000003,0.0125,0.00033447720400649124,0.0015,0.0015,0.0015000000000000002,0.0015,2.168404344971009e-19,0.014,0.0155,0.014700000000000001,0.0145,0.0005338539126015653,0.004,0.004,0.004000000000000001,0.004,8.673617379884035e-19,32,32,2560,10240,51200,False,120,2
0.004,0.005,0.004333333333333335,0.004,0.0004714045207910317,0.006,0.006,0.006000000000000001,0.006,8.673617379884035e-19,0.01,0.0105,0.010100000000000001,0.01,0.00020000000000000017,0.003,0.004,0.0035000000000000005,0.0035,0.0005,0.0055,0.0055,0.0055000000000000005,0.0055,8.673617379884035e-19,0.0125,0.013000000000000001,0.012675000000000002,0.0125,0.00023848480035423657,0.0015,0.0015,0.0015000000000000002,0.0015,2.168404344971009e-19,0.014,0.0155,0.014550000000000002,0.0145,0.0004444097208657791,0.004,0.004,0.004000000000000001,0.004,8.673617379884035e-19,32,32,2560,10240,51200,False,112,2
0.004,0.004,0.004000000000000001,0.004,8.673617379884035e-19,0.006,0.006,0.006000000000000001,0.006,8.673617379884035e-19,0.01,0.0105,0.010075000000000002,0.01,0.00017853571071357142,0.003,0.004,0.00355,0.004,0.00049749371855331,0.0055,0.0055,0.0055000000000000005,0.0055,8.673617379884035e-19,0.0125,0.013000000000000001,0.012800000000000002,0.013000000000000001,0.00024494897427831806,0.001,0.0015,0.0014500000000000003,0.0015,0.00015000000000000001,0.0145,0.016,0.015400000000000002,0.0155,0.0004636809247747852,0.003,0.004,0.0039000000000000007,0.004,0.00030000000000000003,32,32,2560,10240,51200,False,104,2
0.003,0.004,0.003952380952380953,0.004,0.00021295885499997998,0.005,0.006,0.005950000000000001,0.006,0.00021794494717703366,0.0095,0.0105,0.010000000000000002,0.01,0.0001581138830084191,0.004,0.004,0.004000000000000001,0.004,8.673617379884035e-19,0.0055,0.0055,0.0055000000000000005,0.0055,8.673617379884035e-19,0.0125,0.013000000000000001,0.012650000000000003,0.0125,0.00022912878474779219,0.001,0.0015,0.0010250000000000003,0.001,0.00010897247358851685,0.014,0.015,0.014275000000000001,0.014,0.00033447720400649124,0.003,0.004,0.0039000000000000007,0.004,0.00030000000000000003,32,32,2560,10240,51200,False,96,2
0.003,0.004,0.003952380952380953,0.004,0.00021295885499997998,0.006,0.006,0.006000000000000001,0.006,8.673617379884035e-19,0.0095,0.0105,0.009925000000000002,0.01,0.00023848480035423665,0.004,0.004,0.004000000000000001,0.004,8.673617379884035e-19,0.0055,0.0055,0.0055000000000000005,0.0055,8.673617379884035e-19,0.0125,0.013000000000000001,0.012575000000000003,0.0125,0.00017853571071357142,0.001,0.0015,0.0010250000000000003,0.001,0.00010897247358851685,0.014,0.015,0.014325000000000001,0.0145,0.00028613807855649,0.003,0.004,0.00395,0.004,0.0002179449471770337,32,32,2560,10240,51200,False,88,2
0.003,0.004,0.003952380952380953,0.004,0.00021295885499997998,0.005,0.006,0.005950000000000001,0.006,0.00021794494717703366,0.0095,0.01,0.009900000000000003,0.01,0.00020000000000000015,0.004,0.004,0.004000000000000001,0.004,8.673617379884035e-19,0.0055,0.0055,0.0055000000000000005,0.0055,8.673617379884035e-19,0.0125,0.013000000000000001,0.012625000000000003,0.0125,0.00021650635094610986,0.001,0.001,0.0010000000000000002,0.001,2.168404344971009e-19,0.0145,0.015,0.014925000000000003,0.015,0.0001785357107135708,0.003,0.004,0.0039000000000000007,0.004,0.00030000000000000003,32,32,2560,10240,51200,False,80,2
0.003,0.004,0.003952380952380953,0.004,0.00021295885499997998,0.005,0.006,0.005800000000000001,0.006,0.0004,0.01,0.0105,0.010100000000000001,0.01,0.00020000000000000017,0.004,0.004,0.004000000000000001,0.004,8.673617379884035e-19,0.0055,0.0055,0.0055000000000000005,0.0055,8.673617379884035e-19,0.012,0.013000000000000001,0.012575000000000003,0.0125,0.0002384848003542366,0.001,0.001,0.0010000000000000002,0.001,2.168404344971009e-19,0.014,0.0145,0.014075,0.014,0.0001785357107135714,0.003,0.004,0.0038500000000000006,0.004,0.0003570714214271425,32,32,2560,10240,51200,False,72,2
0.003,0.004,0.003952380952380953,0.004,0.00021295885499997998,0.005,0.006,0.005900000000000001,0.006,0.00030000000000000003,0.01,0.0105,0.010050000000000002,0.01,0.00015000000000000012,0.003,0.004,0.0037500000000000007,0.004,0.00043301270189221935,0.005,0.006,0.005475000000000001,0.0055,0.00029474565306378985,0.012,0.0125,0.012050000000000002,0.012,0.00015000000000000012,0.001,0.001,0.0010000000000000002,0.001,2.168404344971009e-19,0.0125,0.0135,0.013025000000000004,0.013000000000000001,0.00019202864369671495,0.002,0.004,0.003400000000000001,0.004,0.0007348469228349534,32,32,2560,10240,51200,False,64,2
0.003,0.004,0.0035714285714285718,0.004,0.0004948716593053935,0.005,0.006,0.005900000000000001,0.006,0.00030000000000000003,0.0095,0.01,0.009700000000000002,0.0095,0.000244948974278318,0.003,0.004,0.0037000000000000006,0.004,0.00045825756949558394,0.0055,0.006,0.005525,0.0055,0.00010897247358851695,0.012,0.013000000000000001,0.012225000000000003,0.012,0.0002947456530637901,0.001,0.001,0.0010000000000000002,0.001,2.168404344971009e-19,0.012,0.013000000000000001,0.012475000000000003,0.0125,0.0002947456530637902,0.002,0.004,0.0030000000000000005,0.003,0.0007745966692414833,32,32,2560,10240,51200,False,56,2
0.003,0.003,0.0030000000000000005,0.003,4.336808689942018e-19,0.005,0.006,0.005950000000000001,0.006,0.0002179449471770337,0.0095,0.01,0.009525000000000002,0.0095,0.00010897247358851694,0.003,0.004,0.0036000000000000003,0.004,0.0004898979485566357,0.005,0.0055,0.005425000000000001,0.0055,0.00017853571071357112,0.0115,0.012,0.011675000000000001,0.0115,0.00023848480035423662,0.001,0.001,0.0010000000000000002,0.001,2.168404344971009e-19,0.012,0.013000000000000001,0.012525000000000003,0.0125,0.00036996621467371885,0.002,0.004,0.0032000000000000006,0.003,0.0006000000000000001,32,32,2560,10240,51200,False,48,2
0.003,0.003,0.0030000000000000005,0.003,4.336808689942018e-19,0.005,0.006,0.005800000000000001,0.006,0.0004,0.0095,0.01,0.009800000000000001,0.01,0.00024494897427831806,0.003,0.004,0.0038000000000000004,0.004,0.0004,0.005,0.0055,0.005175000000000001,0.005,0.0002384848003542362,0.012,0.0125,0.012025000000000003,0.012,0.00010897247358851694,0.001,0.001,0.0010000000000000002,0.001,2.168404344971009e-19,0.012,0.013000000000000001,0.012375000000000002,0.0125,0.00034910600109422385,0.002,0.004,0.00255,0.0025,0.0005894913061275798,32,32,2560,10240,51200,False,40,2
0.003,0.003,0.0030000000000000005,0.003,4.336808689942018e-19,0.005,0.006,0.005900000000000001,0.006,0.00030000000000000003,0.0095,0.01,0.009600000000000001,0.0095,0.00020000000000000017,0.003,0.004,0.0037500000000000007,0.004,0.00043301270189221935,0.005,0.005,0.005000000000000001,0.005,8.673617379884035e-19,0.0115,0.0125,0.011875000000000002,0.012,0.0003112474899497186,0.001,0.001,0.0010000000000000002,0.001,2.168404344971009e-19,0.012,0.013000000000000001,0.012300000000000002,0.01225,0.0003316624790355403,0.002,0.004,0.0030000000000000005,0.003,0.0006324555320336759,32,32,2560,10240,51200,False,32,2
0.003,0.003,0.0030000000000000005,0.003,4.336808689942018e-19,0.005,0.006,0.005850000000000001,0.006,0.0003570714214271425,0.0095,0.01,0.009525000000000002,0.0095,0.00010897247358851694,0.003,0.004,0.0034500000000000004,0.003,0.0004974937185533101,0.005,0.0055,0.005025,0.005,0.00010897247358851676,0.0115,0.012,0.011775000000000002,0.012,0.00024874685927665525,0.0005,0.001,0.0005250000000000001,0.0005,0.00010897247358851683,0.0115,0.0125,0.012125000000000002,0.012,0.0003112474899497186,0.002,0.003,0.002300000000000001,0.002,0.000458257569495584,32,32,2560,10240,51200,False,24,2
0.008,0.012,0.011142857142857145,0.011,0.000832993127835043,0.005,0.006,0.005800000000000001,0.006,0.0004,0.0085,0.009000000000000001,0.008575000000000003,0.0085,0.00017853571071357142,0.003,0.004,0.0037000000000000006,0.004,0.00045825756949558405,0.005,0.005,0.005000000000000001,0.005,8.673617379884035e-19,0.0115,0.012,0.011675000000000001,0.0115,0.0002384848003542366,0.0005,0.0005,0.0005000000000000001,0.0005,1.0842021724855044e-19,0.0115,0.012,0.011650000000000002,0.0115,0.0002291287847477922,0.002,0.003,0.002300000000000001,0.002,0.0004582575694955841,32,32,2560,10240,51200,False,16,2
0.005,0.007,0.006761904761904764,0.007,0.0005259695722470124,0.005,0.006,0.005950000000000001,0.006,0.00021794494717703366,0.0085,0.0085,0.008500000000000002,0.0085,1.734723475976807e-18,0.003,0.004,0.0035000000000000005,0.0035,0.0005,0.0045000000000000005,0.0045000000000000005,0.004500000000000001,0.0045000000000000005,8.673617379884035e-19,0.0115,0.012,0.011625000000000002,0.0115,0.00021650635094610986,0.0005,0.0005,0.0005000000000000001,0.0005,1.0842021724855044e-19,0.0115,0.012,0.011575000000000002,0.0115,0.0001785357107135714,0.002,0.004,0.0022000000000000006,0.002,0.0005099019513592786,32,32,2560,10240,51200,False,8,2
0.003,0.004,0.003952380952380953,0.004,0.00021295885499997998,0.006,0.006,0.006000000000000001,0.006,8.673617379884035e-19,0.008,0.0085,0.008475000000000002,0.0085,0.00010897247358851693,0.003,0.004,0.003450000000000001,0.003,0.0004974937185533101,0.0045000000000000005,0.005,0.004550000000000001,0.0045000000000000005,0.00014999999999999988,0.011,0.012,0.011625000000000002,0.0115,0.00026809513236909045,0.0005,0.0005,0.0005000000000000001,0.0005,1.0842021724855044e-19,0.0115,0.012,0.011600000000000003,0.0115,0.00020000000000000015,0.002,0.002,0.0020000000000000005,0.002,4.336808689942018e-19,32,32,2560,10240,51200,False,4,2
0.002,0.003,0.002952380952380953,0.003,0.00021295885499997998,0.006,0.006,0.006000000000000001,0.006,8.673617379884035e-19,0.008,0.0085,0.008350000000000002,0.0085,0.0002291287847477922,0.003,0.004,0.0032000000000000006,0.003,0.0004,0.0045000000000000005,0.005,0.004550000000000001,0.0045000000000000005,0.00014999999999999988,0.0115,0.012,0.011625000000000002,0.0115,0.00021650635094610986,0.0005,0.0005,0.0005000000000000001,0.0005,1.0842021724855044e-19,0.0115,0.012,0.011525000000000002,0.0115,0.00010897247358851694,0.002,0.003,0.0021500000000000004,0.002,0.0003570714214271425,32,32,2560,10240,51200,False,2,2
0.002,0.003,0.0020952380952380958,0.002,0.00029354352395090366,0.006,0.006,0.006000000000000001,0.006,8.673617379884035e-19,0.008,0.0085,0.008100000000000001,0.008,0.00020000000000000017,0.003,0.004,0.003150000000000001,0.003,0.0003570714214271425,0.0045000000000000005,0.005,0.004525000000000001,0.0045000000000000005,0.00010897247358851676,0.011,0.0115,0.01105,0.011,0.00015000000000000012,0.0005,0.0005,0.0005000000000000001,0.0005,1.0842021724855044e-19,0.011,0.0115,0.011275000000000002,0.0115,0.00024874685927665525,0.002,0.003,0.002300000000000001,0.002,0.00045825756949558405,32,32,2560,10240,51200,False,1,2
0.069,0.075,0.07323809523809525,0.073,0.001341809790819556,0.021,0.022,0.021050000000000003,0.021,0.00021794494717703315,0.051750000000000004,0.053,0.0521875,0.05225,0.00026070817018267547,0.066,0.067,0.06620000000000001,0.066,0.0004000000000000003,0.01825,0.021500000000000002,0.0206125,0.021125,0.0011923584821688495,0.07325,0.07425,0.07369999999999999,0.07375,0.00023184046238739278,0.017,0.01725,0.017025000000000005,0.017,7.500000000000006e-05,0.07975,0.0935,0.085975,0.083625,0.004942734567018543,0.04,0.042,0.04050000000000001,0.04,0.0005916079783099623,32,32,2560,10240,51200,False,4096,4
0.07,0.074,0.07247619047619049,0.073,0.0009060141709733499,0.021,0.022,0.021150000000000002,0.021,0.0003570714214271416,0.05225,0.05375,0.052700000000000004,0.05275,0.00037583240945932304,0.066,0.067,0.06640000000000001,0.066,0.0004898979485566361,0.018000000000000002,0.021500000000000002,0.0191375,0.01825,0.0014196720572019446,0.074,0.075,0.074525,0.0745,0.0002487468592766552,0.017,0.01725,0.017050000000000003,0.017,0.00010000000000000007,0.07150000000000001,0.093,0.08427499999999999,0.08375,0.0057046581843262075,0.04,0.041,0.040400000000000005,0.04,0.000489897948556636,32,32,2560,10240,51200,False,4096,4
0.068,0.075,0.07252380952380953,0.073,0.0014013275209106783,0.02,0.021,0.020900000000000005,0.021,0.0003000000000000003,0.05375,0.05475,0.053912499999999995,0.05375,0.0002534141866589164,0.065,0.066,0.06585,0.066,0.0003570714214271428,0.018000000000000002,0.02125,0.018550000000000004,0.01825,0.0009407443861113393,0.074,0.075,0.07433749999999997,0.07425,0.00024076700355322796,0.01675,0.017,0.0168875,0.017,0.0001243734296383276,0.07725,0.07825,0.07783749999999999,0.07775,0.0002654595072699415,0.04,0.041,0.04030000000000001,0.04,0.0004582575694955844,32,32,2560,10240,51200,False,4064,4
0.069,0.074,0.07209523809523811,0.07200000000000001,0.0009712418121129079,0.02,0.021,0.020750000000000005,0.021,0.00043301270189221973,0.05325,0.05425,0.0535625,0.0535,0.00022185299186623582,0.065,0.066,0.0655,0.0655,0.0005000000000000004,0.02,0.0205,0.0203625,0.0205,0.0001672386020032458,0.0735,0.074,0.0737625,0.07375,0.00018498310733685943,0.01675,0.017,0.0168375,0.01675,0.00011924240017711831,0.077,0.07775,0.07735,0.07725,0.00024238399287081666,0.038,0.041,0.039900000000000005,0.04,0.0007681145747868615,32,32,2560,10240,51200,False,4032,4
0.069,0.07200000000000001,0.0712857142857143,0.07100000000000001,0.0008247860988423233,0.02,0.021,0.020600000000000004,0.021,0.0004898979485566361,0.05275,0.05375,0.053025,0.053,0.0002487468592766552,0.064,0.066,0.06495,0.065,0.00038405728739343076,0.02,0.02075,0.0203375,0.02025,0.0001980372439719359,0.0725,0.07325,0.072925,0.073,0.00019525624189766655,0.0165,0.01675,0.016575,0.0165,0.0001145643923738961,0.07625,0.077,0.07663750000000001,0.076625,0.0002161452058223825,0.038,0.04,0.03910000000000001,0.039,0.0007681145747868615,32,32,2560,10240,51200,False,4000,4
0.068,0.073,0.07114285714285715,0.07100000000000001,0.0010367400503370101,0.02,0.021,0.020500000000000004,0.0205,0.0005000000000000004,0.051500000000000004,0.053,0.0520375,0.052000000000000005,0.00037312028891498005,0.063,0.065,0.06405000000000001,0.064,0.0005894913061275804,0.01825,0.022,0.020200000000000003,0.02125,0.0014845032839303533,0.06675,0.07125000000000001,0.06815000000000002,0.0675,0.0013332291625973397,0.01675,0.01725,0.017025000000000002,0.017,0.00017500000000000016,0.07975,0.0915,0.08853749999999998,0.08925,0.0028540267605612927,0.038,0.04,0.038950000000000005,0.039,0.0007399324293474377,32,32,2560,10240,51200,False,3968,4
0.067,0.07200000000000001,0.07033333333333334,0.07,0.0010389249632986404,0.02,0.021,0.020200000000000003,0.02,0.00040000000000000034,0.053,0.05425,0.0533125,0.05325,0.00026070817018267786,0.063,0.065,0.06405000000000001,0.064,0.0003840572873934307,0.018000000000000002,0.02075,0.018312500000000002,0.01825,0.0005802747194217578,0.07325,0.074,0.0736375,0.073625,0.00018498310733685943,0.01625,0.0165,0.016300000000000002,0.01625,0.00010000000000000007,0.07675,0.0775,0.07723749999999999,0.07725,0.0002011684617428887,0.038,0.04,0.038650000000000004,0.039,0.0006538348415311017,32,32,2560,10240,51200,False,3936,4
0.066,0.07200000000000001,0.06999999999999999,0.07,0.0013451854182690997,0.02,0.02,0.020000000000000004,0.02,3.469446951953614e-18,0.05275,0.05425,0.053125,0.053,0.00031124748994971856,0.063,0.064,0.06349999999999999,0.0635,0.0005000000000000004,0.017750000000000002,0.021,0.01835,0.01825,0.0006585969936159743,0.0725,0.07325,0.072975,0.073,0.0002222048604328899,0.01625,0.0165,0.016262499999999996,0.01625,5.448623679425847e-05,0.07625,0.07725,0.07666250000000002,0.07675,0.00021323402636539996,0.037,0.039,0.03815,0.038,0.0004769696007084732,32,32,2560,10240,51200,False,3904,4
0.065,0.07,0.06895238095238097,0.069,0.0011328930717495553,0.019,0.02,0.019800000000000005,0.02,0.0004000000000000003,0.0525,0.0535,0.05295000000000001,0.053,0.00020310096011589917,0.062,0.064,0.06295,0.063,0.0004974937185533104,0.02025,0.0205,0.020400000000000005,0.0205,0.000122474487139159,0.07275,0.0735,0.0730875,0.073,0.0001815729880791745,0.016,0.016,0.016000000000000004,0.016,3.469446951953614e-18,0.0765,0.07725,0.07683750000000002,0.07675,0.00022741756748325336,0.037,0.039,0.03760000000000001,0.038,0.0005830951894845306,32,32,2560,10240,51200,False,3872,4
0.064,0.07100000000000001,0.06861904761904762,0.068,0.0015267828135125153,0.019,0.021,0.020200000000000003,0.02,0.000509901951359279,0.04875,0.05075,0.04965,0.0495,0.0005556527692723223,0.062,0.064,0.06255,0.0625,0.0005894913061275802,0.0175,0.02125,0.019150000000000004,0.01925,0.00143265487818944,0.06675,0.0685,0.0674375,0.06725,0.0004865375114007145,0.01625,0.01675,0.016375,0.01625,0.00020155644370746392,0.0675,0.08075,0.07401250000000001,0.07400000000000001,0.005722474879805063,0.036000000000000004,0.039,0.03740000000000001,0.038,0.0008602325267042611,32,32,2560,10240,51200,False,3840,4
0.063,0.074,0.07042857142857144,0.07100000000000001,0.0020832993194502243,0.02,0.022,0.020400000000000005,0.02,0.0005830951894845301,0.0505,0.05475,0.0517875,0.051500000000000004,0.0010101825330107415,0.062,0.064,0.06305000000000001,0.063,0.0006689544080129831,0.0175,0.021,0.018475,0.01825,0.000911386306677909,0.06725,0.07100000000000001,0.068125,0.067875,0.0009921567416492224,0.01625,0.0175,0.016587500000000005,0.0165,0.0003089801773577071,0.0675,0.0835,0.07425,0.06975,0.005999999999999999,0.036000000000000004,0.039,0.03720000000000001,0.037,0.0008717797887081331,32,32,2560,10240,51200,False,3808,4
0.063,0.068,0.067,0.067,0.001023532631438319,0.019,0.02,0.019600000000000003,0.02,0.0004898979485566361,0.04975,0.05075,0.05008750000000001,0.05,0.00028804296554507306,0.061,0.063,0.06205000000000001,0.062,0.0003840572873934307,0.01725,0.02,0.0183625,0.0175,0.0011387355926640733,0.06575,0.06675,0.0662375,0.06625,0.00024334902917414754,0.01575,0.01625,0.016025,0.016,0.00010897247358851694,0.067,0.07825,0.0720375,0.06775,0.005123643113059299,0.036000000000000004,0.038,0.03640000000000001,0.036000000000000004,0.0005830951894845275,32,32,2560,10240,51200,False,3776,4
0.062,0.069,0.06676190476190476,0.067,0.0013058389715049617,0.019,0.02,0.019250000000000003,0.019,0.00043301270189221973,0.04925,0.05,0.04965,0.049625,0.00025495097567963945,0.061,0.063,0.061649999999999996,0.062,0.0006538348415311016,0.01725,0.0205,0.018787500000000002,0.018750000000000003,0.0014015058865377622,0.06525,0.066,0.06547499999999999,0.0655,0.00020766559657295203,0.0155,0.01575,0.015675,0.01575,0.0001145643923738961,0.0665,0.078,0.0722125,0.07225000000000001,0.005564550183977136,0.036000000000000004,0.037,0.03640000000000001,0.036000000000000004,0.0004898979485566326,32,32,2560,10240,51200,False,3744,4
0.061,0.069,0.06661904761904762,0.067,0.001463075380546403,0.019,0.02,0.019100000000000002,0.019,0.00030000000000000024,0.04825,0.04975,0.048825,0.04875,0.00035443617196894594,0.059000000000000004,0.061,0.0605,0.061,0.0005916079783099612,0.0175,0.02075,0.019062500000000003,0.019125000000000003,0.001396144243980542,0.063,0.06675,0.064025,0.06375,0.0009902651160169189,0.01575,0.0165,0.015912500000000003,0.015875,0.00019803724397193592,0.06725,0.07875,0.07303749999999999,0.07325000000000001,0.005518873866107104,0.036000000000000004,0.037,0.03625000000000001,0.036000000000000004,0.00043301270189221675,32,32,2560,10240,51200,False,3712,4
0.061,0.067,0.06557142857142859,0.066,0.0011780301787479041,0.018000000000000002,0.02,0.019000000000000006,0.019,0.00031622776601683767,0.0495,0.0505,0.049975000000000006,0.05,0.0002839454172900139,0.059000000000000004,0.062,0.060649999999999996,0.061,0.0008529361054615984,0.01725,0.02075,0.01895,0.018875000000000003,0.0014133294025102565,0.0655,0.06625,0.0658875,0.06575,0.00020116846174288868,0.0155,0.01575,0.01555,0.0155,0.00010000000000000009,0.06675,0.07875,0.0725,0.07250000000000001,0.00553285640514915,0.035,0.037,0.03590000000000001,0.036000000000000004,0.0005385164807134495,32,32,2560,10240,51200,False,3680,4
0.061,0.068,0.0660952380952381,0.066,0.001411003084764673,0.018000000000000002,0.02,0.018950000000000005,0.019,0.0004974937185533094,0.04925,0.05075,0.04975,0.04975,0.00037080992435478346,0.059000000000000004,0.061,0.059899999999999995,0.06,0.0008306623862918052,0.017,0.0205,0.0186,0.018500000000000003,0.001323820229487372,0.06525,0.06675,0.0657375,0.06575,0.00032088744132483617,0.01525,0.016,0.01545,0.0155,0.00018708286933869726,0.06625,0.079,0.0720625,0.071875,0.005558706571676542,0.034,0.037,0.03545000000000001,0.036000000000000004,0.0008046738469715541,32,32,2560,10240,51200,False,3648,4
0.06,0.066,0.06471428571428572,0.065,0.0012399253872658618,0.018000000000000002,0.02,0.018950000000000005,0.019,0.0003840572873934299,0.0495,0.05075,0.0500125,0.05,0.0003007802353878994,0.059000000000000004,0.061,0.05954999999999999,0.0595,0.0005894913061275771,0.01725,0.02075,0.0189625,0.019000000000000003,0.0013044994250669482,0.0655,0.06675,0.0660625,0.066,0.00031499007920885407,0.015,0.0155,0.0152875,0.01525,0.0001634587103827754,0.0665,0.079,0.0725625,0.07250000000000001,0.005749932064816069,0.034,0.036000000000000004,0.03480000000000001,0.035,0.0006782329983125273,32,32,2560,10240,51200,False,3616,4
0.059000000000000004,0.066,0.06419047619047619,0.064,0.0013316315670580533,0.018000000000000002,0.019,0.018600000000000005,0.019,0.0004898979485566344,0.04575,0.047,0.04625,0.04625,0.00034460121880225587,0.057,0.059000000000000004,0.05825000000000001,0.058,0.0005361902647381809,0.01725,0.018000000000000002,0.017575,0.0175,0.00019525624189766655,0.06,0.064,0.06085,0.06075,0.0008674675786448743,0.01525,0.01575,0.015575,0.0155,0.00013919410907075068,0.0655,0.0775,0.0669875,0.066,0.003312358487543278,0.034,0.036000000000000004,0.03480000000000001,0.035,0.0006000000000000006,32,32,2560,10240,51200,False,3584,4
0.058,0.065,0.06342857142857143,0.064,0.001365263922555376,0.018000000000000002,0.019,0.018250000000000006,0.018000000000000002,0.00043301270189221816,0.04725,0.04825,0.047687499999999994,0.04775,0.0002218529918662358,0.057,0.058,0.05775000000000001,0.058,0.0004330127018922197,0.01725,0.017750000000000002,0.0175,0.0175,0.00015811388300841913,0.065,0.066,0.0653875,0.065375,0.00025586861863073423,0.014750000000000001,0.015,0.0149125,0.015,0.00011924240017711748,0.06525,0.0775,0.0684875,0.06575,0.004919651283373648,0.034,0.035,0.034350000000000006,0.034,0.0004769696007084732,32,32,2560,10240,51200,False,3552,4
0.057,0.064,0.06271428571428571,0.063,0.0014190156595953656,0.018000000000000002,0.019,0.018200000000000004,0.018000000000000002,0.00039999999999999893,0.04675,0.04775,0.047125000000000014,0.047,0.0002015564437074639,0.057,0.057,0.056999999999999995,0.057,6.938893903907228e-18,0.017,0.01725,0.017150000000000002,0.01725,0.00012247448713915903,0.06425,0.065,0.0645875,0.0645,0.00018157298807917454,0.014750000000000001,0.015,0.014787499999999999,0.014750000000000001,8.92678553567851e-05,0.06475,0.07675,0.06678750000000001,0.065125,0.004154271145459813,0.033,0.035,0.03405000000000001,0.034,0.0004974937185533105,32,32,2560,10240,51200,False,3520,4
0.057,0.064,0.0626190476190476,0.063,0.0014630753805464013,0.017,0.018000000000000002,0.017950000000000004,0.018000000000000002,0.00021794494717703385,0.04625,0.047,0.0465875,0.046625,0.00021323402636539996,0.056,0.057,0.05665,0.057,0.00047696960070847314,0.017,0.0175,0.017175,0.01725,0.00013919410907075068,0.0635,0.06425,0.0639125,0.064,0.00024076700355322796,0.01425,0.014750000000000001,0.014512500000000001,0.0145,9.601432184835769e-05,0.06375,0.07575,0.06661249999999999,0.0645,0.004480844646938788,0.033,0.035,0.03355000000000001,0.0335,0.0005894913061275802,32,32,2560,10240,51200,False,3488,4
0.056,0.065,0.06314285714285715,0.064,0.001780468485318088,0.018000000000000002,0.019,0.018200000000000004,0.018000000000000002,0.00039999999999999893,0.04525,0.04675,0.04616250000000001,0.04625,0.00033796264586489463,0.056,0.057,0.05620000000000001,0.056,0.0004000000000000003,0.01725,0.021,0.017887500000000004,0.017750000000000002,0.0007478093005573012,0.059000000000000004,0.0615,0.0602,0.06025,0.0004716990566028291,0.014750000000000001,0.01525,0.0149875,0.015,9.601432184835726e-05,0.06575,0.0775,0.0675125,0.066,0.0037553919569067607,0.032,0.033,0.032900000000000006,0.033,0.0003000000000000003,32,32,2560,10240,51200,False,3456,4
0.055,0.062,0.06104761904761905,0.061,0.0015267828135125143,0.018000000000000002,0.018000000000000002,0.018000000000000006,0.018000000000000002,3.469446951953614e-18,0.04675,0.0475,0.04706250000000001,0.047,0.00020728904939721265,0.055,0.057,0.05575,0.056,0.0005361902647381809,0.01725,0.02025,0.017687500000000002,0.0175,0.0008211082449957492,0.06425,0.065,0.0647125,0.06475,0.00018157298807917454,0.01425,0.0145,0.014275000000000001,0.01425,7.500000000000006e-05,0.06475,0.0765,0.0674,0.06525,0.004460521269986277,0.032,0.034,0.03270000000000001,0.033,0.0005567764362830027,32,32,2560,10240,51200,False,3424,4
0.056,0.062,0.0609047619047619,0.061,0.001230747426982865,0.017,0.018000000000000002,0.017650000000000006,0.018000000000000002,0.0004769696007084733,0.0465,0.04775,0.046900000000000004,0.046875,0.00026692695630078304,0.055,0.056,0.0551,0.055,0.00030000000000000024,0.017,0.01725,0.017175000000000003,0.01725,0.0001145643923738961,0.0635,0.06425,0.06391250000000001,0.064,0.00018157298807917454,0.014,0.01425,0.0142125,0.01425,8.926785535678571e-05,0.06425,0.07575,0.06620000000000001,0.0645,0.003912000766871089,0.031,0.034,0.03255000000000001,0.033,0.0006689544080129831,32,32,2560,10240,51200,False,3392,4
0.054,0.062,0.060190476190476204,0.06,0.0017076591501943906,0.017,0.018000000000000002,0.017250000000000005,0.017,0.00043301270189221973,0.0465,0.04725,0.046775,0.04675,0.0002222048604328899,0.054,0.056,0.0546,0.055,0.0005830951894845306,0.01725,0.0175,0.017375000000000005,0.017375,0.0001250000000000001,0.06375,0.0645,0.06403750000000001,0.064,0.0002534141866589164,0.014,0.014,0.014000000000000002,0.014,1.734723475976807e-18,0.06425,0.07625,0.0674,0.065,0.004521061822182923,0.031,0.033,0.03185,0.032,0.0006538348415311016,32,32,2560,10240,51200,False,3360,4
0.053,0.064,0.06028571428571429,0.061,0.001930774755496504,0.017,0.019,0.017300000000000003,0.017,0.0005567764362830021,0.0425,0.04475,0.04313750000000001,0.043000000000000003,0.0004839615170651478,0.054,0.055,0.05450000000000001,0.0545,0.0005000000000000004,0.01525,0.01625,0.015475,0.0155,0.00020766559657295206,0.05675,0.06,0.05742499999999999,0.05725,0.0008295330011518525,0.01425,0.015,0.0144625,0.0145,0.00018157298807917427,0.05525,0.0575,0.0558,0.055625,0.0005567764362830027,0.031,0.033,0.03180000000000001,0.032,0.0006000000000000006,32,32,2560,10240,51200,False,3328,4
0.052000000000000005,0.061,0.059333333333333335,0.06,0.001781741612749494,0.017,0.018000000000000002,0.017200000000000003,0.017,0.00040000000000000034,0.044,0.045,0.04463749999999999,0.04475,0.00023014940799402484,0.053,0.054,0.05395000000000001,0.054,0.00021794494717703385,0.015,0.0155,0.015262499999999998,0.01525,9.601432184835769e-05,0.06175,0.06275,0.06231250000000001,0.06225,0.0002484325864293976,0.01375,0.014,0.013925000000000002,0.014,0.0001145643923738961,0.055,0.056,0.055512500000000006,0.0555,0.00018498310733685943,0.03,0.032,0.031150000000000004,0.031,0.0004769696007084732,32,32,2560,10240,51200,False,3296,4
0.051000000000000004,0.06,0.05833333333333335,0.059000000000000004,0.0017548119783512642,0.017,0.017,0.017000000000000005,0.017,3.469446951953614e-18,0.043750000000000004,0.0445,0.044012499999999996,0.044,0.00018498310733685745,0.053,0.054,0.05355,0.054,0.0004974937185533105,0.015,0.01525,0.0150375,0.015,8.926785535678571e-05,0.06075,0.0615,0.0610875,0.061,0.00021323402636539993,0.0135,0.01375,0.013712499999999999,0.01375,8.926785535678571e-05,0.05475,0.055,0.0548125,0.05475,0.00010825317547305495,0.03,0.032,0.030900000000000004,0.031,0.0005385164807134509,32,32,2560,10240,51200,False,3264,4
0.051000000000000004,0.06,0.05819047619047619,0.058,0.0017893613550529455,0.017,0.017,0.017000000000000005,0.017,3.469446951953614e-18,0.043250000000000004,0.0445,0.04362499999999999,0.043500000000000004,0.0002680951323690889,0.052000000000000005,0.054,0.05295000000000001,0.053,0.00038405728739342903,0.015,0.01525,0.015012500000000002,0.015,5.448623679425846e-05,0.06025,0.06125,0.06074999999999999,0.06075,0.00023717082451262867,0.0135,0.01375,0.013512500000000002,0.0135,5.448623679425846e-05,0.054,0.0545,0.054275,0.05425,0.0001561249499599601,0.03,0.032,0.030700000000000005,0.031,0.0006403124237432854,32,32,2560,10240,51200,False,3232,4
0.051000000000000004,0.059000000000000004,0.05747619047619049,0.058,0.001562020901605402,0.016,0.017,0.016750000000000004,0.017,0.00043301270189221973,0.042,0.043000000000000003,0.042350000000000006,0.04225,0.00026692695630078304,0.051000000000000004,0.053,0.05215000000000001,0.052000000000000005,0.0004769696007084707,0.0155,0.02225,0.018362499999999997,0.01725,0.0027116358070360413,0.05525,0.05625,0.055700000000000006,0.05575,0.0002806243040080459,0.0135,0.01375,0.0137,0.01375,0.0001000000000000001,0.0545,0.055,0.054849999999999996,0.05475,0.00014577379737113264,0.029,0.031,0.030200000000000005,0.03,0.0005099019513592785,32,32,2560,10240,51200,False,3200,4
0.05,0.059000000000000004,0.0572857142857143,0.058,0.001749635530559413,0.015,0.016,0.015950000000000002,0.016,0.00021794494717703385,0.043750000000000004,0.04425,0.044,0.044,0.0001581138830084169,0.051000000000000004,0.052000000000000005,0.05165000000000001,0.052000000000000005,0.0004769696007084733,0.01525,0.01525,0.015249999999999996,0.01525,3.469446951953614e-18,0.061,0.06175,0.0614125,0.0615,0.00022741756748325336,0.01325,0.01325,0.013250000000000001,0.01325,1.734723475976807e-18,0.05425,0.05475,0.05443749999999999,0.0545,0.00015562374497485928,0.029,0.03,0.029400000000000003,0.029,0.0004898979485566344,32,32,2560,10240,51200,False,3168,4
0.049,0.058,0.05642857142857143,0.057,0.0017612611437054218,0.015,0.016,0.015450000000000002,0.015,0.0004974937185533104,0.043000000000000003,0.044,0.043425000000000005,0.043500000000000004,0.0002106537443294082,0.05,0.052000000000000005,0.051050000000000005,0.051000000000000004,0.00038405728739343076,0.015,0.015,0.015000000000000003,0.015,3.469446951953614e-18,0.06,0.06075,0.06039999999999999,0.0605,0.00018371173070873853,0.013000000000000001,0.01325,0.013025000000000004,0.013000000000000001,7.499999999999955e-05,0.054,0.0545,0.05428749999999999,0.05425,0.0001192424001771183,0.028,0.03,0.029150000000000002,0.029,0.000476969600708472,32,32,2560,10240,51200,False,3136,4
0.049,0.057,0.05566666666666668,0.056,0.0016134356520092776,0.015,0.016,0.015100000000000002,0.015,0.00030000000000000024,0.043000000000000003,0.04425,0.043524999999999994,0.043500000000000004,0.00027271780286589216,0.05,0.051000000000000004,0.05045000000000001,0.05,0.0004974937185533104,0.01525,0.01525,0.015249999999999996,0.01525,3.469446951953614e-18,0.06025,0.06075,0.06052500000000001,0.0605,0.00019202864369671535,0.012750000000000001,0.013000000000000001,0.012987500000000003,0.013000000000000001,5.448623679425846e-05,0.05375,0.0545,0.0540625,0.054,0.00022185299186623582,0.028,0.029,0.028850000000000004,0.029,0.0003570714214271428,32,32,2560,10240,51200,False,3104,4
0.049,0.057,0.055619047619047624,0.056,0.0016468206157895795,0.015,0.016,0.015100000000000002,0.015,0.00030000000000000024,0.039,0.04025,0.03937500000000001,0.03925,0.0003211308144666285,0.05,0.052000000000000005,0.05065000000000001,0.051000000000000004,0.0005722761571129804,0.0145,0.02025,0.0167625,0.014625,0.0027231358302515865,0.052000000000000005,0.05375,0.052762500000000004,0.05275,0.00041438961135626914,0.01325,0.0135,0.013287499999999999,0.01325,8.926785535678571e-05,0.05425,0.05475,0.0543,0.05425,0.00012747548783981972,0.028,0.03,0.028350000000000004,0.028,0.0005722761571129798,32,32,2560,10240,51200,False,3072,4
0.048,0.057,0.05485714285714286,0.055,0.001780468485318088,0.015,0.016,0.015050000000000003,0.015,0.00021794494717703385,0.041,0.042,0.041162500000000005,0.041125,0.0002274175674832533,0.049,0.05,0.04960000000000001,0.05,0.000489897948556636,0.01425,0.02025,0.01635,0.0145,0.0026568308188516633,0.05375,0.0545,0.0540625,0.054,0.0002355180460177099,0.012750000000000001,0.013000000000000001,0.012862500000000002,0.012750000000000001,0.0001243734296383276,0.054,0.0545,0.05423750000000001,0.05425,0.0001473728265318951,0.027,0.029,0.028050000000000002,0.028,0.0003840572873934307,32,32,2560,10240,51200,False,3040,4
0.047,0.056,0.054571428571428576,0.055,0.0017880936529065326,0.015,0.016,0.015200000000000002,0.015,0.00040000000000000034,0.04025,0.0415,0.0408625,0.04075,0.0002792288487961087,0.048,0.05,0.04900000000000001,0.049,0.0003162277660168382,0.014,0.01975,0.0164375,0.0145,0.002582241032514199,0.0535,0.054,0.0538,0.05375,0.00015000000000000012,0.012750000000000001,0.013000000000000001,0.012837500000000002,0.012750000000000001,0.0001192424001771183,0.0535,0.05425,0.05395,0.054,0.00020310096011589922,0.027,0.029,0.02765,0.028,0.0006538348415311016,32,32,2560,10240,51200,False,3008,4
0.046,0.055,0.05371428571428573,0.054,0.001855310451312206,0.015,0.015,0.015000000000000003,0.015,3.469446951953614e-18,0.04,0.0405,0.0403125,0.04025,0.0001556237449748593,0.048,0.049,0.04845000000000001,0.048,0.0004974937185533104,0.014,0.02,0.016787500000000004,0.0145,0.002783068225897453,0.0525,0.0535,0.0529625,0.053,0.0003089801773577071,0.0125,0.012750000000000001,0.012600000000000004,0.0125,0.00012247448713915903,0.053,0.0535,0.05325,0.05325,0.00019364916731037104,0.027,0.028,0.02715,0.027,0.0003570714214271428,32,32,2560,10240,51200,False,2976,4
0.047,0.056,0.053285714285714283,0.053,0.0016078040967746796,0.014,0.016,0.015000000000000003,0.015,0.000316227766016838,0.0385,0.04025,0.0392,0.039,0.00047169905660283056,0.048,0.049,0.04860000000000001,0.049,0.000489897948556636,0.01425,0.02025,0.0171875,0.017125,0.002840417002836027,0.04925,0.054,0.0504625,0.05,0.0012330728891675458,0.0125,0.013000000000000001,0.012725000000000004,0.012750000000000001,0.00010897247358851694,0.0535,0.054,0.0537875,0.05375,0.00014306903927824508,0.026000000000000002,0.027,0.026800000000000008,0.027,0.00039999999999999893,32,32,2560,10240,51200,False,2944,4
0.045,0.054,0.05247619047619049,0.053,0.001762548145078261,0.014,0.015,0.014650000000000002,0.015,0.0004769696007084724,0.04025,0.041,0.0405875,0.0405,0.00021323402636539996,0.047,0.049,0.04765000000000001,0.048,0.0006538348415311016,0.014,0.02,0.0170875,0.017125,0.0027661740274248833,0.053,0.0535,0.05323750000000001,0.05325,0.0002011684617428887,0.01225,0.0125,0.012275000000000003,0.01225,7.500000000000007e-05,0.05325,0.05375,0.0534,0.053375,0.00016583123951777014,0.025,0.027,0.026300000000000007,0.026000000000000002,0.0005567764362830012,32,32,2560,10240,51200,False,2912,4
0.045,0.054,0.051857142857142866,0.052000000000000005,0.0016700645635000172,0.014,0.015,0.014350000000000002,0.014,0.0004769696007084724,0.03975,0.04075,0.040137500000000007,0.040125,0.00023014940799402484,0.047,0.048,0.04710000000000001,0.047,0.0003000000000000003,0.014,0.0195,0.0167375,0.01675,0.0026154289801101458,0.0525,0.05325,0.05287499999999999,0.052875,0.00023048861143232238,0.012,0.01225,0.012187500000000002,0.01225,0.00010825317547305492,0.053,0.0535,0.053075000000000004,0.053,0.00013919410907075068,0.025,0.027,0.025650000000000006,0.026000000000000002,0.00057227615711298,32,32,2560,10240,51200,False,2880,4
0.044,0.054,0.05161904761904762,0.052000000000000005,0.0018381199110113135,0.014,0.015,0.014250000000000002,0.014,0.00043301270189221897,0.03975,0.0405,0.040225,0.04025,0.00020766559657295206,0.046,0.048,0.04680000000000001,0.047,0.000509901951359279,0.014,0.02,0.017050000000000003,0.017,0.0027301556732171883,0.0525,0.05325,0.05295,0.053,0.0002318404623873928,0.01175,0.012,0.011937500000000002,0.012,0.00010825317547305492,0.05275,0.05375,0.05305,0.053,0.00023184046238739284,0.025,0.026000000000000002,0.025200000000000007,0.025,0.00040000000000000034,32,32,2560,10240,51200,False,2848,4
0.044,0.053,0.0510952380952381,0.051000000000000004,0.001715607955681127,0.014,0.015,0.014050000000000002,0.014,0.00021794494717703353,0.035500000000000004,0.03775,0.03603750000000001,0.035875000000000004,0.0005770344443791876,0.047,0.048,0.04750000000000001,0.0475,0.0005000000000000004,0.014,0.02,0.017,0.017,0.002754541704167864,0.04825,0.0495,0.048862499999999996,0.04875,0.0003007802353878994,0.012,0.01225,0.012025000000000003,0.012,7.500000000000007e-05,0.05275,0.05375,0.05323750000000001,0.05325,0.0002011684617428887,0.025,0.026000000000000002,0.025050000000000006,0.025,0.00021794494717703388,32,32,2560,10240,51200,False,2816,4
0.043000000000000003,0.051000000000000004,0.05009523809523811,0.05,0.0016591667990651757,0.014,0.015,0.014100000000000001,0.014,0.00029999999999999976,0.03725,0.03825,0.037724999999999995,0.03775,0.00023584952830141528,0.045,0.047,0.04580000000000001,0.046,0.0005099019513592789,0.014,0.01675,0.015112499999999997,0.01425,0.0011923584821688486,0.052000000000000005,0.0525,0.052275,0.05225,0.000174999999999998,0.0115,0.01175,0.011612500000000001,0.0115,0.0001243734296383276,0.05275,0.053,0.0528125,0.05275,0.00010825317547305495,0.024,0.026000000000000002,0.024800000000000006,0.025,0.0005099019513592789,32,32,2560,10240,51200,False,2784,4
0.042,0.051000000000000004,0.049476190476190486,0.05,0.0017893613550529466,0.014,0.014,0.014000000000000002,0.014,1.734723475976807e-18,0.037,0.038,0.037274999999999996,0.03725,0.0002222048604328899,0.045,0.046,0.04530000000000001,0.045,0.0004582575694955844,0.01375,0.0165,0.0148625,0.014,0.0010910860415200994,0.051250000000000004,0.05225,0.05168750000000001,0.051625000000000004,0.0002944804747347433,0.0115,0.01175,0.011537500000000003,0.0115,8.92678553567857e-05,0.05225,0.05275,0.052525,0.0525,0.00013462912017836272,0.023,0.025,0.023800000000000005,0.024,0.0006000000000000006,32,32,2560,10240,51200,False,2752,4
0.041,0.051000000000000004,0.04890476190476191,0.049,0.001874763779526622,0.014,0.015,0.014050000000000002,0.014,0.00021794494717703353,0.03675,0.0375,0.03705000000000001,0.037,0.00018708286933869723,0.044,0.046,0.044750000000000005,0.045,0.0005361902647381809,0.01375,0.01975,0.016512500000000003,0.01425,0.002755080534213111,0.05075,0.052000000000000005,0.05138750000000001,0.051500000000000004,0.0002792288487961087,0.01125,0.0115,0.011350000000000002,0.01125,0.00012247448713915903,0.052000000000000005,0.0525,0.052237500000000006,0.05225,0.00012437342963832565,0.023,0.024,0.023250000000000003,0.023,0.00043301270189221973,32,32,2560,10240,51200,False,2720,4
0.041,0.05,0.048619047619047624,0.049,0.001812028341946709,0.014,0.015,0.014050000000000002,0.014,0.00021794494717703353,0.035500000000000004,0.03725,0.036300000000000006,0.03625,0.00047169905660282785,0.044,0.046,0.04515000000000001,0.045,0.00047696960070847325,0.014,0.02,0.0169625,0.016875,0.0028408570449778006,0.046,0.04975,0.047400000000000005,0.047,0.0011656543226874778,0.01125,0.012,0.011550000000000001,0.0115,0.00015000000000000012,0.0525,0.05425,0.052937500000000005,0.05275,0.0004173951964266004,0.023,0.024,0.023150000000000004,0.023,0.00035707142142714284,32,32,2560,10240,51200,False,2688,4
0.041,0.049,0.04809523809523811,0.048,0.0016591667990651757,0.013000000000000001,0.014,0.013750000000000004,0.014,0.00043301270189221897,0.037,0.03775,0.037274999999999996,0.03725,0.00020766559657295206,0.043000000000000003,0.044,0.043550000000000005,0.044,0.0004974937185533069,0.014,0.01975,0.0168875,0.016875,0.0027402953764147395,0.04725,0.048,0.0474875,0.0475,0.00016723860200324578,0.01125,0.0115,0.011312500000000001,0.01125,0.00010825317547305495,0.05225,0.0525,0.05241250000000001,0.0525,0.00011924240017711831,0.023,0.024,0.023200000000000005,0.023,0.0004000000000000003,32,32,2560,10240,51200,False,2656,4
0.04,0.049,0.04752380952380954,0.048,0.0018157786633273922,0.013000000000000001,0.014,0.013700000000000004,0.014,0.00045825756949558356,0.0365,0.0375,0.036875,0.03675,0.0002436698586202243,0.042,0.043000000000000003,0.04295000000000001,0.043000000000000003,0.00021794494717703385,0.01375,0.01925,0.016300000000000002,0.014,0.0026203530296507755,0.04675,0.0475,0.0471875,0.04725,0.00023551804601770987,0.011,0.01125,0.011187500000000001,0.01125,0.00010825317547305492,0.052000000000000005,0.0525,0.052100000000000014,0.052000000000000005,0.00014577379737112955,0.022,0.023,0.022750000000000003,0.023,0.00043301270189221973,32,32,2560,10240,51200,False,2624,4
0.039,0.05,0.04738095238095239,0.048,0.0020348438684972855,0.013000000000000001,0.014,0.013650000000000004,0.014,0.00047696960070847243,0.03675,0.0375,0.036987500000000006,0.037,0.00018498310733685945,0.041,0.043000000000000003,0.04195000000000001,0.042,0.00038405728739343076,0.01375,0.0195,0.0166875,0.01675,0.002692437325175834,0.04675,0.0475,0.047087500000000004,0.047,0.00024076700355322796,0.011,0.011,0.011000000000000001,0.011,1.734723475976807e-18,0.051750000000000004,0.0525,0.052075,0.052000000000000005,0.00017853571071356855,0.021,0.023,0.021500000000000002,0.021,0.0007416198487095655,32,32,2560,10240,51200,False,2592,4
0.039,0.048,0.046666666666666676,0.047,0.0018082702424807163,0.013000000000000001,0.014,0.013500000000000003,0.013500000000000002,0.0004999999999999995,0.0345,0.035250000000000004,0.034825,0.03475,0.0002633913438213187,0.041,0.043000000000000003,0.04195000000000001,0.042,0.00038405728739343076,0.01375,0.0145,0.014025000000000001,0.014,0.00019202864369671538,0.045,0.04625,0.04554999999999999,0.0455,0.00032210246816812845,0.011,0.01125,0.011075000000000002,0.011,0.0001145643923738961,0.0525,0.05375,0.05295,0.05275,0.00040000000000000034,0.021,0.022,0.021450000000000004,0.021,0.0004974937185533087,32,32,2560,10240,51200,False,2560,4
0.038,0.047,0.04538095238095239,0.046,0.0017313960916855089,0.013000000000000001,0.014,0.013200000000000003,0.013000000000000001,0.00039999999999999964,0.03425,0.035,0.03446249999999999,0.0345,0.00018157298807917454,0.041,0.042,0.04145000000000001,0.041,0.0004974937185533104,0.01375,0.01425,0.01395,0.014,0.00012747548783981975,0.048,0.04875,0.04836250000000001,0.048375,0.0002678035660703571,0.0105,0.010750000000000001,0.010550000000000002,0.0105,0.00010000000000000007,0.05225,0.05275,0.05237499999999999,0.05225,0.00014790199457749055,0.02,0.022,0.021,0.021,0.0003162277660168377,32,32,2560,10240,51200,False,2528,4
0.038,0.046,0.04538095238095239,0.046,0.0017036708399998399,0.013000000000000001,0.014,0.013150000000000004,0.013000000000000001,0.0003570714214271422,0.0335,0.0345,0.034037500000000005,0.034,0.00021323402636539993,0.04,0.042,0.041150000000000006,0.041,0.0004769696007084732,0.0135,0.014,0.013837500000000003,0.01375,0.0001634587103827754,0.04775,0.0485,0.04805,0.048,0.00021794494717703388,0.0105,0.0105,0.010500000000000002,0.0105,1.734723475976807e-18,0.052000000000000005,0.0525,0.0522,0.05225,0.000127475487839817,0.02,0.022,0.020900000000000002,0.021,0.0004358898943540674,32,32,2560,10240,51200,False,2496,4
0.038,0.046,0.044428571428571435,0.045,0.0015605685341118036,0.013000000000000001,0.014,0.013100000000000004,0.013000000000000001,0.00029999999999999976,0.0335,0.03425,0.03382500000000001,0.03375,0.00019525624189766652,0.04,0.041,0.04055000000000001,0.041,0.0004974937185533104,0.0135,0.014,0.013812500000000002,0.01375,0.0001556237449748593,0.0475,0.048,0.04769999999999999,0.04775,0.00020310096011589917,0.01025,0.0105,0.010275000000000003,0.01025,7.500000000000007e-05,0.052000000000000005,0.05225,0.052050000000000006,0.052000000000000005,9.99999999999973e-05,0.02,0.021,0.020150000000000005,0.02,0.00035707142142714284,32,32,2560,10240,51200,False,2464,4
0.037,0.046,0.04438095238095239,0.045,0.001731396091685509,0.013000000000000001,0.013000000000000001,0.013000000000000003,0.013000000000000001,1.734723475976807e-18,0.03275,0.03425,0.03337500000000001,0.03325,0.00042204857540335366,0.04,0.042,0.04095000000000001,0.041,0.0004974937185533104,0.01225,0.0155,0.01395,0.014,0.001415538766689206,0.04275,0.0455,0.043725,0.043500000000000004,0.0008173891362135887,0.01025,0.0105,0.010475000000000002,0.0105,7.500000000000007e-05,0.049,0.0615,0.054862499999999995,0.05437500000000001,0.005394137442631582,0.019,0.021,0.019350000000000003,0.019,0.0005722761571129803,32,32,2560,10240,51200,False,2432,4
0.036000000000000004,0.045,0.043523809523809534,0.044,0.0018157786633273905,0.013000000000000001,0.013000000000000001,0.013000000000000003,0.013000000000000001,1.734723475976807e-18,0.03375,0.0345,0.03397500000000001,0.034,0.00017500000000000013,0.039,0.04,0.03950000000000001,0.0395,0.0005000000000000004,0.012750000000000001,0.01575,0.014000000000000002,0.013625,0.0011645814698852113,0.0415,0.0445,0.043175,0.043000000000000003,0.0008518362518700394,0.01025,0.0105,0.010337500000000003,0.01025,0.0001192424001771183,0.049,0.06075,0.052725,0.050625,0.0039472300414341195,0.019,0.02,0.019100000000000002,0.019,0.00030000000000000024,32,32,2560,10240,51200,False,2400,4
0.035,0.044,0.04257142857142858,0.043000000000000003,0.0017880936529065317,0.013000000000000001,0.013000000000000001,0.013000000000000003,0.013000000000000001,1.734723475976807e-18,0.03325,0.034,0.033487499999999996,0.0335,0.00018498310733685943,0.039,0.04,0.03925000000000001,0.039,0.0004330127018922198,0.013000000000000001,0.01575,0.014087500000000003,0.013375,0.001052600945277934,0.04275,0.0465,0.0450375,0.045125,0.0008883798455615705,0.01,0.01025,0.010062500000000002,0.01,0.00010825317547305493,0.0495,0.0605,0.0525375,0.051750000000000004,0.002880185540898362,0.019,0.019,0.019000000000000003,0.019,3.469446951953614e-18,32,32,2560,10240,51200,False,2368,4
0.035,0.044,0.04290476190476191,0.043000000000000003,0.0018232561637215843,0.012,0.013000000000000001,0.012750000000000003,0.013000000000000001,0.0004330127018922198,0.03325,0.034,0.033675,0.03375,0.00016007810593582136,0.038,0.039,0.03875000000000001,0.039,0.0004330127018922197,0.012750000000000001,0.01625,0.014549999999999999,0.01475,0.001307669683062202,0.0425,0.047,0.0448125,0.04475,0.0010273600877978466,0.00975,0.01,0.009912500000000001,0.01,0.00011924240017711833,0.05025,0.06275,0.05645,0.056499999999999995,0.005181457323958191,0.019,0.019,0.019000000000000003,0.019,3.469446951953614e-18,32,32,2560,10240,51200,False,2336,4
0.035,0.044,0.0420952380952381,0.042,0.001770250504327724,0.012,0.013000000000000001,0.012950000000000003,0.013000000000000001,0.00021794494717703385,0.03125,0.03175,0.031412499999999996,0.0315,0.00016345871038277542,0.037,0.039,0.038250000000000006,0.038,0.0005361902647381809,0.011,0.014,0.012512500000000001,0.012625,0.0013450720240938776,0.03925,0.0415,0.0401125,0.04,0.000567202565226922,0.01,0.01025,0.010050000000000002,0.01,0.00010000000000000007,0.0405,0.05225,0.04590000000000001,0.04125,0.005396410844255653,0.018000000000000002,0.019,0.018700000000000005,0.019,0.0004582575694955828,32,32,2560,10240,51200,False,2304,4
0.034,0.043000000000000003,0.04176190476190477,0.042,0.0018747637795266218,0.012,0.013000000000000001,0.012850000000000004,0.013000000000000001,0.0003570714214271428,0.03075,0.0315,0.031125000000000003,0.031,0.00018540496217739173,0.037,0.038,0.037750000000000006,0.038,0.0004330127018922197,0.011,0.01375,0.012412500000000003,0.012375,0.001217772043528673,0.04025,0.04125,0.0406875,0.04075,0.0002836701429477557,0.00975,0.00975,0.009750000000000002,0.00975,1.734723475976807e-18,0.04025,0.051750000000000004,0.046,0.046,0.0054285126876521175,0.017,0.019,0.018300000000000004,0.018000000000000002,0.0005567764362830012,32,32,2560,10240,51200,False,2272,4
0.034,0.043000000000000003,0.04100000000000001,0.041,0.0016903085094570334,0.012,0.013000000000000001,0.012900000000000003,0.013000000000000001,0.00030000000000000024,0.0305,0.03175,0.0309875,0.031,0.00025586861863073423,0.037,0.038,0.03760000000000001,0.038,0.000489897948556636,0.011,0.0135,0.012287500000000003,0.01225,0.0010933749356922355,0.04,0.0415,0.04045,0.0405,0.00029154759474226533,0.0095,0.00975,0.009662500000000001,0.00975,0.00011924240017711831,0.04025,0.05075,0.045537499999999995,0.0455,0.005163740770991512,0.017,0.019,0.018000000000000006,0.018000000000000002,0.0007071067811865469,32,32,2560,10240,51200,False,2240,4
0.033,0.043000000000000003,0.04061904761904763,0.041,0.0018381199110113129,0.012,0.013000000000000001,0.012850000000000004,0.013000000000000001,0.0003570714214271428,0.0305,0.031,0.030699999999999995,0.03075,0.00018708286933869726,0.036000000000000004,0.038,0.037000000000000005,0.037,0.0003162277660168371,0.011,0.014,0.012425000000000002,0.012375,0.0013064742630453923,0.03975,0.0405,0.040025,0.04,0.00022220486043288994,0.00925,0.0095,0.009425000000000001,0.0095,0.00011456439237389609,0.03975,0.051250000000000004,0.045387500000000004,0.045375,0.005539333782143843,0.017,0.018000000000000002,0.017250000000000005,0.017,0.00043301270189221973,32,32,2560,10240,51200,False,2208,4
0.033,0.041,0.03985714285714287,0.04,0.0016413036132965795,0.012,0.013000000000000001,0.012600000000000004,0.013000000000000001,0.0004898979485566361,0.03,0.0315,0.03055,0.0305,0.0004513867521316951,0.037,0.038,0.03730000000000001,0.037,0.0004582575694955844,0.011,0.014,0.012350000000000003,0.01225,0.001356465996625054,0.03875,0.04025,0.0394,0.039375,0.0005024937810560449,0.00925,0.0095,0.009362500000000001,0.00925,0.0001243734296383276,0.04025,0.051500000000000004,0.045812500000000006,0.045875,0.005465159535640292,0.017,0.018000000000000002,0.017100000000000004,0.017,0.00030000000000000024,32,32,2560,10240,51200,False,2176,4
0.032,0.041,0.039095238095238107,0.039,0.0016876233473018427,0.012,0.013000000000000001,0.012450000000000003,0.012,0.0004974937185533104,0.03,0.0315,0.0306875,0.0305,0.00040214269855363564,0.036000000000000004,0.038,0.037050000000000013,0.037,0.000497493718553309,0.011,0.014,0.012412500000000003,0.012375,0.0012203355071454735,0.03975,0.04075,0.04012500000000001,0.04025,0.0002304886114323224,0.009000000000000001,0.00925,0.009175000000000003,0.00925,0.00011456439237389531,0.03975,0.051500000000000004,0.0455375,0.0455,0.005516041945997149,0.017,0.018000000000000002,0.017100000000000004,0.017,0.00030000000000000024,32,32,2560,10240,51200,False,2144,4
0.032,0.04,0.03895238095238096,0.039,0.0016176464525202883,0.012,0.013000000000000001,0.012450000000000003,0.012,0.0004974937185533104,0.03125,0.0325,0.031674999999999995,0.0315,0.0004115519408288585,0.035,0.037,0.03590000000000001,0.036000000000000004,0.00043588989435406684,0.010750000000000001,0.0135,0.012062500000000002,0.012,0.001221871003829782,0.0395,0.04,0.039674999999999995,0.039625,0.00019525624189766652,0.009000000000000001,0.009000000000000001,0.009000000000000003,0.009000000000000001,1.734723475976807e-18,0.0395,0.051000000000000004,0.045024999999999996,0.044875,0.005330865314374394,0.016,0.017,0.016950000000000003,0.017,0.00021794494717703385,32,32,2560,10240,51200,False,2112,4
0.032,0.039,0.038095238095238106,0.038,0.0014443572274383902,0.012,0.013000000000000001,0.012250000000000002,0.012,0.0004330127018922198,0.03025,0.031,0.030512499999999998,0.0305,0.00016723860200324578,0.033,0.035,0.03415000000000001,0.034,0.0005722761571129803,0.011,0.01375,0.012350000000000003,0.01225,0.0012077872329181165,0.0395,0.0405,0.039900000000000005,0.04,0.0002423839928708167,0.00875,0.009000000000000001,0.008775000000000002,0.00875,7.500000000000006e-05,0.0395,0.05075,0.04517500000000001,0.045125,0.005328050769277636,0.016,0.017,0.016650000000000005,0.017,0.0004769696007084733,32,32,2560,10240,51200,False,2080,4
0.031,0.038,0.037238095238095244,0.038,0.0014769583256448399,0.012,0.013000000000000001,0.012200000000000003,0.012,0.00040000000000000034,0.02775,0.02875,0.028112500000000002,0.028,0.00020116846174288868,0.033,0.035,0.03405000000000001,0.034,0.0004974937185533105,0.010750000000000001,0.01125,0.011125000000000001,0.01125,0.00014790199457749033,0.036000000000000004,0.038,0.0368,0.03675,0.0005396758286230715,0.00875,0.009000000000000001,0.008937500000000003,0.009000000000000001,0.00010825317547305492,0.0395,0.0405,0.040075,0.040125,0.00023848480035423662,0.016,0.017,0.016800000000000002,0.017,0.00040000000000000034,32,32,2560,10240,51200,False,2048,4
0.031,0.04,0.03785714285714287,0.038,0.0017535192990020927,0.012,0.013000000000000001,0.012150000000000003,0.012,0.0003570714214271428,0.02775,0.0285,0.028025000000000005,0.028,0.00020766559657295206,0.033,0.035,0.03400000000000001,0.034,0.0003162277660168382,0.010750000000000001,0.011,0.010912500000000002,0.011,0.00011924240017711748,0.03625,0.0385,0.0371625,0.037125,0.000703895411265055,0.00875,0.009000000000000001,0.008825000000000003,0.00875,0.0001145643923738961,0.03975,0.04025,0.039862499999999995,0.03975,0.0001672386020032458,0.015,0.017,0.016300000000000002,0.016,0.0005567764362830027,32,32,2560,10240,51200,False,2048,4
0.031,0.038,0.03700000000000001,0.037,0.001414213562373095,0.012,0.013000000000000001,0.012150000000000003,0.012,0.0003570714214271428,0.02725,0.02825,0.0276375,0.02775,0.00021614520582238246,0.033,0.035,0.03380000000000001,0.034,0.000509901951359279,0.0105,0.011,0.010812500000000001,0.010750000000000001,0.00015562374497485855,0.0365,0.0375,0.03673749999999999,0.03675,0.00021614520582238246,0.0085,0.00875,0.008625000000000002,0.008625,0.00012500000000000014,0.03925,0.04,0.039575,0.0395,0.00022500000000000018,0.016,0.017,0.016150000000000005,0.016,0.00035707142142714284,32,32,2560,10240,51200,False,2032,4
0.03,0.039,0.03723809523809525,0.037,0.0017431433540688694,0.012,0.013000000000000001,0.012050000000000002,0.012,0.00021794494717703388,0.02725,0.028,0.0275625,0.0275,0.0001916213714594488,0.033,0.034,0.033600000000000005,0.034,0.0004898979485566361,0.010750000000000001,0.011,0.010875000000000001,0.010875,0.00012499999999999922,0.036000000000000004,0.03725,0.03649999999999999,0.0365,0.0002499999999999995,0.0085,0.00875,0.008525000000000001,0.0085,7.500000000000006e-05,0.039,0.03975,0.0394125,0.0395,0.00021323402636539996,0.016,0.017,0.016200000000000003,0.016,0.00040000000000000034,32,32,2560,10240,51200,False,2016,4
0.03,0.038,0.03642857142857144,0.037,0.001590789817951434,0.012,0.013000000000000001,0.012100000000000003,0.012,0.00030000000000000024,0.0275,0.0285,0.027850000000000003,0.02775,0.00022912878474779219,0.033,0.034,0.033150000000000006,0.033,0.00035707142142714284,0.010750000000000001,0.011,0.010887500000000001,0.011,0.00012437342963832673,0.0365,0.0375,0.036825,0.03675,0.0002106537443294092,0.0085,0.00875,0.008525000000000001,0.0085,7.500000000000006e-05,0.03925,0.03975,0.039549999999999995,0.0395,0.00016955824957813186,0.016,0.016,0.016000000000000004,0.016,3.469446951953614e-18,32,32,2560,10240,51200,False,2000,4
0.03,0.037,0.03638095238095239,0.037,0.001495268425534055,0.012,0.012,0.012000000000000002,0.012,1.734723475976807e-18,0.0275,0.02825,0.027800000000000002,0.02775,0.00018708286933869726,0.032,0.034,0.03300000000000001,0.033,0.00044721359549995833,0.010750000000000001,0.01375,0.011012500000000001,0.010750000000000001,0.0006445686542176867,0.0365,0.0375,0.036724999999999994,0.03675,0.00024874685927665525,0.00825,0.0085,0.008475000000000002,0.0085,7.500000000000007e-05,0.03925,0.03975,0.03961249999999999,0.03975,0.0001672386020032458,0.015,0.016,0.015750000000000004,0.016,0.00043301270189221973,32,32,2560,10240,51200,False,1984,4
0.03,0.037,0.0361904761904762,0.036000000000000004,0.0014677176197545176,0.012,0.013000000000000001,0.012200000000000003,0.012,0.00040000000000000034,0.02725,0.028,0.0275375,0.0275,0.0001980372439719359,0.032,0.033,0.03275000000000001,0.033,0.0004330127018922197,0.0105,0.011,0.0108,0.010750000000000001,0.00016955824957813116,0.03625,0.037,0.036449999999999996,0.0365,0.00021794494717703388,0.00825,0.0085,0.008275000000000001,0.00825,7.500000000000006e-05,0.03875,0.03975,0.039224999999999996,0.03925,0.000261007662722764,0.015,0.016,0.015600000000000003,0.016,0.0004898979485566361,32,32,2560,10240,51200,False,1968,4
0.03,0.038,0.03604761904761906,0.036000000000000004,0.0014952684255340552,0.012,0.013000000000000001,0.012050000000000002,0.012,0.0002179449471770339,0.02725,0.028,0.027537500000000003,0.0275,0.00019803724397193594,0.032,0.033,0.032400000000000005,0.032,0.000489897948556636,0.010750000000000001,0.011,0.010875000000000001,0.010875,0.00012499999999999922,0.03625,0.0375,0.03648749999999999,0.0365,0.0002678035660703571,0.00825,0.00825,0.008250000000000002,0.00825,1.734723475976807e-18,0.039,0.03975,0.03935,0.03925,0.00016583123951777014,0.015,0.016,0.015350000000000003,0.015,0.00047696960070847314,32,32,2560,10240,51200,False,1952,4
0.029,0.037,0.03557142857142858,0.036000000000000004,0.0015907898179514349,0.012,0.013000000000000001,0.012050000000000002,0.012,0.0002179449471770339,0.0275,0.0285,0.027912500000000007,0.028,0.0002654595072699415,0.031,0.033,0.032100000000000004,0.032,0.0005385164807134509,0.010750000000000001,0.01125,0.011000000000000001,0.011,0.00017677669529663644,0.03675,0.038,0.03699999999999999,0.037,0.0002738612787525833,0.008,0.00825,0.008237500000000002,0.00825,5.448623679425846e-05,0.0395,0.04025,0.039850000000000003,0.03975,0.00021505813167606587,0.015,0.017,0.015400000000000002,0.015,0.0005830951894845304,32,32,2560,10240,51200,False,1936,4
0.029,0.036000000000000004,0.03523809523809525,0.036000000000000004,0.0014769583256448407,0.012,0.013000000000000001,0.012200000000000003,0.012,0.00040000000000000034,0.02675,0.02825,0.027225000000000006,0.02725,0.0003436931771216883,0.032,0.033,0.03275000000000001,0.033,0.0004330127018922197,0.010750000000000001,0.011,0.0108625,0.010750000000000001,0.00012437342963832676,0.034,0.035250000000000004,0.034300000000000004,0.03425,0.00025739075352467525,0.00825,0.0085,0.008287500000000001,0.00825,8.926785535678571e-05,0.0395,0.04025,0.03969999999999999,0.03975,0.00021794494717703388,0.015,0.016,0.015200000000000002,0.015,0.00040000000000000034,32,32,2560,10240,51200,False,1920,4
0.029,0.036000000000000004,0.03504761904761906,0.035,0.0014630753805464024,0.012,0.012,0.012000000000000002,0.012,1.734723475976807e-18,0.02625,0.02825,0.027225000000000006,0.02725,0.0004602988159880496,0.032,0.033,0.03245000000000001,0.032,0.0004974937185533104,0.0105,0.011,0.010775000000000002,0.010750000000000001,0.00019202864369671468,0.03375,0.035500000000000004,0.034112500000000004,0.034,0.00036635877224382147,0.008,0.00825,0.008212500000000001,0.00825,8.926785535678571e-05,0.039,0.03975,0.0393875,0.0395,0.00018498310733685945,0.015,0.016,0.015200000000000002,0.015,0.00040000000000000034,32,32,2560,10240,51200,False,1904,4
0.029,0.036000000000000004,0.03457142857142858,0.035,0.00132992762321609,0.012,0.012,0.012000000000000002,0.012,1.734723475976807e-18,0.027,0.02875,0.027600000000000003,0.0275,0.0005024937810560449,0.031,0.033,0.03225000000000001,0.032,0.0005361902647381809,0.0105,0.011,0.010850000000000002,0.010750000000000001,0.00014577379737113182,0.0335,0.03475,0.0338,0.03375,0.00026925824035672544,0.008,0.00825,0.008025000000000001,0.008,7.500000000000006e-05,0.03875,0.0395,0.03905,0.039,0.00015000000000000012,0.015,0.016,0.015100000000000002,0.015,0.00030000000000000024,32,32,2560,10240,51200,False,1888,4
0.028,0.036000000000000004,0.03400000000000001,0.034,0.0014474937289114924,0.012,0.012,0.012000000000000002,0.012,1.734723475976807e-18,0.027,0.029750000000000002,0.028175000000000006,0.028125,0.0005921359641163511,0.031,0.033,0.03180000000000001,0.032,0.000509901951359279,0.010750000000000001,0.011,0.0108625,0.010750000000000001,0.00012437342963832676,0.03375,0.035,0.03412500000000001,0.034125,0.0002904737509655565,0.008,0.00825,0.008100000000000001,0.008,0.000122474487139159,0.039,0.03975,0.039412499999999996,0.039375,0.00021323402636539996,0.015,0.015,0.015000000000000003,0.015,3.469446951953614e-18,32,32,2560,10240,51200,False,1872,4
0.028,0.036000000000000004,0.0341904761904762,0.034,0.0014998110236212983,0.011,0.012,0.011950000000000002,0.012,0.00021794494717703385,0.028,0.03,0.0286375,0.0285,0.0005560744104883806,0.031,0.032,0.0316,0.032,0.0004898979485566361,0.010750000000000001,0.011,0.0108625,0.010750000000000001,0.00012437342963832676,0.0335,0.03475,0.03391249999999999,0.033875,0.0002534141866589164,0.008,0.008,0.008000000000000002,0.008,1.734723475976807e-18,0.03925,0.03975,0.03951249999999999,0.0395,0.00018498310733685945,0.015,0.016,0.015050000000000003,0.015,0.00021794494717703385,32,32,2560,10240,51200,False,1856,4
0.028,0.035,0.03385714285714286,0.034,0.0013899542399358502,0.011,0.012,0.011950000000000002,0.012,0.00021794494717703385,0.02725,0.029,0.028175000000000006,0.028125,0.00046837484987988026,0.031,0.032,0.03175000000000001,0.032,0.0004330127018922197,0.0105,0.011,0.0107375,0.010750000000000001,0.00012437342963832724,0.0335,0.035,0.033850000000000005,0.03375,0.0003297726489568233,0.00775,0.008,0.007862500000000001,0.00775,0.0001243734296383276,0.03875,0.03925,0.038987499999999994,0.039,0.0002011684617428887,0.014,0.015,0.014950000000000001,0.015,0.00021794494717703347,32,32,2560,10240,51200,False,1840,4
0.028,0.035,0.033619047619047625,0.034,0.0013619380615309618,0.011,0.012,0.011850000000000003,0.012,0.00035707142142714284,0.0285,0.031,0.029637500000000004,0.029500000000000002,0.0006298561343672053,0.03,0.031,0.030550000000000004,0.031,0.0004974937185533105,0.0105,0.011,0.010762500000000001,0.010750000000000001,0.00014737282653189455,0.03325,0.03475,0.033762499999999994,0.03375,0.00030078023538789933,0.00775,0.00775,0.007750000000000002,0.00775,1.734723475976807e-18,0.039,0.0395,0.0392375,0.03925,0.00012437342963832762,0.014,0.015,0.014650000000000002,0.015,0.0004769696007084724,32,32,2560,10240,51200,False,1824,4
0.028,0.035,0.033380952380952386,0.034,0.001326513169255631,0.011,0.012,0.011950000000000002,0.012,0.00021794494717703385,0.0275,0.02825,0.027812500000000007,0.02775,0.00017455300054711192,0.03,0.031,0.030500000000000006,0.0305,0.0005000000000000004,0.010750000000000001,0.011,0.010900000000000002,0.011,0.00012247448713915816,0.034,0.035500000000000004,0.034300000000000004,0.03425,0.00032210246816812834,0.00775,0.008,0.0077750000000000015,0.00775,7.500000000000006e-05,0.03925,0.04,0.039650000000000005,0.03975,0.00020000000000000017,0.014,0.015,0.014250000000000002,0.014,0.00043301270189221897,32,32,2560,10240,51200,False,1808,4
0.027,0.034,0.033142857142857154,0.033,0.001456862718169368,0.011,0.012,0.011650000000000002,0.012,0.00047696960070847325,0.0245,0.025,0.0247,0.02475,0.00012747548783981972,0.03,0.031,0.030100000000000005,0.03,0.00030000000000000024,0.010750000000000001,0.011,0.0108625,0.010750000000000001,0.00012437342963832676,0.03275,0.034,0.033287500000000005,0.03325,0.0003731202889149828,0.0075,0.008,0.007737500000000001,0.00775,9.601432184835769e-05,0.03925,0.03975,0.039425,0.0395,0.00017853571071357142,0.014,0.015,0.014150000000000001,0.014,0.00035707142142714214,32,32,2560,10240,51200,False,1792,4
0.027,0.034,0.032904761904761916,0.033,0.0014110030847646726,0.011,0.012,0.011800000000000001,0.012,0.00040000000000000034,0.024,0.025,0.024350000000000004,0.02425,0.00020000000000000017,0.029,0.031,0.030150000000000003,0.03,0.0004769696007084728,0.0105,0.011,0.010725000000000002,0.010750000000000001,0.00013462912017836237,0.03275,0.034,0.03305,0.033,0.00026925824035672544,0.0075,0.00775,0.007512500000000001,0.0075,5.448623679425847e-05,0.039,0.0395,0.039175,0.03925,0.00017853571071357142,0.014,0.015,0.014100000000000001,0.014,0.00029999999999999976,32,32,2560,10240,51200,False,1776,4
0.027,0.034,0.032619047619047624,0.033,0.0013619380615309618,0.011,0.012,0.011600000000000003,0.012,0.0004898979485566361,0.02425,0.02475,0.024375,0.02425,0.00016770509831248438,0.029,0.031,0.029800000000000004,0.03,0.0005099019513592776,0.010750000000000001,0.01325,0.011012500000000001,0.011,0.0005272274177240782,0.03275,0.0335,0.033037500000000004,0.033,0.00021323402636539996,0.00725,0.0075,0.007325000000000001,0.00725,0.0001145643923738957,0.03875,0.0395,0.0390625,0.039,0.00020728904939721265,0.014,0.015,0.014150000000000001,0.014,0.00035707142142714214,32,32,2560,10240,51200,False,1760,4
0.027,0.034,0.032380952380952385,0.033,0.001326513169255631,0.011,0.013000000000000001,0.011700000000000002,0.012,0.0005567764362830027,0.02425,0.025,0.024675000000000002,0.02475,0.00017853571071357142,0.029,0.03,0.029800000000000004,0.03,0.000399999999999999,0.010750000000000001,0.011,0.010875000000000001,0.010875,0.00012499999999999922,0.033,0.034,0.033350000000000005,0.03325,0.00022912878474779219,0.00725,0.0075,0.007362500000000001,0.00725,0.00012437342963832716,0.03925,0.03975,0.039549999999999995,0.0395,0.00018708286933869723,0.014,0.015,0.014050000000000002,0.014,0.00021794494717703353,32,32,2560,10240,51200,False,1744,4
0.026000000000000002,0.033,0.031666666666666676,0.032,0.0013569339855976192,0.011,0.012,0.011700000000000002,0.012,0.0004582575694955844,0.02425,0.025,0.0245375,0.0245,0.0001980372439719359,0.029,0.03,0.029350000000000005,0.029,0.00047696960070847157,0.010750000000000001,0.011,0.0108625,0.010750000000000001,0.00012437342963832676,0.033,0.03425,0.0332,0.03325,0.0002806243040080459,0.00725,0.0075,0.007275000000000001,0.00725,7.49999999999998e-05,0.03925,0.03975,0.0394,0.039375,0.00016583123951777014,0.014,0.015,0.014150000000000001,0.014,0.00035707142142714214,32,32,2560,10240,51200,False,1728,4
0.026000000000000002,0.033,0.031904761904761915,0.032,0.0014110030847646717,0.011,0.012,0.011400000000000002,0.011,0.000489897948556636,0.02375,0.025,0.024175000000000002,0.02425,0.00023848480035423662,0.029,0.03,0.029250000000000005,0.029,0.0004330127018922182,0.0105,0.011,0.010725000000000002,0.010750000000000001,0.00015612494995995965,0.0325,0.03375,0.032850000000000004,0.03275,0.00025495097567963945,0.007,0.00725,0.007212500000000001,0.00725,8.92678553567857e-05,0.03875,0.0395,0.038975,0.039,0.00017500000000000016,0.013000000000000001,0.015,0.014000000000000002,0.014,0.0003162277660168377,32,32,2560,10240,51200,False,1712,4
0.026000000000000002,0.032,0.03157142857142858,0.032,0.0012936264483053449,0.011,0.012,0.011750000000000002,0.012,0.0004330127018922198,0.024,0.0245,0.0243875,0.0245,0.00014737282653189506,0.028,0.03,0.028950000000000004,0.029,0.00038405728739343033,0.010750000000000001,0.01375,0.0109875,0.010750000000000001,0.0006445686542176868,0.0325,0.03375,0.033000000000000015,0.033,0.00029580398915498104,0.007,0.00725,0.0070750000000000006,0.007,0.0001145643923738961,0.03875,0.0395,0.0391875,0.03925,0.00020728904939721265,0.013000000000000001,0.015,0.014000000000000002,0.014,0.0003162277660168377,32,32,2560,10240,51200,False,1696,4
0.026000000000000002,0.032,0.031047619047619053,0.031,0.0012140522651411388,0.011,0.012,0.011250000000000001,0.011,0.0004330127018922198,0.02425,0.025,0.02465,0.02475,0.00016583123951777014,0.028,0.03,0.028800000000000003,0.029,0.0005999999999999998,0.010750000000000001,0.011,0.010887500000000001,0.011,0.00012437342963832673,0.033,0.03425,0.0334,0.0335,0.00025495097567963945,0.007,0.00725,0.007062500000000001,0.007,0.00010825317547305493,0.03925,0.04025,0.03965,0.039625,0.00021505813167606587,0.013000000000000001,0.014,0.013900000000000004,0.014,0.00029999999999999976,32,32,2560,10240,51200,False,1680,4
0.026000000000000002,0.032,0.030666666666666672,0.031,0.0011683661091795518,0.011,0.012,0.011250000000000001,0.011,0.0004330127018922198,0.02375,0.02525,0.0244,0.024375,0.00047696960070847325,0.029,0.031,0.029500000000000005,0.029,0.0005916079783099605,0.00925,0.00975,0.009500000000000001,0.0095,0.00011180339887498958,0.0305,0.0325,0.031450000000000006,0.03125,0.000539675828623073,0.00725,0.0075,0.007262500000000001,0.00725,5.448623679425829e-05,0.034,0.035,0.034575,0.0345,0.00035443617196894594,0.013000000000000001,0.014,0.013950000000000004,0.014,0.00021794494717703353,32,32,2560,10240,51200,False,1664,4
0.025,0.032,0.030714285714285722,0.031,0.0013502330360721736,0.011,0.012,0.011200000000000002,0.011,0.00040000000000000034,0.0235,0.025500000000000002,0.0242625,0.02425,0.0005152365961381242,0.029,0.03,0.029250000000000005,0.029,0.0004330127018922182,0.0095,0.00975,0.009562500000000002,0.0095,0.00010825317547305493,0.03075,0.03225,0.031525000000000004,0.031625,0.000417582327212252,0.007,0.00725,0.007112500000000001,0.007,0.0001243734296383276,0.034,0.035500000000000004,0.0346625,0.034625,0.0003089801773577071,0.013000000000000001,0.014,0.013500000000000003,0.013500000000000002,0.0004999999999999995,32,32,2560,10240,51200,False,1648,4
0.025,0.031,0.030476190476190483,0.031,0.0012953781436890897,0.011,0.012,0.011100000000000002,0.011,0.00030000000000000024,0.02425,0.025750000000000002,0.024862500000000003,0.02475,0.0003663587722438214,0.028,0.029,0.028800000000000003,0.029,0.00040000000000000034,0.0095,0.01,0.009800000000000001,0.00975,0.00018708286933869726,0.031,0.033,0.031875,0.03175,0.0005092887196865845,0.007,0.00725,0.007025000000000001,0.007,7.500000000000006e-05,0.0345,0.035,0.03475000000000001,0.03475,0.00019364916731037104,0.012,0.014,0.013300000000000003,0.013000000000000001,0.000556776436283002,32,32,2560,10240,51200,False,1632,4
0.025,0.031,0.02995238095238096,0.03,0.0011741740958036144,0.011,0.012,0.011100000000000002,0.011,0.00030000000000000024,0.02475,0.027,0.025425000000000003,0.02525,0.0005760859310901452,0.027,0.029,0.027950000000000003,0.028,0.0005894913061275802,0.01,0.0105,0.010162500000000001,0.01025,0.0001430690392782451,0.03175,0.03425,0.0328,0.032875,0.0006304760106459252,0.00675,0.007,0.006987500000000001,0.007,5.448623679425846e-05,0.035500000000000004,0.037,0.036250000000000004,0.03625,0.0004031128874149251,0.012,0.014,0.012900000000000003,0.013000000000000001,0.0004358898943540675,32,32,2560,10240,51200,False,1616,4
0.025,0.031,0.029857142857142863,0.03,0.0011248582677159725,0.011,0.012,0.01105,0.011,0.00021794494717703388,0.02525,0.02675,0.02595,0.026000000000000002,0.00043732139211339645,0.027,0.029,0.02765,0.028,0.0006538348415311016,0.01,0.0105,0.010162500000000001,0.01025,0.0001430690392782451,0.03225,0.03475,0.0333125,0.03325,0.0005748641143783464,0.00675,0.007,0.0068875,0.007,0.00012437342963832762,0.036000000000000004,0.038,0.03661249999999999,0.0365,0.00039902224248780904,0.012,0.014,0.012850000000000004,0.013000000000000001,0.0007262919523166975,32,32,2560,10240,51200,False,1600,4
0.025,0.031,0.02995238095238096,0.03,0.0011741740958036144,0.008,0.009000000000000001,0.008350000000000002,0.008,0.00047696960070847325,0.025,0.027,0.02585,0.025750000000000002,0.0004568916720624258,0.026000000000000002,0.027,0.026850000000000006,0.027,0.0003570714214271416,0.01,0.0105,0.010262500000000003,0.01025,0.0001473728265318951,0.032,0.03425,0.0331625,0.033125,0.0006674344537106253,0.00675,0.007,0.0067625,0.00675,5.448623679425848e-05,0.035750000000000004,0.0365,0.036199999999999996,0.03625,0.0002573907535246724,0.012,0.014,0.012400000000000003,0.012,0.0006633249580710801,32,32,2560,10240,51200,False,1584,4
0.024,0.03,0.029142857142857147,0.029,0.001245399698154478,0.008,0.009000000000000001,0.008550000000000002,0.009000000000000001,0.0004974937185533104,0.025,0.027,0.025775000000000003,0.025750000000000002,0.0006015604707757975,0.026000000000000002,0.027,0.026550000000000008,0.027,0.0004974937185533088,0.01,0.011,0.010462500000000001,0.010375,0.00035597577164745337,0.032,0.034,0.0329125,0.032875,0.0005377906191074743,0.006500000000000001,0.00675,0.006725000000000002,0.00675,7.49999999999998e-05,0.03625,0.03725,0.03679999999999999,0.03675,0.00032210246816812845,0.012,0.014,0.012200000000000003,0.012,0.0005099019513592787,32,32,2560,10240,51200,False,1568,4
0.024,0.031,0.02928571428571429,0.029,0.00131449273731831,0.008,0.009000000000000001,0.008350000000000002,0.008,0.00047696960070847325,0.02475,0.02825,0.0263125,0.026375000000000003,0.0011204770189521954,0.025,0.027,0.025950000000000008,0.026000000000000002,0.0003840572873934303,0.00975,0.011,0.0104375,0.0105,0.00046012905798264894,0.0315,0.037,0.0340875,0.033875,0.0018812811459215754,0.006500000000000001,0.007,0.006725000000000002,0.00675,0.00010897247358851667,0.0365,0.0375,0.036875,0.03675,0.0002436698586202243,0.012,0.013000000000000001,0.012150000000000003,0.012,0.0003570714214271428,32,32,2560,10240,51200,False,1552,4
0.024,0.03,0.02895238095238096,0.029,0.0011741740958036144,0.008,0.009000000000000001,0.008350000000000002,0.008,0.00047696960070847325,0.021,0.021750000000000002,0.021275000000000002,0.02125,0.00023584952830141533,0.025,0.027,0.025450000000000007,0.025,0.0005894913061275798,0.00825,0.0085,0.008262500000000002,0.00825,5.448623679425846e-05,0.0275,0.02875,0.027862500000000002,0.02775,0.0003007802353878994,0.006500000000000001,0.00675,0.006637500000000002,0.00675,0.00012437342963832716,0.02725,0.02775,0.027525,0.0275,0.00010897247358851694,0.012,0.013000000000000001,0.012050000000000002,0.012,0.0002179449471770339,32,32,2560,10240,51200,False,1536,4
0.023,0.029,0.0281904761904762,0.028,0.0012580804584402772,0.008,0.009000000000000001,0.008500000000000002,0.0085,0.0005000000000000004,0.02075,0.021500000000000002,0.020962500000000002,0.021,0.0001980372439719359,0.025,0.026000000000000002,0.025100000000000004,0.025,0.00030000000000000024,0.00825,0.00825,0.008250000000000002,0.00825,1.734723475976807e-18,0.027,0.0285,0.027475,0.027375,0.0003944933459514879,0.006500000000000001,0.00675,0.006575000000000002,0.006500000000000001,0.00011456439237389571,0.027,0.02725,0.027187500000000003,0.02725,0.00010825317547305492,0.012,0.013000000000000001,0.012050000000000002,0.012,0.0002179449471770339,32,32,2560,10240,51200,False,1520,4
0.023,0.029,0.02795238095238096,0.028,0.001174174095803615,0.008,0.008,0.008000000000000002,0.008,1.734723475976807e-18,0.02075,0.02125,0.020912500000000004,0.021,0.0001634587103827754,0.024,0.026000000000000002,0.024950000000000007,0.025,0.00038405728739343076,0.00825,0.00825,0.008250000000000002,0.00825,1.734723475976807e-18,0.027,0.02825,0.0273,0.02725,0.0002692582403567255,0.006500000000000001,0.00675,0.006512500000000002,0.006500000000000001,5.4486236794258274e-05,0.027,0.0275,0.027187499999999996,0.02725,0.00013404756618454522,0.012,0.012,0.012000000000000002,0.012,1.734723475976807e-18,32,32,2560,10240,51200,False,1504,4
0.023,0.029,0.027904761904761915,0.028,0.0011507662831994833,0.008,0.009000000000000001,0.008650000000000001,0.009000000000000001,0.0004769696007084733,0.021,0.021750000000000002,0.0212375,0.02125,0.00024334902917414754,0.024,0.025,0.024600000000000004,0.025,0.0004898979485566361,0.00775,0.008,0.007925000000000001,0.008,0.0001145643923738961,0.02725,0.0285,0.027549999999999998,0.0275,0.00030207614933986456,0.006500000000000001,0.006500000000000001,0.0065000000000000014,0.006500000000000001,8.673617379884035e-19,0.02725,0.0275,0.027387500000000002,0.0275,0.0001243734296383276,0.012,0.013000000000000001,0.012050000000000002,0.012,0.0002179449471770339,32,32,2560,10240,51200,False,1488,4
0.022,0.028,0.027428571428571438,0.028,0.0012936264483053455,0.008,0.009000000000000001,0.008100000000000001,0.008,0.0003000000000000003,0.02075,0.021500000000000002,0.021162500000000004,0.02125,0.00019803724397193592,0.024,0.025,0.024450000000000006,0.024,0.0004974937185533104,0.00825,0.00825,0.008250000000000002,0.00825,1.734723475976807e-18,0.027,0.0285,0.027500000000000004,0.0275,0.00033541019662496876,0.00625,0.006500000000000001,0.006312500000000001,0.00625,0.00010825317547305493,0.027,0.02775,0.027375,0.027375,0.0001677050983124844,0.012,0.012,0.012000000000000002,0.012,1.734723475976807e-18,32,32,2560,10240,51200,False,1472,4
0.022,0.028,0.02695238095238096,0.027,0.001174174095803615,0.008,0.008,0.008000000000000002,0.008,1.734723475976807e-18,0.0205,0.02125,0.020825000000000003,0.02075,0.00016007810593582133,0.023,0.025,0.024150000000000005,0.024,0.0004769696007084732,0.008,0.00825,0.008237500000000002,0.00825,5.448623679425846e-05,0.027,0.02825,0.027325,0.02725,0.0003172144385112383,0.00625,0.006500000000000001,0.006275000000000001,0.00625,7.500000000000006e-05,0.02675,0.02725,0.027174999999999998,0.02725,0.00013919410907075068,0.012,0.012,0.012000000000000002,0.012,1.734723475976807e-18,32,32,2560,10240,51200,False,1456,4
0.022,0.028,0.02671428571428572,0.027,0.0011187942975686412,0.008,0.008,0.008000000000000002,0.008,1.734723475976807e-18,0.0205,0.02125,0.020862500000000003,0.02075,0.00018498310733685943,0.023,0.024,0.023900000000000005,0.024,0.0003000000000000003,0.00825,0.00825,0.008250000000000002,0.00825,1.734723475976807e-18,0.027,0.028,0.027187500000000003,0.027,0.00029448047473474393,0.006,0.00625,0.006225000000000001,0.00625,7.500000000000007e-05,0.02675,0.02725,0.026975000000000006,0.027,0.00015612494995996009,0.012,0.012,0.012000000000000002,0.012,1.734723475976807e-18,32,32,2560,10240,51200,False,1440,4
0.022,0.028,0.02676190476190477,0.027,0.0011086139739831258,0.008,0.008,0.008000000000000002,0.008,1.734723475976807e-18,0.021,0.021750000000000002,0.021287500000000004,0.02125,0.0001980372439719359,0.023,0.024,0.023350000000000003,0.023,0.0004769696007084732,0.00825,0.0085,0.008262500000000002,0.00825,5.448623679425846e-05,0.02725,0.02875,0.027725,0.02775,0.00037831864876053926,0.006,0.00625,0.006162500000000001,0.00625,0.00011924240017711833,0.02725,0.0275,0.027450000000000002,0.0275,0.00010000000000000007,0.012,0.012,0.012000000000000002,0.012,1.734723475976807e-18,32,32,2560,10240,51200,False,1424,4
0.022,0.027,0.026095238095238102,0.026000000000000002,0.0010190921218586997,0.008,0.008,0.008000000000000002,0.008,1.734723475976807e-18,0.021750000000000002,0.02375,0.0229,0.023,0.0005208166663999912,0.022,0.024,0.023300000000000005,0.023,0.0005567764362830027,0.00775,0.008,0.0077750000000000015,0.00775,7.500000000000006e-05,0.02675,0.02875,0.027475,0.027375,0.0005117372372614685,0.006,0.00625,0.0062000000000000015,0.00625,0.00010000000000000007,0.02725,0.0275,0.027337500000000004,0.02725,0.00011924240017711831,0.012,0.012,0.012000000000000002,0.012,1.734723475976807e-18,32,32,2560,10240,51200,False,1408,4
0.022,0.027,0.025857142857142863,0.026000000000000002,0.0008883218145798878,0.008,0.008,0.008000000000000002,0.008,1.734723475976807e-18,0.021500000000000002,0.0245,0.0234375,0.023625,0.0008172935519138765,0.022,0.023,0.022800000000000004,0.023,0.0004000000000000003,0.00775,0.00775,0.007750000000000002,0.00775,1.734723475976807e-18,0.02675,0.02825,0.027525000000000004,0.0275,0.000417582327212252,0.006,0.00625,0.006087500000000001,0.006,0.00011924240017711828,0.027,0.0275,0.027262500000000002,0.02725,9.601432184835769e-05,0.012,0.012,0.012000000000000002,0.012,1.734723475976807e-18,32,32,2560,10240,51200,False,1392,4
0.022,0.027,0.025904761904761913,0.026000000000000002,0.0009209085526577965,0.008,0.008,0.008000000000000002,0.008,1.734723475976807e-18,0.02125,0.02425,0.022574999999999998,0.02225,0.0009717895862788401,0.022,0.023,0.022500000000000003,0.0225,0.0005000000000000004,0.00775,0.00775,0.007750000000000002,0.00775,1.734723475976807e-18,0.02775,0.02925,0.0282875,0.02825,0.0004560359086738679,0.00575,0.006,0.0059875000000000015,0.006,5.448623679425846e-05,0.02675,0.02725,0.026987500000000005,0.027,0.00014737282653189506,0.012,0.012,0.012000000000000002,0.012,1.734723475976807e-18,32,32,2560,10240,51200,False,1376,4
0.021,0.026000000000000002,0.0250952380952381,0.025,0.0010190921218586999,0.008,0.008,0.008000000000000002,0.008,1.734723475976807e-18,0.02375,0.027,0.025012500000000003,0.02475,0.0009099278817576692,0.022,0.023,0.022350000000000002,0.022,0.0004769696007084732,0.00775,0.008,0.007800000000000001,0.00775,0.00010000000000000007,0.02825,0.0305,0.029187499999999998,0.02925,0.0006840824146256061,0.00575,0.006,0.005875000000000001,0.005875,0.0001250000000000001,0.02725,0.0275,0.0273125,0.02725,0.00010825317547305493,0.01,0.012,0.011650000000000002,0.012,0.0005722761571129801,32,32,2560,10240,51200,False,1360,4
0.021,0.026000000000000002,0.024904761904761912,0.025,0.0009712418121129117,0.008,0.008,0.008000000000000002,0.008,1.734723475976807e-18,0.023,0.02675,0.024950000000000003,0.024875,0.0010799305533227591,0.021,0.022,0.021900000000000003,0.022,0.00029999999999999927,0.00775,0.00775,0.007750000000000002,0.00775,1.734723475976807e-18,0.0285,0.03025,0.029300000000000003,0.029375000000000002,0.0005037360419902467,0.00575,0.006,0.005812500000000001,0.00575,0.00010825317547305493,0.027,0.0275,0.027187500000000003,0.02725,0.00013404756618454522,0.01,0.012,0.011300000000000001,0.011,0.000640312423743285,32,32,2560,10240,51200,False,1344,4
0.021,0.026000000000000002,0.025000000000000005,0.025,0.0009759000729485333,0.008,0.008,0.008000000000000002,0.008,1.734723475976807e-18,0.02275,0.0265,0.024862500000000003,0.02525,0.0013239972620817616,0.021,0.022,0.021650000000000003,0.022,0.0004769696007084717,0.00775,0.00775,0.007750000000000002,0.00775,1.734723475976807e-18,0.0275,0.03025,0.029125,0.02925,0.0007048936089935843,0.0055,0.006,0.005737500000000001,0.00575,9.601432184835769e-05,0.027,0.0275,0.027125000000000003,0.027,0.00016770509831248438,0.01,0.012,0.011150000000000002,0.011,0.0006538348415311012,32,32,2560,10240,51200,False,1328,4
0.02,0.026000000000000002,0.024571428571428577,0.025,0.0011368891796488883,0.007,0.008,0.007800000000000001,0.008,0.0004,0.02275,0.02775,0.024812500000000005,0.0245,0.001320215418028437,0.021,0.022,0.021500000000000002,0.0215,0.0004999999999999987,0.00775,0.00775,0.007750000000000002,0.00775,1.734723475976807e-18,0.02675,0.02775,0.026987500000000005,0.027,0.00025586861863073423,0.0055,0.00575,0.005562500000000001,0.0055,0.00010825317547305493,0.0265,0.02725,0.026875000000000003,0.026875,0.00016770509831248438,0.01,0.012,0.010950000000000001,0.011,0.0006689544080129826,32,32,2560,10240,51200,False,1312,4
0.02,0.025,0.024285714285714292,0.024,0.001075389503870116,0.007,0.008,0.007850000000000001,0.008,0.0003570714214271425,0.02225,0.02625,0.02425,0.02425,0.0012349089035228475,0.02,0.022,0.0211,0.021,0.0004358898943540667,0.00775,0.008,0.007800000000000001,0.00775,0.00010000000000000007,0.027,0.02825,0.0274,0.0275,0.00027838821814150135,0.0055,0.00575,0.005512500000000001,0.0055,5.448623679425847e-05,0.027,0.0275,0.027250000000000003,0.02725,0.00013693063937629166,0.01,0.012,0.0103,0.01,0.000556776436283002,32,32,2560,10240,51200,False,1296,4
0.02,0.025,0.024000000000000004,0.024,0.0009759000729485334,0.008,0.008,0.008000000000000002,0.008,1.734723475976807e-18,0.017750000000000002,0.021,0.019450000000000002,0.0205,0.0013453624047073706,0.02,0.021,0.020900000000000005,0.021,0.0003000000000000003,0.008,0.00825,0.008012500000000002,0.008,5.448623679425846e-05,0.024,0.02525,0.024362500000000002,0.02425,0.00035772720053135493,0.0055,0.00575,0.005575000000000001,0.0055,0.0001145643923738961,0.02625,0.0265,0.02645,0.0265,0.00010000000000000009,0.01,0.012,0.01025,0.01,0.0005361902647381802,32,32,2560,10240,51200,False,1280,4
0.02,0.024,0.023666666666666673,0.024,0.0008908708063747481,0.007,0.008,0.007950000000000002,0.008,0.0002179449471770337,0.01725,0.02075,0.019150000000000007,0.01975,0.0013047988350699884,0.02,0.021,0.020700000000000003,0.021,0.0004582575694955844,0.00775,0.008,0.0079,0.008,0.00012247448713915903,0.02375,0.025,0.024337500000000005,0.024375,0.0003814036575598093,0.0055,0.00575,0.005512500000000001,0.0055,5.448623679425847e-05,0.025750000000000002,0.02625,0.0261,0.026125000000000002,0.0001658312395177686,0.01,0.011,0.01005,0.01,0.00021794494717703353,32,32,2560,10240,51200,False,1264,4
0.019,0.024,0.023428571428571434,0.024,0.0010942024088643869,0.007,0.008,0.007700000000000001,0.008,0.000458257569495584,0.01725,0.0205,0.019000000000000006,0.02,0.0013941843493598682,0.02,0.021,0.020400000000000005,0.02,0.000489897948556636,0.00775,0.008,0.007912500000000001,0.008,0.00011924240017711833,0.0235,0.02475,0.024012500000000003,0.024,0.0003109963826156185,0.00525,0.0055,0.0054625,0.0055,8.92678553567854e-05,0.026000000000000002,0.02625,0.026162499999999998,0.02625,0.00011924240017711663,0.01,0.011,0.01005,0.01,0.00021794494717703353,32,32,2560,10240,51200,False,1248,4
0.019,0.024,0.0230952380952381,0.023,0.0010190921218586999,0.007,0.008,0.007650000000000001,0.008,0.00047696960070847287,0.017750000000000002,0.021,0.019787500000000006,0.02025,0.0011463938023209997,0.02,0.021,0.020300000000000006,0.02,0.0004582575694955844,0.00775,0.008,0.0079,0.008,0.00012247448713915903,0.02375,0.025,0.02425,0.024,0.0003708099243547835,0.00525,0.0055,0.0054375000000000005,0.0055,0.00010825317547305455,0.02625,0.0265,0.026375,0.026375,0.0001250000000000001,0.01,0.01,0.010000000000000002,0.01,1.734723475976807e-18,32,32,2560,10240,51200,False,1232,4
0.019,0.024,0.022952380952380957,0.023,0.0009499970163457146,0.007,0.008,0.0075000000000000015,0.0075,0.0005,0.0175,0.02075,0.018900000000000004,0.018875000000000003,0.0013883443376914817,0.019,0.021,0.019850000000000003,0.02,0.0005722761571129804,0.00775,0.008,0.007937500000000002,0.008,0.00010825317547305492,0.02375,0.025,0.024437500000000004,0.0245,0.0003247595264191648,0.00525,0.0055,0.0052875000000000005,0.00525,8.92678553567854e-05,0.026000000000000002,0.0265,0.026287500000000002,0.02625,0.0001192424001771179,0.01,0.01,0.010000000000000002,0.01,1.734723475976807e-18,32,32,2560,10240,51200,False,1216,4
0.019,0.023,0.022666666666666672,0.023,0.0008908708063747482,0.007,0.008,0.007450000000000001,0.007,0.0004974937185533101,0.01725,0.0205,0.01885,0.0195,0.0011842719282327005,0.019,0.021,0.019900000000000004,0.02,0.0004358898943540677,0.00775,0.008,0.007862500000000001,0.00775,0.0001243734296383276,0.02375,0.02475,0.024237500000000002,0.02425,0.00029020466915609774,0.00525,0.00525,0.005250000000000001,0.00525,8.673617379884035e-19,0.026000000000000002,0.02625,0.0261,0.026000000000000002,0.00012247448713915732,0.01,0.01,0.010000000000000002,0.01,1.734723475976807e-18,32,32,2560,10240,51200,False,1200,4
0.019,0.023,0.022142857142857148,0.022,0.0008329931278350432,0.007,0.007,0.007000000000000001,0.007,8.673617379884035e-19,0.0175,0.0205,0.019475000000000003,0.02025,0.001276959278912213,0.019,0.02,0.019500000000000003,0.0195,0.0005000000000000004,0.00775,0.008,0.007912500000000001,0.008,0.00011924240017711833,0.02375,0.02475,0.024125,0.024125,0.0003307189138830741,0.005,0.00525,0.0051375000000000014,0.00525,0.00012437342963832762,0.026000000000000002,0.0265,0.026187500000000002,0.02625,0.00013404756618454376,0.01,0.01,0.010000000000000002,0.01,1.734723475976807e-18,32,32,2560,10240,51200,False,1184,4
0.019,0.023,0.022000000000000002,0.022,0.0007559289460184545,0.007,0.007,0.007000000000000001,0.007,8.673617379884035e-19,0.0175,0.021,0.01905,0.019125,0.0013499999999999996,0.019,0.02,0.019300000000000005,0.019,0.0004582575694955844,0.00775,0.008,0.0079,0.008,0.00012247448713915903,0.024,0.02525,0.024537500000000004,0.0245,0.0003089801773577071,0.005,0.00525,0.005112500000000001,0.005,0.0001243734296383276,0.02625,0.02675,0.0264125,0.0265,0.00014306903927824508,0.01,0.01,0.010000000000000002,0.01,1.734723475976807e-18,32,32,2560,10240,51200,False,1168,4
0.018000000000000002,0.022,0.021761904761904767,0.022,0.0008676603408708847,0.007,0.008,0.007050000000000001,0.007,0.0002179449471770337,0.0175,0.02075,0.018987500000000004,0.018875000000000003,0.0013997209543333978,0.018000000000000002,0.02,0.019250000000000007,0.019,0.0005361902647381805,0.00775,0.008,0.007937500000000002,0.008,0.00010825317547305492,0.021500000000000002,0.0225,0.021900000000000003,0.022,0.0002291287847477908,0.00525,0.0055,0.005262500000000001,0.00525,5.448623679425829e-05,0.025500000000000002,0.026000000000000002,0.0258125,0.025750000000000002,0.00013404756618454522,0.01,0.01,0.010000000000000002,0.01,1.734723475976807e-18,32,32,2560,10240,51200,False,1152,4
0.018000000000000002,0.022,0.021571428571428575,0.022,0.0009035079029052504,0.007,0.007,0.007000000000000001,0.007,8.673617379884035e-19,0.017,0.02075,0.0187,0.0195,0.001340708767779192,0.018000000000000002,0.02,0.018750000000000006,0.019,0.0005361902647381794,0.00775,0.008,0.007762500000000001,0.00775,5.448623679425847e-05,0.02125,0.022,0.0217,0.021750000000000002,0.0002806243040080446,0.00525,0.0055,0.005262500000000001,0.00525,5.448623679425829e-05,0.02525,0.025750000000000002,0.025525000000000003,0.025500000000000002,0.00010897247358851694,0.01,0.01,0.010000000000000002,0.01,1.734723475976807e-18,32,32,2560,10240,51200,False,1136,4
0.018000000000000002,0.022,0.02123809523809524,0.021,0.0008676603408708847,0.007,0.007,0.007000000000000001,0.007,8.673617379884035e-19,0.017,0.02025,0.0186375,0.018750000000000003,0.001399720954333398,0.018000000000000002,0.019,0.018350000000000005,0.018000000000000002,0.0004769696007084715,0.00775,0.008,0.007850000000000001,0.00775,0.000122474487139159,0.02075,0.022,0.0215125,0.021500000000000002,0.0003304826016600564,0.005,0.00525,0.005125000000000001,0.005125,0.0001250000000000001,0.02525,0.025500000000000002,0.0254,0.025500000000000002,0.00012247448713915903,0.01,0.01,0.010000000000000002,0.01,1.734723475976807e-18,32,32,2560,10240,51200,False,1120,4
0.018000000000000002,0.022,0.021095238095238097,0.021,0.0008109231602822087,0.007,0.007,0.007000000000000001,0.007,8.673617379884035e-19,0.0175,0.02075,0.019012500000000005,0.02,0.0013310592586357672,0.018000000000000002,0.019,0.018150000000000006,0.018000000000000002,0.0003570714214271416,0.00775,0.008,0.0077750000000000015,0.00775,7.500000000000006e-05,0.021500000000000002,0.022,0.021725,0.021750000000000002,0.00017499999999999908,0.005,0.00525,0.005075000000000001,0.005,0.0001145643923738961,0.025500000000000002,0.025750000000000002,0.02565,0.025750000000000002,0.00012247448713915903,0.01,0.01,0.010000000000000002,0.01,1.734723475976807e-18,32,32,2560,10240,51200,False,1104,4
0.017,0.021,0.020476190476190485,0.021,0.0009060141709733548,0.007,0.007,0.007000000000000001,0.007,8.673617379884035e-19,0.01725,0.02075,0.018800000000000004,0.018875000000000003,0.0014654350889752841,0.017,0.018000000000000002,0.017750000000000005,0.018000000000000002,0.0004330127018922197,0.00775,0.008,0.007912500000000001,0.008,0.00011924240017711833,0.021500000000000002,0.023,0.021949999999999997,0.021875,0.00035881750236018203,0.005,0.005,0.005000000000000001,0.005,8.673617379884035e-19,0.025500000000000002,0.025750000000000002,0.025625000000000002,0.025625000000000002,0.0001250000000000001,0.01,0.01,0.010000000000000002,0.01,1.734723475976807e-18,32,32,2560,10240,51200,False,1088,4
0.017,0.021,0.020000000000000007,0.02,0.0007559289460184545,0.007,0.007,0.007000000000000001,0.007,8.673617379884035e-19,0.017,0.02025,0.018900000000000004,0.019625,0.0012283118496538242,0.017,0.019,0.017550000000000003,0.0175,0.0005894913061275798,0.00775,0.008,0.007787500000000001,0.00775,8.926785535678571e-05,0.02125,0.023,0.022125000000000002,0.02225,0.0005214163403653542,0.00475,0.005,0.004950000000000001,0.005,0.00010000000000000007,0.025,0.025500000000000002,0.025225000000000004,0.02525,0.0001561249499599601,0.009000000000000001,0.01,0.009700000000000004,0.01,0.00045825756949558356,32,32,2560,10240,51200,False,1072,4
0.017,0.021,0.020238095238095246,0.02,0.0008676603408708857,0.007,0.007,0.007000000000000001,0.007,8.673617379884035e-19,0.017,0.0205,0.018537500000000005,0.018500000000000003,0.0013992743655194997,0.015,0.016,0.015950000000000002,0.016,0.00021794494717703385,0.0075,0.00775,0.007537500000000001,0.0075,8.926785535678571e-05,0.021,0.0225,0.021687500000000002,0.021750000000000002,0.0004992181386928957,0.00475,0.005,0.004787500000000001,0.00475,8.926785535678571e-05,0.026000000000000002,0.0265,0.026175000000000004,0.02625,0.00016007810593581984,0.008,0.01,0.009650000000000002,0.01,0.0006538348415311009,32,32,2560,10240,51200,False,1056,4
0.017,0.02,0.019809523809523815,0.02,0.0006632565846278151,0.007,0.007,0.007000000000000001,0.007,8.673617379884035e-19,0.01725,0.02025,0.018712500000000003,0.018625000000000003,0.001369933848767888,0.015,0.016,0.015900000000000004,0.016,0.0003000000000000003,0.0075,0.00775,0.007625000000000002,0.007625,0.0001250000000000001,0.021500000000000002,0.023,0.0220375,0.021750000000000002,0.00042037929302000477,0.00475,0.005,0.004787500000000001,0.00475,8.926785535678571e-05,0.02625,0.02675,0.026587500000000003,0.0265,0.00016345871038277542,0.008,0.01,0.009300000000000003,0.009000000000000001,0.0006403124237432847,32,32,2560,10240,51200,False,1040,4
0.017,0.02,0.019047619047619053,0.019,0.0005753831415997415,0.007,0.007,0.007000000000000001,0.007,8.673617379884035e-19,0.01825,0.0245,0.02135,0.021374999999999998,0.002683747380063929,0.014,0.016,0.014400000000000001,0.014,0.0005830951894845298,0.0075,0.00775,0.007687500000000002,0.00775,0.00010825317547305492,0.02875,0.031,0.0300625,0.03025,0.000641653138385529,0.0045000000000000005,0.00475,0.004662500000000002,0.00475,0.00011924240017711792,0.025,0.025500000000000002,0.0252875,0.02525,0.00014306903927824508,0.009000000000000001,0.01,0.009550000000000003,0.01,0.0004974937185533095,32,32,2560,10240,51200,False,1024,4
0.016,0.021,0.01914285714285715,0.019,0.0008883218145798875,0.007,0.007,0.007000000000000001,0.007,8.673617379884035e-19,0.01825,0.02425,0.0212625,0.021124999999999998,0.0027242831625952546,0.014,0.015,0.014550000000000002,0.015,0.0004974937185533095,0.00675,0.007,0.0068875,0.007,0.0001243734296383276,0.02875,0.03075,0.02975,0.029500000000000002,0.0006471089552772383,0.0045000000000000005,0.00475,0.0046250000000000015,0.004625000000000001,0.00012499999999999968,0.02475,0.02525,0.025037500000000008,0.025,0.00011924240017711831,0.008,0.01,0.009200000000000003,0.009000000000000001,0.0006782329983125268,32,32,2560,10240,51200,False,1016,4
0.016,0.02,0.019047619047619053,0.019,0.0007853534524986019,0.007,0.007,0.007000000000000001,0.007,8.673617379884035e-19,0.01825,0.02425,0.021225,0.021124999999999998,0.002731643278321678,0.013000000000000001,0.015,0.014300000000000002,0.014,0.0005567764362830017,0.0075,0.00775,0.007587500000000001,0.0075,0.00011924240017711831,0.02,0.021,0.020450000000000003,0.0205,0.0003221024681681284,0.00425,0.0045000000000000005,0.004487500000000001,0.0045000000000000005,5.448623679425846e-05,0.02475,0.02525,0.02505,0.025,0.00015000000000000015,0.008,0.01,0.008950000000000003,0.009000000000000001,0.0007399324293474372,32,32,2560,10240,51200,False,1008,4
0.016,0.02,0.01890476190476191,0.019,0.0007499055118106486,0.007,0.007,0.007000000000000001,0.007,8.673617379884035e-19,0.017750000000000002,0.0245,0.020999999999999998,0.020999999999999998,0.0028635642126552704,0.013000000000000001,0.015,0.014350000000000002,0.014,0.0005722761571129795,0.0075,0.00775,0.007512500000000001,0.0075,5.448623679425847e-05,0.02025,0.02125,0.020712500000000002,0.02075,0.00027698149757700443,0.0045000000000000005,0.00475,0.004512500000000001,0.0045000000000000005,5.448623679425829e-05,0.02475,0.02525,0.025087500000000002,0.025125,0.00018157298807917454,0.008,0.009000000000000001,0.008300000000000002,0.008,0.0004582575694955844,32,32,2560,10240,51200,False,1000,4
0.016,0.02,0.01890476190476191,0.019,0.0007499055118106486,0.007,0.007,0.007000000000000001,0.007,8.673617379884035e-19,0.017750000000000002,0.02425,0.02105,0.021124999999999998,0.0028146935890075143,0.013000000000000001,0.016,0.014400000000000001,0.014,0.0006633249580710797,0.00675,0.00725,0.0068875,0.006875,0.00014737282653189506,0.02075,0.02125,0.020900000000000002,0.020875,0.00016583123951777014,0.0045000000000000005,0.0045000000000000005,0.004500000000000001,0.0045000000000000005,8.673617379884035e-19,0.025,0.025500000000000002,0.025337500000000002,0.02525,0.00014306903927824508,0.008,0.009000000000000001,0.008400000000000001,0.008,0.0004898979485566361,32,32,2560,10240,51200,False,992,4
0.016,0.019,0.01857142857142858,0.019,0.0007284313590846829,0.007,0.007,0.007000000000000001,0.007,8.673617379884035e-19,0.018000000000000002,0.024,0.020837500000000002,0.020749999999999998,0.0027217583930246266,0.014,0.015,0.014400000000000001,0.014,0.0004898979485566352,0.00675,0.007,0.006837500000000001,0.00675,0.00011924240017711828,0.02025,0.02125,0.02065,0.02075,0.00020000000000000017,0.00425,0.0045000000000000005,0.004487500000000001,0.0045000000000000005,5.448623679425846e-05,0.02475,0.02525,0.024925000000000006,0.025,0.00013919410907075065,0.008,0.01,0.008250000000000002,0.008,0.0005361902647381805,32,32,2560,10240,51200,False,984,4
0.016,0.019,0.018428571428571433,0.019,0.0007284313590846828,0.007,0.007,0.007000000000000001,0.007,8.673617379884035e-19,0.01825,0.02425,0.021175,0.021124999999999998,0.002683398032346302,0.013000000000000001,0.015,0.014250000000000002,0.014,0.0005361902647381799,0.00675,0.007,0.006837500000000001,0.00675,0.00011924240017711831,0.02,0.021,0.0206125,0.02075,0.00025586861863073423,0.00425,0.0045000000000000005,0.004262500000000001,0.00425,5.448623679425848e-05,0.02475,0.025,0.024925000000000006,0.025,0.00011456439237389608,0.008,0.01,0.008450000000000003,0.008,0.0006689544080129827,32,32,2560,10240,51200,False,976,4
0.016,0.019,0.018190476190476194,0.018000000000000002,0.0006632565846278147,0.007,0.007,0.007000000000000001,0.007,8.673617379884035e-19,0.01825,0.0245,0.0212375,0.021124999999999998,0.0026977710707174547,0.013000000000000001,0.015,0.014400000000000001,0.014,0.0005830951894845296,0.00675,0.007,0.0068875,0.007,0.00012437342963832762,0.0205,0.02125,0.020925000000000006,0.021,0.00017853571071357142,0.00425,0.0045000000000000005,0.004300000000000001,0.00425,0.00010000000000000009,0.02525,0.025750000000000002,0.025425000000000003,0.025500000000000002,0.00013919410907075068,0.008,0.009000000000000001,0.008100000000000001,0.008,0.0003000000000000003,32,32,2560,10240,51200,False,968,4
0.016,0.019,0.018238095238095244,0.018000000000000002,0.0006834619092574909,0.007,0.007,0.007000000000000001,0.007,8.673617379884035e-19,0.01825,0.02425,0.0212375,0.021249999999999998,0.002767529358471199,0.013000000000000001,0.016,0.014350000000000002,0.014,0.0008529361054615986,0.00675,0.00725,0.0068875,0.00675,0.0001672386020032458,0.0205,0.02125,0.020874999999999998,0.02075,0.00021650635094610984,0.00425,0.00425,0.004250000000000001,0.00425,8.673617379884035e-19,0.025,0.025500000000000002,0.0253,0.02525,0.00015000000000000012,0.008,0.009000000000000001,0.008150000000000001,0.008,0.0003570714214271428,32,32,2560,10240,51200,False,960,4
0.016,0.019,0.0180952380952381,0.018000000000000002,0.0006098213559459852,0.007,0.007,0.007000000000000001,0.007,8.673617379884035e-19,0.01825,0.0245,0.021262499999999997,0.021249999999999998,0.0027448531381478324,0.013000000000000001,0.015,0.014250000000000002,0.014,0.0005361902647381799,0.00675,0.007,0.006837500000000001,0.00675,0.00011924240017711831,0.02025,0.021,0.020675000000000002,0.02075,0.00017853571071357142,0.00425,0.00425,0.004250000000000001,0.00425,8.673617379884035e-19,0.02475,0.02525,0.0250375,0.025,0.0001430690392782451,0.008,0.009000000000000001,0.008050000000000002,0.008,0.0002179449471770339,32,32,2560,10240,51200,False,952,4
0.015,0.019,0.01795238095238096,0.018000000000000002,0.0007221786137191955,0.007,0.007,0.007000000000000001,0.007,8.673617379884035e-19,0.018000000000000002,0.024,0.020850000000000004,0.020874999999999998,0.00273221521846285,0.013000000000000001,0.015,0.013900000000000001,0.014,0.0006244997998398393,0.00675,0.007,0.006837500000000001,0.00675,0.00011924240017711828,0.02,0.021,0.0205,0.0205,0.0002500000000000002,0.004,0.00425,0.004175000000000001,0.00425,0.0001145643923738961,0.02475,0.02525,0.025012500000000003,0.025,9.601432184835769e-05,0.008,0.009000000000000001,0.008050000000000002,0.008,0.0002179449471770339,32,32,2560,10240,51200,False,944,4
0.015,0.019,0.01790476190476191,0.018000000000000002,0.0007499055118106488,0.007,0.007,0.007000000000000001,0.007,8.673617379884035e-19,0.018000000000000002,0.02425,0.020937500000000005,0.020999999999999998,0.0028688793543821247,0.013000000000000001,0.015,0.0142,0.014,0.0008124038404635953,0.00675,0.007,0.006812500000000001,0.00675,0.00010825317547305493,0.02025,0.021,0.020725,0.02075,0.00020766559657295206,0.004,0.00425,0.004225000000000001,0.00425,7.500000000000007e-05,0.02475,0.02525,0.025050000000000006,0.025,0.00015000000000000015,0.008,0.009000000000000001,0.008100000000000001,0.008,0.0003000000000000003,32,32,2560,10240,51200,False,936,4
0.015,0.018000000000000002,0.01766666666666667,0.018000000000000002,0.000712696645099799,0.007,0.007,0.007000000000000001,0.007,8.673617379884035e-19,0.017750000000000002,0.02375,0.0208125,0.020874999999999998,0.002644422195868126,0.013000000000000001,0.015,0.014300000000000002,0.014,0.0006403124237432844,0.00675,0.00725,0.0068875,0.006875,0.0001473728265318951,0.024,0.02725,0.026362500000000004,0.02625,0.0008195844983892749,0.004,0.0045000000000000005,0.004212500000000001,0.00425,0.00011924240017711833,0.02475,0.025500000000000002,0.0252,0.02525,0.00018708286933869728,0.008,0.009000000000000001,0.008050000000000002,0.008,0.00021794494717703388,32,32,2560,10240,51200,False,928,4
0.015,0.018000000000000002,0.017190476190476194,0.017,0.0006632565846278159,0.007,0.007,0.007000000000000001,0.007,8.673617379884035e-19,0.01825,0.02425,0.021062499999999998,0.020874999999999998,0.002646784605894481,0.013000000000000001,0.015,0.014050000000000003,0.014,0.0005894913061275794,0.00675,0.007,0.006812500000000001,0.00675,0.00010825317547305493,0.02475,0.02725,0.026325000000000005,0.02625,0.0005006246098625191,0.004,0.00425,0.0041375000000000006,0.00425,0.0001243734296383276,0.0245,0.025,0.024850000000000004,0.02475,0.00014577379737113266,0.008,0.008,0.008000000000000002,0.008,1.734723475976807e-18,32,32,2560,10240,51200,False,920,4
0.015,0.018000000000000002,0.017238095238095243,0.017,0.0006834619092574923,0.006,0.007,0.006950000000000002,0.007,0.00021794494717703366,0.01825,0.024,0.021087500000000002,0.020999999999999998,0.002692901548516025,0.013000000000000001,0.015,0.014050000000000002,0.014,0.0005894913061275794,0.00675,0.007,0.0067875,0.00675,8.92678553567857e-05,0.02375,0.02675,0.025625000000000002,0.025625000000000002,0.0007267220926874311,0.004,0.00425,0.004100000000000001,0.004,0.000122474487139159,0.0245,0.025,0.0248125,0.02475,0.0001556237449748593,0.008,0.008,0.008000000000000002,0.008,1.734723475976807e-18,32,32,2560,10240,51200,False,912,4
0.015,0.018000000000000002,0.017190476190476194,0.017,0.0006632565846278159,0.007,0.007,0.007000000000000001,0.007,8.673617379884035e-19,0.01825,0.02425,0.021212500000000002,0.021124999999999998,0.002766174027424884,0.013000000000000001,0.015,0.013900000000000004,0.014,0.0006244997998398394,0.00675,0.007,0.006837500000000001,0.00675,0.00011924240017711828,0.02525,0.028,0.026712500000000007,0.02675,0.0005824248878610871,0.004,0.00425,0.004062500000000001,0.004,0.00010825317547305493,0.025,0.025500000000000002,0.0252125,0.02525,0.00011924240017711833,0.008,0.008,0.008000000000000002,0.008,1.734723475976807e-18,32,32,2560,10240,51200,False,904,4
0.015,0.018000000000000002,0.01728571428571429,0.017,0.0006998542122237659,0.007,0.007,0.007000000000000001,0.007,8.673617379884035e-19,0.01825,0.02425,0.021300000000000003,0.021249999999999998,0.0027789386463180515,0.013000000000000001,0.015,0.013750000000000004,0.014,0.0006224949798994361,0.006500000000000001,0.00775,0.006687500000000002,0.006500000000000001,0.00036975498644372583,0.02275,0.026000000000000002,0.0250375,0.025375,0.0010194207914301149,0.004,0.0045000000000000005,0.004112500000000001,0.004,0.00018498310733685943,0.02125,0.0225,0.022074999999999997,0.022125,0.0003269174207655495,0.008,0.009000000000000001,0.008050000000000002,0.008,0.0002179449471770339,32,32,2560,10240,51200,False,896,4
0.014,0.018000000000000002,0.01695238095238096,0.017,0.0007221786137191958,0.006,0.007,0.006850000000000002,0.007,0.0003570714214271425,0.018000000000000002,0.02425,0.0211,0.020999999999999998,0.0027322152184628508,0.013000000000000001,0.016,0.014000000000000002,0.014,0.000774596669241483,0.006500000000000001,0.00775,0.0066250000000000015,0.006500000000000001,0.00034003676271838584,0.023,0.026000000000000002,0.024825,0.025375,0.0011127106542133953,0.004,0.0045000000000000005,0.004125000000000001,0.004,0.0001677050983124844,0.02125,0.0225,0.022,0.022,0.0003622844186547349,0.008,0.008,0.008000000000000002,0.008,1.734723475976807e-18,32,32,2560,10240,51200,False,888,4
0.014,0.018000000000000002,0.01695238095238096,0.017,0.0007221786137191958,0.006,0.007,0.006900000000000002,0.007,0.00030000000000000003,0.01825,0.024,0.021087500000000002,0.021124999999999998,0.002644894846681055,0.013000000000000001,0.014,0.013800000000000003,0.014,0.00039999999999999964,0.006500000000000001,0.00775,0.007137500000000001,0.0072499999999999995,0.0006147916313678966,0.023,0.025750000000000002,0.025112500000000003,0.02525,0.0005781165539923594,0.004,0.00425,0.0040125000000000004,0.004,5.448623679425848e-05,0.021,0.02275,0.0219625,0.022,0.00037312028891498146,0.008,0.009000000000000001,0.008050000000000002,0.008,0.00021794494717703388,32,32,2560,10240,51200,False,880,4
0.014,0.018000000000000002,0.016571428571428577,0.017,0.0007911070345636267,0.006,0.007,0.006800000000000002,0.007,0.0004,0.01825,0.02475,0.021212500000000002,0.021249999999999998,0.002822094745043122,0.013000000000000001,0.015,0.013750000000000004,0.014,0.0006982120021884464,0.006500000000000001,0.008,0.007137500000000001,0.007124999999999999,0.0006198538134108716,0.02425,0.025500000000000002,0.024975000000000004,0.025,0.00045345892868042673,0.004,0.00425,0.004025000000000001,0.004,7.500000000000006e-05,0.02125,0.02225,0.021775,0.021750000000000002,0.0003051638903933414,0.008,0.008,0.008000000000000002,0.008,1.734723475976807e-18,32,32,2560,10240,51200,False,872,4
0.014,0.017,0.01671428571428572,0.017,0.0006998542122237654,0.006,0.007,0.006850000000000002,0.007,0.0003570714214271425,0.01825,0.02425,0.0211625,0.020999999999999998,0.002721758393024628,0.013000000000000001,0.015,0.013850000000000005,0.014,0.0004769696007084724,0.00625,0.006500000000000001,0.006450000000000002,0.006500000000000001,0.00010000000000000007,0.025,0.025750000000000002,0.025412500000000005,0.025500000000000002,0.00024076700355322796,0.004,0.004,0.004000000000000001,0.004,8.673617379884035e-19,0.02225,0.02325,0.022825,0.022875,0.00023848480035423662,0.008,0.008,0.008000000000000002,0.008,1.734723475976807e-18,32,32,2560,10240,51200,False,864,4
0.014,0.017,0.01666666666666667,0.017,0.0007126966450997986,0.006,0.007,0.006900000000000002,0.007,0.00030000000000000003,0.01825,0.024,0.021062499999999998,0.020999999999999998,0.0026691232174629936,0.013000000000000001,0.014,0.013650000000000004,0.014,0.0004769696007084724,0.00625,0.006500000000000001,0.006275000000000001,0.00625,7.500000000000006e-05,0.025500000000000002,0.02675,0.0262625,0.02625,0.0003304826016600562,0.00375,0.004,0.0038875000000000008,0.004,0.00012437342963832762,0.021750000000000002,0.0225,0.022,0.022,0.000223606797749978,0.008,0.008,0.008000000000000002,0.008,1.734723475976807e-18,32,32,2560,10240,51200,False,856,4
0.014,0.018000000000000002,0.01671428571428572,0.017,0.0007648751621051913,0.006,0.007,0.006750000000000002,0.007,0.0004330127018922194,0.018000000000000002,0.02375,0.020875,0.020874999999999998,0.0025341418665891617,0.013000000000000001,0.015,0.013800000000000003,0.014,0.000509901951359278,0.00625,0.006500000000000001,0.006387500000000002,0.006500000000000001,0.00012437342963832762,0.02375,0.02725,0.025800000000000007,0.025875000000000002,0.0007689278249614843,0.00375,0.00375,0.0037500000000000007,0.00375,8.673617379884035e-19,0.021500000000000002,0.022,0.021600000000000005,0.021500000000000002,0.00014577379737113218,0.008,0.008,0.008000000000000002,0.008,1.734723475976807e-18,32,32,2560,10240,51200,False,848,4
0.014,0.017,0.016523809523809527,0.017,0.0007315376902732012,0.006,0.007,0.006700000000000002,0.007,0.00045825756949558405,0.018000000000000002,0.02425,0.021075,0.020999999999999998,0.002780624929759496,0.013000000000000001,0.015,0.013850000000000005,0.014,0.0004769696007084724,0.00625,0.00675,0.006437500000000001,0.006500000000000001,0.00013404756618454512,0.023,0.025750000000000002,0.0252875,0.02525,0.0005549493220105783,0.00375,0.004,0.0037875000000000005,0.00375,8.92678553567857e-05,0.021500000000000002,0.022,0.0216125,0.021500000000000002,0.00014737282653189463,0.008,0.008,0.008000000000000002,0.008,1.734723475976807e-18,32,32,2560,10240,51200,False,840,4
0.014,0.017,0.015952380952380957,0.016,0.00048562090605645586,0.006,0.007,0.006700000000000002,0.007,0.000458257569495584,0.01825,0.024,0.021087500000000002,0.021124999999999998,0.0026425307472194154,0.013000000000000001,0.015,0.013700000000000004,0.014,0.0006403124237432844,0.00725,0.00775,0.007362500000000001,0.00725,0.00014737282653189468,0.02275,0.025500000000000002,0.025062500000000005,0.02525,0.0005694020986965192,0.00375,0.004,0.0037750000000000006,0.00375,7.500000000000006e-05,0.02325,0.024,0.023662500000000003,0.02375,0.00018157298807917454,0.008,0.008,0.008000000000000002,0.008,1.734723475976807e-18,32,32,2560,10240,51200,False,832,4
0.013000000000000001,0.016,0.01580952380952381,0.016,0.0006632565846278152,0.006,0.007,0.0065000000000000014,0.006500000000000001,0.0005,0.01825,0.02375,0.0209875,0.020874999999999998,0.0025500919101083402,0.013000000000000001,0.015,0.013650000000000004,0.014,0.0005722761571129793,0.00725,0.00775,0.0075625000000000015,0.0075,0.00013404756618454512,0.02475,0.02525,0.025037500000000008,0.025,0.0001634587103827754,0.00375,0.004,0.0037750000000000006,0.00375,7.500000000000006e-05,0.02325,0.02375,0.023475,0.0235,0.00020766559657295206,0.008,0.008,0.008000000000000002,0.008,1.734723475976807e-18,32,32,2560,10240,51200,False,824,4
0.014,0.017,0.015952380952380957,0.016,0.0005753831415997419,0.006,0.007,0.006700000000000002,0.007,0.000458257569495584,0.01825,0.02375,0.020949999999999996,0.020874999999999998,0.002510726986352758,0.013000000000000001,0.015,0.013650000000000004,0.014,0.0006538348415311004,0.00725,0.0075,0.007387500000000001,0.0075,0.00012437342963832716,0.025500000000000002,0.02875,0.027275000000000004,0.02725,0.0006466258578188782,0.0035,0.00375,0.0036625000000000004,0.00375,0.0001192424001771181,0.02325,0.02375,0.02345,0.023375,0.00021794494717703388,0.008,0.008,0.008000000000000002,0.008,1.734723475976807e-18,32,32,2560,10240,51200,False,816,4
0.013000000000000001,0.016,0.01571428571428572,0.016,0.0006998542122237651,0.006,0.007,0.006550000000000002,0.007,0.0004974937185533101,0.018000000000000002,0.02425,0.0211,0.020999999999999998,0.0027820855486487116,0.013000000000000001,0.015,0.013900000000000004,0.014,0.0006244997998398393,0.0075,0.008,0.007700000000000001,0.00775,0.00012747548783981972,0.025500000000000002,0.028,0.026625,0.02675,0.0006046693311223909,0.0035,0.00375,0.0036250000000000006,0.0036249999999999998,0.00012499999999999987,0.023,0.024,0.0234875,0.0235,0.00024334902917414754,0.008,0.008,0.008000000000000002,0.008,1.734723475976807e-18,32,32,2560,10240,51200,False,808,4
0.013000000000000001,0.016,0.01571428571428572,0.016,0.0006998542122237651,0.006,0.007,0.006550000000000002,0.007,0.0004974937185533101,0.018000000000000002,0.02425,0.0210625,0.020874999999999998,0.0026015320005719714,0.013000000000000001,0.014,0.013850000000000005,0.014,0.0003570714214271422,0.0075,0.00775,0.007650000000000001,0.00775,0.00012247448713915903,0.02525,0.025750000000000002,0.025562500000000005,0.025500000000000002,0.00019162137145944879,0.0035,0.00375,0.0037250000000000004,0.00375,7.499999999999994e-05,0.023,0.024,0.023525000000000004,0.0235,0.00023584952830141533,0.008,0.008,0.008000000000000002,0.008,1.734723475976807e-18,32,32,2560,10240,51200,False,800,4
0.013000000000000001,0.016,0.01580952380952381,0.016,0.0006632565846278152,0.006,0.007,0.006750000000000002,0.007,0.00043301270189221935,0.018000000000000002,0.024,0.0209,0.020749999999999998,0.0025658819146640406,0.013000000000000001,0.015,0.013800000000000003,0.014,0.0005999999999999995,0.0075,0.008,0.007887500000000002,0.008,0.00016723860200324578,0.0205,0.02125,0.020875000000000005,0.021,0.00021650635094610984,0.0035,0.00375,0.0037125000000000005,0.00375,8.926785535678556e-05,0.02275,0.02375,0.023125000000000003,0.023,0.0002436698586202243,0.008,0.008,0.008000000000000002,0.008,1.734723475976807e-18,32,32,2560,10240,51200,False,792,4
0.013000000000000001,0.016,0.015095238095238097,0.015,0.0006098213559459856,0.006,0.007,0.006650000000000001,0.007,0.0004769696007084728,0.01825,0.024,0.021,0.020874999999999998,0.0025137123940498847,0.013000000000000001,0.015,0.013800000000000003,0.014,0.0007483314773547877,0.008,0.00825,0.008075000000000002,0.008,0.0001145643923738961,0.0205,0.021500000000000002,0.020962500000000002,0.021,0.0003089801773577071,0.0035,0.00375,0.0035625000000000006,0.0035,0.00010825317547305474,0.02325,0.024,0.023512500000000002,0.0235,0.00020116846174288866,0.008,0.008,0.008000000000000002,0.008,1.734723475976807e-18,32,32,2560,10240,51200,False,784,4
0.013000000000000001,0.016,0.015047619047619051,0.015,0.0005753831415997415,0.006,0.007,0.006600000000000002,0.007,0.0004898979485566356,0.01825,0.024,0.02105,0.021124999999999998,0.002558808316384798,0.013000000000000001,0.015,0.013850000000000005,0.014,0.0008529361054615983,0.0075,0.00825,0.007875000000000002,0.007875,0.00016770509831248438,0.02075,0.021750000000000002,0.021175,0.02125,0.00025124689052802247,0.0035,0.00375,0.0036000000000000003,0.0035,0.0001224744871391588,0.023,0.02375,0.023262500000000002,0.02325,0.00023014940799402484,0.008,0.008,0.008000000000000002,0.008,1.734723475976807e-18,32,32,2560,10240,51200,False,776,4
0.013000000000000001,0.016,0.015047619047619051,0.015,0.0006529194857524802,0.006,0.007,0.006450000000000002,0.006,0.0004974937185533101,0.014,0.017,0.01545,0.015375,0.0011418187246669239,0.012,0.012,0.012000000000000002,0.012,1.734723475976807e-18,0.00475,0.005,0.004937500000000001,0.005,0.00010825317547305493,0.01675,0.02325,0.017949999999999997,0.017,0.0021974416943345725,0.0035,0.004,0.0039250000000000005,0.004,0.00017853571071357126,0.014750000000000001,0.01725,0.016162500000000003,0.01625,0.000888379845561571,0.008,0.008,0.008000000000000002,0.008,1.734723475976807e-18,32,32,2560,10240,51200,False,768,4
0.013000000000000001,0.016,0.015095238095238097,0.015,0.0006098213559459857,0.006,0.007,0.006700000000000002,0.007,0.00045825756949558405,0.014,0.01675,0.015337499999999999,0.015375,0.001101915945070222,0.012,0.013000000000000001,0.012100000000000003,0.012,0.00030000000000000024,0.00475,0.005,0.004775000000000001,0.00475,7.500000000000007e-05,0.01675,0.02325,0.0175625,0.017,0.0018588891171880048,0.0035,0.00425,0.003937500000000001,0.004,0.0001745530005471118,0.01425,0.0155,0.0149125,0.015,0.00030898017735770647,0.008,0.008,0.008000000000000002,0.008,1.734723475976807e-18,32,32,2560,10240,51200,False,760,4
0.013000000000000001,0.016,0.015190476190476193,0.015,0.0007315376902732007,0.006,0.007,0.006400000000000001,0.006,0.0004898979485566357,0.01425,0.01675,0.015375,0.015375,0.0010680004681646914,0.012,0.012,0.012000000000000002,0.012,1.734723475976807e-18,0.00475,0.005,0.004850000000000001,0.00475,0.000122474487139159,0.01675,0.02325,0.017812500000000002,0.017,0.002217649374901271,0.0035,0.004,0.0037875000000000005,0.00375,0.0001634587103827753,0.0145,0.0155,0.014925000000000003,0.014875,0.0002968585521759475,0.008,0.008,0.008000000000000002,0.008,1.734723475976807e-18,32,32,2560,10240,51200,False,752,4
0.013000000000000001,0.016,0.015000000000000003,0.015,0.0006172133998483674,0.006,0.007,0.006150000000000001,0.006,0.0003570714214271425,0.014,0.01675,0.015312500000000001,0.015125,0.001150747039970123,0.012,0.013000000000000001,0.012050000000000002,0.012,0.0002179449471770339,0.00475,0.005,0.004825000000000001,0.00475,0.0001145643923738961,0.01675,0.0235,0.020075000000000003,0.02,0.003131593045081049,0.0032500000000000003,0.004,0.0035375000000000003,0.0036249999999999998,0.000253414186658916,0.01425,0.01525,0.014762500000000001,0.014750000000000001,0.0002558686186307335,0.008,0.008,0.008000000000000002,0.008,1.734723475976807e-18,32,32,2560,10240,51200,False,744,4
0.012,0.016,0.014809523809523812,0.015,0.0007315376902732005,0.006,0.007,0.006450000000000002,0.006,0.0004974937185533101,0.016,0.019,0.0172125,0.01675,0.0010496279102615357,0.012,0.013000000000000001,0.012300000000000002,0.012,0.0004582575694955844,0.00475,0.005,0.004787500000000001,0.00475,8.926785535678571e-05,0.01675,0.02325,0.0178375,0.017,0.0022069138519661335,0.0035,0.004,0.0037625000000000007,0.00375,0.00014737282653189498,0.014750000000000001,0.0155,0.015049999999999997,0.015,0.0003020761493398638,0.008,0.008,0.008000000000000002,0.008,1.734723475976807e-18,32,32,2560,10240,51200,False,736,4
0.012,0.015,0.014619047619047622,0.015,0.0007221786137191949,0.006,0.007,0.006600000000000002,0.007,0.0004898979485566356,0.01625,0.01925,0.017125000000000005,0.016625,0.0009984362773857924,0.012,0.013000000000000001,0.012150000000000003,0.012,0.0003570714214271428,0.00475,0.005,0.004762500000000001,0.00475,5.448623679425847e-05,0.01675,0.02325,0.019537499999999996,0.017,0.0029856688949044556,0.0032500000000000003,0.004,0.0035625000000000006,0.00375,0.0002484325864293972,0.01425,0.0155,0.0147,0.014750000000000001,0.0002915475947422648,0.008,0.008,0.008000000000000002,0.008,1.734723475976807e-18,32,32,2560,10240,51200,False,728,4
0.012,0.015,0.014285714285714287,0.014,0.0006998542122237649,0.006,0.007,0.0063500000000000015,0.006,0.0004769696007084728,0.01675,0.01875,0.017587500000000002,0.0175,0.0006904482239820731,0.012,0.013000000000000001,0.012050000000000002,0.012,0.0002179449471770339,0.00475,0.005,0.004812500000000001,0.00475,0.00010825317547305493,0.01675,0.02325,0.018675,0.017,0.002700810063666084,0.0032500000000000003,0.00375,0.00355,0.0036249999999999998,0.00021794494717703347,0.0145,0.0155,0.014962499999999998,0.014875,0.00031893377055432643,0.007,0.008,0.007950000000000002,0.008,0.00021794494717703366,32,32,2560,10240,51200,False,720,4
0.012,0.015,0.014142857142857145,0.014,0.0006388765649999397,0.006,0.007,0.006300000000000002,0.006,0.000458257569495584,0.01675,0.019,0.017512500000000004,0.01725,0.0007602425599767475,0.012,0.013000000000000001,0.012200000000000003,0.012,0.00040000000000000034,0.00475,0.005,0.004887500000000001,0.005,0.00012437342963832762,0.01675,0.023,0.0178,0.017,0.0021543560522810515,0.0032500000000000003,0.00375,0.0036500000000000005,0.00375,0.0001837117307087382,0.01425,0.0155,0.014912499999999999,0.014875,0.0003470860844228701,0.007,0.008,0.0079,0.008,0.00030000000000000003,32,32,2560,10240,51200,False,712,4
0.012,0.015,0.014190476190476193,0.014,0.0006632565846278151,0.006,0.007,0.0062000000000000015,0.006,0.0004,0.01675,0.019,0.017575,0.01725,0.0007378177281686845,0.012,0.013000000000000001,0.012350000000000003,0.012,0.00047696960070847325,0.00475,0.005,0.004825000000000001,0.00475,0.0001145643923738961,0.0165,0.02325,0.018737500000000004,0.017,0.002903096407286537,0.0032500000000000003,0.004,0.0036125000000000003,0.00375,0.00024334902917414717,0.0145,0.01625,0.015275,0.015,0.0005471517157059822,0.007,0.008,0.007850000000000001,0.008,0.0003570714214271425,32,32,2560,10240,51200,False,704,4
0.012,0.015,0.014000000000000002,0.014,0.0005345224838248486,0.006,0.007,0.0065000000000000014,0.006500000000000001,0.0005,0.01675,0.01875,0.017475,0.017375,0.0006067330549755791,0.012,0.013000000000000001,0.012150000000000003,0.012,0.0003570714214271428,0.00475,0.005,0.004775000000000001,0.00475,7.500000000000006e-05,0.0165,0.023,0.0180375,0.017,0.0023943618669699856,0.0032500000000000003,0.00375,0.0036250000000000006,0.00375,0.00020155644370746357,0.0145,0.016,0.015525000000000002,0.015625,0.000446514277487294,0.006,0.008,0.007550000000000001,0.008,0.0005894913061275798,32,32,2560,10240,51200,False,696,4
0.012,0.015,0.014000000000000002,0.014,0.0005345224838248486,0.006,0.007,0.006450000000000002,0.006,0.0004974937185533101,0.017,0.019,0.017775000000000003,0.0175,0.0006977642868476421,0.012,0.013000000000000001,0.012100000000000003,0.012,0.00030000000000000024,0.00475,0.005,0.004762500000000001,0.00475,5.448623679425847e-05,0.0165,0.02325,0.0188875,0.016875,0.0029213385202677207,0.003,0.00375,0.003450000000000001,0.0035,0.0002031009601158989,0.0145,0.0165,0.015437500000000002,0.015375,0.0006066042779275465,0.007,0.008,0.0075000000000000015,0.0075,0.0005,32,32,2560,10240,51200,False,688,4
0.012,0.014,0.013857142857142861,0.014,0.0004665694748158434,0.006,0.007,0.006250000000000001,0.006,0.00043301270189221935,0.01675,0.01925,0.0181,0.018125000000000002,0.000926687649642531,0.011,0.013000000000000001,0.012050000000000002,0.012,0.0003840572873934307,0.00475,0.005,0.004762500000000001,0.00475,5.448623679425847e-05,0.01675,0.02325,0.020012500000000003,0.02,0.00311495886810725,0.003,0.00375,0.0034000000000000002,0.0033750000000000004,0.00022912878474779186,0.0145,0.01625,0.0155875,0.01575,0.0005260406353125203,0.006,0.008,0.007250000000000001,0.0075,0.00082915619758885,32,32,2560,10240,51200,False,680,4
0.011,0.014,0.013428571428571432,0.014,0.0007284313590846835,0.006,0.007,0.006300000000000002,0.006,0.000458257569495584,0.01675,0.019,0.01725,0.017,0.0006661456297237108,0.012,0.013000000000000001,0.012050000000000002,0.012,0.0002179449471770339,0.00475,0.005,0.004762500000000001,0.00475,5.448623679425847e-05,0.0165,0.02325,0.018624999999999996,0.016875,0.0028145825622994253,0.0032500000000000003,0.00375,0.0034875,0.0035,0.0001849831073368591,0.01525,0.01675,0.015899999999999997,0.015625,0.0005830951894845306,0.006,0.008,0.006900000000000001,0.007,0.0005385164807134504,32,32,2560,10240,51200,False,672,4
0.011,0.014,0.013047619047619051,0.013000000000000001,0.0005753831415997416,0.006,0.007,0.006300000000000002,0.006,0.000458257569495584,0.0165,0.01925,0.017375,0.01675,0.0009890020222426234,0.012,0.013000000000000001,0.012100000000000003,0.012,0.00030000000000000024,0.00475,0.005,0.004762500000000001,0.00475,5.448623679425847e-05,0.0165,0.023,0.019425,0.017,0.0029886242654438844,0.003,0.0035,0.003287500000000001,0.0033750000000000004,0.00022741756748325317,0.01525,0.0165,0.016050000000000002,0.016125,0.00037583240945932304,0.006,0.008,0.006700000000000002,0.007,0.0006403124237432849,32,32,2560,10240,51200,False,664,4
0.011,0.014,0.013047619047619051,0.013000000000000001,0.0005753831415997416,0.006,0.007,0.006250000000000001,0.006,0.00043301270189221935,0.01625,0.0185,0.0175875,0.017875000000000002,0.0008264192338032791,0.012,0.013000000000000001,0.012150000000000003,0.012,0.0003570714214271428,0.00475,0.005,0.004787500000000001,0.00475,8.926785535678571e-05,0.0165,0.023,0.019450000000000002,0.017,0.002990192301508382,0.003,0.0035,0.003212500000000001,0.0032500000000000003,0.00021323402636539977,0.015,0.01725,0.016150000000000005,0.01625,0.0005267826876426374,0.006,0.007,0.0063500000000000015,0.006,0.0004769696007084728,32,32,2560,10240,51200,False,656,4
0.011,0.014,0.013142857142857147,0.013000000000000001,0.0006388765649999399,0.006,0.007,0.006400000000000001,0.006,0.0004898979485566357,0.01675,0.01875,0.0177125,0.017750000000000002,0.0008301919958660156,0.012,0.012,0.012000000000000002,0.012,1.734723475976807e-18,0.00475,0.005,0.004812500000000001,0.00475,0.00010825317547305493,0.0165,0.0235,0.018375000000000002,0.016875,0.0027369006193137513,0.003,0.0035,0.0033250000000000007,0.0035,0.00021065374432940897,0.014750000000000001,0.017,0.0158125,0.01575,0.0007452977592881927,0.006,0.007,0.0065000000000000014,0.006500000000000001,0.0005,32,32,2560,10240,51200,False,648,4
0.011,0.014,0.013238095238095242,0.013000000000000001,0.0006834619092574916,0.006,0.007,0.006300000000000002,0.006,0.000458257569495584,0.014750000000000001,0.01725,0.0156,0.015625,0.0007305819598101232,0.011,0.012,0.011600000000000003,0.012,0.0004898979485566361,0.00475,0.00475,0.004750000000000001,0.00475,8.673617379884035e-19,0.0165,0.023,0.0176875,0.01675,0.0021677681495030775,0.003,0.0035,0.003412500000000001,0.0035,0.00018157298807917438,0.01375,0.0145,0.0142,0.01425,0.0001695582495781319,0.006,0.008,0.006400000000000001,0.006,0.0005830951894845301,32,32,2560,10240,51200,False,640,4
0.011,0.014,0.013047619047619051,0.013000000000000001,0.0005753831415997416,0.006,0.007,0.006250000000000001,0.006,0.00043301270189221935,0.01425,0.0175,0.015875,0.015875,0.0010680004681646918,0.01,0.012,0.010950000000000001,0.011,0.0003840572873934304,0.00475,0.00475,0.004750000000000001,0.00475,8.673617379884035e-19,0.0165,0.02275,0.017275,0.01675,0.001788679680658334,0.003,0.0035,0.003337500000000001,0.0032500000000000003,0.0001634587103827752,0.0135,0.01425,0.014125000000000002,0.01425,0.00020155644370746392,0.006,0.006,0.006000000000000001,0.006,8.673617379884035e-19,32,32,2560,10240,51200,False,632,4
0.011,0.013000000000000001,0.01285714285714286,0.013000000000000001,0.00046656947481584394,0.006,0.007,0.006100000000000001,0.006,0.00030000000000000003,0.0145,0.01725,0.0159875,0.016,0.0009436465175053638,0.01,0.012,0.010900000000000002,0.011,0.0004358898943540672,0.00475,0.00475,0.004750000000000001,0.00475,8.673617379884035e-19,0.0165,0.023,0.0175875,0.01675,0.0022097440462641818,0.003,0.0035,0.003275000000000001,0.0032500000000000003,0.00015612494995995995,0.01375,0.01425,0.014062500000000002,0.014,0.00017455300054711192,0.006,0.007,0.0060500000000000016,0.006,0.0002179449471770337,32,32,2560,10240,51200,False,624,4
0.011,0.014,0.012952380952380957,0.013000000000000001,0.0005753831415997418,0.006,0.007,0.006100000000000001,0.006,0.00030000000000000003,0.015,0.017750000000000002,0.016187499999999997,0.016125,0.001015120066790132,0.01,0.011,0.010850000000000002,0.011,0.0003570714214271422,0.00475,0.00475,0.004750000000000001,0.00475,8.673617379884035e-19,0.0165,0.023,0.0197375,0.01975,0.0030418692854887763,0.00275,0.0035,0.003087500000000001,0.003125,0.0002132340263653999,0.01375,0.0145,0.014025,0.014,0.0002727178028658931,0.006,0.007,0.0060500000000000016,0.006,0.0002179449471770337,32,32,2560,10240,51200,False,616,4
0.011,0.013000000000000001,0.012571428571428575,0.013000000000000001,0.0005832118435198048,0.006,0.007,0.006150000000000001,0.006,0.0003570714214271425,0.0145,0.017,0.0159375,0.016,0.0009710657804700981,0.01,0.011,0.010600000000000002,0.011,0.0004898979485566352,0.00475,0.005,0.004762500000000001,0.00475,5.448623679425847e-05,0.0165,0.023,0.017375,0.01675,0.001841364982832029,0.003,0.0035,0.003275000000000001,0.0032500000000000003,0.00013462912017836258,0.01375,0.0145,0.014224999999999998,0.01425,0.00017500000000000013,0.006,0.006,0.006000000000000001,0.006,8.673617379884035e-19,32,32,2560,10240,51200,False,608,4
0.01,0.013000000000000001,0.012285714285714289,0.012,0.0006998542122237657,0.006,0.007,0.006100000000000001,0.006,0.00030000000000000003,0.0145,0.017,0.01595,0.016,0.0009797958971132718,0.01,0.011,0.010600000000000002,0.011,0.0004898979485566352,0.00475,0.00475,0.004750000000000001,0.00475,8.673617379884035e-19,0.01625,0.02275,0.019225,0.01675,0.0028938512401296642,0.00275,0.0032500000000000003,0.0030500000000000006,0.0032500000000000003,0.0002318404623873928,0.0135,0.01425,0.0138875,0.014,0.0003208874413248362,0.006,0.006,0.006000000000000001,0.006,8.673617379884035e-19,32,32,2560,10240,51200,False,600,4
0.01,0.013000000000000001,0.01247619047619048,0.013000000000000001,0.0007315376902732013,0.006,0.007,0.006100000000000001,0.006,0.00030000000000000003,0.0145,0.01725,0.0159,0.016,0.0009433981132056609,0.01,0.011,0.010750000000000001,0.011,0.00043301270189221897,0.00475,0.00475,0.004750000000000001,0.00475,8.673617379884035e-19,0.0165,0.023,0.0196125,0.019625,0.002920268609220733,0.00275,0.0032500000000000003,0.0029625000000000007,0.003,0.0001980372439719359,0.0135,0.01425,0.0139125,0.013875,0.00028804296554507306,0.006,0.006,0.006000000000000001,0.006,8.673617379884035e-19,32,32,2560,10240,51200,False,592,4
0.01,0.013000000000000001,0.012142857142857146,0.012,0.0006388765649999402,0.006,0.007,0.006100000000000001,0.006,0.00030000000000000003,0.01425,0.01725,0.0159,0.016,0.0011079259903080173,0.01,0.011,0.010650000000000001,0.011,0.0004769696007084724,0.00475,0.00475,0.004750000000000001,0.00475,8.673617379884035e-19,0.0165,0.023,0.0176,0.01675,0.002135122947279617,0.00275,0.0032500000000000003,0.0031250000000000006,0.0032500000000000003,0.00018540496217739179,0.01375,0.0145,0.014212500000000003,0.01425,0.00022741756748325336,0.006,0.006,0.006000000000000001,0.006,8.673617379884035e-19,32,32,2560,10240,51200,False,584,4
0.01,0.013000000000000001,0.012095238095238098,0.012,0.0006098213559459858,0.006,0.007,0.0060500000000000016,0.006,0.0002179449471770337,0.014,0.017,0.0157125,0.016,0.0010255333977984336,0.01,0.011,0.0105,0.010499999999999999,0.0004999999999999996,0.00475,0.00475,0.004750000000000001,0.00475,8.673617379884035e-19,0.0165,0.02275,0.0191125,0.01675,0.0029213385202677207,0.00275,0.0032500000000000003,0.0029625000000000007,0.003,0.0001980372439719359,0.0135,0.01425,0.014025,0.01425,0.000261007662722764,0.006,0.006,0.006000000000000001,0.006,8.673617379884035e-19,32,32,2560,10240,51200,False,576,4
0.01,0.013000000000000001,0.011904761904761908,0.012,0.0005259695722470125,0.006,0.007,0.006150000000000001,0.006,0.0003570714214271425,0.0145,0.0175,0.0158,0.015875,0.001008092257682798,0.01,0.011,0.0103,0.01,0.0004582575694955836,0.00475,0.00475,0.004750000000000001,0.00475,8.673617379884035e-19,0.01625,0.02275,0.01785,0.01675,0.002424355584480131,0.00275,0.0032500000000000003,0.0030000000000000005,0.003,0.0001581138830084191,0.0135,0.01425,0.013912500000000003,0.014,0.0002274175674832533,0.006,0.006,0.006000000000000001,0.006,8.673617379884035e-19,32,32,2560,10240,51200,False,568,4
0.01,0.012,0.011714285714285717,0.012,0.0005471012044321935,0.006,0.006,0.006000000000000001,0.006,8.673617379884035e-19,0.01425,0.01675,0.0156,0.01575,0.001010569146570387,0.01,0.011,0.01025,0.01,0.00043301270189221897,0.00475,0.00475,0.004750000000000001,0.00475,8.673617379884035e-19,0.01625,0.0225,0.017762500000000004,0.01675,0.0023418408891297455,0.00275,0.003,0.0029500000000000004,0.003,0.0001000000000000001,0.0135,0.01425,0.01395,0.014,0.0002031009601158992,0.006,0.006,0.006000000000000001,0.006,8.673617379884035e-19,32,32,2560,10240,51200,False,560,4
0.01,0.013000000000000001,0.01185714285714286,0.012,0.0005593971487843208,0.006,0.007,0.006100000000000001,0.006,0.00030000000000000003,0.015,0.0175,0.0162,0.016125,0.0009766012492312315,0.01,0.011,0.0103,0.01,0.0004582575694955836,0.00475,0.00475,0.004750000000000001,0.00475,8.673617379884035e-19,0.01625,0.023,0.019612499999999998,0.019625,0.002996325875134411,0.00275,0.003,0.0028750000000000004,0.002875,0.0001250000000000001,0.0135,0.01425,0.013875000000000002,0.013875,0.00030103986446980766,0.006,0.006,0.006000000000000001,0.006,8.673617379884035e-19,32,32,2560,10240,51200,False,552,4
0.01,0.012,0.011809523809523811,0.012,0.0004994327848429295,0.006,0.007,0.006100000000000001,0.006,0.00030000000000000003,0.014,0.0165,0.015262499999999998,0.015125,0.0010795687796523205,0.01,0.011,0.010650000000000001,0.011,0.0004769696007084724,0.00475,0.00475,0.004750000000000001,0.00475,8.673617379884035e-19,0.02025,0.021,0.0205375,0.0205,0.0002654595072699415,0.00275,0.003,0.0027750000000000006,0.00275,7.500000000000007e-05,0.01375,0.014,0.013850000000000001,0.01375,0.000122474487139159,0.006,0.006,0.006000000000000001,0.006,8.673617379884035e-19,32,32,2560,10240,51200,False,544,4
0.01,0.012,0.011666666666666669,0.012,0.0005634361698190113,0.006,0.007,0.006100000000000001,0.006,0.00030000000000000003,0.01375,0.01625,0.014924999999999999,0.014875,0.0009154916711800277,0.01,0.011,0.0102,0.01,0.0003999999999999996,0.00475,0.00475,0.004750000000000001,0.00475,8.673617379884035e-19,0.02,0.021,0.0205125,0.0205,0.00033980693047670497,0.00275,0.003,0.0027625,0.00275,5.448623679425848e-05,0.0135,0.01375,0.013725000000000001,0.01375,7.500000000000007e-05,0.006,0.006,0.006000000000000001,0.006,8.673617379884035e-19,32,32,2560,10240,51200,False,536,4
0.009000000000000001,0.012,0.011285714285714288,0.011,0.0006998542122237654,0.006,0.007,0.0060500000000000016,0.006,0.0002179449471770337,0.01375,0.0165,0.014912499999999999,0.014875,0.0009363326065026253,0.009000000000000001,0.01,0.009100000000000002,0.009000000000000001,0.00029999999999999976,0.00475,0.005,0.004762500000000001,0.00475,5.448623679425847e-05,0.02,0.02075,0.02045,0.0205,0.00021794494717703388,0.0025,0.00275,0.0027375000000000003,0.00275,5.4486236794258375e-05,0.0135,0.01375,0.013725000000000001,0.01375,7.500000000000007e-05,0.006,0.006,0.006000000000000001,0.006,8.673617379884035e-19,32,32,2560,10240,51200,False,528,4
0.009000000000000001,0.012,0.01123809523809524,0.011,0.0006834619092574916,0.006,0.007,0.006150000000000001,0.006,0.0003570714214271425,0.01375,0.0165,0.014937499999999998,0.014875,0.0009613629647536875,0.008,0.009000000000000001,0.008950000000000003,0.009000000000000001,0.00021794494717703385,0.00475,0.005,0.004825000000000001,0.00475,0.0001145643923738961,0.02,0.021,0.020550000000000002,0.0205,0.00023184046238739284,0.0025,0.00275,0.0027,0.00275,9.999999999999992e-05,0.01375,0.014,0.0138625,0.01375,0.0001243734296383276,0.006,0.006,0.006000000000000001,0.006,8.673617379884035e-19,32,32,2560,10240,51200,False,520,4
0.009000000000000001,0.011,0.010904761904761907,0.011,0.0004259177099999596,0.006,0.007,0.0060500000000000016,0.006,0.0002179449471770337,0.00975,0.01025,0.009987500000000002,0.01,9.601432184835769e-05,0.007,0.008,0.007200000000000001,0.007,0.00039999999999999996,0.00475,0.005,0.004787500000000001,0.00475,8.926785535678571e-05,0.012750000000000001,0.01325,0.012925000000000002,0.013000000000000001,0.00013919410907075046,0.0022500000000000003,0.0025,0.0024125000000000006,0.0025,0.0001192424001771181,0.01375,0.014,0.013887500000000002,0.014,0.0001243734296383276,0.006,0.006,0.006000000000000001,0.006,8.673617379884035e-19,32,32,2560,10240,51200,False,512,4
0.009000000000000001,0.011,0.010714285714285716,0.011,0.0005471012044321928,0.006,0.007,0.0060500000000000016,0.006,0.0002179449471770337,0.00975,0.01025,0.009925000000000002,0.01,0.00013919410907075068,0.007,0.007,0.007000000000000001,0.007,8.673617379884035e-19,0.00475,0.00475,0.004750000000000001,0.00475,8.673617379884035e-19,0.012750000000000001,0.013000000000000001,0.012875000000000003,0.012875000000000001,0.0001250000000000001,0.0022500000000000003,0.0025,0.002362500000000001,0.0022500000000000003,0.00012437342963832738,0.0135,0.014,0.013687500000000002,0.01375,0.00015562374497485928,0.006,0.006,0.006000000000000001,0.006,8.673617379884035e-19,32,32,2560,10240,51200,False,504,4
0.009000000000000001,0.011,0.010380952380952383,0.01,0.0005753831415997411,0.006,0.006,0.006000000000000001,0.006,8.673617379884035e-19,0.0095,0.01,0.009837500000000002,0.00975,0.00014306903927824508,0.007,0.008,0.007050000000000001,0.007,0.0002179449471770337,0.00475,0.00475,0.004750000000000001,0.00475,8.673617379884035e-19,0.012750000000000001,0.01325,0.012887500000000001,0.012875000000000001,0.00014737282653189487,0.0022500000000000003,0.0025,0.0022625000000000006,0.0022500000000000003,5.448623679425838e-05,0.0135,0.01425,0.013850000000000001,0.01375,0.0001837117307087385,0.006,0.006,0.006000000000000001,0.006,8.673617379884035e-19,32,32,2560,10240,51200,False,496,4
0.009000000000000001,0.011,0.010380952380952383,0.01,0.000575383141599741,0.006,0.006,0.006000000000000001,0.006,8.673617379884035e-19,0.00975,0.01025,0.009875000000000002,0.00975,0.00014790199457749052,0.007,0.007,0.007000000000000001,0.007,8.673617379884035e-19,0.00475,0.00475,0.004750000000000001,0.00475,8.673617379884035e-19,0.012750000000000001,0.013000000000000001,0.012837500000000002,0.012750000000000001,0.0001192424001771183,0.0022500000000000003,0.0025,0.0022750000000000005,0.0022500000000000003,7.499999999999994e-05,0.01325,0.014,0.013712499999999999,0.01375,0.00016345871038277542,0.006,0.006,0.006000000000000001,0.006,8.673617379884035e-19,32,32,2560,10240,51200,False,488,4
0.009000000000000001,0.011,0.010238095238095239,0.01,0.000525969572247012,0.006,0.006,0.006000000000000001,0.006,8.673617379884035e-19,0.00975,0.01,0.009850000000000001,0.00975,0.000122474487139159,0.007,0.008,0.007050000000000001,0.007,0.0002179449471770337,0.00475,0.005,0.004775000000000001,0.00475,7.500000000000006e-05,0.012750000000000001,0.013000000000000001,0.012887500000000001,0.013000000000000001,0.0001243734296383276,0.0022500000000000003,0.0022500000000000003,0.0022500000000000007,0.0022500000000000003,4.336808689942018e-19,0.0135,0.014,0.013825,0.01375,0.00016007810593582136,0.006,0.006,0.006000000000000001,0.006,8.673617379884035e-19,32,32,2560,10240,51200,False,480,4
0.009000000000000001,0.011,0.010047619047619048,0.01,0.00037495275590532397,0.006,0.007,0.0060500000000000016,0.006,0.0002179449471770337,0.0095,0.01,0.009787500000000001,0.00975,0.0001192424001771183,0.007,0.008,0.007150000000000001,0.007,0.0003570714214271425,0.00475,0.00475,0.004750000000000001,0.00475,8.673617379884035e-19,0.012750000000000001,0.013000000000000001,0.012800000000000002,0.012750000000000001,0.00010000000000000007,0.0022500000000000003,0.0022500000000000003,0.0022500000000000007,0.0022500000000000003,4.336808689942018e-19,0.0135,0.014,0.013712499999999999,0.01375,0.00014306903927824508,0.006,0.006,0.006000000000000001,0.006,8.673617379884035e-19,32,32,2560,10240,51200,False,472,4
0.009000000000000001,0.01,0.009952380952380956,0.01,0.00021295885499997977,0.006,0.006,0.006000000000000001,0.006,8.673617379884035e-19,0.00975,0.01,0.009837500000000002,0.00975,0.0001192424001771183,0.007,0.007,0.007000000000000001,0.007,8.673617379884035e-19,0.00475,0.00475,0.004750000000000001,0.00475,8.673617379884035e-19,0.0125,0.013000000000000001,0.012775000000000003,0.012750000000000001,0.00013462912017836272,0.002,0.0022500000000000003,0.0022375000000000008,0.0022500000000000003,5.448623679425846e-05,0.0135,0.01375,0.0136875,0.01375,0.00010825317547305493,0.006,0.006,0.006000000000000001,0.006,8.673617379884035e-19,32,32,2560,10240,51200,False,464,4
0.008,0.01,0.009904761904761908,0.01,0.00042591770999995997,0.006,0.007,0.0060500000000000016,0.006,0.0002179449471770337,0.00975,0.01,0.009812500000000002,0.00975,0.00010825317547305495,0.007,0.007,0.007000000000000001,0.007,8.673617379884035e-19,0.00475,0.005,0.004825000000000001,0.00475,0.00011456439237389609,0.012750000000000001,0.013000000000000001,0.012875000000000003,0.012875000000000001,0.0001250000000000001,0.002,0.0022500000000000003,0.0022375000000000008,0.0022500000000000003,5.448623679425846e-05,0.01375,0.014,0.013900000000000001,0.014,0.00012247448713915903,0.006,0.006,0.006000000000000001,0.006,8.673617379884035e-19,32,32,2560,10240,51200,False,456,4
0.008,0.01,0.009809523809523813,0.01,0.0004994327848429292,0.006,0.006,0.006000000000000001,0.006,8.673617379884035e-19,0.0095,0.01,0.009775000000000002,0.00975,0.00010897247358851694,0.007,0.007,0.007000000000000001,0.007,8.673617379884035e-19,0.00475,0.005,0.004812500000000001,0.00475,0.00010825317547305493,0.012750000000000001,0.013000000000000001,0.012837500000000002,0.012750000000000001,0.0001192424001771183,0.002,0.0022500000000000003,0.0021500000000000004,0.0022500000000000003,0.000122474487139159,0.0135,0.014,0.013887500000000002,0.014,0.00014737282653189506,0.006,0.006,0.006000000000000001,0.006,8.673617379884035e-19,32,32,2560,10240,51200,False,448,4
0.008,0.01,0.009714285714285717,0.01,0.000547101204432193,0.006,0.006,0.006000000000000001,0.006,8.673617379884035e-19,0.00975,0.01,0.009825000000000002,0.00975,0.0001145643923738961,0.006,0.008,0.0069500000000000004,0.007,0.00038405728739343044,0.00475,0.00475,0.004750000000000001,0.00475,8.673617379884035e-19,0.0125,0.013000000000000001,0.012725000000000004,0.012750000000000001,0.00010897247358851694,0.002,0.0022500000000000003,0.0020625000000000005,0.002,0.00010825317547305495,0.01325,0.01375,0.013612500000000003,0.013625,0.00014737282653189506,0.006,0.006,0.006000000000000001,0.006,8.673617379884035e-19,32,32,2560,10240,51200,False,440,4
0.008,0.01,0.00966666666666667,0.01,0.0005634361698190108,0.006,0.006,0.006000000000000001,0.006,8.673617379884035e-19,0.00975,0.01,0.009787500000000001,0.00975,8.926785535678571e-05,0.006,0.007,0.0069500000000000004,0.007,0.0002179449471770337,0.00475,0.00475,0.004750000000000001,0.00475,8.673617379884035e-19,0.0125,0.013000000000000001,0.012712500000000002,0.012750000000000001,0.0001430690392782451,0.002,0.002,0.0020000000000000005,0.002,4.336808689942018e-19,0.0135,0.014,0.013725000000000001,0.01375,0.00010897247358851693,0.006,0.006,0.006000000000000001,0.006,8.673617379884035e-19,32,32,2560,10240,51200,False,432,4
0.008,0.01,0.009238095238095241,0.009000000000000001,0.0005259695722470122,0.006,0.007,0.0060500000000000016,0.006,0.0002179449471770337,0.0095,0.01,0.009762500000000002,0.00975,0.00012437342963832762,0.006,0.007,0.006950000000000002,0.007,0.00021794494717703366,0.00475,0.00475,0.004750000000000001,0.00475,8.673617379884035e-19,0.0125,0.013000000000000001,0.012725000000000004,0.012750000000000001,0.00010897247358851694,0.002,0.0022500000000000003,0.0020125000000000004,0.002,5.448623679425848e-05,0.0135,0.014,0.0137375,0.01375,0.0001473728265318951,0.005,0.006,0.005950000000000001,0.006,0.00021794494717703366,32,32,2560,10240,51200,False,424,4
0.008,0.01,0.009142857142857145,0.009000000000000001,0.0004665694748158433,0.006,0.006,0.006000000000000001,0.006,8.673617379884035e-19,0.0095,0.01,0.009737500000000001,0.00975,0.0001473728265318951,0.006,0.007,0.006850000000000002,0.007,0.0003570714214271425,0.00475,0.00475,0.004750000000000001,0.00475,8.673617379884035e-19,0.0125,0.013000000000000001,0.012737500000000002,0.012750000000000001,9.601432184835769e-05,0.002,0.002,0.0020000000000000005,0.002,4.336808689942018e-19,0.0135,0.014,0.013800000000000002,0.01375,0.00012747548783981972,0.004,0.006,0.0054,0.005,0.0005830951894845301,32,32,2560,10240,51200,False,416,4
0.008,0.009000000000000001,0.008952380952380955,0.009000000000000001,0.00021295885499998015,0.006,0.007,0.006100000000000001,0.006,0.00030000000000000003,0.0095,0.01,0.009637500000000002,0.009625,0.00014737282653189506,0.006,0.007,0.006950000000000002,0.007,0.00021794494717703366,0.00475,0.00475,0.004750000000000001,0.00475,8.673617379884035e-19,0.0125,0.012750000000000001,0.012675000000000002,0.012750000000000001,0.0001145643923738961,0.002,0.002,0.0020000000000000005,0.002,4.336808689942018e-19,0.01325,0.014,0.0136625,0.01375,0.00016345871038277542,0.004,0.006,0.005000000000000001,0.005,0.0007071067811865476,32,32,2560,10240,51200,False,408,4
0.007,0.009000000000000001,0.008904761904761907,0.009000000000000001,0.0004259177099999602,0.006,0.006,0.006000000000000001,0.006,8.673617379884035e-19,0.0095,0.00975,0.009625000000000002,0.009625,0.0001250000000000001,0.006,0.008,0.006900000000000001,0.007,0.0004358898943540674,0.00475,0.00475,0.004750000000000001,0.00475,8.673617379884035e-19,0.01225,0.012750000000000001,0.012600000000000004,0.0125,0.00014577379737113266,0.002,0.002,0.0020000000000000005,0.002,4.336808689942018e-19,0.0135,0.014,0.013675000000000001,0.01375,0.00013919410907075068,0.004,0.006,0.004600000000000002,0.0045000000000000005,0.0006633249580710799,32,32,2560,10240,51200,False,400,4
0.007,0.009000000000000001,0.008904761904761907,0.009000000000000001,0.0004259177099999602,0.006,0.006,0.006000000000000001,0.006,8.673617379884035e-19,0.0095,0.01,0.009700000000000002,0.00975,0.00015000000000000015,0.006,0.007,0.006650000000000001,0.007,0.00047696960070847287,0.00475,0.005,0.004762500000000001,0.00475,5.448623679425847e-05,0.0125,0.012750000000000001,0.012650000000000003,0.012750000000000001,0.000122474487139159,0.00175,0.002,0.001975,0.002,7.500000000000001e-05,0.0135,0.014,0.013837500000000003,0.01375,0.00014306903927824508,0.004,0.006,0.0043500000000000014,0.004,0.0005722761571129798,32,32,2560,10240,51200,False,392,4
0.007,0.009000000000000001,0.008904761904761907,0.009000000000000001,0.0004259177099999602,0.006,0.006,0.006000000000000001,0.006,8.673617379884035e-19,0.00975,0.01,0.009787500000000001,0.00975,8.926785535678571e-05,0.006,0.007,0.006900000000000002,0.007,0.00030000000000000003,0.00375,0.004,0.003912500000000001,0.004,0.00011924240017711833,0.00875,0.009000000000000001,0.008775000000000002,0.00875,7.500000000000006e-05,0.0015,0.00175,0.0016375000000000005,0.00175,0.0001243734296383275,0.0115,0.01225,0.011887500000000002,0.012,0.00018498310733685945,0.004,0.006,0.004500000000000001,0.004,0.0005916079783099615,32,32,2560,10240,51200,False,384,4
0.007,0.009000000000000001,0.008809523809523812,0.009000000000000001,0.0004994327848429296,0.006,0.006,0.006000000000000001,0.006,8.673617379884035e-19,0.0095,0.01,0.009737500000000001,0.00975,0.0001243734296383276,0.006,0.007,0.006650000000000001,0.007,0.00047696960070847287,0.00375,0.004,0.0039000000000000007,0.004,0.00012247448713915903,0.0085,0.009000000000000001,0.008712500000000001,0.00875,0.00014306903927824508,0.0015,0.00175,0.0015125000000000004,0.0015,5.448623679425842e-05,0.01125,0.012,0.011675000000000001,0.01175,0.0001600781059358214,0.004,0.005,0.004050000000000001,0.004,0.0002179449471770337,32,32,2560,10240,51200,False,376,4
0.007,0.009000000000000001,0.008333333333333335,0.008,0.0005634361698190115,0.006,0.006,0.006000000000000001,0.006,8.673617379884035e-19,0.0095,0.01,0.009700000000000002,0.00975,0.00015000000000000015,0.006,0.007,0.006700000000000002,0.007,0.00045825756949558405,0.004,0.00425,0.004150000000000001,0.00425,0.00012247448713915903,0.0085,0.009000000000000001,0.008787500000000002,0.00875,0.0001192424001771183,0.0015,0.00175,0.0015250000000000003,0.0015,7.500000000000001e-05,0.01175,0.0125,0.012087500000000003,0.012,0.00016345871038277542,0.004,0.005,0.004300000000000001,0.004,0.00045825756949558405,32,32,2560,10240,51200,False,368,4
0.007,0.009000000000000001,0.00804761904761905,0.008,0.00037495275590532456,0.006,0.006,0.006000000000000001,0.006,8.673617379884035e-19,0.0095,0.01,0.009687500000000002,0.00975,0.00013404756618454522,0.006,0.007,0.006850000000000002,0.007,0.0003570714214271425,0.004,0.00425,0.0040750000000000005,0.004,0.0001145643923738961,0.0085,0.00925,0.008837500000000002,0.00875,0.00019803724397193573,0.0015,0.00175,0.0015250000000000003,0.0015,7.500000000000001e-05,0.0125,0.013000000000000001,0.012787500000000002,0.012750000000000001,0.0001634587103827754,0.004,0.005,0.004150000000000001,0.004,0.0003570714214271425,32,32,2560,10240,51200,False,360,4
0.007,0.008,0.007952380952380954,0.008,0.00021295885499997998,0.006,0.006,0.006000000000000001,0.006,8.673617379884035e-19,0.00775,0.008,0.007950000000000002,0.008,0.00010000000000000009,0.005,0.005,0.005000000000000001,0.005,8.673617379884035e-19,0.0032500000000000003,0.0035,0.003425000000000001,0.0035,0.0001145643923738959,0.0085,0.00925,0.008937500000000003,0.009000000000000001,0.0001745530005471116,0.0015,0.00175,0.0015125000000000004,0.0015,5.448623679425842e-05,0.01,0.01025,0.010150000000000003,0.01025,0.00012247448713915903,0.004,0.005,0.004250000000000001,0.004,0.00043301270189221935,32,32,2560,10240,51200,False,352,4
0.007,0.008,0.007952380952380954,0.008,0.00021295885499997998,0.006,0.006,0.006000000000000001,0.006,8.673617379884035e-19,0.00775,0.008,0.0077750000000000015,0.00775,7.500000000000006e-05,0.005,0.005,0.005000000000000001,0.005,8.673617379884035e-19,0.0032500000000000003,0.0035,0.003425000000000001,0.0035,0.00011456439237389589,0.00875,0.00925,0.009050000000000002,0.009000000000000001,0.00016955824957813116,0.0015,0.0015,0.0015000000000000002,0.0015,2.168404344971009e-19,0.01,0.0105,0.010125000000000002,0.01,0.00014790199457749052,0.004,0.005,0.004050000000000001,0.004,0.0002179449471770337,32,32,2560,10240,51200,False,344,4
0.007,0.008,0.007952380952380954,0.008,0.00021295885499997998,0.006,0.006,0.006000000000000001,0.006,8.673617379884035e-19,0.00775,0.008,0.007787500000000001,0.00775,8.926785535678571e-05,0.005,0.005,0.005000000000000001,0.005,8.673617379884035e-19,0.0032500000000000003,0.0035,0.003450000000000001,0.0035,9.999999999999992e-05,0.009000000000000001,0.00975,0.009287500000000002,0.00925,0.00018157298807917413,0.0015,0.0015,0.0015000000000000002,0.0015,2.168404344971009e-19,0.01,0.0105,0.010125000000000002,0.01,0.00014790199457749055,0.004,0.004,0.004000000000000001,0.004,8.673617379884035e-19,32,32,2560,10240,51200,False,336,4
0.007,0.008,0.007952380952380954,0.008,0.00021295885499997998,0.006,0.006,0.006000000000000001,0.006,8.673617379884035e-19,0.00775,0.008,0.007912500000000001,0.008,0.00011924240017711833,0.005,0.005,0.005000000000000001,0.005,8.673617379884035e-19,0.0032500000000000003,0.0035,0.003475000000000001,0.0035,7.499999999999994e-05,0.00925,0.00975,0.009475,0.0095,0.0001920286436967154,0.00125,0.0015,0.0014500000000000003,0.0015,0.0001,0.00975,0.01025,0.010050000000000002,0.01,0.00012747548783981972,0.004,0.004,0.004000000000000001,0.004,8.673617379884035e-19,32,32,2560,10240,51200,False,328,4
0.007,0.008,0.007952380952380954,0.008,0.00021295885499997998,0.006,0.006,0.006000000000000001,0.006,8.673617379884035e-19,0.00775,0.008,0.007937500000000002,0.008,0.00010825317547305492,0.005,0.005,0.005000000000000001,0.005,8.673617379884035e-19,0.0035,0.0035,0.0035000000000000005,0.0035,4.336808689942018e-19,0.01175,0.0125,0.012012500000000002,0.012,0.0002011684617428887,0.0015,0.00175,0.0015375000000000002,0.0015,8.926785535678563e-05,0.00925,0.0095,0.009475,0.0095,7.500000000000007e-05,0.004,0.004,0.004000000000000001,0.004,8.673617379884035e-19,32,32,2560,10240,51200,False,320,4
0.006,0.008,0.007809523809523811,0.008,0.0004994327848429294,0.006,0.006,0.006000000000000001,0.006,8.673617379884035e-19,0.00775,0.008,0.007812500000000002,0.00775,0.00010825317547305495,0.005,0.005,0.005000000000000001,0.005,8.673617379884035e-19,0.0032500000000000003,0.0035,0.003450000000000001,0.0035,9.999999999999992e-05,0.01175,0.01225,0.011950000000000002,0.012,0.00015000000000000012,0.0015,0.00175,0.0015125000000000004,0.0015,5.448623679425842e-05,0.00925,0.0095,0.00935,0.00925,0.000122474487139159,0.004,0.004,0.004000000000000001,0.004,8.673617379884035e-19,32,32,2560,10240,51200,False,312,4
0.006,0.008,0.007333333333333335,0.007,0.0005634361698190111,0.006,0.006,0.006000000000000001,0.006,8.673617379884035e-19,0.00775,0.008,0.007787500000000001,0.00775,8.926785535678571e-05,0.005,0.005,0.005000000000000001,0.005,8.673617379884035e-19,0.0032500000000000003,0.0035,0.003487500000000001,0.0035,5.448623679425838e-05,0.01175,0.0125,0.012075000000000002,0.012,0.00017853571071357142,0.0015,0.00175,0.0015125000000000004,0.0015,5.448623679425842e-05,0.00925,0.0095,0.009375000000000001,0.009375,0.0001250000000000001,0.004,0.004,0.004000000000000001,0.004,8.673617379884035e-19,32,32,2560,10240,51200,False,304,4
0.006,0.008,0.007047619047619048,0.007,0.0003749527559053243,0.006,0.006,0.006000000000000001,0.006,8.673617379884035e-19,0.00775,0.008,0.0079,0.008,0.00012247448713915903,0.005,0.005,0.005000000000000001,0.005,8.673617379884035e-19,0.0032500000000000003,0.0035,0.003475000000000001,0.0035,7.499999999999994e-05,0.0115,0.01225,0.011937500000000002,0.012,0.00020728904939721268,0.0015,0.0015,0.0015000000000000002,0.0015,2.168404344971009e-19,0.00925,0.0095,0.009362500000000001,0.00925,0.0001243734296383276,0.004,0.004,0.004000000000000001,0.004,8.673617379884035e-19,32,32,2560,10240,51200,False,296,4
0.006,0.008,0.007000000000000001,0.007,0.00030860669992418383,0.006,0.006,0.006000000000000001,0.006,8.673617379884035e-19,0.00775,0.008,0.0079,0.008,0.00012247448713915903,0.005,0.005,0.005000000000000001,0.005,8.673617379884035e-19,0.0032500000000000003,0.0035,0.003475000000000001,0.0035,7.499999999999994e-05,0.01175,0.0125,0.011987500000000002,0.012,0.00024334902917414754,0.0015,0.0015,0.0015000000000000002,0.0015,2.168404344971009e-19,0.00925,0.0095,0.009362500000000001,0.00925,0.0001243734296383276,0.004,0.004,0.004000000000000001,0.004,8.673617379884035e-19,32,32,2560,10240,51200,False,288,4
0.006,0.008,0.007047619047619048,0.007,0.0003749527559053243,0.006,0.006,0.006000000000000001,0.006,8.673617379884035e-19,0.00775,0.008,0.007800000000000001,0.00775,0.00010000000000000007,0.005,0.005,0.005000000000000001,0.005,8.673617379884035e-19,0.0032500000000000003,0.00375,0.0035125000000000004,0.0035,0.0001243734296383274,0.01175,0.01225,0.011950000000000002,0.012,0.00012747548783981975,0.0015,0.0015,0.0015000000000000002,0.0015,2.168404344971009e-19,0.00925,0.0095,0.00935,0.00925,0.000122474487139159,0.004,0.004,0.004000000000000001,0.004,8.673617379884035e-19,32,32,2560,10240,51200,False,280,4
0.006,0.007,0.006952380952380955,0.007,0.00021295885499997996,0.006,0.006,0.006000000000000001,0.006,8.673617379884035e-19,0.00775,0.008,0.007762500000000001,0.00775,5.448623679425847e-05,0.005,0.005,0.005000000000000001,0.005,8.673617379884035e-19,0.0032500000000000003,0.0035,0.003475000000000001,0.0035,7.499999999999994e-05,0.01175,0.01225,0.011937500000000002,0.012,0.0001556237449748593,0.00125,0.0015,0.0014875000000000003,0.0015,5.448623679425842e-05,0.0095,0.01,0.009662500000000001,0.009625,0.00018157298807917457,0.004,0.004,0.004000000000000001,0.004,8.673617379884035e-19,32,32,2560,10240,51200,False,272,4
0.006,0.007,0.006952380952380955,0.007,0.00021295885499997996,0.006,0.006,0.006000000000000001,0.006,8.673617379884035e-19,0.00775,0.008,0.007850000000000001,0.00775,0.000122474487139159,0.004,0.005,0.004050000000000001,0.004,0.0002179449471770337,0.0035,0.00375,0.0035125000000000004,0.0035,5.4486236794258375e-05,0.01175,0.01225,0.011925000000000002,0.012,0.00016007810593582136,0.00125,0.0015,0.0014125000000000001,0.0015,0.00011924240017711823,0.00925,0.01,0.009587500000000002,0.0095,0.00018157298807917454,0.004,0.004,0.004000000000000001,0.004,8.673617379884035e-19,32,32,2560,10240,51200,False,264,4
0.005,0.007,0.006904761904761907,0.007,0.0004259177099999599,0.006,0.006,0.006000000000000001,0.006,8.673617379884035e-19,0.00575,0.006,0.005825000000000001,0.00575,0.0001145643923738961,0.004,0.005,0.004800000000000001,0.005,0.0004,0.0035,0.0035,0.0035000000000000005,0.0035,4.336808689942018e-19,0.008,0.0085,0.008287500000000001,0.00825,0.00011924240017711831,0.00125,0.00125,0.0012500000000000002,0.00125,2.168404344971009e-19,0.00925,0.0095,0.00935,0.00925,0.000122474487139159,0.004,0.004,0.004000000000000001,0.004,8.673617379884035e-19,32,32,2560,10240,51200,False,256,4
0.005,0.007,0.006761904761904764,0.007,0.0005259695722470124,0.006,0.006,0.006000000000000001,0.006,8.673617379884035e-19,0.0055,0.006,0.005787500000000001,0.00575,0.00011924240017711831,0.004,0.005,0.004150000000000001,0.004,0.0003570714214271425,0.0032500000000000003,0.0035,0.0032625000000000006,0.0032500000000000003,5.448623679425838e-05,0.008,0.0085,0.008250000000000002,0.00825,7.905694150420955e-05,0.00125,0.00125,0.0012500000000000002,0.00125,2.168404344971009e-19,0.009000000000000001,0.0095,0.009250000000000003,0.00925,7.905694150420928e-05,0.004,0.005,0.004050000000000001,0.004,0.0002179449471770337,32,32,2560,10240,51200,False,248,4
0.005,0.007,0.006619047619047621,0.007,0.0005753831415997416,0.006,0.006,0.006000000000000001,0.006,8.673617379884035e-19,0.0055,0.006,0.005737500000000001,0.00575,9.601432184835769e-05,0.004,0.005,0.004150000000000001,0.004,0.0003570714214271425,0.0032500000000000003,0.0035,0.0033125000000000008,0.0032500000000000003,0.00010825317547305474,0.008,0.0085,0.008275000000000001,0.00825,0.00010897247358851694,0.00125,0.00125,0.0012500000000000002,0.00125,2.168404344971009e-19,0.009000000000000001,0.0095,0.009250000000000003,0.00925,0.00013693063937629117,0.004,0.004,0.004000000000000001,0.004,8.673617379884035e-19,32,32,2560,10240,51200,False,240,4
0.005,0.007,0.00642857142857143,0.006,0.0005832118435198043,0.006,0.006,0.006000000000000001,0.006,8.673617379884035e-19,0.00575,0.006,0.005787500000000001,0.00575,8.926785535678571e-05,0.004,0.005,0.004050000000000001,0.004,0.0002179449471770337,0.0032500000000000003,0.0035,0.003300000000000001,0.0032500000000000003,9.999999999999991e-05,0.008,0.0085,0.008225000000000001,0.00825,0.00013462912017836272,0.001,0.00125,0.0010625000000000003,0.001,0.00010825317547305484,0.009000000000000001,0.0095,0.009237500000000003,0.00925,0.0001243734296383271,0.004,0.004,0.004000000000000001,0.004,8.673617379884035e-19,32,32,2560,10240,51200,False,232,4
0.005,0.007,0.006095238095238096,0.006,0.00042591770999995997,0.006,0.006,0.006000000000000001,0.006,8.673617379884035e-19,0.00575,0.006,0.005762500000000001,0.00575,5.448623679425847e-05,0.004,0.005,0.004050000000000001,0.004,0.0002179449471770337,0.0032500000000000003,0.0035,0.003275000000000001,0.0032500000000000003,7.499999999999994e-05,0.008,0.0085,0.008237500000000002,0.00825,9.601432184835769e-05,0.001,0.00125,0.0010250000000000003,0.001,7.500000000000001e-05,0.009000000000000001,0.0095,0.009175000000000003,0.00925,0.0001600781059358206,0.004,0.004,0.004000000000000001,0.004,8.673617379884035e-19,32,32,2560,10240,51200,False,224,4
0.005,0.006,0.005952380952380954,0.006,0.00021295885499997998,0.006,0.006,0.006000000000000001,0.006,8.673617379884035e-19,0.00575,0.006,0.005825000000000001,0.00575,0.0001145643923738961,0.004,0.005,0.004050000000000001,0.004,0.0002179449471770337,0.0032500000000000003,0.0035,0.0032625000000000006,0.0032500000000000003,5.448623679425838e-05,0.008,0.0085,0.008100000000000001,0.008,0.00014577379737113264,0.001,0.00125,0.0010125000000000002,0.001,5.448623679425842e-05,0.009000000000000001,0.0095,0.009162500000000002,0.009125000000000001,0.00018157298807917375,0.004,0.004,0.004000000000000001,0.004,8.673617379884035e-19,32,32,2560,10240,51200,False,216,4
0.005,0.006,0.005952380952380954,0.006,0.00021295885499997998,0.006,0.006,0.006000000000000001,0.006,8.673617379884035e-19,0.0055,0.00575,0.005700000000000001,0.00575,0.00010000000000000007,0.004,0.005,0.004050000000000001,0.004,0.0002179449471770337,0.0032500000000000003,0.0035,0.003287500000000001,0.0032500000000000003,8.926785535678555e-05,0.008,0.00825,0.008100000000000001,0.008,0.000122474487139159,0.001,0.00125,0.0010375000000000002,0.001,8.926785535678563e-05,0.009000000000000001,0.00925,0.009137500000000003,0.00925,0.00012437342963832673,0.004,0.004,0.004000000000000001,0.004,8.673617379884035e-19,32,32,2560,10240,51200,False,208,4
0.005,0.006,0.005952380952380954,0.006,0.00021295885499997998,0.006,0.006,0.006000000000000001,0.006,8.673617379884035e-19,0.00575,0.006,0.005787500000000001,0.00575,8.926785535678571e-05,0.004,0.004,0.004000000000000001,0.004,8.673617379884035e-19,0.0032500000000000003,0.0035,0.003300000000000001,0.0032500000000000003,9.999999999999991e-05,0.008,0.00825,0.008112500000000002,0.008,0.0001243734296383276,0.001,0.00125,0.0010125000000000002,0.001,5.448623679425842e-05,0.009000000000000001,0.0095,0.009212500000000002,0.00925,0.00011924240017711767,0.004,0.004,0.004000000000000001,0.004,8.673617379884035e-19,32,32,2560,10240,51200,False,200,4
0.004,0.006,0.005761904761904763,0.006,0.0005259695722470124,0.006,0.006,0.006000000000000001,0.006,8.673617379884035e-19,0.0055,0.006,0.005787500000000001,0.00575,0.00014306903927824508,0.004,0.004,0.004000000000000001,0.004,8.673617379884035e-19,0.003,0.0032500000000000003,0.0031750000000000007,0.0032500000000000003,0.0001145643923738961,0.00975,0.0115,0.010587500000000001,0.010624999999999999,0.0005824248878610868,0.001,0.001,0.0010000000000000002,0.001,2.168404344971009e-19,0.0075,0.00825,0.007975000000000001,0.008,0.0001750000000000002,0.004,0.004,0.004000000000000001,0.004,8.673617379884035e-19,32,32,2560,10240,51200,False,192,4
0.004,0.006,0.00580952380952381,0.006,0.0004994327848429294,0.006,0.006,0.006000000000000001,0.006,8.673617379884035e-19,0.0055,0.006,0.005737500000000001,0.00575,0.0001473728265318951,0.004,0.004,0.004000000000000001,0.004,8.673617379884035e-19,0.003,0.0032500000000000003,0.0031875000000000007,0.0032500000000000003,0.00010825317547305495,0.00975,0.01125,0.010525000000000001,0.010624999999999999,0.000616948133962653,0.001,0.001,0.0010000000000000002,0.001,2.168404344971009e-19,0.00775,0.008,0.0079625,0.008,8.926785535678571e-05,0.004,0.004,0.004000000000000001,0.004,8.673617379884035e-19,32,32,2560,10240,51200,False,184,4
0.004,0.006,0.005380952380952382,0.005,0.0005753831415997415,0.006,0.006,0.006000000000000001,0.006,8.673617379884035e-19,0.00575,0.00625,0.005950000000000001,0.006,0.00012747548783981975,0.004,0.005,0.004050000000000001,0.004,0.0002179449471770337,0.0032500000000000003,0.0035,0.003300000000000001,0.0032500000000000003,9.999999999999992e-05,0.01,0.01125,0.010637500000000001,0.01075,0.0004839615170651481,0.001,0.001,0.0010000000000000002,0.001,2.168404344971009e-19,0.0075,0.008,0.007912500000000001,0.008,0.00018157298807917454,0.004,0.004,0.004000000000000001,0.004,8.673617379884035e-19,32,32,2560,10240,51200,False,176,4
0.004,0.005,0.004952380952380954,0.005,0.00021295885499997998,0.006,0.006,0.006000000000000001,0.006,8.673617379884035e-19,0.0055,0.006,0.005900000000000001,0.006,0.00014577379737113266,0.004,0.004,0.004000000000000001,0.004,8.673617379884035e-19,0.003,0.0032500000000000003,0.003212500000000001,0.0032500000000000003,8.92678553567857e-05,0.01,0.0115,0.010625,0.01075,0.0005031152949374523,0.001,0.001,0.0010000000000000002,0.001,2.168404344971009e-19,0.0075,0.008,0.0078375,0.008,0.00021323402636539993,0.004,0.004,0.004000000000000001,0.004,8.673617379884035e-19,32,32,2560,10240,51200,False,168,4
0.004,0.005,0.004952380952380954,0.005,0.00021295885499997998,0.006,0.006,0.006000000000000001,0.006,8.673617379884035e-19,0.00575,0.006,0.005812500000000001,0.00575,0.00010825317547305493,0.004,0.004,0.004000000000000001,0.004,8.673617379884035e-19,0.0032500000000000003,0.0035,0.003275000000000001,0.0032500000000000003,7.499999999999994e-05,0.00975,0.01025,0.009925000000000002,0.01,0.00013919410907075068,0.00075,0.001,0.0008375000000000002,0.00075,0.00011924240017711822,0.00775,0.008,0.007925000000000001,0.008,0.00011456439237389609,0.004,0.004,0.004000000000000001,0.004,8.673617379884035e-19,32,32,2560,10240,51200,False,160,4
0.004,0.005,0.004952380952380954,0.005,0.00021295885499997998,0.006,0.006,0.006000000000000001,0.006,8.673617379884035e-19,0.00575,0.006,0.005800000000000001,0.00575,0.00010000000000000007,0.004,0.004,0.004000000000000001,0.004,8.673617379884035e-19,0.0032500000000000003,0.0032500000000000003,0.0032500000000000007,0.0032500000000000003,4.336808689942018e-19,0.00975,0.01025,0.009900000000000003,0.009875,0.00016583123951777014,0.00075,0.00075,0.0007500000000000001,0.00075,1.0842021724855044e-19,0.00775,0.00825,0.0079625,0.008,0.00011924240017711833,0.004,0.004,0.004000000000000001,0.004,8.673617379884035e-19,32,32,2560,10240,51200,False,152,4
0.004,0.005,0.004952380952380954,0.005,0.00021295885499997998,0.006,0.006,0.006000000000000001,0.006,8.673617379884035e-19,0.00575,0.006,0.005775000000000001,0.00575,7.500000000000006e-05,0.004,0.004,0.004000000000000001,0.004,8.673617379884035e-19,0.0032500000000000003,0.0035,0.0033875000000000008,0.0035,0.00012437342963832738,0.00975,0.01025,0.009912500000000001,0.01,0.00016345871038277542,0.00075,0.00075,0.0007500000000000001,0.00075,1.0842021724855044e-19,0.0075,0.00825,0.008112500000000002,0.00825,0.00020116846174288868,0.004,0.004,0.004000000000000001,0.004,8.673617379884035e-19,32,32,2560,10240,51200,False,144,4
0.004,0.005,0.004952380952380954,0.005,0.00021295885499997998,0.006,0.006,0.006000000000000001,0.006,8.673617379884035e-19,0.00575,0.006,0.005787500000000001,0.00575,8.926785535678571e-05,0.004,0.004,0.004000000000000001,0.004,8.673617379884035e-19,0.0032500000000000003,0.0035,0.003350000000000001,0.0032500000000000003,0.00012247448713915878,0.00975,0.01025,0.009962500000000003,0.01,0.0001192424001771183,0.00075,0.00075,0.0007500000000000001,0.00075,1.0842021724855044e-19,0.008,0.00825,0.008050000000000002,0.008,0.00010000000000000007,0.004,0.004,0.004000000000000001,0.004,8.673617379884035e-19,32,32,2560,10240,51200,False,136,4
0.004,0.005,0.0049047619047619066,0.005,0.00029354352395090366,0.006,0.006,0.006000000000000001,0.006,8.673617379884035e-19,0.005,0.00525,0.005050000000000001,0.005,0.00010000000000000009,0.003,0.004,0.0034500000000000004,0.003,0.0004974937185533101,0.00275,0.00275,0.0027500000000000003,0.00275,4.336808689942018e-19,0.00625,0.00675,0.006475000000000002,0.006500000000000001,0.00010897247358851683,0.00075,0.00075,0.0007500000000000001,0.00075,1.0842021724855044e-19,0.007,0.00775,0.007237500000000001,0.00725,0.00020116846174288841,0.004,0.004,0.004000000000000001,0.004,8.673617379884035e-19,32,32,2560,10240,51200,False,128,4
0.004,0.005,0.004714285714285716,0.005,0.0004517539514526256,0.006,0.006,0.006000000000000001,0.006,8.673617379884035e-19,0.005,0.00525,0.005037500000000001,0.005,8.926785535678571e-05,0.003,0.004,0.00355,0.004,0.00049749371855331,0.00275,0.00275,0.0027500000000000003,0.00275,4.336808689942018e-19,0.00625,0.00675,0.006387500000000002,0.00625,0.00016723860200324562,0.00075,0.00075,0.0007500000000000001,0.00075,1.0842021724855044e-19,0.007,0.00775,0.007350000000000001,0.00725,0.00026692695630078266,0.004,0.004,0.004000000000000001,0.004,8.673617379884035e-19,32,32,2560,10240,51200,False,120,4
0.004,0.005,0.004333333333333335,0.004,0.0004714045207910317,0.006,0.006,0.006000000000000001,0.006,8.673617379884035e-19,0.005,0.00525,0.005050000000000001,0.005,0.00010000000000000009,0.003,0.004,0.0035000000000000005,0.0035,0.0005,0.00275,0.00275,0.0027500000000000003,0.00275,4.336808689942018e-19,0.00625,0.006500000000000001,0.006337500000000001,0.00625,0.00011924240017711828,0.00075,0.00075,0.0007500000000000001,0.00075,1.0842021724855044e-19,0.007,0.00775,0.007275000000000001,0.00725,0.00022220486043288956,0.004,0.004,0.004000000000000001,0.004,8.673617379884035e-19,32,32,2560,10240,51200,False,112,4
0.004,0.004,0.004000000000000001,0.004,8.673617379884035e-19,0.006,0.006,0.006000000000000001,0.006,8.673617379884035e-19,0.005,0.00525,0.005037500000000001,0.005,8.926785535678571e-05,0.003,0.004,0.00355,0.004,0.00049749371855331,0.00275,0.00275,0.0027500000000000003,0.00275,4.336808689942018e-19,0.00625,0.006500000000000001,0.006400000000000001,0.006500000000000001,0.00012247448713915903,0.0005,0.00075,0.0007250000000000002,0.00075,7.500000000000001e-05,0.00725,0.008,0.007700000000000001,0.00775,0.0002318404623873926,0.003,0.004,0.0039000000000000007,0.004,0.00030000000000000003,32,32,2560,10240,51200,False,104,4
0.003,0.004,0.003952380952380953,0.004,0.00021295885499997998,0.005,0.006,0.005950000000000001,0.006,0.00021794494717703366,0.00475,0.00525,0.005000000000000001,0.005,7.905694150420955e-05,0.004,0.004,0.004000000000000001,0.004,8.673617379884035e-19,0.00275,0.00275,0.0027500000000000003,0.00275,4.336808689942018e-19,0.00625,0.006500000000000001,0.006325000000000002,0.00625,0.00011456439237389609,0.0005,0.00075,0.0005125000000000002,0.0005,5.448623679425842e-05,0.007,0.0075,0.007137500000000001,0.007,0.00016723860200324562,0.003,0.004,0.0039000000000000007,0.004,0.00030000000000000003,32,32,2560,10240,51200,False,96,4
0.003,0.004,0.003952380952380953,0.004,0.00021295885499997998,0.006,0.006,0.006000000000000001,0.006,8.673617379884035e-19,0.00475,0.00525,0.004962500000000001,0.005,0.00011924240017711833,0.004,0.004,0.004000000000000001,0.004,8.673617379884035e-19,0.00275,0.00275,0.0027500000000000003,0.00275,4.336808689942018e-19,0.00625,0.006500000000000001,0.006287500000000001,0.00625,8.926785535678571e-05,0.0005,0.00075,0.0005125000000000002,0.0005,5.448623679425842e-05,0.007,0.0075,0.0071625000000000005,0.00725,0.000143069039278245,0.003,0.004,0.00395,0.004,0.0002179449471770337,32,32,2560,10240,51200,False,88,4
0.003,0.004,0.003952380952380953,0.004,0.00021295885499997998,0.005,0.006,0.005950000000000001,0.006,0.00021794494717703366,0.00475,0.005,0.004950000000000001,0.005,0.00010000000000000007,0.004,0.004,0.004000000000000001,0.004,8.673617379884035e-19,0.00275,0.00275,0.0027500000000000003,0.00275,4.336808689942018e-19,0.00625,0.006500000000000001,0.006312500000000001,0.00625,0.00010825317547305493,0.0005,0.0005,0.0005000000000000001,0.0005,1.0842021724855044e-19,0.00725,0.0075,0.007462500000000001,0.0075,8.92678553567854e-05,0.003,0.004,0.0039000000000000007,0.004,0.00030000000000000003,32,32,2560,10240,51200,False,80,4
0.003,0.004,0.003952380952380953,0.004,0.00021295885499997998,0.005,0.006,0.005800000000000001,0.006,0.0004,0.005,0.00525,0.005050000000000001,0.005,0.00010000000000000009,0.004,0.004,0.004000000000000001,0.004,8.673617379884035e-19,0.00275,0.00275,0.0027500000000000003,0.00275,4.336808689942018e-19,0.006,0.006500000000000001,0.006287500000000001,0.00625,0.0001192424001771183,0.0005,0.0005,0.0005000000000000001,0.0005,1.0842021724855044e-19,0.007,0.00725,0.0070375,0.007,8.92678553567857e-05,0.003,0.004,0.0038500000000000006,0.004,0.0003570714214271425,32,32,2560,10240,51200,False,72,4
0.003,0.004,0.003952380952380953,0.004,0.00021295885499997998,0.005,0.006,0.005900000000000001,0.006,0.00030000000000000003,0.005,0.00525,0.005025000000000001,0.005,7.500000000000006e-05,0.003,0.004,0.0037500000000000007,0.004,0.00043301270189221935,0.0025,0.003,0.0027375000000000003,0.00275,0.00014737282653189493,0.006,0.00625,0.006025000000000001,0.006,7.500000000000006e-05,0.0005,0.0005,0.0005000000000000001,0.0005,1.0842021724855044e-19,0.00625,0.00675,0.006512500000000002,0.006500000000000001,9.601432184835747e-05,0.002,0.004,0.003400000000000001,0.004,0.0007348469228349534,32,32,2560,10240,51200,False,64,4
0.003,0.004,0.0035714285714285718,0.004,0.0004948716593053935,0.005,0.006,0.005900000000000001,0.006,0.00030000000000000003,0.00475,0.005,0.004850000000000001,0.00475,0.000122474487139159,0.003,0.004,0.0037000000000000006,0.004,0.00045825756949558394,0.00275,0.003,0.0027625,0.00275,5.448623679425848e-05,0.006,0.006500000000000001,0.006112500000000002,0.006,0.00014737282653189506,0.0005,0.0005,0.0005000000000000001,0.0005,1.0842021724855044e-19,0.006,0.006500000000000001,0.006237500000000002,0.00625,0.0001473728265318951,0.002,0.004,0.0030000000000000005,0.003,0.0007745966692414833,32,32,2560,10240,51200,False,56,4
0.003,0.003,0.0030000000000000005,0.003,4.336808689942018e-19,0.005,0.006,0.005950000000000001,0.006,0.0002179449471770337,0.00475,0.005,0.004762500000000001,0.00475,5.448623679425847e-05,0.003,0.004,0.0036000000000000003,0.004,0.0004898979485566357,0.0025,0.00275,0.0027125000000000005,0.00275,8.926785535678556e-05,0.00575,0.006,0.005837500000000001,0.00575,0.00011924240017711831,0.0005,0.0005,0.0005000000000000001,0.0005,1.0842021724855044e-19,0.006,0.006500000000000001,0.006262500000000002,0.00625,0.00018498310733685943,0.002,0.004,0.0032000000000000006,0.003,0.0006000000000000001,32,32,2560,10240,51200,False,48,4
0.003,0.003,0.0030000000000000005,0.003,4.336808689942018e-19,0.005,0.006,0.005800000000000001,0.006,0.0004,0.00475,0.005,0.004900000000000001,0.005,0.00012247448713915903,0.003,0.004,0.0038000000000000004,0.004,0.0004,0.0025,0.00275,0.0025875000000000004,0.0025,0.0001192424001771181,0.006,0.00625,0.006012500000000001,0.006,5.448623679425847e-05,0.0005,0.0005,0.0005000000000000001,0.0005,1.0842021724855044e-19,0.006,0.006500000000000001,0.006187500000000001,0.00625,0.00017455300054711192,0.002,0.004,0.00255,0.0025,0.0005894913061275798,32,32,2560,10240,51200,False,40,4
0.003,0.003,0.0030000000000000005,0.003,4.336808689942018e-19,0.005,0.006,0.005900000000000001,0.006,0.00030000000000000003,0.00475,0.005,0.0048000000000000004,0.00475,0.00010000000000000009,0.003,0.004,0.0037500000000000007,0.004,0.00043301270189221935,0.0025,0.0025,0.0025000000000000005,0.0025,4.336808689942018e-19,0.00575,0.00625,0.005937500000000001,0.006,0.0001556237449748593,0.0005,0.0005,0.0005000000000000001,0.0005,1.0842021724855044e-19,0.006,0.006500000000000001,0.006150000000000001,0.006125,0.00016583123951777014,0.002,0.004,0.0030000000000000005,0.003,0.0006324555320336759,32,32,2560,10240,51200,False,32,4
0.003,0.003,0.0030000000000000005,0.003,4.336808689942018e-19,0.005,0.006,0.005850000000000001,0.006,0.0003570714214271425,0.00475,0.005,0.004762500000000001,0.00475,5.448623679425847e-05,0.003,0.004,0.0034500000000000004,0.003,0.0004974937185533101,0.0025,0.00275,0.0025125,0.0025,5.448623679425838e-05,0.00575,0.006,0.005887500000000001,0.006,0.00012437342963832762,0.00025,0.0005,0.00026250000000000004,0.00025,5.4486236794258416e-05,0.00575,0.00625,0.006062500000000001,0.006,0.0001556237449748593,0.002,0.003,0.002300000000000001,0.002,0.000458257569495584,32,32,2560,10240,51200,False,24,4
0.008,0.012,0.011142857142857145,0.011,0.000832993127835043,0.005,0.006,0.005800000000000001,0.006,0.0004,0.00425,0.0045000000000000005,0.004287500000000001,0.00425,8.926785535678571e-05,0.003,0.004,0.0037000000000000006,0.004,0.00045825756949558405,0.0025,0.0025,0.0025000000000000005,0.0025,4.336808689942018e-19,0.00575,0.006,0.005837500000000001,0.00575,0.0001192424001771183,0.00025,0.00025,0.00025000000000000006,0.00025,5.421010862427522e-20,0.00575,0.006,0.005825000000000001,0.00575,0.0001145643923738961,0.002,0.003,0.002300000000000001,0.002,0.0004582575694955841,32,32,2560,10240,51200,False,16,4
0.005,0.007,0.006761904761904764,0.007,0.0005259695722470124,0.005,0.006,0.005950000000000001,0.006,0.00021794494717703366,0.00425,0.00425,0.004250000000000001,0.00425,8.673617379884035e-19,0.003,0.004,0.0035000000000000005,0.0035,0.0005,0.0022500000000000003,0.0022500000000000003,0.0022500000000000007,0.0022500000000000003,4.336808689942018e-19,0.00575,0.006,0.005812500000000001,0.00575,0.00010825317547305493,0.00025,0.00025,0.00025000000000000006,0.00025,5.421010862427522e-20,0.00575,0.006,0.005787500000000001,0.00575,8.92678553567857e-05,0.002,0.004,0.0022000000000000006,0.002,0.0005099019513592786,32,32,2560,10240,51200,False,8,4
0.003,0.004,0.003952380952380953,0.004,0.00021295885499997998,0.006,0.006,0.006000000000000001,0.006,8.673617379884035e-19,0.004,0.00425,0.004237500000000001,0.00425,5.448623679425846e-05,0.003,0.004,0.003450000000000001,0.003,0.0004974937185533101,0.0022500000000000003,0.0025,0.0022750000000000005,0.0022500000000000003,7.499999999999994e-05,0.0055,0.006,0.005812500000000001,0.00575,0.00013404756618454522,0.00025,0.00025,0.00025000000000000006,0.00025,5.421010862427522e-20,0.00575,0.006,0.005800000000000001,0.00575,0.00010000000000000007,0.002,0.002,0.0020000000000000005,0.002,4.336808689942018e-19,32,32,2560,10240,51200,False,4,4
0.002,0.003,0.002952380952380953,0.003,0.00021295885499997998,0.006,0.006,0.006000000000000001,0.006,8.673617379884035e-19,0.004,0.00425,0.004175000000000001,0.00425,0.0001145643923738961,0.003,0.004,0.0032000000000000006,0.003,0.0004,0.0022500000000000003,0.0025,0.0022750000000000005,0.0022500000000000003,7.499999999999994e-05,0.00575,0.006,0.005812500000000001,0.00575,0.00010825317547305493,0.00025,0.00025,0.00025000000000000006,0.00025,5.421010862427522e-20,0.00575,0.006,0.005762500000000001,0.00575,5.448623679425847e-05,0.002,0.003,0.0021500000000000004,0.002,0.0003570714214271425,32,32,2560,10240,51200,False,2,4
0.002,0.003,0.0020952380952380958,0.002,0.00029354352395090366,0.006,0.006,0.006000000000000001,0.006,8.673617379884035e-19,0.004,0.00425,0.004050000000000001,0.004,0.00010000000000000009,0.003,0.004,0.003150000000000001,0.003,0.0003570714214271425,0.0022500000000000003,0.0025,0.0022625000000000006,0.0022500000000000003,5.448623679425838e-05,0.0055,0.00575,0.005525,0.0055,7.500000000000006e-05,0.00025,0.00025,0.00025000000000000006,0.00025,5.421010862427522e-20,0.0055,0.00575,0.005637500000000001,0.00575,0.00012437342963832762,0.002,0.003,0.002300000000000001,0.002,0.00045825756949558405,32,32,2560,10240,51200,False,1,4
0.069,0.075,0.07323809523809525,0.073,0.001341809790819556,0.021,0.022,0.021050000000000003,0.021,0.00021794494717703315,0.025875000000000002,0.0265,0.02609375,0.026125,0.00013035408509133774,0.066,0.067,0.06620000000000001,0.066,0.0004000000000000003,0.009125,0.010750000000000001,0.01030625,0.0105625,0.0005961792410844247,0.036625,0.037125,0.036849999999999994,0.036875,0.00011592023119369639,0.0085,0.008625,0.008512500000000003,0.0085,3.750000000000003e-05,0.039875,0.04675,0.0429875,0.0418125,0.0024713672835092715,0.04,0.042,0.04050000000000001,0.04,0.0005916079783099623,32,32,2560,10240,51200,False,4096,8
0.07,0.074,0.07247619047619049,0.073,0.0009060141709733499,0.021,0.022,0.021150000000000002,0.021,0.0003570714214271416,0.026125,0.026875,0.026350000000000002,0.026375,0.00018791620472966152,0.066,0.067,0.06640000000000001,0.066,0.0004898979485566361,0.009000000000000001,0.010750000000000001,0.00956875,0.009125,0.0007098360286009723,0.037,0.0375,0.0372625,0.03725,0.0001243734296383276,0.0085,0.008625,0.008525000000000001,0.0085,5.0000000000000036e-05,0.035750000000000004,0.0465,0.042137499999999994,0.041875,0.0028523290921631038,0.04,0.041,0.040400000000000005,0.04,0.000489897948556636,32,32,2560,10240,51200,False,4096,8
0.068,0.075,0.07252380952380953,0.073,0.0014013275209106783,0.02,0.021,0.020900000000000005,0.021,0.0003000000000000003,0.026875,0.027375,0.026956249999999998,0.026875,0.0001267070933294582,0.065,0.066,0.06585,0.066,0.0003570714214271428,0.009000000000000001,0.010625,0.009275000000000002,0.009125,0.00047037219305566964,0.037,0.0375,0.037168749999999987,0.037125,0.00012038350177661398,0.008375,0.0085,0.00844375,0.0085,6.21867148191638e-05,0.038625,0.039125,0.038918749999999995,0.038875,0.00013272975363497075,0.04,0.041,0.04030000000000001,0.04,0.0004582575694955844,32,32,2560,10240,51200,False,4064,8
0.069,0.074,0.07209523809523811,0.07200000000000001,0.0009712418121129079,0.02,0.021,0.020750000000000005,0.021,0.00043301270189221973,0.026625,0.027125,0.02678125,0.02675,0.00011092649593311791,0.065,0.066,0.0655,0.0655,0.0005000000000000004,0.01,0.01025,0.01018125,0.01025,8.36193010016229e-05,0.03675,0.037,0.03688125,0.036875,9.249155366842971e-05,0.008375,0.0085,0.00841875,0.008375,5.9621200088559156e-05,0.0385,0.038875,0.038675,0.038625,0.00012119199643540833,0.038,0.041,0.039900000000000005,0.04,0.0007681145747868615,32,32,2560,10240,51200,False,4032,8
0.069,0.07200000000000001,0.0712857142857143,0.07100000000000001,0.0008247860988423233,0.02,0.021,0.020600000000000004,0.021,0.0004898979485566361,0.026375,0.026875,0.0265125,0.0265,0.0001243734296383276,0.064,0.066,0.06495,0.065,0.00038405728739343076,0.01,0.010375,0.01016875,0.010125,9.901862198596794e-05,0.03625,0.036625,0.0364625,0.0365,9.762812094883327e-05,0.00825,0.008375,0.0082875,0.00825,5.728219618694805e-05,0.038125,0.0385,0.038318750000000006,0.0383125,0.00010807260291119125,0.038,0.04,0.03910000000000001,0.039,0.0007681145747868615,32,32,2560,10240,51200,False,4000,8
0.068,0.073,0.07114285714285715,0.07100000000000001,0.0010367400503370101,0.02,0.021,0.020500000000000004,0.0205,0.0005000000000000004,0.025750000000000002,0.0265,0.02601875,0.026000000000000002,0.00018656014445749003,0.063,0.065,0.06405000000000001,0.064,0.0005894913061275804,0.009125,0.011,0.010100000000000001,0.010625,0.0007422516419651766,0.033375,0.035625000000000004,0.03407500000000001,0.03375,0.0006666145812986698,0.008375,0.008625,0.008512500000000001,0.0085,8.750000000000008e-05,0.039875,0.04575,0.04426874999999999,0.044625,0.0014270133802806464,0.038,0.04,0.038950000000000005,0.039,0.0007399324293474377,32,32,2560,10240,51200,False,3968,8
0.067,0.07200000000000001,0.07033333333333334,0.07,0.0010389249632986404,0.02,0.021,0.020200000000000003,0.02,0.00040000000000000034,0.0265,0.027125,0.02665625,0.026625,0.00013035408509133893,0.063,0.065,0.06405000000000001,0.064,0.0003840572873934307,0.009000000000000001,0.010375,0.009156250000000001,0.009125,0.0002901373597108789,0.036625,0.037,0.03681875,0.0368125,9.249155366842971e-05,0.008125,0.00825,0.008150000000000001,0.008125,5.0000000000000036e-05,0.038375,0.03875,0.03861874999999999,0.038625,0.00010058423087144436,0.038,0.04,0.038650000000000004,0.039,0.0006538348415311017,32,32,2560,10240,51200,False,3936,8
0.066,0.07200000000000001,0.06999999999999999,0.07,0.0013451854182690997,0.02,0.02,0.020000000000000004,0.02,3.469446951953614e-18,0.026375,0.027125,0.0265625,0.0265,0.00015562374497485928,0.063,0.064,0.06349999999999999,0.0635,0.0005000000000000004,0.008875000000000001,0.0105,0.009175,0.009125,0.00032929849680798717,0.03625,0.036625,0.0364875,0.0365,0.00011110243021644496,0.008125,0.00825,0.008131249999999998,0.008125,2.7243118397129235e-05,0.038125,0.038625,0.03833125000000001,0.038375,0.00010661701318269998,0.037,0.039,0.03815,0.038,0.0004769696007084732,32,32,2560,10240,51200,False,3904,8
0.065,0.07,0.06895238095238097,0.069,0.0011328930717495553,0.019,0.02,0.019800000000000005,0.02,0.0004000000000000003,0.02625,0.02675,0.026475000000000005,0.0265,0.00010155048005794958,0.062,0.064,0.06295,0.063,0.0004974937185533104,0.010125,0.01025,0.010200000000000002,0.01025,6.12372435695795e-05,0.036375,0.03675,0.03654375,0.0365,9.078649403958726e-05,0.008,0.008,0.008000000000000002,0.008,1.734723475976807e-18,0.03825,0.038625,0.03841875000000001,0.038375,0.00011370878374162668,0.037,0.039,0.03760000000000001,0.038,0.0005830951894845306,32,32,2560,10240,51200,False,3872,8
0.064,0.07100000000000001,0.06861904761904762,0.068,0.0015267828135125153,0.019,0.021,0.020200000000000003,0.02,0.000509901951359279,0.024375,0.025375,0.024825,0.02475,0.00027782638463616114,0.062,0.064,0.06255,0.0625,0.0005894913061275802,0.00875,0.010625,0.009575000000000002,0.009625,0.00071632743909472,0.033375,0.03425,0.03371875,0.033625,0.00024326875570035726,0.008125,0.008375,0.0081875,0.008125,0.00010077822185373196,0.03375,0.040375,0.037006250000000004,0.037000000000000005,0.0028612374399025315,0.036000000000000004,0.039,0.03740000000000001,0.038,0.0008602325267042611,32,32,2560,10240,51200,False,3840,8
0.063,0.074,0.07042857142857144,0.07100000000000001,0.0020832993194502243,0.02,0.022,0.020400000000000005,0.02,0.0005830951894845301,0.02525,0.027375,0.02589375,0.025750000000000002,0.0005050912665053708,0.062,0.064,0.06305000000000001,0.063,0.0006689544080129831,0.00875,0.0105,0.0092375,0.009125,0.0004556931533389545,0.033625,0.035500000000000004,0.0340625,0.0339375,0.0004960783708246112,0.008125,0.00875,0.008293750000000003,0.00825,0.00015449008867885356,0.03375,0.04175,0.037125,0.034875,0.0029999999999999996,0.036000000000000004,0.039,0.03720000000000001,0.037,0.0008717797887081331,32,32,2560,10240,51200,False,3808,8
0.063,0.068,0.067,0.067,0.001023532631438319,0.019,0.02,0.019600000000000003,0.02,0.0004898979485566361,0.024875,0.025375,0.025043750000000004,0.025,0.00014402148277253653,0.061,0.063,0.06205000000000001,0.062,0.0003840572873934307,0.008625,0.01,0.00918125,0.00875,0.0005693677963320366,0.032875,0.033375,0.03311875,0.033125,0.00012167451458707377,0.007875,0.008125,0.0080125,0.008,5.448623679425847e-05,0.0335,0.039125,0.03601875,0.033875,0.0025618215565296493,0.036000000000000004,0.038,0.03640000000000001,0.036000000000000004,0.0005830951894845275,32,32,2560,10240,51200,False,3776,8
0.062,0.069,0.06676190476190476,0.067,0.0013058389715049617,0.019,0.02,0.019250000000000003,0.019,0.00043301270189221973,0.024625,0.025,0.024825,0.0248125,0.00012747548783981972,0.061,0.063,0.061649999999999996,0.062,0.0006538348415311016,0.008625,0.01025,0.009393750000000001,0.009375000000000001,0.0007007529432688811,0.032625,0.033,0.032737499999999996,0.03275,0.00010383279828647602,0.00775,0.007875,0.0078375,0.007875,5.728219618694805e-05,0.03325,0.039,0.03610625,0.036125000000000004,0.002782275091988568,0.036000000000000004,0.037,0.03640000000000001,0.036000000000000004,0.0004898979485566326,32,32,2560,10240,51200,False,3744,8
0.061,0.069,0.06661904761904762,0.067,0.001463075380546403,0.019,0.02,0.019100000000000002,0.019,0.00030000000000000024,0.024125,0.024875,0.0244125,0.024375,0.00017721808598447297,0.059000000000000004,0.061,0.0605,0.061,0.0005916079783099612,0.00875,0.010375,0.009531250000000002,0.009562500000000002,0.000698072121990271,0.0315,0.033375,0.0320125,0.031875,0.0004951325580084594,0.007875,0.00825,0.007956250000000002,0.0079375,9.901862198596796e-05,0.033625,0.039375,0.036518749999999996,0.036625000000000005,0.002759436933053552,0.036000000000000004,0.037,0.03625000000000001,0.036000000000000004,0.00043301270189221675,32,32,2560,10240,51200,False,3712,8
0.061,0.067,0.06557142857142859,0.066,0.0011780301787479041,0.018000000000000002,0.02,0.019000000000000006,0.019,0.00031622776601683767,0.02475,0.02525,0.024987500000000003,0.025,0.00014197270864500696,0.059000000000000004,0.062,0.060649999999999996,0.061,0.0008529361054615984,0.008625,0.010375,0.009475,0.009437500000000001,0.0007066647012551283,0.03275,0.033125,0.03294375,0.032875,0.00010058423087144434,0.00775,0.007875,0.007775,0.00775,5.000000000000004e-05,0.033375,0.039375,0.03625,0.036250000000000004,0.002766428202574575,0.035,0.037,0.03590000000000001,0.036000000000000004,0.0005385164807134495,32,32,2560,10240,51200,False,3680,8
0.061,0.068,0.0660952380952381,0.066,0.001411003084764673,0.018000000000000002,0.02,0.018950000000000005,0.019,0.0004974937185533094,0.024625,0.025375,0.024875,0.024875,0.00018540496217739173,0.059000000000000004,0.061,0.059899999999999995,0.06,0.0008306623862918052,0.0085,0.01025,0.0093,0.009250000000000001,0.000661910114743686,0.032625,0.033375,0.03286875,0.032875,0.00016044372066241808,0.007625,0.008,0.007725,0.00775,9.354143466934863e-05,0.033125,0.0395,0.03603125,0.0359375,0.002779353285838271,0.034,0.037,0.03545000000000001,0.036000000000000004,0.0008046738469715541,32,32,2560,10240,51200,False,3648,8
0.06,0.066,0.06471428571428572,0.065,0.0012399253872658618,0.018000000000000002,0.02,0.018950000000000005,0.019,0.0003840572873934299,0.02475,0.025375,0.02500625,0.025,0.0001503901176939497,0.059000000000000004,0.061,0.05954999999999999,0.0595,0.0005894913061275771,0.008625,0.010375,0.00948125,0.009500000000000001,0.0006522497125334741,0.03275,0.033375,0.03303125,0.033,0.00015749503960442703,0.0075,0.00775,0.00764375,0.007625,8.17293551913877e-05,0.03325,0.0395,0.03628125,0.036250000000000004,0.0028749660324080347,0.034,0.036000000000000004,0.03480000000000001,0.035,0.0006782329983125273,32,32,2560,10240,51200,False,3616,8
0.059000000000000004,0.066,0.06419047619047619,0.064,0.0013316315670580533,0.018000000000000002,0.019,0.018600000000000005,0.019,0.0004898979485566344,0.022875,0.0235,0.023125,0.023125,0.00017230060940112794,0.057,0.059000000000000004,0.05825000000000001,0.058,0.0005361902647381809,0.008625,0.009000000000000001,0.0087875,0.00875,9.762812094883327e-05,0.03,0.032,0.030425,0.030375,0.00043373378932243717,0.007625,0.007875,0.0077875,0.00775,6.959705453537534e-05,0.03275,0.03875,0.03349375,0.033,0.001656179243771639,0.034,0.036000000000000004,0.03480000000000001,0.035,0.0006000000000000006,32,32,2560,10240,51200,False,3584,8
0.058,0.065,0.06342857142857143,0.064,0.001365263922555376,0.018000000000000002,0.019,0.018250000000000006,0.018000000000000002,0.00043301270189221816,0.023625,0.024125,0.023843749999999997,0.023875,0.0001109264959331179,0.057,0.058,0.05775000000000001,0.058,0.0004330127018922197,0.008625,0.008875000000000001,0.00875,0.00875,7.905694150420957e-05,0.0325,0.033,0.03269375,0.0326875,0.00012793430931536711,0.0073750000000000005,0.0075,0.00745625,0.0075,5.962120008855874e-05,0.032625,0.03875,0.03424375,0.032875,0.002459825641686824,0.034,0.035,0.034350000000000006,0.034,0.0004769696007084732,32,32,2560,10240,51200,False,3552,8
0.057,0.064,0.06271428571428571,0.063,0.0014190156595953656,0.018000000000000002,0.019,0.018200000000000004,0.018000000000000002,0.00039999999999999893,0.023375,0.023875,0.023562500000000007,0.0235,0.00010077822185373195,0.057,0.057,0.056999999999999995,0.057,6.938893903907228e-18,0.0085,0.008625,0.008575000000000001,0.008625,6.123724356957951e-05,0.032125,0.0325,0.03229375,0.03225,9.078649403958727e-05,0.0073750000000000005,0.0075,0.007393749999999999,0.0073750000000000005,4.463392767839255e-05,0.032375,0.038375,0.03339375000000001,0.0325625,0.0020771355727299064,0.033,0.035,0.03405000000000001,0.034,0.0004974937185533105,32,32,2560,10240,51200,False,3520,8
0.057,0.064,0.0626190476190476,0.063,0.0014630753805464013,0.017,0.018000000000000002,0.017950000000000004,0.018000000000000002,0.00021794494717703385,0.023125,0.0235,0.02329375,0.0233125,0.00010661701318269998,0.056,0.057,0.05665,0.057,0.00047696960070847314,0.0085,0.00875,0.0085875,0.008625,6.959705453537534e-05,0.03175,0.032125,0.03195625,0.032,0.00012038350177661398,0.007125,0.0073750000000000005,0.0072562500000000005,0.00725,4.8007160924178845e-05,0.031875,0.037875,0.033306249999999996,0.03225,0.002240422323469394,0.033,0.035,0.03355000000000001,0.0335,0.0005894913061275802,32,32,2560,10240,51200,False,3488,8
0.056,0.065,0.06314285714285715,0.064,0.001780468485318088,0.018000000000000002,0.019,0.018200000000000004,0.018000000000000002,0.00039999999999999893,0.022625,0.023375,0.023081250000000005,0.023125,0.00016898132293244732,0.056,0.057,0.05620000000000001,0.056,0.0004000000000000003,0.008625,0.0105,0.008943750000000002,0.008875000000000001,0.0003739046502786506,0.029500000000000002,0.03075,0.0301,0.030125,0.00023584952830141455,0.0073750000000000005,0.007625,0.00749375,0.0075,4.800716092417863e-05,0.032875,0.03875,0.03375625,0.033,0.0018776959784533804,0.032,0.033,0.032900000000000006,0.033,0.0003000000000000003,32,32,2560,10240,51200,False,3456,8
0.055,0.062,0.06104761904761905,0.061,0.0015267828135125143,0.018000000000000002,0.018000000000000002,0.018000000000000006,0.018000000000000002,3.469446951953614e-18,0.023375,0.02375,0.023531250000000004,0.0235,0.00010364452469860633,0.055,0.057,0.05575,0.056,0.0005361902647381809,0.008625,0.010125,0.008843750000000001,0.00875,0.0004105541224978746,0.032125,0.0325,0.03235625,0.032375,9.078649403958727e-05,0.007125,0.00725,0.007137500000000001,0.007125,3.750000000000003e-05,0.032375,0.03825,0.0337,0.032625,0.0022302606349931383,0.032,0.034,0.03270000000000001,0.033,0.0005567764362830027,32,32,2560,10240,51200,False,3424,8
0.056,0.062,0.0609047619047619,0.061,0.001230747426982865,0.017,0.018000000000000002,0.017650000000000006,0.018000000000000002,0.0004769696007084733,0.02325,0.023875,0.023450000000000002,0.0234375,0.00013346347815039152,0.055,0.056,0.0551,0.055,0.00030000000000000024,0.0085,0.008625,0.008587500000000001,0.008625,5.728219618694805e-05,0.03175,0.032125,0.031956250000000005,0.032,9.078649403958727e-05,0.007,0.007125,0.00710625,0.007125,4.4633927678392855e-05,0.032125,0.037875,0.033100000000000004,0.03225,0.0019560003834355444,0.031,0.034,0.03255000000000001,0.033,0.0006689544080129831,32,32,2560,10240,51200,False,3392,8
0.054,0.062,0.060190476190476204,0.06,0.0017076591501943906,0.017,0.018000000000000002,0.017250000000000005,0.017,0.00043301270189221973,0.02325,0.023625,0.0233875,0.023375,0.00011110243021644496,0.054,0.056,0.0546,0.055,0.0005830951894845306,0.008625,0.00875,0.008687500000000003,0.0086875,6.250000000000006e-05,0.031875,0.03225,0.032018750000000006,0.032,0.0001267070933294582,0.007,0.007,0.007000000000000001,0.007,8.673617379884035e-19,0.032125,0.038125,0.0337,0.0325,0.0022605309110914616,0.031,0.033,0.03185,0.032,0.0006538348415311016,32,32,2560,10240,51200,False,3360,8
0.053,0.064,0.06028571428571429,0.061,0.001930774755496504,0.017,0.019,0.017300000000000003,0.017,0.0005567764362830021,0.02125,0.022375,0.021568750000000005,0.021500000000000002,0.0002419807585325739,0.054,0.055,0.05450000000000001,0.0545,0.0005000000000000004,0.007625,0.008125,0.0077375,0.00775,0.00010383279828647603,0.028375,0.03,0.028712499999999995,0.028625,0.00041476650057592626,0.007125,0.0075,0.00723125,0.00725,9.078649403958713e-05,0.027625,0.02875,0.0279,0.0278125,0.00027838821814150135,0.031,0.033,0.03180000000000001,0.032,0.0006000000000000006,32,32,2560,10240,51200,False,3328,8
0.052000000000000005,0.061,0.059333333333333335,0.06,0.001781741612749494,0.017,0.018000000000000002,0.017200000000000003,0.017,0.00040000000000000034,0.022,0.0225,0.022318749999999995,0.022375,0.00011507470399701242,0.053,0.054,0.05395000000000001,0.054,0.00021794494717703385,0.0075,0.00775,0.007631249999999999,0.007625,4.8007160924178845e-05,0.030875,0.031375,0.031156250000000003,0.031125,0.0001242162932146988,0.006875,0.007,0.006962500000000001,0.007,5.728219618694805e-05,0.0275,0.028,0.027756250000000003,0.02775,9.249155366842971e-05,0.03,0.032,0.031150000000000004,0.031,0.0004769696007084732,32,32,2560,10240,51200,False,3296,8
0.051000000000000004,0.06,0.05833333333333335,0.059000000000000004,0.0017548119783512642,0.017,0.017,0.017000000000000005,0.017,3.469446951953614e-18,0.021875000000000002,0.02225,0.022006249999999998,0.022,9.249155366842872e-05,0.053,0.054,0.05355,0.054,0.0004974937185533105,0.0075,0.007625,0.00751875,0.0075,4.4633927678392855e-05,0.030375,0.03075,0.03054375,0.0305,0.00010661701318269997,0.00675,0.006875,0.0068562499999999995,0.006875,4.4633927678392855e-05,0.027375,0.0275,0.02740625,0.027375,5.412658773652747e-05,0.03,0.032,0.030900000000000004,0.031,0.0005385164807134509,32,32,2560,10240,51200,False,3264,8
0.051000000000000004,0.06,0.05819047619047619,0.058,0.0017893613550529455,0.017,0.017,0.017000000000000005,0.017,3.469446951953614e-18,0.021625000000000002,0.02225,0.021812499999999995,0.021750000000000002,0.00013404756618454444,0.052000000000000005,0.054,0.05295000000000001,0.053,0.00038405728739342903,0.0075,0.007625,0.007506250000000001,0.0075,2.724311839712923e-05,0.030125,0.030625,0.030374999999999996,0.030375,0.00011858541225631434,0.00675,0.006875,0.006756250000000001,0.00675,2.724311839712923e-05,0.027,0.02725,0.0271375,0.027125,7.806247497998006e-05,0.03,0.032,0.030700000000000005,0.031,0.0006403124237432854,32,32,2560,10240,51200,False,3232,8
0.051000000000000004,0.059000000000000004,0.05747619047619049,0.058,0.001562020901605402,0.016,0.017,0.016750000000000004,0.017,0.00043301270189221973,0.021,0.021500000000000002,0.021175000000000003,0.021125,0.00013346347815039152,0.051000000000000004,0.053,0.05215000000000001,0.052000000000000005,0.0004769696007084707,0.00775,0.011125,0.009181249999999998,0.008625,0.0013558179035180206,0.027625,0.028125,0.027850000000000003,0.027875,0.00014031215200402294,0.00675,0.006875,0.00685,0.006875,5.000000000000005e-05,0.02725,0.0275,0.027424999999999998,0.027375,7.288689868556632e-05,0.029,0.031,0.030200000000000005,0.03,0.0005099019513592785,32,32,2560,10240,51200,False,3200,8
0.05,0.059000000000000004,0.0572857142857143,0.058,0.001749635530559413,0.015,0.016,0.015950000000000002,0.016,0.00021794494717703385,0.021875000000000002,0.022125,0.022,0.022,7.905694150420845e-05,0.051000000000000004,0.052000000000000005,0.05165000000000001,0.052000000000000005,0.0004769696007084733,0.007625,0.007625,0.007624999999999998,0.007625,1.734723475976807e-18,0.0305,0.030875,0.03070625,0.03075,0.00011370878374162668,0.006625,0.006625,0.006625000000000001,0.006625,8.673617379884035e-19,0.027125,0.027375,0.027218749999999996,0.02725,7.781187248742964e-05,0.029,0.03,0.029400000000000003,0.029,0.0004898979485566344,32,32,2560,10240,51200,False,3168,8
0.049,0.058,0.05642857142857143,0.057,0.0017612611437054218,0.015,0.016,0.015450000000000002,0.015,0.0004974937185533104,0.021500000000000002,0.022,0.021712500000000003,0.021750000000000002,0.0001053268721647041,0.05,0.052000000000000005,0.051050000000000005,0.051000000000000004,0.00038405728739343076,0.0075,0.0075,0.0075000000000000015,0.0075,1.734723475976807e-18,0.03,0.030375,0.030199999999999994,0.03025,9.185586535436926e-05,0.006500000000000001,0.006625,0.006512500000000002,0.006500000000000001,3.749999999999977e-05,0.027,0.02725,0.027143749999999994,0.027125,5.962120008855915e-05,0.028,0.03,0.029150000000000002,0.029,0.000476969600708472,32,32,2560,10240,51200,False,3136,8
0.049,0.057,0.05566666666666668,0.056,0.0016134356520092776,0.015,0.016,0.015100000000000002,0.015,0.00030000000000000024,0.021500000000000002,0.022125,0.021762499999999997,0.021750000000000002,0.00013635890143294608,0.05,0.051000000000000004,0.05045000000000001,0.05,0.0004974937185533104,0.007625,0.007625,0.007624999999999998,0.007625,1.734723475976807e-18,0.030125,0.030375,0.030262500000000005,0.03025,9.601432184835768e-05,0.0063750000000000005,0.006500000000000001,0.006493750000000001,0.006500000000000001,2.724311839712923e-05,0.026875,0.02725,0.02703125,0.027,0.00011092649593311791,0.028,0.029,0.028850000000000004,0.029,0.0003570714214271428,32,32,2560,10240,51200,False,3104,8
0.049,0.057,0.055619047619047624,0.056,0.0016468206157895795,0.015,0.016,0.015100000000000002,0.015,0.00030000000000000024,0.0195,0.020125,0.019687500000000004,0.019625,0.00016056540723331425,0.05,0.052000000000000005,0.05065000000000001,0.051000000000000004,0.0005722761571129804,0.00725,0.010125,0.00838125,0.0073125,0.0013615679151257932,0.026000000000000002,0.026875,0.026381250000000002,0.026375,0.00020719480567813457,0.006625,0.00675,0.0066437499999999995,0.006625,4.4633927678392855e-05,0.027125,0.027375,0.02715,0.027125,6.373774391990986e-05,0.028,0.03,0.028350000000000004,0.028,0.0005722761571129798,32,32,2560,10240,51200,False,3072,8
0.048,0.057,0.05485714285714286,0.055,0.001780468485318088,0.015,0.016,0.015050000000000003,0.015,0.00021794494717703385,0.0205,0.021,0.020581250000000002,0.0205625,0.00011370878374162665,0.049,0.05,0.04960000000000001,0.05,0.000489897948556636,0.007125,0.010125,0.008175,0.00725,0.0013284154094258317,0.026875,0.02725,0.02703125,0.027,0.00011775902300885495,0.0063750000000000005,0.006500000000000001,0.006431250000000001,0.0063750000000000005,6.21867148191638e-05,0.027,0.02725,0.027118750000000004,0.027125,7.368641326594754e-05,0.027,0.029,0.028050000000000002,0.028,0.0003840572873934307,32,32,2560,10240,51200,False,3040,8
0.047,0.056,0.054571428571428576,0.055,0.0017880936529065326,0.015,0.016,0.015200000000000002,0.015,0.00040000000000000034,0.020125,0.02075,0.02043125,0.020375,0.00013961442439805436,0.048,0.05,0.04900000000000001,0.049,0.0003162277660168382,0.007,0.009875,0.00821875,0.00725,0.0012911205162570996,0.02675,0.027,0.0269,0.026875,7.500000000000006e-05,0.0063750000000000005,0.006500000000000001,0.006418750000000001,0.0063750000000000005,5.962120008855915e-05,0.02675,0.027125,0.026975,0.027,0.00010155048005794961,0.027,0.029,0.02765,0.028,0.0006538348415311016,32,32,2560,10240,51200,False,3008,8
0.046,0.055,0.05371428571428573,0.054,0.001855310451312206,0.015,0.015,0.015000000000000003,0.015,3.469446951953614e-18,0.02,0.02025,0.02015625,0.020125,7.781187248742965e-05,0.048,0.049,0.04845000000000001,0.048,0.0004974937185533104,0.007,0.01,0.008393750000000002,0.00725,0.0013915341129487266,0.02625,0.02675,0.02648125,0.0265,0.00015449008867885356,0.00625,0.0063750000000000005,0.006300000000000002,0.00625,6.123724356957951e-05,0.0265,0.02675,0.026625,0.026625,9.682458365518552e-05,0.027,0.028,0.02715,0.027,0.0003570714214271428,32,32,2560,10240,51200,False,2976,8
0.047,0.056,0.053285714285714283,0.053,0.0016078040967746796,0.014,0.016,0.015000000000000003,0.015,0.000316227766016838,0.01925,0.020125,0.0196,0.0195,0.00023584952830141528,0.048,0.049,0.04860000000000001,0.049,0.000489897948556636,0.007125,0.010125,0.00859375,0.0085625,0.0014202085014180135,0.024625,0.027,0.02523125,0.025,0.0006165364445837729,0.00625,0.006500000000000001,0.006362500000000002,0.0063750000000000005,5.448623679425847e-05,0.02675,0.027,0.02689375,0.026875,7.153451963912254e-05,0.026000000000000002,0.027,0.026800000000000008,0.027,0.00039999999999999893,32,32,2560,10240,51200,False,2944,8
0.045,0.054,0.05247619047619049,0.053,0.001762548145078261,0.014,0.015,0.014650000000000002,0.015,0.0004769696007084724,0.020125,0.0205,0.02029375,0.02025,0.00010661701318269998,0.047,0.049,0.04765000000000001,0.048,0.0006538348415311016,0.007,0.01,0.00854375,0.0085625,0.0013830870137124416,0.0265,0.02675,0.026618750000000004,0.026625,0.00010058423087144436,0.006125,0.00625,0.0061375000000000015,0.006125,3.750000000000004e-05,0.026625,0.026875,0.0267,0.0266875,8.291561975888507e-05,0.025,0.027,0.026300000000000007,0.026000000000000002,0.0005567764362830012,32,32,2560,10240,51200,False,2912,8
0.045,0.054,0.051857142857142866,0.052000000000000005,0.0016700645635000172,0.014,0.015,0.014350000000000002,0.014,0.0004769696007084724,0.019875,0.020375,0.020068750000000003,0.0200625,0.00011507470399701242,0.047,0.048,0.04710000000000001,0.047,0.0003000000000000003,0.007,0.00975,0.00836875,0.008375,0.0013077144900550729,0.02625,0.026625,0.026437499999999996,0.0264375,0.00011524430571616119,0.006,0.006125,0.006093750000000001,0.006125,5.412658773652746e-05,0.0265,0.02675,0.026537500000000002,0.0265,6.959705453537534e-05,0.025,0.027,0.025650000000000006,0.026000000000000002,0.00057227615711298,32,32,2560,10240,51200,False,2880,8
0.044,0.054,0.05161904761904762,0.052000000000000005,0.0018381199110113135,0.014,0.015,0.014250000000000002,0.014,0.00043301270189221897,0.019875,0.02025,0.0201125,0.020125,0.00010383279828647603,0.046,0.048,0.04680000000000001,0.047,0.000509901951359279,0.007,0.01,0.008525000000000001,0.0085,0.0013650778366085942,0.02625,0.026625,0.026475,0.0265,0.0001159202311936964,0.005875,0.006,0.005968750000000001,0.006,5.412658773652746e-05,0.026375,0.026875,0.026525,0.0265,0.00011592023119369642,0.025,0.026000000000000002,0.025200000000000007,0.025,0.00040000000000000034,32,32,2560,10240,51200,False,2848,8
0.044,0.053,0.0510952380952381,0.051000000000000004,0.001715607955681127,0.014,0.015,0.014050000000000002,0.014,0.00021794494717703353,0.017750000000000002,0.018875,0.018018750000000004,0.017937500000000002,0.0002885172221895938,0.047,0.048,0.04750000000000001,0.0475,0.0005000000000000004,0.007,0.01,0.0085,0.0085,0.001377270852083932,0.024125,0.02475,0.024431249999999998,0.024375,0.0001503901176939497,0.006,0.006125,0.006012500000000001,0.006,3.750000000000004e-05,0.026375,0.026875,0.026618750000000004,0.026625,0.00010058423087144436,0.025,0.026000000000000002,0.025050000000000006,0.025,0.00021794494717703388,32,32,2560,10240,51200,False,2816,8
0.043000000000000003,0.051000000000000004,0.05009523809523811,0.05,0.0016591667990651757,0.014,0.015,0.014100000000000001,0.014,0.00029999999999999976,0.018625,0.019125,0.018862499999999997,0.018875,0.00011792476415070764,0.045,0.047,0.04580000000000001,0.046,0.0005099019513592789,0.007,0.008375,0.007556249999999999,0.007125,0.0005961792410844243,0.026000000000000002,0.02625,0.0261375,0.026125,8.7499999999999e-05,0.00575,0.005875,0.005806250000000001,0.00575,6.21867148191638e-05,0.026375,0.0265,0.02640625,0.026375,5.412658773652747e-05,0.024,0.026000000000000002,0.024800000000000006,0.025,0.0005099019513592789,32,32,2560,10240,51200,False,2784,8
0.042,0.051000000000000004,0.049476190476190486,0.05,0.0017893613550529466,0.014,0.014,0.014000000000000002,0.014,1.734723475976807e-18,0.0185,0.019,0.018637499999999998,0.018625,0.00011110243021644496,0.045,0.046,0.04530000000000001,0.045,0.0004582575694955844,0.006875,0.00825,0.00743125,0.007,0.0005455430207600497,0.025625000000000002,0.026125,0.025843750000000006,0.025812500000000002,0.00014724023736737164,0.00575,0.005875,0.005768750000000001,0.00575,4.463392767839285e-05,0.026125,0.026375,0.0262625,0.02625,6.731456008918136e-05,0.023,0.025,0.023800000000000005,0.024,0.0006000000000000006,32,32,2560,10240,51200,False,2752,8
0.041,0.051000000000000004,0.04890476190476191,0.049,0.001874763779526622,0.014,0.015,0.014050000000000002,0.014,0.00021794494717703353,0.018375,0.01875,0.018525000000000003,0.0185,9.354143466934861e-05,0.044,0.046,0.044750000000000005,0.045,0.0005361902647381809,0.006875,0.009875,0.008256250000000001,0.007125,0.0013775402671065554,0.025375,0.026000000000000002,0.025693750000000005,0.025750000000000002,0.00013961442439805436,0.005625,0.00575,0.005675000000000001,0.005625,6.123724356957951e-05,0.026000000000000002,0.02625,0.026118750000000003,0.026125,6.218671481916282e-05,0.023,0.024,0.023250000000000003,0.023,0.00043301270189221973,32,32,2560,10240,51200,False,2720,8
0.041,0.05,0.048619047619047624,0.049,0.001812028341946709,0.014,0.015,0.014050000000000002,0.014,0.00021794494717703353,0.017750000000000002,0.018625,0.018150000000000003,0.018125,0.00023584952830141393,0.044,0.046,0.04515000000000001,0.045,0.00047696960070847325,0.007,0.01,0.00848125,0.0084375,0.0014204285224889003,0.023,0.024875,0.023700000000000002,0.0235,0.0005828271613437389,0.005625,0.006,0.005775000000000001,0.00575,7.500000000000006e-05,0.02625,0.027125,0.026468750000000003,0.026375,0.0002086975982133002,0.023,0.024,0.023150000000000004,0.023,0.00035707142142714284,32,32,2560,10240,51200,False,2688,8
0.041,0.049,0.04809523809523811,0.048,0.0016591667990651757,0.013000000000000001,0.014,0.013750000000000004,0.014,0.00043301270189221897,0.0185,0.018875,0.018637499999999998,0.018625,0.00010383279828647603,0.043000000000000003,0.044,0.043550000000000005,0.044,0.0004974937185533069,0.007,0.009875,0.00844375,0.0084375,0.0013701476882073697,0.023625,0.024,0.02374375,0.02375,8.361930100162289e-05,0.005625,0.00575,0.005656250000000001,0.005625,5.412658773652747e-05,0.026125,0.02625,0.026206250000000004,0.02625,5.9621200088559156e-05,0.023,0.024,0.023200000000000005,0.023,0.0004000000000000003,32,32,2560,10240,51200,False,2656,8
0.04,0.049,0.04752380952380954,0.048,0.0018157786633273922,0.013000000000000001,0.014,0.013700000000000004,0.014,0.00045825756949558356,0.01825,0.01875,0.0184375,0.018375,0.00012183492931011215,0.042,0.043000000000000003,0.04295000000000001,0.043000000000000003,0.00021794494717703385,0.006875,0.009625,0.008150000000000001,0.007,0.0013101765148253878,0.023375,0.02375,0.02359375,0.023625,0.00011775902300885493,0.0055,0.005625,0.005593750000000001,0.005625,5.412658773652746e-05,0.026000000000000002,0.02625,0.026050000000000007,0.026000000000000002,7.288689868556477e-05,0.022,0.023,0.022750000000000003,0.023,0.00043301270189221973,32,32,2560,10240,51200,False,2624,8
0.039,0.05,0.04738095238095239,0.048,0.0020348438684972855,0.013000000000000001,0.014,0.013650000000000004,0.014,0.00047696960070847243,0.018375,0.01875,0.018493750000000003,0.0185,9.249155366842973e-05,0.041,0.043000000000000003,0.04195000000000001,0.042,0.00038405728739343076,0.006875,0.00975,0.00834375,0.008375,0.001346218662587917,0.023375,0.02375,0.023543750000000002,0.0235,0.00012038350177661398,0.0055,0.0055,0.0055000000000000005,0.0055,8.673617379884035e-19,0.025875000000000002,0.02625,0.0260375,0.026000000000000002,8.926785535678427e-05,0.021,0.023,0.021500000000000002,0.021,0.0007416198487095655,32,32,2560,10240,51200,False,2592,8
0.039,0.048,0.046666666666666676,0.047,0.0018082702424807163,0.013000000000000001,0.014,0.013500000000000003,0.013500000000000002,0.0004999999999999995,0.01725,0.017625000000000002,0.0174125,0.017375,0.00013169567191065936,0.041,0.043000000000000003,0.04195000000000001,0.042,0.00038405728739343076,0.006875,0.00725,0.0070125000000000005,0.007,9.601432184835769e-05,0.0225,0.023125,0.022774999999999997,0.02275,0.00016105123408406423,0.0055,0.005625,0.005537500000000001,0.0055,5.728219618694805e-05,0.02625,0.026875,0.026475,0.026375,0.00020000000000000017,0.021,0.022,0.021450000000000004,0.021,0.0004974937185533087,32,32,2560,10240,51200,False,2560,8
0.038,0.047,0.04538095238095239,0.046,0.0017313960916855089,0.013000000000000001,0.014,0.013200000000000003,0.013000000000000001,0.00039999999999999964,0.017125,0.0175,0.017231249999999997,0.01725,9.078649403958727e-05,0.041,0.042,0.04145000000000001,0.041,0.0004974937185533104,0.006875,0.007125,0.006975,0.007,6.373774391990988e-05,0.024,0.024375,0.024181250000000005,0.0241875,0.00013390178303517854,0.00525,0.0053750000000000004,0.005275000000000001,0.00525,5.0000000000000036e-05,0.026125,0.026375,0.026187499999999996,0.026125,7.395099728874527e-05,0.02,0.022,0.021,0.021,0.0003162277660168377,32,32,2560,10240,51200,False,2528,8
0.038,0.046,0.04538095238095239,0.046,0.0017036708399998399,0.013000000000000001,0.014,0.013150000000000004,0.013000000000000001,0.0003570714214271422,0.01675,0.01725,0.017018750000000003,0.017,0.00010661701318269997,0.04,0.042,0.041150000000000006,0.041,0.0004769696007084732,0.00675,0.007,0.006918750000000001,0.006875,8.17293551913877e-05,0.023875,0.02425,0.024025,0.024,0.00010897247358851694,0.00525,0.00525,0.005250000000000001,0.00525,8.673617379884035e-19,0.026000000000000002,0.02625,0.0261,0.026125,6.37377439199085e-05,0.02,0.022,0.020900000000000002,0.021,0.0004358898943540674,32,32,2560,10240,51200,False,2496,8
0.038,0.046,0.044428571428571435,0.045,0.0015605685341118036,0.013000000000000001,0.014,0.013100000000000004,0.013000000000000001,0.00029999999999999976,0.01675,0.017125,0.016912500000000004,0.016875,9.762812094883326e-05,0.04,0.041,0.04055000000000001,0.041,0.0004974937185533104,0.00675,0.007,0.006906250000000001,0.006875,7.781187248742965e-05,0.02375,0.024,0.023849999999999996,0.023875,0.00010155048005794958,0.005125,0.00525,0.0051375000000000014,0.005125,3.750000000000004e-05,0.026000000000000002,0.026125,0.026025000000000003,0.026000000000000002,4.999999999999865e-05,0.02,0.021,0.020150000000000005,0.02,0.00035707142142714284,32,32,2560,10240,51200,False,2464,8
0.037,0.046,0.04438095238095239,0.045,0.001731396091685509,0.013000000000000001,0.013000000000000001,0.013000000000000003,0.013000000000000001,1.734723475976807e-18,0.016375,0.017125,0.016687500000000004,0.016625,0.00021102428770167683,0.04,0.042,0.04095000000000001,0.041,0.0004974937185533104,0.006125,0.00775,0.006975,0.007,0.000707769383344603,0.021375,0.02275,0.0218625,0.021750000000000002,0.00040869456810679433,0.005125,0.00525,0.005237500000000001,0.00525,3.750000000000004e-05,0.0245,0.03075,0.027431249999999997,0.027187500000000003,0.002697068721315791,0.019,0.021,0.019350000000000003,0.019,0.0005722761571129803,32,32,2560,10240,51200,False,2432,8
0.036000000000000004,0.045,0.043523809523809534,0.044,0.0018157786633273905,0.013000000000000001,0.013000000000000001,0.013000000000000003,0.013000000000000001,1.734723475976807e-18,0.016875,0.01725,0.016987500000000006,0.017,8.750000000000007e-05,0.039,0.04,0.03950000000000001,0.0395,0.0005000000000000004,0.0063750000000000005,0.007875,0.007000000000000001,0.0068125,0.0005822907349426056,0.02075,0.02225,0.0215875,0.021500000000000002,0.0004259181259350197,0.005125,0.00525,0.0051687500000000015,0.005125,5.962120008855915e-05,0.0245,0.030375,0.0263625,0.0253125,0.0019736150207170598,0.019,0.02,0.019100000000000002,0.019,0.00030000000000000024,32,32,2560,10240,51200,False,2400,8
0.035,0.044,0.04257142857142858,0.043000000000000003,0.0017880936529065317,0.013000000000000001,0.013000000000000001,0.013000000000000003,0.013000000000000001,1.734723475976807e-18,0.016625,0.017,0.016743749999999998,0.01675,9.249155366842971e-05,0.039,0.04,0.03925000000000001,0.039,0.0004330127018922198,0.006500000000000001,0.007875,0.007043750000000001,0.0066875,0.000526300472638967,0.021375,0.02325,0.02251875,0.0225625,0.00044418992278078527,0.005,0.005125,0.005031250000000001,0.005,5.4126587736527466e-05,0.02475,0.03025,0.02626875,0.025875000000000002,0.001440092770449181,0.019,0.019,0.019000000000000003,0.019,3.469446951953614e-18,32,32,2560,10240,51200,False,2368,8
0.035,0.044,0.04290476190476191,0.043000000000000003,0.0018232561637215843,0.012,0.013000000000000001,0.012750000000000003,0.013000000000000001,0.0004330127018922198,0.016625,0.017,0.0168375,0.016875,8.003905296791068e-05,0.038,0.039,0.03875000000000001,0.039,0.0004330127018922197,0.0063750000000000005,0.008125,0.007274999999999999,0.007375,0.000653834841531101,0.02125,0.0235,0.02240625,0.022375,0.0005136800438989233,0.004875,0.005,0.004956250000000001,0.005,5.962120008855916e-05,0.025125,0.031375,0.028225,0.028249999999999997,0.0025907286619790957,0.019,0.019,0.019000000000000003,0.019,3.469446951953614e-18,32,32,2560,10240,51200,False,2336,8
0.035,0.044,0.0420952380952381,0.042,0.001770250504327724,0.012,0.013000000000000001,0.012950000000000003,0.013000000000000001,0.00021794494717703385,0.015625,0.015875,0.015706249999999998,0.01575,8.172935519138771e-05,0.037,0.039,0.038250000000000006,0.038,0.0005361902647381809,0.0055,0.007,0.0062562500000000005,0.0063125,0.0006725360120469388,0.019625,0.02075,0.02005625,0.02,0.000283601282613461,0.005,0.005125,0.005025000000000001,0.005,5.0000000000000036e-05,0.02025,0.026125,0.022950000000000005,0.020625,0.0026982054221278266,0.018000000000000002,0.019,0.018700000000000005,0.019,0.0004582575694955828,32,32,2560,10240,51200,False,2304,8
0.034,0.043000000000000003,0.04176190476190477,0.042,0.0018747637795266218,0.012,0.013000000000000001,0.012850000000000004,0.013000000000000001,0.0003570714214271428,0.015375,0.01575,0.015562500000000002,0.0155,9.270248108869587e-05,0.037,0.038,0.037750000000000006,0.038,0.0004330127018922197,0.0055,0.006875,0.006206250000000002,0.0061875,0.0006088860217643365,0.020125,0.020625,0.02034375,0.020375,0.00014183507147387785,0.004875,0.004875,0.004875000000000001,0.004875,8.673617379884035e-19,0.020125,0.025875000000000002,0.023,0.023,0.0027142563438260587,0.017,0.019,0.018300000000000004,0.018000000000000002,0.0005567764362830012,32,32,2560,10240,51200,False,2272,8
0.034,0.043000000000000003,0.04100000000000001,0.041,0.0016903085094570334,0.012,0.013000000000000001,0.012900000000000003,0.013000000000000001,0.00030000000000000024,0.01525,0.015875,0.01549375,0.0155,0.00012793430931536711,0.037,0.038,0.03760000000000001,0.038,0.000489897948556636,0.0055,0.00675,0.006143750000000002,0.006125,0.0005466874678461178,0.02,0.02075,0.020225,0.02025,0.00014577379737113266,0.00475,0.004875,0.0048312500000000005,0.004875,5.9621200088559156e-05,0.020125,0.025375,0.022768749999999997,0.02275,0.002581870385495756,0.017,0.019,0.018000000000000006,0.018000000000000002,0.0007071067811865469,32,32,2560,10240,51200,False,2240,8
0.033,0.043000000000000003,0.04061904761904763,0.041,0.0018381199110113129,0.012,0.013000000000000001,0.012850000000000004,0.013000000000000001,0.0003570714214271428,0.01525,0.0155,0.015349999999999997,0.015375,9.354143466934863e-05,0.036000000000000004,0.038,0.037000000000000005,0.037,0.0003162277660168371,0.0055,0.007,0.006212500000000001,0.0061875,0.0006532371315226961,0.019875,0.02025,0.0200125,0.02,0.00011110243021644497,0.004625,0.00475,0.0047125000000000005,0.00475,5.7282196186948046e-05,0.019875,0.025625000000000002,0.022693750000000002,0.0226875,0.0027696668910719216,0.017,0.018000000000000002,0.017250000000000005,0.017,0.00043301270189221973,32,32,2560,10240,51200,False,2208,8
0.033,0.041,0.03985714285714287,0.04,0.0016413036132965795,0.012,0.013000000000000001,0.012600000000000004,0.013000000000000001,0.0004898979485566361,0.015,0.01575,0.015275,0.01525,0.00022569337606584755,0.037,0.038,0.03730000000000001,0.037,0.0004582575694955844,0.0055,0.007,0.006175000000000002,0.006125,0.000678232998312527,0.019375,0.020125,0.0197,0.0196875,0.00025124689052802247,0.004625,0.00475,0.0046812500000000005,0.004625,6.21867148191638e-05,0.020125,0.025750000000000002,0.022906250000000003,0.0229375,0.002732579767820146,0.017,0.018000000000000002,0.017100000000000004,0.017,0.00030000000000000024,32,32,2560,10240,51200,False,2176,8
0.032,0.041,0.039095238095238107,0.039,0.0016876233473018427,0.012,0.013000000000000001,0.012450000000000003,0.012,0.0004974937185533104,0.015,0.01575,0.01534375,0.01525,0.00020107134927681782,0.036000000000000004,0.038,0.037050000000000013,0.037,0.000497493718553309,0.0055,0.007,0.006206250000000002,0.0061875,0.0006101677535727368,0.019875,0.020375,0.020062500000000004,0.020125,0.0001152443057161612,0.0045000000000000005,0.004625,0.004587500000000001,0.004625,5.7282196186947653e-05,0.019875,0.025750000000000002,0.02276875,0.02275,0.0027580209729985744,0.017,0.018000000000000002,0.017100000000000004,0.017,0.00030000000000000024,32,32,2560,10240,51200,False,2144,8
0.032,0.04,0.03895238095238096,0.039,0.0016176464525202883,0.012,0.013000000000000001,0.012450000000000003,0.012,0.0004974937185533104,0.015625,0.01625,0.015837499999999997,0.01575,0.00020577597041442926,0.035,0.037,0.03590000000000001,0.036000000000000004,0.00043588989435406684,0.0053750000000000004,0.00675,0.006031250000000001,0.006,0.000610935501914891,0.01975,0.02,0.019837499999999997,0.0198125,9.762812094883326e-05,0.0045000000000000005,0.0045000000000000005,0.004500000000000001,0.0045000000000000005,8.673617379884035e-19,0.01975,0.025500000000000002,0.022512499999999998,0.0224375,0.002665432657187197,0.016,0.017,0.016950000000000003,0.017,0.00021794494717703385,32,32,2560,10240,51200,False,2112,8
0.032,0.039,0.038095238095238106,0.038,0.0014443572274383902,0.012,0.013000000000000001,0.012250000000000002,0.012,0.0004330127018922198,0.015125,0.0155,0.015256249999999999,0.01525,8.361930100162289e-05,0.033,0.035,0.03415000000000001,0.034,0.0005722761571129803,0.0055,0.006875,0.006175000000000002,0.006125,0.0006038936164590583,0.01975,0.02025,0.019950000000000002,0.02,0.00012119199643540835,0.004375,0.0045000000000000005,0.004387500000000001,0.004375,3.750000000000003e-05,0.01975,0.025375,0.022587500000000003,0.0225625,0.002664025384638818,0.016,0.017,0.016650000000000005,0.017,0.0004769696007084733,32,32,2560,10240,51200,False,2080,8
0.031,0.038,0.037238095238095244,0.038,0.0014769583256448399,0.012,0.013000000000000001,0.012200000000000003,0.012,0.00040000000000000034,0.013875,0.014375,0.014056250000000001,0.014,0.00010058423087144434,0.033,0.035,0.03405000000000001,0.034,0.0004974937185533105,0.0053750000000000004,0.005625,0.005562500000000001,0.005625,7.395099728874517e-05,0.018000000000000002,0.019,0.0184,0.018375,0.00026983791431153576,0.004375,0.0045000000000000005,0.004468750000000001,0.0045000000000000005,5.412658773652746e-05,0.01975,0.02025,0.0200375,0.0200625,0.00011924240017711831,0.016,0.017,0.016800000000000002,0.017,0.00040000000000000034,32,32,2560,10240,51200,False,2048,8
0.031,0.04,0.03785714285714287,0.038,0.0017535192990020927,0.012,0.013000000000000001,0.012150000000000003,0.012,0.0003570714214271428,0.013875,0.01425,0.014012500000000002,0.014,0.00010383279828647603,0.033,0.035,0.03400000000000001,0.034,0.0003162277660168382,0.0053750000000000004,0.0055,0.005456250000000001,0.0055,5.962120008855874e-05,0.018125,0.01925,0.01858125,0.0185625,0.0003519477056325275,0.004375,0.0045000000000000005,0.0044125000000000015,0.004375,5.728219618694805e-05,0.019875,0.020125,0.019931249999999998,0.019875,8.36193010016229e-05,0.015,0.017,0.016300000000000002,0.016,0.0005567764362830027,32,32,2560,10240,51200,False,2048,8
0.031,0.038,0.03700000000000001,0.037,0.001414213562373095,0.012,0.013000000000000001,0.012150000000000003,0.012,0.0003570714214271428,0.013625,0.014125,0.01381875,0.013875,0.00010807260291119123,0.033,0.035,0.03380000000000001,0.034,0.000509901951359279,0.00525,0.0055,0.0054062500000000005,0.0053750000000000004,7.781187248742927e-05,0.01825,0.01875,0.018368749999999996,0.018375,0.00010807260291119123,0.00425,0.004375,0.004312500000000001,0.0043125,6.250000000000007e-05,0.019625,0.02,0.0197875,0.01975,0.00011250000000000009,0.016,0.017,0.016150000000000005,0.016,0.00035707142142714284,32,32,2560,10240,51200,False,2032,8
0.03,0.039,0.03723809523809525,0.037,0.0017431433540688694,0.012,0.013000000000000001,0.012050000000000002,0.012,0.00021794494717703388,0.013625,0.014,0.01378125,0.01375,9.58106857297244e-05,0.033,0.034,0.033600000000000005,0.034,0.0004898979485566361,0.0053750000000000004,0.0055,0.0054375000000000005,0.0054375,6.249999999999961e-05,0.018000000000000002,0.018625,0.018249999999999995,0.01825,0.00012499999999999976,0.00425,0.004375,0.004262500000000001,0.00425,3.750000000000003e-05,0.0195,0.019875,0.01970625,0.01975,0.00010661701318269998,0.016,0.017,0.016200000000000003,0.016,0.00040000000000000034,32,32,2560,10240,51200,False,2016,8
0.03,0.038,0.03642857142857144,0.037,0.001590789817951434,0.012,0.013000000000000001,0.012100000000000003,0.012,0.00030000000000000024,0.01375,0.01425,0.013925000000000002,0.013875,0.00011456439237389609,0.033,0.034,0.033150000000000006,0.033,0.00035707142142714284,0.0053750000000000004,0.0055,0.005443750000000001,0.0055,6.218671481916336e-05,0.01825,0.01875,0.0184125,0.018375,0.0001053268721647046,0.00425,0.004375,0.004262500000000001,0.00425,3.750000000000003e-05,0.019625,0.019875,0.019774999999999997,0.01975,8.477912478906593e-05,0.016,0.016,0.016000000000000004,0.016,3.469446951953614e-18,32,32,2560,10240,51200,False,2000,8
0.03,0.037,0.03638095238095239,0.037,0.001495268425534055,0.012,0.012,0.012000000000000002,0.012,1.734723475976807e-18,0.01375,0.014125,0.013900000000000001,0.013875,9.354143466934863e-05,0.032,0.034,0.03300000000000001,0.033,0.00044721359549995833,0.0053750000000000004,0.006875,0.005506250000000001,0.0053750000000000004,0.00032228432710884337,0.01825,0.01875,0.018362499999999997,0.018375,0.00012437342963832762,0.004125,0.00425,0.004237500000000001,0.00425,3.750000000000004e-05,0.019625,0.019875,0.019806249999999994,0.019875,8.36193010016229e-05,0.015,0.016,0.015750000000000004,0.016,0.00043301270189221973,32,32,2560,10240,51200,False,1984,8
0.03,0.037,0.0361904761904762,0.036000000000000004,0.0014677176197545176,0.012,0.013000000000000001,0.012200000000000003,0.012,0.00040000000000000034,0.013625,0.014,0.01376875,0.01375,9.901862198596794e-05,0.032,0.033,0.03275000000000001,0.033,0.0004330127018922197,0.00525,0.0055,0.0054,0.0053750000000000004,8.477912478906558e-05,0.018125,0.0185,0.018224999999999998,0.01825,0.00010897247358851694,0.004125,0.00425,0.0041375000000000006,0.004125,3.750000000000003e-05,0.019375,0.019875,0.019612499999999998,0.019625,0.000130503831361382,0.015,0.016,0.015600000000000003,0.016,0.0004898979485566361,32,32,2560,10240,51200,False,1968,8
0.03,0.038,0.03604761904761906,0.036000000000000004,0.0014952684255340552,0.012,0.013000000000000001,0.012050000000000002,0.012,0.0002179449471770339,0.013625,0.014,0.013768750000000001,0.01375,9.901862198596797e-05,0.032,0.033,0.032400000000000005,0.032,0.000489897948556636,0.0053750000000000004,0.0055,0.0054375000000000005,0.0054375,6.249999999999961e-05,0.018125,0.01875,0.018243749999999996,0.01825,0.00013390178303517854,0.004125,0.004125,0.004125000000000001,0.004125,8.673617379884035e-19,0.0195,0.019875,0.019675,0.019625,8.291561975888507e-05,0.015,0.016,0.015350000000000003,0.015,0.00047696960070847314,32,32,2560,10240,51200,False,1952,8
0.029,0.037,0.03557142857142858,0.036000000000000004,0.0015907898179514349,0.012,0.013000000000000001,0.012050000000000002,0.012,0.0002179449471770339,0.01375,0.01425,0.013956250000000003,0.014,0.00013272975363497075,0.031,0.033,0.032100000000000004,0.032,0.0005385164807134509,0.0053750000000000004,0.005625,0.0055000000000000005,0.0055,8.838834764831822e-05,0.018375,0.019,0.018499999999999996,0.0185,0.00013693063937629166,0.004,0.004125,0.004118750000000001,0.004125,2.724311839712923e-05,0.01975,0.020125,0.019925000000000002,0.019875,0.00010752906583803294,0.015,0.017,0.015400000000000002,0.015,0.0005830951894845304,32,32,2560,10240,51200,False,1936,8
0.029,0.036000000000000004,0.03523809523809525,0.036000000000000004,0.0014769583256448407,0.012,0.013000000000000001,0.012200000000000003,0.012,0.00040000000000000034,0.013375,0.014125,0.013612500000000003,0.013625,0.00017184658856084415,0.032,0.033,0.03275000000000001,0.033,0.0004330127018922197,0.0053750000000000004,0.0055,0.00543125,0.0053750000000000004,6.218671481916338e-05,0.017,0.017625000000000002,0.017150000000000002,0.017125,0.00012869537676233762,0.004125,0.00425,0.004143750000000001,0.004125,4.4633927678392855e-05,0.01975,0.020125,0.019849999999999996,0.019875,0.00010897247358851694,0.015,0.016,0.015200000000000002,0.015,0.00040000000000000034,32,32,2560,10240,51200,False,1920,8
0.029,0.036000000000000004,0.03504761904761906,0.035,0.0014630753805464024,0.012,0.012,0.012000000000000002,0.012,1.734723475976807e-18,0.013125,0.014125,0.013612500000000003,0.013625,0.0002301494079940248,0.032,0.033,0.03245000000000001,0.032,0.0004974937185533104,0.00525,0.0055,0.005387500000000001,0.0053750000000000004,9.601432184835734e-05,0.016875,0.017750000000000002,0.017056250000000002,0.017,0.00018317938612191073,0.004,0.004125,0.0041062500000000005,0.004125,4.4633927678392855e-05,0.0195,0.019875,0.01969375,0.01975,9.249155366842973e-05,0.015,0.016,0.015200000000000002,0.015,0.00040000000000000034,32,32,2560,10240,51200,False,1904,8
0.029,0.036000000000000004,0.03457142857142858,0.035,0.00132992762321609,0.012,0.012,0.012000000000000002,0.012,1.734723475976807e-18,0.0135,0.014375,0.013800000000000002,0.01375,0.00025124689052802247,0.031,0.033,0.03225000000000001,0.032,0.0005361902647381809,0.00525,0.0055,0.005425000000000001,0.0053750000000000004,7.288689868556591e-05,0.01675,0.017375,0.0169,0.016875,0.00013462912017836272,0.004,0.004125,0.0040125000000000004,0.004,3.750000000000003e-05,0.019375,0.01975,0.019525,0.0195,7.500000000000006e-05,0.015,0.016,0.015100000000000002,0.015,0.00030000000000000024,32,32,2560,10240,51200,False,1888,8
0.028,0.036000000000000004,0.03400000000000001,0.034,0.0014474937289114924,0.012,0.012,0.012000000000000002,0.012,1.734723475976807e-18,0.0135,0.014875000000000001,0.014087500000000003,0.0140625,0.00029606798205817557,0.031,0.033,0.03180000000000001,0.032,0.000509901951359279,0.0053750000000000004,0.0055,0.00543125,0.0053750000000000004,6.218671481916338e-05,0.016875,0.0175,0.017062500000000005,0.0170625,0.00014523687548277826,0.004,0.004125,0.004050000000000001,0.004,6.12372435695795e-05,0.0195,0.019875,0.019706249999999998,0.0196875,0.00010661701318269998,0.015,0.015,0.015000000000000003,0.015,3.469446951953614e-18,32,32,2560,10240,51200,False,1872,8
0.028,0.036000000000000004,0.0341904761904762,0.034,0.0014998110236212983,0.011,0.012,0.011950000000000002,0.012,0.00021794494717703385,0.014,0.015,0.01431875,0.01425,0.0002780372052441903,0.031,0.032,0.0316,0.032,0.0004898979485566361,0.0053750000000000004,0.0055,0.00543125,0.0053750000000000004,6.218671481916338e-05,0.01675,0.017375,0.016956249999999996,0.0169375,0.0001267070933294582,0.004,0.004,0.004000000000000001,0.004,8.673617379884035e-19,0.019625,0.019875,0.019756249999999996,0.01975,9.249155366842973e-05,0.015,0.016,0.015050000000000003,0.015,0.00021794494717703385,32,32,2560,10240,51200,False,1856,8
0.028,0.035,0.03385714285714286,0.034,0.0013899542399358502,0.011,0.012,0.011950000000000002,0.012,0.00021794494717703385,0.013625,0.0145,0.014087500000000003,0.0140625,0.00023418742493994013,0.031,0.032,0.03175000000000001,0.032,0.0004330127018922197,0.00525,0.0055,0.00536875,0.0053750000000000004,6.218671481916362e-05,0.01675,0.0175,0.016925000000000003,0.016875,0.00016488632447841166,0.003875,0.004,0.003931250000000001,0.003875,6.21867148191638e-05,0.019375,0.019625,0.019493749999999997,0.0195,0.00010058423087144436,0.014,0.015,0.014950000000000001,0.015,0.00021794494717703347,32,32,2560,10240,51200,False,1840,8
0.028,0.035,0.033619047619047625,0.034,0.0013619380615309618,0.011,0.012,0.011850000000000003,0.012,0.00035707142142714284,0.01425,0.0155,0.014818750000000002,0.014750000000000001,0.00031492806718360267,0.03,0.031,0.030550000000000004,0.031,0.0004974937185533105,0.00525,0.0055,0.005381250000000001,0.0053750000000000004,7.368641326594727e-05,0.016625,0.017375,0.016881249999999997,0.016875,0.00015039011769394967,0.003875,0.003875,0.003875000000000001,0.003875,8.673617379884035e-19,0.0195,0.01975,0.01961875,0.019625,6.218671481916381e-05,0.014,0.015,0.014650000000000002,0.015,0.0004769696007084724,32,32,2560,10240,51200,False,1824,8
0.028,0.035,0.033380952380952386,0.034,0.001326513169255631,0.011,0.012,0.011950000000000002,0.012,0.00021794494717703385,0.01375,0.014125,0.013906250000000004,0.013875,8.727650027355596e-05,0.03,0.031,0.030500000000000006,0.0305,0.0005000000000000004,0.0053750000000000004,0.0055,0.005450000000000001,0.0055,6.123724356957908e-05,0.017,0.017750000000000002,0.017150000000000002,0.017125,0.00016105123408406417,0.003875,0.004,0.0038875000000000008,0.003875,3.750000000000003e-05,0.019625,0.02,0.019825000000000002,0.019875,0.00010000000000000009,0.014,0.015,0.014250000000000002,0.014,0.00043301270189221897,32,32,2560,10240,51200,False,1808,8
0.027,0.034,0.033142857142857154,0.033,0.001456862718169368,0.011,0.012,0.011650000000000002,0.012,0.00047696960070847325,0.01225,0.0125,0.01235,0.012375,6.373774391990986e-05,0.03,0.031,0.030100000000000005,0.03,0.00030000000000000024,0.0053750000000000004,0.0055,0.00543125,0.0053750000000000004,6.218671481916338e-05,0.016375,0.017,0.016643750000000002,0.016625,0.0001865601444574914,0.00375,0.004,0.0038687500000000007,0.003875,4.8007160924178845e-05,0.019625,0.019875,0.0197125,0.01975,8.926785535678571e-05,0.014,0.015,0.014150000000000001,0.014,0.00035707142142714214,32,32,2560,10240,51200,False,1792,8
0.027,0.034,0.032904761904761916,0.033,0.0014110030847646726,0.011,0.012,0.011800000000000001,0.012,0.00040000000000000034,0.012,0.0125,0.012175000000000002,0.012125,0.00010000000000000009,0.029,0.031,0.030150000000000003,0.03,0.0004769696007084728,0.00525,0.0055,0.005362500000000001,0.0053750000000000004,6.731456008918118e-05,0.016375,0.017,0.016525,0.0165,0.00013462912017836272,0.00375,0.003875,0.0037562500000000005,0.00375,2.7243118397129235e-05,0.0195,0.01975,0.0195875,0.019625,8.926785535678571e-05,0.014,0.015,0.014100000000000001,0.014,0.00029999999999999976,32,32,2560,10240,51200,False,1776,8
0.027,0.034,0.032619047619047624,0.033,0.0013619380615309618,0.011,0.012,0.011600000000000003,0.012,0.0004898979485566361,0.012125,0.012375,0.0121875,0.012125,8.385254915624219e-05,0.029,0.031,0.029800000000000004,0.03,0.0005099019513592776,0.0053750000000000004,0.006625,0.005506250000000001,0.0055,0.0002636137088620391,0.016375,0.01675,0.016518750000000002,0.0165,0.00010661701318269998,0.003625,0.00375,0.0036625000000000004,0.003625,5.728219618694785e-05,0.019375,0.01975,0.01953125,0.0195,0.00010364452469860633,0.014,0.015,0.014150000000000001,0.014,0.00035707142142714214,32,32,2560,10240,51200,False,1760,8
0.027,0.034,0.032380952380952385,0.033,0.001326513169255631,0.011,0.013000000000000001,0.011700000000000002,0.012,0.0005567764362830027,0.012125,0.0125,0.012337500000000001,0.012375,8.926785535678571e-05,0.029,0.03,0.029800000000000004,0.03,0.000399999999999999,0.0053750000000000004,0.0055,0.0054375000000000005,0.0054375,6.249999999999961e-05,0.0165,0.017,0.016675000000000002,0.016625,0.00011456439237389609,0.003625,0.00375,0.0036812500000000005,0.003625,6.218671481916358e-05,0.019625,0.019875,0.019774999999999997,0.01975,9.354143466934861e-05,0.014,0.015,0.014050000000000002,0.014,0.00021794494717703353,32,32,2560,10240,51200,False,1744,8
0.026000000000000002,0.033,0.031666666666666676,0.032,0.0013569339855976192,0.011,0.012,0.011700000000000002,0.012,0.0004582575694955844,0.012125,0.0125,0.01226875,0.01225,9.901862198596794e-05,0.029,0.03,0.029350000000000005,0.029,0.00047696960070847157,0.0053750000000000004,0.0055,0.00543125,0.0053750000000000004,6.218671481916338e-05,0.0165,0.017125,0.0166,0.016625,0.00014031215200402294,0.003625,0.00375,0.0036375000000000005,0.003625,3.74999999999999e-05,0.019625,0.019875,0.0197,0.0196875,8.291561975888507e-05,0.014,0.015,0.014150000000000001,0.014,0.00035707142142714214,32,32,2560,10240,51200,False,1728,8
0.026000000000000002,0.033,0.031904761904761915,0.032,0.0014110030847646717,0.011,0.012,0.011400000000000002,0.011,0.000489897948556636,0.011875,0.0125,0.012087500000000001,0.012125,0.00011924240017711831,0.029,0.03,0.029250000000000005,0.029,0.0004330127018922182,0.00525,0.0055,0.005362500000000001,0.0053750000000000004,7.806247497997983e-05,0.01625,0.016875,0.016425000000000002,0.016375,0.00012747548783981972,0.0035,0.003625,0.0036062500000000005,0.003625,4.463392767839285e-05,0.019375,0.01975,0.0194875,0.0195,8.750000000000008e-05,0.013000000000000001,0.015,0.014000000000000002,0.014,0.0003162277660168377,32,32,2560,10240,51200,False,1712,8
0.026000000000000002,0.032,0.03157142857142858,0.032,0.0012936264483053449,0.011,0.012,0.011750000000000002,0.012,0.0004330127018922198,0.012,0.01225,0.01219375,0.01225,7.368641326594753e-05,0.028,0.03,0.028950000000000004,0.029,0.00038405728739343033,0.0053750000000000004,0.006875,0.00549375,0.0053750000000000004,0.0003222843271088434,0.01625,0.016875,0.016500000000000008,0.0165,0.00014790199457749052,0.0035,0.003625,0.0035375000000000003,0.0035,5.728219618694805e-05,0.019375,0.01975,0.01959375,0.019625,0.00010364452469860633,0.013000000000000001,0.015,0.014000000000000002,0.014,0.0003162277660168377,32,32,2560,10240,51200,False,1696,8
0.026000000000000002,0.032,0.031047619047619053,0.031,0.0012140522651411388,0.011,0.012,0.011250000000000001,0.011,0.0004330127018922198,0.012125,0.0125,0.012325,0.012375,8.291561975888507e-05,0.028,0.03,0.028800000000000003,0.029,0.0005999999999999998,0.0053750000000000004,0.0055,0.005443750000000001,0.0055,6.218671481916336e-05,0.0165,0.017125,0.0167,0.01675,0.00012747548783981972,0.0035,0.003625,0.0035312500000000005,0.0035,5.4126587736527466e-05,0.019625,0.020125,0.019825,0.0198125,0.00010752906583803294,0.013000000000000001,0.014,0.013900000000000004,0.014,0.00029999999999999976,32,32,2560,10240,51200,False,1680,8
0.026000000000000002,0.032,0.030666666666666672,0.031,0.0011683661091795518,0.011,0.012,0.011250000000000001,0.011,0.0004330127018922198,0.011875,0.012625,0.0122,0.0121875,0.00023848480035423662,0.029,0.031,0.029500000000000005,0.029,0.0005916079783099605,0.004625,0.004875,0.004750000000000001,0.00475,5.590169943749479e-05,0.01525,0.01625,0.015725000000000003,0.015625,0.0002698379143115365,0.003625,0.00375,0.0036312500000000004,0.003625,2.7243118397129144e-05,0.017,0.0175,0.0172875,0.01725,0.00017721808598447297,0.013000000000000001,0.014,0.013950000000000004,0.014,0.00021794494717703353,32,32,2560,10240,51200,False,1664,8
0.025,0.032,0.030714285714285722,0.031,0.0013502330360721736,0.011,0.012,0.011200000000000002,0.011,0.00040000000000000034,0.01175,0.012750000000000001,0.01213125,0.012125,0.0002576182980690621,0.029,0.03,0.029250000000000005,0.029,0.0004330127018922182,0.00475,0.004875,0.004781250000000001,0.00475,5.4126587736527466e-05,0.015375,0.016125,0.015762500000000002,0.0158125,0.000208791163606126,0.0035,0.003625,0.0035562500000000004,0.0035,6.21867148191638e-05,0.017,0.017750000000000002,0.01733125,0.0173125,0.00015449008867885356,0.013000000000000001,0.014,0.013500000000000003,0.013500000000000002,0.0004999999999999995,32,32,2560,10240,51200,False,1648,8
0.025,0.031,0.030476190476190483,0.031,0.0012953781436890897,0.011,0.012,0.011100000000000002,0.011,0.00030000000000000024,0.012125,0.012875000000000001,0.012431250000000001,0.012375,0.0001831793861219107,0.028,0.029,0.028800000000000003,0.029,0.00040000000000000034,0.00475,0.005,0.004900000000000001,0.004875,9.354143466934863e-05,0.0155,0.0165,0.0159375,0.015875,0.00025464435984329226,0.0035,0.003625,0.0035125000000000004,0.0035,3.750000000000003e-05,0.01725,0.0175,0.017375000000000005,0.017375,9.682458365518552e-05,0.012,0.014,0.013300000000000003,0.013000000000000001,0.000556776436283002,32,32,2560,10240,51200,False,1632,8
0.025,0.031,0.02995238095238096,0.03,0.0011741740958036144,0.011,0.012,0.011100000000000002,0.011,0.00030000000000000024,0.012375,0.0135,0.012712500000000002,0.012625,0.0002880429655450726,0.027,0.029,0.027950000000000003,0.028,0.0005894913061275802,0.005,0.00525,0.005081250000000001,0.005125,7.153451963912255e-05,0.015875,0.017125,0.0164,0.0164375,0.0003152380053229626,0.003375,0.0035,0.0034937500000000003,0.0035,2.724311839712923e-05,0.017750000000000002,0.0185,0.018125000000000002,0.018125,0.00020155644370746254,0.012,0.014,0.012900000000000003,0.013000000000000001,0.0004358898943540675,32,32,2560,10240,51200,False,1616,8
0.025,0.031,0.029857142857142863,0.03,0.0011248582677159725,0.011,0.012,0.01105,0.011,0.00021794494717703388,0.012625,0.013375,0.012975,0.013000000000000001,0.00021866069605669822,0.027,0.029,0.02765,0.028,0.0006538348415311016,0.005,0.00525,0.005081250000000001,0.005125,7.153451963912255e-05,0.016125,0.017375,0.01665625,0.016625,0.0002874320571891732,0.003375,0.0035,0.00344375,0.0035,6.218671481916381e-05,0.018000000000000002,0.019,0.018306249999999996,0.01825,0.00019951112124390452,0.012,0.014,0.012850000000000004,0.013000000000000001,0.0007262919523166975,32,32,2560,10240,51200,False,1600,8
0.025,0.031,0.02995238095238096,0.03,0.0011741740958036144,0.008,0.009000000000000001,0.008350000000000002,0.008,0.00047696960070847325,0.0125,0.0135,0.012925,0.012875000000000001,0.0002284458360312129,0.026000000000000002,0.027,0.026850000000000006,0.027,0.0003570714214271416,0.005,0.00525,0.005131250000000001,0.005125,7.368641326594754e-05,0.016,0.017125,0.01658125,0.0165625,0.00033371722685531267,0.003375,0.0035,0.00338125,0.003375,2.724311839712924e-05,0.017875000000000002,0.01825,0.018099999999999998,0.018125,0.0001286953767623362,0.012,0.014,0.012400000000000003,0.012,0.0006633249580710801,32,32,2560,10240,51200,False,1584,8
0.024,0.03,0.029142857142857147,0.029,0.001245399698154478,0.008,0.009000000000000001,0.008550000000000002,0.009000000000000001,0.0004974937185533104,0.0125,0.0135,0.012887500000000001,0.012875000000000001,0.00030078023538789874,0.026000000000000002,0.027,0.026550000000000008,0.027,0.0004974937185533088,0.005,0.0055,0.005231250000000001,0.0051875,0.00017798788582372668,0.016,0.017,0.01645625,0.0164375,0.00026889530955373714,0.0032500000000000003,0.003375,0.003362500000000001,0.003375,3.74999999999999e-05,0.018125,0.018625,0.018399999999999996,0.018375,0.00016105123408406423,0.012,0.014,0.012200000000000003,0.012,0.0005099019513592787,32,32,2560,10240,51200,False,1568,8
0.024,0.031,0.02928571428571429,0.029,0.00131449273731831,0.008,0.009000000000000001,0.008350000000000002,0.008,0.00047696960070847325,0.012375,0.014125,0.01315625,0.013187500000000001,0.0005602385094760977,0.025,0.027,0.025950000000000008,0.026000000000000002,0.0003840572873934303,0.004875,0.0055,0.00521875,0.00525,0.00023006452899132447,0.01575,0.0185,0.01704375,0.0169375,0.0009406405729607877,0.0032500000000000003,0.0035,0.003362500000000001,0.003375,5.4486236794258335e-05,0.01825,0.01875,0.0184375,0.018375,0.00012183492931011215,0.012,0.013000000000000001,0.012150000000000003,0.012,0.0003570714214271428,32,32,2560,10240,51200,False,1552,8
0.024,0.03,0.02895238095238096,0.029,0.0011741740958036144,0.008,0.009000000000000001,0.008350000000000002,0.008,0.00047696960070847325,0.0105,0.010875000000000001,0.010637500000000001,0.010625,0.00011792476415070767,0.025,0.027,0.025450000000000007,0.025,0.0005894913061275798,0.004125,0.00425,0.004131250000000001,0.004125,2.724311839712923e-05,0.01375,0.014375,0.013931250000000001,0.013875,0.0001503901176939497,0.0032500000000000003,0.003375,0.003318750000000001,0.003375,6.218671481916358e-05,0.013625,0.013875,0.0137625,0.01375,5.448623679425847e-05,0.012,0.013000000000000001,0.012050000000000002,0.012,0.0002179449471770339,32,32,2560,10240,51200,False,1536,8
0.023,0.029,0.0281904761904762,0.028,0.0012580804584402772,0.008,0.009000000000000001,0.008500000000000002,0.0085,0.0005000000000000004,0.010375,0.010750000000000001,0.010481250000000001,0.0105,9.901862198596794e-05,0.025,0.026000000000000002,0.025100000000000004,0.025,0.00030000000000000024,0.004125,0.004125,0.004125000000000001,0.004125,8.673617379884035e-19,0.0135,0.01425,0.0137375,0.0136875,0.00019724667297574394,0.0032500000000000003,0.003375,0.003287500000000001,0.0032500000000000003,5.728219618694786e-05,0.0135,0.013625,0.013593750000000002,0.013625,5.412658773652746e-05,0.012,0.013000000000000001,0.012050000000000002,0.012,0.0002179449471770339,32,32,2560,10240,51200,False,1520,8
0.023,0.029,0.02795238095238096,0.028,0.001174174095803615,0.008,0.008,0.008000000000000002,0.008,1.734723475976807e-18,0.010375,0.010625,0.010456250000000002,0.0105,8.17293551913877e-05,0.024,0.026000000000000002,0.024950000000000007,0.025,0.00038405728739343076,0.004125,0.004125,0.004125000000000001,0.004125,8.673617379884035e-19,0.0135,0.014125,0.01365,0.013625,0.00013462912017836275,0.0032500000000000003,0.003375,0.003256250000000001,0.0032500000000000003,2.7243118397129137e-05,0.0135,0.01375,0.013593749999999998,0.013625,6.702378309227261e-05,0.012,0.012,0.012000000000000002,0.012,1.734723475976807e-18,32,32,2560,10240,51200,False,1504,8
0.023,0.029,0.027904761904761915,0.028,0.0011507662831994833,0.008,0.009000000000000001,0.008650000000000001,0.009000000000000001,0.0004769696007084733,0.0105,0.010875000000000001,0.01061875,0.010625,0.00012167451458707377,0.024,0.025,0.024600000000000004,0.025,0.0004898979485566361,0.003875,0.004,0.003962500000000001,0.004,5.728219618694805e-05,0.013625,0.01425,0.013774999999999999,0.01375,0.00015103807466993228,0.0032500000000000003,0.0032500000000000003,0.0032500000000000007,0.0032500000000000003,4.336808689942018e-19,0.013625,0.01375,0.013693750000000001,0.01375,6.21867148191638e-05,0.012,0.013000000000000001,0.012050000000000002,0.012,0.0002179449471770339,32,32,2560,10240,51200,False,1488,8
0.022,0.028,0.027428571428571438,0.028,0.0012936264483053455,0.008,0.009000000000000001,0.008100000000000001,0.008,0.0003000000000000003,0.010375,0.010750000000000001,0.010581250000000002,0.010625,9.901862198596796e-05,0.024,0.025,0.024450000000000006,0.024,0.0004974937185533104,0.004125,0.004125,0.004125000000000001,0.004125,8.673617379884035e-19,0.0135,0.01425,0.013750000000000002,0.01375,0.00016770509831248438,0.003125,0.0032500000000000003,0.0031562500000000006,0.003125,5.4126587736527466e-05,0.0135,0.013875,0.0136875,0.0136875,8.38525491562422e-05,0.012,0.012,0.012000000000000002,0.012,1.734723475976807e-18,32,32,2560,10240,51200,False,1472,8
0.022,0.028,0.02695238095238096,0.027,0.001174174095803615,0.008,0.008,0.008000000000000002,0.008,1.734723475976807e-18,0.01025,0.010625,0.010412500000000002,0.010375,8.003905296791067e-05,0.023,0.025,0.024150000000000005,0.024,0.0004769696007084732,0.004,0.004125,0.004118750000000001,0.004125,2.724311839712923e-05,0.0135,0.014125,0.0136625,0.013625,0.00015860721925561915,0.003125,0.0032500000000000003,0.0031375000000000005,0.003125,3.750000000000003e-05,0.013375,0.013625,0.013587499999999999,0.013625,6.959705453537534e-05,0.012,0.012,0.012000000000000002,0.012,1.734723475976807e-18,32,32,2560,10240,51200,False,1456,8
0.022,0.028,0.02671428571428572,0.027,0.0011187942975686412,0.008,0.008,0.008000000000000002,0.008,1.734723475976807e-18,0.01025,0.010625,0.010431250000000001,0.010375,9.249155366842971e-05,0.023,0.024,0.023900000000000005,0.024,0.0003000000000000003,0.004125,0.004125,0.004125000000000001,0.004125,8.673617379884035e-19,0.0135,0.014,0.013593750000000002,0.0135,0.00014724023736737197,0.003,0.003125,0.0031125000000000007,0.003125,3.750000000000004e-05,0.013375,0.013625,0.013487500000000003,0.0135,7.806247497998004e-05,0.012,0.012,0.012000000000000002,0.012,1.734723475976807e-18,32,32,2560,10240,51200,False,1440,8
0.022,0.028,0.02676190476190477,0.027,0.0011086139739831258,0.008,0.008,0.008000000000000002,0.008,1.734723475976807e-18,0.0105,0.010875000000000001,0.010643750000000002,0.010625,9.901862198596794e-05,0.023,0.024,0.023350000000000003,0.023,0.0004769696007084732,0.004125,0.00425,0.004131250000000001,0.004125,2.724311839712923e-05,0.013625,0.014375,0.0138625,0.013875,0.00018915932438026963,0.003,0.003125,0.0030812500000000007,0.003125,5.962120008855916e-05,0.013625,0.01375,0.013725000000000001,0.01375,5.0000000000000036e-05,0.012,0.012,0.012000000000000002,0.012,1.734723475976807e-18,32,32,2560,10240,51200,False,1424,8
0.022,0.027,0.026095238095238102,0.026000000000000002,0.0010190921218586997,0.008,0.008,0.008000000000000002,0.008,1.734723475976807e-18,0.010875000000000001,0.011875,0.01145,0.0115,0.0002604083331999956,0.022,0.024,0.023300000000000005,0.023,0.0005567764362830027,0.003875,0.004,0.0038875000000000008,0.003875,3.750000000000003e-05,0.013375,0.014375,0.0137375,0.0136875,0.00025586861863073423,0.003,0.003125,0.0031000000000000008,0.003125,5.0000000000000036e-05,0.013625,0.01375,0.013668750000000002,0.013625,5.9621200088559156e-05,0.012,0.012,0.012000000000000002,0.012,1.734723475976807e-18,32,32,2560,10240,51200,False,1408,8
0.022,0.027,0.025857142857142863,0.026000000000000002,0.0008883218145798878,0.008,0.008,0.008000000000000002,0.008,1.734723475976807e-18,0.010750000000000001,0.01225,0.01171875,0.0118125,0.0004086467759569383,0.022,0.023,0.022800000000000004,0.023,0.0004000000000000003,0.003875,0.003875,0.003875000000000001,0.003875,8.673617379884035e-19,0.013375,0.014125,0.013762500000000002,0.01375,0.000208791163606126,0.003,0.003125,0.0030437500000000004,0.003,5.962120008855914e-05,0.0135,0.01375,0.013631250000000001,0.013625,4.8007160924178845e-05,0.012,0.012,0.012000000000000002,0.012,1.734723475976807e-18,32,32,2560,10240,51200,False,1392,8
0.022,0.027,0.025904761904761913,0.026000000000000002,0.0009209085526577965,0.008,0.008,0.008000000000000002,0.008,1.734723475976807e-18,0.010625,0.012125,0.011287499999999999,0.011125,0.00048589479313942003,0.022,0.023,0.022500000000000003,0.0225,0.0005000000000000004,0.003875,0.003875,0.003875000000000001,0.003875,8.673617379884035e-19,0.013875,0.014625,0.01414375,0.014125,0.00022801795433693395,0.002875,0.003,0.0029937500000000008,0.003,2.724311839712923e-05,0.013375,0.013625,0.013493750000000002,0.0135,7.368641326594753e-05,0.012,0.012,0.012000000000000002,0.012,1.734723475976807e-18,32,32,2560,10240,51200,False,1376,8
0.021,0.026000000000000002,0.0250952380952381,0.025,0.0010190921218586999,0.008,0.008,0.008000000000000002,0.008,1.734723475976807e-18,0.011875,0.0135,0.012506250000000002,0.012375,0.0004549639408788346,0.022,0.023,0.022350000000000002,0.022,0.0004769696007084732,0.003875,0.004,0.0039000000000000007,0.003875,5.0000000000000036e-05,0.014125,0.01525,0.014593749999999999,0.014625,0.00034204120731280306,0.002875,0.003,0.0029375000000000004,0.0029375,6.250000000000006e-05,0.013625,0.01375,0.01365625,0.013625,5.4126587736527466e-05,0.01,0.012,0.011650000000000002,0.012,0.0005722761571129801,32,32,2560,10240,51200,False,1360,8
0.021,0.026000000000000002,0.024904761904761912,0.025,0.0009712418121129117,0.008,0.008,0.008000000000000002,0.008,1.734723475976807e-18,0.0115,0.013375,0.012475000000000002,0.0124375,0.0005399652766613796,0.021,0.022,0.021900000000000003,0.022,0.00029999999999999927,0.003875,0.003875,0.003875000000000001,0.003875,8.673617379884035e-19,0.01425,0.015125,0.014650000000000002,0.014687500000000001,0.00025186802099512337,0.002875,0.003,0.0029062500000000004,0.002875,5.4126587736527466e-05,0.0135,0.01375,0.013593750000000002,0.013625,6.702378309227261e-05,0.01,0.012,0.011300000000000001,0.011,0.000640312423743285,32,32,2560,10240,51200,False,1344,8
0.021,0.026000000000000002,0.025000000000000005,0.025,0.0009759000729485333,0.008,0.008,0.008000000000000002,0.008,1.734723475976807e-18,0.011375,0.01325,0.012431250000000001,0.012625,0.0006619986310408808,0.021,0.022,0.021650000000000003,0.022,0.0004769696007084717,0.003875,0.003875,0.003875000000000001,0.003875,8.673617379884035e-19,0.01375,0.015125,0.0145625,0.014625,0.0003524468044967922,0.00275,0.003,0.0028687500000000006,0.002875,4.8007160924178845e-05,0.0135,0.01375,0.013562500000000002,0.0135,8.385254915624219e-05,0.01,0.012,0.011150000000000002,0.011,0.0006538348415311012,32,32,2560,10240,51200,False,1328,8
0.02,0.026000000000000002,0.024571428571428577,0.025,0.0011368891796488883,0.007,0.008,0.007800000000000001,0.008,0.0004,0.011375,0.013875,0.012406250000000002,0.01225,0.0006601077090142185,0.021,0.022,0.021500000000000002,0.0215,0.0004999999999999987,0.003875,0.003875,0.003875000000000001,0.003875,8.673617379884035e-19,0.013375,0.013875,0.013493750000000002,0.0135,0.00012793430931536711,0.00275,0.002875,0.0027812500000000003,0.00275,5.4126587736527466e-05,0.01325,0.013625,0.013437500000000002,0.0134375,8.385254915624219e-05,0.01,0.012,0.010950000000000001,0.011,0.0006689544080129826,32,32,2560,10240,51200,False,1312,8
0.02,0.025,0.024285714285714292,0.024,0.001075389503870116,0.007,0.008,0.007850000000000001,0.008,0.0003570714214271425,0.011125,0.013125,0.012125,0.012125,0.0006174544517614238,0.02,0.022,0.0211,0.021,0.0004358898943540667,0.003875,0.004,0.0039000000000000007,0.003875,5.0000000000000036e-05,0.0135,0.014125,0.0137,0.01375,0.00013919410907075068,0.00275,0.002875,0.0027562500000000005,0.00275,2.7243118397129235e-05,0.0135,0.01375,0.013625000000000002,0.013625,6.846531968814583e-05,0.01,0.012,0.0103,0.01,0.000556776436283002,32,32,2560,10240,51200,False,1296,8
0.02,0.025,0.024000000000000004,0.024,0.0009759000729485334,0.008,0.008,0.008000000000000002,0.008,1.734723475976807e-18,0.008875000000000001,0.0105,0.009725000000000001,0.01025,0.0006726812023536853,0.02,0.021,0.020900000000000005,0.021,0.0003000000000000003,0.004,0.004125,0.004006250000000001,0.004,2.724311839712923e-05,0.012,0.012625,0.012181250000000001,0.012125,0.00017886360026567747,0.00275,0.002875,0.0027875000000000005,0.00275,5.728219618694805e-05,0.013125,0.01325,0.013225,0.01325,5.000000000000004e-05,0.01,0.012,0.01025,0.01,0.0005361902647381802,32,32,2560,10240,51200,False,1280,8
0.02,0.024,0.023666666666666673,0.024,0.0008908708063747481,0.007,0.008,0.007950000000000002,0.008,0.0002179449471770337,0.008625,0.010375,0.009575000000000004,0.009875,0.0006523994175349942,0.02,0.021,0.020700000000000003,0.021,0.0004582575694955844,0.003875,0.004,0.00395,0.004,6.123724356957951e-05,0.011875,0.0125,0.012168750000000002,0.0121875,0.00019070182877990464,0.00275,0.002875,0.0027562500000000005,0.00275,2.7243118397129235e-05,0.012875000000000001,0.013125,0.01305,0.013062500000000001,8.29156197588843e-05,0.01,0.011,0.01005,0.01,0.00021794494717703353,32,32,2560,10240,51200,False,1264,8
0.019,0.024,0.023428571428571434,0.024,0.0010942024088643869,0.007,0.008,0.007700000000000001,0.008,0.000458257569495584,0.008625,0.01025,0.009500000000000003,0.01,0.0006970921746799341,0.02,0.021,0.020400000000000005,0.02,0.000489897948556636,0.003875,0.004,0.0039562500000000006,0.004,5.962120008855916e-05,0.01175,0.012375,0.012006250000000001,0.012,0.00015549819130780926,0.002625,0.00275,0.00273125,0.00275,4.46339276783927e-05,0.013000000000000001,0.013125,0.013081249999999999,0.013125,5.9621200088558315e-05,0.01,0.011,0.01005,0.01,0.00021794494717703353,32,32,2560,10240,51200,False,1248,8
0.019,0.024,0.0230952380952381,0.023,0.0010190921218586999,0.007,0.008,0.007650000000000001,0.008,0.00047696960070847287,0.008875000000000001,0.0105,0.009893750000000003,0.010125,0.0005731969011604998,0.02,0.021,0.020300000000000006,0.02,0.0004582575694955844,0.003875,0.004,0.00395,0.004,6.123724356957951e-05,0.011875,0.0125,0.012125,0.012,0.00018540496217739176,0.002625,0.00275,0.0027187500000000002,0.00275,5.4126587736527276e-05,0.013125,0.01325,0.0131875,0.0131875,6.250000000000006e-05,0.01,0.01,0.010000000000000002,0.01,1.734723475976807e-18,32,32,2560,10240,51200,False,1232,8
0.019,0.024,0.022952380952380957,0.023,0.0009499970163457146,0.007,0.008,0.0075000000000000015,0.0075,0.0005,0.00875,0.010375,0.009450000000000002,0.009437500000000001,0.0006941721688457408,0.019,0.021,0.019850000000000003,0.02,0.0005722761571129804,0.003875,0.004,0.003968750000000001,0.004,5.412658773652746e-05,0.011875,0.0125,0.012218750000000002,0.01225,0.0001623797632095824,0.002625,0.00275,0.0026437500000000003,0.002625,4.46339276783927e-05,0.013000000000000001,0.01325,0.013143750000000001,0.013125,5.962120008855895e-05,0.01,0.01,0.010000000000000002,0.01,1.734723475976807e-18,32,32,2560,10240,51200,False,1216,8
0.019,0.023,0.022666666666666672,0.023,0.0008908708063747482,0.007,0.008,0.007450000000000001,0.007,0.0004974937185533101,0.008625,0.01025,0.009425,0.00975,0.0005921359641163503,0.019,0.021,0.019900000000000004,0.02,0.0004358898943540677,0.003875,0.004,0.003931250000000001,0.003875,6.21867148191638e-05,0.011875,0.012375,0.012118750000000001,0.012125,0.00014510233457804887,0.002625,0.002625,0.0026250000000000006,0.002625,4.336808689942018e-19,0.013000000000000001,0.013125,0.01305,0.013000000000000001,6.123724356957866e-05,0.01,0.01,0.010000000000000002,0.01,1.734723475976807e-18,32,32,2560,10240,51200,False,1200,8
0.019,0.023,0.022142857142857148,0.022,0.0008329931278350432,0.007,0.007,0.007000000000000001,0.007,8.673617379884035e-19,0.00875,0.01025,0.009737500000000001,0.010125,0.0006384796394561065,0.019,0.02,0.019500000000000003,0.0195,0.0005000000000000004,0.003875,0.004,0.0039562500000000006,0.004,5.962120008855916e-05,0.011875,0.012375,0.0120625,0.0120625,0.00016535945694153706,0.0025,0.002625,0.0025687500000000007,0.002625,6.218671481916381e-05,0.013000000000000001,0.01325,0.013093750000000001,0.013125,6.702378309227188e-05,0.01,0.01,0.010000000000000002,0.01,1.734723475976807e-18,32,32,2560,10240,51200,False,1184,8
0.019,0.023,0.022000000000000002,0.022,0.0007559289460184545,0.007,0.007,0.007000000000000001,0.007,8.673617379884035e-19,0.00875,0.0105,0.009525,0.0095625,0.0006749999999999998,0.019,0.02,0.019300000000000005,0.019,0.0004582575694955844,0.003875,0.004,0.00395,0.004,6.123724356957951e-05,0.012,0.012625,0.012268750000000002,0.01225,0.00015449008867885356,0.0025,0.002625,0.0025562500000000004,0.0025,6.21867148191638e-05,0.013125,0.013375,0.01320625,0.01325,7.153451963912254e-05,0.01,0.01,0.010000000000000002,0.01,1.734723475976807e-18,32,32,2560,10240,51200,False,1168,8
0.018000000000000002,0.022,0.021761904761904767,0.022,0.0008676603408708847,0.007,0.008,0.007050000000000001,0.007,0.0002179449471770337,0.00875,0.010375,0.009493750000000002,0.009437500000000001,0.0006998604771666989,0.018000000000000002,0.02,0.019250000000000007,0.019,0.0005361902647381805,0.003875,0.004,0.003968750000000001,0.004,5.412658773652746e-05,0.010750000000000001,0.01125,0.010950000000000001,0.011,0.0001145643923738954,0.002625,0.00275,0.0026312500000000003,0.002625,2.7243118397129144e-05,0.012750000000000001,0.013000000000000001,0.01290625,0.012875000000000001,6.702378309227261e-05,0.01,0.01,0.010000000000000002,0.01,1.734723475976807e-18,32,32,2560,10240,51200,False,1152,8
0.018000000000000002,0.022,0.021571428571428575,0.022,0.0009035079029052504,0.007,0.007,0.007000000000000001,0.007,8.673617379884035e-19,0.0085,0.010375,0.00935,0.00975,0.000670354383889596,0.018000000000000002,0.02,0.018750000000000006,0.019,0.0005361902647381794,0.003875,0.004,0.0038812500000000006,0.003875,2.7243118397129235e-05,0.010625,0.011,0.01085,0.010875000000000001,0.0001403121520040223,0.002625,0.00275,0.0026312500000000003,0.002625,2.7243118397129144e-05,0.012625,0.012875000000000001,0.012762500000000001,0.012750000000000001,5.448623679425847e-05,0.01,0.01,0.010000000000000002,0.01,1.734723475976807e-18,32,32,2560,10240,51200,False,1136,8
0.018000000000000002,0.022,0.02123809523809524,0.021,0.0008676603408708847,0.007,0.007,0.007000000000000001,0.007,8.673617379884035e-19,0.0085,0.010125,0.00931875,0.009375000000000001,0.000699860477166699,0.018000000000000002,0.019,0.018350000000000005,0.018000000000000002,0.0004769696007084715,0.003875,0.004,0.0039250000000000005,0.003875,6.12372435695795e-05,0.010375,0.011,0.01075625,0.010750000000000001,0.0001652413008300282,0.0025,0.002625,0.0025625000000000005,0.0025625,6.250000000000006e-05,0.012625,0.012750000000000001,0.0127,0.012750000000000001,6.123724356957951e-05,0.01,0.01,0.010000000000000002,0.01,1.734723475976807e-18,32,32,2560,10240,51200,False,1120,8
0.018000000000000002,0.022,0.021095238095238097,0.021,0.0008109231602822087,0.007,0.007,0.007000000000000001,0.007,8.673617379884035e-19,0.00875,0.010375,0.009506250000000003,0.01,0.0006655296293178836,0.018000000000000002,0.019,0.018150000000000006,0.018000000000000002,0.0003570714214271416,0.003875,0.004,0.0038875000000000008,0.003875,3.750000000000003e-05,0.010750000000000001,0.011,0.0108625,0.010875000000000001,8.749999999999954e-05,0.0025,0.002625,0.0025375000000000007,0.0025,5.728219618694805e-05,0.012750000000000001,0.012875000000000001,0.012825,0.012875000000000001,6.123724356957951e-05,0.01,0.01,0.010000000000000002,0.01,1.734723475976807e-18,32,32,2560,10240,51200,False,1104,8
0.017,0.021,0.020476190476190485,0.021,0.0009060141709733548,0.007,0.007,0.007000000000000001,0.007,8.673617379884035e-19,0.008625,0.010375,0.009400000000000002,0.009437500000000001,0.0007327175444876421,0.017,0.018000000000000002,0.017750000000000005,0.018000000000000002,0.0004330127018922197,0.003875,0.004,0.0039562500000000006,0.004,5.962120008855916e-05,0.010750000000000001,0.0115,0.010974999999999999,0.0109375,0.00017940875118009102,0.0025,0.0025,0.0025000000000000005,0.0025,4.336808689942018e-19,0.012750000000000001,0.012875000000000001,0.012812500000000001,0.012812500000000001,6.250000000000006e-05,0.01,0.01,0.010000000000000002,0.01,1.734723475976807e-18,32,32,2560,10240,51200,False,1088,8
0.017,0.021,0.020000000000000007,0.02,0.0007559289460184545,0.007,0.007,0.007000000000000001,0.007,8.673617379884035e-19,0.0085,0.010125,0.009450000000000002,0.0098125,0.0006141559248269121,0.017,0.019,0.017550000000000003,0.0175,0.0005894913061275798,0.003875,0.004,0.0038937500000000005,0.003875,4.4633927678392855e-05,0.010625,0.0115,0.011062500000000001,0.011125,0.0002607081701826771,0.002375,0.0025,0.0024750000000000006,0.0025,5.0000000000000036e-05,0.0125,0.012750000000000001,0.012612500000000002,0.012625,7.806247497998006e-05,0.009000000000000001,0.01,0.009700000000000004,0.01,0.00045825756949558356,32,32,2560,10240,51200,False,1072,8
0.017,0.021,0.020238095238095246,0.02,0.0008676603408708857,0.007,0.007,0.007000000000000001,0.007,8.673617379884035e-19,0.0085,0.01025,0.009268750000000003,0.009250000000000001,0.0006996371827597498,0.015,0.016,0.015950000000000002,0.016,0.00021794494717703385,0.00375,0.003875,0.0037687500000000004,0.00375,4.4633927678392855e-05,0.0105,0.01125,0.010843750000000001,0.010875000000000001,0.00024960906934644783,0.002375,0.0025,0.0023937500000000005,0.002375,4.4633927678392855e-05,0.013000000000000001,0.01325,0.013087500000000002,0.013125,8.003905296790992e-05,0.008,0.01,0.009650000000000002,0.01,0.0006538348415311009,32,32,2560,10240,51200,False,1056,8
0.017,0.02,0.019809523809523815,0.02,0.0006632565846278151,0.007,0.007,0.007000000000000001,0.007,8.673617379884035e-19,0.008625,0.010125,0.009356250000000002,0.009312500000000001,0.000684966924383944,0.015,0.016,0.015900000000000004,0.016,0.0003000000000000003,0.00375,0.003875,0.003812500000000001,0.0038125,6.250000000000006e-05,0.010750000000000001,0.0115,0.01101875,0.010875000000000001,0.00021018964651000238,0.002375,0.0025,0.0023937500000000005,0.002375,4.4633927678392855e-05,0.013125,0.013375,0.013293750000000002,0.01325,8.172935519138771e-05,0.008,0.01,0.009300000000000003,0.009000000000000001,0.0006403124237432847,32,32,2560,10240,51200,False,1040,8
0.017,0.02,0.019047619047619053,0.019,0.0005753831415997415,0.007,0.007,0.007000000000000001,0.007,8.673617379884035e-19,0.009125,0.01225,0.010675,0.010687499999999999,0.0013418736900319644,0.014,0.016,0.014400000000000001,0.014,0.0005830951894845298,0.00375,0.003875,0.003843750000000001,0.003875,5.412658773652746e-05,0.014375,0.0155,0.01503125,0.015125,0.0003208265691927645,0.0022500000000000003,0.002375,0.002331250000000001,0.002375,5.962120008855896e-05,0.0125,0.012750000000000001,0.01264375,0.012625,7.153451963912254e-05,0.009000000000000001,0.01,0.009550000000000003,0.01,0.0004974937185533095,32,32,2560,10240,51200,False,1024,8
0.016,0.021,0.01914285714285715,0.019,0.0008883218145798875,0.007,0.007,0.007000000000000001,0.007,8.673617379884035e-19,0.009125,0.012125,0.01063125,0.010562499999999999,0.0013621415812976273,0.014,0.015,0.014550000000000002,0.015,0.0004974937185533095,0.003375,0.0035,0.00344375,0.0035,6.21867148191638e-05,0.014375,0.015375,0.014875,0.014750000000000001,0.0003235544776386191,0.0022500000000000003,0.002375,0.0023125000000000008,0.0023125000000000003,6.249999999999984e-05,0.012375,0.012625,0.012518750000000004,0.0125,5.9621200088559156e-05,0.008,0.01,0.009200000000000003,0.009000000000000001,0.0006782329983125268,32,32,2560,10240,51200,False,1016,8
0.016,0.02,0.019047619047619053,0.019,0.0007853534524986019,0.007,0.007,0.007000000000000001,0.007,8.673617379884035e-19,0.009125,0.012125,0.0106125,0.010562499999999999,0.001365821639160839,0.013000000000000001,0.015,0.014300000000000002,0.014,0.0005567764362830017,0.00375,0.003875,0.0037937500000000007,0.00375,5.9621200088559156e-05,0.01,0.0105,0.010225000000000001,0.01025,0.0001610512340840642,0.002125,0.0022500000000000003,0.0022437500000000005,0.0022500000000000003,2.724311839712923e-05,0.012375,0.012625,0.012525,0.0125,7.500000000000007e-05,0.008,0.01,0.008950000000000003,0.009000000000000001,0.0007399324293474372,32,32,2560,10240,51200,False,1008,8
0.016,0.02,0.01890476190476191,0.019,0.0007499055118106486,0.007,0.007,0.007000000000000001,0.007,8.673617379884035e-19,0.008875000000000001,0.01225,0.010499999999999999,0.010499999999999999,0.0014317821063276352,0.013000000000000001,0.015,0.014350000000000002,0.014,0.0005722761571129795,0.00375,0.003875,0.0037562500000000005,0.00375,2.7243118397129235e-05,0.010125,0.010625,0.010356250000000001,0.010375,0.00013849074878850222,0.0022500000000000003,0.002375,0.0022562500000000004,0.0022500000000000003,2.7243118397129144e-05,0.012375,0.012625,0.012543750000000001,0.0125625,9.078649403958727e-05,0.008,0.009000000000000001,0.008300000000000002,0.008,0.0004582575694955844,32,32,2560,10240,51200,False,1000,8
0.016,0.02,0.01890476190476191,0.019,0.0007499055118106486,0.007,0.007,0.007000000000000001,0.007,8.673617379884035e-19,0.008875000000000001,0.012125,0.010525,0.010562499999999999,0.0014073467945037571,0.013000000000000001,0.016,0.014400000000000001,0.014,0.0006633249580710797,0.003375,0.003625,0.00344375,0.0034375,7.368641326594753e-05,0.010375,0.010625,0.010450000000000001,0.0104375,8.291561975888507e-05,0.0022500000000000003,0.0022500000000000003,0.0022500000000000007,0.0022500000000000003,4.336808689942018e-19,0.0125,0.012750000000000001,0.012668750000000001,0.012625,7.153451963912254e-05,0.008,0.009000000000000001,0.008400000000000001,0.008,0.0004898979485566361,32,32,2560,10240,51200,False,992,8
0.016,0.019,0.01857142857142858,0.019,0.0007284313590846829,0.007,0.007,0.007000000000000001,0.007,8.673617379884035e-19,0.009000000000000001,0.012,0.010418750000000001,0.010374999999999999,0.0013608791965123133,0.014,0.015,0.014400000000000001,0.014,0.0004898979485566352,0.003375,0.0035,0.0034187500000000003,0.003375,5.962120008855914e-05,0.010125,0.010625,0.010325,0.010375,0.00010000000000000009,0.002125,0.0022500000000000003,0.0022437500000000005,0.0022500000000000003,2.724311839712923e-05,0.012375,0.012625,0.012462500000000003,0.0125,6.959705453537533e-05,0.008,0.01,0.008250000000000002,0.008,0.0005361902647381805,32,32,2560,10240,51200,False,984,8
0.016,0.019,0.018428571428571433,0.019,0.0007284313590846828,0.007,0.007,0.007000000000000001,0.007,8.673617379884035e-19,0.009125,0.012125,0.0105875,0.010562499999999999,0.001341699016173151,0.013000000000000001,0.015,0.014250000000000002,0.014,0.0005361902647381799,0.003375,0.0035,0.0034187500000000003,0.003375,5.9621200088559156e-05,0.01,0.0105,0.01030625,0.010375,0.00012793430931536711,0.002125,0.0022500000000000003,0.0021312500000000003,0.002125,2.724311839712924e-05,0.012375,0.0125,0.012462500000000003,0.0125,5.728219618694804e-05,0.008,0.01,0.008450000000000003,0.008,0.0006689544080129827,32,32,2560,10240,51200,False,976,8
0.016,0.019,0.018190476190476194,0.018000000000000002,0.0006632565846278147,0.007,0.007,0.007000000000000001,0.007,8.673617379884035e-19,0.009125,0.01225,0.01061875,0.010562499999999999,0.0013488855353587274,0.013000000000000001,0.015,0.014400000000000001,0.014,0.0005830951894845296,0.003375,0.0035,0.00344375,0.0035,6.218671481916381e-05,0.01025,0.010625,0.010462500000000003,0.0105,8.926785535678571e-05,0.002125,0.0022500000000000003,0.0021500000000000004,0.002125,5.000000000000004e-05,0.012625,0.012875000000000001,0.012712500000000002,0.012750000000000001,6.959705453537534e-05,0.008,0.009000000000000001,0.008100000000000001,0.008,0.0003000000000000003,32,32,2560,10240,51200,False,968,8
0.016,0.019,0.018238095238095244,0.018000000000000002,0.0006834619092574909,0.007,0.007,0.007000000000000001,0.007,8.673617379884035e-19,0.009125,0.012125,0.01061875,0.010624999999999999,0.0013837646792355994,0.013000000000000001,0.016,0.014350000000000002,0.014,0.0008529361054615986,0.003375,0.003625,0.00344375,0.003375,8.36193010016229e-05,0.01025,0.010625,0.010437499999999999,0.010375,0.00010825317547305492,0.002125,0.002125,0.0021250000000000006,0.002125,4.336808689942018e-19,0.0125,0.012750000000000001,0.01265,0.012625,7.500000000000006e-05,0.008,0.009000000000000001,0.008150000000000001,0.008,0.0003570714214271428,32,32,2560,10240,51200,False,960,8
0.016,0.019,0.0180952380952381,0.018000000000000002,0.0006098213559459852,0.007,0.007,0.007000000000000001,0.007,8.673617379884035e-19,0.009125,0.01225,0.010631249999999998,0.010624999999999999,0.0013724265690739162,0.013000000000000001,0.015,0.014250000000000002,0.014,0.0005361902647381799,0.003375,0.0035,0.0034187500000000003,0.003375,5.9621200088559156e-05,0.010125,0.0105,0.010337500000000001,0.010375,8.926785535678571e-05,0.002125,0.002125,0.0021250000000000006,0.002125,4.336808689942018e-19,0.012375,0.012625,0.01251875,0.0125,7.153451963912255e-05,0.008,0.009000000000000001,0.008050000000000002,0.008,0.0002179449471770339,32,32,2560,10240,51200,False,952,8
0.015,0.019,0.01795238095238096,0.018000000000000002,0.0007221786137191955,0.007,0.007,0.007000000000000001,0.007,8.673617379884035e-19,0.009000000000000001,0.012,0.010425000000000002,0.010437499999999999,0.001366107609231425,0.013000000000000001,0.015,0.013900000000000001,0.014,0.0006244997998398393,0.003375,0.0035,0.0034187500000000003,0.003375,5.962120008855914e-05,0.01,0.0105,0.01025,0.01025,0.0001250000000000001,0.002,0.002125,0.0020875000000000004,0.002125,5.728219618694805e-05,0.012375,0.012625,0.012506250000000002,0.0125,4.8007160924178845e-05,0.008,0.009000000000000001,0.008050000000000002,0.008,0.0002179449471770339,32,32,2560,10240,51200,False,944,8
0.015,0.019,0.01790476190476191,0.018000000000000002,0.0007499055118106488,0.007,0.007,0.007000000000000001,0.007,8.673617379884035e-19,0.009000000000000001,0.012125,0.010468750000000002,0.010499999999999999,0.0014344396771910624,0.013000000000000001,0.015,0.0142,0.014,0.0008124038404635953,0.003375,0.0035,0.0034062500000000004,0.003375,5.4126587736527466e-05,0.010125,0.0105,0.0103625,0.010375,0.00010383279828647603,0.002,0.002125,0.0021125000000000007,0.002125,3.750000000000004e-05,0.012375,0.012625,0.012525000000000003,0.0125,7.500000000000007e-05,0.008,0.009000000000000001,0.008100000000000001,0.008,0.0003000000000000003,32,32,2560,10240,51200,False,936,8
0.015,0.018000000000000002,0.01766666666666667,0.018000000000000002,0.000712696645099799,0.007,0.007,0.007000000000000001,0.007,8.673617379884035e-19,0.008875000000000001,0.011875,0.01040625,0.010437499999999999,0.001322211097934063,0.013000000000000001,0.015,0.014300000000000002,0.014,0.0006403124237432844,0.003375,0.003625,0.00344375,0.0034375,7.368641326594754e-05,0.012,0.013625,0.013181250000000002,0.013125,0.00040979224919463744,0.002,0.0022500000000000003,0.0021062500000000005,0.002125,5.962120008855916e-05,0.012375,0.012750000000000001,0.0126,0.012625,9.354143466934864e-05,0.008,0.009000000000000001,0.008050000000000002,0.008,0.00021794494717703388,32,32,2560,10240,51200,False,928,8
0.015,0.018000000000000002,0.017190476190476194,0.017,0.0006632565846278159,0.007,0.007,0.007000000000000001,0.007,8.673617379884035e-19,0.009125,0.012125,0.010531249999999999,0.010437499999999999,0.0013233923029472405,0.013000000000000001,0.015,0.014050000000000003,0.014,0.0005894913061275794,0.003375,0.0035,0.0034062500000000004,0.003375,5.4126587736527466e-05,0.012375,0.013625,0.013162500000000002,0.013125,0.00025031230493125953,0.002,0.002125,0.0020687500000000003,0.002125,6.21867148191638e-05,0.01225,0.0125,0.012425000000000002,0.012375,7.288689868556633e-05,0.008,0.008,0.008000000000000002,0.008,1.734723475976807e-18,32,32,2560,10240,51200,False,920,8
0.015,0.018000000000000002,0.017238095238095243,0.017,0.0006834619092574923,0.006,0.007,0.006950000000000002,0.007,0.00021794494717703366,0.009125,0.012,0.010543750000000001,0.010499999999999999,0.0013464507742580124,0.013000000000000001,0.015,0.014050000000000002,0.014,0.0005894913061275794,0.003375,0.0035,0.00339375,0.003375,4.463392767839285e-05,0.011875,0.013375,0.012812500000000001,0.012812500000000001,0.0003633610463437156,0.002,0.002125,0.0020500000000000006,0.002,6.12372435695795e-05,0.01225,0.0125,0.01240625,0.012375,7.781187248742965e-05,0.008,0.008,0.008000000000000002,0.008,1.734723475976807e-18,32,32,2560,10240,51200,False,912,8
0.015,0.018000000000000002,0.017190476190476194,0.017,0.0006632565846278159,0.007,0.007,0.007000000000000001,0.007,8.673617379884035e-19,0.009125,0.012125,0.010606250000000001,0.010562499999999999,0.001383087013712442,0.013000000000000001,0.015,0.013900000000000004,0.014,0.0006244997998398394,0.003375,0.0035,0.0034187500000000003,0.003375,5.962120008855914e-05,0.012625,0.014,0.013356250000000004,0.013375,0.00029121244393054353,0.002,0.002125,0.0020312500000000005,0.002,5.4126587736527466e-05,0.0125,0.012750000000000001,0.01260625,0.012625,5.962120008855916e-05,0.008,0.008,0.008000000000000002,0.008,1.734723475976807e-18,32,32,2560,10240,51200,False,904,8
0.015,0.018000000000000002,0.01728571428571429,0.017,0.0006998542122237659,0.007,0.007,0.007000000000000001,0.007,8.673617379884035e-19,0.009125,0.012125,0.010650000000000001,0.010624999999999999,0.0013894693231590257,0.013000000000000001,0.015,0.013750000000000004,0.014,0.0006224949798994361,0.0032500000000000003,0.003875,0.003343750000000001,0.0032500000000000003,0.00018487749322186291,0.011375,0.013000000000000001,0.01251875,0.0126875,0.0005097103957150574,0.002,0.0022500000000000003,0.0020562500000000004,0.002,9.249155366842971e-05,0.010625,0.01125,0.011037499999999999,0.0110625,0.00016345871038277475,0.008,0.009000000000000001,0.008050000000000002,0.008,0.0002179449471770339,32,32,2560,10240,51200,False,896,8
0.014,0.018000000000000002,0.01695238095238096,0.017,0.0007221786137191958,0.006,0.007,0.006850000000000002,0.007,0.0003570714214271425,0.009000000000000001,0.012125,0.01055,0.010499999999999999,0.0013661076092314254,0.013000000000000001,0.016,0.014000000000000002,0.014,0.000774596669241483,0.0032500000000000003,0.003875,0.0033125000000000008,0.0032500000000000003,0.00017001838135919292,0.0115,0.013000000000000001,0.0124125,0.0126875,0.0005563553271066977,0.002,0.0022500000000000003,0.0020625000000000005,0.002,8.38525491562422e-05,0.010625,0.01125,0.011,0.011,0.00018114220932736745,0.008,0.008,0.008000000000000002,0.008,1.734723475976807e-18,32,32,2560,10240,51200,False,888,8
0.014,0.018000000000000002,0.01695238095238096,0.017,0.0007221786137191958,0.006,0.007,0.006900000000000002,0.007,0.00030000000000000003,0.009125,0.012,0.010543750000000001,0.010562499999999999,0.0013224474233405276,0.013000000000000001,0.014,0.013800000000000003,0.014,0.00039999999999999964,0.0032500000000000003,0.003875,0.0035687500000000003,0.0036249999999999998,0.0003073958156839483,0.0115,0.012875000000000001,0.012556250000000001,0.012625,0.0002890582769961797,0.002,0.002125,0.0020062500000000002,0.002,2.724311839712924e-05,0.0105,0.011375,0.01098125,0.011,0.00018656014445749073,0.008,0.009000000000000001,0.008050000000000002,0.008,0.00021794494717703388,32,32,2560,10240,51200,False,880,8
0.014,0.018000000000000002,0.016571428571428577,0.017,0.0007911070345636267,0.006,0.007,0.006800000000000002,0.007,0.0004,0.009125,0.012375,0.010606250000000001,0.010624999999999999,0.001411047372521561,0.013000000000000001,0.015,0.013750000000000004,0.014,0.0006982120021884464,0.0032500000000000003,0.004,0.0035687500000000003,0.0035624999999999997,0.0003099269067054358,0.012125,0.012750000000000001,0.012487500000000002,0.0125,0.00022672946434021336,0.002,0.002125,0.0020125000000000004,0.002,3.750000000000003e-05,0.010625,0.011125,0.0108875,0.010875000000000001,0.0001525819451966707,0.008,0.008,0.008000000000000002,0.008,1.734723475976807e-18,32,32,2560,10240,51200,False,872,8
0.014,0.017,0.01671428571428572,0.017,0.0006998542122237654,0.006,0.007,0.006850000000000002,0.007,0.0003570714214271425,0.009125,0.012125,0.01058125,0.010499999999999999,0.001360879196512314,0.013000000000000001,0.015,0.013850000000000005,0.014,0.0004769696007084724,0.003125,0.0032500000000000003,0.003225000000000001,0.0032500000000000003,5.0000000000000036e-05,0.0125,0.012875000000000001,0.012706250000000002,0.012750000000000001,0.00012038350177661398,0.002,0.002,0.0020000000000000005,0.002,4.336808689942018e-19,0.011125,0.011625,0.0114125,0.0114375,0.00011924240017711831,0.008,0.008,0.008000000000000002,0.008,1.734723475976807e-18,32,32,2560,10240,51200,False,864,8
0.014,0.017,0.01666666666666667,0.017,0.0007126966450997986,0.006,0.007,0.006900000000000002,0.007,0.00030000000000000003,0.009125,0.012,0.010531249999999999,0.010499999999999999,0.0013345616087314968,0.013000000000000001,0.014,0.013650000000000004,0.014,0.0004769696007084724,0.003125,0.0032500000000000003,0.0031375000000000005,0.003125,3.750000000000003e-05,0.012750000000000001,0.013375,0.01313125,0.013125,0.0001652413008300281,0.001875,0.002,0.0019437500000000004,0.002,6.218671481916381e-05,0.010875000000000001,0.01125,0.011,0.011,0.000111803398874989,0.008,0.008,0.008000000000000002,0.008,1.734723475976807e-18,32,32,2560,10240,51200,False,856,8
0.014,0.018000000000000002,0.01671428571428572,0.017,0.0007648751621051913,0.006,0.007,0.006750000000000002,0.007,0.0004330127018922194,0.009000000000000001,0.011875,0.0104375,0.010437499999999999,0.0012670709332945809,0.013000000000000001,0.015,0.013800000000000003,0.014,0.000509901951359278,0.003125,0.0032500000000000003,0.003193750000000001,0.0032500000000000003,6.218671481916381e-05,0.011875,0.013625,0.012900000000000003,0.012937500000000001,0.00038446391248074215,0.001875,0.001875,0.0018750000000000004,0.001875,4.336808689942018e-19,0.010750000000000001,0.011,0.010800000000000002,0.010750000000000001,7.288689868556609e-05,0.008,0.008,0.008000000000000002,0.008,1.734723475976807e-18,32,32,2560,10240,51200,False,848,8
0.014,0.017,0.016523809523809527,0.017,0.0007315376902732012,0.006,0.007,0.006700000000000002,0.007,0.00045825756949558405,0.009000000000000001,0.012125,0.0105375,0.010499999999999999,0.001390312464879748,0.013000000000000001,0.015,0.013850000000000005,0.014,0.0004769696007084724,0.003125,0.003375,0.0032187500000000007,0.0032500000000000003,6.702378309227256e-05,0.0115,0.012875000000000001,0.01264375,0.012625,0.0002774746610052891,0.001875,0.002,0.0018937500000000003,0.001875,4.463392767839285e-05,0.010750000000000001,0.011,0.01080625,0.010750000000000001,7.368641326594731e-05,0.008,0.008,0.008000000000000002,0.008,1.734723475976807e-18,32,32,2560,10240,51200,False,840,8
0.014,0.017,0.015952380952380957,0.016,0.00048562090605645586,0.006,0.007,0.006700000000000002,0.007,0.000458257569495584,0.009125,0.012,0.010543750000000001,0.010562499999999999,0.0013212653736097077,0.013000000000000001,0.015,0.013700000000000004,0.014,0.0006403124237432844,0.003625,0.003875,0.0036812500000000005,0.003625,7.368641326594734e-05,0.011375,0.012750000000000001,0.012531250000000002,0.012625,0.0002847010493482596,0.001875,0.002,0.0018875000000000003,0.001875,3.750000000000003e-05,0.011625,0.012,0.011831250000000001,0.011875,9.078649403958727e-05,0.008,0.008,0.008000000000000002,0.008,1.734723475976807e-18,32,32,2560,10240,51200,False,832,8
0.013000000000000001,0.016,0.01580952380952381,0.016,0.0006632565846278152,0.006,0.007,0.0065000000000000014,0.006500000000000001,0.0005,0.009125,0.011875,0.01049375,0.010437499999999999,0.0012750459550541701,0.013000000000000001,0.015,0.013650000000000004,0.014,0.0005722761571129793,0.003625,0.003875,0.0037812500000000008,0.00375,6.702378309227256e-05,0.012375,0.012625,0.012518750000000004,0.0125,8.17293551913877e-05,0.001875,0.002,0.0018875000000000003,0.001875,3.750000000000003e-05,0.011625,0.011875,0.0117375,0.01175,0.00010383279828647603,0.008,0.008,0.008000000000000002,0.008,1.734723475976807e-18,32,32,2560,10240,51200,False,824,8
0.014,0.017,0.015952380952380957,0.016,0.0005753831415997419,0.006,0.007,0.006700000000000002,0.007,0.000458257569495584,0.009125,0.011875,0.010474999999999998,0.010437499999999999,0.001255363493176379,0.013000000000000001,0.015,0.013650000000000004,0.014,0.0006538348415311004,0.003625,0.00375,0.0036937500000000004,0.00375,6.218671481916358e-05,0.012750000000000001,0.014375,0.013637500000000002,0.013625,0.0003233129289094391,0.00175,0.001875,0.0018312500000000002,0.001875,5.962120008855905e-05,0.011625,0.011875,0.011725,0.0116875,0.00010897247358851694,0.008,0.008,0.008000000000000002,0.008,1.734723475976807e-18,32,32,2560,10240,51200,False,816,8
0.013000000000000001,0.016,0.01571428571428572,0.016,0.0006998542122237651,0.006,0.007,0.006550000000000002,0.007,0.0004974937185533101,0.009000000000000001,0.012125,0.01055,0.010499999999999999,0.0013910427743243558,0.013000000000000001,0.015,0.013900000000000004,0.014,0.0006244997998398393,0.00375,0.004,0.0038500000000000006,0.003875,6.373774391990986e-05,0.012750000000000001,0.014,0.0133125,0.013375,0.0003023346655611954,0.00175,0.001875,0.0018125000000000003,0.0018124999999999999,6.249999999999993e-05,0.0115,0.012,0.01174375,0.01175,0.00012167451458707377,0.008,0.008,0.008000000000000002,0.008,1.734723475976807e-18,32,32,2560,10240,51200,False,808,8
0.013000000000000001,0.016,0.01571428571428572,0.016,0.0006998542122237651,0.006,0.007,0.006550000000000002,0.007,0.0004974937185533101,0.009000000000000001,0.012125,0.01053125,0.010437499999999999,0.0013007660002859857,0.013000000000000001,0.014,0.013850000000000005,0.014,0.0003570714214271422,0.00375,0.003875,0.0038250000000000007,0.003875,6.123724356957951e-05,0.012625,0.012875000000000001,0.012781250000000003,0.012750000000000001,9.581068572972439e-05,0.00175,0.001875,0.0018625000000000002,0.001875,3.749999999999997e-05,0.0115,0.012,0.011762500000000002,0.01175,0.00011792476415070767,0.008,0.008,0.008000000000000002,0.008,1.734723475976807e-18,32,32,2560,10240,51200,False,800,8
0.013000000000000001,0.016,0.01580952380952381,0.016,0.0006632565846278152,0.006,0.007,0.006750000000000002,0.007,0.00043301270189221935,0.009000000000000001,0.012,0.01045,0.010374999999999999,0.0012829409573320203,0.013000000000000001,0.015,0.013800000000000003,0.014,0.0005999999999999995,0.00375,0.004,0.003943750000000001,0.004,8.361930100162289e-05,0.01025,0.010625,0.010437500000000002,0.0105,0.00010825317547305492,0.00175,0.001875,0.0018562500000000003,0.001875,4.463392767839278e-05,0.011375,0.011875,0.011562500000000002,0.0115,0.00012183492931011215,0.008,0.008,0.008000000000000002,0.008,1.734723475976807e-18,32,32,2560,10240,51200,False,792,8
0.013000000000000001,0.016,0.015095238095238097,0.015,0.0006098213559459856,0.006,0.007,0.006650000000000001,0.007,0.0004769696007084728,0.009125,0.012,0.0105,0.010437499999999999,0.0012568561970249424,0.013000000000000001,0.015,0.013800000000000003,0.014,0.0007483314773547877,0.004,0.004125,0.004037500000000001,0.004,5.728219618694805e-05,0.01025,0.010750000000000001,0.010481250000000001,0.0105,0.00015449008867885356,0.00175,0.001875,0.0017812500000000003,0.00175,5.412658773652737e-05,0.011625,0.012,0.011756250000000001,0.01175,0.00010058423087144433,0.008,0.008,0.008000000000000002,0.008,1.734723475976807e-18,32,32,2560,10240,51200,False,784,8
0.013000000000000001,0.016,0.015047619047619051,0.015,0.0005753831415997415,0.006,0.007,0.006600000000000002,0.007,0.0004898979485566356,0.009125,0.012,0.010525,0.010562499999999999,0.001279404158192399,0.013000000000000001,0.015,0.013850000000000005,0.014,0.0008529361054615983,0.00375,0.004125,0.003937500000000001,0.0039375,8.385254915624219e-05,0.010375,0.010875000000000001,0.0105875,0.010625,0.00012562344526401124,0.00175,0.001875,0.0018000000000000002,0.00175,6.12372435695794e-05,0.0115,0.011875,0.011631250000000001,0.011625,0.00011507470399701242,0.008,0.008,0.008000000000000002,0.008,1.734723475976807e-18,32,32,2560,10240,51200,False,776,8
0.013000000000000001,0.016,0.015047619047619051,0.015,0.0006529194857524802,0.006,0.007,0.006450000000000002,0.006,0.0004974937185533101,0.007,0.0085,0.007725,0.0076875,0.0005709093623334619,0.012,0.012,0.012000000000000002,0.012,1.734723475976807e-18,0.002375,0.0025,0.0024687500000000005,0.0025,5.4126587736527466e-05,0.008375,0.011625,0.008974999999999999,0.0085,0.0010987208471672863,0.00175,0.002,0.0019625000000000003,0.002,8.926785535678563e-05,0.0073750000000000005,0.008625,0.008081250000000002,0.008125,0.0004441899227807855,0.008,0.008,0.008000000000000002,0.008,1.734723475976807e-18,32,32,2560,10240,51200,False,768,8
0.013000000000000001,0.016,0.015095238095238097,0.015,0.0006098213559459857,0.006,0.007,0.006700000000000002,0.007,0.00045825756949558405,0.007,0.008375,0.007668749999999999,0.0076875,0.000550957972535111,0.012,0.013000000000000001,0.012100000000000003,0.012,0.00030000000000000024,0.002375,0.0025,0.0023875000000000003,0.002375,3.750000000000004e-05,0.008375,0.011625,0.00878125,0.0085,0.0009294445585940024,0.00175,0.002125,0.0019687500000000004,0.002,8.72765002735559e-05,0.007125,0.00775,0.00745625,0.0075,0.00015449008867885323,0.008,0.008,0.008000000000000002,0.008,1.734723475976807e-18,32,32,2560,10240,51200,False,760,8
0.013000000000000001,0.016,0.015190476190476193,0.015,0.0007315376902732007,0.006,0.007,0.006400000000000001,0.006,0.0004898979485566357,0.007125,0.008375,0.0076875,0.0076875,0.0005340002340823457,0.012,0.012,0.012000000000000002,0.012,1.734723475976807e-18,0.002375,0.0025,0.0024250000000000005,0.002375,6.12372435695795e-05,0.008375,0.011625,0.008906250000000001,0.0085,0.0011088246874506355,0.00175,0.002,0.0018937500000000003,0.001875,8.172935519138764e-05,0.00725,0.00775,0.007462500000000001,0.0074375,0.00014842927608797374,0.008,0.008,0.008000000000000002,0.008,1.734723475976807e-18,32,32,2560,10240,51200,False,752,8
0.013000000000000001,0.016,0.015000000000000003,0.015,0.0006172133998483674,0.006,0.007,0.006150000000000001,0.006,0.0003570714214271425,0.007,0.008375,0.007656250000000001,0.0075625,0.0005753735199850615,0.012,0.013000000000000001,0.012050000000000002,0.012,0.0002179449471770339,0.002375,0.0025,0.0024125000000000006,0.002375,5.728219618694805e-05,0.008375,0.01175,0.010037500000000001,0.01,0.0015657965225405245,0.0016250000000000001,0.002,0.0017687500000000001,0.0018124999999999999,0.000126707093329458,0.007125,0.007625,0.007381250000000001,0.0073750000000000005,0.00012793430931536676,0.008,0.008,0.008000000000000002,0.008,1.734723475976807e-18,32,32,2560,10240,51200,False,744,8
0.012,0.016,0.014809523809523812,0.015,0.0007315376902732005,0.006,0.007,0.006450000000000002,0.006,0.0004974937185533101,0.008,0.0095,0.00860625,0.008375,0.0005248139551307678,0.012,0.013000000000000001,0.012300000000000002,0.012,0.0004582575694955844,0.002375,0.0025,0.0023937500000000005,0.002375,4.4633927678392855e-05,0.008375,0.011625,0.00891875,0.0085,0.0011034569259830668,0.00175,0.002,0.0018812500000000003,0.001875,7.368641326594749e-05,0.0073750000000000005,0.00775,0.007524999999999999,0.0075,0.0001510380746699319,0.008,0.008,0.008000000000000002,0.008,1.734723475976807e-18,32,32,2560,10240,51200,False,736,8
0.012,0.015,0.014619047619047622,0.015,0.0007221786137191949,0.006,0.007,0.006600000000000002,0.007,0.0004898979485566356,0.008125,0.009625,0.008562500000000002,0.0083125,0.0004992181386928962,0.012,0.013000000000000001,0.012150000000000003,0.012,0.0003570714214271428,0.002375,0.0025,0.0023812500000000006,0.002375,2.7243118397129235e-05,0.008375,0.011625,0.009768749999999998,0.0085,0.0014928344474522278,0.0016250000000000001,0.002,0.0017812500000000003,0.001875,0.0001242162932146986,0.007125,0.00775,0.00735,0.0073750000000000005,0.0001457737973711324,0.008,0.008,0.008000000000000002,0.008,1.734723475976807e-18,32,32,2560,10240,51200,False,728,8
0.012,0.015,0.014285714285714287,0.014,0.0006998542122237649,0.006,0.007,0.0063500000000000015,0.006,0.0004769696007084728,0.008375,0.009375,0.008793750000000001,0.00875,0.00034522411199103655,0.012,0.013000000000000001,0.012050000000000002,0.012,0.0002179449471770339,0.002375,0.0025,0.0024062500000000004,0.002375,5.4126587736527466e-05,0.008375,0.011625,0.0093375,0.0085,0.001350405031833042,0.0016250000000000001,0.001875,0.001775,0.0018124999999999999,0.00010897247358851674,0.00725,0.00775,0.007481249999999999,0.0074375,0.00015946688527716322,0.007,0.008,0.007950000000000002,0.008,0.00021794494717703366,32,32,2560,10240,51200,False,720,8
0.012,0.015,0.014142857142857145,0.014,0.0006388765649999397,0.006,0.007,0.006300000000000002,0.006,0.000458257569495584,0.008375,0.0095,0.008756250000000002,0.008625,0.00038012127998837377,0.012,0.013000000000000001,0.012200000000000003,0.012,0.00040000000000000034,0.002375,0.0025,0.0024437500000000006,0.0025,6.218671481916381e-05,0.008375,0.0115,0.0089,0.0085,0.0010771780261405258,0.0016250000000000001,0.001875,0.0018250000000000002,0.001875,9.18558653543691e-05,0.007125,0.00775,0.007456249999999999,0.0074375,0.00017354304221143505,0.007,0.008,0.0079,0.008,0.00030000000000000003,32,32,2560,10240,51200,False,712,8
0.012,0.015,0.014190476190476193,0.014,0.0006632565846278151,0.006,0.007,0.0062000000000000015,0.006,0.0004,0.008375,0.0095,0.0087875,0.008625,0.00036890886408434226,0.012,0.013000000000000001,0.012350000000000003,0.012,0.00047696960070847325,0.002375,0.0025,0.0024125000000000006,0.002375,5.728219618694805e-05,0.00825,0.011625,0.009368750000000002,0.0085,0.0014515482036432685,0.0016250000000000001,0.002,0.0018062500000000001,0.001875,0.00012167451458707358,0.00725,0.008125,0.0076375,0.0075,0.0002735758578529911,0.007,0.008,0.007850000000000001,0.008,0.0003570714214271425,32,32,2560,10240,51200,False,704,8
0.012,0.015,0.014000000000000002,0.014,0.0005345224838248486,0.006,0.007,0.0065000000000000014,0.006500000000000001,0.0005,0.008375,0.009375,0.0087375,0.0086875,0.00030336652748778957,0.012,0.013000000000000001,0.012150000000000003,0.012,0.0003570714214271428,0.002375,0.0025,0.0023875000000000003,0.002375,3.750000000000003e-05,0.00825,0.0115,0.00901875,0.0085,0.0011971809334849928,0.0016250000000000001,0.001875,0.0018125000000000003,0.001875,0.00010077822185373179,0.00725,0.008,0.007762500000000001,0.0078125,0.000223257138743647,0.006,0.008,0.007550000000000001,0.008,0.0005894913061275798,32,32,2560,10240,51200,False,696,8
0.012,0.015,0.014000000000000002,0.014,0.0005345224838248486,0.006,0.007,0.006450000000000002,0.006,0.0004974937185533101,0.0085,0.0095,0.008887500000000001,0.00875,0.00034888214342382106,0.012,0.013000000000000001,0.012100000000000003,0.012,0.00030000000000000024,0.002375,0.0025,0.0023812500000000006,0.002375,2.7243118397129235e-05,0.00825,0.011625,0.00944375,0.0084375,0.0014606692601338604,0.0015,0.001875,0.0017250000000000004,0.00175,0.00010155048005794945,0.00725,0.00825,0.007718750000000001,0.0076875,0.00030330213896377325,0.007,0.008,0.0075000000000000015,0.0075,0.0005,32,32,2560,10240,51200,False,688,8
0.012,0.014,0.013857142857142861,0.014,0.0004665694748158434,0.006,0.007,0.006250000000000001,0.006,0.00043301270189221935,0.008375,0.009625,0.00905,0.009062500000000001,0.0004633438248212655,0.011,0.013000000000000001,0.012050000000000002,0.012,0.0003840572873934307,0.002375,0.0025,0.0023812500000000006,0.002375,2.7243118397129235e-05,0.008375,0.011625,0.010006250000000001,0.01,0.001557479434053625,0.0015,0.001875,0.0017000000000000001,0.0016875000000000002,0.00011456439237389593,0.00725,0.008125,0.00779375,0.007875,0.00026302031765626017,0.006,0.008,0.007250000000000001,0.0075,0.00082915619758885,32,32,2560,10240,51200,False,680,8
0.011,0.014,0.013428571428571432,0.014,0.0007284313590846835,0.006,0.007,0.006300000000000002,0.006,0.000458257569495584,0.008375,0.0095,0.008625,0.0085,0.0003330728148618554,0.012,0.013000000000000001,0.012050000000000002,0.012,0.0002179449471770339,0.002375,0.0025,0.0023812500000000006,0.002375,2.7243118397129235e-05,0.00825,0.011625,0.009312499999999998,0.0084375,0.0014072912811497126,0.0016250000000000001,0.001875,0.00174375,0.00175,9.249155366842955e-05,0.007625,0.008375,0.007949999999999999,0.0078125,0.0002915475947422653,0.006,0.008,0.006900000000000001,0.007,0.0005385164807134504,32,32,2560,10240,51200,False,672,8
0.011,0.014,0.013047619047619051,0.013000000000000001,0.0005753831415997416,0.006,0.007,0.006300000000000002,0.006,0.000458257569495584,0.00825,0.009625,0.0086875,0.008375,0.0004945010111213117,0.012,0.013000000000000001,0.012100000000000003,0.012,0.00030000000000000024,0.002375,0.0025,0.0023812500000000006,0.002375,2.7243118397129235e-05,0.00825,0.0115,0.0097125,0.0085,0.0014943121327219422,0.0015,0.00175,0.0016437500000000005,0.0016875000000000002,0.00011370878374162659,0.007625,0.00825,0.008025000000000001,0.0080625,0.00018791620472966152,0.006,0.008,0.006700000000000002,0.007,0.0006403124237432849,32,32,2560,10240,51200,False,664,8
0.011,0.014,0.013047619047619051,0.013000000000000001,0.0005753831415997416,0.006,0.007,0.006250000000000001,0.006,0.00043301270189221935,0.008125,0.00925,0.00879375,0.008937500000000001,0.0004132096169016396,0.012,0.013000000000000001,0.012150000000000003,0.012,0.0003570714214271428,0.002375,0.0025,0.0023937500000000005,0.002375,4.4633927678392855e-05,0.00825,0.0115,0.009725000000000001,0.0085,0.001495096150754191,0.0015,0.00175,0.0016062500000000005,0.0016250000000000001,0.00010661701318269989,0.0075,0.008625,0.008075000000000002,0.008125,0.0002633913438213187,0.006,0.007,0.0063500000000000015,0.006,0.0004769696007084728,32,32,2560,10240,51200,False,656,8
0.011,0.014,0.013142857142857147,0.013000000000000001,0.0006388765649999399,0.006,0.007,0.006400000000000001,0.006,0.0004898979485566357,0.008375,0.009375,0.00885625,0.008875000000000001,0.0004150959979330078,0.012,0.012,0.012000000000000002,0.012,1.734723475976807e-18,0.002375,0.0025,0.0024062500000000004,0.002375,5.4126587736527466e-05,0.00825,0.01175,0.009187500000000001,0.0084375,0.0013684503096568757,0.0015,0.00175,0.0016625000000000003,0.00175,0.00010532687216470449,0.0073750000000000005,0.0085,0.00790625,0.007875,0.00037264887964409633,0.006,0.007,0.0065000000000000014,0.006500000000000001,0.0005,32,32,2560,10240,51200,False,648,8
0.011,0.014,0.013238095238095242,0.013000000000000001,0.0006834619092574916,0.006,0.007,0.006300000000000002,0.006,0.000458257569495584,0.0073750000000000005,0.008625,0.0078,0.0078125,0.0003652909799050616,0.011,0.012,0.011600000000000003,0.012,0.0004898979485566361,0.002375,0.002375,0.0023750000000000004,0.002375,4.336808689942018e-19,0.00825,0.0115,0.00884375,0.008375,0.0010838840747515387,0.0015,0.00175,0.0017062500000000005,0.00175,9.078649403958719e-05,0.006875,0.00725,0.0071,0.007125,8.477912478906594e-05,0.006,0.008,0.006400000000000001,0.006,0.0005830951894845301,32,32,2560,10240,51200,False,640,8
0.011,0.014,0.013047619047619051,0.013000000000000001,0.0005753831415997416,0.006,0.007,0.006250000000000001,0.006,0.00043301270189221935,0.007125,0.00875,0.0079375,0.0079375,0.0005340002340823459,0.01,0.012,0.010950000000000001,0.011,0.0003840572873934304,0.002375,0.002375,0.0023750000000000004,0.002375,4.336808689942018e-19,0.00825,0.011375,0.0086375,0.008375,0.000894339840329167,0.0015,0.00175,0.0016687500000000005,0.0016250000000000001,8.17293551913876e-05,0.00675,0.007125,0.007062500000000001,0.007125,0.00010077822185373196,0.006,0.006,0.006000000000000001,0.006,8.673617379884035e-19,32,32,2560,10240,51200,False,632,8
0.011,0.013000000000000001,0.01285714285714286,0.013000000000000001,0.00046656947481584394,0.006,0.007,0.006100000000000001,0.006,0.00030000000000000003,0.00725,0.008625,0.00799375,0.008,0.0004718232587526819,0.01,0.012,0.010900000000000002,0.011,0.0004358898943540672,0.002375,0.002375,0.0023750000000000004,0.002375,4.336808689942018e-19,0.00825,0.0115,0.00879375,0.008375,0.0011048720231320909,0.0015,0.00175,0.0016375000000000005,0.0016250000000000001,7.806247497997997e-05,0.006875,0.007125,0.007031250000000001,0.007,8.727650027355596e-05,0.006,0.007,0.0060500000000000016,0.006,0.0002179449471770337,32,32,2560,10240,51200,False,624,8
0.011,0.014,0.012952380952380957,0.013000000000000001,0.0005753831415997418,0.006,0.007,0.006100000000000001,0.006,0.00030000000000000003,0.0075,0.008875000000000001,0.008093749999999999,0.0080625,0.000507560033395066,0.01,0.011,0.010850000000000002,0.011,0.0003570714214271422,0.002375,0.002375,0.0023750000000000004,0.002375,4.336808689942018e-19,0.00825,0.0115,0.00986875,0.009875,0.0015209346427443881,0.001375,0.00175,0.0015437500000000004,0.0015625,0.00010661701318269995,0.006875,0.00725,0.0070125,0.007,0.00013635890143294654,0.006,0.007,0.0060500000000000016,0.006,0.0002179449471770337,32,32,2560,10240,51200,False,616,8
0.011,0.013000000000000001,0.012571428571428575,0.013000000000000001,0.0005832118435198048,0.006,0.007,0.006150000000000001,0.006,0.0003570714214271425,0.00725,0.0085,0.00796875,0.008,0.00048553289023504903,0.01,0.011,0.010600000000000002,0.011,0.0004898979485566352,0.002375,0.0025,0.0023812500000000006,0.002375,2.7243118397129235e-05,0.00825,0.0115,0.0086875,0.008375,0.0009206824914160145,0.0015,0.00175,0.0016375000000000005,0.0016250000000000001,6.731456008918129e-05,0.006875,0.00725,0.007112499999999999,0.007125,8.750000000000007e-05,0.006,0.006,0.006000000000000001,0.006,8.673617379884035e-19,32,32,2560,10240,51200,False,608,8
0.01,0.013000000000000001,0.012285714285714289,0.012,0.0006998542122237657,0.006,0.007,0.006100000000000001,0.006,0.00030000000000000003,0.00725,0.0085,0.007975,0.008,0.0004898979485566359,0.01,0.011,0.010600000000000002,0.011,0.0004898979485566352,0.002375,0.002375,0.0023750000000000004,0.002375,4.336808689942018e-19,0.008125,0.011375,0.0096125,0.008375,0.0014469256200648321,0.001375,0.0016250000000000001,0.0015250000000000003,0.0016250000000000001,0.0001159202311936964,0.00675,0.007125,0.00694375,0.007,0.0001604437206624181,0.006,0.006,0.006000000000000001,0.006,8.673617379884035e-19,32,32,2560,10240,51200,False,600,8
0.01,0.013000000000000001,0.01247619047619048,0.013000000000000001,0.0007315376902732013,0.006,0.007,0.006100000000000001,0.006,0.00030000000000000003,0.00725,0.008625,0.00795,0.008,0.00047169905660283045,0.01,0.011,0.010750000000000001,0.011,0.00043301270189221897,0.002375,0.002375,0.0023750000000000004,0.002375,4.336808689942018e-19,0.00825,0.0115,0.00980625,0.0098125,0.0014601343046103665,0.001375,0.0016250000000000001,0.0014812500000000004,0.0015,9.901862198596794e-05,0.00675,0.007125,0.00695625,0.0069375,0.00014402148277253653,0.006,0.006,0.006000000000000001,0.006,8.673617379884035e-19,32,32,2560,10240,51200,False,592,8
0.01,0.013000000000000001,0.012142857142857146,0.012,0.0006388765649999402,0.006,0.007,0.006100000000000001,0.006,0.00030000000000000003,0.007125,0.008625,0.00795,0.008,0.0005539629951540086,0.01,0.011,0.010650000000000001,0.011,0.0004769696007084724,0.002375,0.002375,0.0023750000000000004,0.002375,4.336808689942018e-19,0.00825,0.0115,0.0088,0.008375,0.0010675614736398084,0.001375,0.0016250000000000001,0.0015625000000000003,0.0016250000000000001,9.270248108869589e-05,0.006875,0.00725,0.0071062500000000015,0.007125,0.00011370878374162668,0.006,0.006,0.006000000000000001,0.006,8.673617379884035e-19,32,32,2560,10240,51200,False,584,8
0.01,0.013000000000000001,0.012095238095238098,0.012,0.0006098213559459858,0.006,0.007,0.0060500000000000016,0.006,0.0002179449471770337,0.007,0.0085,0.00785625,0.008,0.0005127666988992168,0.01,0.011,0.0105,0.010499999999999999,0.0004999999999999996,0.002375,0.002375,0.0023750000000000004,0.002375,4.336808689942018e-19,0.00825,0.011375,0.00955625,0.008375,0.0014606692601338604,0.001375,0.0016250000000000001,0.0014812500000000004,0.0015,9.901862198596794e-05,0.00675,0.007125,0.0070125,0.007125,0.000130503831361382,0.006,0.006,0.006000000000000001,0.006,8.673617379884035e-19,32,32,2560,10240,51200,False,576,8
0.01,0.013000000000000001,0.011904761904761908,0.012,0.0005259695722470125,0.006,0.007,0.006150000000000001,0.006,0.0003570714214271425,0.00725,0.00875,0.0079,0.0079375,0.000504046128841399,0.01,0.011,0.0103,0.01,0.0004582575694955836,0.002375,0.002375,0.0023750000000000004,0.002375,4.336808689942018e-19,0.008125,0.011375,0.008925,0.008375,0.0012121777922400655,0.001375,0.0016250000000000001,0.0015000000000000002,0.0015,7.905694150420955e-05,0.00675,0.007125,0.0069562500000000015,0.007,0.00011370878374162665,0.006,0.006,0.006000000000000001,0.006,8.673617379884035e-19,32,32,2560,10240,51200,False,568,8
0.01,0.012,0.011714285714285717,0.012,0.0005471012044321935,0.006,0.006,0.006000000000000001,0.006,8.673617379884035e-19,0.007125,0.008375,0.0078,0.007875,0.0005052845732851935,0.01,0.011,0.01025,0.01,0.00043301270189221897,0.002375,0.002375,0.0023750000000000004,0.002375,4.336808689942018e-19,0.008125,0.01125,0.008881250000000002,0.008375,0.0011709204445648728,0.001375,0.0015,0.0014750000000000002,0.0015,5.000000000000005e-05,0.00675,0.007125,0.006975,0.007,0.0001015504800579496,0.006,0.006,0.006000000000000001,0.006,8.673617379884035e-19,32,32,2560,10240,51200,False,560,8
0.01,0.013000000000000001,0.01185714285714286,0.012,0.0005593971487843208,0.006,0.007,0.006100000000000001,0.006,0.00030000000000000003,0.0075,0.00875,0.0081,0.0080625,0.0004883006246156157,0.01,0.011,0.0103,0.01,0.0004582575694955836,0.002375,0.002375,0.0023750000000000004,0.002375,4.336808689942018e-19,0.008125,0.0115,0.009806249999999999,0.0098125,0.0014981629375672054,0.001375,0.0015,0.0014375000000000002,0.0014375,6.250000000000006e-05,0.00675,0.007125,0.006937500000000001,0.0069375,0.00015051993223490383,0.006,0.006,0.006000000000000001,0.006,8.673617379884035e-19,32,32,2560,10240,51200,False,552,8
0.01,0.012,0.011809523809523811,0.012,0.0004994327848429295,0.006,0.007,0.006100000000000001,0.006,0.00030000000000000003,0.007,0.00825,0.007631249999999999,0.0075625,0.0005397843898261603,0.01,0.011,0.010650000000000001,0.011,0.0004769696007084724,0.002375,0.002375,0.0023750000000000004,0.002375,4.336808689942018e-19,0.010125,0.0105,0.01026875,0.01025,0.00013272975363497075,0.001375,0.0015,0.0013875000000000003,0.001375,3.750000000000004e-05,0.006875,0.007,0.006925000000000001,0.006875,6.12372435695795e-05,0.006,0.006,0.006000000000000001,0.006,8.673617379884035e-19,32,32,2560,10240,51200,False,544,8
0.01,0.012,0.011666666666666669,0.012,0.0005634361698190113,0.006,0.007,0.006100000000000001,0.006,0.00030000000000000003,0.006875,0.008125,0.0074624999999999995,0.0074375,0.00045774583559001386,0.01,0.011,0.0102,0.01,0.0003999999999999996,0.002375,0.002375,0.0023750000000000004,0.002375,4.336808689942018e-19,0.01,0.0105,0.01025625,0.01025,0.00016990346523835248,0.001375,0.0015,0.00138125,0.001375,2.724311839712924e-05,0.00675,0.006875,0.0068625000000000005,0.006875,3.750000000000004e-05,0.006,0.006,0.006000000000000001,0.006,8.673617379884035e-19,32,32,2560,10240,51200,False,536,8
0.009000000000000001,0.012,0.011285714285714288,0.011,0.0006998542122237654,0.006,0.007,0.0060500000000000016,0.006,0.0002179449471770337,0.006875,0.00825,0.007456249999999999,0.0074375,0.00046816630325131263,0.009000000000000001,0.01,0.009100000000000002,0.009000000000000001,0.00029999999999999976,0.002375,0.0025,0.0023812500000000006,0.002375,2.7243118397129235e-05,0.01,0.010375,0.010225,0.01025,0.00010897247358851694,0.00125,0.001375,0.0013687500000000002,0.001375,2.7243118397129188e-05,0.00675,0.006875,0.0068625000000000005,0.006875,3.750000000000004e-05,0.006,0.006,0.006000000000000001,0.006,8.673617379884035e-19,32,32,2560,10240,51200,False,528,8
0.009000000000000001,0.012,0.01123809523809524,0.011,0.0006834619092574916,0.006,0.007,0.006150000000000001,0.006,0.0003570714214271425,0.006875,0.00825,0.007468749999999999,0.0074375,0.00048068148237684377,0.008,0.009000000000000001,0.008950000000000003,0.009000000000000001,0.00021794494717703385,0.002375,0.0025,0.0024125000000000006,0.002375,5.728219618694805e-05,0.01,0.0105,0.010275000000000001,0.01025,0.00011592023119369642,0.00125,0.001375,0.00135,0.001375,4.999999999999996e-05,0.006875,0.007,0.00693125,0.006875,6.21867148191638e-05,0.006,0.006,0.006000000000000001,0.006,8.673617379884035e-19,32,32,2560,10240,51200,False,520,8
0.009000000000000001,0.011,0.010904761904761907,0.011,0.0004259177099999596,0.006,0.007,0.0060500000000000016,0.006,0.0002179449471770337,0.004875,0.005125,0.004993750000000001,0.005,4.8007160924178845e-05,0.007,0.008,0.007200000000000001,0.007,0.00039999999999999996,0.002375,0.0025,0.0023937500000000005,0.002375,4.4633927678392855e-05,0.0063750000000000005,0.006625,0.006462500000000001,0.006500000000000001,6.959705453537523e-05,0.0011250000000000001,0.00125,0.0012062500000000003,0.00125,5.962120008855905e-05,0.006875,0.007,0.006943750000000001,0.007,6.21867148191638e-05,0.006,0.006,0.006000000000000001,0.006,8.673617379884035e-19,32,32,2560,10240,51200,False,512,8
0.009000000000000001,0.011,0.010714285714285716,0.011,0.0005471012044321928,0.006,0.007,0.0060500000000000016,0.006,0.0002179449471770337,0.004875,0.005125,0.004962500000000001,0.005,6.959705453537534e-05,0.007,0.007,0.007000000000000001,0.007,8.673617379884035e-19,0.002375,0.002375,0.0023750000000000004,0.002375,4.336808689942018e-19,0.0063750000000000005,0.006500000000000001,0.006437500000000001,0.0064375000000000005,6.250000000000006e-05,0.0011250000000000001,0.00125,0.0011812500000000004,0.0011250000000000001,6.218671481916369e-05,0.00675,0.007,0.006843750000000001,0.006875,7.781187248742964e-05,0.006,0.006,0.006000000000000001,0.006,8.673617379884035e-19,32,32,2560,10240,51200,False,504,8
0.009000000000000001,0.011,0.010380952380952383,0.01,0.0005753831415997411,0.006,0.006,0.006000000000000001,0.006,8.673617379884035e-19,0.00475,0.005,0.004918750000000001,0.004875,7.153451963912254e-05,0.007,0.008,0.007050000000000001,0.007,0.0002179449471770337,0.002375,0.002375,0.0023750000000000004,0.002375,4.336808689942018e-19,0.0063750000000000005,0.006625,0.006443750000000001,0.0064375000000000005,7.368641326594744e-05,0.0011250000000000001,0.00125,0.0011312500000000003,0.0011250000000000001,2.724311839712919e-05,0.00675,0.007125,0.006925000000000001,0.006875,9.185586535436925e-05,0.006,0.006,0.006000000000000001,0.006,8.673617379884035e-19,32,32,2560,10240,51200,False,496,8
0.009000000000000001,0.011,0.010380952380952383,0.01,0.000575383141599741,0.006,0.006,0.006000000000000001,0.006,8.673617379884035e-19,0.004875,0.005125,0.004937500000000001,0.004875,7.395099728874526e-05,0.007,0.007,0.007000000000000001,0.007,8.673617379884035e-19,0.002375,0.002375,0.0023750000000000004,0.002375,4.336808689942018e-19,0.0063750000000000005,0.006500000000000001,0.006418750000000001,0.0063750000000000005,5.962120008855915e-05,0.0011250000000000001,0.00125,0.0011375000000000003,0.0011250000000000001,3.749999999999997e-05,0.006625,0.007,0.0068562499999999995,0.006875,8.172935519138771e-05,0.006,0.006,0.006000000000000001,0.006,8.673617379884035e-19,32,32,2560,10240,51200,False,488,8
0.009000000000000001,0.011,0.010238095238095239,0.01,0.000525969572247012,0.006,0.006,0.006000000000000001,0.006,8.673617379884035e-19,0.004875,0.005,0.0049250000000000006,0.004875,6.12372435695795e-05,0.007,0.008,0.007050000000000001,0.007,0.0002179449471770337,0.002375,0.0025,0.0023875000000000003,0.002375,3.750000000000003e-05,0.0063750000000000005,0.006500000000000001,0.006443750000000001,0.006500000000000001,6.21867148191638e-05,0.0011250000000000001,0.0011250000000000001,0.0011250000000000003,0.0011250000000000001,2.168404344971009e-19,0.00675,0.007,0.0069125,0.006875,8.003905296791068e-05,0.006,0.006,0.006000000000000001,0.006,8.673617379884035e-19,32,32,2560,10240,51200,False,480,8
0.009000000000000001,0.011,0.010047619047619048,0.01,0.00037495275590532397,0.006,0.007,0.0060500000000000016,0.006,0.0002179449471770337,0.00475,0.005,0.0048937500000000005,0.004875,5.962120008855915e-05,0.007,0.008,0.007150000000000001,0.007,0.0003570714214271425,0.002375,0.002375,0.0023750000000000004,0.002375,4.336808689942018e-19,0.0063750000000000005,0.006500000000000001,0.006400000000000001,0.0063750000000000005,5.0000000000000036e-05,0.0011250000000000001,0.0011250000000000001,0.0011250000000000003,0.0011250000000000001,2.168404344971009e-19,0.00675,0.007,0.0068562499999999995,0.006875,7.153451963912254e-05,0.006,0.006,0.006000000000000001,0.006,8.673617379884035e-19,32,32,2560,10240,51200,False,472,8
0.009000000000000001,0.01,0.009952380952380956,0.01,0.00021295885499997977,0.006,0.006,0.006000000000000001,0.006,8.673617379884035e-19,0.004875,0.005,0.004918750000000001,0.004875,5.962120008855915e-05,0.007,0.007,0.007000000000000001,0.007,8.673617379884035e-19,0.002375,0.002375,0.0023750000000000004,0.002375,4.336808689942018e-19,0.00625,0.006500000000000001,0.006387500000000002,0.0063750000000000005,6.731456008918136e-05,0.001,0.0011250000000000001,0.0011187500000000004,0.0011250000000000001,2.724311839712923e-05,0.00675,0.006875,0.00684375,0.006875,5.4126587736527466e-05,0.006,0.006,0.006000000000000001,0.006,8.673617379884035e-19,32,32,2560,10240,51200,False,464,8
0.008,0.01,0.009904761904761908,0.01,0.00042591770999995997,0.006,0.007,0.0060500000000000016,0.006,0.0002179449471770337,0.004875,0.005,0.004906250000000001,0.004875,5.412658773652747e-05,0.007,0.007,0.007000000000000001,0.007,8.673617379884035e-19,0.002375,0.0025,0.0024125000000000006,0.002375,5.7282196186948046e-05,0.0063750000000000005,0.006500000000000001,0.006437500000000001,0.0064375000000000005,6.250000000000006e-05,0.001,0.0011250000000000001,0.0011187500000000004,0.0011250000000000001,2.724311839712923e-05,0.006875,0.007,0.0069500000000000004,0.007,6.123724356957951e-05,0.006,0.006,0.006000000000000001,0.006,8.673617379884035e-19,32,32,2560,10240,51200,False,456,8
0.008,0.01,0.009809523809523813,0.01,0.0004994327848429292,0.006,0.006,0.006000000000000001,0.006,8.673617379884035e-19,0.00475,0.005,0.004887500000000001,0.004875,5.448623679425847e-05,0.007,0.007,0.007000000000000001,0.007,8.673617379884035e-19,0.002375,0.0025,0.0024062500000000004,0.002375,5.4126587736527466e-05,0.0063750000000000005,0.006500000000000001,0.006418750000000001,0.0063750000000000005,5.962120008855915e-05,0.001,0.0011250000000000001,0.0010750000000000002,0.0011250000000000001,6.12372435695795e-05,0.00675,0.007,0.006943750000000001,0.007,7.368641326594753e-05,0.006,0.006,0.006000000000000001,0.006,8.673617379884035e-19,32,32,2560,10240,51200,False,448,8
0.008,0.01,0.009714285714285717,0.01,0.000547101204432193,0.006,0.006,0.006000000000000001,0.006,8.673617379884035e-19,0.004875,0.005,0.004912500000000001,0.004875,5.728219618694805e-05,0.006,0.008,0.0069500000000000004,0.007,0.00038405728739343044,0.002375,0.002375,0.0023750000000000004,0.002375,4.336808689942018e-19,0.00625,0.006500000000000001,0.006362500000000002,0.0063750000000000005,5.448623679425847e-05,0.001,0.0011250000000000001,0.0010312500000000003,0.001,5.412658773652747e-05,0.006625,0.006875,0.0068062500000000015,0.0068125,7.368641326594753e-05,0.006,0.006,0.006000000000000001,0.006,8.673617379884035e-19,32,32,2560,10240,51200,False,440,8
0.008,0.01,0.00966666666666667,0.01,0.0005634361698190108,0.006,0.006,0.006000000000000001,0.006,8.673617379884035e-19,0.004875,0.005,0.0048937500000000005,0.004875,4.4633927678392855e-05,0.006,0.007,0.0069500000000000004,0.007,0.0002179449471770337,0.002375,0.002375,0.0023750000000000004,0.002375,4.336808689942018e-19,0.00625,0.006500000000000001,0.006356250000000001,0.0063750000000000005,7.153451963912255e-05,0.001,0.001,0.0010000000000000002,0.001,2.168404344971009e-19,0.00675,0.007,0.0068625000000000005,0.006875,5.448623679425846e-05,0.006,0.006,0.006000000000000001,0.006,8.673617379884035e-19,32,32,2560,10240,51200,False,432,8
0.008,0.01,0.009238095238095241,0.009000000000000001,0.0005259695722470122,0.006,0.007,0.0060500000000000016,0.006,0.0002179449471770337,0.00475,0.005,0.004881250000000001,0.004875,6.218671481916381e-05,0.006,0.007,0.006950000000000002,0.007,0.00021794494717703366,0.002375,0.002375,0.0023750000000000004,0.002375,4.336808689942018e-19,0.00625,0.006500000000000001,0.006362500000000002,0.0063750000000000005,5.448623679425847e-05,0.001,0.0011250000000000001,0.0010062500000000002,0.001,2.724311839712924e-05,0.00675,0.007,0.00686875,0.006875,7.368641326594754e-05,0.005,0.006,0.005950000000000001,0.006,0.00021794494717703366,32,32,2560,10240,51200,False,424,8
0.008,0.01,0.009142857142857145,0.009000000000000001,0.0004665694748158433,0.006,0.006,0.006000000000000001,0.006,8.673617379884035e-19,0.00475,0.005,0.004868750000000001,0.004875,7.368641326594754e-05,0.006,0.007,0.006850000000000002,0.007,0.0003570714214271425,0.002375,0.002375,0.0023750000000000004,0.002375,4.336808689942018e-19,0.00625,0.006500000000000001,0.006368750000000001,0.0063750000000000005,4.8007160924178845e-05,0.001,0.001,0.0010000000000000002,0.001,2.168404344971009e-19,0.00675,0.007,0.006900000000000001,0.006875,6.373774391990986e-05,0.004,0.006,0.0054,0.005,0.0005830951894845301,32,32,2560,10240,51200,False,416,8
0.008,0.009000000000000001,0.008952380952380955,0.009000000000000001,0.00021295885499998015,0.006,0.007,0.006100000000000001,0.006,0.00030000000000000003,0.00475,0.005,0.004818750000000001,0.0048125,7.368641326594753e-05,0.006,0.007,0.006950000000000002,0.007,0.00021794494717703366,0.002375,0.002375,0.0023750000000000004,0.002375,4.336808689942018e-19,0.00625,0.0063750000000000005,0.006337500000000001,0.0063750000000000005,5.728219618694805e-05,0.001,0.001,0.0010000000000000002,0.001,2.168404344971009e-19,0.006625,0.007,0.00683125,0.006875,8.172935519138771e-05,0.004,0.006,0.005000000000000001,0.005,0.0007071067811865476,32,32,2560,10240,51200,False,408,8
0.007,0.009000000000000001,0.008904761904761907,0.009000000000000001,0.0004259177099999602,0.006,0.006,0.006000000000000001,0.006,8.673617379884035e-19,0.00475,0.004875,0.004812500000000001,0.0048125,6.250000000000006e-05,0.006,0.008,0.006900000000000001,0.007,0.0004358898943540674,0.002375,0.002375,0.0023750000000000004,0.002375,4.336808689942018e-19,0.006125,0.0063750000000000005,0.006300000000000002,0.00625,7.288689868556633e-05,0.001,0.001,0.0010000000000000002,0.001,2.168404344971009e-19,0.00675,0.007,0.006837500000000001,0.006875,6.959705453537534e-05,0.004,0.006,0.004600000000000002,0.0045000000000000005,0.0006633249580710799,32,32,2560,10240,51200,False,400,8
0.007,0.009000000000000001,0.008904761904761907,0.009000000000000001,0.0004259177099999602,0.006,0.006,0.006000000000000001,0.006,8.673617379884035e-19,0.00475,0.005,0.004850000000000001,0.004875,7.500000000000007e-05,0.006,0.007,0.006650000000000001,0.007,0.00047696960070847287,0.002375,0.0025,0.0023812500000000006,0.002375,2.7243118397129235e-05,0.00625,0.0063750000000000005,0.006325000000000002,0.0063750000000000005,6.12372435695795e-05,0.000875,0.001,0.0009875,0.001,3.7500000000000003e-05,0.00675,0.007,0.006918750000000001,0.006875,7.153451963912254e-05,0.004,0.006,0.0043500000000000014,0.004,0.0005722761571129798,32,32,2560,10240,51200,False,392,8
0.007,0.009000000000000001,0.008904761904761907,0.009000000000000001,0.0004259177099999602,0.006,0.006,0.006000000000000001,0.006,8.673617379884035e-19,0.004875,0.005,0.0048937500000000005,0.004875,4.4633927678392855e-05,0.006,0.007,0.006900000000000002,0.007,0.00030000000000000003,0.001875,0.002,0.0019562500000000005,0.002,5.962120008855916e-05,0.004375,0.0045000000000000005,0.004387500000000001,0.004375,3.750000000000003e-05,0.00075,0.000875,0.0008187500000000003,0.000875,6.218671481916374e-05,0.00575,0.006125,0.005943750000000001,0.006,9.249155366842973e-05,0.004,0.006,0.004500000000000001,0.004,0.0005916079783099615,32,32,2560,10240,51200,False,384,8
0.007,0.009000000000000001,0.008809523809523812,0.009000000000000001,0.0004994327848429296,0.006,0.006,0.006000000000000001,0.006,8.673617379884035e-19,0.00475,0.005,0.004868750000000001,0.004875,6.21867148191638e-05,0.006,0.007,0.006650000000000001,0.007,0.00047696960070847287,0.001875,0.002,0.0019500000000000003,0.002,6.123724356957951e-05,0.00425,0.0045000000000000005,0.004356250000000001,0.004375,7.153451963912254e-05,0.00075,0.000875,0.0007562500000000002,0.00075,2.724311839712921e-05,0.005625,0.006,0.005837500000000001,0.005875,8.00390529679107e-05,0.004,0.005,0.004050000000000001,0.004,0.0002179449471770337,32,32,2560,10240,51200,False,376,8
0.007,0.009000000000000001,0.008333333333333335,0.008,0.0005634361698190115,0.006,0.006,0.006000000000000001,0.006,8.673617379884035e-19,0.00475,0.005,0.004850000000000001,0.004875,7.500000000000007e-05,0.006,0.007,0.006700000000000002,0.007,0.00045825756949558405,0.002,0.002125,0.0020750000000000005,0.002125,6.123724356957951e-05,0.00425,0.0045000000000000005,0.004393750000000001,0.004375,5.962120008855915e-05,0.00075,0.000875,0.0007625000000000002,0.00075,3.7500000000000003e-05,0.005875,0.00625,0.006043750000000001,0.006,8.172935519138771e-05,0.004,0.005,0.004300000000000001,0.004,0.00045825756949558405,32,32,2560,10240,51200,False,368,8
0.007,0.009000000000000001,0.00804761904761905,0.008,0.00037495275590532456,0.006,0.006,0.006000000000000001,0.006,8.673617379884035e-19,0.00475,0.005,0.004843750000000001,0.004875,6.702378309227261e-05,0.006,0.007,0.006850000000000002,0.007,0.0003570714214271425,0.002,0.002125,0.0020375000000000002,0.002,5.728219618694805e-05,0.00425,0.004625,0.004418750000000001,0.004375,9.901862198596786e-05,0.00075,0.000875,0.0007625000000000002,0.00075,3.7500000000000003e-05,0.00625,0.006500000000000001,0.006393750000000001,0.0063750000000000005,8.17293551913877e-05,0.004,0.005,0.004150000000000001,0.004,0.0003570714214271425,32,32,2560,10240,51200,False,360,8
0.007,0.008,0.007952380952380954,0.008,0.00021295885499997998,0.006,0.006,0.006000000000000001,0.006,8.673617379884035e-19,0.003875,0.004,0.003975000000000001,0.004,5.000000000000004e-05,0.005,0.005,0.005000000000000001,0.005,8.673617379884035e-19,0.0016250000000000001,0.00175,0.0017125000000000005,0.00175,5.728219618694795e-05,0.00425,0.004625,0.004468750000000001,0.0045000000000000005,8.72765002735558e-05,0.00075,0.000875,0.0007562500000000002,0.00075,2.724311839712921e-05,0.005,0.005125,0.005075000000000001,0.005125,6.123724356957951e-05,0.004,0.005,0.004250000000000001,0.004,0.00043301270189221935,32,32,2560,10240,51200,False,352,8
0.007,0.008,0.007952380952380954,0.008,0.00021295885499997998,0.006,0.006,0.006000000000000001,0.006,8.673617379884035e-19,0.003875,0.004,0.0038875000000000008,0.003875,3.750000000000003e-05,0.005,0.005,0.005000000000000001,0.005,8.673617379884035e-19,0.0016250000000000001,0.00175,0.0017125000000000005,0.00175,5.7282196186947945e-05,0.004375,0.004625,0.004525000000000001,0.0045000000000000005,8.477912478906558e-05,0.00075,0.00075,0.0007500000000000001,0.00075,1.0842021724855044e-19,0.005,0.00525,0.005062500000000001,0.005,7.395099728874526e-05,0.004,0.005,0.004050000000000001,0.004,0.0002179449471770337,32,32,2560,10240,51200,False,344,8
0.007,0.008,0.007952380952380954,0.008,0.00021295885499997998,0.006,0.006,0.006000000000000001,0.006,8.673617379884035e-19,0.003875,0.004,0.0038937500000000005,0.003875,4.4633927678392855e-05,0.005,0.005,0.005000000000000001,0.005,8.673617379884035e-19,0.0016250000000000001,0.00175,0.0017250000000000004,0.00175,4.999999999999996e-05,0.0045000000000000005,0.004875,0.004643750000000001,0.004625,9.078649403958707e-05,0.00075,0.00075,0.0007500000000000001,0.00075,1.0842021724855044e-19,0.005,0.00525,0.005062500000000001,0.005,7.395099728874527e-05,0.004,0.004,0.004000000000000001,0.004,8.673617379884035e-19,32,32,2560,10240,51200,False,336,8
0.007,0.008,0.007952380952380954,0.008,0.00021295885499997998,0.006,0.006,0.006000000000000001,0.006,8.673617379884035e-19,0.003875,0.004,0.0039562500000000006,0.004,5.962120008855916e-05,0.005,0.005,0.005000000000000001,0.005,8.673617379884035e-19,0.0016250000000000001,0.00175,0.0017375000000000005,0.00175,3.749999999999997e-05,0.004625,0.004875,0.0047375,0.00475,9.60143218483577e-05,0.000625,0.00075,0.0007250000000000002,0.00075,5e-05,0.004875,0.005125,0.005025000000000001,0.005,6.373774391990986e-05,0.004,0.004,0.004000000000000001,0.004,8.673617379884035e-19,32,32,2560,10240,51200,False,328,8
0.007,0.008,0.007952380952380954,0.008,0.00021295885499997998,0.006,0.006,0.006000000000000001,0.006,8.673617379884035e-19,0.003875,0.004,0.003968750000000001,0.004,5.412658773652746e-05,0.005,0.005,0.005000000000000001,0.005,8.673617379884035e-19,0.00175,0.00175,0.0017500000000000003,0.00175,2.168404344971009e-19,0.005875,0.00625,0.006006250000000001,0.006,0.00010058423087144436,0.00075,0.000875,0.0007687500000000001,0.00075,4.4633927678392814e-05,0.004625,0.00475,0.0047375,0.00475,3.750000000000004e-05,0.004,0.004,0.004000000000000001,0.004,8.673617379884035e-19,32,32,2560,10240,51200,False,320,8
0.006,0.008,0.007809523809523811,0.008,0.0004994327848429294,0.006,0.006,0.006000000000000001,0.006,8.673617379884035e-19,0.003875,0.004,0.003906250000000001,0.003875,5.412658773652747e-05,0.005,0.005,0.005000000000000001,0.005,8.673617379884035e-19,0.0016250000000000001,0.00175,0.0017250000000000004,0.00175,4.999999999999996e-05,0.005875,0.006125,0.005975000000000001,0.006,7.500000000000006e-05,0.00075,0.000875,0.0007562500000000002,0.00075,2.724311839712921e-05,0.004625,0.00475,0.004675,0.004625,6.12372435695795e-05,0.004,0.004,0.004000000000000001,0.004,8.673617379884035e-19,32,32,2560,10240,51200,False,312,8
0.006,0.008,0.007333333333333335,0.007,0.0005634361698190111,0.006,0.006,0.006000000000000001,0.006,8.673617379884035e-19,0.003875,0.004,0.0038937500000000005,0.003875,4.4633927678392855e-05,0.005,0.005,0.005000000000000001,0.005,8.673617379884035e-19,0.0016250000000000001,0.00175,0.0017437500000000005,0.00175,2.724311839712919e-05,0.005875,0.00625,0.006037500000000001,0.006,8.926785535678571e-05,0.00075,0.000875,0.0007562500000000002,0.00075,2.724311839712921e-05,0.004625,0.00475,0.004687500000000001,0.0046875,6.250000000000006e-05,0.004,0.004,0.004000000000000001,0.004,8.673617379884035e-19,32,32,2560,10240,51200,False,304,8
0.006,0.008,0.007047619047619048,0.007,0.0003749527559053243,0.006,0.006,0.006000000000000001,0.006,8.673617379884035e-19,0.003875,0.004,0.00395,0.004,6.123724356957951e-05,0.005,0.005,0.005000000000000001,0.005,8.673617379884035e-19,0.0016250000000000001,0.00175,0.0017375000000000005,0.00175,3.749999999999997e-05,0.00575,0.006125,0.005968750000000001,0.006,0.00010364452469860634,0.00075,0.00075,0.0007500000000000001,0.00075,1.0842021724855044e-19,0.004625,0.00475,0.0046812500000000005,0.004625,6.21867148191638e-05,0.004,0.004,0.004000000000000001,0.004,8.673617379884035e-19,32,32,2560,10240,51200,False,296,8
0.006,0.008,0.007000000000000001,0.007,0.00030860669992418383,0.006,0.006,0.006000000000000001,0.006,8.673617379884035e-19,0.003875,0.004,0.00395,0.004,6.123724356957951e-05,0.005,0.005,0.005000000000000001,0.005,8.673617379884035e-19,0.0016250000000000001,0.00175,0.0017375000000000005,0.00175,3.749999999999997e-05,0.005875,0.00625,0.005993750000000001,0.006,0.00012167451458707377,0.00075,0.00075,0.0007500000000000001,0.00075,1.0842021724855044e-19,0.004625,0.00475,0.0046812500000000005,0.004625,6.21867148191638e-05,0.004,0.004,0.004000000000000001,0.004,8.673617379884035e-19,32,32,2560,10240,51200,False,288,8
0.006,0.008,0.007047619047619048,0.007,0.0003749527559053243,0.006,0.006,0.006000000000000001,0.006,8.673617379884035e-19,0.003875,0.004,0.0039000000000000007,0.003875,5.0000000000000036e-05,0.005,0.005,0.005000000000000001,0.005,8.673617379884035e-19,0.0016250000000000001,0.001875,0.0017562500000000002,0.00175,6.21867148191637e-05,0.005875,0.006125,0.005975000000000001,0.006,6.373774391990988e-05,0.00075,0.00075,0.0007500000000000001,0.00075,1.0842021724855044e-19,0.004625,0.00475,0.004675,0.004625,6.12372435695795e-05,0.004,0.004,0.004000000000000001,0.004,8.673617379884035e-19,32,32,2560,10240,51200,False,280,8
0.006,0.007,0.006952380952380955,0.007,0.00021295885499997996,0.006,0.006,0.006000000000000001,0.006,8.673617379884035e-19,0.003875,0.004,0.0038812500000000006,0.003875,2.7243118397129235e-05,0.005,0.005,0.005000000000000001,0.005,8.673617379884035e-19,0.0016250000000000001,0.00175,0.0017375000000000005,0.00175,3.749999999999997e-05,0.005875,0.006125,0.005968750000000001,0.006,7.781187248742965e-05,0.000625,0.00075,0.0007437500000000002,0.00075,2.724311839712921e-05,0.00475,0.005,0.0048312500000000005,0.0048125,9.078649403958728e-05,0.004,0.004,0.004000000000000001,0.004,8.673617379884035e-19,32,32,2560,10240,51200,False,272,8
0.006,0.007,0.006952380952380955,0.007,0.00021295885499997996,0.006,0.006,0.006000000000000001,0.006,8.673617379884035e-19,0.003875,0.004,0.0039250000000000005,0.003875,6.12372435695795e-05,0.004,0.005,0.004050000000000001,0.004,0.0002179449471770337,0.00175,0.001875,0.0017562500000000002,0.00175,2.7243118397129188e-05,0.005875,0.006125,0.005962500000000001,0.006,8.003905296791068e-05,0.000625,0.00075,0.0007062500000000001,0.00075,5.9621200088559115e-05,0.004625,0.005,0.004793750000000001,0.00475,9.078649403958727e-05,0.004,0.004,0.004000000000000001,0.004,8.673617379884035e-19,32,32,2560,10240,51200,False,264,8
0.005,0.007,0.006904761904761907,0.007,0.0004259177099999599,0.006,0.006,0.006000000000000001,0.006,8.673617379884035e-19,0.002875,0.003,0.0029125000000000006,0.002875,5.728219618694805e-05,0.004,0.005,0.004800000000000001,0.005,0.0004,0.00175,0.00175,0.0017500000000000003,0.00175,2.168404344971009e-19,0.004,0.00425,0.004143750000000001,0.004125,5.9621200088559156e-05,0.000625,0.000625,0.0006250000000000001,0.000625,1.0842021724855044e-19,0.004625,0.00475,0.004675,0.004625,6.12372435695795e-05,0.004,0.004,0.004000000000000001,0.004,8.673617379884035e-19,32,32,2560,10240,51200,False,256,8
0.005,0.007,0.006761904761904764,0.007,0.0005259695722470124,0.006,0.006,0.006000000000000001,0.006,8.673617379884035e-19,0.00275,0.003,0.0028937500000000005,0.002875,5.9621200088559156e-05,0.004,0.005,0.004150000000000001,0.004,0.0003570714214271425,0.0016250000000000001,0.00175,0.0016312500000000003,0.0016250000000000001,2.724311839712919e-05,0.004,0.00425,0.004125000000000001,0.004125,3.9528470752104776e-05,0.000625,0.000625,0.0006250000000000001,0.000625,1.0842021724855044e-19,0.0045000000000000005,0.00475,0.0046250000000000015,0.004625,3.952847075210464e-05,0.004,0.005,0.004050000000000001,0.004,0.0002179449471770337,32,32,2560,10240,51200,False,248,8
0.005,0.007,0.006619047619047621,0.007,0.0005753831415997416,0.006,0.006,0.006000000000000001,0.006,8.673617379884035e-19,0.00275,0.003,0.0028687500000000006,0.002875,4.8007160924178845e-05,0.004,0.005,0.004150000000000001,0.004,0.0003570714214271425,0.0016250000000000001,0.00175,0.0016562500000000004,0.0016250000000000001,5.412658773652737e-05,0.004,0.00425,0.0041375000000000006,0.004125,5.448623679425847e-05,0.000625,0.000625,0.0006250000000000001,0.000625,1.0842021724855044e-19,0.0045000000000000005,0.00475,0.0046250000000000015,0.004625,6.846531968814559e-05,0.004,0.004,0.004000000000000001,0.004,8.673617379884035e-19,32,32,2560,10240,51200,False,240,8
0.005,0.007,0.00642857142857143,0.006,0.0005832118435198043,0.006,0.006,0.006000000000000001,0.006,8.673617379884035e-19,0.002875,0.003,0.0028937500000000005,0.002875,4.4633927678392855e-05,0.004,0.005,0.004050000000000001,0.004,0.0002179449471770337,0.0016250000000000001,0.00175,0.0016500000000000004,0.0016250000000000001,4.9999999999999955e-05,0.004,0.00425,0.004112500000000001,0.004125,6.731456008918136e-05,0.0005,0.000625,0.0005312500000000001,0.0005,5.412658773652742e-05,0.0045000000000000005,0.00475,0.004618750000000001,0.004625,6.218671481916355e-05,0.004,0.004,0.004000000000000001,0.004,8.673617379884035e-19,32,32,2560,10240,51200,False,232,8
0.005,0.007,0.006095238095238096,0.006,0.00042591770999995997,0.006,0.006,0.006000000000000001,0.006,8.673617379884035e-19,0.002875,0.003,0.0028812500000000006,0.002875,2.7243118397129235e-05,0.004,0.005,0.004050000000000001,0.004,0.0002179449471770337,0.0016250000000000001,0.00175,0.0016375000000000005,0.0016250000000000001,3.749999999999997e-05,0.004,0.00425,0.004118750000000001,0.004125,4.8007160924178845e-05,0.0005,0.000625,0.0005125000000000002,0.0005,3.7500000000000003e-05,0.0045000000000000005,0.00475,0.004587500000000001,0.004625,8.00390529679103e-05,0.004,0.004,0.004000000000000001,0.004,8.673617379884035e-19,32,32,2560,10240,51200,False,224,8
0.005,0.006,0.005952380952380954,0.006,0.00021295885499997998,0.006,0.006,0.006000000000000001,0.006,8.673617379884035e-19,0.002875,0.003,0.0029125000000000006,0.002875,5.728219618694805e-05,0.004,0.005,0.004050000000000001,0.004,0.0002179449471770337,0.0016250000000000001,0.00175,0.0016312500000000003,0.0016250000000000001,2.724311839712919e-05,0.004,0.00425,0.004050000000000001,0.004,7.288689868556632e-05,0.0005,0.000625,0.0005062500000000001,0.0005,2.724311839712921e-05,0.0045000000000000005,0.00475,0.004581250000000001,0.004562500000000001,9.078649403958688e-05,0.004,0.004,0.004000000000000001,0.004,8.673617379884035e-19,32,32,2560,10240,51200,False,216,8
0.005,0.006,0.005952380952380954,0.006,0.00021295885499997998,0.006,0.006,0.006000000000000001,0.006,8.673617379884035e-19,0.00275,0.002875,0.0028500000000000005,0.002875,5.0000000000000036e-05,0.004,0.005,0.004050000000000001,0.004,0.0002179449471770337,0.0016250000000000001,0.00175,0.0016437500000000005,0.0016250000000000001,4.4633927678392774e-05,0.004,0.004125,0.004050000000000001,0.004,6.12372435695795e-05,0.0005,0.000625,0.0005187500000000001,0.0005,4.4633927678392814e-05,0.0045000000000000005,0.004625,0.004568750000000002,0.004625,6.218671481916336e-05,0.004,0.004,0.004000000000000001,0.004,8.673617379884035e-19,32,32,2560,10240,51200,False,208,8
0.005,0.006,0.005952380952380954,0.006,0.00021295885499997998,0.006,0.006,0.006000000000000001,0.006,8.673617379884035e-19,0.002875,0.003,0.0028937500000000005,0.002875,4.4633927678392855e-05,0.004,0.004,0.004000000000000001,0.004,8.673617379884035e-19,0.0016250000000000001,0.00175,0.0016500000000000004,0.0016250000000000001,4.9999999999999955e-05,0.004,0.004125,0.004056250000000001,0.004,6.21867148191638e-05,0.0005,0.000625,0.0005062500000000001,0.0005,2.724311839712921e-05,0.0045000000000000005,0.00475,0.004606250000000001,0.004625,5.962120008855884e-05,0.004,0.004,0.004000000000000001,0.004,8.673617379884035e-19,32,32,2560,10240,51200,False,200,8
0.004,0.006,0.005761904761904763,0.006,0.0005259695722470124,0.006,0.006,0.006000000000000001,0.006,8.673617379884035e-19,0.00275,0.003,0.0028937500000000005,0.002875,7.153451963912254e-05,0.004,0.004,0.004000000000000001,0.004,8.673617379884035e-19,0.0015,0.0016250000000000001,0.0015875000000000004,0.0016250000000000001,5.728219618694805e-05,0.004875,0.00575,0.005293750000000001,0.0053124999999999995,0.0002912124439305434,0.0005,0.0005,0.0005000000000000001,0.0005,1.0842021724855044e-19,0.00375,0.004125,0.003987500000000001,0.004,8.75000000000001e-05,0.004,0.004,0.004000000000000001,0.004,8.673617379884035e-19,32,32,2560,10240,51200,False,192,8
0.004,0.006,0.00580952380952381,0.006,0.0004994327848429294,0.006,0.006,0.006000000000000001,0.006,8.673617379884035e-19,0.00275,0.003,0.0028687500000000006,0.002875,7.368641326594754e-05,0.004,0.004,0.004000000000000001,0.004,8.673617379884035e-19,0.0015,0.0016250000000000001,0.0015937500000000003,0.0016250000000000001,5.412658773652747e-05,0.004875,0.005625,0.005262500000000001,0.0053124999999999995,0.0003084740669813265,0.0005,0.0005,0.0005000000000000001,0.0005,1.0842021724855044e-19,0.003875,0.004,0.00398125,0.004,4.4633927678392855e-05,0.004,0.004,0.004000000000000001,0.004,8.673617379884035e-19,32,32,2560,10240,51200,False,184,8
0.004,0.006,0.005380952380952382,0.005,0.0005753831415997415,0.006,0.006,0.006000000000000001,0.006,8.673617379884035e-19,0.002875,0.003125,0.0029750000000000006,0.003,6.373774391990988e-05,0.004,0.005,0.004050000000000001,0.004,0.0002179449471770337,0.0016250000000000001,0.00175,0.0016500000000000004,0.0016250000000000001,4.999999999999996e-05,0.005,0.005625,0.0053187500000000006,0.005375,0.00024198075853257406,0.0005,0.0005,0.0005000000000000001,0.0005,1.0842021724855044e-19,0.00375,0.004,0.0039562500000000006,0.004,9.078649403958727e-05,0.004,0.004,0.004000000000000001,0.004,8.673617379884035e-19,32,32,2560,10240,51200,False,176,8
0.004,0.005,0.004952380952380954,0.005,0.00021295885499997998,0.006,0.006,0.006000000000000001,0.006,8.673617379884035e-19,0.00275,0.003,0.0029500000000000004,0.003,7.288689868556633e-05,0.004,0.004,0.004000000000000001,0.004,8.673617379884035e-19,0.0015,0.0016250000000000001,0.0016062500000000005,0.0016250000000000001,4.463392767839285e-05,0.005,0.00575,0.0053125,0.005375,0.00025155764746872617,0.0005,0.0005,0.0005000000000000001,0.0005,1.0842021724855044e-19,0.00375,0.004,0.00391875,0.004,0.00010661701318269997,0.004,0.004,0.004000000000000001,0.004,8.673617379884035e-19,32,32,2560,10240,51200,False,168,8
0.004,0.005,0.004952380952380954,0.005,0.00021295885499997998,0.006,0.006,0.006000000000000001,0.006,8.673617379884035e-19,0.002875,0.003,0.0029062500000000004,0.002875,5.4126587736527466e-05,0.004,0.004,0.004000000000000001,0.004,8.673617379884035e-19,0.0016250000000000001,0.00175,0.0016375000000000005,0.0016250000000000001,3.749999999999997e-05,0.004875,0.005125,0.004962500000000001,0.005,6.959705453537534e-05,0.000375,0.0005,0.0004187500000000001,0.000375,5.962120008855911e-05,0.003875,0.004,0.003962500000000001,0.004,5.7282196186948046e-05,0.004,0.004,0.004000000000000001,0.004,8.673617379884035e-19,32,32,2560,10240,51200,False,160,8
0.004,0.005,0.004952380952380954,0.005,0.00021295885499997998,0.006,0.006,0.006000000000000001,0.006,8.673617379884035e-19,0.002875,0.003,0.0029000000000000007,0.002875,5.0000000000000036e-05,0.004,0.004,0.004000000000000001,0.004,8.673617379884035e-19,0.0016250000000000001,0.0016250000000000001,0.0016250000000000004,0.0016250000000000001,2.168404344971009e-19,0.004875,0.005125,0.004950000000000001,0.0049375,8.291561975888507e-05,0.000375,0.000375,0.00037500000000000006,0.000375,5.421010862427522e-20,0.003875,0.004125,0.00398125,0.004,5.962120008855916e-05,0.004,0.004,0.004000000000000001,0.004,8.673617379884035e-19,32,32,2560,10240,51200,False,152,8
0.004,0.005,0.004952380952380954,0.005,0.00021295885499997998,0.006,0.006,0.006000000000000001,0.006,8.673617379884035e-19,0.002875,0.003,0.0028875000000000003,0.002875,3.750000000000003e-05,0.004,0.004,0.004000000000000001,0.004,8.673617379884035e-19,0.0016250000000000001,0.00175,0.0016937500000000004,0.00175,6.218671481916369e-05,0.004875,0.005125,0.004956250000000001,0.005,8.172935519138771e-05,0.000375,0.000375,0.00037500000000000006,0.000375,5.421010862427522e-20,0.00375,0.004125,0.004056250000000001,0.004125,0.00010058423087144434,0.004,0.004,0.004000000000000001,0.004,8.673617379884035e-19,32,32,2560,10240,51200,False,144,8
0.004,0.005,0.004952380952380954,0.005,0.00021295885499997998,0.006,0.006,0.006000000000000001,0.006,8.673617379884035e-19,0.002875,0.003,0.0028937500000000005,0.002875,4.4633927678392855e-05,0.004,0.004,0.004000000000000001,0.004,8.673617379884035e-19,0.0016250000000000001,0.00175,0.0016750000000000005,0.0016250000000000001,6.123724356957939e-05,0.004875,0.005125,0.004981250000000001,0.005,5.962120008855915e-05,0.000375,0.000375,0.00037500000000000006,0.000375,5.421010862427522e-20,0.004,0.004125,0.004025000000000001,0.004,5.0000000000000036e-05,0.004,0.004,0.004000000000000001,0.004,8.673617379884035e-19,32,32,2560,10240,51200,False,136,8
0.004,0.005,0.0049047619047619066,0.005,0.00029354352395090366,0.006,0.006,0.006000000000000001,0.006,8.673617379884035e-19,0.0025,0.002625,0.0025250000000000003,0.0025,5.000000000000004e-05,0.003,0.004,0.0034500000000000004,0.003,0.0004974937185533101,0.001375,0.001375,0.0013750000000000001,0.001375,2.168404344971009e-19,0.003125,0.003375,0.003237500000000001,0.0032500000000000003,5.4486236794258416e-05,0.000375,0.000375,0.00037500000000000006,0.000375,5.421010862427522e-20,0.0035,0.003875,0.0036187500000000004,0.003625,0.00010058423087144421,0.004,0.004,0.004000000000000001,0.004,8.673617379884035e-19,32,32,2560,10240,51200,False,128,8
0.004,0.005,0.004714285714285716,0.005,0.0004517539514526256,0.006,0.006,0.006000000000000001,0.006,8.673617379884035e-19,0.0025,0.002625,0.0025187500000000006,0.0025,4.4633927678392855e-05,0.003,0.004,0.00355,0.004,0.00049749371855331,0.001375,0.001375,0.0013750000000000001,0.001375,2.168404344971009e-19,0.003125,0.003375,0.003193750000000001,0.003125,8.361930100162281e-05,0.000375,0.000375,0.00037500000000000006,0.000375,5.421010862427522e-20,0.0035,0.003875,0.0036750000000000003,0.003625,0.00013346347815039133,0.004,0.004,0.004000000000000001,0.004,8.673617379884035e-19,32,32,2560,10240,51200,False,120,8
0.004,0.005,0.004333333333333335,0.004,0.0004714045207910317,0.006,0.006,0.006000000000000001,0.006,8.673617379884035e-19,0.0025,0.002625,0.0025250000000000003,0.0025,5.000000000000004e-05,0.003,0.004,0.0035000000000000005,0.0035,0.0005,0.001375,0.001375,0.0013750000000000001,0.001375,2.168404344971009e-19,0.003125,0.0032500000000000003,0.0031687500000000006,0.003125,5.962120008855914e-05,0.000375,0.000375,0.00037500000000000006,0.000375,5.421010862427522e-20,0.0035,0.003875,0.0036375000000000005,0.003625,0.00011110243021644478,0.004,0.004,0.004000000000000001,0.004,8.673617379884035e-19,32,32,2560,10240,51200,False,112,8
0.004,0.004,0.004000000000000001,0.004,8.673617379884035e-19,0.006,0.006,0.006000000000000001,0.006,8.673617379884035e-19,0.0025,0.002625,0.0025187500000000006,0.0025,4.4633927678392855e-05,0.003,0.004,0.00355,0.004,0.00049749371855331,0.001375,0.001375,0.0013750000000000001,0.001375,2.168404344971009e-19,0.003125,0.0032500000000000003,0.0032000000000000006,0.0032500000000000003,6.123724356957951e-05,0.00025,0.000375,0.0003625000000000001,0.000375,3.7500000000000003e-05,0.003625,0.004,0.0038500000000000006,0.003875,0.0001159202311936963,0.003,0.004,0.0039000000000000007,0.004,0.00030000000000000003,32,32,2560,10240,51200,False,104,8
0.003,0.004,0.003952380952380953,0.004,0.00021295885499997998,0.005,0.006,0.005950000000000001,0.006,0.00021794494717703366,0.002375,0.002625,0.0025000000000000005,0.0025,3.9528470752104776e-05,0.004,0.004,0.004000000000000001,0.004,8.673617379884035e-19,0.001375,0.001375,0.0013750000000000001,0.001375,2.168404344971009e-19,0.003125,0.0032500000000000003,0.003162500000000001,0.003125,5.7282196186948046e-05,0.00025,0.000375,0.0002562500000000001,0.00025,2.724311839712921e-05,0.0035,0.00375,0.0035687500000000003,0.0035,8.361930100162281e-05,0.003,0.004,0.0039000000000000007,0.004,0.00030000000000000003,32,32,2560,10240,51200,False,96,8
0.003,0.004,0.003952380952380953,0.004,0.00021295885499997998,0.006,0.006,0.006000000000000001,0.006,8.673617379884035e-19,0.002375,0.002625,0.0024812500000000004,0.0025,5.962120008855916e-05,0.004,0.004,0.004000000000000001,0.004,8.673617379884035e-19,0.001375,0.001375,0.0013750000000000001,0.001375,2.168404344971009e-19,0.003125,0.0032500000000000003,0.0031437500000000007,0.003125,4.4633927678392855e-05,0.00025,0.000375,0.0002562500000000001,0.00025,2.724311839712921e-05,0.0035,0.00375,0.0035812500000000002,0.003625,7.15345196391225e-05,0.003,0.004,0.00395,0.004,0.0002179449471770337,32,32,2560,10240,51200,False,88,8
0.003,0.004,0.003952380952380953,0.004,0.00021295885499997998,0.005,0.006,0.005950000000000001,0.006,0.00021794494717703366,0.002375,0.0025,0.0024750000000000006,0.0025,5.0000000000000036e-05,0.004,0.004,0.004000000000000001,0.004,8.673617379884035e-19,0.001375,0.001375,0.0013750000000000001,0.001375,2.168404344971009e-19,0.003125,0.0032500000000000003,0.0031562500000000006,0.003125,5.4126587736527466e-05,0.00025,0.00025,0.00025000000000000006,0.00025,5.421010862427522e-20,0.003625,0.00375,0.0037312500000000006,0.00375,4.46339276783927e-05,0.003,0.004,0.0039000000000000007,0.004,0.00030000000000000003,32,32,2560,10240,51200,False,80,8
0.003,0.004,0.003952380952380953,0.004,0.00021295885499997998,0.005,0.006,0.005800000000000001,0.006,0.0004,0.0025,0.002625,0.0025250000000000003,0.0025,5.000000000000004e-05,0.004,0.004,0.004000000000000001,0.004,8.673617379884035e-19,0.001375,0.001375,0.0013750000000000001,0.001375,2.168404344971009e-19,0.003,0.0032500000000000003,0.0031437500000000007,0.003125,5.962120008855915e-05,0.00025,0.00025,0.00025000000000000006,0.00025,5.421010862427522e-20,0.0035,0.003625,0.00351875,0.0035,4.463392767839285e-05,0.003,0.004,0.0038500000000000006,0.004,0.0003570714214271425,32,32,2560,10240,51200,False,72,8
0.003,0.004,0.003952380952380953,0.004,0.00021295885499997998,0.005,0.006,0.005900000000000001,0.006,0.00030000000000000003,0.0025,0.002625,0.0025125000000000004,0.0025,3.750000000000003e-05,0.003,0.004,0.0037500000000000007,0.004,0.00043301270189221935,0.00125,0.0015,0.0013687500000000002,0.001375,7.368641326594746e-05,0.003,0.003125,0.0030125000000000004,0.003,3.750000000000003e-05,0.00025,0.00025,0.00025000000000000006,0.00025,5.421010862427522e-20,0.003125,0.003375,0.003256250000000001,0.0032500000000000003,4.800716092417874e-05,0.002,0.004,0.003400000000000001,0.004,0.0007348469228349534,32,32,2560,10240,51200,False,64,8
0.003,0.004,0.0035714285714285718,0.004,0.0004948716593053935,0.005,0.006,0.005900000000000001,0.006,0.00030000000000000003,0.002375,0.0025,0.0024250000000000005,0.002375,6.12372435695795e-05,0.003,0.004,0.0037000000000000006,0.004,0.00045825756949558394,0.001375,0.0015,0.00138125,0.001375,2.724311839712924e-05,0.003,0.0032500000000000003,0.003056250000000001,0.003,7.368641326594753e-05,0.00025,0.00025,0.00025000000000000006,0.00025,5.421010862427522e-20,0.003,0.0032500000000000003,0.003118750000000001,0.003125,7.368641326594754e-05,0.002,0.004,0.0030000000000000005,0.003,0.0007745966692414833,32,32,2560,10240,51200,False,56,8
0.003,0.003,0.0030000000000000005,0.003,4.336808689942018e-19,0.005,0.006,0.005950000000000001,0.006,0.0002179449471770337,0.002375,0.0025,0.0023812500000000006,0.002375,2.7243118397129235e-05,0.003,0.004,0.0036000000000000003,0.004,0.0004898979485566357,0.00125,0.001375,0.0013562500000000003,0.001375,4.463392767839278e-05,0.002875,0.003,0.0029187500000000003,0.002875,5.9621200088559156e-05,0.00025,0.00025,0.00025000000000000006,0.00025,5.421010862427522e-20,0.003,0.0032500000000000003,0.003131250000000001,0.003125,9.249155366842971e-05,0.002,0.004,0.0032000000000000006,0.003,0.0006000000000000001,32,32,2560,10240,51200,False,48,8
0.003,0.003,0.0030000000000000005,0.003,4.336808689942018e-19,0.005,0.006,0.005800000000000001,0.006,0.0004,0.002375,0.0025,0.0024500000000000004,0.0025,6.123724356957951e-05,0.003,0.004,0.0038000000000000004,0.004,0.0004,0.00125,0.001375,0.0012937500000000002,0.00125,5.962120008855905e-05,0.003,0.003125,0.0030062500000000007,0.003,2.7243118397129235e-05,0.00025,0.00025,0.00025000000000000006,0.00025,5.421010862427522e-20,0.003,0.0032500000000000003,0.0030937500000000006,0.003125,8.727650027355596e-05,0.002,0.004,0.00255,0.0025,0.0005894913061275798,32,32,2560,10240,51200,False,40,8
0.003,0.003,0.0030000000000000005,0.003,4.336808689942018e-19,0.005,0.006,0.005900000000000001,0.006,0.00030000000000000003,0.002375,0.0025,0.0024000000000000002,0.002375,5.000000000000004e-05,0.003,0.004,0.0037500000000000007,0.004,0.00043301270189221935,0.00125,0.00125,0.0012500000000000002,0.00125,2.168404344971009e-19,0.002875,0.003125,0.0029687500000000005,0.003,7.781187248742965e-05,0.00025,0.00025,0.00025000000000000006,0.00025,5.421010862427522e-20,0.003,0.0032500000000000003,0.0030750000000000005,0.0030625,8.291561975888507e-05,0.002,0.004,0.0030000000000000005,0.003,0.0006324555320336759,32,32,2560,10240,51200,False,32,8
0.003,0.003,0.0030000000000000005,0.003,4.336808689942018e-19,0.005,0.006,0.005850000000000001,0.006,0.0003570714214271425,0.002375,0.0025,0.0023812500000000006,0.002375,2.7243118397129235e-05,0.003,0.004,0.0034500000000000004,0.003,0.0004974937185533101,0.00125,0.001375,0.00125625,0.00125,2.724311839712919e-05,0.002875,0.003,0.0029437500000000006,0.003,6.218671481916381e-05,0.000125,0.00025,0.00013125000000000002,0.000125,2.7243118397129208e-05,0.002875,0.003125,0.0030312500000000005,0.003,7.781187248742965e-05,0.002,0.003,0.002300000000000001,0.002,0.000458257569495584,32,32,2560,10240,51200,False,24,8
0.008,0.012,0.011142857142857145,0.011,0.000832993127835043,0.005,0.006,0.005800000000000001,0.006,0.0004,0.002125,0.0022500000000000003,0.0021437500000000007,0.002125,4.4633927678392855e-05,0.003,0.004,0.0037000000000000006,0.004,0.00045825756949558405,0.00125,0.00125,0.0012500000000000002,0.00125,2.168404344971009e-19,0.002875,0.003,0.0029187500000000003,0.002875,5.962120008855915e-05,0.000125,0.000125,0.00012500000000000003,0.000125,2.710505431213761e-20,0.002875,0.003,0.0029125000000000006,0.002875,5.728219618694805e-05,0.002,0.003,0.002300000000000001,0.002,0.0004582575694955841,32,32,2560,10240,51200,False,16,8
0.005,0.007,0.006761904761904764,0.007,0.0005259695722470124,0.005,0.006,0.005950000000000001,0.006,0.00021794494717703366,0.002125,0.002125,0.0021250000000000006,0.002125,4.336808689942018e-19,0.003,0.004,0.0035000000000000005,0.0035,0.0005,0.0011250000000000001,0.0011250000000000001,0.0011250000000000003,0.0011250000000000001,2.168404344971009e-19,0.002875,0.003,0.0029062500000000004,0.002875,5.4126587736527466e-05,0.000125,0.000125,0.00012500000000000003,0.000125,2.710505431213761e-20,0.002875,0.003,0.0028937500000000005,0.002875,4.463392767839285e-05,0.002,0.004,0.0022000000000000006,0.002,0.0005099019513592786,32,32,2560,10240,51200,False,8,8
0.003,0.004,0.003952380952380953,0.004,0.00021295885499997998,0.006,0.006,0.006000000000000001,0.006,8.673617379884035e-19,0.002,0.002125,0.0021187500000000004,0.002125,2.724311839712923e-05,0.003,0.004,0.003450000000000001,0.003,0.0004974937185533101,0.0011250000000000001,0.00125,0.0011375000000000003,0.0011250000000000001,3.749999999999997e-05,0.00275,0.003,0.0029062500000000004,0.002875,6.702378309227261e-05,0.000125,0.000125,0.00012500000000000003,0.000125,2.710505431213761e-20,0.002875,0.003,0.0029000000000000007,0.002875,5.0000000000000036e-05,0.002,0.002,0.0020000000000000005,0.002,4.336808689942018e-19,32,32,2560,10240,51200,False,4,8
0.002,0.003,0.002952380952380953,0.003,0.00021295885499997998,0.006,0.006,0.006000000000000001,0.006,8.673617379884035e-19,0.002,0.002125,0.0020875000000000004,0.002125,5.728219618694805e-05,0.003,0.004,0.0032000000000000006,0.003,0.0004,0.0011250000000000001,0.00125,0.0011375000000000003,0.0011250000000000001,3.749999999999997e-05,0.002875,0.003,0.0029062500000000004,0.002875,5.4126587736527466e-05,0.000125,0.000125,0.00012500000000000003,0.000125,2.710505431213761e-20,0.002875,0.003,0.0028812500000000006,0.002875,2.7243118397129235e-05,0.002,0.003,0.0021500000000000004,0.002,0.0003570714214271425,32,32,2560,10240,51200,False,2,8
0.002,0.003,0.0020952380952380958,0.002,0.00029354352395090366,0.006,0.006,0.006000000000000001,0.006,8.673617379884035e-19,0.002,0.002125,0.0020250000000000003,0.002,5.000000000000004e-05,0.003,0.004,0.003150000000000001,0.003,0.0003570714214271425,0.0011250000000000001,0.00125,0.0011312500000000003,0.0011250000000000001,2.724311839712919e-05,0.00275,0.002875,0.0027625,0.00275,3.750000000000003e-05,0.000125,0.000125,0.00012500000000000003,0.000125,2.710505431213761e-20,0.00275,0.002875,0.0028187500000000005,0.002875,6.218671481916381e-05,0.002,0.003,0.002300000000000001,0.002,0.00045825756949558405,32,32,2560,10240,51200,False,1,8
