model,device,ctx_K,batch,dense_tpot_p50_ms,dense_tpot_p99_ms,sparse_tpot_p50_ms,sparse_tpot_p99_ms,speedup_dense_over_sparse,dense_hbf_stall_ms,sparse_hbf_stall_ms,dense_throughput_tok_s,sparse_throughput_tok_s,source
CodeLlama-34b-Instruct-hf,a100,4,4,94.79,106.55,94.67,106.41,1.001,0.0,0.0,75.26,75.36,simulated
CodeLlama-34b-Instruct-hf,a100,4,8,61.33,61.33,61.32,61.32,1.0,0.0,0.0,130.98,131.01,simulated
CodeLlama-34b-Instruct-hf,a100,4,16,61.32,61.32,61.32,61.32,1.0,0.0,0.0,131.0,131.0,simulated
CodeLlama-34b-Instruct-hf,a100,4,32,61.33,61.33,61.32,61.32,1.0,0.0,0.0,130.99,131.0,simulated
CodeLlama-34b-Instruct-hf,a100,4,64,61.33,61.33,61.33,61.33,1.0,0.0,0.0,130.99,130.99,simulated
CodeLlama-34b-Instruct-hf,a100,4,128,61.33,61.33,61.33,61.33,1.0,0.0,0.0,130.99,130.99,simulated
CodeLlama-34b-Instruct-hf,a100,8,4,94.73,106.48,94.73,106.48,1.0,0.0,0.0,75.31,75.31,simulated
CodeLlama-34b-Instruct-hf,a100,8,8,61.32,61.32,61.32,61.32,1.0,0.0,0.0,131.0,131.0,simulated
CodeLlama-34b-Instruct-hf,a100,8,16,61.32,61.32,61.32,61.32,1.0,0.0,0.0,131.0,131.0,simulated
CodeLlama-34b-Instruct-hf,a100,8,32,61.32,61.32,61.32,61.32,1.0,0.0,0.0,131.0,131.0,simulated
CodeLlama-34b-Instruct-hf,a100,8,64,61.32,61.32,61.32,61.32,1.0,0.0,0.0,131.0,131.0,simulated
CodeLlama-34b-Instruct-hf,a100,8,128,61.32,61.32,61.32,61.32,1.0,0.0,0.0,131.0,131.0,simulated
CodeLlama-34b-Instruct-hf,a100,16,4,94.73,106.48,94.73,106.48,1.0,0.0,0.0,75.31,75.31,simulated
CodeLlama-34b-Instruct-hf,a100,16,8,61.32,61.32,61.32,61.32,1.0,0.0,0.0,131.0,131.0,simulated
CodeLlama-34b-Instruct-hf,a100,16,16,61.32,61.32,61.32,61.32,1.0,0.0,0.0,131.0,131.0,simulated
CodeLlama-34b-Instruct-hf,a100,16,32,61.32,61.32,61.32,61.32,1.0,0.0,0.0,131.0,131.0,simulated
CodeLlama-34b-Instruct-hf,a100,16,64,61.32,61.32,61.32,61.32,1.0,0.0,0.0,131.0,131.0,simulated
CodeLlama-34b-Instruct-hf,a100,16,128,61.32,61.32,61.32,61.32,1.0,0.0,0.0,131.0,131.0,simulated
CodeLlama-34b-Instruct-hf,a100,32,4,94.73,106.48,94.73,106.48,1.0,0.0,0.0,75.31,75.31,simulated
CodeLlama-34b-Instruct-hf,a100,32,8,76.67,76.67,61.32,61.32,1.25,61.39,0.0,104.69,131.0,simulated
CodeLlama-34b-Instruct-hf,a100,32,16,76.67,76.67,61.32,61.32,1.25,61.39,0.0,104.69,131.0,simulated
CodeLlama-34b-Instruct-hf,a100,32,32,76.67,76.67,61.32,61.32,1.25,61.39,0.0,104.69,131.0,simulated
CodeLlama-34b-Instruct-hf,a100,32,64,76.67,76.67,61.32,61.32,1.25,61.39,0.0,104.69,131.0,simulated
CodeLlama-34b-Instruct-hf,a100,32,128,61.3200,61.3200,61.3200,61.3200,1.0000,0.0000,0.0000,2087.41,2087.41,analytical
CodeLlama-34b-Instruct-hf,a100,64,4,129.11,141.69,94.73,106.48,1.363,140.84,0.0,56.56,75.31,simulated
CodeLlama-34b-Instruct-hf,a100,64,8,141.68,141.68,61.32,61.32,2.311,321.44,0.0,56.57,131.0,simulated
CodeLlama-34b-Instruct-hf,a100,64,16,141.68,141.68,61.32,61.32,2.311,321.44,0.0,56.57,131.0,simulated
CodeLlama-34b-Instruct-hf,a100,64,32,141.68,141.68,61.32,61.32,2.311,321.44,0.0,56.57,131.0,simulated
CodeLlama-34b-Instruct-hf,a100,64,64,92.9451,92.9451,61.3200,61.3200,1.5157,31.6251,0.0000,688.58,1043.71,analytical
CodeLlama-34b-Instruct-hf,a100,64,128,61.3200,61.3200,61.3200,61.3200,1.0000,0.0000,0.0000,2087.41,2087.41,analytical
CodeLlama-34b-Instruct-hf,a100,128,4,246.55,271.72,94.73,106.48,2.603,660.94,0.0,29.47,75.31,simulated
CodeLlama-34b-Instruct-hf,a100,128,8,271.71,271.71,61.32,61.32,4.431,841.53,0.0,29.47,131.0,simulated
CodeLlama-34b-Instruct-hf,a100,128,16,271.71,271.71,61.32,61.32,4.431,841.53,0.0,29.47,131.0,simulated
CodeLlama-34b-Instruct-hf,a100,128,32,271.7000,271.7000,61.3200,61.3200,4.4309,210.3800,0.0000,117.78,521.85,analytical
CodeLlama-34b-Instruct-hf,a100,128,64,129.2359,129.2359,61.3200,61.3200,2.1076,67.9159,0.0000,495.22,1043.71,analytical
CodeLlama-34b-Instruct-hf,a100,128,128,61.3200,61.3200,61.3200,61.3200,1.0000,0.0000,0.0000,2087.41,2087.41,analytical
CodeLlama-34b-Instruct-hf,a100,256,4,486.84,537.18,94.73,106.48,5.139,1722.78,0.0,14.9,75.31,simulated
CodeLlama-34b-Instruct-hf,a100,256,8,537.17,537.17,64.34,64.34,8.349,1903.37,12.07,14.9,124.83,simulated
CodeLlama-34b-Instruct-hf,a100,256,16,531.7636,531.7636,61.3200,61.3200,8.6719,470.4436,0.0000,30.09,260.93,analytical
CodeLlama-34b-Instruct-hf,a100,256,32,531.7400,531.7400,61.3200,61.3200,8.6716,470.4200,0.0000,60.18,521.85,analytical
CodeLlama-34b-Instruct-hf,a100,256,64,201.8175,201.8175,61.3200,61.3200,3.2912,140.4975,0.0000,317.12,1043.71,analytical
CodeLlama-34b-Instruct-hf,a100,256,128,61.3200,61.3200,61.3200,61.3200,1.0000,0.0000,0.0000,2087.41,2087.41,analytical
CodeLlama-34b-Instruct-hf,a100,512,4,973.38,1074.05,105.6,117.35,9.218,3870.26,43.47,7.45,68.32,simulated
CodeLlama-34b-Instruct-hf,a100,512,8,1063.0141,1063.0141,64.3400,64.3400,16.5218,998.6741,0.0000,7.53,124.34,analytical
CodeLlama-34b-Instruct-hf,a100,512,16,1051.8721,1051.8721,61.3200,61.3200,17.1538,990.5521,0.0000,15.21,260.93,analytical
CodeLlama-34b-Instruct-hf,a100,512,32,1051.8200,1051.8200,61.3200,61.3200,17.1530,990.5000,0.0000,30.42,521.85,analytical
CodeLlama-34b-Instruct-hf,a100,512,64,346.9806,346.9806,61.3200,61.3200,5.6585,285.6606,0.0000,184.45,1043.71,analytical
CodeLlama-34b-Instruct-hf,a100,512,128,61.3200,61.3200,61.3200,61.3200,1.0000,0.0000,0.0000,2087.41,2087.41,analytical
CodeLlama-34b-Instruct-hf,a40,4,4,258.08,290.03,258.06,290.01,1.0,0.0,0.0,27.61,27.61,simulated
CodeLlama-34b-Instruct-hf,a40,4,8,166.75,166.75,166.66,166.66,1.001,0.0,0.0,48.05,48.07,simulated
CodeLlama-34b-Instruct-hf,a40,4,16,166.68,166.68,166.69,166.69,1.0,0.0,0.0,48.07,48.07,simulated
CodeLlama-34b-Instruct-hf,a40,4,32,166.67,166.67,166.67,166.67,1.0,0.0,0.0,48.07,48.07,simulated
CodeLlama-34b-Instruct-hf,a40,4,64,166.67,166.67,166.67,166.67,1.0,0.0,0.0,48.07,48.07,simulated
CodeLlama-34b-Instruct-hf,a40,4,128,166.67,166.67,166.67,166.67,1.0,0.0,0.0,48.07,48.07,simulated
CodeLlama-34b-Instruct-hf,a40,8,4,258.16,290.12,258.15,290.11,1.0,0.0,0.0,27.6,27.6,simulated
CodeLlama-34b-Instruct-hf,a40,8,8,166.69,166.69,166.69,166.69,1.0,0.0,0.0,48.07,48.07,simulated
CodeLlama-34b-Instruct-hf,a40,8,16,166.69,166.69,166.69,166.69,1.0,0.0,0.0,48.07,48.07,simulated
CodeLlama-34b-Instruct-hf,a40,8,32,166.69,166.69,166.69,166.69,1.0,0.0,0.0,48.07,48.07,simulated
CodeLlama-34b-Instruct-hf,a40,8,64,166.69,166.69,166.69,166.69,1.0,0.0,0.0,48.07,48.07,simulated
CodeLlama-34b-Instruct-hf,a40,8,128,166.69,166.69,166.69,166.69,1.0,0.0,0.0,48.07,48.07,simulated
CodeLlama-34b-Instruct-hf,a40,16,4,258.16,290.12,258.16,290.12,1.0,0.0,0.0,27.6,27.6,simulated
CodeLlama-34b-Instruct-hf,a40,16,8,166.69,166.69,166.69,166.69,1.0,0.0,0.0,48.07,48.07,simulated
CodeLlama-34b-Instruct-hf,a40,16,16,166.69,166.69,166.69,166.69,1.0,0.0,0.0,48.07,48.07,simulated
CodeLlama-34b-Instruct-hf,a40,16,32,166.69,166.69,166.69,166.69,1.0,0.0,0.0,48.07,48.07,simulated
CodeLlama-34b-Instruct-hf,a40,16,64,166.69,166.69,166.69,166.69,1.0,0.0,0.0,48.07,48.07,simulated
CodeLlama-34b-Instruct-hf,a40,16,128,166.69,166.69,166.69,166.69,1.0,0.0,0.0,48.07,48.07,simulated
CodeLlama-34b-Instruct-hf,a40,32,4,258.16,290.12,258.16,290.12,1.0,0.0,0.0,27.6,27.6,simulated
CodeLlama-34b-Instruct-hf,a40,32,8,166.69,166.69,166.69,166.69,1.0,0.0,0.0,48.07,48.07,simulated
CodeLlama-34b-Instruct-hf,a40,32,16,166.69,166.69,166.69,166.69,1.0,0.0,0.0,48.07,48.07,simulated
CodeLlama-34b-Instruct-hf,a40,32,32,166.69,166.69,166.69,166.69,1.0,0.0,0.0,48.07,48.07,simulated
CodeLlama-34b-Instruct-hf,a40,32,64,166.69,166.69,166.69,166.69,1.0,0.0,0.0,48.07,48.07,simulated
CodeLlama-34b-Instruct-hf,a40,32,128,166.7157,166.7157,166.6900,166.6900,1.0002,0.0257,0.0000,767.77,767.89,analytical
CodeLlama-34b-Instruct-hf,a40,64,4,258.16,290.12,258.16,290.12,1.0,0.0,0.0,27.6,27.6,simulated
CodeLlama-34b-Instruct-hf,a40,64,8,166.69,166.69,166.69,166.69,1.0,0.0,0.0,48.07,48.07,simulated
CodeLlama-34b-Instruct-hf,a40,64,16,166.69,166.69,166.69,166.69,1.0,0.0,0.0,48.07,48.07,simulated
CodeLlama-34b-Instruct-hf,a40,64,32,166.69,166.69,166.69,166.69,1.0,0.0,0.0,48.07,48.07,simulated
CodeLlama-34b-Instruct-hf,a40,64,64,166.7084,166.7084,166.6900,166.6900,1.0001,0.0184,0.0000,383.90,383.95,analytical
CodeLlama-34b-Instruct-hf,a40,64,128,166.7614,166.7614,166.6900,166.6900,1.0004,0.0714,0.0000,767.56,767.89,analytical
CodeLlama-34b-Instruct-hf,a40,128,4,266.41,298.37,258.16,290.12,1.032,33.02,0.0,26.84,27.6,simulated
CodeLlama-34b-Instruct-hf,a40,128,8,291.57,291.57,166.69,166.69,1.749,499.55,0.0,27.46,48.07,simulated
CodeLlama-34b-Instruct-hf,a40,128,16,291.57,291.57,166.69,166.69,1.749,499.55,0.0,27.46,48.07,simulated
CodeLlama-34b-Instruct-hf,a40,128,32,166.7040,166.7040,166.6900,166.6900,1.0001,0.0140,0.0000,191.96,191.97,analytical
CodeLlama-34b-Instruct-hf,a40,128,64,166.7390,166.7390,166.6900,166.6900,1.0003,0.0490,0.0000,383.83,383.95,analytical
CodeLlama-34b-Instruct-hf,a40,128,128,166.8529,166.8529,166.6900,166.6900,1.0010,0.1629,0.0000,767.14,767.89,analytical
CodeLlama-34b-Instruct-hf,a40,256,4,501.29,551.63,258.16,290.12,1.942,1046.05,0.0,14.51,27.6,simulated
CodeLlama-34b-Instruct-hf,a40,256,8,551.62,551.62,166.69,166.69,3.309,1539.74,0.0,14.51,48.07,simulated
CodeLlama-34b-Instruct-hf,a40,256,16,391.6926,391.6926,166.6900,166.6900,2.3498,225.0026,0.0000,40.85,95.99,analytical
CodeLlama-34b-Instruct-hf,a40,256,32,166.7264,166.7264,166.6900,166.6900,1.0002,0.0364,0.0000,191.93,191.97,analytical
CodeLlama-34b-Instruct-hf,a40,256,64,166.8003,166.8003,166.6900,166.6900,1.0007,0.1103,0.0000,383.69,383.95,analytical
CodeLlama-34b-Instruct-hf,a40,256,128,167.0357,167.0357,166.6900,166.6900,1.0021,0.3457,0.0000,766.30,767.89,analytical
CodeLlama-34b-Instruct-hf,a40,512,4,973.38,1074.05,258.16,290.12,3.77,3135.72,0.0,7.45,27.6,simulated
CodeLlama-34b-Instruct-hf,a40,512,8,1071.7200,1071.7200,166.6900,166.6900,6.4294,905.0300,0.0000,7.46,47.99,analytical
CodeLlama-34b-Instruct-hf,a40,512,16,635.9583,635.9583,166.6900,166.6900,3.8152,469.2683,0.0000,25.16,95.99,analytical
CodeLlama-34b-Instruct-hf,a40,512,32,166.7711,166.7711,166.6900,166.6900,1.0005,0.0811,0.0000,191.88,191.97,analytical
CodeLlama-34b-Instruct-hf,a40,512,64,166.9227,166.9227,166.6900,166.6900,1.0014,0.2327,0.0000,383.41,383.95,analytical
CodeLlama-34b-Instruct-hf,a40,512,128,167.4014,167.4014,166.6900,166.6900,1.0043,0.7114,0.0000,764.63,767.89,analytical
CodeLlama-34b-Instruct-hf,h100,4,4,52.1,58.55,52.0,58.42,1.002,0.0,0.0,137.24,137.53,simulated
CodeLlama-34b-Instruct-hf,h100,4,8,33.71,33.71,33.65,33.65,1.002,0.0,0.0,239.13,239.58,simulated
CodeLlama-34b-Instruct-hf,h100,4,16,33.71,33.71,33.71,33.71,1.0,0.0,0.0,239.14,239.14,simulated
CodeLlama-34b-Instruct-hf,h100,4,32,33.71,33.71,33.71,33.71,1.0,0.0,0.0,239.14,239.14,simulated
CodeLlama-34b-Instruct-hf,h100,4,64,33.71,33.71,33.71,33.71,1.0,0.0,0.0,239.14,239.14,simulated
CodeLlama-34b-Instruct-hf,h100,4,128,33.71,33.71,33.71,33.71,1.0,0.0,0.0,239.14,239.14,simulated
CodeLlama-34b-Instruct-hf,h100,8,4,52.1,58.54,52.1,58.54,1.0,0.0,0.0,137.26,137.26,simulated
CodeLlama-34b-Instruct-hf,h100,8,8,33.71,33.71,33.71,33.71,1.0,0.0,0.0,239.15,239.15,simulated
CodeLlama-34b-Instruct-hf,h100,8,16,33.71,33.71,33.71,33.71,1.0,0.0,0.0,239.15,239.15,simulated
CodeLlama-34b-Instruct-hf,h100,8,32,33.71,33.71,33.71,33.71,1.0,0.0,0.0,239.15,239.15,simulated
CodeLlama-34b-Instruct-hf,h100,8,64,33.71,33.71,33.71,33.71,1.0,0.0,0.0,239.15,239.15,simulated
CodeLlama-34b-Instruct-hf,h100,8,128,33.71,33.71,33.71,33.71,1.0,0.0,0.0,239.15,239.15,simulated
CodeLlama-34b-Instruct-hf,h100,16,4,52.1,58.54,52.1,58.54,1.0,0.0,0.0,137.26,137.26,simulated
CodeLlama-34b-Instruct-hf,h100,16,8,39.05,39.05,33.71,33.71,1.158,21.39,0.0,206.19,239.15,simulated
CodeLlama-34b-Instruct-hf,h100,16,16,39.05,39.05,33.71,33.71,1.158,21.39,0.0,206.19,239.15,simulated
CodeLlama-34b-Instruct-hf,h100,16,32,39.05,39.05,33.71,33.71,1.158,21.39,0.0,206.19,239.15,simulated
CodeLlama-34b-Instruct-hf,h100,16,64,39.05,39.05,33.71,33.71,1.158,21.39,0.0,206.19,239.15,simulated
CodeLlama-34b-Instruct-hf,h100,16,128,39.05,39.05,33.71,33.71,1.158,21.39,0.0,206.19,239.15,simulated
CodeLlama-34b-Instruct-hf,h100,32,4,65.27,71.72,52.1,58.54,1.253,52.7,0.0,111.95,137.26,simulated
CodeLlama-34b-Instruct-hf,h100,32,8,71.56,71.56,33.71,33.71,2.123,151.41,0.0,112.19,239.15,simulated
CodeLlama-34b-Instruct-hf,h100,32,16,71.56,71.56,33.71,33.71,2.123,151.41,0.0,112.19,239.15,simulated
CodeLlama-34b-Instruct-hf,h100,32,32,71.56,71.56,33.71,33.71,2.123,151.41,0.0,112.19,239.15,simulated
CodeLlama-34b-Instruct-hf,h100,32,64,71.56,71.56,33.71,33.71,2.123,151.41,0.0,112.19,239.15,simulated
CodeLlama-34b-Instruct-hf,h100,32,128,46.2971,46.2971,33.7100,33.7100,1.3734,12.5871,0.0000,2764.75,3797.09,analytical
CodeLlama-34b-Instruct-hf,h100,64,4,123.99,136.58,52.1,58.54,2.38,312.17,0.0,58.68,137.26,simulated
CodeLlama-34b-Instruct-hf,h100,64,8,136.57,136.57,33.71,33.71,4.051,411.46,0.0,58.69,239.15,simulated
CodeLlama-34b-Instruct-hf,h100,64,16,136.57,136.57,33.71,33.71,4.051,411.46,0.0,58.69,239.15,simulated
CodeLlama-34b-Instruct-hf,h100,64,32,136.57,136.57,33.71,33.71,4.051,411.46,0.0,58.69,239.15,simulated
CodeLlama-34b-Instruct-hf,h100,64,64,136.5800,136.5800,33.7100,33.7100,4.0516,102.8700,0.0000,468.59,1898.55,analytical
CodeLlama-34b-Instruct-hf,h100,64,128,61.5543,61.5543,33.7100,33.7100,1.8260,27.8443,0.0000,2079.47,3797.09,analytical
CodeLlama-34b-Instruct-hf,h100,128,4,243.57,268.74,52.1,58.54,4.675,840.81,0.0,29.8,137.26,simulated
CodeLlama-34b-Instruct-hf,h100,128,8,268.73,268.73,33.71,33.71,7.972,940.09,0.0,29.8,239.15,simulated
CodeLlama-34b-Instruct-hf,h100,128,16,268.73,268.73,33.71,33.71,7.972,940.09,0.0,29.8,239.15,simulated
CodeLlama-34b-Instruct-hf,h100,128,32,266.5964,266.5964,33.7100,33.7100,7.9085,232.8864,0.0000,120.03,949.27,analytical
CodeLlama-34b-Instruct-hf,h100,128,64,266.6200,266.6200,33.7100,33.7100,7.9092,232.9100,0.0000,240.04,1898.55,analytical
CodeLlama-34b-Instruct-hf,h100,128,128,92.0686,92.0686,33.7100,33.7100,2.7312,58.3586,0.0000,1390.27,3797.09,analytical
CodeLlama-34b-Instruct-hf,h100,256,4,486.84,537.18,53.5,59.94,9.1,1914.55,5.59,14.9,134.04,simulated
CodeLlama-34b-Instruct-hf,h100,256,8,537.17,537.17,58.52,58.52,9.179,2013.84,99.25,14.9,137.3,simulated
CodeLlama-34b-Instruct-hf,h100,256,16,531.0449,531.0449,33.7100,33.7100,15.7533,497.3349,0.0000,30.13,474.64,analytical
CodeLlama-34b-Instruct-hf,h100,256,32,526.6479,526.6479,33.7100,33.7100,15.6229,492.9379,0.0000,60.76,949.27,analytical
CodeLlama-34b-Instruct-hf,h100,256,64,526.7000,526.7000,33.7100,33.7100,15.6244,492.9900,0.0000,121.51,1898.55,analytical
CodeLlama-34b-Instruct-hf,h100,256,128,153.0971,153.0971,33.7100,33.7100,4.5416,119.3871,0.0000,836.07,3797.09,analytical
CodeLlama-34b-Instruct-hf,h100,512,4,973.38,1074.05,100.49,110.56,9.686,4062.03,208.08,7.45,72.53,simulated
CodeLlama-34b-Instruct-hf,h100,512,8,1067.8269,1067.8269,58.5200,58.5200,18.2472,1009.3069,0.0000,7.49,136.71,analytical
CodeLlama-34b-Instruct-hf,h100,512,16,1056.1941,1056.1941,33.7100,33.7100,31.3318,1022.4841,0.0000,15.15,474.64,analytical
CodeLlama-34b-Instruct-hf,h100,512,32,1046.7507,1046.7507,33.7100,33.7100,31.0516,1013.0407,0.0000,30.57,949.27,analytical
CodeLlama-34b-Instruct-hf,h100,512,64,1046.8600,1046.8600,33.7100,33.7100,31.0549,1013.1500,0.0000,61.14,1898.55,analytical
CodeLlama-34b-Instruct-hf,h100,512,128,275.1543,275.1543,33.7100,33.7100,8.1624,241.4443,0.0000,465.19,3797.09,analytical
Llama-2-70b-hf,a100,4,4,191.13,214.87,191.08,214.82,1.0,0.0,0.0,37.28,37.29,simulated
Llama-2-70b-hf,a100,4,8,122.73,122.73,122.81,122.81,0.999,0.0,0.0,65.32,65.27,simulated
Llama-2-70b-hf,a100,4,16,122.81,122.81,122.81,122.81,1.0,0.0,0.0,65.28,65.28,simulated
Llama-2-70b-hf,a100,4,32,122.81,122.81,122.82,122.82,1.0,0.0,0.0,65.28,65.27,simulated
Llama-2-70b-hf,a100,4,64,122.81,122.81,122.82,122.82,1.0,0.0,0.0,65.27,65.27,simulated
Llama-2-70b-hf,a100,4,128,122.81,122.81,122.82,122.82,1.0,0.0,0.0,65.28,65.27,simulated
Llama-2-70b-hf,a100,8,4,191.13,214.88,191.13,214.88,1.0,0.0,0.0,37.27,37.27,simulated
Llama-2-70b-hf,a100,8,8,122.81,122.81,122.81,122.81,1.0,0.0,0.0,65.28,65.28,simulated
Llama-2-70b-hf,a100,8,16,122.81,122.81,122.81,122.81,1.0,0.0,0.0,65.28,65.28,simulated
Llama-2-70b-hf,a100,8,32,122.81,122.81,122.81,122.81,1.0,0.0,0.0,65.28,65.28,simulated
Llama-2-70b-hf,a100,8,64,122.81,122.81,122.81,122.81,1.0,0.0,0.0,65.28,65.28,simulated
Llama-2-70b-hf,a100,8,128,122.81,122.81,122.81,122.81,1.0,0.0,0.0,65.28,65.28,simulated
Llama-2-70b-hf,a100,16,4,191.13,214.88,191.13,214.88,1.0,0.0,0.0,37.27,37.27,simulated
Llama-2-70b-hf,a100,16,8,122.81,122.81,122.81,122.81,1.0,0.0,0.0,65.28,65.28,simulated
Llama-2-70b-hf,a100,16,16,122.81,122.81,122.81,122.81,1.0,0.0,0.0,65.28,65.28,simulated
Llama-2-70b-hf,a100,16,32,122.81,122.81,122.81,122.81,1.0,0.0,0.0,65.28,65.28,simulated
Llama-2-70b-hf,a100,16,64,122.81,122.81,122.81,122.81,1.0,0.0,0.0,65.28,65.28,simulated
Llama-2-70b-hf,a100,16,128,122.8100,122.8100,122.8100,122.8100,1.0000,0.0000,0.0000,1042.26,1042.26,analytical
Llama-2-70b-hf,a100,32,4,191.13,214.88,191.13,214.88,1.0,0.0,0.0,37.27,37.27,simulated
Llama-2-70b-hf,a100,32,8,132.2,132.2,122.81,122.81,1.076,37.54,0.0,60.63,65.28,simulated
Llama-2-70b-hf,a100,32,16,132.2,132.2,122.81,122.81,1.076,37.54,0.0,60.63,65.28,simulated
Llama-2-70b-hf,a100,32,32,132.2,132.2,122.81,122.81,1.076,37.54,0.0,60.63,65.28,simulated
Llama-2-70b-hf,a100,32,64,122.8100,122.8100,122.8100,122.8100,1.0000,0.0000,0.0000,521.13,521.13,analytical
Llama-2-70b-hf,a100,32,128,122.8100,122.8100,122.8100,122.8100,1.0000,0.0000,0.0000,1042.26,1042.26,analytical
Llama-2-70b-hf,a100,64,4,219.16,242.91,191.13,214.88,1.147,112.12,0.0,32.97,37.27,simulated
Llama-2-70b-hf,a100,64,8,240.12,240.12,122.81,122.81,1.955,469.24,0.0,33.35,65.28,simulated
Llama-2-70b-hf,a100,64,16,240.12,240.12,122.81,122.81,1.955,469.24,0.0,33.35,65.28,simulated
Llama-2-70b-hf,a100,64,32,142.1616,142.1616,122.8100,122.8100,1.1576,19.3516,0.0000,225.10,260.57,analytical
Llama-2-70b-hf,a100,64,64,122.8100,122.8100,122.8100,122.8100,1.0000,0.0000,0.0000,521.13,521.13,analytical
Llama-2-70b-hf,a100,64,128,122.8100,122.8100,122.8100,122.8100,1.0000,0.0000,0.0000,1042.26,1042.26,analytical
Llama-2-70b-hf,a100,128,4,414.88,456.83,191.13,214.88,2.171,967.79,0.0,17.52,37.27,simulated
Llama-2-70b-hf,a100,128,8,456.81,456.81,122.81,122.81,3.72,1335.98,0.0,17.52,65.28,simulated
Llama-2-70b-hf,a100,128,16,455.9600,455.9600,122.8100,122.8100,3.7127,333.1500,0.0000,35.09,130.28,analytical
Llama-2-70b-hf,a100,128,32,164.3710,164.3710,122.8100,122.8100,1.3384,41.5610,0.0000,194.68,260.57,analytical
Llama-2-70b-hf,a100,128,64,122.8100,122.8100,122.8100,122.8100,1.0000,0.0000,0.0000,521.13,521.13,analytical
Llama-2-70b-hf,a100,128,128,122.8100,122.8100,122.8100,122.8100,1.0000,0.0000,0.0000,1042.26,1042.26,analytical
Llama-2-70b-hf,a100,256,4,811.15,895.03,191.13,214.88,4.244,2720.62,0.0,8.94,37.27,simulated
Llama-2-70b-hf,a100,256,8,889.6436,889.6436,122.8100,122.8100,7.2441,766.8336,0.0000,8.99,65.14,analytical
Llama-2-70b-hf,a100,256,16,887.6400,887.6400,122.8100,122.8100,7.2278,764.8300,0.0000,18.03,130.28,analytical
Llama-2-70b-hf,a100,256,32,208.7897,208.7897,122.8100,122.8100,1.7001,85.9797,0.0000,153.26,260.57,analytical
Llama-2-70b-hf,a100,256,64,122.8100,122.8100,122.8100,122.8100,1.0000,0.0000,0.0000,521.13,521.13,analytical
Llama-2-70b-hf,a100,256,128,122.8100,122.8100,122.8100,122.8100,1.0000,0.0000,0.0000,1042.26,1042.26,analytical
Llama-2-70b-hf,a100,512,4,1600.5850,1785.7686,191.1300,213.2433,8.3743,1409.4550,0.0000,2.50,20.93,analytical
Llama-2-70b-hf,a100,512,8,1755.4321,1755.4321,122.8100,122.8100,14.2939,1632.6221,0.0000,4.56,65.14,analytical
Llama-2-70b-hf,a100,512,16,1751.0000,1751.0000,122.8100,122.8100,14.2578,1628.1900,0.0000,9.14,130.28,analytical
Llama-2-70b-hf,a100,512,32,297.6273,297.6273,122.8100,122.8100,2.4235,174.8173,0.0000,107.52,260.57,analytical
Llama-2-70b-hf,a100,512,64,122.8100,122.8100,122.8100,122.8100,1.0000,0.0000,0.0000,521.13,521.13,analytical
Llama-2-70b-hf,a100,512,128,122.8100,122.8100,122.8100,122.8100,1.0000,0.0000,0.0000,1042.26,1042.26,analytical
Llama-2-70b-hf,a40,4,4,524.8,589.87,525.76,590.96,0.998,0.0,0.0,13.57,13.54,simulated
Llama-2-70b-hf,a40,4,8,336.73,336.73,337.36,337.36,0.998,0.0,0.0,23.78,23.73,simulated
Llama-2-70b-hf,a40,4,16,336.75,336.75,336.75,336.75,1.0,0.0,0.0,23.77,23.77,simulated
Llama-2-70b-hf,a40,4,32,336.75,336.75,336.69,336.69,1.0,0.0,0.0,23.77,23.78,simulated
Llama-2-70b-hf,a40,4,64,336.75,336.75,336.75,336.75,1.0,0.0,0.0,23.77,23.77,simulated
Llama-2-70b-hf,a40,4,128,336.75,336.75,336.75,336.75,1.0,0.0,0.0,23.77,23.77,simulated
Llama-2-70b-hf,a40,8,4,524.74,589.81,524.74,589.81,1.0,0.0,0.0,13.57,13.57,simulated
Llama-2-70b-hf,a40,8,8,336.67,336.67,336.67,336.67,1.0,0.0,0.0,23.78,23.78,simulated
Llama-2-70b-hf,a40,8,16,336.67,336.67,336.67,336.67,1.0,0.0,0.0,23.78,23.78,simulated
Llama-2-70b-hf,a40,8,32,336.67,336.67,336.67,336.67,1.0,0.0,0.0,23.78,23.78,simulated
Llama-2-70b-hf,a40,8,64,336.67,336.67,336.67,336.67,1.0,0.0,0.0,23.78,23.78,simulated
Llama-2-70b-hf,a40,8,128,336.67,336.67,336.67,336.67,1.0,0.0,0.0,23.78,23.78,simulated
Llama-2-70b-hf,a40,16,4,524.72,589.78,524.72,589.78,1.0,0.0,0.0,13.57,13.57,simulated
Llama-2-70b-hf,a40,16,8,336.71,336.71,336.71,336.71,1.0,0.0,0.0,23.78,23.78,simulated
Llama-2-70b-hf,a40,16,16,336.71,336.71,336.71,336.71,1.0,0.0,0.0,23.78,23.78,simulated
Llama-2-70b-hf,a40,16,32,336.71,336.71,336.71,336.71,1.0,0.0,0.0,23.78,23.78,simulated
Llama-2-70b-hf,a40,16,64,336.71,336.71,336.71,336.71,1.0,0.0,0.0,23.78,23.78,simulated
Llama-2-70b-hf,a40,16,128,336.6700,336.6700,336.6700,336.6700,1.0000,0.0000,0.0000,380.19,380.19,analytical
Llama-2-70b-hf,a40,32,4,524.72,589.78,524.72,589.78,1.0,0.0,0.0,13.57,13.57,simulated
Llama-2-70b-hf,a40,32,8,336.71,336.71,336.71,336.71,1.0,0.0,0.0,23.78,23.78,simulated
Llama-2-70b-hf,a40,32,16,336.71,336.71,336.71,336.71,1.0,0.0,0.0,23.78,23.78,simulated
Llama-2-70b-hf,a40,32,32,336.71,336.71,336.71,336.71,1.0,0.0,0.0,23.78,23.78,simulated
Llama-2-70b-hf,a40,32,64,336.7100,336.7100,336.7100,336.7100,1.0000,0.0000,0.0000,190.07,190.07,analytical
Llama-2-70b-hf,a40,32,128,336.6700,336.6700,336.6700,336.6700,1.0000,0.0000,0.0000,380.19,380.19,analytical
Llama-2-70b-hf,a40,64,4,524.72,589.78,524.72,589.78,1.0,0.0,0.0,13.57,13.57,simulated
Llama-2-70b-hf,a40,64,8,336.71,336.71,336.71,336.71,1.0,0.0,0.0,23.78,23.78,simulated
Llama-2-70b-hf,a40,64,16,336.71,336.71,336.71,336.71,1.0,0.0,0.0,23.78,23.78,simulated
Llama-2-70b-hf,a40,64,32,336.7100,336.7100,336.7100,336.7100,1.0000,0.0000,0.0000,95.04,95.04,analytical
Llama-2-70b-hf,a40,64,64,336.7100,336.7100,336.7100,336.7100,1.0000,0.0000,0.0000,190.07,190.07,analytical
Llama-2-70b-hf,a40,64,128,336.6700,336.6700,336.6700,336.6700,1.0000,0.0000,0.0000,380.19,380.19,analytical
Llama-2-70b-hf,a40,128,4,524.72,589.78,524.72,589.78,1.0,0.0,0.0,13.57,13.57,simulated
Llama-2-70b-hf,a40,128,8,497.53,497.53,336.71,336.71,1.478,643.28,0.0,16.09,23.78,simulated
Llama-2-70b-hf,a40,128,16,336.7100,336.7100,336.7100,336.7100,1.0000,0.0000,0.0000,47.52,47.52,analytical
Llama-2-70b-hf,a40,128,32,336.7100,336.7100,336.7100,336.7100,1.0000,0.0000,0.0000,95.04,95.04,analytical
Llama-2-70b-hf,a40,128,64,336.7100,336.7100,336.7100,336.7100,1.0000,0.0000,0.0000,190.07,190.07,analytical
Llama-2-70b-hf,a40,128,128,336.6700,336.6700,336.6700,336.6700,1.0000,0.0000,0.0000,380.19,380.19,analytical
Llama-2-70b-hf,a40,256,4,847.03,930.92,524.72,589.78,1.614,1364.53,0.0,8.6,13.57,simulated
Llama-2-70b-hf,a40,256,8,626.4684,626.4684,336.7100,336.7100,1.8606,289.7584,0.0000,12.77,23.76,analytical
Llama-2-70b-hf,a40,256,16,336.7100,336.7100,336.7100,336.7100,1.0000,0.0000,0.0000,47.52,47.52,analytical
Llama-2-70b-hf,a40,256,32,336.7100,336.7100,336.7100,336.7100,1.0000,0.0000,0.0000,95.04,95.04,analytical
Llama-2-70b-hf,a40,256,64,336.7100,336.7100,336.7100,336.7100,1.0000,0.0000,0.0000,190.07,190.07,analytical
Llama-2-70b-hf,a40,256,128,336.6700,336.6700,336.6700,336.6700,1.0000,0.0000,0.0000,380.19,380.19,analytical
Llama-2-70b-hf,a40,512,4,1085.0642,1215.7360,524.7200,587.9109,2.0679,560.3442,0.0000,3.69,7.62,analytical
Llama-2-70b-hf,a40,512,8,941.0354,941.0354,336.7100,336.7100,2.7948,604.3254,0.0000,8.50,23.76,analytical
Llama-2-70b-hf,a40,512,16,336.7100,336.7100,336.7100,336.7100,1.0000,0.0000,0.0000,47.52,47.52,analytical
Llama-2-70b-hf,a40,512,32,336.7100,336.7100,336.7100,336.7100,1.0000,0.0000,0.0000,95.04,95.04,analytical
Llama-2-70b-hf,a40,512,64,336.7100,336.7100,336.7100,336.7100,1.0000,0.0000,0.0000,190.07,190.07,analytical
Llama-2-70b-hf,a40,512,128,336.6700,336.6700,336.6700,336.6700,1.0000,0.0000,0.0000,380.19,380.19,analytical
Llama-2-70b-hf,h100,4,4,103.9,116.77,103.51,116.33,1.004,0.0,0.0,68.66,68.92,simulated
Llama-2-70b-hf,h100,4,8,66.6,66.6,66.72,66.72,0.998,0.0,0.0,120.57,120.37,simulated
Llama-2-70b-hf,h100,4,16,66.73,66.73,66.73,66.73,1.0,0.0,0.0,120.35,120.34,simulated
Llama-2-70b-hf,h100,4,32,66.73,66.73,66.73,66.73,1.0,0.0,0.0,120.34,120.35,simulated
Llama-2-70b-hf,h100,4,64,66.73,66.73,66.73,66.73,1.0,0.0,0.0,120.34,120.34,simulated
Llama-2-70b-hf,h100,4,128,66.73,66.73,66.73,66.73,1.0,0.0,0.0,120.34,120.34,simulated
Llama-2-70b-hf,h100,8,4,103.74,116.59,103.74,116.59,1.0,0.0,0.0,68.76,68.76,simulated
Llama-2-70b-hf,h100,8,8,66.74,66.74,66.74,66.74,1.0,0.0,0.0,120.32,120.32,simulated
Llama-2-70b-hf,h100,8,16,66.74,66.74,66.74,66.74,1.0,0.0,0.0,120.32,120.32,simulated
Llama-2-70b-hf,h100,8,32,66.74,66.74,66.74,66.74,1.0,0.0,0.0,120.32,120.32,simulated
Llama-2-70b-hf,h100,8,64,66.74,66.74,66.74,66.74,1.0,0.0,0.0,120.32,120.32,simulated
Llama-2-70b-hf,h100,8,128,66.74,66.74,66.74,66.74,1.0,0.0,0.0,120.32,120.32,simulated
Llama-2-70b-hf,h100,16,4,103.74,116.59,103.74,116.59,1.0,0.0,0.0,68.76,68.76,simulated
Llama-2-70b-hf,h100,16,8,68.21,68.21,66.74,66.74,1.022,5.88,0.0,117.72,120.32,simulated
Llama-2-70b-hf,h100,16,16,68.21,68.21,66.74,66.74,1.022,5.88,0.0,117.72,120.32,simulated
Llama-2-70b-hf,h100,16,32,68.21,68.21,66.74,66.74,1.022,5.88,0.0,117.72,120.32,simulated
Llama-2-70b-hf,h100,16,64,68.21,68.21,66.74,66.74,1.022,5.88,0.0,117.72,120.32,simulated
Llama-2-70b-hf,h100,16,128,66.7600,66.7600,66.7400,66.7400,1.0003,0.0200,0.0000,1917.32,1917.89,analytical
Llama-2-70b-hf,h100,32,4,110.74,123.6,103.74,116.59,1.067,28.02,0.0,64.86,68.76,simulated
Llama-2-70b-hf,h100,32,8,121.22,121.22,66.74,66.74,1.816,217.89,0.0,66.14,120.32,simulated
Llama-2-70b-hf,h100,32,16,121.22,121.22,66.74,66.74,1.816,217.89,0.0,66.14,120.32,simulated
Llama-2-70b-hf,h100,32,32,121.22,121.22,66.74,66.74,1.816,217.89,0.0,66.14,120.32,simulated
Llama-2-70b-hf,h100,32,64,70.2179,70.2179,66.7400,66.7400,1.0521,3.4779,0.0000,911.45,958.95,analytical
Llama-2-70b-hf,h100,32,128,66.8000,66.8000,66.7400,66.7400,1.0009,0.0600,0.0000,1916.17,1917.89,analytical
Llama-2-70b-hf,h100,64,4,208.6,229.58,103.74,116.59,2.011,451.94,0.0,34.89,68.76,simulated
Llama-2-70b-hf,h100,64,8,229.56,229.56,66.74,66.74,3.44,651.26,0.0,34.89,120.32,simulated
Llama-2-70b-hf,h100,64,16,229.56,229.56,66.74,66.74,3.44,651.26,0.0,34.89,120.32,simulated
Llama-2-70b-hf,h100,64,32,227.2400,227.2400,66.7400,66.7400,3.4049,160.5000,0.0000,140.82,479.47,analytical
Llama-2-70b-hf,h100,64,64,74.4407,74.4407,66.7400,66.7400,1.1154,7.7007,0.0000,859.74,958.95,analytical
Llama-2-70b-hf,h100,64,128,66.8800,66.8800,66.7400,66.7400,1.0021,0.1400,0.0000,1913.88,1917.89,analytical
Llama-2-70b-hf,h100,128,4,405.74,447.68,103.74,116.59,3.911,1324.37,0.0,17.88,68.76,simulated
Llama-2-70b-hf,h100,128,8,447.67,447.67,66.74,66.74,6.708,1523.69,0.0,17.88,120.32,simulated
Llama-2-70b-hf,h100,128,16,444.7486,444.7486,66.7400,66.7400,6.6639,378.0086,0.0000,35.98,239.74,analytical
Llama-2-70b-hf,h100,128,32,439.2800,439.2800,66.7400,66.7400,6.5820,372.5400,0.0000,72.85,479.47,analytical
Llama-2-70b-hf,h100,128,64,82.8864,82.8864,66.7400,66.7400,1.2419,16.1464,0.0000,772.14,958.95,analytical
Llama-2-70b-hf,h100,128,128,67.0400,67.0400,66.7400,66.7400,1.0045,0.3000,0.0000,1909.31,1917.89,analytical
Llama-2-70b-hf,h100,256,4,811.15,895.03,103.74,116.59,7.819,3113.76,0.0,8.94,68.76,simulated
Llama-2-70b-hf,h100,256,8,881.4778,881.4778,66.7400,66.7400,13.2076,814.7378,0.0000,9.08,119.87,analytical
Llama-2-70b-hf,h100,256,16,875.4571,875.4571,66.7400,66.7400,13.1174,808.7171,0.0000,18.28,239.74,analytical
Llama-2-70b-hf,h100,256,32,863.3600,863.3600,66.7400,66.7400,12.9362,796.6200,0.0000,37.06,479.47,analytical
Llama-2-70b-hf,h100,256,64,99.7779,99.7779,66.7400,66.7400,1.4950,33.0379,0.0000,641.42,958.95,analytical
Llama-2-70b-hf,h100,256,128,67.3600,67.3600,66.7400,66.7400,1.0093,0.6200,0.0000,1900.24,1917.89,analytical
Llama-2-70b-hf,h100,512,4,1610.8630,1793.8300,103.7400,115.5231,15.5279,1507.1230,0.0000,2.48,38.56,analytical
Llama-2-70b-hf,h100,512,8,1749.8048,1749.8048,66.7400,66.7400,26.2182,1683.0648,0.0000,4.57,119.87,analytical
Llama-2-70b-hf,h100,512,16,1736.8743,1736.8743,66.7400,66.7400,26.0245,1670.1343,0.0000,9.21,239.74,analytical
Llama-2-70b-hf,h100,512,32,1711.5200,1711.5200,66.7400,66.7400,25.6446,1644.7800,0.0000,18.70,479.47,analytical
Llama-2-70b-hf,h100,512,64,133.5607,133.5607,66.7400,66.7400,2.0012,66.8207,0.0000,479.18,958.95,analytical
Llama-2-70b-hf,h100,512,128,68.0000,68.0000,66.7400,66.7400,1.0189,1.2600,0.0000,1882.35,1917.89,analytical
Llama-2-7b-hf,a100,4,4,29.75,33.04,29.75,33.04,1.0,0.0,0.0,244.02,244.02,simulated
Llama-2-7b-hf,a100,4,8,25.3,25.3,24.96,24.96,1.014,1.34,0.0,319.47,323.8,simulated
Llama-2-7b-hf,a100,4,16,25.3,25.3,24.96,24.96,1.014,1.34,0.0,319.47,323.8,simulated
Llama-2-7b-hf,a100,4,32,25.3,25.3,24.96,24.96,1.014,1.34,0.0,319.47,323.8,simulated
Llama-2-7b-hf,a100,4,64,25.3,25.3,24.96,24.96,1.014,1.34,0.0,319.47,323.8,simulated
Llama-2-7b-hf,a100,4,128,25.3,25.3,24.96,24.96,1.014,1.34,0.0,319.47,323.8,simulated
Llama-2-7b-hf,a100,8,4,42.2,46.41,29.75,33.04,1.418,53.49,0.0,173.33,244.02,simulated
Llama-2-7b-hf,a100,8,8,46.38,46.38,24.96,24.96,1.858,85.69,0.0,173.42,323.8,simulated
Llama-2-7b-hf,a100,8,16,46.38,46.38,24.96,24.96,1.858,85.69,0.0,173.42,323.8,simulated
Llama-2-7b-hf,a100,8,32,46.38,46.38,24.96,24.96,1.858,85.69,0.0,173.42,323.8,simulated
Llama-2-7b-hf,a100,8,64,46.38,46.38,24.96,24.96,1.858,85.69,0.0,173.42,323.8,simulated
Llama-2-7b-hf,a100,8,128,50.6000,50.6000,24.9600,24.9600,2.0272,25.6400,0.0000,2529.64,5128.21,analytical
Llama-2-7b-hf,a100,16,4,81.45,89.85,29.75,33.04,2.738,227.25,0.0,89.29,244.02,simulated
Llama-2-7b-hf,a100,16,8,89.83,89.83,24.96,24.96,3.599,259.46,0.0,89.31,323.8,simulated
Llama-2-7b-hf,a100,16,16,89.83,89.83,24.96,24.96,3.599,259.46,0.0,89.31,323.8,simulated
Llama-2-7b-hf,a100,16,32,89.83,89.83,24.96,24.96,3.599,259.46,0.0,89.31,323.8,simulated
Llama-2-7b-hf,a100,16,64,88.5400,88.5400,24.9600,24.9600,3.5473,63.5800,0.0000,722.84,2564.10,analytical
Llama-2-7b-hf,a100,16,128,101.2000,101.2000,24.9600,24.9600,4.0545,76.2400,0.0000,1264.82,5128.21,analytical
Llama-2-7b-hf,a100,32,4,162.53,179.33,29.75,33.04,5.463,585.15,0.0,44.68,244.02,simulated
Llama-2-7b-hf,a100,32,8,179.3,179.3,24.96,24.96,7.183,617.35,0.0,44.68,323.8,simulated
Llama-2-7b-hf,a100,32,16,179.3,179.3,24.96,24.96,7.183,617.35,0.0,44.68,323.8,simulated
Llama-2-7b-hf,a100,32,32,175.9007,175.9007,24.9600,24.9600,7.0473,150.9407,0.0000,181.92,1282.05,analytical
Llama-2-7b-hf,a100,32,64,172.8600,172.8600,24.9600,24.9600,6.9255,147.9000,0.0000,370.24,2564.10,analytical
Llama-2-7b-hf,a100,32,128,202.4000,202.4000,24.9600,24.9600,8.1090,177.4400,0.0000,632.41,5128.21,analytical
Llama-2-7b-hf,a100,64,4,324.7,358.27,34.35,37.71,9.453,1300.93,18.69,22.35,213.58,simulated
Llama-2-7b-hf,a100,64,8,358.25,358.25,37.69,37.69,9.505,1333.13,50.89,22.35,213.73,simulated
Llama-2-7b-hf,a100,64,16,355.2319,355.2319,24.9600,24.9600,14.2320,330.2719,0.0000,45.04,641.03,analytical
Llama-2-7b-hf,a100,64,32,348.2264,348.2264,24.9600,24.9600,13.9514,323.2664,0.0000,91.89,1282.05,analytical
Llama-2-7b-hf,a100,64,64,341.5000,341.5000,24.9600,24.9600,13.6819,316.5400,0.0000,187.41,2564.10,analytical
Llama-2-7b-hf,a100,64,128,404.8000,404.8000,24.9600,24.9600,16.2179,379.8400,0.0000,316.21,5128.21,analytical
Llama-2-7b-hf,a100,128,4,649.04,716.16,65.62,72.33,9.891,2732.5,157.17,11.17,110.99,simulated
Llama-2-7b-hf,a100,128,8,713.6553,713.6553,37.6900,37.6900,18.9349,675.9653,0.0000,11.21,212.26,analytical
Llama-2-7b-hf,a100,128,16,707.9234,707.9234,24.9600,24.9600,28.3623,682.9634,0.0000,22.60,641.03,analytical
Llama-2-7b-hf,a100,128,32,692.8779,692.8779,24.9600,24.9600,27.7595,667.9179,0.0000,46.18,1282.05,analytical
Llama-2-7b-hf,a100,128,64,678.7800,678.7800,24.9600,24.9600,27.1947,653.8200,0.0000,94.29,2564.10,analytical
Llama-2-7b-hf,a100,128,128,809.6000,809.6000,24.9600,24.9600,32.4359,784.6400,0.0000,158.10,5128.21,analytical
Llama-2-7b-hf,a100,256,4,1296.8070,1431.5992,128.1600,141.4812,10.1187,1231.1870,62.5400,3.08,31.21,analytical
Llama-2-7b-hf,a100,256,8,1425.3990,1425.3990,37.6900,37.6900,37.8190,1387.7090,0.0000,5.61,212.26,analytical
Llama-2-7b-hf,a100,256,16,1413.3063,1413.3063,24.9600,24.9600,56.6229,1388.3463,0.0000,11.32,641.03,analytical
Llama-2-7b-hf,a100,256,32,1382.1807,1382.1807,24.9600,24.9600,55.3758,1357.2207,0.0000,23.15,1282.05,analytical
Llama-2-7b-hf,a100,256,64,1353.3400,1353.3400,24.9600,24.9600,54.2204,1328.3800,0.0000,47.29,2564.10,analytical
Llama-2-7b-hf,a100,256,128,1619.2000,1619.2000,24.9600,24.9600,64.8718,1594.2400,0.0000,79.05,5128.21,analytical
Llama-2-7b-hf,a100,512,4,2592.7115,2862.2021,253.2400,279.5622,10.2382,2527.0915,187.6200,1.54,15.80,analytical
Llama-2-7b-hf,a100,512,8,2848.8863,2848.8863,37.6900,37.6900,75.5873,2811.1963,0.0000,2.81,212.26,analytical
Llama-2-7b-hf,a100,512,16,2824.0723,2824.0723,24.9600,24.9600,113.1439,2799.1123,0.0000,5.67,641.03,analytical
Llama-2-7b-hf,a100,512,32,2760.7864,2760.7864,24.9600,24.9600,110.6084,2735.8264,0.0000,11.59,1282.05,analytical
Llama-2-7b-hf,a100,512,64,2702.4600,2702.4600,24.9600,24.9600,108.2716,2677.5000,0.0000,23.68,2564.10,analytical
Llama-2-7b-hf,a100,512,128,3238.4000,3238.4000,24.9600,24.9600,129.7436,3213.4400,0.0000,39.53,5128.21,analytical
Llama-2-7b-hf,a40,4,4,74.69,84.02,74.65,83.97,1.001,0.0,0.0,95.51,95.57,simulated
Llama-2-7b-hf,a40,4,8,61.14,61.14,61.16,61.16,1.0,0.0,0.0,131.4,131.34,simulated
Llama-2-7b-hf,a40,4,16,61.14,61.14,61.17,61.17,1.0,0.0,0.0,131.4,131.32,simulated
Llama-2-7b-hf,a40,4,32,61.15,61.15,61.15,61.15,1.0,0.0,0.0,131.37,131.37,simulated
Llama-2-7b-hf,a40,4,64,61.14,61.14,61.15,61.15,1.0,0.0,0.0,131.4,131.37,simulated
Llama-2-7b-hf,a40,4,128,61.14,61.14,61.14,61.14,1.0,0.0,0.0,131.4,131.4,simulated
Llama-2-7b-hf,a40,8,4,74.64,83.97,74.64,83.97,1.0,0.0,0.0,95.56,95.56,simulated
Llama-2-7b-hf,a40,8,8,61.14,61.14,61.14,61.14,1.0,0.0,0.0,131.4,131.4,simulated
Llama-2-7b-hf,a40,8,16,61.14,61.14,61.14,61.14,1.0,0.0,0.0,131.4,131.4,simulated
Llama-2-7b-hf,a40,8,32,61.14,61.14,61.14,61.14,1.0,0.0,0.0,131.4,131.4,simulated
Llama-2-7b-hf,a40,8,64,61.14,61.14,61.14,61.14,1.0,0.0,0.0,131.4,131.4,simulated
Llama-2-7b-hf,a40,8,128,61.1400,61.1400,61.1400,61.1400,1.0000,0.0000,0.0000,2093.56,2093.56,analytical
Llama-2-7b-hf,a40,16,4,85.64,94.96,74.64,83.97,1.147,43.98,0.0,84.47,95.56,simulated
Llama-2-7b-hf,a40,16,8,94.02,94.02,61.14,61.14,1.538,131.51,0.0,85.32,131.4,simulated
Llama-2-7b-hf,a40,16,16,94.02,94.02,61.14,61.14,1.538,131.51,0.0,85.32,131.4,simulated
Llama-2-7b-hf,a40,16,32,94.02,94.02,61.14,61.14,1.538,131.51,0.0,85.32,131.4,simulated
Llama-2-7b-hf,a40,16,64,61.1400,61.1400,61.1400,61.1400,1.0000,0.0000,0.0000,1046.78,1046.78,analytical
Llama-2-7b-hf,a40,16,128,61.1400,61.1400,61.1400,61.1400,1.0000,0.0000,0.0000,2093.56,2093.56,analytical
Llama-2-7b-hf,a40,32,4,163.93,180.72,74.64,83.97,2.196,387.0,0.0,44.33,95.56,simulated
Llama-2-7b-hf,a40,32,8,180.69,180.69,61.14,61.14,2.955,478.21,0.0,44.34,131.4,simulated
Llama-2-7b-hf,a40,32,16,180.69,180.69,61.14,61.14,2.955,478.21,0.0,44.34,131.4,simulated
Llama-2-7b-hf,a40,32,32,138.6300,138.6300,61.1400,61.1400,2.2674,77.4900,0.0000,230.83,523.39,analytical
Llama-2-7b-hf,a40,32,64,61.1400,61.1400,61.1400,61.1400,1.0000,0.0000,0.0000,1046.78,1046.78,analytical
Llama-2-7b-hf,a40,32,128,61.1400,61.1400,61.1400,61.1400,1.0000,0.0000,0.0000,2093.56,2093.56,analytical
Llama-2-7b-hf,a40,64,4,324.7,358.27,74.64,83.97,4.35,1097.21,0.0,22.35,95.56,simulated
Llama-2-7b-hf,a40,64,8,358.25,358.25,61.14,61.14,5.86,1188.42,0.0,22.35,131.4,simulated
Llama-2-7b-hf,a40,64,16,354.0300,354.0300,61.1400,61.1400,5.7905,292.8900,0.0000,45.19,261.69,analytical
Llama-2-7b-hf,a40,64,32,232.5500,232.5500,61.1400,61.1400,3.8036,171.4100,0.0000,137.60,523.39,analytical
Llama-2-7b-hf,a40,64,64,61.1400,61.1400,61.1400,61.1400,1.0000,0.0000,0.0000,1046.78,1046.78,analytical
Llama-2-7b-hf,a40,64,128,61.1400,61.1400,61.1400,61.1400,1.0000,0.0000,0.0000,2093.56,2093.56,analytical
Llama-2-7b-hf,a40,128,4,649.04,716.16,74.64,83.97,8.696,2528.78,0.0,11.17,95.56,simulated
Llama-2-7b-hf,a40,128,8,710.6571,710.6571,61.1400,61.1400,11.6234,649.5171,0.0000,11.26,130.85,analytical
Llama-2-7b-hf,a40,128,16,700.7100,700.7100,61.1400,61.1400,11.4607,639.5700,0.0000,22.83,261.69,analytical
Llama-2-7b-hf,a40,128,32,420.3900,420.3900,61.1400,61.1400,6.8759,359.2500,0.0000,76.12,523.39,analytical
Llama-2-7b-hf,a40,128,64,61.1400,61.1400,61.1400,61.1400,1.0000,0.0000,0.0000,1046.78,1046.78,analytical
Llama-2-7b-hf,a40,128,128,61.1400,61.1400,61.1400,61.1400,1.0000,0.0000,0.0000,2093.56,2093.56,analytical
Llama-2-7b-hf,a40,256,4,1293.1594,1437.1242,74.6400,82.9495,17.3253,1218.5194,0.0000,3.09,53.59,analytical
Llama-2-7b-hf,a40,256,8,1416.0743,1416.0743,61.1400,61.1400,23.1612,1354.9343,0.0000,5.65,130.85,analytical
Llama-2-7b-hf,a40,256,16,1394.0700,1394.0700,61.1400,61.1400,22.8013,1332.9300,0.0000,11.48,261.69,analytical
Llama-2-7b-hf,a40,256,32,796.0700,796.0700,61.1400,61.1400,13.0204,734.9300,0.0000,40.20,523.39,analytical
Llama-2-7b-hf,a40,256,64,61.1400,61.1400,61.1400,61.1400,1.0000,0.0000,0.0000,1046.78,1046.78,analytical
Llama-2-7b-hf,a40,256,128,61.1400,61.1400,61.1400,61.1400,1.0000,0.0000,0.0000,2093.56,2093.56,analytical
Llama-2-7b-hf,a40,512,4,2582.7357,2870.2664,74.6400,82.9495,34.6026,2508.0957,0.0000,1.55,53.59,analytical
Llama-2-7b-hf,a40,512,8,2826.9086,2826.9086,61.1400,61.1400,46.2366,2765.7686,0.0000,2.83,130.85,analytical
Llama-2-7b-hf,a40,512,16,2780.7900,2780.7900,61.1400,61.1400,45.4823,2719.6500,0.0000,5.75,261.69,analytical
Llama-2-7b-hf,a40,512,32,1547.4300,1547.4300,61.1400,61.1400,25.3096,1486.2900,0.0000,20.68,523.39,analytical
Llama-2-7b-hf,a40,512,64,61.1400,61.1400,61.1400,61.1400,1.0000,0.0000,0.0000,1046.78,1046.78,analytical
Llama-2-7b-hf,a40,512,128,61.1400,61.1400,61.1400,61.1400,1.0000,0.0000,0.0000,2093.56,2093.56,analytical
Llama-2-7b-hf,h100,4,4,21.58,23.69,17.13,19.18,1.26,18.08,0.0,341.36,422.69,simulated
Llama-2-7b-hf,h100,4,8,23.67,23.67,12.85,12.85,1.842,43.26,0.0,341.73,635.3,simulated
Llama-2-7b-hf,h100,4,16,23.67,23.67,12.84,12.84,1.843,43.27,0.0,341.73,635.64,simulated
Llama-2-7b-hf,h100,4,32,23.67,23.67,12.85,12.85,1.842,43.27,0.0,341.73,635.36,simulated
Llama-2-7b-hf,h100,4,64,23.67,23.67,12.85,12.85,1.842,43.26,0.0,341.73,635.17,simulated
Llama-2-7b-hf,h100,4,128,23.67,23.67,12.85,12.85,1.842,43.28,0.0,341.73,635.36,simulated
Llama-2-7b-hf,h100,8,4,41.15,45.36,17.12,19.18,2.404,104.74,0.0,177.36,422.81,simulated
Llama-2-7b-hf,h100,8,8,45.33,45.33,12.85,12.85,3.528,129.95,0.0,177.46,635.36,simulated
Llama-2-7b-hf,h100,8,16,45.33,45.33,12.85,12.85,3.528,129.95,0.0,177.46,635.36,simulated
Llama-2-7b-hf,h100,8,32,45.33,45.33,12.85,12.85,3.528,129.95,0.0,177.46,635.36,simulated
Llama-2-7b-hf,h100,8,64,45.33,45.33,12.85,12.85,3.528,129.95,0.0,177.46,635.36,simulated
Llama-2-7b-hf,h100,8,128,47.3400,47.3400,12.8500,12.8500,3.6840,34.4900,0.0000,2703.84,9961.09,analytical
Llama-2-7b-hf,h100,16,4,81.45,89.85,17.12,19.18,4.758,282.7,0.0,89.29,422.81,simulated
Llama-2-7b-hf,h100,16,8,89.83,89.83,12.85,12.85,6.991,307.92,0.0,89.31,635.36,simulated
Llama-2-7b-hf,h100,16,16,89.83,89.83,12.85,12.85,6.991,307.92,0.0,89.31,635.36,simulated
Llama-2-7b-hf,h100,16,32,89.83,89.83,12.85,12.85,6.991,307.92,0.0,89.31,635.36,simulated
Llama-2-7b-hf,h100,16,64,88.6500,88.6500,12.8500,12.8500,6.8988,75.8000,0.0000,721.94,4980.54,analytical
Llama-2-7b-hf,h100,16,128,94.6800,94.6800,12.8500,12.8500,7.3681,81.8300,0.0000,1351.92,9961.09,analytical
Llama-2-7b-hf,h100,32,4,162.53,179.33,17.62,19.68,9.224,640.6,2.0,44.68,411.93,simulated
Llama-2-7b-hf,h100,32,8,179.3,179.3,19.28,19.28,9.3,665.81,25.75,44.68,420.44,simulated
Llama-2-7b-hf,h100,32,16,179.3,179.3,19.28,19.28,9.3,665.81,25.75,44.68,420.44,simulated
Llama-2-7b-hf,h100,32,32,178.0714,178.0714,12.8500,12.8500,13.8577,165.2214,0.0000,179.70,2490.27,analytical
Llama-2-7b-hf,h100,32,64,175.2900,175.2900,12.8500,12.8500,13.6412,162.4400,0.0000,365.11,4980.54,analytical
Llama-2-7b-hf,h100,32,128,189.3600,189.3600,12.8500,12.8500,14.7362,176.5100,0.0000,675.96,9961.09,analytical
Llama-2-7b-hf,h100,64,4,324.7,358.27,33.3,36.66,9.751,1356.38,69.94,22.35,219.74,simulated
Llama-2-7b-hf,h100,64,8,358.25,358.25,36.64,36.64,9.778,1381.59,95.15,22.35,219.9,simulated
Llama-2-7b-hf,h100,64,16,357.2548,357.2548,19.2800,19.2800,18.5298,337.9748,0.0000,44.79,829.88,analytical
Llama-2-7b-hf,h100,64,32,354.7229,354.7229,12.8500,12.8500,27.6049,341.8729,0.0000,90.21,2490.27,analytical
Llama-2-7b-hf,h100,64,64,348.5700,348.5700,12.8500,12.8500,27.1261,335.7200,0.0000,183.61,4980.54,analytical
Llama-2-7b-hf,h100,64,128,378.7200,378.7200,12.8500,12.8500,29.4724,365.8700,0.0000,337.98,9961.09,analytical
Llama-2-7b-hf,h100,128,4,649.04,716.16,65.16,71.87,9.961,2787.95,210.79,11.17,111.7,simulated
Llama-2-7b-hf,h100,128,8,715.3536,715.3536,71.3600,71.3600,10.0246,678.7136,34.7200,11.18,112.11,analytical
Llama-2-7b-hf,h100,128,16,713.4635,713.4635,19.2800,19.2800,37.0054,694.1835,0.0000,22.43,829.88,analytical
Llama-2-7b-hf,h100,128,32,708.0257,708.0257,12.8500,12.8500,55.0993,695.1757,0.0000,45.20,2490.27,analytical
Llama-2-7b-hf,h100,128,64,695.1300,695.1300,12.8500,12.8500,54.0957,682.2800,0.0000,92.07,4980.54,analytical
Llama-2-7b-hf,h100,128,128,757.4400,757.4400,12.8500,12.8500,58.9447,744.5900,0.0000,168.99,9961.09,analytical
Llama-2-7b-hf,h100,256,4,1297.0723,1429.6726,128.8800,142.0555,10.0642,1231.9123,63.7200,3.08,31.04,analytical
Llama-2-7b-hf,h100,256,8,1429.8684,1429.8684,140.8000,140.8000,10.1553,1393.2284,104.1600,5.59,56.82,analytical
Llama-2-7b-hf,h100,256,16,1425.8809,1425.8809,19.2800,19.2800,73.9565,1406.6009,0.0000,11.22,829.88,analytical
Llama-2-7b-hf,h100,256,32,1414.6314,1414.6314,12.8500,12.8500,110.0880,1401.7814,0.0000,22.62,2490.27,analytical
Llama-2-7b-hf,h100,256,64,1388.2500,1388.2500,12.8500,12.8500,108.0350,1375.4000,0.0000,46.10,4980.54,analytical
Llama-2-7b-hf,h100,256,128,1514.8800,1514.8800,12.8500,12.8500,117.8895,1502.0300,0.0000,84.50,9961.09,analytical
Llama-2-7b-hf,h100,512,4,2593.4180,2858.5443,256.3200,282.5237,10.1179,2528.2580,191.1600,1.54,15.61,analytical
Llama-2-7b-hf,h100,512,8,2858.8981,2858.8981,279.6800,279.6800,10.2220,2822.2581,243.0400,2.80,28.60,analytical
Llama-2-7b-hf,h100,512,16,2850.7157,2850.7157,19.2800,19.2800,147.8587,2831.4357,0.0000,5.61,829.88,analytical
Llama-2-7b-hf,h100,512,32,2827.8429,2827.8429,12.8500,12.8500,220.0656,2814.9929,0.0000,11.32,2490.27,analytical
Llama-2-7b-hf,h100,512,64,2774.4900,2774.4900,12.8500,12.8500,215.9136,2761.6400,0.0000,23.07,4980.54,analytical
Llama-2-7b-hf,h100,512,128,3029.7600,3029.7600,12.8500,12.8500,235.7790,3016.9100,0.0000,42.25,9961.09,analytical
Meta-Llama-3-70B,a100,4,4,192.57,216.44,192.56,216.43,1.0,0.0,0.0,37.0,37.01,simulated
Meta-Llama-3-70B,a100,4,8,123.57,123.57,123.54,123.54,1.0,0.0,0.0,64.87,64.89,simulated
Meta-Llama-3-70B,a100,4,16,123.53,123.53,123.54,123.54,1.0,0.0,0.0,64.89,64.89,simulated
Meta-Llama-3-70B,a100,4,32,123.55,123.55,123.55,123.55,1.0,0.0,0.0,64.89,64.89,simulated
Meta-Llama-3-70B,a100,4,64,123.53,123.53,123.54,123.54,1.0,0.0,0.0,64.89,64.89,simulated
Meta-Llama-3-70B,a100,4,128,123.55,123.55,123.53,123.53,1.0,0.0,0.0,64.89,64.89,simulated
Meta-Llama-3-70B,a100,8,4,198.79,223.33,198.79,223.33,1.0,0.0,0.0,35.86,35.86,simulated
Meta-Llama-3-70B,a100,8,8,130.37,130.37,130.37,130.37,1.0,0.0,0.0,61.48,61.48,simulated
Meta-Llama-3-70B,a100,8,16,130.37,130.37,130.37,130.37,1.0,0.0,0.0,61.48,61.48,simulated
Meta-Llama-3-70B,a100,8,32,130.37,130.37,130.37,130.37,1.0,0.0,0.0,61.48,61.48,simulated
Meta-Llama-3-70B,a100,8,64,130.37,130.37,130.37,130.37,1.0,0.0,0.0,61.48,61.48,simulated
Meta-Llama-3-70B,a100,8,128,130.37,130.37,130.37,130.37,1.0,0.0,0.0,61.48,61.48,simulated
Meta-Llama-3-70B,a100,16,4,210.63,236.34,210.63,236.34,1.0,0.0,0.0,33.89,33.89,simulated
Meta-Llama-3-70B,a100,16,8,143.28,143.28,143.28,143.28,1.0,0.0,0.0,55.93,55.93,simulated
Meta-Llama-3-70B,a100,16,16,143.28,143.28,143.28,143.28,1.0,0.0,0.0,55.93,55.93,simulated
Meta-Llama-3-70B,a100,16,32,143.28,143.28,143.28,143.28,1.0,0.0,0.0,55.93,55.93,simulated
Meta-Llama-3-70B,a100,16,64,143.28,143.28,143.28,143.28,1.0,0.0,0.0,55.93,55.93,simulated
Meta-Llama-3-70B,a100,16,128,144.0100,144.0100,130.3700,130.3700,1.1046,13.6400,0.0000,888.83,981.82,analytical
Meta-Llama-3-70B,a100,32,4,210.63,236.34,210.63,236.34,1.0,0.0,0.0,33.89,33.89,simulated
Meta-Llama-3-70B,a100,32,8,143.28,143.28,143.28,143.28,1.0,0.0,0.0,55.93,55.93,simulated
Meta-Llama-3-70B,a100,32,16,143.28,143.28,143.28,143.28,1.0,0.0,0.0,55.93,55.93,simulated
Meta-Llama-3-70B,a100,32,32,143.28,143.28,143.28,143.28,1.0,0.0,0.0,55.93,55.93,simulated
Meta-Llama-3-70B,a100,32,64,169.5950,169.5950,169.1000,169.1000,1.0029,26.3150,25.8200,377.37,378.47,analytical
Meta-Llama-3-70B,a100,32,128,171.2900,171.2900,130.3700,130.3700,1.3139,40.9200,0.0000,747.27,981.82,analytical
Meta-Llama-3-70B,a100,64,4,220.02,245.73,210.63,236.34,1.045,37.56,0.0,32.59,33.89,simulated
Meta-Llama-3-70B,a100,64,8,240.98,240.98,143.28,143.28,1.682,390.82,0.0,33.23,55.93,simulated
Meta-Llama-3-70B,a100,64,16,240.98,240.98,143.28,143.28,1.682,390.82,0.0,33.23,55.93,simulated
Meta-Llama-3-70B,a100,64,32,167.8648,167.8648,159.8786,159.8786,1.0500,24.5848,16.5986,190.63,200.15,analytical
Meta-Llama-3-70B,a100,64,64,222.1150,222.1150,220.7400,220.7400,1.0062,78.8350,77.4600,288.14,289.93,analytical
Meta-Llama-3-70B,a100,64,128,225.8500,225.8500,130.3700,130.3700,1.7324,95.4800,0.0000,566.75,981.82,analytical
Meta-Llama-3-70B,a100,128,4,415.74,457.69,210.63,236.34,1.974,885.4,0.0,17.49,33.89,simulated
Meta-Llama-3-70B,a100,128,8,457.67,457.67,143.28,143.28,3.194,1257.56,0.0,17.49,55.93,simulated
Meta-Llama-3-70B,a100,128,16,349.5075,349.5075,155.1797,155.1797,2.2523,206.2275,11.8997,45.78,103.11,analytical
Meta-Llama-3-70B,a100,128,32,210.6335,210.6335,189.3871,189.3871,1.1122,67.3535,46.1071,151.92,168.97,analytical
Meta-Llama-3-70B,a100,128,64,327.1550,327.1550,324.0200,324.0200,1.0097,183.8750,180.7400,195.63,197.52,analytical
Meta-Llama-3-70B,a100,128,128,334.9700,334.9700,130.3700,130.3700,2.5694,204.6000,0.0000,382.12,981.82,analytical
Meta-Llama-3-70B,a100,256,4,811.15,895.03,210.63,236.34,3.851,2634.79,0.0,8.94,33.89,simulated
Meta-Llama-3-70B,a100,256,8,891.0500,891.0500,152.3378,152.3378,5.8492,747.7700,9.0578,8.98,52.51,analytical
Meta-Llama-3-70B,a100,256,16,589.1595,589.1595,174.9376,174.9376,3.3678,445.8795,31.6576,27.16,91.46,analytical
Meta-Llama-3-70B,a100,256,32,296.1709,296.1709,248.4043,248.4043,1.1923,152.8909,105.1243,108.05,128.82,analytical
Meta-Llama-3-70B,a100,256,64,537.2350,537.2350,530.5800,530.5800,1.0125,393.9550,387.3000,119.13,120.62,analytical
Meta-Llama-3-70B,a100,256,128,553.2100,553.2100,130.3700,130.3700,4.2434,422.8400,0.0000,231.38,981.82,analytical
Meta-Llama-3-70B,a100,512,4,1599.4179,1785.1086,210.6300,235.0839,7.5935,1388.7879,0.0000,2.50,18.99,analytical
Meta-Llama-3-70B,a100,512,8,1757.8100,1757.8100,166.7748,166.7748,10.5400,1614.5300,23.4948,4.55,47.97,analytical
Meta-Llama-3-70B,a100,512,16,1068.4636,1068.4636,214.4534,214.4534,4.9823,925.1836,71.1734,14.97,74.61,analytical
Meta-Llama-3-70B,a100,512,32,467.2457,467.2457,366.4386,366.4386,1.2751,323.9657,223.1586,68.49,87.33,analytical
Meta-Llama-3-70B,a100,512,64,957.3950,957.3950,943.7000,943.7000,1.0145,814.1150,800.4200,66.85,67.82,analytical
Meta-Llama-3-70B,a100,512,128,989.6900,989.6900,130.3700,130.3700,7.5914,859.3200,0.0000,129.33,981.82,analytical
Meta-Llama-3-70B,a40,4,4,192.46,216.31,192.44,216.29,1.0,0.0,0.0,37.03,37.03,simulated
Meta-Llama-3-70B,a40,4,8,123.55,123.55,123.48,123.48,1.001,0.0,0.0,64.88,64.92,simulated
Meta-Llama-3-70B,a40,4,16,123.54,123.54,123.54,123.54,1.0,0.0,0.0,64.89,64.89,simulated
Meta-Llama-3-70B,a40,4,32,123.55,123.55,123.54,123.54,1.0,0.0,0.0,64.89,64.89,simulated
Meta-Llama-3-70B,a40,4,64,123.54,123.54,123.54,123.54,1.0,0.0,0.0,64.89,64.89,simulated
Meta-Llama-3-70B,a40,4,128,123.54,123.54,123.54,123.54,1.0,0.0,0.0,64.89,64.89,simulated
Meta-Llama-3-70B,a40,8,4,198.78,223.32,198.78,223.32,1.0,0.0,0.0,35.86,35.86,simulated
Meta-Llama-3-70B,a40,8,8,130.4,130.4,130.4,130.4,1.0,0.0,0.0,61.47,61.47,simulated
Meta-Llama-3-70B,a40,8,16,130.4,130.4,130.4,130.4,1.0,0.0,0.0,61.47,61.47,simulated
Meta-Llama-3-70B,a40,8,32,130.4,130.4,130.4,130.4,1.0,0.0,0.0,61.47,61.47,simulated
Meta-Llama-3-70B,a40,8,64,130.4,130.4,130.4,130.4,1.0,0.0,0.0,61.47,61.47,simulated
Meta-Llama-3-70B,a40,8,128,130.4,130.4,130.4,130.4,1.0,0.0,0.0,61.47,61.47,simulated
Meta-Llama-3-70B,a40,16,4,210.61,236.31,210.61,236.31,1.0,0.0,0.0,33.89,33.89,simulated
Meta-Llama-3-70B,a40,16,8,143.3,143.3,143.3,143.3,1.0,0.0,0.0,55.93,55.93,simulated
Meta-Llama-3-70B,a40,16,16,143.3,143.3,143.3,143.3,1.0,0.0,0.0,55.93,55.93,simulated
Meta-Llama-3-70B,a40,16,32,143.3,143.3,143.3,143.3,1.0,0.0,0.0,55.93,55.93,simulated
Meta-Llama-3-70B,a40,16,64,143.3,143.3,143.3,143.3,1.0,0.0,0.0,55.93,55.93,simulated
Meta-Llama-3-70B,a40,16,128,144.1200,144.1200,130.4000,130.4000,1.1052,13.7200,0.0000,888.15,981.60,analytical
Meta-Llama-3-70B,a40,32,4,210.6,236.3,210.6,236.3,1.0,0.0,0.0,33.89,33.89,simulated
Meta-Llama-3-70B,a40,32,8,143.3,143.3,143.3,143.3,1.0,0.0,0.0,55.93,55.93,simulated
Meta-Llama-3-70B,a40,32,16,143.3,143.3,143.3,143.3,1.0,0.0,0.0,55.93,55.93,simulated
Meta-Llama-3-70B,a40,32,32,143.3,143.3,143.3,143.3,1.0,0.0,0.0,55.93,55.93,simulated
Meta-Llama-3-70B,a40,32,64,169.6271,169.6271,169.1000,169.1000,1.0031,26.3271,25.8000,377.30,378.47,analytical
Meta-Llama-3-70B,a40,32,128,171.5600,171.5600,130.4000,130.4000,1.3156,41.1600,0.0000,746.09,981.60,analytical
Meta-Llama-3-70B,a40,64,4,220.02,245.72,210.6,236.3,1.045,37.67,0.0,32.59,33.89,simulated
Meta-Llama-3-70B,a40,64,8,240.98,240.98,143.3,143.3,1.682,390.74,0.0,33.23,55.93,simulated
Meta-Llama-3-70B,a40,64,16,240.98,240.98,143.3,143.3,1.682,390.74,0.0,33.23,55.93,simulated
Meta-Llama-3-70B,a40,64,32,167.8983,167.8983,159.8857,159.8857,1.0501,24.5983,16.5857,190.59,200.14,analytical
Meta-Llama-3-70B,a40,64,64,222.1643,222.1643,220.7000,220.7000,1.0066,78.8643,77.4000,288.08,289.99,analytical
Meta-Llama-3-70B,a40,64,128,226.4400,226.4400,130.4000,130.4000,1.7365,96.0400,0.0000,565.27,981.60,analytical
Meta-Llama-3-70B,a40,128,4,415.74,457.68,210.6,236.3,1.974,885.52,0.0,17.49,33.89,simulated
Meta-Llama-3-70B,a40,128,8,457.67,457.67,143.3,143.3,3.194,1257.47,0.0,17.49,55.93,simulated
Meta-Llama-3-70B,a40,128,16,349.4912,349.4912,155.1904,155.1904,2.2520,206.1912,11.8904,45.78,103.10,analytical
Meta-Llama-3-70B,a40,128,32,210.6878,210.6878,189.3714,189.3714,1.1126,67.3878,46.0714,151.88,168.98,analytical
Meta-Llama-3-70B,a40,128,64,327.2386,327.2386,323.9000,323.9000,1.0103,183.9386,180.6000,195.58,197.59,analytical
Meta-Llama-3-70B,a40,128,128,336.2000,336.2000,130.4000,130.4000,2.5782,205.8000,0.0000,380.73,981.60,analytical
Meta-Llama-3-70B,a40,256,4,811.15,895.03,210.6,236.3,3.852,2634.92,0.0,8.94,33.89,simulated
Meta-Llama-3-70B,a40,256,8,891.0500,891.0500,152.3508,152.3508,5.8487,747.7500,9.0508,8.98,52.51,analytical
Meta-Llama-3-70B,a40,256,16,589.1033,589.1033,174.9330,174.9330,3.3676,445.8033,31.6330,27.16,91.46,analytical
Meta-Llama-3-70B,a40,256,32,296.2670,296.2670,248.3429,248.3429,1.1930,152.9670,105.0429,108.01,128.85,analytical
Meta-Llama-3-70B,a40,256,64,537.3871,537.3871,530.3000,530.3000,1.0134,394.0871,387.0000,119.09,120.69,analytical
Meta-Llama-3-70B,a40,256,128,555.7200,555.7200,130.4000,130.4000,4.2617,425.3200,0.0000,230.33,981.60,analytical
Meta-Llama-3-70B,a40,512,4,1599.4179,1785.0715,210.6000,235.0456,7.5946,1388.8179,0.0000,2.50,18.99,analytical
Meta-Llama-3-70B,a40,512,8,1757.8100,1757.8100,166.7766,166.7766,10.5399,1614.5100,23.4766,4.55,47.97,analytical
Meta-Llama-3-70B,a40,512,16,1068.3273,1068.3273,214.4183,214.4183,4.9824,925.0273,71.1183,14.98,74.62,analytical
Meta-Llama-3-70B,a40,512,32,467.4252,467.4252,366.2857,366.2857,1.2761,324.1252,222.9857,68.46,87.36,analytical
Meta-Llama-3-70B,a40,512,64,957.6843,957.6843,943.1000,943.1000,1.0155,814.3843,799.8000,66.83,67.86,analytical
Meta-Llama-3-70B,a40,512,128,994.7600,994.7600,130.4000,130.4000,7.6285,864.3600,0.0000,128.67,981.60,analytical
Meta-Llama-3-70B,h100,4,4,192.57,216.44,192.59,216.46,1.0,0.0,0.0,37.0,37.0,simulated
Meta-Llama-3-70B,h100,4,8,123.55,123.55,124.19,124.19,0.995,0.0,0.0,64.89,64.55,simulated
Meta-Llama-3-70B,h100,4,16,124.2,124.2,124.2,124.2,1.0,0.0,0.0,64.55,64.54,simulated
Meta-Llama-3-70B,h100,4,32,124.2,124.2,124.2,124.2,1.0,0.0,0.0,64.54,64.54,simulated
Meta-Llama-3-70B,h100,4,64,124.2,124.2,124.2,124.2,1.0,0.0,0.0,64.54,64.54,simulated
Meta-Llama-3-70B,h100,4,128,124.2,124.2,124.2,124.2,1.0,0.0,0.0,64.54,64.54,simulated
Meta-Llama-3-70B,h100,8,4,199.84,224.51,199.84,224.51,1.0,0.0,0.0,35.67,35.67,simulated
Meta-Llama-3-70B,h100,8,8,131.02,131.02,131.02,131.02,1.0,0.0,0.0,61.18,61.18,simulated
Meta-Llama-3-70B,h100,8,16,131.02,131.02,131.02,131.02,1.0,0.0,0.0,61.18,61.18,simulated
Meta-Llama-3-70B,h100,8,32,131.02,131.02,131.02,131.02,1.0,0.0,0.0,61.18,61.18,simulated
Meta-Llama-3-70B,h100,8,64,131.02,131.02,131.02,131.02,1.0,0.0,0.0,61.18,61.18,simulated
Meta-Llama-3-70B,h100,8,128,131.02,131.02,131.02,131.02,1.0,0.0,0.0,61.18,61.18,simulated
Meta-Llama-3-70B,h100,16,4,211.64,237.48,211.64,237.48,1.0,0.0,0.0,33.72,33.72,simulated
Meta-Llama-3-70B,h100,16,8,143.98,143.98,143.98,143.98,1.0,0.0,0.0,55.66,55.66,simulated
Meta-Llama-3-70B,h100,16,16,143.98,143.98,143.98,143.98,1.0,0.0,0.0,55.66,55.66,simulated
Meta-Llama-3-70B,h100,16,32,143.98,143.98,143.98,143.98,1.0,0.0,0.0,55.66,55.66,simulated
Meta-Llama-3-70B,h100,16,64,143.98,143.98,143.98,143.98,1.0,0.0,0.0,55.66,55.66,simulated
Meta-Llama-3-70B,h100,16,128,144.6600,144.6600,131.0200,131.0200,1.1041,13.6400,0.0000,884.83,976.95,analytical
Meta-Llama-3-70B,h100,32,4,211.64,237.48,211.64,237.48,1.0,0.0,0.0,33.72,33.72,simulated
Meta-Llama-3-70B,h100,32,8,143.98,143.98,143.98,143.98,1.0,0.0,0.0,55.66,55.66,simulated
Meta-Llama-3-70B,h100,32,16,143.98,143.98,143.98,143.98,1.0,0.0,0.0,55.66,55.66,simulated
Meta-Llama-3-70B,h100,32,32,143.98,143.98,143.98,143.98,1.0,0.0,0.0,55.66,55.66,simulated
Meta-Llama-3-70B,h100,32,64,170.3371,170.3371,169.9000,169.9000,1.0026,26.3571,25.9200,375.73,376.69,analytical
Meta-Llama-3-70B,h100,32,128,171.9400,171.9400,131.0200,131.0200,1.3123,40.9200,0.0000,744.45,976.95,analytical
Meta-Llama-3-70B,h100,64,4,220.15,245.98,211.64,237.48,1.04,34.03,0.0,32.56,33.72,simulated
Meta-Llama-3-70B,h100,64,8,241.11,241.11,143.98,143.98,1.675,388.54,0.0,33.21,55.66,simulated
Meta-Llama-3-70B,h100,64,16,241.11,241.11,143.98,143.98,1.675,388.54,0.0,33.21,55.66,simulated
Meta-Llama-3-70B,h100,64,32,168.6357,168.6357,160.6429,160.6429,1.0498,24.6557,16.6629,189.76,199.20,analytical
Meta-Llama-3-70B,h100,64,64,222.9543,222.9543,221.7400,221.7400,1.0055,78.9743,77.7600,287.05,288.63,analytical
Meta-Llama-3-70B,h100,64,128,226.5000,226.5000,131.0200,131.0200,1.7287,95.4800,0.0000,565.12,976.95,analytical
Meta-Llama-3-70B,h100,128,4,415.87,457.81,211.64,237.48,1.965,881.35,0.0,17.48,33.72,simulated
Meta-Llama-3-70B,h100,128,8,457.8,457.8,143.98,143.98,3.18,1255.28,0.0,17.48,55.66,simulated
Meta-Llama-3-70B,h100,128,16,349.1724,349.1724,155.9257,155.9257,2.2394,205.1924,11.9457,45.82,102.61,analytical
Meta-Llama-3-70B,h100,128,32,211.5296,211.5296,190.2657,190.2657,1.1118,67.5496,46.2857,151.28,168.19,analytical
Meta-Llama-3-70B,h100,128,64,328.1886,328.1886,325.4200,325.4200,1.0085,184.2086,181.4400,195.01,196.67,analytical
Meta-Llama-3-70B,h100,128,128,335.6200,335.6200,131.0200,131.0200,2.5616,204.6000,0.0000,381.38,976.95,analytical
Meta-Llama-3-70B,h100,256,4,811.15,895.03,211.64,237.48,3.833,2630.23,0.0,8.94,33.72,simulated
Meta-Llama-3-70B,h100,256,8,891.1800,891.1800,153.0729,153.0729,5.8219,747.2000,9.0929,8.98,52.26,analytical
Meta-Llama-3-70B,h100,256,16,587.7018,587.7018,175.7602,175.7602,3.3438,443.7218,31.7802,27.22,91.03,analytical
Meta-Llama-3-70B,h100,256,32,297.3174,297.3174,249.5114,249.5114,1.1916,153.3374,105.5314,107.63,128.25,analytical
Meta-Llama-3-70B,h100,256,64,538.6571,538.6571,532.7800,532.7800,1.0110,394.6771,388.8000,118.81,120.12,analytical
Meta-Llama-3-70B,h100,256,128,553.8600,553.8600,131.0200,131.0200,4.2273,422.8400,0.0000,231.11,976.95,analytical
Meta-Llama-3-70B,h100,512,4,1599.2414,1785.0227,211.6400,236.2259,7.5564,1387.6014,0.0000,2.50,18.90,analytical
Meta-Llama-3-70B,h100,512,8,1757.9400,1757.9400,167.5658,167.5658,10.4910,1613.9600,23.5858,4.55,47.74,analytical
Meta-Llama-3-70B,h100,512,16,1064.7608,1064.7608,215.4290,215.4290,4.9425,920.7808,71.4490,15.03,74.27,analytical
Meta-Llama-3-70B,h100,512,32,468.8930,468.8930,368.0029,368.0029,1.2742,324.9130,224.0229,68.25,86.96,analytical
Meta-Llama-3-70B,h100,512,64,959.5943,959.5943,947.5000,947.5000,1.0128,815.6143,803.5200,66.69,67.55,analytical
Meta-Llama-3-70B,h100,512,128,990.3400,990.3400,131.0200,131.0200,7.5587,859.3200,0.0000,129.25,976.95,analytical
Meta-Llama-3-8B,a100,4,4,24.48,27.43,24.48,27.43,1.0,0.0,0.0,294.43,294.43,simulated
Meta-Llama-3-8B,a100,4,8,16.59,16.59,16.59,16.59,1.0,0.0,0.0,489.68,489.68,simulated
Meta-Llama-3-8B,a100,4,16,16.59,16.59,16.59,16.59,1.0,0.0,0.0,489.68,489.68,simulated
Meta-Llama-3-8B,a100,4,32,16.59,16.59,16.59,16.59,1.0,0.0,0.0,489.68,489.68,simulated
Meta-Llama-3-8B,a100,4,64,16.59,16.59,16.59,16.59,1.0,0.0,0.0,489.68,489.68,simulated
Meta-Llama-3-8B,a100,4,128,16.59,16.59,16.59,16.59,1.0,0.0,0.0,489.68,489.68,simulated
Meta-Llama-3-8B,a100,8,4,26.97,30.2,26.97,30.2,1.0,0.0,0.0,267.16,267.16,simulated
Meta-Llama-3-8B,a100,8,8,19.31,19.31,19.31,19.31,1.0,0.0,0.0,419.81,419.81,simulated
Meta-Llama-3-8B,a100,8,16,19.31,19.31,19.31,19.31,1.0,0.0,0.0,419.81,419.81,simulated
Meta-Llama-3-8B,a100,8,32,19.31,19.31,19.31,19.31,1.0,0.0,0.0,419.81,419.81,simulated
Meta-Llama-3-8B,a100,8,64,19.31,19.31,19.31,19.31,1.0,0.0,0.0,419.81,419.81,simulated
Meta-Llama-3-8B,a100,8,128,19.31,19.31,19.31,19.31,1.0,0.0,0.0,419.81,419.81,simulated
Meta-Llama-3-8B,a100,16,4,31.58,35.27,31.58,35.27,1.0,0.0,0.0,228.45,228.45,simulated
Meta-Llama-3-8B,a100,16,8,25.2,25.2,24.4,24.4,1.033,3.2,0.0,320.76,331.38,simulated
Meta-Llama-3-8B,a100,16,16,25.2,25.2,24.4,24.4,1.033,3.2,0.0,320.76,331.38,simulated
Meta-Llama-3-8B,a100,16,32,25.2,25.2,24.4,24.4,1.033,3.2,0.0,320.76,331.38,simulated
Meta-Llama-3-8B,a100,16,64,25.2,25.2,24.4,24.4,1.033,3.2,0.0,320.76,331.38,simulated
Meta-Llama-3-8B,a100,16,128,25.2,25.2,24.4,24.4,1.033,3.2,0.0,320.76,331.38,simulated
Meta-Llama-3-8B,a100,32,4,42.43,46.63,31.58,35.27,1.344,45.42,0.0,172.51,228.45,simulated
Meta-Llama-3-8B,a100,32,8,46.62,46.62,24.4,24.4,1.911,88.89,0.0,172.55,331.38,simulated
Meta-Llama-3-8B,a100,32,16,46.62,46.62,24.4,24.4,1.911,88.89,0.0,172.55,331.38,simulated
Meta-Llama-3-8B,a100,32,32,46.62,46.62,24.4,24.4,1.911,88.89,0.0,172.55,331.38,simulated
Meta-Llama-3-8B,a100,32,64,46.62,46.62,24.4,24.4,1.911,88.89,0.0,172.55,331.38,simulated
Meta-Llama-3-8B,a100,32,128,36.6907,36.6907,34.5800,34.5800,1.0610,12.2907,10.1800,3488.62,3701.56,analytical
Meta-Llama-3-8B,a100,64,4,81.57,89.96,31.58,35.27,2.583,218.74,0.0,89.18,228.45,simulated
Meta-Llama-3-8B,a100,64,8,89.95,89.95,24.4,24.4,3.686,262.21,0.0,89.19,331.38,simulated
Meta-Llama-3-8B,a100,64,16,89.95,89.95,24.4,24.4,3.686,262.21,0.0,89.19,331.38,simulated
Meta-Llama-3-8B,a100,64,32,89.95,89.95,24.4,24.4,3.686,262.21,0.0,89.19,331.38,simulated
Meta-Llama-3-8B,a100,64,64,89.4600,89.4600,30.9443,30.9443,2.8910,65.0600,6.5443,715.40,2068.23,analytical
Meta-Llama-3-8B,a100,64,128,59.7364,59.7364,54.9400,54.9400,1.0873,35.3364,30.5400,2142.75,2329.81,analytical
Meta-Llama-3-8B,a100,128,4,162.43,179.21,31.58,35.27,5.143,575.73,0.0,44.7,228.45,simulated
Meta-Llama-3-8B,a100,128,8,179.2,179.2,24.4,24.4,7.344,619.2,0.0,44.71,331.38,simulated
Meta-Llama-3-8B,a100,128,16,179.2,179.2,24.4,24.4,7.344,619.2,0.0,44.71,331.38,simulated
Meta-Llama-3-8B,a100,128,32,176.2950,176.2950,29.0917,29.0917,6.0600,151.8950,4.6917,181.51,1099.97,analytical
Meta-Llama-3-8B,a100,128,64,175.1400,175.1400,42.5786,42.5786,4.1133,150.7400,18.1786,365.42,1503.10,analytical
Meta-Llama-3-8B,a100,128,128,105.8279,105.8279,95.6600,95.6600,1.1063,81.4279,71.2600,1209.51,1338.07,analytical
Meta-Llama-3-8B,a100,256,4,324.57,358.12,34.58,38.27,9.386,1291.38,11.99,22.35,210.43,simulated
Meta-Llama-3-8B,a100,256,8,358.11,358.11,37.93,37.93,9.441,1334.86,54.13,22.36,212.35,simulated
Meta-Llama-3-8B,a100,256,16,355.0418,355.0418,27.9712,27.9712,12.6931,330.6418,3.5712,45.07,572.02,analytical
Meta-Llama-3-8B,a100,256,32,349.0550,349.0550,36.8816,36.8816,9.4642,324.6550,12.4816,91.68,867.64,analytical
Meta-Llama-3-8B,a100,256,64,346.5000,346.5000,65.8471,65.8471,5.2622,322.1000,41.4471,184.70,971.95,analytical
Meta-Llama-3-8B,a100,256,128,198.0107,198.0107,177.1000,177.1000,1.1181,173.6107,152.7000,646.43,722.76,analytical
Meta-Llama-3-8B,a100,512,4,648.85,715.95,65.9,72.62,9.846,2722.7,149.36,11.18,110.56,simulated
Meta-Llama-3-8B,a100,512,8,713.2598,713.2598,51.6061,51.6061,13.8212,675.3298,13.6761,11.22,155.02,analytical
Meta-Llama-3-8B,a100,512,16,707.4328,707.4328,33.6633,33.6633,21.0150,683.0328,9.2633,22.62,475.30,analytical
Meta-Llama-3-8B,a100,512,32,694.5750,694.5750,52.4614,52.4614,13.2397,670.1750,28.0614,46.07,609.97,analytical
Meta-Llama-3-8B,a100,512,64,689.2200,689.2200,112.3843,112.3843,6.1327,664.8200,87.9843,92.86,569.47,analytical
Meta-Llama-3-8B,a100,512,128,382.3764,382.3764,339.9800,339.9800,1.1247,357.9764,315.5800,334.75,376.49,analytical
Meta-Llama-3-8B,a40,4,4,24.13,27.03,24.12,27.02,1.0,0.0,0.0,298.83,298.91,simulated
Meta-Llama-3-8B,a40,4,8,16.38,16.38,16.39,16.39,0.999,0.0,0.0,496.03,495.95,simulated
Meta-Llama-3-8B,a40,4,16,16.38,16.38,16.39,16.39,0.999,0.0,0.0,496.05,495.94,simulated
Meta-Llama-3-8B,a40,4,32,16.39,16.39,16.39,16.39,1.0,0.0,0.0,495.94,495.94,simulated
Meta-Llama-3-8B,a40,4,64,16.39,16.39,16.39,16.39,1.0,0.0,0.0,495.94,495.94,simulated
Meta-Llama-3-8B,a40,4,128,16.39,16.39,16.39,16.39,1.0,0.0,0.0,495.94,495.94,simulated
Meta-Llama-3-8B,a40,8,4,26.62,29.8,26.62,29.8,1.0,0.0,0.0,270.74,270.74,simulated
Meta-Llama-3-8B,a40,8,8,19.12,19.12,19.12,19.12,1.0,0.0,0.0,424.12,424.12,simulated
Meta-Llama-3-8B,a40,8,16,19.12,19.12,19.12,19.12,1.0,0.0,0.0,424.12,424.12,simulated
Meta-Llama-3-8B,a40,8,32,19.12,19.12,19.12,19.12,1.0,0.0,0.0,424.12,424.12,simulated
Meta-Llama-3-8B,a40,8,64,19.12,19.12,19.12,19.12,1.0,0.0,0.0,424.12,424.12,simulated
Meta-Llama-3-8B,a40,8,128,19.12,19.12,19.12,19.12,1.0,0.0,0.0,424.12,424.12,simulated
Meta-Llama-3-8B,a40,16,4,31.22,34.86,31.22,34.86,1.0,0.0,0.0,231.16,231.16,simulated
Meta-Llama-3-8B,a40,16,8,25.11,25.11,24.18,24.18,1.038,3.72,0.0,321.91,334.43,simulated
Meta-Llama-3-8B,a40,16,16,25.11,25.11,24.18,24.18,1.038,3.72,0.0,321.91,334.43,simulated
Meta-Llama-3-8B,a40,16,32,25.11,25.11,24.18,24.18,1.038,3.72,0.0,321.91,334.43,simulated
Meta-Llama-3-8B,a40,16,64,25.11,25.11,24.18,24.18,1.038,3.72,0.0,321.91,334.43,simulated
Meta-Llama-3-8B,a40,16,128,25.11,25.11,24.18,24.18,1.038,3.72,0.0,321.91,334.43,simulated
Meta-Llama-3-8B,a40,32,4,42.39,46.59,31.22,34.86,1.358,46.89,0.0,172.67,231.16,simulated
Meta-Llama-3-8B,a40,32,8,46.58,46.58,24.18,24.18,1.926,89.6,0.0,172.71,334.43,simulated
Meta-Llama-3-8B,a40,32,16,46.58,46.58,24.18,24.18,1.926,89.6,0.0,172.71,334.43,simulated
Meta-Llama-3-8B,a40,32,32,46.58,46.58,24.18,24.18,1.926,89.6,0.0,172.71,334.43,simulated
Meta-Llama-3-8B,a40,32,64,46.58,46.58,24.18,24.18,1.926,89.6,0.0,172.71,334.43,simulated
Meta-Llama-3-8B,a40,32,128,36.7493,36.7493,34.3000,34.3000,1.0714,12.5693,10.1200,3483.06,3731.78,analytical
Meta-Llama-3-8B,a40,64,4,81.53,89.92,31.22,34.86,2.611,220.21,0.0,89.22,231.16,simulated
Meta-Llama-3-8B,a40,64,8,89.91,89.91,24.18,24.18,3.718,262.92,0.0,89.23,334.43,simulated
Meta-Llama-3-8B,a40,64,16,89.91,89.91,24.18,24.18,3.718,262.92,0.0,89.23,334.43,simulated
Meta-Llama-3-8B,a40,64,32,89.91,89.91,24.18,24.18,3.718,262.92,0.0,89.23,334.43,simulated
Meta-Llama-3-8B,a40,64,64,89.5200,89.5200,30.6857,30.6857,2.9173,65.3400,6.5057,714.92,2085.66,analytical
Meta-Llama-3-8B,a40,64,128,60.1036,60.1036,54.5400,54.5400,1.1020,35.9236,30.3600,2129.66,2346.90,analytical
Meta-Llama-3-8B,a40,128,4,162.43,179.21,31.22,34.86,5.203,577.37,0.0,44.7,231.16,simulated
Meta-Llama-3-8B,a40,128,8,179.2,179.2,24.18,24.18,7.411,620.08,0.0,44.71,334.43,simulated
Meta-Llama-3-8B,a40,128,16,179.2,179.2,24.18,24.18,7.411,620.08,0.0,44.71,334.43,simulated
Meta-Llama-3-8B,a40,128,32,176.3193,176.3193,28.8440,28.8440,6.1129,152.1393,4.6640,181.49,1109.42,analytical
Meta-Llama-3-8B,a40,128,64,175.4000,175.4000,42.2514,42.2514,4.1513,151.2200,18.0714,364.88,1514.74,analytical
Meta-Llama-3-8B,a40,128,128,106.8121,106.8121,95.0200,95.0200,1.1241,82.6321,70.8400,1198.37,1347.08,analytical
Meta-Llama-3-8B,a40,256,4,324.57,358.12,34.54,38.18,9.397,1293.03,13.28,22.35,210.92,simulated
Meta-Llama-3-8B,a40,256,8,358.11,358.11,37.89,37.89,9.451,1335.74,54.84,22.36,212.59,simulated
Meta-Llama-3-8B,a40,256,16,355.1303,355.1303,27.7302,27.7302,12.8066,330.9503,3.5502,45.05,576.99,analytical
Meta-Llama-3-8B,a40,256,32,349.1936,349.1936,36.5880,36.5880,9.5439,325.0136,12.4080,91.64,874.60,analytical
Meta-Llama-3-8B,a40,256,64,347.1600,347.1600,65.3829,65.3829,5.3096,322.9800,41.2029,184.35,978.85,analytical
Meta-Llama-3-8B,a40,256,128,200.2293,200.2293,175.9800,175.9800,1.1378,176.0493,151.8000,639.27,727.36,analytical
Meta-Llama-3-8B,a40,512,4,648.85,715.95,65.86,72.57,9.852,2724.34,150.84,11.18,110.62,simulated
Meta-Llama-3-8B,a40,512,8,713.3514,713.3514,51.6937,51.6937,13.7996,675.4614,13.8037,11.21,154.76,analytical
Meta-Llama-3-8B,a40,512,16,707.6924,707.6924,33.3887,33.3887,21.1956,683.5124,9.2087,22.61,479.20,analytical
Meta-Llama-3-8B,a40,512,32,694.9421,694.9421,52.0760,52.0760,13.3448,670.7621,27.8960,46.05,614.49,analytical
Meta-Llama-3-8B,a40,512,64,690.6800,690.6800,111.6457,111.6457,6.1864,666.5000,87.4657,92.66,573.24,analytical
Meta-Llama-3-8B,a40,512,128,387.0636,387.0636,337.9000,337.9000,1.1455,362.8836,313.7200,330.70,378.81,analytical
Meta-Llama-3-8B,h100,4,4,24.12,27.02,24.11,27.01,1.0,0.0,0.0,298.91,298.99,simulated
Meta-Llama-3-8B,h100,4,8,16.38,16.38,16.37,16.37,1.001,0.0,0.0,496.19,496.29,simulated
Meta-Llama-3-8B,h100,4,16,16.38,16.38,16.38,16.38,1.0,0.0,0.0,496.19,496.19,simulated
Meta-Llama-3-8B,h100,4,32,16.38,16.38,16.38,16.38,1.0,0.0,0.0,496.19,496.19,simulated
Meta-Llama-3-8B,h100,4,64,16.38,16.38,16.38,16.38,1.0,0.0,0.0,496.19,496.19,simulated
Meta-Llama-3-8B,h100,4,128,16.38,16.38,16.38,16.38,1.0,0.0,0.0,496.19,496.19,simulated
Meta-Llama-3-8B,h100,8,4,26.61,29.8,26.61,29.8,1.0,0.0,0.0,270.8,270.8,simulated
Meta-Llama-3-8B,h100,8,8,19.1,19.1,19.1,19.1,1.0,0.0,0.0,424.63,424.63,simulated
Meta-Llama-3-8B,h100,8,16,19.1,19.1,19.1,19.1,1.0,0.0,0.0,424.63,424.63,simulated
Meta-Llama-3-8B,h100,8,32,19.1,19.1,19.1,19.1,1.0,0.0,0.0,424.63,424.63,simulated
Meta-Llama-3-8B,h100,8,64,19.1,19.1,19.1,19.1,1.0,0.0,0.0,424.63,424.63,simulated
Meta-Llama-3-8B,h100,8,128,19.1,19.1,19.1,19.1,1.0,0.0,0.0,424.63,424.63,simulated
Meta-Llama-3-8B,h100,16,4,31.23,34.88,31.23,34.88,1.0,0.0,0.0,231.06,231.06,simulated
Meta-Llama-3-8B,h100,16,8,25.1,25.1,24.18,24.18,1.038,3.69,0.0,322.0,334.4,simulated
Meta-Llama-3-8B,h100,16,16,25.1,25.1,24.18,24.18,1.038,3.7,0.0,321.99,334.44,simulated
Meta-Llama-3-8B,h100,16,32,25.1,25.1,24.18,24.18,1.038,3.7,0.0,321.99,334.44,simulated
Meta-Llama-3-8B,h100,16,64,25.1,25.1,24.18,24.18,1.038,3.7,0.0,321.99,334.44,simulated
Meta-Llama-3-8B,h100,16,128,25.1,25.1,24.18,24.18,1.038,3.7,0.0,321.99,334.44,simulated
Meta-Llama-3-8B,h100,32,4,42.39,46.58,31.21,34.85,1.358,46.93,0.0,172.68,231.23,simulated
Meta-Llama-3-8B,h100,32,8,46.58,46.58,24.18,24.18,1.926,89.6,0.0,172.71,334.44,simulated
Meta-Llama-3-8B,h100,32,16,46.58,46.58,24.18,24.18,1.926,89.6,0.0,172.71,334.44,simulated
Meta-Llama-3-8B,h100,32,32,46.58,46.58,24.18,24.18,1.926,89.6,0.0,172.71,334.44,simulated
Meta-Llama-3-8B,h100,32,64,46.58,46.58,24.18,24.18,1.926,89.6,0.0,172.71,334.44,simulated
Meta-Llama-3-8B,h100,32,128,36.7400,36.7400,34.3400,34.3400,1.0699,12.5600,10.1600,3483.94,3727.43,analytical
Meta-Llama-3-8B,h100,64,4,81.52,89.92,31.21,34.85,2.612,220.25,0.0,89.23,231.23,simulated
Meta-Llama-3-8B,h100,64,8,89.91,89.91,24.18,24.18,3.718,262.92,0.0,89.24,334.44,simulated
Meta-Llama-3-8B,h100,64,16,89.91,89.91,24.18,24.18,3.718,262.92,0.0,89.24,334.44,simulated
Meta-Llama-3-8B,h100,64,32,89.91,89.91,24.18,24.18,3.718,262.92,0.0,89.24,334.44,simulated
Meta-Llama-3-8B,h100,64,64,89.5400,89.5400,30.7114,30.7114,2.9155,65.3600,6.5314,714.76,2083.91,analytical
Meta-Llama-3-8B,h100,64,128,60.1000,60.1000,54.6600,54.6600,1.0995,35.9200,30.4800,2129.78,2341.75,analytical
Meta-Llama-3-8B,h100,128,4,162.43,179.21,31.21,34.85,5.204,577.42,0.0,44.7,231.23,simulated
Meta-Llama-3-8B,h100,128,8,179.2,179.2,24.18,24.18,7.411,620.08,0.0,44.71,334.44,simulated
Meta-Llama-3-8B,h100,128,16,179.2,179.2,24.18,24.18,7.411,620.08,0.0,44.71,334.44,simulated
Meta-Llama-3-8B,h100,128,32,176.3321,176.3321,28.8624,28.8624,6.1094,152.1521,4.6824,181.48,1108.71,analytical
Meta-Llama-3-8B,h100,128,64,175.4600,175.4600,42.3229,42.3229,4.1458,151.2800,18.1429,364.76,1512.19,analytical
Meta-Llama-3-8B,h100,128,128,106.8200,106.8200,95.3000,95.3000,1.1209,82.6400,71.1200,1198.28,1343.13,analytical
Meta-Llama-3-8B,h100,256,4,324.57,358.12,34.54,38.18,9.397,1293.07,13.32,22.35,210.93,simulated
Meta-Llama-3-8B,h100,256,8,358.11,358.11,37.88,37.88,9.454,1335.74,54.83,22.36,212.6,simulated
Meta-Llama-3-8B,h100,256,16,355.1396,355.1396,27.7442,27.7442,12.8005,330.9596,3.5642,45.05,576.70,analytical
Meta-Llama-3-8B,h100,256,32,349.2293,349.2293,36.6370,36.6370,9.5321,325.0493,12.4570,91.63,873.43,analytical
Meta-Llama-3-8B,h100,256,64,347.3000,347.3000,65.5457,65.5457,5.2986,323.1200,41.3657,184.28,976.42,analytical
Meta-Llama-3-8B,h100,256,128,200.2600,200.2600,176.5800,176.5800,1.1341,176.0800,152.4000,639.17,724.88,analytical
Meta-Llama-3-8B,h100,512,4,648.85,715.95,65.86,72.57,9.852,2724.38,150.88,11.18,110.63,simulated
Meta-Llama-3-8B,h100,512,8,713.3584,713.3584,51.6868,51.6868,13.8016,675.4784,13.8068,11.21,154.78,analytical
Meta-Llama-3-8B,h100,512,16,707.7170,707.7170,33.4251,33.4251,21.1732,683.5370,9.2451,22.61,478.68,analytical
Meta-Llama-3-8B,h100,512,32,695.0236,695.0236,52.1863,52.1863,13.3181,670.8436,28.0063,46.04,613.19,analytical
Meta-Llama-3-8B,h100,512,64,690.9800,690.9800,111.9914,111.9914,6.1699,666.8000,87.8114,92.62,571.47,analytical
Meta-Llama-3-8B,h100,512,128,387.1400,387.1400,339.1400,339.1400,1.1415,362.9600,314.9600,330.63,377.43,analytical
Mistral-7B-v0.1,a100,4,4,24.48,27.42,24.48,27.42,1.0,0.0,0.0,294.52,294.52,simulated
Mistral-7B-v0.1,a100,4,8,16.6,16.6,16.6,16.6,1.0,0.0,0.0,489.54,489.54,simulated
Mistral-7B-v0.1,a100,4,16,16.6,16.6,16.6,16.6,1.0,0.0,0.0,489.54,489.54,simulated
Mistral-7B-v0.1,a100,4,32,16.6,16.6,16.6,16.6,1.0,0.0,0.0,489.54,489.54,simulated
Mistral-7B-v0.1,a100,4,64,16.6,16.6,16.6,16.6,1.0,0.0,0.0,489.54,489.54,simulated
Mistral-7B-v0.1,a100,4,128,16.6,16.6,16.6,16.6,1.0,0.0,0.0,489.54,489.54,simulated
Mistral-7B-v0.1,a100,8,4,26.95,30.18,26.95,30.18,1.0,0.0,0.0,267.33,267.33,simulated
Mistral-7B-v0.1,a100,8,8,19.34,19.34,19.34,19.34,1.0,0.0,0.0,419.25,419.25,simulated
Mistral-7B-v0.1,a100,8,16,19.34,19.34,19.34,19.34,1.0,0.0,0.0,419.25,419.25,simulated
Mistral-7B-v0.1,a100,8,32,19.34,19.34,19.34,19.34,1.0,0.0,0.0,419.25,419.25,simulated
Mistral-7B-v0.1,a100,8,64,19.34,19.34,19.34,19.34,1.0,0.0,0.0,419.25,419.25,simulated
Mistral-7B-v0.1,a100,8,128,19.34,19.34,19.34,19.34,1.0,0.0,0.0,419.25,419.25,simulated
Mistral-7B-v0.1,a100,16,4,31.57,35.26,31.57,35.26,1.0,0.0,0.0,228.55,228.55,simulated
Mistral-7B-v0.1,a100,16,8,25.2,25.2,24.4,24.4,1.033,3.19,0.0,320.77,331.36,simulated
Mistral-7B-v0.1,a100,16,16,25.2,25.2,24.4,24.4,1.033,3.19,0.0,320.77,331.36,simulated
Mistral-7B-v0.1,a100,16,32,25.2,25.2,24.4,24.4,1.033,3.19,0.0,320.77,331.36,simulated
Mistral-7B-v0.1,a100,16,64,25.2,25.2,24.4,24.4,1.033,3.19,0.0,320.77,331.36,simulated
Mistral-7B-v0.1,a100,16,128,25.2,25.2,24.4,24.4,1.033,3.19,0.0,320.77,331.36,simulated
Mistral-7B-v0.1,a100,32,4,42.43,46.63,31.57,35.26,1.344,45.49,0.0,172.51,228.55,simulated
Mistral-7B-v0.1,a100,32,8,46.62,46.62,24.4,24.4,1.911,88.89,0.0,172.54,331.36,simulated
Mistral-7B-v0.1,a100,32,16,46.62,46.62,24.4,24.4,1.911,88.89,0.0,172.54,331.36,simulated
Mistral-7B-v0.1,a100,32,32,46.62,46.62,24.4,24.4,1.911,88.89,0.0,172.54,331.36,simulated
Mistral-7B-v0.1,a100,32,64,46.62,46.62,24.4,24.4,1.911,88.89,0.0,172.54,331.36,simulated
Mistral-7B-v0.1,a100,32,128,36.6757,36.6757,34.5200,34.5200,1.0624,12.2757,10.1200,3490.05,3708.00,analytical
Mistral-7B-v0.1,a100,64,4,81.57,89.96,31.57,35.26,2.584,218.81,0.0,89.18,228.55,simulated
Mistral-7B-v0.1,a100,64,8,89.95,89.95,24.4,24.4,3.686,262.21,0.0,89.19,331.36,simulated
Mistral-7B-v0.1,a100,64,16,89.95,89.95,24.4,24.4,3.686,262.21,0.0,89.19,331.36,simulated
Mistral-7B-v0.1,a100,64,32,89.95,89.95,24.4,24.4,3.686,262.21,0.0,89.19,331.36,simulated
Mistral-7B-v0.1,a100,64,64,89.4600,89.4600,30.9057,30.9057,2.8946,65.0600,6.5057,715.40,2070.81,analytical
Mistral-7B-v0.1,a100,64,128,59.6814,59.6814,54.7600,54.7600,1.0899,35.2814,30.3600,2144.72,2337.47,analytical
Mistral-7B-v0.1,a100,128,4,162.43,179.21,31.57,35.26,5.145,575.79,0.0,44.7,228.55,simulated
Mistral-7B-v0.1,a100,128,8,179.2,179.2,24.4,24.4,7.344,619.2,0.0,44.71,331.36,simulated
Mistral-7B-v0.1,a100,128,16,179.2,179.2,24.4,24.4,7.344,619.2,0.0,44.71,331.36,simulated
Mistral-7B-v0.1,a100,128,32,176.2950,176.2950,29.0640,29.0640,6.0658,151.8950,4.6640,181.51,1101.02,analytical
Mistral-7B-v0.1,a100,128,64,175.1400,175.1400,42.4714,42.4714,4.1237,150.7400,18.0714,365.42,1506.90,analytical
Mistral-7B-v0.1,a100,128,128,105.6929,105.6929,95.2400,95.2400,1.1098,81.2929,70.8400,1211.06,1343.97,analytical
Mistral-7B-v0.1,a100,256,4,324.57,358.12,34.58,38.27,9.386,1291.45,12.05,22.35,210.43,simulated
Mistral-7B-v0.1,a100,256,8,358.11,358.11,37.93,37.93,9.441,1334.85,54.12,22.36,212.35,simulated
Mistral-7B-v0.1,a100,256,16,355.0418,355.0418,27.9502,27.9502,12.7027,330.6418,3.5502,45.07,572.45,analytical
Mistral-7B-v0.1,a100,256,32,349.0550,349.0550,36.8080,36.8080,9.4831,324.6550,12.4080,91.68,869.38,analytical
Mistral-7B-v0.1,a100,256,64,346.5000,346.5000,65.6029,65.6029,5.2818,322.1000,41.2029,184.70,975.57,analytical
Mistral-7B-v0.1,a100,256,128,197.7157,197.7157,176.2000,176.2000,1.1221,173.3157,151.8000,647.39,726.45,analytical
Mistral-7B-v0.1,a100,512,4,648.85,715.95,65.9,72.62,9.846,2722.76,149.43,11.18,110.56,simulated
Mistral-7B-v0.1,a100,512,8,713.2598,713.2598,51.5894,51.5894,13.8257,675.3298,13.6594,11.22,155.07,analytical
Mistral-7B-v0.1,a100,512,16,707.4328,707.4328,33.6087,33.6087,21.0491,683.0328,9.2087,22.62,476.07,analytical
Mistral-7B-v0.1,a100,512,32,694.5750,694.5750,52.2960,52.2960,13.2816,670.1750,27.8960,46.07,611.90,analytical
Mistral-7B-v0.1,a100,512,64,689.2200,689.2200,111.8657,111.8657,6.1611,664.8200,87.4657,92.86,572.11,analytical
Mistral-7B-v0.1,a100,512,128,381.7614,381.7614,338.1200,338.1200,1.1291,357.3614,313.7200,335.29,378.56,analytical
Mistral-7B-v0.1,a40,4,4,24.12,27.02,24.15,27.05,0.999,0.0,0.0,298.92,298.54,simulated
Mistral-7B-v0.1,a40,4,8,16.58,16.58,16.6,16.6,0.999,0.0,0.0,489.98,489.37,simulated
Mistral-7B-v0.1,a40,4,16,16.58,16.58,16.58,16.58,1.0,0.0,0.0,490.0,490.01,simulated
Mistral-7B-v0.1,a40,4,32,16.58,16.58,16.58,16.58,1.0,0.0,0.0,490.0,490.0,simulated
Mistral-7B-v0.1,a40,4,64,16.58,16.58,16.58,16.58,1.0,0.0,0.0,490.01,490.01,simulated
Mistral-7B-v0.1,a40,4,128,16.58,16.58,16.58,16.58,1.0,0.0,0.0,490.01,490.01,simulated
Mistral-7B-v0.1,a40,8,4,26.94,30.16,26.94,30.16,1.0,0.0,0.0,267.49,267.49,simulated
Mistral-7B-v0.1,a40,8,8,19.32,19.32,19.32,19.32,1.0,0.0,0.0,419.68,419.68,simulated
Mistral-7B-v0.1,a40,8,16,19.32,19.32,19.32,19.32,1.0,0.0,0.0,419.68,419.68,simulated
Mistral-7B-v0.1,a40,8,32,19.32,19.32,19.32,19.32,1.0,0.0,0.0,419.68,419.68,simulated
Mistral-7B-v0.1,a40,8,64,19.32,19.32,19.32,19.32,1.0,0.0,0.0,419.68,419.68,simulated
Mistral-7B-v0.1,a40,8,128,19.32,19.32,19.32,19.32,1.0,0.0,0.0,419.68,419.68,simulated
Mistral-7B-v0.1,a40,16,4,31.54,35.22,31.54,35.22,1.0,0.0,0.0,228.79,228.79,simulated
Mistral-7B-v0.1,a40,16,8,25.19,25.19,24.38,24.38,1.033,3.24,0.0,320.88,331.67,simulated
Mistral-7B-v0.1,a40,16,16,25.19,25.19,24.38,24.38,1.033,3.24,0.0,320.88,331.67,simulated
Mistral-7B-v0.1,a40,16,32,25.19,25.19,24.38,24.38,1.033,3.24,0.0,320.88,331.67,simulated
Mistral-7B-v0.1,a40,16,64,25.19,25.19,24.38,24.38,1.033,3.24,0.0,320.88,331.67,simulated
Mistral-7B-v0.1,a40,16,128,25.19,25.19,24.38,24.38,1.033,3.24,0.0,320.88,331.67,simulated
Mistral-7B-v0.1,a40,32,4,42.43,46.63,31.54,35.22,1.345,45.62,0.0,172.52,228.79,simulated
Mistral-7B-v0.1,a40,32,8,46.62,46.62,24.38,24.38,1.912,88.96,0.0,172.56,331.67,simulated
Mistral-7B-v0.1,a40,32,16,46.62,46.62,24.38,24.38,1.912,88.96,0.0,172.56,331.67,simulated
Mistral-7B-v0.1,a40,32,32,46.62,46.62,24.38,24.38,1.912,88.96,0.0,172.56,331.67,simulated
Mistral-7B-v0.1,a40,32,64,46.62,46.62,24.38,24.38,1.912,88.96,0.0,172.56,331.67,simulated
Mistral-7B-v0.1,a40,32,128,36.6793,36.6793,34.5000,34.5000,1.0632,12.2993,10.1200,3489.71,3710.14,analytical
Mistral-7B-v0.1,a40,64,4,81.57,89.96,31.54,35.22,2.586,218.94,0.0,89.18,228.79,simulated
Mistral-7B-v0.1,a40,64,8,89.95,89.95,24.38,24.38,3.689,262.29,0.0,89.19,331.67,simulated
Mistral-7B-v0.1,a40,64,16,89.95,89.95,24.38,24.38,3.689,262.29,0.0,89.19,331.67,simulated
Mistral-7B-v0.1,a40,64,32,89.95,89.95,24.38,24.38,3.689,262.29,0.0,89.19,331.67,simulated
Mistral-7B-v0.1,a40,64,64,89.4800,89.4800,30.8857,30.8857,2.8971,65.1000,6.5057,715.24,2072.16,analytical
Mistral-7B-v0.1,a40,64,128,59.7136,59.7136,54.7400,54.7400,1.0909,35.3336,30.3600,2143.57,2338.33,analytical
Mistral-7B-v0.1,a40,128,4,162.43,179.21,31.54,35.22,5.15,575.94,0.0,44.7,228.79,simulated
Mistral-7B-v0.1,a40,128,8,179.2,179.2,24.38,24.38,7.35,619.28,0.0,44.71,331.67,simulated
Mistral-7B-v0.1,a40,128,16,179.2,179.2,24.38,24.38,7.35,619.28,0.0,44.71,331.67,simulated
Mistral-7B-v0.1,a40,128,32,176.3079,176.3079,29.0440,29.0440,6.0704,151.9279,4.6640,181.50,1101.78,analytical
Mistral-7B-v0.1,a40,128,64,175.2000,175.2000,42.4514,42.4514,4.1271,150.8200,18.0714,365.30,1507.61,analytical
Mistral-7B-v0.1,a40,128,128,105.7821,105.7821,95.2200,95.2200,1.1109,81.4021,70.8400,1210.03,1344.26,analytical
Mistral-7B-v0.1,a40,256,4,324.57,358.12,34.58,38.26,9.386,1291.59,12.17,22.35,210.48,simulated
Mistral-7B-v0.1,a40,256,8,358.11,358.11,37.93,37.93,9.441,1334.94,54.2,22.36,212.37,simulated
Mistral-7B-v0.1,a40,256,16,355.0510,355.0510,27.9302,27.9302,12.7121,330.6710,3.5502,45.06,572.86,analytical
Mistral-7B-v0.1,a40,256,32,349.0907,349.0907,36.7880,36.7880,9.4893,324.7107,12.4080,91.67,869.85,analytical
Mistral-7B-v0.1,a40,256,64,346.6400,346.6400,65.5829,65.5829,5.2855,322.2600,41.2029,184.63,975.86,analytical
Mistral-7B-v0.1,a40,256,128,197.9193,197.9193,176.1800,176.1800,1.1234,173.5393,151.8000,646.73,726.53,analytical
Mistral-7B-v0.1,a40,512,4,648.85,715.95,65.9,72.61,9.846,2722.9,149.56,11.18,110.56,simulated
Mistral-7B-v0.1,a40,512,8,713.2669,713.2669,51.6054,51.6054,13.8215,675.3369,13.6754,11.22,155.02,analytical
Mistral-7B-v0.1,a40,512,16,707.4573,707.4573,33.5887,33.5887,21.0624,683.0773,9.2087,22.62,476.35,analytical
Mistral-7B-v0.1,a40,512,32,694.6564,694.6564,52.2760,52.2760,13.2882,670.2764,27.8960,46.07,612.14,analytical
Mistral-7B-v0.1,a40,512,64,689.5200,689.5200,111.8457,111.8457,6.1649,665.1400,87.4657,92.82,572.22,analytical
Mistral-7B-v0.1,a40,512,128,382.1936,382.1936,338.1000,338.1000,1.1304,357.8136,313.7200,334.91,378.59,analytical
Mistral-7B-v0.1,h100,4,4,24.44,27.38,24.45,27.39,1.0,0.0,0.0,294.94,294.8,simulated
Mistral-7B-v0.1,h100,4,8,16.58,16.58,16.59,16.59,0.999,0.0,0.0,490.04,489.88,simulated
Mistral-7B-v0.1,h100,4,16,16.58,16.58,16.58,16.58,1.0,0.0,0.0,490.0,490.0,simulated
Mistral-7B-v0.1,h100,4,32,16.58,16.58,16.58,16.58,1.0,0.0,0.0,490.0,490.0,simulated
Mistral-7B-v0.1,h100,4,64,16.58,16.58,16.58,16.58,1.0,0.0,0.0,490.12,490.12,simulated
Mistral-7B-v0.1,h100,4,128,16.58,16.58,16.58,16.58,1.0,0.0,0.0,490.12,490.12,simulated
Mistral-7B-v0.1,h100,8,4,26.93,30.15,26.93,30.15,1.0,0.0,0.0,267.6,267.6,simulated
Mistral-7B-v0.1,h100,8,8,19.29,19.29,19.29,19.29,1.0,0.0,0.0,420.27,420.27,simulated
Mistral-7B-v0.1,h100,8,16,19.29,19.29,19.29,19.29,1.0,0.0,0.0,420.27,420.27,simulated
Mistral-7B-v0.1,h100,8,32,19.29,19.29,19.29,19.29,1.0,0.0,0.0,420.27,420.27,simulated
Mistral-7B-v0.1,h100,8,64,19.29,19.29,19.29,19.29,1.0,0.0,0.0,420.27,420.27,simulated
Mistral-7B-v0.1,h100,8,128,19.29,19.29,19.29,19.29,1.0,0.0,0.0,420.27,420.27,simulated
Mistral-7B-v0.1,h100,16,4,31.54,35.23,31.54,35.23,1.0,0.0,0.0,228.76,228.76,simulated
Mistral-7B-v0.1,h100,16,8,25.19,25.19,24.37,24.37,1.034,3.25,0.0,320.86,331.68,simulated
Mistral-7B-v0.1,h100,16,16,25.19,25.19,24.37,24.37,1.034,3.25,0.0,320.86,331.68,simulated
Mistral-7B-v0.1,h100,16,32,25.19,25.19,24.37,24.37,1.034,3.25,0.0,320.86,331.68,simulated
Mistral-7B-v0.1,h100,16,64,25.19,25.19,24.37,24.37,1.034,3.25,0.0,320.86,331.68,simulated
Mistral-7B-v0.1,h100,16,128,25.19,25.19,24.37,24.37,1.034,3.25,0.0,320.86,331.68,simulated
Mistral-7B-v0.1,h100,32,4,42.43,46.62,31.54,35.23,1.345,45.59,0.0,172.53,228.76,simulated
Mistral-7B-v0.1,h100,32,8,46.62,46.62,24.37,24.37,1.913,88.96,0.0,172.56,331.68,simulated
Mistral-7B-v0.1,h100,32,16,46.62,46.62,24.37,24.37,1.913,88.96,0.0,172.56,331.68,simulated
Mistral-7B-v0.1,h100,32,32,46.62,46.62,24.37,24.37,1.913,88.96,0.0,172.56,331.68,simulated
Mistral-7B-v0.1,h100,32,64,46.62,46.62,24.37,24.37,1.913,88.96,0.0,172.56,331.68,simulated
Mistral-7B-v0.1,h100,32,128,36.6814,36.6814,34.5300,34.5300,1.0623,12.3114,10.1600,3489.50,3706.92,analytical
Mistral-7B-v0.1,h100,64,4,81.56,89.96,31.54,35.23,2.586,218.92,0.0,89.19,228.76,simulated
Mistral-7B-v0.1,h100,64,8,89.95,89.95,24.37,24.37,3.691,262.28,0.0,89.2,331.68,simulated
Mistral-7B-v0.1,h100,64,16,89.95,89.95,24.37,24.37,3.691,262.28,0.0,89.2,331.68,simulated
Mistral-7B-v0.1,h100,64,32,89.95,89.95,24.37,24.37,3.691,262.28,0.0,89.2,331.68,simulated
Mistral-7B-v0.1,h100,64,64,89.4800,89.4800,30.9014,30.9014,2.8957,65.1100,6.5314,715.24,2071.10,analytical
Mistral-7B-v0.1,h100,64,128,59.7329,59.7329,54.8500,54.8500,1.0890,35.3629,30.4800,2142.87,2333.64,analytical
Mistral-7B-v0.1,h100,128,4,162.43,179.21,31.54,35.23,5.15,575.92,0.0,44.7,228.76,simulated
Mistral-7B-v0.1,h100,128,8,179.2,179.2,24.37,24.37,7.353,619.29,0.0,44.71,331.68,simulated
Mistral-7B-v0.1,h100,128,16,179.2,179.2,24.37,24.37,7.353,619.29,0.0,44.71,331.68,simulated
Mistral-7B-v0.1,h100,128,32,176.3079,176.3079,29.0524,29.0524,6.0686,151.9379,4.6824,181.50,1101.46,analytical
Mistral-7B-v0.1,h100,128,64,175.2000,175.2000,42.5129,42.5129,4.1211,150.8300,18.1429,365.30,1505.43,analytical
Mistral-7B-v0.1,h100,128,128,105.8357,105.8357,95.4900,95.4900,1.1083,81.4657,71.1200,1209.42,1340.45,analytical
Mistral-7B-v0.1,h100,256,4,324.57,358.12,34.58,38.26,9.386,1291.57,12.14,22.35,210.49,simulated
Mistral-7B-v0.1,h100,256,8,358.11,358.11,37.92,37.92,9.444,1334.94,54.2,22.36,212.37,simulated
Mistral-7B-v0.1,h100,256,16,355.0510,355.0510,27.9342,27.9342,12.7103,330.6810,3.5642,45.06,572.77,analytical
Mistral-7B-v0.1,h100,256,32,349.0907,349.0907,36.8270,36.8270,9.4792,324.7207,12.4570,91.67,868.93,analytical
Mistral-7B-v0.1,h100,256,64,346.6400,346.6400,65.7357,65.7357,5.2732,322.2700,41.3657,184.63,973.60,analytical
Mistral-7B-v0.1,h100,256,128,198.0414,198.0414,176.7700,176.7700,1.1203,173.6714,152.4000,646.33,724.10,analytical
Mistral-7B-v0.1,h100,512,4,648.85,715.95,65.9,72.61,9.846,2722.89,149.54,11.18,110.56,simulated
Mistral-7B-v0.1,h100,512,8,713.2669,713.2669,51.6065,51.6065,13.8212,675.3469,13.6865,11.22,155.02,analytical
Mistral-7B-v0.1,h100,512,16,707.4573,707.4573,33.6151,33.6151,21.0458,683.0873,9.2451,22.62,475.98,analytical
Mistral-7B-v0.1,h100,512,32,694.6564,694.6564,52.3763,52.3763,13.2628,670.2864,28.0063,46.07,610.96,analytical
Mistral-7B-v0.1,h100,512,64,689.5200,689.5200,112.1814,112.1814,6.1465,665.1500,87.8114,92.82,570.50,analytical
Mistral-7B-v0.1,h100,512,128,382.4529,382.4529,339.3300,339.3300,1.1271,358.0829,314.9600,334.68,377.21,analytical
Mixtral-8x7B-v0.1,a100,4,4,24.45,27.39,24.15,27.05,1.012,0.0,0.0,294.84,298.59,simulated
Mixtral-8x7B-v0.1,a100,4,8,16.59,16.59,16.37,16.37,1.013,0.0,0.0,489.88,496.42,simulated
Mixtral-8x7B-v0.1,a100,4,16,16.58,16.58,16.58,16.58,1.0,0.0,0.0,489.96,489.96,simulated
Mixtral-8x7B-v0.1,a100,4,32,16.58,16.58,16.58,16.58,1.0,0.0,0.0,490.02,490.02,simulated
Mixtral-8x7B-v0.1,a100,4,64,16.58,16.58,16.58,16.58,1.0,0.0,0.0,490.02,490.02,simulated
Mixtral-8x7B-v0.1,a100,4,128,16.58,16.58,16.58,16.58,1.0,0.0,0.0,490.02,490.02,simulated
Mixtral-8x7B-v0.1,a100,8,4,26.94,30.16,26.94,30.16,1.0,0.0,0.0,267.47,267.47,simulated
Mixtral-8x7B-v0.1,a100,8,8,19.3,19.3,19.3,19.3,1.0,0.0,0.0,419.96,419.96,simulated
Mixtral-8x7B-v0.1,a100,8,16,19.3,19.3,19.3,19.3,1.0,0.0,0.0,419.96,419.96,simulated
Mixtral-8x7B-v0.1,a100,8,32,19.3,19.3,19.3,19.3,1.0,0.0,0.0,419.96,419.96,simulated
Mixtral-8x7B-v0.1,a100,8,64,19.3,19.3,19.3,19.3,1.0,0.0,0.0,419.96,419.96,simulated
Mixtral-8x7B-v0.1,a100,8,128,19.3,19.3,19.3,19.3,1.0,0.0,0.0,419.96,419.96,simulated
Mixtral-8x7B-v0.1,a100,16,4,31.54,35.22,31.54,35.22,1.0,0.0,0.0,228.77,228.77,simulated
Mixtral-8x7B-v0.1,a100,16,8,25.19,25.19,24.39,24.39,1.033,3.17,0.0,320.87,331.42,simulated
Mixtral-8x7B-v0.1,a100,16,16,25.19,25.19,24.39,24.39,1.033,3.17,0.0,320.87,331.42,simulated
Mixtral-8x7B-v0.1,a100,16,32,25.19,25.19,24.39,24.39,1.033,3.17,0.0,320.87,331.42,simulated
Mixtral-8x7B-v0.1,a100,16,64,25.19,25.19,24.39,24.39,1.033,3.17,0.0,320.87,331.42,simulated
Mixtral-8x7B-v0.1,a100,16,128,25.19,25.19,24.39,24.39,1.033,3.17,0.0,320.87,331.42,simulated
Mixtral-8x7B-v0.1,a100,32,4,42.43,46.63,31.54,35.22,1.345,45.6,0.0,172.52,228.77,simulated
Mixtral-8x7B-v0.1,a100,32,8,46.62,46.62,24.39,24.39,1.911,88.89,0.0,172.56,331.42,simulated
Mixtral-8x7B-v0.1,a100,32,16,46.62,46.62,24.39,24.39,1.911,88.89,0.0,172.56,331.42,simulated
Mixtral-8x7B-v0.1,a100,32,32,46.62,46.62,24.39,24.39,1.911,88.89,0.0,172.56,331.42,simulated
Mixtral-8x7B-v0.1,a100,32,64,46.62,46.62,24.39,24.39,1.911,88.89,0.0,172.56,331.42,simulated
Mixtral-8x7B-v0.1,a100,32,128,36.6807,36.6807,34.5700,34.5700,1.0611,12.2907,10.1800,3489.57,3702.63,analytical
Mixtral-8x7B-v0.1,a100,64,4,81.57,89.96,31.54,35.22,2.586,218.93,0.0,89.19,228.77,simulated
Mixtral-8x7B-v0.1,a100,64,8,89.95,89.95,24.39,24.39,3.688,262.21,0.0,89.19,331.42,simulated
Mixtral-8x7B-v0.1,a100,64,16,89.95,89.95,24.39,24.39,3.688,262.21,0.0,89.19,331.42,simulated
Mixtral-8x7B-v0.1,a100,64,32,89.95,89.95,24.39,24.39,3.688,262.21,0.0,89.19,331.42,simulated
Mixtral-8x7B-v0.1,a100,64,64,89.4800,89.4800,30.9343,30.9343,2.8926,65.0900,6.5443,715.24,2068.90,analytical
Mixtral-8x7B-v0.1,a100,64,128,59.7264,59.7264,54.9300,54.9300,1.0873,35.3364,30.5400,2143.10,2330.24,analytical
Mixtral-8x7B-v0.1,a100,128,4,162.43,179.21,31.54,35.22,5.15,575.93,0.0,44.7,228.77,simulated
Mixtral-8x7B-v0.1,a100,128,8,179.2,179.2,24.39,24.39,7.347,619.21,0.0,44.71,331.42,simulated
Mixtral-8x7B-v0.1,a100,128,16,179.2,179.2,24.39,24.39,7.347,619.21,0.0,44.71,331.42,simulated
Mixtral-8x7B-v0.1,a100,128,32,176.3079,176.3079,29.0817,29.0817,6.0625,151.9179,4.6917,181.50,1100.35,analytical
Mixtral-8x7B-v0.1,a100,128,64,175.2000,175.2000,42.5686,42.5686,4.1157,150.8100,18.1786,365.30,1503.46,analytical
Mixtral-8x7B-v0.1,a100,128,128,105.8179,105.8179,95.6500,95.6500,1.1063,81.4279,71.2600,1209.63,1338.21,analytical
Mixtral-8x7B-v0.1,a100,256,4,324.57,358.12,34.58,38.27,9.386,1291.58,12.16,22.35,210.47,simulated
Mixtral-8x7B-v0.1,a100,256,8,358.11,358.11,37.93,37.93,9.441,1334.87,54.12,22.36,212.37,simulated
Mixtral-8x7B-v0.1,a100,256,16,355.0510,355.0510,27.9612,27.9612,12.6980,330.6610,3.5712,45.06,572.22,analytical
Mixtral-8x7B-v0.1,a100,256,32,349.0907,349.0907,36.8716,36.8716,9.4677,324.7007,12.4816,91.67,867.88,analytical
Mixtral-8x7B-v0.1,a100,256,64,346.6400,346.6400,65.8371,65.8371,5.2651,322.2500,41.4471,184.63,972.10,analytical
Mixtral-8x7B-v0.1,a100,256,128,198.0007,198.0007,177.0900,177.0900,1.1181,173.6107,152.7000,646.46,722.80,analytical
Mixtral-8x7B-v0.1,a100,512,4,648.85,715.95,65.9,72.61,9.846,2722.89,149.55,11.18,110.56,simulated
Mixtral-8x7B-v0.1,a100,512,8,708.0466,708.0466,51.6141,51.6141,13.7181,670.1166,13.6841,11.30,155.00,analytical
Mixtral-8x7B-v0.1,a100,512,16,707.4573,707.4573,33.6533,33.6533,21.0220,683.0673,9.2633,22.62,475.44,analytical
Mixtral-8x7B-v0.1,a100,512,32,694.6564,694.6564,52.4514,52.4514,13.2438,670.2664,28.0614,46.07,610.09,analytical
Mixtral-8x7B-v0.1,a100,512,64,689.5200,689.5200,112.3743,112.3743,6.1359,665.1300,87.9843,92.82,569.53,analytical
Mixtral-8x7B-v0.1,a100,512,128,382.3664,382.3664,339.9700,339.9700,1.1247,357.9764,315.5800,334.76,376.50,analytical
Mixtral-8x7B-v0.1,a40,4,4,24.43,27.37,24.43,27.36,1.0,0.0,0.0,295.05,295.13,simulated
Mixtral-8x7B-v0.1,a40,4,8,16.57,16.57,16.57,16.57,1.0,0.0,0.0,490.2,490.33,simulated
Mixtral-8x7B-v0.1,a40,4,16,16.58,16.58,16.58,16.58,1.0,0.0,0.0,490.13,490.1,simulated
Mixtral-8x7B-v0.1,a40,4,32,16.58,16.58,16.58,16.58,1.0,0.0,0.0,490.13,490.13,simulated
Mixtral-8x7B-v0.1,a40,4,64,16.58,16.58,16.58,16.58,1.0,0.0,0.0,490.13,490.13,simulated
Mixtral-8x7B-v0.1,a40,4,128,16.57,16.57,16.57,16.57,1.0,0.0,0.0,490.2,490.2,simulated
Mixtral-8x7B-v0.1,a40,8,4,26.94,30.17,26.94,30.17,1.0,0.0,0.0,267.47,267.47,simulated
Mixtral-8x7B-v0.1,a40,8,8,19.3,19.3,19.3,19.3,1.0,0.0,0.0,419.98,419.98,simulated
Mixtral-8x7B-v0.1,a40,8,16,19.3,19.3,19.3,19.3,1.0,0.0,0.0,419.98,419.98,simulated
Mixtral-8x7B-v0.1,a40,8,32,19.3,19.3,19.3,19.3,1.0,0.0,0.0,419.98,419.98,simulated
Mixtral-8x7B-v0.1,a40,8,64,19.3,19.3,19.3,19.3,1.0,0.0,0.0,419.98,419.98,simulated
Mixtral-8x7B-v0.1,a40,8,128,19.3,19.3,19.3,19.3,1.0,0.0,0.0,419.98,419.98,simulated
Mixtral-8x7B-v0.1,a40,16,4,31.57,35.25,31.57,35.25,1.0,0.0,0.0,228.6,228.6,simulated
Mixtral-8x7B-v0.1,a40,16,8,25.18,25.18,24.39,24.39,1.032,3.17,0.0,320.94,331.46,simulated
Mixtral-8x7B-v0.1,a40,16,16,25.18,25.18,24.39,24.39,1.032,3.17,0.0,320.94,331.46,simulated
Mixtral-8x7B-v0.1,a40,16,32,25.18,25.18,24.39,24.39,1.032,3.17,0.0,320.94,331.46,simulated
Mixtral-8x7B-v0.1,a40,16,64,25.18,25.18,24.39,24.39,1.032,3.17,0.0,320.94,331.46,simulated
Mixtral-8x7B-v0.1,a40,16,128,25.18,25.18,24.39,24.39,1.032,3.17,0.0,320.94,331.46,simulated
Mixtral-8x7B-v0.1,a40,32,4,42.43,46.62,31.57,35.25,1.344,45.5,0.0,172.53,228.6,simulated
Mixtral-8x7B-v0.1,a40,32,8,46.62,46.62,24.39,24.39,1.911,88.9,0.0,172.56,331.46,simulated
Mixtral-8x7B-v0.1,a40,32,16,46.62,46.62,24.39,24.39,1.911,88.9,0.0,172.56,331.46,simulated
Mixtral-8x7B-v0.1,a40,32,32,46.62,46.62,24.39,24.39,1.911,88.9,0.0,172.56,331.46,simulated
Mixtral-8x7B-v0.1,a40,32,64,46.62,46.62,24.39,24.39,1.911,88.9,0.0,172.56,331.46,simulated
Mixtral-8x7B-v0.1,a40,32,128,36.6700,36.6700,34.5700,34.5700,1.0607,12.2800,10.1800,3490.59,3702.63,analytical
Mixtral-8x7B-v0.1,a40,64,4,81.56,89.96,31.57,35.25,2.583,218.82,0.0,89.19,228.6,simulated
Mixtral-8x7B-v0.1,a40,64,8,89.95,89.95,24.39,24.39,3.688,262.22,0.0,89.2,331.46,simulated
Mixtral-8x7B-v0.1,a40,64,16,89.95,89.95,24.39,24.39,3.688,262.22,0.0,89.2,331.46,simulated
Mixtral-8x7B-v0.1,a40,64,32,89.95,89.95,24.39,24.39,3.688,262.22,0.0,89.2,331.46,simulated
Mixtral-8x7B-v0.1,a40,64,64,89.5000,89.5000,30.9343,30.9343,2.8932,65.1100,6.5443,715.08,2068.90,analytical
Mixtral-8x7B-v0.1,a40,64,128,59.7100,59.7100,54.9300,54.9300,1.0870,35.3200,30.5400,2143.69,2330.24,analytical
Mixtral-8x7B-v0.1,a40,128,4,162.43,179.21,31.57,35.25,5.145,575.83,0.0,44.7,228.6,simulated
Mixtral-8x7B-v0.1,a40,128,8,179.2,179.2,24.39,24.39,7.347,619.23,0.0,44.71,331.46,simulated
Mixtral-8x7B-v0.1,a40,128,16,179.2,179.2,24.39,24.39,7.347,619.23,0.0,44.71,331.46,simulated
Mixtral-8x7B-v0.1,a40,128,32,176.3207,176.3207,29.0817,29.0817,6.0630,151.9307,4.6917,181.49,1100.35,analytical
Mixtral-8x7B-v0.1,a40,128,64,175.2600,175.2600,42.5686,42.5686,4.1171,150.8700,18.1786,365.17,1503.46,analytical
Mixtral-8x7B-v0.1,a40,128,128,105.7900,105.7900,95.6500,95.6500,1.1060,81.4000,71.2600,1209.94,1338.21,analytical
Mixtral-8x7B-v0.1,a40,256,4,324.57,358.12,34.58,38.26,9.386,1291.48,12.05,22.35,210.49,simulated
Mixtral-8x7B-v0.1,a40,256,8,358.11,358.11,37.92,37.92,9.444,1334.88,54.14,22.36,212.37,simulated
Mixtral-8x7B-v0.1,a40,256,16,355.0603,355.0603,27.9612,27.9612,12.6983,330.6703,3.5712,45.06,572.22,analytical
Mixtral-8x7B-v0.1,a40,256,32,349.1264,349.1264,36.8716,36.8716,9.4687,324.7364,12.4816,91.66,867.88,analytical
Mixtral-8x7B-v0.1,a40,256,64,346.7800,346.7800,65.8371,65.8371,5.2672,322.3900,41.4471,184.56,972.10,analytical
Mixtral-8x7B-v0.1,a40,256,128,197.9500,197.9500,177.0900,177.0900,1.1178,173.5600,152.7000,646.63,722.80,analytical
Mixtral-8x7B-v0.1,a40,512,4,648.85,715.95,65.9,72.61,9.846,2722.79,149.45,11.18,110.56,simulated
Mixtral-8x7B-v0.1,a40,512,8,713.2739,713.2739,51.5961,51.5961,13.8242,675.3539,13.6761,11.22,155.05,analytical
Mixtral-8x7B-v0.1,a40,512,16,707.4818,707.4818,33.6533,33.6533,21.0227,683.0918,9.2633,22.62,475.44,analytical
Mixtral-8x7B-v0.1,a40,512,32,694.7379,694.7379,52.4514,52.4514,13.2454,670.3479,28.0614,46.06,610.09,analytical
Mixtral-8x7B-v0.1,a40,512,64,689.8200,689.8200,112.3743,112.3743,6.1386,665.4300,87.9843,92.78,569.53,analytical
Mixtral-8x7B-v0.1,a40,512,128,382.2700,382.2700,339.9700,339.9700,1.1244,357.8800,315.5800,334.84,376.50,analytical
Mixtral-8x7B-v0.1,h100,4,4,24.13,27.02,24.45,27.39,0.987,0.0,0.0,298.85,294.84,simulated
Mixtral-8x7B-v0.1,h100,4,8,16.37,16.37,16.38,16.38,0.999,0.0,0.0,496.33,496.21,simulated
Mixtral-8x7B-v0.1,h100,4,16,16.38,16.38,16.38,16.38,1.0,0.0,0.0,496.25,496.25,simulated
Mixtral-8x7B-v0.1,h100,4,32,16.38,16.38,16.38,16.38,1.0,0.0,0.0,496.23,496.23,simulated
Mixtral-8x7B-v0.1,h100,4,64,16.38,16.38,16.38,16.38,1.0,0.0,0.0,496.23,496.23,simulated
Mixtral-8x7B-v0.1,h100,4,128,16.38,16.38,16.38,16.38,1.0,0.0,0.0,496.23,496.23,simulated
Mixtral-8x7B-v0.1,h100,8,4,26.6,29.78,26.6,29.78,1.0,0.0,0.0,270.93,270.93,simulated
Mixtral-8x7B-v0.1,h100,8,8,19.09,19.09,19.09,19.09,1.0,0.0,0.0,424.77,424.77,simulated
Mixtral-8x7B-v0.1,h100,8,16,19.09,19.09,19.09,19.09,1.0,0.0,0.0,424.77,424.77,simulated
Mixtral-8x7B-v0.1,h100,8,32,19.09,19.09,19.09,19.09,1.0,0.0,0.0,424.77,424.77,simulated
Mixtral-8x7B-v0.1,h100,8,64,19.09,19.09,19.09,19.09,1.0,0.0,0.0,424.77,424.77,simulated
Mixtral-8x7B-v0.1,h100,8,128,19.09,19.09,19.09,19.09,1.0,0.0,0.0,424.77,424.77,simulated
Mixtral-8x7B-v0.1,h100,16,4,31.2,34.85,31.2,34.85,1.0,0.0,0.0,231.25,231.25,simulated
Mixtral-8x7B-v0.1,h100,16,8,25.1,25.1,24.18,24.18,1.038,3.68,0.0,321.95,334.32,simulated
Mixtral-8x7B-v0.1,h100,16,16,25.1,25.1,24.18,24.18,1.038,3.68,0.0,321.95,334.32,simulated
Mixtral-8x7B-v0.1,h100,16,32,25.1,25.1,24.18,24.18,1.038,3.68,0.0,321.95,334.32,simulated
Mixtral-8x7B-v0.1,h100,16,64,25.1,25.1,24.18,24.18,1.038,3.68,0.0,321.95,334.32,simulated
Mixtral-8x7B-v0.1,h100,16,128,25.1,25.1,24.18,24.18,1.038,3.68,0.0,321.95,334.32,simulated
Mixtral-8x7B-v0.1,h100,32,4,42.39,46.58,31.2,34.85,1.359,46.94,0.0,172.68,231.25,simulated
Mixtral-8x7B-v0.1,h100,32,8,46.57,46.57,24.18,24.18,1.926,89.56,0.0,172.71,334.32,simulated
Mixtral-8x7B-v0.1,h100,32,16,46.57,46.57,24.18,24.18,1.926,89.56,0.0,172.71,334.32,simulated
Mixtral-8x7B-v0.1,h100,32,32,46.57,46.57,24.18,24.18,1.926,89.56,0.0,172.71,334.32,simulated
Mixtral-8x7B-v0.1,h100,32,64,46.57,46.57,24.18,24.18,1.926,89.56,0.0,172.71,334.32,simulated
Mixtral-8x7B-v0.1,h100,32,128,36.7407,36.7407,34.3600,34.3600,1.0693,12.5607,10.1800,3483.87,3725.26,analytical
Mixtral-8x7B-v0.1,h100,64,4,81.52,89.91,31.2,34.85,2.613,220.26,0.0,89.23,231.25,simulated
Mixtral-8x7B-v0.1,h100,64,8,89.91,89.91,24.18,24.18,3.718,262.88,0.0,89.24,334.32,simulated
Mixtral-8x7B-v0.1,h100,64,16,89.91,89.91,24.18,24.18,3.718,262.88,0.0,89.24,334.32,simulated
Mixtral-8x7B-v0.1,h100,64,32,89.91,89.91,24.18,24.18,3.718,262.88,0.0,89.24,334.32,simulated
Mixtral-8x7B-v0.1,h100,64,64,89.5100,89.5100,30.7243,30.7243,2.9133,65.3300,6.5443,715.00,2083.04,analytical
Mixtral-8x7B-v0.1,h100,64,128,60.1064,60.1064,54.7200,54.7200,1.0984,35.9264,30.5400,2129.56,2339.18,analytical
Mixtral-8x7B-v0.1,h100,128,4,162.43,179.21,31.2,34.85,5.206,577.43,0.0,44.7,231.25,simulated
Mixtral-8x7B-v0.1,h100,128,8,179.2,179.2,24.18,24.18,7.411,620.05,0.0,44.71,334.32,simulated
Mixtral-8x7B-v0.1,h100,128,16,179.2,179.2,24.18,24.18,7.411,620.05,0.0,44.71,334.32,simulated
Mixtral-8x7B-v0.1,h100,128,32,176.3329,176.3329,28.8717,28.8717,6.1075,152.1529,4.6917,181.47,1108.35,analytical
Mixtral-8x7B-v0.1,h100,128,64,175.3900,175.3900,42.3586,42.3586,4.1406,151.2100,18.1786,364.90,1510.91,analytical
Mixtral-8x7B-v0.1,h100,128,128,106.8379,106.8379,95.4400,95.4400,1.1194,82.6579,71.2600,1198.08,1341.16,analytical
Mixtral-8x7B-v0.1,h100,256,4,324.57,358.12,34.54,38.18,9.397,1293.08,13.33,22.35,210.93,simulated
Mixtral-8x7B-v0.1,h100,256,8,358.11,358.11,37.88,37.88,9.454,1335.71,54.8,22.36,212.6,simulated
Mixtral-8x7B-v0.1,h100,256,16,355.1445,355.1445,27.7512,27.7512,12.7974,330.9645,3.5712,45.05,576.55,analytical
Mixtral-8x7B-v0.1,h100,256,32,349.2357,349.2357,36.6616,36.6616,9.5259,325.0557,12.4816,91.63,872.85,analytical
Mixtral-8x7B-v0.1,h100,256,64,347.1500,347.1500,65.6271,65.6271,5.2897,322.9700,41.4471,184.36,975.21,analytical
Mixtral-8x7B-v0.1,h100,256,128,200.3007,200.3007,176.8800,176.8800,1.1324,176.1207,152.7000,639.04,723.65,analytical
Mixtral-8x7B-v0.1,h100,512,4,648.85,715.95,65.86,72.57,9.852,2724.4,150.88,11.18,110.63,simulated
Mixtral-8x7B-v0.1,h100,512,8,713.3637,713.3637,51.6924,51.6924,13.8002,675.4837,13.8124,11.21,154.76,analytical
Mixtral-8x7B-v0.1,h100,512,16,707.7317,707.7317,33.4433,33.4433,21.1622,683.5517,9.2633,22.61,478.42,analytical
Mixtral-8x7B-v0.1,h100,512,32,695.0414,695.0414,52.2414,52.2414,13.3044,670.8614,28.0614,46.04,612.54,analytical
Mixtral-8x7B-v0.1,h100,512,64,690.6700,690.6700,112.1643,112.1643,6.1577,666.4900,87.9843,92.66,570.59,analytical
Mixtral-8x7B-v0.1,h100,512,128,387.2264,387.2264,339.7600,339.7600,1.1397,363.0464,315.5800,330.56,376.74,analytical
Qwen-72B,a100,4,4,243.9,271.69,243.9,271.69,1.0,0.0,0.0,29.47,29.47,simulated
Qwen-72B,a100,4,8,168.96,168.96,168.96,168.96,1.0,0.0,0.0,47.42,47.42,simulated
Qwen-72B,a100,4,16,168.96,168.96,168.96,168.96,1.0,0.0,0.0,47.42,47.42,simulated
Qwen-72B,a100,4,32,168.96,168.96,168.96,168.96,1.0,0.0,0.0,47.42,47.42,simulated
Qwen-72B,a100,4,64,168.9600,168.9600,168.9600,168.9600,1.0000,0.0000,0.0000,378.79,378.79,analytical
Qwen-72B,a100,4,128,168.9600,168.9600,168.9600,168.9600,1.0000,0.0000,0.0000,757.58,757.58,analytical
Qwen-72B,a100,8,4,243.9,271.7,243.87,271.67,1.0,0.0,0.0,29.47,29.48,simulated
Qwen-72B,a100,8,8,242.36,242.36,168.94,168.94,1.435,293.61,0.0,33.04,47.42,simulated
Qwen-72B,a100,8,16,242.36,242.36,168.95,168.95,1.435,293.65,0.0,33.04,47.42,simulated
Qwen-72B,a100,8,32,168.9600,168.9600,168.9600,168.9600,1.0000,0.0000,0.0000,189.39,189.39,analytical
Qwen-72B,a100,8,64,168.9600,168.9600,168.9600,168.9600,1.0000,0.0000,0.0000,378.79,378.79,analytical
Qwen-72B,a100,8,128,168.9600,168.9600,168.9600,168.9600,1.0000,0.0000,0.0000,757.58,757.58,analytical
Qwen-72B,a100,16,4,417.16,459.18,243.9,271.69,1.71,750.05,0.0,17.43,29.47,simulated
Qwen-72B,a100,16,8,459.06,459.06,168.95,168.95,2.717,1160.43,0.0,17.44,47.42,simulated
Qwen-72B,a100,16,16,389.1600,389.1600,168.9500,168.9500,2.3034,220.2100,0.0000,41.11,94.70,analytical
Qwen-72B,a100,16,32,168.9600,168.9600,168.9600,168.9600,1.0000,0.0000,0.0000,189.39,189.39,analytical
Qwen-72B,a100,16,64,168.9600,168.9600,168.9600,168.9600,1.0000,0.0000,0.0000,378.79,378.79,analytical
Qwen-72B,a100,16,128,168.9600,168.9600,168.9600,168.9600,1.0000,0.0000,0.0000,757.58,757.58,analytical
Qwen-72B,a100,32,4,811.66,895.62,243.9,271.7,3.328,2495.7,0.0,8.93,29.47,simulated
Qwen-72B,a100,32,8,892.4600,892.4600,168.9500,168.9500,5.2824,723.5100,0.0000,8.96,47.35,analytical
Qwen-72B,a100,32,16,682.7600,682.7600,168.9500,168.9500,4.0412,513.8100,0.0000,23.43,94.70,analytical
Qwen-72B,a100,32,32,168.9600,168.9600,168.9600,168.9600,1.0000,0.0000,0.0000,189.39,189.39,analytical
Qwen-72B,a100,32,64,168.9600,168.9600,168.9600,168.9600,1.0000,0.0000,0.0000,378.79,378.79,analytical
Qwen-72B,a100,32,128,168.9600,168.9600,168.9600,168.9600,1.0000,0.0000,0.0000,757.58,757.58,analytical
Qwen-72B,a100,64,4,1600.6600,1773.5682,243.9000,270.2468,6.5628,1356.7600,0.0000,2.50,16.40,analytical
Qwen-72B,a100,64,8,1759.2600,1759.2600,168.9500,168.9500,10.4129,1590.3100,0.0000,4.55,47.35,analytical
Qwen-72B,a100,64,16,1269.9600,1269.9600,168.9500,168.9500,7.5168,1101.0100,0.0000,12.60,94.70,analytical
Qwen-72B,a100,64,32,168.9600,168.9600,168.9600,168.9600,1.0000,0.0000,0.0000,189.39,189.39,analytical
Qwen-72B,a100,64,64,168.9600,168.9600,168.9600,168.9600,1.0000,0.0000,0.0000,378.79,378.79,analytical
Qwen-72B,a100,64,128,168.9600,168.9600,168.9600,168.9600,1.0000,0.0000,0.0000,757.58,757.58,analytical
Qwen-72B,a100,128,4,3178.6600,3522.0287,243.9000,270.2468,13.0326,2934.7600,0.0000,1.26,16.40,analytical
Qwen-72B,a100,128,8,3492.8600,3492.8600,168.9500,168.9500,20.6739,3323.9100,0.0000,2.29,47.35,analytical
Qwen-72B,a100,128,16,2444.3600,2444.3600,168.9500,168.9500,14.4679,2275.4100,0.0000,6.55,94.70,analytical
Qwen-72B,a100,128,32,168.9600,168.9600,168.9600,168.9600,1.0000,0.0000,0.0000,189.39,189.39,analytical
Qwen-72B,a100,128,64,168.9600,168.9600,168.9600,168.9600,1.0000,0.0000,0.0000,378.79,378.79,analytical
Qwen-72B,a100,128,128,168.9600,168.9600,168.9600,168.9600,1.0000,0.0000,0.0000,757.58,757.58,analytical
Qwen-72B,a100,256,4,6334.6600,7018.9495,243.9000,270.2468,25.9724,6090.7600,0.0000,0.63,16.40,analytical
Qwen-72B,a100,256,8,6960.0600,6960.0600,168.9500,168.9500,41.1960,6791.1100,0.0000,1.15,47.35,analytical
Qwen-72B,a100,256,16,4793.1600,4793.1600,168.9500,168.9500,28.3703,4624.2100,0.0000,3.34,94.70,analytical
Qwen-72B,a100,256,32,168.9600,168.9600,168.9600,168.9600,1.0000,0.0000,0.0000,189.39,189.39,analytical
Qwen-72B,a100,256,64,168.9600,168.9600,168.9600,168.9600,1.0000,0.0000,0.0000,378.79,378.79,analytical
Qwen-72B,a100,256,128,168.9600,168.9600,168.9600,168.9600,1.0000,0.0000,0.0000,757.58,757.58,analytical
Qwen-72B,a100,512,4,12646.6600,14012.7912,243.9000,270.2468,51.8518,12402.7600,0.0000,0.32,16.40,analytical
Qwen-72B,a100,512,8,13894.4600,13894.4600,168.9500,168.9500,82.2401,13725.5100,0.0000,0.58,47.35,analytical
Qwen-72B,a100,512,16,9490.7600,9490.7600,168.9500,168.9500,56.1750,9321.8100,0.0000,1.69,94.70,analytical
Qwen-72B,a100,512,32,168.9600,168.9600,168.9600,168.9600,1.0000,0.0000,0.0000,189.39,189.39,analytical
Qwen-72B,a100,512,64,168.9600,168.9600,168.9600,168.9600,1.0000,0.0000,0.0000,378.79,378.79,analytical
Qwen-72B,a100,512,128,168.9600,168.9600,168.9600,168.9600,1.0000,0.0000,0.0000,757.58,757.58,analytical
Qwen-72B,a40,4,4,668.04,747.87,668.04,747.87,1.0,0.0,0.0,10.7,10.7,simulated
Qwen-72B,a40,4,8,471.63,471.63,471.6,471.6,1.0,0.0,0.0,16.97,16.97,simulated
Qwen-72B,a40,4,16,471.68,471.68,471.63,471.63,1.0,0.0,0.0,16.97,16.97,simulated
Qwen-72B,a40,4,32,471.68,471.68,471.68,471.68,1.0,0.0,0.0,16.97,16.97,simulated
Qwen-72B,a40,4,64,471.6800,471.6800,471.6800,471.6800,1.0000,0.0000,0.0000,135.69,135.69,analytical
Qwen-72B,a40,4,128,471.6800,471.6800,471.6800,471.6800,1.0000,0.0000,0.0000,271.37,271.37,analytical
Qwen-72B,a40,8,4,668.1,747.94,668.04,747.87,1.0,0.0,0.0,10.7,10.7,simulated
Qwen-72B,a40,8,8,471.63,471.63,471.68,471.68,1.0,0.0,0.0,16.97,16.97,simulated
Qwen-72B,a40,8,16,471.63,471.63,471.63,471.63,1.0,0.0,0.0,16.97,16.97,simulated
Qwen-72B,a40,8,32,471.6800,471.6800,471.6800,471.6800,1.0000,0.0000,0.0000,67.84,67.84,analytical
Qwen-72B,a40,8,64,471.7300,471.7300,471.7300,471.7300,1.0000,0.0500,0.0500,135.67,135.67,analytical
Qwen-72B,a40,8,128,471.7800,471.7800,471.7800,471.7800,1.0000,0.1000,0.1000,271.31,271.31,analytical
Qwen-72B,a40,16,4,667.91,747.75,667.91,747.75,1.0,0.0,0.0,10.7,10.7,simulated
Qwen-72B,a40,16,8,504.55,504.55,471.63,471.63,1.07,131.66,0.0,15.86,16.97,simulated
Qwen-72B,a40,16,16,471.6300,471.6300,471.6300,471.6300,1.0000,0.0000,0.0000,33.92,33.92,analytical
Qwen-72B,a40,16,32,471.6800,471.6800,471.6800,471.6800,1.0000,0.0000,0.0000,67.84,67.84,analytical
Qwen-72B,a40,16,64,471.7300,471.7300,471.7300,471.7300,1.0000,0.0500,0.0500,135.67,135.67,analytical
Qwen-72B,a40,16,128,471.7800,471.7800,471.7800,471.7800,1.0000,0.1000,0.1000,271.31,271.31,analytical
Qwen-72B,a40,32,4,854.11,938.07,667.91,747.75,1.279,761.27,0.0,8.53,10.7,simulated
Qwen-72B,a40,32,8,549.2271,549.2271,471.6300,471.6300,1.1645,77.5971,0.0000,14.57,16.96,analytical
Qwen-72B,a40,32,16,471.6300,471.6300,471.6300,471.6300,1.0000,0.0000,0.0000,33.92,33.92,analytical
Qwen-72B,a40,32,32,471.6800,471.6800,471.6800,471.6800,1.0000,0.0000,0.0000,67.84,67.84,analytical
Qwen-72B,a40,32,64,471.7300,471.7300,471.7300,471.7300,1.0000,0.0500,0.0500,135.67,135.67,analytical
Qwen-72B,a40,32,128,471.7800,471.7800,471.7800,471.7800,1.0000,0.1000,0.1000,271.31,271.31,analytical
Qwen-72B,a40,64,4,1051.4299,1171.5138,667.9100,744.1920,1.5742,383.5199,0.0000,3.80,5.99,analytical
Qwen-72B,a40,64,8,643.2843,643.2843,471.6300,471.6300,1.3640,171.6543,0.0000,12.44,16.96,analytical
Qwen-72B,a40,64,16,471.6300,471.6300,471.6300,471.6300,1.0000,0.0000,0.0000,33.92,33.92,analytical
Qwen-72B,a40,64,32,471.6800,471.6800,471.6800,471.6800,1.0000,0.0000,0.0000,67.84,67.84,analytical
Qwen-72B,a40,64,64,471.7300,471.7300,471.7300,471.7300,1.0000,0.0500,0.0500,135.67,135.67,analytical
Qwen-72B,a40,64,128,471.7800,471.7800,471.7800,471.7800,1.0000,0.1000,0.1000,271.31,271.31,analytical
Qwen-72B,a40,128,4,1491.4494,1661.7879,667.9100,744.1920,2.2330,823.5394,0.0000,2.68,5.99,analytical
Qwen-72B,a40,128,8,831.3986,831.3986,471.6300,471.6300,1.7628,359.7686,0.0000,9.62,16.96,analytical
Qwen-72B,a40,128,16,471.6300,471.6300,471.6300,471.6300,1.0000,0.0000,0.0000,33.92,33.92,analytical
Qwen-72B,a40,128,32,471.6800,471.6800,471.6800,471.6800,1.0000,0.0000,0.0000,67.84,67.84,analytical
Qwen-72B,a40,128,64,471.7300,471.7300,471.7300,471.7300,1.0000,0.0500,0.0500,135.67,135.67,analytical
Qwen-72B,a40,128,128,471.7800,471.7800,471.7800,471.7800,1.0000,0.1000,0.1000,271.31,271.31,analytical
Qwen-72B,a40,256,4,2371.4883,2642.3361,667.9100,744.1920,3.5506,1703.5783,0.0000,1.69,5.99,analytical
Qwen-72B,a40,256,8,1207.6271,1207.6271,471.6300,471.6300,2.5605,735.9971,0.0000,6.62,16.96,analytical
Qwen-72B,a40,256,16,471.6300,471.6300,471.6300,471.6300,1.0000,0.0000,0.0000,33.92,33.92,analytical
Qwen-72B,a40,256,32,471.6800,471.6800,471.6800,471.6800,1.0000,0.0000,0.0000,67.84,67.84,analytical
Qwen-72B,a40,256,64,471.7300,471.7300,471.7300,471.7300,1.0000,0.0500,0.0500,135.67,135.67,analytical
Qwen-72B,a40,256,128,471.7800,471.7800,471.7800,471.7800,1.0000,0.1000,0.1000,271.31,271.31,analytical
Qwen-72B,a40,512,4,4131.5663,4603.4326,667.9100,744.1920,6.1858,3463.6563,0.0000,0.97,5.99,analytical
Qwen-72B,a40,512,8,1960.0843,1960.0843,471.6300,471.6300,4.1560,1488.4543,0.0000,4.08,16.96,analytical
Qwen-72B,a40,512,16,471.6300,471.6300,471.6300,471.6300,1.0000,0.0000,0.0000,33.92,33.92,analytical
Qwen-72B,a40,512,32,471.6800,471.6800,471.6800,471.6800,1.0000,0.0000,0.0000,67.84,67.84,analytical
Qwen-72B,a40,512,64,471.7300,471.7300,471.7300,471.7300,1.0000,0.0500,0.0500,135.67,135.67,analytical
Qwen-72B,a40,512,128,471.7800,471.7800,471.7800,471.7800,1.0000,0.1000,0.1000,271.31,271.31,analytical
Qwen-72B,h100,4,4,126.65,142.06,126.62,142.03,1.0,0.0,0.0,56.42,56.43,simulated
Qwen-72B,h100,4,8,122.89,122.89,90.14,90.14,1.363,130.79,0.0,65.23,89.0,simulated
Qwen-72B,h100,4,16,122.89,122.89,90.13,90.13,1.363,130.8,0.0,65.23,89.01,simulated
Qwen-72B,h100,4,32,122.89,122.89,90.18,90.18,1.363,130.79,0.0,65.23,88.97,simulated
Qwen-72B,h100,4,64,122.8900,122.8900,90.2300,90.2300,1.3620,32.7100,0.0500,520.79,709.30,analytical
Qwen-72B,h100,4,128,122.8900,122.8900,90.2801,90.2801,1.3612,32.7100,0.1001,1041.58,1417.81,analytical
Qwen-72B,h100,8,4,210.31,231.35,126.75,142.17,1.659,356.75,0.0,34.62,56.37,simulated
Qwen-72B,h100,8,8,231.24,231.24,90.17,90.17,2.564,564.27,0.0,34.63,88.97,simulated
Qwen-72B,h100,8,16,231.24,231.24,90.17,90.17,2.564,564.27,0.0,34.63,88.97,simulated
Qwen-72B,h100,8,32,245.7800,245.7800,90.1800,90.1800,2.7254,155.6000,0.0000,130.20,354.85,analytical
Qwen-72B,h100,8,64,261.2343,261.2343,90.1900,90.1900,2.8965,171.0543,0.0100,244.99,709.61,analytical
Qwen-72B,h100,8,128,277.6602,277.6602,90.2000,90.2000,3.0783,187.4802,0.0200,461.00,1419.07,analytical
Qwen-72B,h100,16,4,406.22,448.23,126.75,142.17,3.205,1224.24,0.0,17.86,56.37,simulated
Qwen-72B,h100,16,8,448.11,448.11,90.17,90.17,4.97,1431.77,0.0,17.86,88.97,simulated
Qwen-72B,h100,16,16,447.9400,447.9400,90.1700,90.1700,4.9677,357.7700,0.0000,35.72,177.44,analytical
Qwen-72B,h100,16,32,491.5600,491.5600,90.1800,90.1800,5.4509,401.3800,0.0000,65.10,354.85,analytical
Qwen-72B,h100,16,64,539.4277,539.4277,90.1900,90.1900,5.9810,449.2477,0.0100,118.64,709.61,analytical
Qwen-72B,h100,16,128,591.9567,591.9567,90.2000,90.2000,6.5627,501.7767,0.0200,216.23,1419.07,analytical
Qwen-72B,h100,32,4,811.66,895.62,126.75,142.17,6.404,3013.8,0.0,8.93,56.37,simulated
Qwen-72B,h100,32,8,881.7407,881.7407,90.1700,90.1700,9.7786,791.5707,0.0000,9.07,88.72,analytical
Qwen-72B,h100,32,16,881.3400,881.3400,90.1700,90.1700,9.7742,791.1700,0.0000,18.15,177.44,analytical
Qwen-72B,h100,32,32,983.1200,983.1200,90.1800,90.1800,10.9018,892.9400,0.0000,32.55,354.85,analytical
Qwen-72B,h100,32,64,1096.6539,1096.6539,90.1900,90.1900,12.1594,1006.4739,0.0100,58.36,709.61,analytical
Qwen-72B,h100,32,128,1223.2990,1223.2990,90.2000,90.2000,13.5621,1133.1190,0.0200,104.64,1419.07,analytical
Qwen-72B,h100,64,4,1613.7843,1786.6915,126.7500,140.3305,12.7320,1487.0343,0.0000,2.48,31.56,analytical
Qwen-72B,h100,64,8,1749.0264,1749.0264,90.1700,90.1700,19.3970,1658.8564,0.0000,4.57,88.72,analytical
Qwen-72B,h100,64,16,1748.1400,1748.1400,90.1700,90.1700,19.3872,1657.9700,0.0000,9.15,177.44,analytical
Qwen-72B,h100,64,32,1966.2400,1966.2400,90.1800,90.1800,21.8035,1876.0600,0.0000,16.27,354.85,analytical
Qwen-72B,h100,64,64,2211.5504,2211.5504,90.1900,90.1900,24.5210,2121.3704,0.0100,28.94,709.61,analytical
Qwen-72B,h100,64,128,2487.4660,2487.4660,90.2000,90.2000,27.5772,2397.2860,0.0200,51.46,1419.07,analytical
Qwen-72B,h100,128,4,3219.9786,3564.9799,126.7500,140.3305,25.4042,3093.2286,0.0000,1.24,31.56,analytical
Qwen-72B,h100,128,8,3483.5979,3483.5979,90.1700,90.1700,38.6337,3393.4279,0.0000,2.30,88.72,analytical
Qwen-72B,h100,128,16,3481.7400,3481.7400,90.1700,90.1700,38.6131,3391.5700,0.0000,4.60,177.44,analytical
Qwen-72B,h100,128,32,3932.4800,3932.4800,90.1800,90.1800,43.6070,3842.3000,0.0000,8.14,354.85,analytical
Qwen-72B,h100,128,64,4441.5720,4441.5720,90.1900,90.1900,49.2468,4351.3920,0.0100,14.41,709.61,analytical
Qwen-72B,h100,128,128,5016.5702,5016.5702,90.2000,90.2000,55.6161,4926.3902,0.0200,25.52,1419.07,analytical
Qwen-72B,h100,256,4,6432.3671,7121.5565,126.7500,140.3305,50.7485,6305.6171,0.0000,0.62,31.56,analytical
Qwen-72B,h100,256,8,6952.7407,6952.7407,90.1700,90.1700,77.1070,6862.5707,0.0000,1.15,88.72,analytical
Qwen-72B,h100,256,16,6948.9400,6948.9400,90.1700,90.1700,77.0649,6858.7700,0.0000,2.30,177.44,analytical
Qwen-72B,h100,256,32,7864.9600,7864.9600,90.1800,90.1800,87.2140,7774.7800,0.0000,4.07,354.85,analytical
Qwen-72B,h100,256,64,8901.7312,8901.7312,90.1900,90.1900,98.6998,8811.5512,0.0100,7.19,709.61,analytical
Qwen-72B,h100,256,128,10075.1711,10075.1711,90.2000,90.2000,111.6981,9984.9911,0.0200,12.70,1419.07,analytical
Qwen-72B,h100,512,4,12857.1443,14234.7098,126.7500,140.3305,101.4370,12730.3943,0.0000,0.31,31.56,analytical
Qwen-72B,h100,512,8,13891.0264,13891.0264,90.1700,90.1700,154.0537,13800.8564,0.0000,0.58,88.72,analytical
Qwen-72B,h100,512,16,13883.3400,13883.3400,90.1700,90.1700,153.9685,13793.1700,0.0000,1.15,177.44,analytical
Qwen-72B,h100,512,32,15729.9200,15729.9200,90.1800,90.1800,174.4280,15639.7400,0.0000,2.03,354.85,analytical
Qwen-72B,h100,512,64,17822.1079,17822.1079,90.1900,90.1900,197.6062,17731.9279,0.0100,3.59,709.61,analytical
Qwen-72B,h100,512,128,20192.5712,20192.5712,90.2000,90.2000,223.8644,20102.3912,0.0200,6.34,1419.07,analytical
Qwen2-72B,a100,4,4,191.15,214.89,191.15,214.9,1.0,0.0,0.0,37.27,37.27,simulated
Qwen2-72B,a100,4,8,122.79,122.79,122.82,122.82,1.0,0.0,0.0,65.29,65.27,simulated
Qwen2-72B,a100,4,16,122.78,122.78,122.82,122.82,1.0,0.0,0.0,65.29,65.27,simulated
Qwen2-72B,a100,4,32,122.82,122.82,122.83,122.83,1.0,0.0,0.0,65.27,65.27,simulated
Qwen2-72B,a100,4,64,122.82,122.82,122.82,122.82,1.0,0.0,0.0,65.27,65.27,simulated
Qwen2-72B,a100,4,128,122.82,122.82,122.82,122.82,1.0,0.0,0.0,65.27,65.27,simulated
Qwen2-72B,a100,8,4,191.15,214.9,191.15,214.9,1.0,0.0,0.0,37.27,37.27,simulated
Qwen2-72B,a100,8,8,122.83,122.83,122.83,122.83,1.0,0.0,0.0,65.27,65.27,simulated
Qwen2-72B,a100,8,16,122.83,122.83,122.83,122.83,1.0,0.0,0.0,65.27,65.27,simulated
Qwen2-72B,a100,8,32,122.83,122.83,122.83,122.83,1.0,0.0,0.0,65.27,65.27,simulated
Qwen2-72B,a100,8,64,122.83,122.83,122.83,122.83,1.0,0.0,0.0,65.27,65.27,simulated
Qwen2-72B,a100,8,128,122.83,122.83,122.83,122.83,1.0,0.0,0.0,65.27,65.27,simulated
Qwen2-72B,a100,16,4,191.15,214.9,191.15,214.9,1.0,0.0,0.0,37.27,37.27,simulated
Qwen2-72B,a100,16,8,122.83,122.83,122.83,122.83,1.0,0.0,0.0,65.27,65.27,simulated
Qwen2-72B,a100,16,16,122.83,122.83,122.83,122.83,1.0,0.0,0.0,65.27,65.27,simulated
Qwen2-72B,a100,16,32,122.83,122.83,122.83,122.83,1.0,0.0,0.0,65.27,65.27,simulated
Qwen2-72B,a100,16,64,122.83,122.83,122.83,122.83,1.0,0.0,0.0,65.27,65.27,simulated
Qwen2-72B,a100,16,128,122.8500,122.8500,122.8300,122.8300,1.0002,0.0200,0.0000,1041.92,1042.09,analytical
Qwen2-72B,a100,32,4,191.15,214.9,191.15,214.9,1.0,0.0,0.0,37.27,37.27,simulated
Qwen2-72B,a100,32,8,132.2,132.2,122.83,122.83,1.076,37.5,0.0,60.63,65.27,simulated
Qwen2-72B,a100,32,16,132.2,132.2,122.83,122.83,1.076,37.5,0.0,60.63,65.27,simulated
Qwen2-72B,a100,32,32,132.2,132.2,122.83,122.83,1.076,37.5,0.0,60.63,65.27,simulated
Qwen2-72B,a100,32,64,122.8429,122.8429,122.8300,122.8300,1.0001,0.0129,0.0000,520.99,521.05,analytical
Qwen2-72B,a100,32,128,122.8900,122.8900,122.8300,122.8300,1.0005,0.0600,0.0000,1041.58,1042.09,analytical
Qwen2-72B,a100,64,4,219.16,242.91,191.15,214.9,1.147,112.07,0.0,32.97,37.27,simulated
Qwen2-72B,a100,64,8,240.12,240.12,122.83,122.83,1.955,469.19,0.0,33.35,65.27,simulated
Qwen2-72B,a100,64,16,240.12,240.12,122.83,122.83,1.955,469.19,0.0,33.35,65.27,simulated
Qwen2-72B,a100,64,32,142.1496,142.1496,122.8300,122.8300,1.1573,19.3196,0.0000,225.12,260.52,analytical
Qwen2-72B,a100,64,64,122.8657,122.8657,122.8300,122.8300,1.0003,0.0357,0.0000,520.89,521.05,analytical
Qwen2-72B,a100,64,128,122.9700,122.9700,122.8300,122.8300,1.0011,0.1400,0.0000,1040.90,1042.09,analytical
Qwen2-72B,a100,128,4,414.88,456.83,191.15,214.9,2.17,967.73,0.0,17.52,37.27,simulated
Qwen2-72B,a100,128,8,456.81,456.81,122.83,122.83,3.719,1335.93,0.0,17.52,65.27,simulated
Qwen2-72B,a100,128,16,455.9600,455.9600,122.8300,122.8300,3.7121,333.1300,0.0000,35.09,130.26,analytical
Qwen2-72B,a100,128,32,164.3270,164.3270,122.8300,122.8300,1.3378,41.4970,0.0000,194.73,260.52,analytical
Qwen2-72B,a100,128,64,122.9114,122.9114,122.8300,122.8300,1.0007,0.0814,0.0000,520.70,521.05,analytical
Qwen2-72B,a100,128,128,123.1300,123.1300,122.8300,122.8300,1.0024,0.3000,0.0000,1039.55,1042.09,analytical
Qwen2-72B,a100,256,4,811.15,895.03,191.15,214.9,4.244,2720.55,0.0,8.94,37.27,simulated
Qwen2-72B,a100,256,8,889.6436,889.6436,122.8300,122.8300,7.2429,766.8136,0.0000,8.99,65.13,analytical
Qwen2-72B,a100,256,16,887.6400,887.6400,122.8300,122.8300,7.2266,764.8100,0.0000,18.03,130.26,analytical
Qwen2-72B,a100,256,32,208.6817,208.6817,122.8300,122.8300,1.6989,85.8517,0.0000,153.34,260.52,analytical
Qwen2-72B,a100,256,64,123.0029,123.0029,122.8300,122.8300,1.0014,0.1729,0.0000,520.31,521.05,analytical
Qwen2-72B,a100,256,128,123.4500,123.4500,122.8300,122.8300,1.0050,0.6200,0.0000,1036.86,1042.09,analytical
Qwen2-72B,a100,512,4,1600.5850,1785.7567,191.1500,213.2641,8.3735,1409.4350,0.0000,2.50,20.93,analytical
Qwen2-72B,a100,512,8,1755.4321,1755.4321,122.8300,122.8300,14.2916,1632.6021,0.0000,4.56,65.13,analytical
Qwen2-72B,a100,512,16,1751.0000,1751.0000,122.8300,122.8300,14.2555,1628.1700,0.0000,9.14,130.26,analytical
Qwen2-72B,a100,512,32,297.3913,297.3913,122.8300,122.8300,2.4212,174.5613,0.0000,107.60,260.52,analytical
Qwen2-72B,a100,512,64,123.1857,123.1857,122.8300,122.8300,1.0029,0.3557,0.0000,519.54,521.05,analytical
Qwen2-72B,a100,512,128,124.0900,124.0900,122.8300,122.8300,1.0103,1.2600,0.0000,1031.51,1042.09,analytical
Qwen2-72B,a40,4,4,525.65,590.84,525.53,590.69,1.0,0.0,0.0,13.55,13.55,simulated
Qwen2-72B,a40,4,8,337.46,337.46,336.63,336.63,1.002,0.0,0.0,23.72,23.78,simulated
Qwen2-72B,a40,4,16,336.81,336.81,336.77,336.77,1.0,0.0,0.0,23.77,23.77,simulated
Qwen2-72B,a40,4,32,336.77,336.77,336.77,336.77,1.0,0.0,0.0,23.77,23.77,simulated
Qwen2-72B,a40,4,64,336.77,336.77,336.77,336.77,1.0,0.0,0.0,23.77,23.77,simulated
Qwen2-72B,a40,4,128,336.77,336.77,336.77,336.77,1.0,0.0,0.0,23.77,23.77,simulated
Qwen2-72B,a40,8,4,524.84,589.92,524.84,589.92,1.0,0.0,0.0,13.57,13.57,simulated
Qwen2-72B,a40,8,8,336.79,336.79,336.79,336.79,1.0,0.0,0.0,23.77,23.77,simulated
Qwen2-72B,a40,8,16,336.79,336.79,336.79,336.79,1.0,0.0,0.0,23.77,23.77,simulated
Qwen2-72B,a40,8,32,336.79,336.79,336.79,336.79,1.0,0.0,0.0,23.77,23.77,simulated
Qwen2-72B,a40,8,64,336.79,336.79,336.79,336.79,1.0,0.0,0.0,23.77,23.77,simulated
Qwen2-72B,a40,8,128,336.81,336.81,336.79,336.79,1.0,0.0,0.0,23.77,23.77,simulated
Qwen2-72B,a40,16,4,524.88,589.96,524.88,589.96,1.0,0.0,0.0,13.57,13.57,simulated
Qwen2-72B,a40,16,8,336.81,336.81,336.81,336.81,1.0,0.0,0.0,23.77,23.77,simulated
Qwen2-72B,a40,16,16,336.81,336.81,336.81,336.81,1.0,0.0,0.0,23.77,23.77,simulated
Qwen2-72B,a40,16,32,336.81,336.81,336.81,336.81,1.0,0.0,0.0,23.77,23.77,simulated
Qwen2-72B,a40,16,64,336.81,336.81,336.81,336.81,1.0,0.0,0.0,23.77,23.77,simulated
Qwen2-72B,a40,16,128,336.8900,336.8900,336.7900,336.7900,1.0003,0.1000,0.0000,379.95,380.06,analytical
Qwen2-72B,a40,32,4,524.88,589.96,524.88,589.96,1.0,0.0,0.0,13.57,13.57,simulated
Qwen2-72B,a40,32,8,336.81,336.81,336.81,336.81,1.0,0.0,0.0,23.77,23.77,simulated
Qwen2-72B,a40,32,16,336.81,336.81,336.81,336.81,1.0,0.0,0.0,23.77,23.77,simulated
Qwen2-72B,a40,32,32,336.81,336.81,336.81,336.81,1.0,0.0,0.0,23.77,23.77,simulated
Qwen2-72B,a40,32,64,336.8629,336.8629,336.8100,336.8100,1.0002,0.0529,0.0000,189.99,190.02,analytical
Qwen2-72B,a40,32,128,337.0500,337.0500,336.7900,336.7900,1.0008,0.2600,0.0000,379.77,380.06,analytical
Qwen2-72B,a40,64,4,524.88,589.96,524.88,589.96,1.0,0.0,0.0,13.57,13.57,simulated
Qwen2-72B,a40,64,8,336.81,336.81,336.81,336.81,1.0,0.0,0.0,23.77,23.77,simulated
Qwen2-72B,a40,64,16,336.81,336.81,336.81,336.81,1.0,0.0,0.0,23.77,23.77,simulated
Qwen2-72B,a40,64,32,336.8568,336.8568,336.8100,336.8100,1.0001,0.0468,0.0000,95.00,95.01,analytical
Qwen2-72B,a40,64,64,336.9657,336.9657,336.8100,336.8100,1.0005,0.1557,0.0000,189.93,190.02,analytical
Qwen2-72B,a40,64,128,337.3700,337.3700,336.7900,336.7900,1.0017,0.5800,0.0000,379.41,380.06,analytical
Qwen2-72B,a40,128,4,524.88,589.96,524.88,589.96,1.0,0.0,0.0,13.57,13.57,simulated
Qwen2-72B,a40,128,8,497.55,497.55,336.81,336.81,1.477,642.97,0.0,16.09,23.77,simulated
Qwen2-72B,a40,128,16,336.8206,336.8206,336.8100,336.8100,1.0000,0.0106,0.0000,47.50,47.50,analytical
Qwen2-72B,a40,128,32,336.9375,336.9375,336.8100,336.8100,1.0004,0.1275,0.0000,94.97,95.01,analytical
Qwen2-72B,a40,128,64,337.1714,337.1714,336.8100,336.8100,1.0011,0.3614,0.0000,189.81,190.02,analytical
Qwen2-72B,a40,128,128,338.0100,338.0100,336.7900,336.7900,1.0036,1.2200,0.0000,378.69,380.06,analytical
Qwen2-72B,a40,256,4,847.05,930.94,524.88,589.96,1.614,1363.91,0.0,8.6,13.57,simulated
Qwen2-72B,a40,256,8,626.0645,626.0645,336.8100,336.8100,1.8588,289.2545,0.0000,12.78,23.75,analytical
Qwen2-72B,a40,256,16,336.8386,336.8386,336.8100,336.8100,1.0001,0.0286,0.0000,47.50,47.50,analytical
Qwen2-72B,a40,256,32,337.0989,337.0989,336.8100,336.8100,1.0009,0.2889,0.0000,94.93,95.01,analytical
Qwen2-72B,a40,256,64,337.5829,337.5829,336.8100,336.8100,1.0023,0.7729,0.0000,189.58,190.02,analytical
Qwen2-72B,a40,256,128,339.2900,339.2900,336.7900,336.7900,1.0074,2.5000,0.0000,377.26,380.06,analytical
Qwen2-72B,a40,512,4,1084.6928,1215.3234,524.8800,588.0918,2.0666,559.8128,0.0000,3.69,7.62,analytical
Qwen2-72B,a40,512,8,939.9151,939.9151,336.8100,336.8100,2.7906,603.1051,0.0000,8.51,23.75,analytical
Qwen2-72B,a40,512,16,336.8748,336.8748,336.8100,336.8100,1.0002,0.0648,0.0000,47.50,47.50,analytical
Qwen2-72B,a40,512,32,337.4217,337.4217,336.8100,336.8100,1.0018,0.6117,0.0000,94.84,95.01,analytical
Qwen2-72B,a40,512,64,338.4057,338.4057,336.8100,336.8100,1.0047,1.5957,0.0000,189.12,190.02,analytical
Qwen2-72B,a40,512,128,341.8500,341.8500,336.7900,336.7900,1.0150,5.0600,0.0000,374.43,380.06,analytical
Qwen2-72B,h100,4,4,103.57,116.41,103.68,116.53,0.999,0.0,0.0,68.87,68.8,simulated
Qwen2-72B,h100,4,8,66.58,66.58,66.45,66.45,1.002,0.0,0.0,120.62,120.86,simulated
Qwen2-72B,h100,4,16,66.52,66.52,66.52,66.52,1.0,0.0,0.0,120.72,120.72,simulated
Qwen2-72B,h100,4,32,66.53,66.53,66.52,66.52,1.0,0.0,0.0,120.72,120.72,simulated
Qwen2-72B,h100,4,64,66.53,66.53,66.53,66.53,1.0,0.0,0.0,120.72,120.72,simulated
Qwen2-72B,h100,4,128,66.53,66.53,66.53,66.53,1.0,0.0,0.0,120.72,120.72,simulated
Qwen2-72B,h100,8,4,103.38,116.19,103.38,116.19,1.0,0.0,0.0,69.0,69.0,simulated
Qwen2-72B,h100,8,8,66.52,66.52,66.52,66.52,1.0,0.0,0.0,120.72,120.72,simulated
Qwen2-72B,h100,8,16,66.52,66.52,66.52,66.52,1.0,0.0,0.0,120.72,120.72,simulated
Qwen2-72B,h100,8,32,66.52,66.52,66.52,66.52,1.0,0.0,0.0,120.72,120.72,simulated
Qwen2-72B,h100,8,64,66.52,66.52,66.52,66.52,1.0,0.0,0.0,120.72,120.72,simulated
Qwen2-72B,h100,8,128,66.52,66.52,66.52,66.52,1.0,0.0,0.0,120.72,120.72,simulated
Qwen2-72B,h100,16,4,103.38,116.19,103.38,116.19,1.0,0.0,0.0,69.0,69.0,simulated
Qwen2-72B,h100,16,8,68.12,68.12,66.52,66.52,1.024,6.4,0.0,117.87,120.72,simulated
Qwen2-72B,h100,16,16,68.12,68.12,66.52,66.52,1.024,6.4,0.0,117.87,120.72,simulated
Qwen2-72B,h100,16,32,68.12,68.12,66.52,66.52,1.024,6.4,0.0,117.87,120.72,simulated
Qwen2-72B,h100,16,64,68.12,68.12,66.52,66.52,1.024,6.4,0.0,117.87,120.72,simulated
Qwen2-72B,h100,16,128,66.5200,66.5200,66.5200,66.5200,1.0000,0.0000,0.0000,1924.23,1924.23,analytical
Qwen2-72B,h100,32,4,110.7,123.51,103.38,116.19,1.071,29.26,0.0,64.91,69.0,simulated
Qwen2-72B,h100,32,8,121.17,121.17,66.52,66.52,1.822,218.6,0.0,66.16,120.72,simulated
Qwen2-72B,h100,32,16,121.17,121.17,66.52,66.52,1.822,218.6,0.0,66.16,120.72,simulated
Qwen2-72B,h100,32,32,121.17,121.17,66.52,66.52,1.822,218.6,0.0,66.16,120.72,simulated
Qwen2-72B,h100,32,64,70.2786,70.2786,66.5200,66.5200,1.0565,3.7586,0.0000,910.66,962.12,analytical
Qwen2-72B,h100,32,128,66.5200,66.5200,66.5200,66.5200,1.0000,0.0000,0.0000,1924.23,1924.23,analytical
Qwen2-72B,h100,64,4,208.55,229.53,103.38,116.19,2.017,453.37,0.0,34.89,69.0,simulated
Qwen2-72B,h100,64,8,229.52,229.52,66.52,66.52,3.45,651.96,0.0,34.89,120.72,simulated
Qwen2-72B,h100,64,16,229.52,229.52,66.52,66.52,3.45,651.96,0.0,34.89,120.72,simulated
Qwen2-72B,h100,64,32,227.2700,227.2700,66.5200,66.5200,3.4166,160.7500,0.0000,140.80,481.06,analytical
Qwen2-72B,h100,64,64,74.8271,74.8271,66.5200,66.5200,1.1249,8.3071,0.0000,855.30,962.12,analytical
Qwen2-72B,h100,64,128,66.5200,66.5200,66.5200,66.5200,1.0000,0.0000,0.0000,1924.23,1924.23,analytical
Qwen2-72B,h100,128,4,405.74,447.68,103.38,116.19,3.925,1325.97,0.0,17.88,69.0,simulated
Qwen2-72B,h100,128,8,447.67,447.67,66.52,66.52,6.73,1524.57,0.0,17.88,120.72,simulated
Qwen2-72B,h100,128,16,444.7736,444.7736,66.5200,66.5200,6.6863,378.2536,0.0000,35.97,240.53,analytical
Qwen2-72B,h100,128,32,439.4700,439.4700,66.5200,66.5200,6.6066,372.9500,0.0000,72.81,481.06,analytical
Qwen2-72B,h100,128,64,83.9243,83.9243,66.5200,66.5200,1.2616,17.4043,0.0000,762.59,962.12,analytical
Qwen2-72B,h100,128,128,66.5200,66.5200,66.5200,66.5200,1.0000,0.0000,0.0000,1924.23,1924.23,analytical
Qwen2-72B,h100,256,4,811.15,895.03,103.38,116.19,7.846,3115.37,0.0,8.94,69.0,simulated
Qwen2-72B,h100,256,8,881.5713,881.5713,66.5200,66.5200,13.2527,815.0513,0.0000,9.07,120.26,analytical
Qwen2-72B,h100,256,16,875.6021,875.6021,66.5200,66.5200,13.1630,809.0821,0.0000,18.27,240.53,analytical
Qwen2-72B,h100,256,32,863.8700,863.8700,66.5200,66.5200,12.9866,797.3500,0.0000,37.04,481.06,analytical
Qwen2-72B,h100,256,64,102.1186,102.1186,66.5200,66.5200,1.5352,35.5986,0.0000,626.72,962.12,analytical
Qwen2-72B,h100,256,128,66.5200,66.5200,66.5200,66.5200,1.0000,0.0000,0.0000,1924.23,1924.23,analytical
Qwen2-72B,h100,512,4,1610.9247,1793.8545,103.3800,115.1194,15.5826,1507.5447,0.0000,2.48,38.69,analytical
Qwen2-72B,h100,512,8,1750.0791,1750.0791,66.5200,66.5200,26.3091,1683.5591,0.0000,4.57,120.26,analytical
Qwen2-72B,h100,512,16,1737.2593,1737.2593,66.5200,66.5200,26.1163,1670.7393,0.0000,9.21,240.53,analytical
Qwen2-72B,h100,512,32,1712.6700,1712.6700,66.5200,66.5200,25.7467,1646.1500,0.0000,18.68,481.06,analytical
Qwen2-72B,h100,512,64,138.5071,138.5071,66.5200,66.5200,2.0822,71.9871,0.0000,462.07,962.12,analytical
Qwen2-72B,h100,512,128,66.5200,66.5200,66.5200,66.5200,1.0000,0.0000,0.0000,1924.23,1924.23,analytical
deepseek-llm-67b-chat,a100,4,4,226.69,254.86,226.69,254.86,1.0,0.0,0.0,31.42,31.42,simulated
deepseek-llm-67b-chat,a100,4,8,145.64,145.64,145.64,145.64,1.0,0.0,0.0,55.03,55.03,simulated
deepseek-llm-67b-chat,a100,4,16,145.64,145.64,145.64,145.64,1.0,0.0,0.0,55.03,55.03,simulated
deepseek-llm-67b-chat,a100,4,32,145.64,145.64,145.64,145.64,1.0,0.0,0.0,55.03,55.03,simulated
deepseek-llm-67b-chat,a100,4,64,145.64,145.64,145.64,145.64,1.0,0.0,0.0,55.03,55.03,simulated
deepseek-llm-67b-chat,a100,4,128,145.64,145.64,145.64,145.64,1.0,0.0,0.0,55.03,55.03,simulated
deepseek-llm-67b-chat,a100,8,4,226.76,254.95,226.76,254.95,1.0,0.0,0.0,31.41,31.41,simulated
deepseek-llm-67b-chat,a100,8,8,145.69,145.69,145.69,145.69,1.0,0.0,0.0,55.01,55.01,simulated
deepseek-llm-67b-chat,a100,8,16,145.69,145.69,145.69,145.69,1.0,0.0,0.0,55.01,55.01,simulated
deepseek-llm-67b-chat,a100,8,32,145.69,145.69,145.69,145.69,1.0,0.0,0.0,55.01,55.01,simulated
deepseek-llm-67b-chat,a100,8,64,145.69,145.69,145.69,145.69,1.0,0.0,0.0,55.01,55.01,simulated
deepseek-llm-67b-chat,a100,8,128,145.69,145.69,145.69,145.69,1.0,0.0,0.0,55.01,55.01,simulated
deepseek-llm-67b-chat,a100,16,4,226.76,254.95,226.76,254.95,1.0,0.0,0.0,31.41,31.41,simulated
deepseek-llm-67b-chat,a100,16,8,145.69,145.69,145.69,145.69,1.0,0.0,0.0,55.01,55.01,simulated
deepseek-llm-67b-chat,a100,16,16,145.69,145.69,145.69,145.69,1.0,0.0,0.0,55.01,55.01,simulated
deepseek-llm-67b-chat,a100,16,32,145.69,145.69,145.69,145.69,1.0,0.0,0.0,55.01,55.01,simulated
deepseek-llm-67b-chat,a100,16,64,145.69,145.69,145.69,145.69,1.0,0.0,0.0,55.01,55.01,simulated
deepseek-llm-67b-chat,a100,16,128,145.7900,145.7900,145.6900,145.6900,1.0007,0.1000,0.0000,877.98,878.58,analytical
deepseek-llm-67b-chat,a100,32,4,226.76,254.95,226.76,254.95,1.0,0.0,0.0,31.41,31.41,simulated
deepseek-llm-67b-chat,a100,32,8,156.9,156.9,145.69,145.69,1.077,44.83,0.0,51.07,55.01,simulated
deepseek-llm-67b-chat,a100,32,16,156.9,156.9,145.69,145.69,1.077,44.83,0.0,51.07,55.01,simulated
deepseek-llm-67b-chat,a100,32,32,156.9,156.9,145.69,145.69,1.077,44.83,0.0,51.07,55.01,simulated
deepseek-llm-67b-chat,a100,32,64,145.7543,145.7543,145.6900,145.6900,1.0004,0.0643,0.0000,439.10,439.29,analytical
deepseek-llm-67b-chat,a100,32,128,145.9900,145.9900,145.6900,145.6900,1.0021,0.3000,0.0000,876.77,878.58,analytical
deepseek-llm-67b-chat,a100,64,4,260.19,288.37,226.76,254.95,1.147,133.7,0.0,27.77,31.41,simulated
deepseek-llm-67b-chat,a100,64,8,285.08,285.08,145.69,145.69,1.957,557.57,0.0,28.09,55.01,simulated
deepseek-llm-67b-chat,a100,64,16,285.08,285.08,145.69,145.69,1.957,557.57,0.0,28.09,55.01,simulated
deepseek-llm-67b-chat,a100,64,32,168.8384,168.8384,145.6900,145.6900,1.1589,23.1484,0.0000,189.53,219.64,analytical
deepseek-llm-67b-chat,a100,64,64,145.8686,145.8686,145.6900,145.6900,1.0012,0.1786,0.0000,438.75,439.29,analytical
deepseek-llm-67b-chat,a100,64,128,146.3900,146.3900,145.6900,145.6900,1.0048,0.7000,0.0000,874.38,878.58,analytical
deepseek-llm-67b-chat,a100,128,4,492.6,542.42,226.76,254.95,2.172,1149.89,0.0,14.76,31.41,simulated
deepseek-llm-67b-chat,a100,128,8,542.4,542.4,145.69,145.69,3.723,1586.84,0.0,14.76,55.01,simulated
deepseek-llm-67b-chat,a100,128,16,541.4400,541.4400,145.6900,145.6900,3.7164,395.7500,0.0000,29.55,109.82,analytical
deepseek-llm-67b-chat,a100,128,32,195.4290,195.4290,145.6900,145.6900,1.3414,49.7390,0.0000,163.74,219.64,analytical
deepseek-llm-67b-chat,a100,128,64,146.0971,146.0971,145.6900,145.6900,1.0028,0.4071,0.0000,438.06,439.29,analytical
deepseek-llm-67b-chat,a100,128,128,147.1900,147.1900,145.6900,145.6900,1.0103,1.5000,0.0000,869.62,878.58,analytical
deepseek-llm-67b-chat,a100,256,4,963.2,1062.82,226.76,254.95,4.248,3231.49,0.0,7.53,31.41,simulated
deepseek-llm-67b-chat,a100,256,8,1056.4229,1056.4229,145.6900,145.6900,7.2512,910.7329,0.0000,7.57,54.91,analytical
deepseek-llm-67b-chat,a100,256,16,1054.1600,1054.1600,145.6900,145.6900,7.2356,908.4700,0.0000,15.18,109.82,analytical
deepseek-llm-67b-chat,a100,256,32,248.6103,248.6103,145.6900,145.6900,1.7064,102.9203,0.0000,128.72,219.64,analytical
deepseek-llm-67b-chat,a100,256,64,146.5543,146.5543,145.6900,145.6900,1.0059,0.8643,0.0000,436.70,439.29,analytical
deepseek-llm-67b-chat,a100,256,128,148.7900,148.7900,145.6900,145.6900,1.0213,3.1000,0.0000,860.27,878.58,analytical
deepseek-llm-67b-chat,a100,512,4,1900.6843,2120.6435,226.7600,253.0021,8.3819,1673.9243,0.0000,2.10,17.64,analytical
deepseek-llm-67b-chat,a100,512,8,2084.6057,2084.6057,145.6900,145.6900,14.3085,1938.9157,0.0000,3.84,54.91,analytical
deepseek-llm-67b-chat,a100,512,16,2079.6000,2079.6000,145.6900,145.6900,14.2741,1933.9100,0.0000,7.69,109.82,analytical
deepseek-llm-67b-chat,a100,512,32,354.9727,354.9727,145.6900,145.6900,2.4365,209.2827,0.0000,90.15,219.64,analytical
deepseek-llm-67b-chat,a100,512,64,147.4686,147.4686,145.6900,145.6900,1.0122,1.7786,0.0000,433.99,439.29,analytical
deepseek-llm-67b-chat,a100,512,128,151.9900,151.9900,145.6900,145.6900,1.0432,6.3000,0.0000,842.16,878.58,analytical
deepseek-llm-67b-chat,a40,4,4,622.54,699.75,624.28,701.69,0.997,0.0,0.0,11.44,11.41,simulated
deepseek-llm-67b-chat,a40,4,8,399.47,399.47,399.79,399.79,0.999,0.0,0.0,20.04,20.02,simulated
deepseek-llm-67b-chat,a40,4,16,399.48,399.48,399.47,399.47,1.0,0.0,0.0,20.04,20.04,simulated
deepseek-llm-67b-chat,a40,4,32,399.46,399.46,399.46,399.46,1.0,0.0,0.0,20.04,20.04,simulated
deepseek-llm-67b-chat,a40,4,64,399.47,399.47,399.46,399.46,1.0,0.0,0.0,20.04,20.04,simulated
deepseek-llm-67b-chat,a40,4,128,399.47,399.47,399.47,399.47,1.0,0.0,0.0,20.04,20.04,simulated
deepseek-llm-67b-chat,a40,8,4,622.54,699.75,622.54,699.75,1.0,0.0,0.0,11.44,11.44,simulated
deepseek-llm-67b-chat,a40,8,8,399.48,399.48,399.48,399.48,1.0,0.0,0.0,20.04,20.04,simulated
deepseek-llm-67b-chat,a40,8,16,399.48,399.48,399.48,399.48,1.0,0.0,0.0,20.04,20.04,simulated
deepseek-llm-67b-chat,a40,8,32,399.49,399.49,399.49,399.49,1.0,0.0,0.0,20.04,20.04,simulated
deepseek-llm-67b-chat,a40,8,64,399.49,399.49,399.49,399.49,1.0,0.0,0.0,20.04,20.04,simulated
deepseek-llm-67b-chat,a40,8,128,399.49,399.49,399.49,399.49,1.0,0.0,0.0,20.04,20.04,simulated
deepseek-llm-67b-chat,a40,16,4,622.56,699.76,622.56,699.76,1.0,0.0,0.0,11.44,11.44,simulated
deepseek-llm-67b-chat,a40,16,8,399.49,399.49,399.49,399.49,1.0,0.0,0.0,20.04,20.04,simulated
deepseek-llm-67b-chat,a40,16,16,399.49,399.49,399.49,399.49,1.0,0.0,0.0,20.04,20.04,simulated
deepseek-llm-67b-chat,a40,16,32,399.49,399.49,399.49,399.49,1.0,0.0,0.0,20.04,20.04,simulated
deepseek-llm-67b-chat,a40,16,64,399.49,399.49,399.49,399.49,1.0,0.0,0.0,20.04,20.04,simulated
deepseek-llm-67b-chat,a40,16,128,399.5300,399.5300,399.4900,399.4900,1.0001,0.0400,0.0000,320.38,320.41,analytical
deepseek-llm-67b-chat,a40,32,4,622.56,699.76,622.56,699.76,1.0,0.0,0.0,11.44,11.44,simulated
deepseek-llm-67b-chat,a40,32,8,399.49,399.49,399.49,399.49,1.0,0.0,0.0,20.04,20.04,simulated
deepseek-llm-67b-chat,a40,32,16,399.49,399.49,399.49,399.49,1.0,0.0,0.0,20.04,20.04,simulated
deepseek-llm-67b-chat,a40,32,32,399.49,399.49,399.49,399.49,1.0,0.0,0.0,20.04,20.04,simulated
deepseek-llm-67b-chat,a40,32,64,399.5157,399.5157,399.4900,399.4900,1.0001,0.0257,0.0000,160.19,160.20,analytical
deepseek-llm-67b-chat,a40,32,128,399.6100,399.6100,399.4900,399.4900,1.0003,0.1200,0.0000,320.31,320.41,analytical
deepseek-llm-67b-chat,a40,64,4,622.56,699.76,622.56,699.76,1.0,0.0,0.0,11.44,11.44,simulated
deepseek-llm-67b-chat,a40,64,8,399.49,399.49,399.49,399.49,1.0,0.0,0.0,20.04,20.04,simulated
deepseek-llm-67b-chat,a40,64,16,399.49,399.49,399.49,399.49,1.0,0.0,0.0,20.04,20.04,simulated
deepseek-llm-67b-chat,a40,64,32,399.5177,399.5177,399.4900,399.4900,1.0001,0.0277,0.0000,80.10,80.10,analytical
deepseek-llm-67b-chat,a40,64,64,399.5614,399.5614,399.4900,399.4900,1.0002,0.0714,0.0000,160.18,160.20,analytical
deepseek-llm-67b-chat,a40,64,128,399.7700,399.7700,399.4900,399.4900,1.0007,0.2800,0.0000,320.18,320.41,analytical
deepseek-llm-67b-chat,a40,128,4,622.56,699.76,622.56,699.76,1.0,0.0,0.0,11.44,11.44,simulated
deepseek-llm-67b-chat,a40,128,8,590.72,590.72,399.49,399.49,1.479,764.91,0.0,13.55,20.04,simulated
deepseek-llm-67b-chat,a40,128,16,399.5023,399.5023,399.4900,399.4900,1.0000,0.0123,0.0000,40.05,40.05,analytical
deepseek-llm-67b-chat,a40,128,32,399.5636,399.5636,399.4900,399.4900,1.0002,0.0736,0.0000,80.09,80.10,analytical
deepseek-llm-67b-chat,a40,128,64,399.6529,399.6529,399.4900,399.4900,1.0004,0.1629,0.0000,160.14,160.20,analytical
deepseek-llm-67b-chat,a40,128,128,400.0900,400.0900,399.4900,399.4900,1.0015,0.6000,0.0000,319.93,320.41,analytical
deepseek-llm-67b-chat,a40,256,4,1005.75,1105.37,622.56,699.76,1.616,1622.42,0.0,7.24,11.44,simulated
deepseek-llm-67b-chat,a40,256,8,744.0461,744.0461,399.4900,399.4900,1.8625,344.5561,0.0000,10.75,20.03,analytical
deepseek-llm-67b-chat,a40,256,16,399.5225,399.5225,399.4900,399.4900,1.0001,0.0325,0.0000,40.05,40.05,analytical
deepseek-llm-67b-chat,a40,256,32,399.6554,399.6554,399.4900,399.4900,1.0004,0.1654,0.0000,80.07,80.10,analytical
deepseek-llm-67b-chat,a40,256,64,399.8357,399.8357,399.4900,399.4900,1.0009,0.3457,0.0000,160.07,160.20,analytical
deepseek-llm-67b-chat,a40,256,128,400.7300,400.7300,399.4900,399.4900,1.0031,1.2400,0.0000,319.42,320.41,analytical
deepseek-llm-67b-chat,a40,512,4,1288.8162,1444.0477,622.5600,697.5443,2.0702,666.2562,0.0000,3.10,6.43,analytical
deepseek-llm-67b-chat,a40,512,8,1118.1045,1118.1045,399.4900,399.4900,2.7988,718.6145,0.0000,7.15,20.03,analytical
deepseek-llm-67b-chat,a40,512,16,399.5629,399.5629,399.4900,399.4900,1.0002,0.0729,0.0000,40.04,40.05,analytical
deepseek-llm-67b-chat,a40,512,32,399.8390,399.8390,399.4900,399.4900,1.0009,0.3490,0.0000,80.03,80.10,analytical
deepseek-llm-67b-chat,a40,512,64,400.2014,400.2014,399.4900,399.4900,1.0018,0.7114,0.0000,159.92,160.20,analytical
deepseek-llm-67b-chat,a40,512,128,402.0100,402.0100,399.4900,399.4900,1.0063,2.5200,0.0000,318.40,320.41,analytical
deepseek-llm-67b-chat,h100,4,4,123.23,138.51,122.79,138.02,1.004,0.0,0.0,57.86,58.07,simulated
deepseek-llm-67b-chat,h100,4,8,79.07,79.07,79.06,79.06,1.0,0.0,0.0,101.5,101.51,simulated
deepseek-llm-67b-chat,h100,4,16,78.93,78.93,78.94,78.94,1.0,0.0,0.0,101.68,101.67,simulated
deepseek-llm-67b-chat,h100,4,32,78.93,78.93,78.93,78.93,1.0,0.0,0.0,101.69,101.69,simulated
deepseek-llm-67b-chat,h100,4,64,78.93,78.93,78.93,78.93,1.0,0.0,0.0,101.69,101.69,simulated
deepseek-llm-67b-chat,h100,4,128,78.93,78.93,78.93,78.93,1.0,0.0,0.0,101.69,101.69,simulated
deepseek-llm-67b-chat,h100,8,4,122.69,137.91,122.69,137.91,1.0,0.0,0.0,58.12,58.12,simulated
deepseek-llm-67b-chat,h100,8,8,78.94,78.94,78.94,78.94,1.0,0.0,0.0,101.67,101.67,simulated
deepseek-llm-67b-chat,h100,8,16,78.94,78.94,78.94,78.94,1.0,0.0,0.0,101.67,101.67,simulated
deepseek-llm-67b-chat,h100,8,32,78.93,78.93,78.93,78.93,1.0,0.0,0.0,101.68,101.68,simulated
deepseek-llm-67b-chat,h100,8,64,78.94,78.94,78.94,78.94,1.0,0.0,0.0,101.67,101.67,simulated
deepseek-llm-67b-chat,h100,8,128,78.94,78.94,78.94,78.94,1.0,0.0,0.0,101.67,101.67,simulated
deepseek-llm-67b-chat,h100,16,4,122.69,137.9,122.69,137.9,1.0,0.0,0.0,58.12,58.12,simulated
deepseek-llm-67b-chat,h100,16,8,80.85,80.85,78.93,78.93,1.024,7.66,0.0,99.27,101.68,simulated
deepseek-llm-67b-chat,h100,16,16,80.85,80.85,78.93,78.93,1.024,7.66,0.0,99.27,101.68,simulated
deepseek-llm-67b-chat,h100,16,32,80.85,80.85,78.93,78.93,1.024,7.66,0.0,99.27,101.68,simulated
deepseek-llm-67b-chat,h100,16,64,80.85,80.85,78.93,78.93,1.024,7.66,0.0,99.27,101.68,simulated
deepseek-llm-67b-chat,h100,16,128,78.9600,78.9600,78.9400,78.9400,1.0003,0.0200,0.0000,1621.07,1621.48,analytical
deepseek-llm-67b-chat,h100,32,4,131.4,146.61,122.69,137.9,1.071,34.84,0.0,54.66,58.12,simulated
deepseek-llm-67b-chat,h100,32,8,143.84,143.84,78.93,78.93,1.822,259.65,0.0,55.71,101.68,simulated
deepseek-llm-67b-chat,h100,32,16,143.84,143.84,78.93,78.93,1.822,259.65,0.0,55.71,101.68,simulated
deepseek-llm-67b-chat,h100,32,32,143.84,143.84,78.93,78.93,1.822,259.65,0.0,55.71,101.68,simulated
deepseek-llm-67b-chat,h100,32,64,83.4550,83.4550,78.9300,78.9300,1.0573,4.5250,0.0000,766.88,810.85,analytical
deepseek-llm-67b-chat,h100,32,128,79.0000,79.0000,78.9400,78.9400,1.0008,0.0600,0.0000,1620.25,1621.48,analytical
deepseek-llm-67b-chat,h100,64,4,247.61,272.52,122.69,137.9,2.018,538.48,0.0,29.38,58.12,simulated
deepseek-llm-67b-chat,h100,64,8,272.5,272.5,78.93,78.93,3.452,774.29,0.0,29.38,101.68,simulated
deepseek-llm-67b-chat,h100,64,16,272.5,272.5,78.93,78.93,3.452,774.29,0.0,29.38,101.68,simulated
deepseek-llm-67b-chat,h100,64,32,269.8200,269.8200,78.9300,78.9300,3.4185,190.8900,0.0000,118.60,405.42,analytical
deepseek-llm-67b-chat,h100,64,64,88.9350,88.9350,78.9300,78.9300,1.1268,10.0050,0.0000,719.63,810.85,analytical
deepseek-llm-67b-chat,h100,64,128,79.0800,79.0800,78.9400,78.9400,1.0018,0.1400,0.0000,1618.61,1621.48,analytical
deepseek-llm-67b-chat,h100,128,4,481.77,531.58,122.69,137.9,3.927,1574.73,0.0,15.06,58.12,simulated
deepseek-llm-67b-chat,h100,128,8,531.56,531.56,78.93,78.93,6.735,1810.53,0.0,15.06,101.68,simulated
deepseek-llm-67b-chat,h100,128,16,528.0971,528.0971,78.9300,78.9300,6.6907,449.1671,0.0000,30.30,202.71,analytical
deepseek-llm-67b-chat,h100,128,32,521.7800,521.7800,78.9300,78.9300,6.6107,442.8500,0.0000,61.33,405.42,analytical
deepseek-llm-67b-chat,h100,128,64,99.8950,99.8950,78.9300,78.9300,1.2656,20.9650,0.0000,640.67,810.85,analytical
deepseek-llm-67b-chat,h100,128,128,79.2400,79.2400,78.9400,78.9400,1.0038,0.3000,0.0000,1615.35,1621.48,analytical
deepseek-llm-67b-chat,h100,256,4,963.2,1062.82,122.69,137.9,7.851,3699.66,0.0,7.53,58.12,simulated
deepseek-llm-67b-chat,h100,256,8,1046.8108,1046.8108,78.9300,78.9300,13.2625,967.8808,0.0000,7.64,101.36,analytical
deepseek-llm-67b-chat,h100,256,16,1039.6743,1039.6743,78.9300,78.9300,13.1721,960.7443,0.0000,15.39,202.71,analytical
deepseek-llm-67b-chat,h100,256,32,1025.7000,1025.7000,78.9300,78.9300,12.9951,946.7700,0.0000,31.20,405.42,analytical
deepseek-llm-67b-chat,h100,256,64,121.8150,121.8150,78.9300,78.9300,1.5433,42.8850,0.0000,525.39,810.85,analytical
deepseek-llm-67b-chat,h100,256,128,79.5600,79.5600,78.9400,78.9400,1.0079,0.6200,0.0000,1608.85,1621.48,analytical
deepseek-llm-67b-chat,h100,512,4,1912.9461,2130.2541,122.6900,136.6274,15.5917,1790.2561,0.0000,2.09,32.60,analytical
deepseek-llm-67b-chat,h100,512,8,2078.1555,2078.1555,78.9300,78.9300,26.3291,1999.2255,0.0000,3.85,101.36,analytical
deepseek-llm-67b-chat,h100,512,16,2062.8286,2062.8286,78.9300,78.9300,26.1349,1983.8986,0.0000,7.76,202.71,analytical
deepseek-llm-67b-chat,h100,512,32,2033.5400,2033.5400,78.9300,78.9300,25.7638,1954.6100,0.0000,15.74,405.42,analytical
deepseek-llm-67b-chat,h100,512,64,165.6550,165.6550,78.9300,78.9300,2.0988,86.7250,0.0000,386.35,810.85,analytical
deepseek-llm-67b-chat,h100,512,128,80.2000,80.2000,78.9400,78.9400,1.0160,1.2600,0.0000,1596.01,1621.48,analytical
internlm-20b,a100,4,4,76.0,85.42,75.97,85.39,1.0,0.0,0.0,93.93,93.97,simulated
internlm-20b,a100,4,8,59.91,59.91,58.84,58.84,1.018,4.33,0.0,134.09,136.54,simulated
internlm-20b,a100,4,16,59.92,59.92,58.84,58.84,1.018,4.32,0.0,134.09,136.54,simulated
internlm-20b,a100,4,32,59.92,59.92,58.84,58.84,1.018,4.31,0.0,134.08,136.56,simulated
internlm-20b,a100,4,64,59.92,59.92,58.83,58.83,1.019,4.32,0.0,134.09,136.57,simulated
internlm-20b,a100,4,128,59.9200,59.9200,58.8300,58.8300,1.0185,1.0900,0.0000,2136.18,2175.76,analytical
internlm-20b,a100,8,4,99.75,109.62,76.04,85.46,1.312,96.62,0.0,73.15,93.89,simulated
internlm-20b,a100,8,8,109.56,109.56,58.83,58.83,1.862,202.91,0.0,73.19,136.57,simulated
internlm-20b,a100,8,16,109.56,109.56,58.83,58.83,1.862,202.91,0.0,73.19,136.57,simulated
internlm-20b,a100,8,32,109.56,109.56,58.83,58.83,1.862,202.9,0.0,73.19,136.57,simulated
internlm-20b,a100,8,64,119.8400,119.8400,58.8300,58.8300,2.0371,61.0100,0.0000,534.05,1087.88,analytical
internlm-20b,a100,8,128,131.0846,131.0846,58.8300,58.8300,2.2282,72.2546,0.0000,976.47,2175.76,analytical
internlm-20b,a100,16,4,191.51,211.2,76.06,85.49,2.518,502.85,0.0,37.92,93.86,simulated
internlm-20b,a100,16,8,211.14,211.14,58.84,58.84,3.588,609.22,0.0,37.93,136.56,simulated
internlm-20b,a100,16,16,211.14,211.14,58.84,58.84,3.588,609.22,0.0,37.93,136.56,simulated
internlm-20b,a100,16,32,208.8400,208.8400,58.8300,58.8300,3.5499,150.0100,0.0000,153.23,543.94,analytical
internlm-20b,a100,16,64,239.6800,239.6800,58.8300,58.8300,4.0741,180.8500,0.0000,267.02,1087.88,analytical
internlm-20b,a100,16,128,275.0742,275.0742,58.8300,58.8300,4.6757,216.2442,0.0000,465.33,2175.76,analytical
internlm-20b,a100,32,4,380.61,419.96,76.06,85.49,5.004,1337.9,0.0,19.06,93.86,simulated
internlm-20b,a100,32,8,419.91,419.91,58.84,58.84,7.136,1444.28,0.0,19.06,136.56,simulated
internlm-20b,a100,32,16,412.8214,412.8214,58.8400,58.8400,7.0160,353.9814,0.0000,38.76,271.92,analytical
internlm-20b,a100,32,32,407.4000,407.4000,58.8300,58.8300,6.9250,348.5700,0.0000,78.55,543.94,analytical
internlm-20b,a100,32,64,479.3600,479.3600,58.8300,58.8300,8.1482,420.5300,0.0000,133.51,1087.88,analytical
internlm-20b,a100,32,128,564.0305,564.0305,58.8300,58.8300,9.5875,505.2005,0.0000,226.94,2175.76,analytical
internlm-20b,a100,64,4,760.72,839.39,81.34,90.77,9.352,3015.62,21.11,9.53,88.39,simulated
internlm-20b,a100,64,8,831.1307,831.1307,58.8400,58.8400,14.1253,772.2907,0.0000,9.63,135.96,analytical
internlm-20b,a100,64,16,816.5129,816.5129,58.8400,58.8400,13.8768,757.6729,0.0000,19.60,271.92,analytical
internlm-20b,a100,64,32,804.5200,804.5200,58.8300,58.8300,13.6753,745.6900,0.0000,39.78,543.94,analytical
internlm-20b,a100,64,64,958.7200,958.7200,58.8300,58.8300,16.2964,899.8900,0.0000,66.76,1087.88,analytical
internlm-20b,a100,64,128,1142.4751,1142.4751,58.8300,58.8300,19.4199,1083.6451,0.0000,112.04,2175.76,analytical
internlm-20b,a100,128,4,1516.5746,1678.0932,81.3400,90.0029,18.6449,1435.2346,0.0000,2.64,49.18,analytical
internlm-20b,a100,128,8,1655.2949,1655.2949,58.8400,58.8400,28.1321,1596.4549,0.0000,4.83,135.96,analytical
internlm-20b,a100,128,16,1623.8957,1623.8957,58.8400,58.8400,27.5985,1565.0557,0.0000,9.85,271.92,analytical
internlm-20b,a100,128,32,1598.7600,1598.7600,58.8300,58.8300,27.1759,1539.9300,0.0000,20.02,543.94,analytical
internlm-20b,a100,128,64,1917.4400,1917.4400,58.8300,58.8300,32.5929,1858.6100,0.0000,33.38,1087.88,analytical
internlm-20b,a100,128,128,2299.6423,2299.6423,58.8300,58.8300,39.0896,2240.8123,0.0000,55.66,2175.76,analytical
internlm-20b,a100,256,4,3029.6223,3352.2837,81.3400,90.0029,37.2464,2948.2823,0.0000,1.32,49.18,analytical
internlm-20b,a100,256,8,3303.6232,3303.6232,58.8400,58.8400,56.1459,3244.7832,0.0000,2.42,135.96,analytical
internlm-20b,a100,256,16,3238.6614,3238.6614,58.8400,58.8400,55.0418,3179.8214,0.0000,4.94,271.92,analytical
internlm-20b,a100,256,32,3187.2400,3187.2400,58.8300,58.8300,54.1771,3128.4100,0.0000,10.04,543.94,analytical
internlm-20b,a100,256,64,3834.8800,3834.8800,58.8300,58.8300,65.1858,3776.0500,0.0000,16.69,1087.88,analytical
internlm-20b,a100,256,128,4614.1190,4614.1190,58.8300,58.8300,78.4314,4555.2890,0.0000,27.74,2175.76,analytical
internlm-20b,a100,512,4,6055.7176,6700.6649,81.3400,90.0029,74.4494,5974.3776,0.0000,0.66,49.18,analytical
internlm-20b,a100,512,8,6600.2799,6600.2799,58.8400,58.8400,112.1733,6541.4399,0.0000,1.21,135.96,analytical
internlm-20b,a100,512,16,6468.1929,6468.1929,58.8400,58.8400,109.9285,6409.3529,0.0000,2.47,271.92,analytical
internlm-20b,a100,512,32,6364.2000,6364.2000,58.8300,58.8300,108.1795,6305.3700,0.0000,5.03,543.94,analytical
internlm-20b,a100,512,64,7669.7600,7669.7600,58.8300,58.8300,130.3716,7610.9300,0.0000,8.34,1087.88,analytical
internlm-20b,a100,512,128,9243.1442,9243.1442,58.8300,58.8300,157.1162,9184.3142,0.0000,13.85,2175.76,analytical
internlm-20b,a40,4,4,201.8,225.85,201.82,225.89,1.0,0.0,0.0,35.46,35.46,simulated
internlm-20b,a40,4,8,154.68,154.68,154.67,154.67,1.0,0.0,0.0,51.8,51.81,simulated
internlm-20b,a40,4,16,154.72,154.72,154.67,154.67,1.0,0.0,0.0,51.79,51.81,simulated
internlm-20b,a40,4,32,154.71,154.71,154.72,154.72,1.0,0.0,0.0,51.8,51.79,simulated
internlm-20b,a40,4,64,154.68,154.68,154.72,154.72,1.0,0.0,0.0,51.81,51.79,simulated
internlm-20b,a40,4,128,154.6800,154.6800,154.6800,154.6800,1.0000,0.0000,0.0000,827.51,827.51,analytical
internlm-20b,a40,8,4,202.08,226.18,202.08,226.18,1.0,0.0,0.0,35.41,35.41,simulated
internlm-20b,a40,8,8,154.72,154.72,154.72,154.72,1.0,0.0,0.0,51.79,51.79,simulated
internlm-20b,a40,8,16,154.72,154.72,154.72,154.72,1.0,0.0,0.0,51.79,51.79,simulated
internlm-20b,a40,8,32,154.72,154.72,154.72,154.72,1.0,0.0,0.0,51.79,51.79,simulated
internlm-20b,a40,8,64,154.6800,154.6800,154.6800,154.6800,1.0000,0.0000,0.0000,413.76,413.76,analytical
internlm-20b,a40,8,128,154.6800,154.6800,154.6800,154.6800,1.0000,0.0000,0.0000,827.51,827.51,analytical
internlm-20b,a40,16,4,203.89,228.0,202.15,226.25,1.009,6.99,0.0,35.13,35.4,simulated
internlm-20b,a40,16,8,223.53,223.53,154.72,154.72,1.445,275.24,0.0,35.83,51.79,simulated
internlm-20b,a40,16,16,223.53,223.53,154.72,154.72,1.445,275.24,0.0,35.83,51.79,simulated
internlm-20b,a40,16,32,154.7400,154.7400,154.7200,154.7200,1.0001,0.0200,0.0000,206.80,206.83,analytical
internlm-20b,a40,16,64,154.6800,154.6800,154.6800,154.6800,1.0000,0.0000,0.0000,413.76,413.76,analytical
internlm-20b,a40,16,128,154.6800,154.6800,154.6800,154.6800,1.0000,0.0000,0.0000,827.51,827.51,analytical
internlm-20b,a40,32,4,387.39,426.75,202.15,226.25,1.916,802.0,0.0,18.76,35.4,simulated
internlm-20b,a40,32,8,426.69,426.69,154.72,154.72,2.758,1087.89,0.0,18.76,51.79,simulated
internlm-20b,a40,32,16,316.9150,316.9150,154.7200,154.7200,2.0483,162.1950,0.0000,50.49,103.41,analytical
internlm-20b,a40,32,32,154.7800,154.7800,154.7200,154.7200,1.0004,0.0600,0.0000,206.75,206.83,analytical
internlm-20b,a40,32,64,154.6800,154.6800,154.6800,154.6800,1.0000,0.0000,0.0000,413.76,413.76,analytical
internlm-20b,a40,32,128,154.6800,154.6800,154.6800,154.6800,1.0000,0.0000,0.0000,827.51,827.51,analytical
internlm-20b,a40,64,4,760.72,839.39,202.15,226.25,3.763,2452.58,0.0,9.53,35.4,simulated
internlm-20b,a40,64,8,833.0100,833.0100,154.7200,154.7200,5.3840,678.2900,0.0000,9.60,51.71,analytical
internlm-20b,a40,64,16,513.5150,513.5150,154.7200,154.7200,3.3190,358.7950,0.0000,31.16,103.41,analytical
internlm-20b,a40,64,32,154.8600,154.8600,154.7200,154.7200,1.0009,0.1400,0.0000,206.64,206.83,analytical
internlm-20b,a40,64,64,154.6800,154.6800,154.6800,154.6800,1.0000,0.0000,0.0000,413.76,413.76,analytical
internlm-20b,a40,64,128,154.6800,154.6800,154.6800,154.6800,1.0000,0.0000,0.0000,827.51,827.51,analytical
internlm-20b,a40,128,4,1507.3800,1676.7207,202.1500,224.8597,7.4567,1305.2300,0.0000,2.65,19.79,analytical
internlm-20b,a40,128,8,1645.6500,1645.6500,154.7200,154.7200,10.6363,1490.9300,0.0000,4.86,51.71,analytical
internlm-20b,a40,128,16,906.7150,906.7150,154.7200,154.7200,5.8604,751.9950,0.0000,17.65,103.41,analytical
internlm-20b,a40,128,32,155.0200,155.0200,154.7200,154.7200,1.0019,0.3000,0.0000,206.42,206.83,analytical
internlm-20b,a40,128,64,154.6800,154.6800,154.6800,154.6800,1.0000,0.0000,0.0000,413.76,413.76,analytical
internlm-20b,a40,128,128,154.6800,154.6800,154.6800,154.6800,1.0000,0.0000,0.0000,827.51,827.51,analytical
internlm-20b,a40,256,4,3000.7000,3337.8019,202.1500,224.8597,14.8439,2798.5500,0.0000,1.33,19.79,analytical
internlm-20b,a40,256,8,3270.9300,3270.9300,154.7200,154.7200,21.1410,3116.2100,0.0000,2.45,51.71,analytical
internlm-20b,a40,256,16,1693.1150,1693.1150,154.7200,154.7200,10.9431,1538.3950,0.0000,9.45,103.41,analytical
internlm-20b,a40,256,32,155.3400,155.3400,154.7200,154.7200,1.0040,0.6200,0.0000,206.00,206.83,analytical
internlm-20b,a40,256,64,154.6800,154.6800,154.6800,154.6800,1.0000,0.0000,0.0000,413.76,413.76,analytical
internlm-20b,a40,256,128,154.6800,154.6800,154.6800,154.6800,1.0000,0.0000,0.0000,827.51,827.51,analytical
internlm-20b,a40,512,4,5987.3400,6659.9642,202.1500,224.8597,29.6183,5785.1900,0.0000,0.67,19.79,analytical
internlm-20b,a40,512,8,6521.4900,6521.4900,154.7200,154.7200,42.1503,6366.7700,0.0000,1.23,51.71,analytical
internlm-20b,a40,512,16,3265.9150,3265.9150,154.7200,154.7200,21.1086,3111.1950,0.0000,4.90,103.41,analytical
internlm-20b,a40,512,32,155.9800,155.9800,154.7200,154.7200,1.0081,1.2600,0.0000,205.15,206.83,analytical
internlm-20b,a40,512,64,154.6800,154.6800,154.6800,154.6800,1.0000,0.0000,0.0000,413.76,413.76,analytical
internlm-20b,a40,512,128,154.6800,154.6800,154.6800,154.6800,1.0000,0.0000,0.0000,827.51,827.51,analytical
internlm-20b,h100,4,4,50.77,56.01,44.65,49.89,1.137,24.47,0.0,143.48,161.18,simulated
internlm-20b,h100,4,8,55.66,55.66,36.48,36.48,1.526,76.72,0.0,144.39,220.81,simulated
internlm-20b,h100,4,16,55.66,55.66,36.48,36.48,1.526,76.69,0.0,144.39,220.85,simulated
internlm-20b,h100,4,32,55.66,55.66,36.49,36.49,1.525,76.69,0.0,144.39,220.81,simulated
internlm-20b,h100,4,64,55.66,55.66,36.49,36.49,1.525,76.71,0.0,144.39,220.78,simulated
internlm-20b,h100,4,128,55.6600,55.6600,36.4900,36.4900,1.5253,19.1700,0.0000,2299.68,3507.81,analytical
internlm-20b,h100,8,4,96.64,106.51,44.65,49.89,2.164,226.44,0.0,75.29,161.16,simulated
internlm-20b,h100,8,8,106.45,106.45,36.47,36.47,2.919,279.93,0.0,75.33,220.9,simulated
internlm-20b,h100,8,16,106.45,106.45,36.47,36.47,2.919,279.93,0.0,75.33,220.9,simulated
internlm-20b,h100,8,32,106.45,106.45,36.47,36.47,2.919,279.93,0.0,75.33,220.9,simulated
internlm-20b,h100,8,64,111.3200,111.3200,36.4900,36.4900,3.0507,74.8300,0.0000,574.92,1753.91,analytical
internlm-20b,h100,8,128,116.4128,116.4128,36.5100,36.5100,3.1885,79.9228,0.0200,1099.54,3505.89,analytical
internlm-20b,h100,16,4,190.55,210.25,44.65,49.9,4.268,641.41,0.0,38.1,161.16,simulated
internlm-20b,h100,16,8,210.19,210.19,36.47,36.47,5.763,694.89,0.0,38.11,220.9,simulated
internlm-20b,h100,16,16,210.19,210.19,36.47,36.47,5.763,694.89,0.0,38.11,220.9,simulated
internlm-20b,h100,16,32,208.0300,208.0300,36.4700,36.4700,5.7041,171.5600,0.0000,153.82,877.43,analytical
internlm-20b,h100,16,64,222.6400,222.6400,36.4900,36.4900,6.1014,186.1500,0.0000,287.46,1753.91,analytical
internlm-20b,h100,16,128,238.2761,238.2761,36.5100,36.5100,6.5263,201.7861,0.0200,537.19,3505.89,analytical
internlm-20b,h100,32,4,380.61,419.96,44.65,49.9,8.524,1480.27,0.0,19.06,161.16,simulated
internlm-20b,h100,32,8,419.91,419.91,45.39,45.39,9.251,1533.75,35.68,19.06,177.25,simulated
internlm-20b,h100,32,16,416.2814,416.2814,36.4700,36.4700,11.4144,379.8114,0.0000,38.44,438.72,analytical
internlm-20b,h100,32,32,411.1900,411.1900,36.4700,36.4700,11.2747,374.7200,0.0000,77.82,877.43,analytical
internlm-20b,h100,32,64,445.2800,445.2800,36.4900,36.4900,12.2028,408.7900,0.0000,143.73,1753.91,analytical
internlm-20b,h100,32,128,482.1963,482.1963,36.5100,36.5100,13.2072,445.7063,0.0200,265.45,3505.89,analytical
internlm-20b,h100,64,4,760.72,839.39,78.23,86.12,9.724,3157.99,144.88,9.53,93.17,simulated
internlm-20b,h100,64,8,836.2509,836.2509,45.3900,45.3900,18.4237,790.8609,0.0000,9.57,176.25,analytical
internlm-20b,h100,64,16,828.7729,828.7729,36.4700,36.4700,22.7248,792.3029,0.0000,19.31,438.72,analytical
internlm-20b,h100,64,32,817.5100,817.5100,36.4700,36.4700,22.4160,781.0400,0.0000,39.14,877.43,analytical
internlm-20b,h100,64,64,890.5600,890.5600,36.4900,36.4900,24.4056,854.0700,0.0000,71.86,1753.91,analytical
internlm-20b,h100,64,128,970.1375,970.1375,36.5100,36.5100,26.5718,933.6475,0.0200,131.94,3505.89,analytical
internlm-20b,h100,128,4,1518.4194,1674.9773,78.2300,86.2960,19.4097,1440.1894,0.0000,2.63,51.13,analytical
internlm-20b,h100,128,8,1669.8161,1669.8161,45.3900,45.3900,36.7882,1624.4261,0.0000,4.79,176.25,analytical
internlm-20b,h100,128,16,1653.7557,1653.7557,36.4700,36.4700,45.3456,1617.2857,0.0000,9.67,438.72,analytical
internlm-20b,h100,128,32,1630.1500,1630.1500,36.4700,36.4700,44.6984,1593.6800,0.0000,19.63,877.43,analytical
internlm-20b,h100,128,64,1781.1200,1781.1200,36.4900,36.4900,48.8112,1744.6300,0.0000,35.93,1753.91,analytical
internlm-20b,h100,128,128,1946.0715,1946.0715,36.5100,36.5100,53.3024,1909.5815,0.0200,65.77,3505.89,analytical
internlm-20b,h100,256,4,3034.7747,3347.6776,78.2300,86.2960,38.7930,2956.5447,0.0000,1.32,51.13,analytical
internlm-20b,h100,256,8,3336.9465,3336.9465,45.3900,45.3900,73.5172,3291.5565,0.0000,2.40,176.25,analytical
internlm-20b,h100,256,16,3303.7214,3303.7214,36.4700,36.4700,90.5874,3267.2514,0.0000,4.84,438.72,analytical
internlm-20b,h100,256,32,3255.4300,3255.4300,36.4700,36.4700,89.2632,3218.9600,0.0000,9.83,877.43,analytical
internlm-20b,h100,256,64,3562.2400,3562.2400,36.4900,36.4900,97.6224,3525.7500,0.0000,17.97,1753.91,analytical
internlm-20b,h100,256,128,3897.9655,3897.9655,36.5100,36.5100,106.7643,3861.4755,0.0200,32.84,3505.89,analytical
internlm-20b,h100,512,4,6067.4852,6693.0781,78.2300,86.2960,77.5596,5989.2552,0.0000,0.66,51.13,analytical
internlm-20b,h100,512,8,6671.2074,6671.2074,45.3900,45.3900,146.9753,6625.8174,0.0000,1.20,176.25,analytical
internlm-20b,h100,512,16,6603.6529,6603.6529,36.4700,36.4700,181.0708,6567.1829,0.0000,2.42,438.72,analytical
internlm-20b,h100,512,32,6505.9900,6505.9900,36.4700,36.4700,178.3929,6469.5200,0.0000,4.92,877.43,analytical
internlm-20b,h100,512,64,7124.4800,7124.4800,36.4900,36.4900,195.2447,7087.9900,0.0000,8.98,1753.91,analytical
internlm-20b,h100,512,128,7801.7666,7801.7666,36.5100,36.5100,213.6884,7765.2766,0.0200,16.41,3505.89,analytical
phi-2,a100,4,4,19.0,21.05,19.0,21.05,1.0,0.0,0.0,384.67,384.67,simulated
phi-2,a100,4,8,15.99,15.99,15.99,15.99,1.0,0.0,0.0,508.5,508.5,simulated
phi-2,a100,4,16,15.99,15.99,15.99,15.99,1.0,0.0,0.0,508.5,508.5,simulated
phi-2,a100,4,32,15.99,15.99,15.99,15.99,1.0,0.0,0.0,508.5,508.5,simulated
phi-2,a100,4,64,15.99,15.99,15.99,15.99,1.0,0.0,0.0,508.5,508.5,simulated
phi-2,a100,4,128,15.99,15.99,15.99,15.99,1.0,0.0,0.0,508.5,508.5,simulated
phi-2,a100,8,4,26.3,28.93,19.0,21.05,1.384,31.52,0.0,278.96,384.67,simulated
phi-2,a100,8,8,28.91,28.91,15.99,15.99,1.808,51.71,0.0,279.14,508.5,simulated
phi-2,a100,8,16,28.91,28.91,15.99,15.99,1.808,51.71,0.0,279.14,508.5,simulated
phi-2,a100,8,32,28.91,28.91,15.99,15.99,1.808,51.71,0.0,279.14,508.5,simulated
phi-2,a100,8,64,28.91,28.91,15.99,15.99,1.808,51.71,0.0,279.14,508.5,simulated
phi-2,a100,8,128,28.91,28.91,15.99,15.99,1.808,51.71,0.0,279.14,508.5,simulated
phi-2,a100,16,4,51.0,56.25,19.0,21.05,2.684,140.81,0.0,142.86,384.67,simulated
phi-2,a100,16,8,56.24,56.24,15.99,15.99,3.517,161.0,0.0,142.9,508.5,simulated
phi-2,a100,16,16,56.24,56.24,15.99,15.99,3.517,161.0,0.0,142.9,508.5,simulated
phi-2,a100,16,32,56.24,56.24,15.99,15.99,3.517,161.0,0.0,142.9,508.5,simulated
phi-2,a100,16,64,56.24,56.24,15.99,15.99,3.517,161.0,0.0,142.9,508.5,simulated
phi-2,a100,16,128,54.7500,54.7500,15.9900,15.9900,3.4240,38.7600,0.0000,2337.90,8005.00,analytical
phi-2,a100,32,4,101.68,112.17,19.0,21.05,5.352,364.48,0.0,71.48,384.67,simulated
phi-2,a100,32,8,112.16,112.16,15.99,15.99,7.014,384.67,0.0,71.49,508.5,simulated
phi-2,a100,32,16,112.16,112.16,15.99,15.99,7.014,384.67,0.0,71.49,508.5,simulated
phi-2,a100,32,32,112.16,112.16,15.99,15.99,7.014,384.67,0.0,71.49,508.5,simulated
phi-2,a100,32,64,110.9000,110.9000,15.9900,15.9900,6.9356,94.9100,0.0000,577.10,4002.50,analytical
phi-2,a100,32,128,106.4300,106.4300,15.9900,15.9900,6.6560,90.4400,0.0000,1202.67,8005.00,analytical
phi-2,a100,64,4,203.03,224.01,21.39,23.5,9.492,811.83,9.77,35.75,344.22,simulated
phi-2,a100,64,8,223.99,223.99,23.48,23.48,9.54,832.02,29.96,35.76,344.49,simulated
phi-2,a100,64,16,223.99,223.99,23.48,23.48,9.54,832.02,29.96,35.76,344.49,simulated
phi-2,a100,64,32,223.1900,223.1900,15.9900,15.9900,13.9581,207.2000,0.0000,143.38,2001.25,analytical
phi-2,a100,64,64,220.2200,220.2200,15.9900,15.9900,13.7724,204.2300,0.0000,290.62,4002.50,analytical
phi-2,a100,64,128,209.7900,209.7900,15.9900,15.9900,13.1201,193.8000,0.0000,610.13,8005.00,analytical
phi-2,a100,128,4,405.74,447.68,40.94,45.13,9.911,1706.53,96.32,17.88,178.26,simulated
phi-2,a100,128,8,447.67,447.67,45.11,45.11,9.924,1726.72,116.51,17.88,178.33,simulated
phi-2,a100,128,16,447.0787,447.0787,23.4800,23.4800,19.0408,423.5987,0.0000,35.79,681.43,analytical
phi-2,a100,128,32,445.4300,445.4300,15.9900,15.9900,27.8568,429.4400,0.0000,71.84,2001.25,analytical
phi-2,a100,128,64,438.8600,438.8600,15.9900,15.9900,27.4459,422.8700,0.0000,145.83,4002.50,analytical
phi-2,a100,128,128,416.5100,416.5100,15.9900,15.9900,26.0482,400.5200,0.0000,307.32,8005.00,analytical
phi-2,a100,256,4,811.15,895.03,81.35,89.74,9.971,3495.93,274.76,8.94,89.4,simulated
phi-2,a100,256,8,894.5739,894.5739,88.3700,88.3700,10.1230,849.4639,43.2600,8.94,90.53,analytical
phi-2,a100,256,16,893.4509,893.4509,23.4800,23.4800,38.0516,869.9709,0.0000,17.91,681.43,analytical
phi-2,a100,256,32,889.9100,889.9100,15.9900,15.9900,55.6542,873.9200,0.0000,35.96,2001.25,analytical
phi-2,a100,256,64,876.1400,876.1400,15.9900,15.9900,54.7930,860.1500,0.0000,73.05,4002.50,analytical
phi-2,a100,256,128,829.9500,829.9500,15.9900,15.9900,51.9043,813.9600,0.0000,154.23,8005.00,analytical
phi-2,a100,512,4,1621.6227,1789.3710,161.3279,178.0164,10.0517,1540.2727,79.9779,2.47,24.79,analytical
phi-2,a100,512,8,1788.5644,1788.5644,174.8900,174.8900,10.2268,1743.4544,129.7800,4.47,45.74,analytical
phi-2,a100,512,16,1786.1952,1786.1952,23.4800,23.4800,76.0731,1762.7152,0.0000,8.96,681.43,analytical
phi-2,a100,512,32,1778.8700,1778.8700,15.9900,15.9900,111.2489,1762.8800,0.0000,17.99,2001.25,analytical
phi-2,a100,512,64,1750.7000,1750.7000,15.9900,15.9900,109.4872,1734.7100,0.0000,36.56,4002.50,analytical
phi-2,a100,512,128,1656.8300,1656.8300,15.9900,15.9900,103.6166,1640.8400,0.0000,77.26,8005.00,analytical
phi-2,a40,4,4,39.1,44.13,39.15,44.19,0.999,0.0,0.0,182.34,182.09,simulated
phi-2,a40,4,8,35.38,35.38,35.39,35.39,1.0,0.0,0.0,227.77,227.69,simulated
phi-2,a40,4,16,35.37,35.37,35.38,35.38,1.0,0.0,0.0,227.81,227.76,simulated
phi-2,a40,4,32,35.4,35.4,35.37,35.37,1.001,0.0,0.0,227.64,227.81,simulated
phi-2,a40,4,64,35.4,35.4,35.4,35.4,1.0,0.0,0.0,227.64,227.64,simulated
phi-2,a40,4,128,35.4,35.4,35.4,35.4,1.0,0.0,0.0,227.64,227.64,simulated
phi-2,a40,8,4,39.15,44.18,39.15,44.18,1.0,0.0,0.0,182.12,182.12,simulated
phi-2,a40,8,8,35.4,35.4,35.4,35.4,1.0,0.0,0.0,227.65,227.65,simulated
phi-2,a40,8,16,35.4,35.4,35.4,35.4,1.0,0.0,0.0,227.65,227.65,simulated
phi-2,a40,8,32,35.4,35.4,35.4,35.4,1.0,0.0,0.0,227.65,227.65,simulated
phi-2,a40,8,64,35.4,35.4,35.4,35.4,1.0,0.0,0.0,227.65,227.65,simulated
phi-2,a40,8,128,35.4,35.4,35.4,35.4,1.0,0.0,0.0,227.65,227.65,simulated
phi-2,a40,16,4,52.53,57.78,39.15,44.18,1.342,54.37,0.0,139.06,182.12,simulated
phi-2,a40,16,8,57.77,57.77,35.37,35.37,1.633,89.58,0.0,139.1,227.8,simulated
phi-2,a40,16,16,57.77,57.77,35.37,35.37,1.633,89.58,0.0,139.1,227.8,simulated
phi-2,a40,16,32,57.77,57.77,35.37,35.37,1.633,89.58,0.0,139.1,227.8,simulated
phi-2,a40,16,64,57.77,57.77,35.37,35.37,1.633,89.58,0.0,139.1,227.8,simulated
phi-2,a40,16,128,35.4000,35.4000,35.4000,35.4000,1.0000,0.0000,0.0000,3615.82,3615.82,analytical
phi-2,a40,32,4,101.68,112.17,39.16,44.19,2.597,271.93,0.0,71.48,182.08,simulated
phi-2,a40,32,8,112.16,112.16,35.37,35.37,3.171,307.13,0.0,71.49,227.8,simulated
phi-2,a40,32,16,112.16,112.16,35.37,35.37,3.171,307.13,0.0,71.49,227.8,simulated
phi-2,a40,32,32,112.16,112.16,35.37,35.37,3.171,307.13,0.0,71.49,227.8,simulated
phi-2,a40,32,64,88.1293,88.1293,35.3700,35.3700,2.4916,52.7593,0.0000,726.21,1809.44,analytical
phi-2,a40,32,128,35.4000,35.4000,35.4000,35.4000,1.0000,0.0000,0.0000,3615.82,3615.82,analytical
phi-2,a40,64,4,203.03,224.01,39.16,44.19,5.185,719.28,0.0,35.75,182.08,simulated
phi-2,a40,64,8,223.99,223.99,35.37,35.37,6.333,754.48,0.0,35.76,227.8,simulated
phi-2,a40,64,16,223.99,223.99,35.37,35.37,6.333,754.48,0.0,35.76,227.8,simulated
phi-2,a40,64,32,220.9400,220.9400,35.3700,35.3700,6.2465,185.5700,0.0000,144.84,904.72,analytical
phi-2,a40,64,64,152.0436,152.0436,35.3700,35.3700,4.2987,116.6736,0.0000,420.93,1809.44,analytical
phi-2,a40,64,128,35.4000,35.4000,35.4000,35.4000,1.0000,0.0000,0.0000,3615.82,3615.82,analytical
phi-2,a40,128,4,405.74,447.68,42.7,47.74,9.502,1613.97,14.18,17.88,168.49,simulated
phi-2,a40,128,8,447.67,447.67,46.88,46.88,9.549,1649.18,46.03,17.88,171.58,simulated
phi-2,a40,128,16,445.6893,445.6893,35.3700,35.3700,12.6008,410.3193,0.0000,35.90,452.36,analytical
phi-2,a40,128,32,438.5000,438.5000,35.3700,35.3700,12.3975,403.1300,0.0000,72.98,904.72,analytical
phi-2,a40,128,64,279.8721,279.8721,35.3700,35.3700,7.9127,244.5021,0.0000,228.68,1809.44,analytical
phi-2,a40,128,128,35.4000,35.4000,35.4000,35.4000,1.0000,0.0000,0.0000,3615.82,3615.82,analytical
phi-2,a40,256,4,811.15,895.03,81.83,90.22,9.913,3403.37,184.14,8.94,88.92,simulated
phi-2,a40,256,8,893.6056,893.6056,46.8800,46.8800,19.0616,846.7256,0.0000,8.95,170.65,analytical
phi-2,a40,256,16,889.5236,889.5236,35.3700,35.3700,25.1491,854.1536,0.0000,17.99,452.36,analytical
phi-2,a40,256,32,873.6200,873.6200,35.3700,35.3700,24.6995,838.2500,0.0000,36.63,904.72,analytical
phi-2,a40,256,64,535.5293,535.5293,35.3700,35.3700,15.1408,500.1593,0.0000,119.51,1809.44,analytical
phi-2,a40,256,128,35.4000,35.4000,35.4000,35.4000,1.0000,0.0000,0.0000,3615.82,3615.82,analytical
phi-2,a40,512,4,1620.9031,1799.2822,160.0900,177.7078,10.1249,1539.0731,78.2600,2.47,24.99,analytical
phi-2,a40,512,8,1785.9590,1785.9590,46.8800,46.8800,38.0964,1739.0790,0.0000,4.48,170.65,analytical
phi-2,a40,512,16,1777.1921,1777.1921,35.3700,35.3700,50.2457,1741.8221,0.0000,9.00,452.36,analytical
phi-2,a40,512,32,1743.8600,1743.8600,35.3700,35.3700,49.3034,1708.4900,0.0000,18.35,904.72,analytical
phi-2,a40,512,64,1046.8436,1046.8436,35.3700,35.3700,29.5969,1011.4736,0.0000,61.14,1809.44,analytical
phi-2,a40,512,128,35.4000,35.4000,35.4000,35.4000,1.0000,0.0000,0.0000,3615.82,3615.82,analytical
phi-2,h100,4,4,13.48,14.8,11.14,12.39,1.21,9.62,0.0,550.14,659.18,simulated
phi-2,h100,4,8,13.9,15.0,8.04,9.14,1.729,23.43,0.0,542.68,900.44,simulated
phi-2,h100,4,16,13.9,15.0,8.04,9.14,1.729,23.43,0.0,542.68,900.44,simulated
phi-2,h100,4,32,13.9,15.0,8.04,9.14,1.729,23.43,0.0,542.68,900.44,simulated
phi-2,h100,4,64,13.9,15.0,8.04,9.14,1.729,23.43,0.0,542.68,900.44,simulated
phi-2,h100,4,128,13.9,15.0,8.04,9.14,1.729,23.43,0.0,542.68,900.44,simulated
phi-2,h100,8,4,25.71,28.34,11.14,12.39,2.308,63.79,0.0,284.85,659.18,simulated
phi-2,h100,8,8,26.57,28.33,8.04,9.14,3.305,76.75,0.0,284.99,900.44,simulated
phi-2,h100,8,16,26.57,28.33,8.04,9.14,3.305,76.75,0.0,284.99,900.44,simulated
phi-2,h100,8,32,26.57,28.33,8.04,9.14,3.305,76.75,0.0,284.99,900.44,simulated
phi-2,h100,8,64,26.57,28.33,8.04,9.14,3.305,76.75,0.0,284.99,900.44,simulated
phi-2,h100,8,128,26.57,28.33,8.04,9.14,3.305,76.75,0.0,284.99,900.44,simulated
phi-2,h100,16,4,51.0,56.25,11.14,12.39,4.578,175.45,0.0,142.86,659.18,simulated
phi-2,h100,16,8,56.24,56.24,8.04,9.14,6.995,192.59,0.0,142.9,900.44,simulated
phi-2,h100,16,16,56.24,56.24,8.04,9.14,6.995,192.59,0.0,142.9,900.44,simulated
phi-2,h100,16,32,56.24,56.24,8.04,9.14,6.995,192.59,0.0,142.9,900.44,simulated
phi-2,h100,16,64,56.24,56.24,8.04,9.14,6.995,192.59,0.0,142.9,900.44,simulated
phi-2,h100,16,128,51.9100,55.6833,8.0400,8.6244,6.4565,43.8700,0.0000,2465.81,15920.40,analytical
phi-2,h100,32,4,101.68,112.17,11.14,12.39,9.127,399.13,0.0,71.48,659.18,simulated
phi-2,h100,32,8,112.16,112.16,11.34,12.44,9.891,416.27,13.18,71.49,656.81,simulated
phi-2,h100,32,16,112.16,112.16,11.34,12.44,9.891,416.27,13.18,71.49,656.81,simulated
phi-2,h100,32,32,112.16,112.16,11.34,12.44,9.891,416.27,13.18,71.49,656.81,simulated
phi-2,h100,32,64,112.7964,118.2624,8.0400,8.4296,14.0294,104.7564,0.0000,567.39,7960.20,analytical
phi-2,h100,32,128,102.5900,110.0471,8.0400,8.6244,12.7600,94.5500,0.0000,1247.68,15920.40,analytical
phi-2,h100,64,4,203.03,224.01,20.8,22.9,9.761,846.48,42.05,35.75,353.24,simulated
phi-2,h100,64,8,223.99,223.99,21.49,22.89,10.423,863.61,55.0,35.76,353.44,simulated
phi-2,h100,64,16,223.99,223.99,21.49,22.89,10.423,863.61,55.0,35.76,353.44,simulated
phi-2,h100,64,32,225.2163,233.4016,11.3400,11.7521,19.8603,213.8763,0.0000,142.09,2821.87,analytical
phi-2,h100,64,64,226.5279,237.5052,8.0400,8.4296,28.1751,218.4879,0.0000,282.53,7960.20,analytical
phi-2,h100,64,128,203.9500,218.7748,8.0400,8.6244,25.3669,195.9100,0.0000,627.60,15920.40,analytical
phi-2,h100,128,4,405.74,447.68,40.82,45.02,9.94,1741.17,130.51,17.88,178.72,simulated
phi-2,h100,128,8,447.67,447.67,45.0,45.0,9.948,1758.31,147.65,17.88,178.79,simulated
phi-2,h100,128,16,448.8449,461.8952,41.7900,43.0051,10.7405,427.3549,20.3000,35.65,382.87,analytical
phi-2,h100,128,32,451.1738,467.5714,11.3400,11.7521,39.7861,439.8338,0.0000,70.93,2821.87,analytical
phi-2,h100,128,64,453.9907,475.9906,8.0400,8.4296,56.4665,445.9507,0.0000,140.97,7960.20,analytical
phi-2,h100,128,128,406.6700,436.2302,8.0400,8.6244,50.5808,398.6300,0.0000,314.75,15920.40,analytical
phi-2,h100,256,4,811.15,895.03,81.35,89.74,9.971,3530.57,309.41,8.94,89.4,simulated
phi-2,h100,256,8,896.0588,917.7698,89.9564,92.1360,9.9610,851.0588,44.9564,8.93,88.93,analytical
phi-2,h100,256,16,898.1757,924.2905,82.3900,84.7855,10.9015,876.6857,60.9000,17.81,194.20,analytical
phi-2,h100,256,32,903.0890,935.9110,11.3400,11.7521,79.6375,891.7490,0.0000,35.43,2821.87,analytical
phi-2,h100,256,64,908.9164,952.9616,8.0400,8.4296,113.0493,900.8764,0.0000,70.41,7960.20,analytical
phi-2,h100,256,128,812.1100,871.1410,8.0400,8.6244,101.0087,804.0700,0.0000,157.61,15920.40,analytical
phi-2,h100,512,4,1621.7366,1787.7180,162.0950,178.6851,10.0049,1540.3866,80.7450,2.47,24.68,analytical
phi-2,h100,512,8,1792.4223,1835.8517,180.3279,184.6971,9.9398,1747.4223,135.3279,4.46,44.36,analytical
phi-2,h100,512,16,1796.8372,1849.0809,163.5900,168.3464,10.9838,1775.3472,142.1000,8.90,97.81,analytical
phi-2,h100,512,32,1806.9192,1872.5903,11.3400,11.7521,159.3403,1795.5792,0.0000,17.71,2821.87,analytical
phi-2,h100,512,64,1818.7679,1906.9034,8.0400,8.4296,226.2149,1810.7279,0.0000,35.19,7960.20,analytical
phi-2,h100,512,128,1622.9900,1740.9626,8.0400,8.6244,201.8644,1614.9500,0.0000,78.87,15920.40,analytical
