model,device,baseline,context_length,batch_size,kv_read_fraction,ttft_p50_ms,ttft_p99_ms,tpot_p50_ms,tpot_p99_ms,throughput_tok_s,hbf_stall_ms,status,wall_s
Qwen/Qwen-72B,a100,Dense,4096,16,1.0,N/A,N/A,N/A,N/A,N/A,N/A,TIMEOUT>600s,>600
Qwen/Qwen-72B,a100,NaiveSparse,4096,16,1.0,N/A,N/A,N/A,N/A,N/A,N/A,TIMEOUT>600s,>600
Qwen/Qwen-72B,a100,Sparse,4096,32,0.1,N/A,N/A,N/A,N/A,N/A,N/A,TIMEOUT>600s,>600
Qwen/Qwen-72B,a100,Dense,4096,4,1.0,N/A,N/A,N/A,N/A,N/A,N/A,TIMEOUT>600s,>600
Qwen/Qwen-72B,a100,NaiveSparse,4096,4,1.0,N/A,N/A,N/A,N/A,N/A,N/A,TIMEOUT>600s,>600
Qwen/Qwen-72B,a100,Sparse,4096,4,0.1,N/A,N/A,N/A,N/A,N/A,N/A,TIMEOUT>600s,>600
Qwen/Qwen-72B,a100,Dense,4096,8,1.0,N/A,N/A,N/A,N/A,N/A,N/A,TIMEOUT>600s,>600
Qwen/Qwen-72B,a100,NaiveSparse,4096,8,1.0,N/A,N/A,N/A,N/A,N/A,N/A,TIMEOUT>600s,>600
Qwen/Qwen-72B,a100,Dense,4096,32,1.0,N/A,N/A,N/A,N/A,N/A,N/A,TIMEOUT>600s,>600
Qwen/Qwen-72B,a100,NaiveSparse,4096,32,1.0,N/A,N/A,N/A,N/A,N/A,N/A,TIMEOUT>600s,>600
Qwen/Qwen-72B,a100,Sparse,4096,8,0.1,N/A,N/A,N/A,N/A,N/A,N/A,TIMEOUT>600s,>600
Qwen/Qwen-72B,a100,Sparse,4096,16,0.1,N/A,N/A,N/A,N/A,N/A,N/A,TIMEOUT>600s,>600
Qwen/Qwen-72B,a100,Sparse,8192,8,0.1,-1.62,-1.02,168.94,168.94,47.42,0.00,OK,192.0
Qwen/Qwen-72B,a100,Dense,8192,8,1.0,-1.62,-1.02,242.36,242.36,33.04,293.61,OK,251.5
Qwen/Qwen-72B,a100,NaiveSparse,8192,8,1.0,-1.62,-1.02,242.36,242.36,33.04,293.61,OK,251.5
Qwen/Qwen-72B,a100,Sparse,16384,8,0.1,-1.62,-1.02,168.95,168.95,47.42,0.00,OK,103.2
Qwen/Qwen-72B,a100,Sparse,8192,4,0.1,-1.62,-1.02,243.87,271.67,29.48,0.00,OK,309.2
Qwen/Qwen-72B,a100,Dense,16384,8,1.0,-1.62,-1.02,459.06,459.06,17.44,1160.43,OK,57.9
Qwen/Qwen-72B,a100,NaiveSparse,16384,8,1.0,-1.62,-1.02,459.06,459.06,17.44,1160.43,OK,57.9
Qwen/Qwen-72B,a100,Sparse,8192,16,0.1,-1.62,-1.02,168.95,168.95,47.42,0.00,OK,313.8
Qwen/Qwen-72B,a100,Dense,8192,4,1.0,-1.62,-1.02,243.90,271.70,29.47,0.00,OK,323.8
Qwen/Qwen-72B,a100,NaiveSparse,8192,4,1.0,-1.62,-1.02,243.90,271.70,29.47,0.00,OK,323.8
Qwen/Qwen-72B,a100,Dense,8192,16,1.0,-1.62,-1.02,242.36,242.36,33.04,293.65,OK,323.8
Qwen/Qwen-72B,a100,NaiveSparse,8192,16,1.0,-1.62,-1.02,242.36,242.36,33.04,293.65,OK,323.8
Qwen/Qwen-72B,a100,Sparse,32768,4,0.1,-1.62,-1.02,243.90,271.70,29.47,0.00,OK,36.7
Qwen/Qwen-72B,a100,Dense,16384,4,1.0,-1.62,-1.02,417.16,459.18,17.43,750.05,OK,338.0
Qwen/Qwen-72B,a100,NaiveSparse,16384,4,1.0,-1.62,-1.02,417.16,459.18,17.43,750.05,OK,338.0
Qwen/Qwen-72B,a100,Sparse,16384,4,0.1,-1.62,-1.02,243.90,271.69,29.47,0.00,OK,338.7
Qwen/Qwen-72B,a100,Dense,32768,4,1.0,-1.62,-1.02,811.66,895.62,8.93,2495.70,OK,177.5
Qwen/Qwen-72B,a100,NaiveSparse,32768,4,1.0,-1.62,-1.02,811.66,895.62,8.93,2495.70,OK,177.5
Qwen/Qwen-72B,a100,Sparse,4096,16,0.1,-1.62,-1.02,168.96,168.96,47.42,0.00,OK,7.6
Qwen/Qwen-72B,a100,Sparse,4096,4,0.1,-1.62,-1.02,243.90,271.69,29.47,0.00,OK,8.0
Qwen/Qwen-72B,a100,Sparse,4096,8,0.1,-1.62,-1.02,168.96,168.96,47.42,0.00,OK,8.3
Qwen/Qwen-72B,a100,Sparse,4096,32,0.1,-1.62,-1.02,168.96,168.96,47.42,0.00,OK,9.0
Qwen/Qwen-72B,a100,Dense,4096,32,1.0,-1.62,-1.02,168.96,168.96,47.42,0.00,OK,9.2
Qwen/Qwen-72B,a100,NaiveSparse,4096,32,1.0,-1.62,-1.02,168.96,168.96,47.42,0.00,OK,9.2
Qwen/Qwen-72B,a100,Dense,4096,16,1.0,-1.62,-1.02,168.96,168.96,47.42,0.00,OK,9.4
Qwen/Qwen-72B,a100,NaiveSparse,4096,16,1.0,-1.62,-1.02,168.96,168.96,47.42,0.00,OK,9.4
Qwen/Qwen-72B,a100,Dense,4096,4,1.0,-1.62,-1.02,243.90,271.69,29.47,0.00,OK,9.8
Qwen/Qwen-72B,a100,NaiveSparse,4096,4,1.0,-1.62,-1.02,243.90,271.69,29.47,0.00,OK,9.8
Qwen/Qwen-72B,a100,Dense,4096,8,1.0,-1.62,-1.02,168.96,168.96,47.42,0.00,OK,11.0
Qwen/Qwen-72B,a100,NaiveSparse,4096,8,1.0,-1.62,-1.02,168.96,168.96,47.42,0.00,OK,11.0
Qwen/Qwen-72B,a40,Sparse,4096,4,0.1,-1.62,-1.02,668.04,747.87,10.70,0.00,OK,266.0
Qwen/Qwen-72B,a40,Dense,4096,4,1.0,-1.62,-1.02,668.04,747.87,10.70,0.00,OK,267.7
Qwen/Qwen-72B,a40,NaiveSparse,4096,4,1.0,-1.62,-1.02,668.04,747.87,10.70,0.00,OK,267.7
Qwen/Qwen-72B,a40,Sparse,4096,8,0.1,-1.62,-1.02,471.60,471.60,16.97,0.00,OK,270.1
Qwen/Qwen-72B,a40,Sparse,4096,32,0.1,-1.62,-1.02,471.68,471.68,16.97,0.00,OK,271.8
Qwen/Qwen-72B,a40,Dense,4096,16,1.0,-1.62,-1.02,471.68,471.68,16.97,0.00,OK,274.7
Qwen/Qwen-72B,a40,NaiveSparse,4096,16,1.0,-1.62,-1.02,471.68,471.68,16.97,0.00,OK,274.7
Qwen/Qwen-72B,a40,Sparse,8192,4,0.1,-1.62,-1.02,668.04,747.87,10.70,0.00,OK,10.5
Qwen/Qwen-72B,a40,Dense,4096,32,1.0,-1.62,-1.02,471.68,471.68,16.97,0.00,OK,273.3
Qwen/Qwen-72B,a40,NaiveSparse,4096,32,1.0,-1.62,-1.02,471.68,471.68,16.97,0.00,OK,273.3
Qwen/Qwen-72B,a40,Sparse,8192,8,0.1,-1.62,-1.02,471.68,471.68,16.97,0.00,OK,6.2
Qwen/Qwen-72B,a40,Dense,8192,4,1.0,-1.62,-1.02,668.10,747.94,10.70,0.00,OK,11.8
Qwen/Qwen-72B,a40,NaiveSparse,8192,4,1.0,-1.62,-1.02,668.10,747.94,10.70,0.00,OK,11.8
Qwen/Qwen-72B,a40,Sparse,4096,16,0.1,-1.62,-1.02,471.63,471.63,16.97,0.00,OK,282.6
Qwen/Qwen-72B,a40,Dense,4096,8,1.0,-1.62,-1.02,471.63,471.63,16.97,0.00,OK,282.9
Qwen/Qwen-72B,a40,NaiveSparse,4096,8,1.0,-1.62,-1.02,471.63,471.63,16.97,0.00,OK,282.9
Qwen/Qwen-72B,a40,Sparse,8192,16,0.1,-1.62,-1.02,471.63,471.63,16.97,0.00,OK,8.8
Qwen/Qwen-72B,a40,Dense,8192,8,1.0,-1.62,-1.02,471.63,471.63,16.97,0.00,OK,13.6
Qwen/Qwen-72B,a40,NaiveSparse,8192,8,1.0,-1.62,-1.02,471.63,471.63,16.97,0.00,OK,13.6
Qwen/Qwen-72B,a40,Dense,8192,16,1.0,-1.62,-1.02,471.63,471.63,16.97,0.00,OK,13.7
Qwen/Qwen-72B,a40,NaiveSparse,8192,16,1.0,-1.62,-1.02,471.63,471.63,16.97,0.00,OK,13.7
Qwen/Qwen-72B,a40,Sparse,16384,4,0.1,-1.62,-1.02,667.91,747.75,10.70,0.00,OK,15.9
Qwen/Qwen-72B,a40,Sparse,16384,8,0.1,-1.62,-1.02,471.63,471.63,16.97,0.00,OK,15.5
Qwen/Qwen-72B,a40,Dense,16384,4,1.0,-1.62,-1.02,667.91,747.75,10.70,0.00,OK,48.7
Qwen/Qwen-72B,a40,NaiveSparse,16384,4,1.0,-1.62,-1.02,667.91,747.75,10.70,0.00,OK,48.7
Qwen/Qwen-72B,a40,Dense,16384,8,1.0,-1.62,-1.02,504.55,504.55,15.86,131.66,OK,53.7
Qwen/Qwen-72B,a40,NaiveSparse,16384,8,1.0,-1.62,-1.02,504.55,504.55,15.86,131.66,OK,53.7
Qwen/Qwen-72B,a40,Sparse,32768,4,0.1,-1.62,-1.02,667.91,747.75,10.70,0.00,OK,89.5
Qwen/Qwen-72B,a40,Dense,32768,4,1.0,-1.62,-1.02,854.11,938.07,8.53,761.27,OK,228.0
Qwen/Qwen-72B,a40,NaiveSparse,32768,4,1.0,-1.62,-1.02,854.11,938.07,8.53,761.27,OK,228.0
Qwen/Qwen-72B,h100,Sparse,4096,16,0.1,-1.62,-1.02,90.13,90.13,89.01,0.00,OK,624.9
Qwen/Qwen-72B,h100,Dense,4096,8,1.0,-1.62,-1.02,122.89,122.89,65.23,130.79,OK,656.5
Qwen/Qwen-72B,h100,NaiveSparse,4096,8,1.0,-1.62,-1.02,122.89,122.89,65.23,130.79,OK,656.5
Qwen/Qwen-72B,h100,Dense,4096,16,1.0,-1.62,-1.02,122.89,122.89,65.23,130.80,OK,614.8
Qwen/Qwen-72B,h100,NaiveSparse,4096,16,1.0,-1.62,-1.02,122.89,122.89,65.23,130.80,OK,614.8
Qwen/Qwen-72B,h100,Sparse,4096,4,0.1,-1.62,-1.02,126.62,142.03,56.43,0.00,OK,666.4
Qwen/Qwen-72B,h100,Sparse,4096,8,0.1,-1.62,-1.02,90.14,90.14,89.00,0.00,OK,661.3
Qwen/Qwen-72B,h100,Dense,4096,4,1.0,-1.62,-1.02,126.65,142.06,56.42,0.00,OK,664.3
Qwen/Qwen-72B,h100,NaiveSparse,4096,4,1.0,-1.62,-1.02,126.65,142.06,56.42,0.00,OK,664.3
Qwen/Qwen-72B,h100,Dense,4096,32,1.0,-1.62,-1.02,122.89,122.89,65.23,130.79,OK,441.3
Qwen/Qwen-72B,h100,NaiveSparse,4096,32,1.0,-1.62,-1.02,122.89,122.89,65.23,130.79,OK,441.3
Qwen/Qwen-72B,h100,Sparse,4096,32,0.1,-1.62,-1.02,90.18,90.18,88.97,0.00,OK,584.3
Qwen/Qwen-72B,h100,Sparse,8192,8,0.1,-1.62,-1.02,90.17,90.17,88.97,0.00,OK,9.1
Qwen/Qwen-72B,h100,Sparse,8192,16,0.1,-1.62,-1.02,90.17,90.17,88.97,0.00,OK,8.7
Qwen/Qwen-72B,h100,Sparse,8192,4,0.1,-1.62,-1.02,126.75,142.17,56.37,0.00,OK,12.5
Qwen/Qwen-72B,h100,Dense,8192,4,1.0,-1.62,-1.02,210.31,231.35,34.62,356.75,OK,14.2
Qwen/Qwen-72B,h100,NaiveSparse,8192,4,1.0,-1.62,-1.02,210.31,231.35,34.62,356.75,OK,14.2
Qwen/Qwen-72B,h100,Dense,8192,8,1.0,-1.62,-1.02,231.24,231.24,34.63,564.27,OK,13.5
Qwen/Qwen-72B,h100,NaiveSparse,8192,8,1.0,-1.62,-1.02,231.24,231.24,34.63,564.27,OK,13.5
Qwen/Qwen-72B,h100,Sparse,16384,8,0.1,-1.62,-1.02,90.17,90.17,88.97,0.00,OK,6.2
Qwen/Qwen-72B,h100,Sparse,16384,4,0.1,-1.62,-1.02,126.75,142.17,56.37,0.00,OK,13.5
Qwen/Qwen-72B,h100,Dense,8192,16,1.0,-1.62,-1.02,231.24,231.24,34.63,564.27,OK,13.5
Qwen/Qwen-72B,h100,NaiveSparse,8192,16,1.0,-1.62,-1.02,231.24,231.24,34.63,564.27,OK,13.5
Qwen/Qwen-72B,h100,Dense,16384,4,1.0,-1.62,-1.02,406.22,448.23,17.86,1224.24,OK,34.6
Qwen/Qwen-72B,h100,NaiveSparse,16384,4,1.0,-1.62,-1.02,406.22,448.23,17.86,1224.24,OK,34.6
Qwen/Qwen-72B,h100,Dense,16384,8,1.0,-1.62,-1.02,448.11,448.11,17.86,1431.77,OK,37.8
Qwen/Qwen-72B,h100,NaiveSparse,16384,8,1.0,-1.62,-1.02,448.11,448.11,17.86,1431.77,OK,37.8
Qwen/Qwen-72B,h100,Sparse,32768,4,0.1,-1.62,-1.02,126.75,142.17,56.37,0.00,OK,88.7
Qwen/Qwen-72B,h100,Dense,32768,4,1.0,-1.62,-1.02,811.66,895.62,8.93,3013.80,OK,257.3
Qwen/Qwen-72B,h100,NaiveSparse,32768,4,1.0,-1.62,-1.02,811.66,895.62,8.93,3013.80,OK,257.3
Qwen/Qwen2-72B,a100,Sparse,4096,32,0.1,-1.62,-1.02,122.83,122.83,65.27,0.00,OK,611.0
Qwen/Qwen2-72B,a100,Sparse,4096,16,0.1,-1.62,-1.02,122.82,122.82,65.27,0.00,OK,670.0
Qwen/Qwen2-72B,a100,Sparse,4096,64,0.1,-1.62,-1.02,122.82,122.82,65.27,0.00,OK,4.5
Qwen/Qwen2-72B,a100,Sparse,4096,4,0.1,-1.62,-1.02,191.15,214.90,37.27,0.00,OK,700.1
Qwen/Qwen2-72B,a100,Sparse,4096,8,0.1,-1.62,-1.02,122.82,122.82,65.27,0.00,OK,700.6
Qwen/Qwen2-72B,a100,Dense,4096,64,1.0,-1.62,-1.02,122.82,122.82,65.27,0.00,OK,9.7
Qwen/Qwen2-72B,a100,NaiveSparse,4096,64,1.0,-1.62,-1.02,122.82,122.82,65.27,0.00,OK,9.7
Qwen/Qwen2-72B,a100,Dense,4096,32,1.0,-1.62,-1.02,122.82,122.82,65.27,0.00,OK,449.1
Qwen/Qwen2-72B,a100,NaiveSparse,4096,32,1.0,-1.62,-1.02,122.82,122.82,65.27,0.00,OK,449.1
Qwen/Qwen2-72B,a100,Dense,4096,4,1.0,-1.62,-1.02,191.15,214.89,37.27,0.00,OK,704.5
Qwen/Qwen2-72B,a100,NaiveSparse,4096,4,1.0,-1.62,-1.02,191.15,214.89,37.27,0.00,OK,704.5
Qwen/Qwen2-72B,a100,Dense,4096,8,1.0,-1.62,-1.02,122.79,122.79,65.29,0.00,OK,705.8
Qwen/Qwen2-72B,a100,NaiveSparse,4096,8,1.0,-1.62,-1.02,122.79,122.79,65.29,0.00,OK,705.8
Qwen/Qwen2-72B,a100,Sparse,4096,128,0.1,-1.62,-1.02,122.82,122.82,65.27,0.00,OK,7.1
Qwen/Qwen2-72B,a100,Dense,4096,16,1.0,-1.62,-1.02,122.78,122.78,65.29,0.00,OK,674.1
Qwen/Qwen2-72B,a100,NaiveSparse,4096,16,1.0,-1.62,-1.02,122.78,122.78,65.29,0.00,OK,674.1
Qwen/Qwen2-72B,a100,Dense,4096,128,1.0,-1.62,-1.02,122.82,122.82,65.27,0.00,OK,9.4
Qwen/Qwen2-72B,a100,NaiveSparse,4096,128,1.0,-1.62,-1.02,122.82,122.82,65.27,0.00,OK,9.4
Qwen/Qwen2-72B,a100,Sparse,8192,4,0.1,-1.62,-1.02,191.15,214.90,37.27,0.00,OK,10.6
Qwen/Qwen2-72B,a100,Sparse,8192,32,0.1,-1.62,-1.02,122.83,122.83,65.27,0.00,OK,6.2
Qwen/Qwen2-72B,a100,Sparse,8192,8,0.1,-1.62,-1.02,122.83,122.83,65.27,0.00,OK,8.3
Qwen/Qwen2-72B,a100,Sparse,8192,16,0.1,-1.62,-1.02,122.83,122.83,65.27,0.00,OK,7.5
Qwen/Qwen2-72B,a100,Sparse,8192,64,0.1,-1.62,-1.02,122.83,122.83,65.27,0.00,OK,4.7
Qwen/Qwen2-72B,a100,Dense,8192,4,1.0,-1.62,-1.02,191.15,214.90,37.27,0.00,OK,11.7
Qwen/Qwen2-72B,a100,NaiveSparse,8192,4,1.0,-1.62,-1.02,191.15,214.90,37.27,0.00,OK,11.7
Qwen/Qwen2-72B,a100,Dense,8192,8,1.0,-1.62,-1.02,122.83,122.83,65.27,0.00,OK,12.5
Qwen/Qwen2-72B,a100,NaiveSparse,8192,8,1.0,-1.62,-1.02,122.83,122.83,65.27,0.00,OK,12.5
Qwen/Qwen2-72B,a100,Sparse,8192,128,0.1,-1.62,-1.02,122.83,122.83,65.27,0.00,OK,4.7
Qwen/Qwen2-72B,a100,Dense,8192,16,1.0,-1.62,-1.02,122.83,122.83,65.27,0.00,OK,11.7
Qwen/Qwen2-72B,a100,NaiveSparse,8192,16,1.0,-1.62,-1.02,122.83,122.83,65.27,0.00,OK,11.7
Qwen/Qwen2-72B,a100,Dense,8192,32,1.0,-1.62,-1.02,122.83,122.83,65.27,0.00,OK,9.3
Qwen/Qwen2-72B,a100,NaiveSparse,8192,32,1.0,-1.62,-1.02,122.83,122.83,65.27,0.00,OK,9.3
Qwen/Qwen2-72B,a100,Dense,8192,64,1.0,-1.62,-1.02,122.83,122.83,65.27,0.00,OK,9.3
Qwen/Qwen2-72B,a100,NaiveSparse,8192,64,1.0,-1.62,-1.02,122.83,122.83,65.27,0.00,OK,9.3
Qwen/Qwen2-72B,a100,Dense,8192,128,1.0,-1.62,-1.02,122.83,122.83,65.27,0.00,OK,9.4
Qwen/Qwen2-72B,a100,NaiveSparse,8192,128,1.0,-1.62,-1.02,122.83,122.83,65.27,0.00,OK,9.4
Qwen/Qwen2-72B,a100,Sparse,16384,16,0.1,-1.62,-1.02,122.83,122.83,65.27,0.00,OK,9.4
Qwen/Qwen2-72B,a100,Sparse,16384,4,0.1,-1.62,-1.02,191.15,214.90,37.27,0.00,OK,15.3
Qwen/Qwen2-72B,a100,Sparse,16384,8,0.1,-1.62,-1.02,122.83,122.83,65.27,0.00,OK,15.1
Qwen/Qwen2-72B,a100,Sparse,16384,32,0.1,-1.62,-1.02,122.83,122.83,65.27,0.00,OK,10.4
Qwen/Qwen2-72B,a100,Sparse,16384,64,0.1,-1.62,-1.02,122.83,122.83,65.27,0.00,OK,5.2
Qwen/Qwen2-72B,a100,Dense,16384,4,1.0,-1.62,-1.02,191.15,214.90,37.27,0.00,OK,20.5
Qwen/Qwen2-72B,a100,NaiveSparse,16384,4,1.0,-1.62,-1.02,191.15,214.90,37.27,0.00,OK,20.5
Qwen/Qwen2-72B,a100,Dense,16384,8,1.0,-1.62,-1.02,122.83,122.83,65.27,0.00,OK,21.1
Qwen/Qwen2-72B,a100,NaiveSparse,16384,8,1.0,-1.62,-1.02,122.83,122.83,65.27,0.00,OK,21.1
Qwen/Qwen2-72B,a100,Dense,16384,16,1.0,-1.62,-1.02,122.83,122.83,65.27,0.00,OK,21.0
Qwen/Qwen2-72B,a100,NaiveSparse,16384,16,1.0,-1.62,-1.02,122.83,122.83,65.27,0.00,OK,21.0
Qwen/Qwen2-72B,a100,Dense,16384,32,1.0,-1.62,-1.02,122.83,122.83,65.27,0.00,OK,19.1
Qwen/Qwen2-72B,a100,NaiveSparse,16384,32,1.0,-1.62,-1.02,122.83,122.83,65.27,0.00,OK,19.1
Qwen/Qwen2-72B,a100,Dense,16384,64,1.0,-1.62,-1.02,122.83,122.83,65.27,0.00,OK,14.5
Qwen/Qwen2-72B,a100,NaiveSparse,16384,64,1.0,-1.62,-1.02,122.83,122.83,65.27,0.00,OK,14.5
Qwen/Qwen2-72B,a100,Sparse,32768,4,0.1,-1.62,-1.02,191.15,214.90,37.27,0.00,OK,18.1
Qwen/Qwen2-72B,a100,Sparse,32768,16,0.1,-1.62,-1.02,122.83,122.83,65.27,0.00,OK,15.5
Qwen/Qwen2-72B,a100,Sparse,32768,32,0.1,-1.62,-1.02,122.83,122.83,65.27,0.00,OK,14.1
Qwen/Qwen2-72B,a100,Sparse,32768,8,0.1,-1.62,-1.02,122.83,122.83,65.27,0.00,OK,25.6
Qwen/Qwen2-72B,a100,Dense,32768,4,1.0,-1.62,-1.02,191.15,214.90,37.27,0.00,OK,36.0
Qwen/Qwen2-72B,a100,NaiveSparse,32768,4,1.0,-1.62,-1.02,191.15,214.90,37.27,0.00,OK,36.0
Qwen/Qwen2-72B,a100,Dense,32768,8,1.0,-1.62,-1.02,132.20,132.20,60.63,37.50,OK,37.3
Qwen/Qwen2-72B,a100,NaiveSparse,32768,8,1.0,-1.62,-1.02,132.20,132.20,60.63,37.50,OK,37.3
Qwen/Qwen2-72B,a100,Sparse,65536,8,0.1,-1.62,-1.02,122.83,122.83,65.27,0.00,OK,18.7
Qwen/Qwen2-72B,a100,Dense,32768,32,1.0,-1.62,-1.02,132.20,132.20,60.63,37.50,OK,32.4
Qwen/Qwen2-72B,a100,NaiveSparse,32768,32,1.0,-1.62,-1.02,132.20,132.20,60.63,37.50,OK,32.4
Qwen/Qwen2-72B,a100,Dense,32768,16,1.0,-1.62,-1.02,132.20,132.20,60.63,37.50,OK,38.8
Qwen/Qwen2-72B,a100,NaiveSparse,32768,16,1.0,-1.62,-1.02,132.20,132.20,60.63,37.50,OK,38.8
Qwen/Qwen2-72B,a100,Sparse,65536,4,0.1,-1.62,-1.02,191.15,214.90,37.27,0.00,OK,29.9
Qwen/Qwen2-72B,a100,Sparse,65536,16,0.1,-1.62,-1.02,122.83,122.83,65.27,0.00,OK,13.0
Qwen/Qwen2-72B,a100,Dense,65536,4,1.0,-1.62,-1.02,219.16,242.91,32.97,112.07,OK,55.0
Qwen/Qwen2-72B,a100,NaiveSparse,65536,4,1.0,-1.62,-1.02,219.16,242.91,32.97,112.07,OK,55.0
Qwen/Qwen2-72B,a100,Sparse,131072,8,0.1,-1.62,-1.02,122.83,122.83,65.27,0.00,OK,33.7
Qwen/Qwen2-72B,a100,Dense,65536,8,1.0,-1.62,-1.02,240.12,240.12,33.35,469.19,OK,56.6
Qwen/Qwen2-72B,a100,NaiveSparse,65536,8,1.0,-1.62,-1.02,240.12,240.12,33.35,469.19,OK,56.6
Qwen/Qwen2-72B,a100,Sparse,131072,4,0.1,-1.62,-1.02,191.15,214.90,37.27,0.00,OK,41.4
Qwen/Qwen2-72B,a100,Dense,65536,16,1.0,-1.62,-1.02,240.12,240.12,33.35,469.19,OK,51.9
Qwen/Qwen2-72B,a100,NaiveSparse,65536,16,1.0,-1.62,-1.02,240.12,240.12,33.35,469.19,OK,51.9
Qwen/Qwen2-72B,a100,Sparse,262144,4,0.1,-1.62,-1.02,191.15,214.90,37.27,0.00,OK,163.3
Qwen/Qwen2-72B,a100,Dense,131072,4,1.0,-1.62,-1.02,414.88,456.83,17.52,967.73,OK,475.1
Qwen/Qwen2-72B,a100,NaiveSparse,131072,4,1.0,-1.62,-1.02,414.88,456.83,17.52,967.73,OK,475.1
Qwen/Qwen2-72B,a100,Dense,131072,8,1.0,-1.62,-1.02,456.81,456.81,17.52,1335.93,OK,481.6
Qwen/Qwen2-72B,a100,NaiveSparse,131072,8,1.0,-1.62,-1.02,456.81,456.81,17.52,1335.93,OK,481.6
Qwen/Qwen2-72B,a40,Dense,4096,8,1.0,-1.62,-1.02,337.46,337.46,23.72,0.00,OK,443.1
Qwen/Qwen2-72B,a40,NaiveSparse,4096,8,1.0,-1.62,-1.02,337.46,337.46,23.72,0.00,OK,443.1
Qwen/Qwen2-72B,a40,Sparse,4096,32,0.1,-1.62,-1.02,336.77,336.77,23.77,0.00,OK,10.1
Qwen/Qwen2-72B,a40,Sparse,4096,4,0.1,-1.62,-1.02,525.53,590.69,13.55,0.00,OK,460.5
Qwen/Qwen2-72B,a40,Sparse,4096,16,0.1,-1.62,-1.02,336.77,336.77,23.77,0.00,OK,328.3
Qwen/Qwen2-72B,a40,Dense,4096,4,1.0,-1.62,-1.02,525.65,590.84,13.55,0.00,OK,462.0
Qwen/Qwen2-72B,a40,NaiveSparse,4096,4,1.0,-1.62,-1.02,525.65,590.84,13.55,0.00,OK,462.0
Qwen/Qwen2-72B,a40,Sparse,4096,8,0.1,-1.62,-1.02,336.63,336.63,23.78,0.00,OK,462.6
Qwen/Qwen2-72B,a40,Sparse,4096,64,0.1,-1.62,-1.02,336.77,336.77,23.77,0.00,OK,9.0
Qwen/Qwen2-72B,a40,Sparse,4096,128,0.1,-1.62,-1.02,336.77,336.77,23.77,0.00,OK,9.3
Qwen/Qwen2-72B,a40,Dense,4096,32,1.0,-1.62,-1.02,336.77,336.77,23.77,0.00,OK,17.5
Qwen/Qwen2-72B,a40,NaiveSparse,4096,32,1.0,-1.62,-1.02,336.77,336.77,23.77,0.00,OK,17.5
Qwen/Qwen2-72B,a40,Dense,4096,64,1.0,-1.62,-1.02,336.77,336.77,23.77,0.00,OK,16.0
Qwen/Qwen2-72B,a40,NaiveSparse,4096,64,1.0,-1.62,-1.02,336.77,336.77,23.77,0.00,OK,16.0
Qwen/Qwen2-72B,a40,Dense,4096,128,1.0,-1.62,-1.02,336.77,336.77,23.77,0.00,OK,15.2
Qwen/Qwen2-72B,a40,NaiveSparse,4096,128,1.0,-1.62,-1.02,336.77,336.77,23.77,0.00,OK,15.2
Qwen/Qwen2-72B,a40,Sparse,8192,4,0.1,-1.62,-1.02,524.84,589.92,13.57,0.00,OK,16.6
Qwen/Qwen2-72B,a40,Sparse,8192,16,0.1,-1.62,-1.02,336.79,336.79,23.77,0.00,OK,8.6
Qwen/Qwen2-72B,a40,Sparse,8192,8,0.1,-1.62,-1.02,336.79,336.79,23.77,0.00,OK,14.8
Qwen/Qwen2-72B,a40,Sparse,8192,32,0.1,-1.62,-1.02,336.79,336.79,23.77,0.00,OK,5.0
Qwen/Qwen2-72B,a40,Dense,8192,4,1.0,-1.62,-1.02,524.84,589.92,13.57,0.00,OK,20.0
Qwen/Qwen2-72B,a40,NaiveSparse,8192,4,1.0,-1.62,-1.02,524.84,589.92,13.57,0.00,OK,20.0
Qwen/Qwen2-72B,a40,Dense,8192,8,1.0,-1.62,-1.02,336.79,336.79,23.77,0.00,OK,15.2
Qwen/Qwen2-72B,a40,NaiveSparse,8192,8,1.0,-1.62,-1.02,336.79,336.79,23.77,0.00,OK,15.2
Qwen/Qwen2-72B,a40,Sparse,8192,64,0.1,-1.62,-1.02,336.79,336.79,23.77,0.00,OK,4.7
Qwen/Qwen2-72B,a40,Dense,8192,16,1.0,-1.62,-1.02,336.79,336.79,23.77,0.00,OK,10.9
Qwen/Qwen2-72B,a40,NaiveSparse,8192,16,1.0,-1.62,-1.02,336.79,336.79,23.77,0.00,OK,10.9
Qwen/Qwen2-72B,a40,Sparse,8192,128,0.1,-1.62,-1.02,336.79,336.79,23.77,0.00,OK,4.8
Qwen/Qwen2-72B,a40,Dense,8192,32,1.0,-1.62,-1.02,336.79,336.79,23.77,0.00,OK,9.4
Qwen/Qwen2-72B,a40,NaiveSparse,8192,32,1.0,-1.62,-1.02,336.79,336.79,23.77,0.00,OK,9.4
Qwen/Qwen2-72B,a40,Dense,8192,64,1.0,-1.62,-1.02,336.79,336.79,23.77,0.00,OK,10.5
Qwen/Qwen2-72B,a40,NaiveSparse,8192,64,1.0,-1.62,-1.02,336.79,336.79,23.77,0.00,OK,10.5
Qwen/Qwen2-72B,a40,Dense,4096,16,1.0,-1.62,-1.02,336.81,336.81,23.77,0.00,OK,57.9
Qwen/Qwen2-72B,a40,NaiveSparse,4096,16,1.0,-1.62,-1.02,336.81,336.81,23.77,0.00,OK,57.9
Qwen/Qwen2-72B,a40,Dense,8192,128,1.0,-1.62,-1.02,336.81,336.81,23.77,0.00,OK,12.0
Qwen/Qwen2-72B,a40,NaiveSparse,8192,128,1.0,-1.62,-1.02,336.81,336.81,23.77,0.00,OK,12.0
Qwen/Qwen2-72B,a40,Sparse,16384,4,0.1,-1.62,-1.02,524.88,589.96,13.57,0.00,OK,12.4
Qwen/Qwen2-72B,a40,Sparse,16384,8,0.1,-1.62,-1.02,336.81,336.81,23.77,0.00,OK,9.8
Qwen/Qwen2-72B,a40,Sparse,16384,16,0.1,-1.62,-1.02,336.81,336.81,23.77,0.00,OK,6.2
Qwen/Qwen2-72B,a40,Sparse,16384,32,0.1,-1.62,-1.02,336.81,336.81,23.77,0.00,OK,5.5
Qwen/Qwen2-72B,a40,Sparse,16384,64,0.1,-1.62,-1.02,336.81,336.81,23.77,0.00,OK,5.4
Qwen/Qwen2-72B,a40,Dense,16384,4,1.0,-1.62,-1.02,524.88,589.96,13.57,0.00,OK,18.8
Qwen/Qwen2-72B,a40,NaiveSparse,16384,4,1.0,-1.62,-1.02,524.88,589.96,13.57,0.00,OK,18.8
Qwen/Qwen2-72B,a40,Dense,16384,8,1.0,-1.62,-1.02,336.81,336.81,23.77,0.00,OK,19.1
Qwen/Qwen2-72B,a40,NaiveSparse,16384,8,1.0,-1.62,-1.02,336.81,336.81,23.77,0.00,OK,19.1
Qwen/Qwen2-72B,a40,Dense,16384,16,1.0,-1.62,-1.02,336.81,336.81,23.77,0.00,OK,14.9
Qwen/Qwen2-72B,a40,NaiveSparse,16384,16,1.0,-1.62,-1.02,336.81,336.81,23.77,0.00,OK,14.9
Qwen/Qwen2-72B,a40,Dense,16384,32,1.0,-1.62,-1.02,336.81,336.81,23.77,0.00,OK,14.6
Qwen/Qwen2-72B,a40,NaiveSparse,16384,32,1.0,-1.62,-1.02,336.81,336.81,23.77,0.00,OK,14.6
Qwen/Qwen2-72B,a40,Dense,16384,64,1.0,-1.62,-1.02,336.81,336.81,23.77,0.00,OK,14.5
Qwen/Qwen2-72B,a40,NaiveSparse,16384,64,1.0,-1.62,-1.02,336.81,336.81,23.77,0.00,OK,14.5
Qwen/Qwen2-72B,a40,Sparse,32768,4,0.1,-1.62,-1.02,524.88,589.96,13.57,0.00,OK,17.3
Qwen/Qwen2-72B,a40,Sparse,32768,8,0.1,-1.62,-1.02,336.81,336.81,23.77,0.00,OK,20.3
Qwen/Qwen2-72B,a40,Sparse,32768,16,0.1,-1.62,-1.02,336.81,336.81,23.77,0.00,OK,18.2
Qwen/Qwen2-72B,a40,Sparse,32768,32,0.1,-1.62,-1.02,336.81,336.81,23.77,0.00,OK,13.4
Qwen/Qwen2-72B,a40,Dense,32768,4,1.0,-1.62,-1.02,524.88,589.96,13.57,0.00,OK,33.8
Qwen/Qwen2-72B,a40,NaiveSparse,32768,4,1.0,-1.62,-1.02,524.88,589.96,13.57,0.00,OK,33.8
Qwen/Qwen2-72B,a40,Dense,32768,8,1.0,-1.62,-1.02,336.81,336.81,23.77,0.00,OK,32.7
Qwen/Qwen2-72B,a40,NaiveSparse,32768,8,1.0,-1.62,-1.02,336.81,336.81,23.77,0.00,OK,32.7
Qwen/Qwen2-72B,a40,Dense,32768,16,1.0,-1.62,-1.02,336.81,336.81,23.77,0.00,OK,33.7
Qwen/Qwen2-72B,a40,NaiveSparse,32768,16,1.0,-1.62,-1.02,336.81,336.81,23.77,0.00,OK,33.7
Qwen/Qwen2-72B,a40,Dense,32768,32,1.0,-1.62,-1.02,336.81,336.81,23.77,0.00,OK,26.3
Qwen/Qwen2-72B,a40,NaiveSparse,32768,32,1.0,-1.62,-1.02,336.81,336.81,23.77,0.00,OK,26.3
Qwen/Qwen2-72B,a40,Sparse,65536,8,0.1,-1.62,-1.02,336.81,336.81,23.77,0.00,OK,20.3
Qwen/Qwen2-72B,a40,Sparse,65536,4,0.1,-1.62,-1.02,524.88,589.96,13.57,0.00,OK,26.6
Qwen/Qwen2-72B,a40,Sparse,65536,16,0.1,-1.62,-1.02,336.81,336.81,23.77,0.00,OK,11.9
Qwen/Qwen2-72B,a100,Dense,262144,4,1.0,-1.62,-1.02,811.15,895.03,8.94,2720.55,OK,561.5
Qwen/Qwen2-72B,a100,NaiveSparse,262144,4,1.0,-1.62,-1.02,811.15,895.03,8.94,2720.55,OK,561.5
Qwen/Qwen2-72B,a40,Sparse,131072,4,0.1,-1.62,-1.02,524.88,589.96,13.57,0.00,OK,35.7
Qwen/Qwen2-72B,a40,Dense,65536,4,1.0,-1.62,-1.02,524.88,589.96,13.57,0.00,OK,55.3
Qwen/Qwen2-72B,a40,NaiveSparse,65536,4,1.0,-1.62,-1.02,524.88,589.96,13.57,0.00,OK,55.3
Qwen/Qwen2-72B,a40,Dense,65536,8,1.0,-1.62,-1.02,336.81,336.81,23.77,0.00,OK,45.7
Qwen/Qwen2-72B,a40,NaiveSparse,65536,8,1.0,-1.62,-1.02,336.81,336.81,23.77,0.00,OK,45.7
Qwen/Qwen2-72B,a40,Sparse,131072,8,0.1,-1.62,-1.02,336.81,336.81,23.77,0.00,OK,35.4
Qwen/Qwen2-72B,a40,Dense,65536,16,1.0,-1.62,-1.02,336.81,336.81,23.77,0.00,OK,56.6
Qwen/Qwen2-72B,a40,NaiveSparse,65536,16,1.0,-1.62,-1.02,336.81,336.81,23.77,0.00,OK,56.6
Qwen/Qwen2-72B,a40,Sparse,262144,4,0.1,-1.62,-1.02,524.88,589.96,13.57,0.00,OK,147.9
Qwen/Qwen2-72B,a40,Dense,131072,4,1.0,-1.62,-1.02,524.88,589.96,13.57,0.00,OK,432.3
Qwen/Qwen2-72B,a40,NaiveSparse,131072,4,1.0,-1.62,-1.02,524.88,589.96,13.57,0.00,OK,432.3
Qwen/Qwen2-72B,a40,Dense,131072,8,1.0,-1.62,-1.02,497.55,497.55,16.09,642.97,OK,490.4
Qwen/Qwen2-72B,a40,NaiveSparse,131072,8,1.0,-1.62,-1.02,497.55,497.55,16.09,642.97,OK,490.4
Qwen/Qwen2-72B,h100,Sparse,4096,16,0.1,-1.62,-1.02,66.52,66.52,120.72,0.00,OK,355.4
Qwen/Qwen2-72B,h100,Sparse,4096,4,0.1,-1.62,-1.02,103.68,116.53,68.80,0.00,OK,474.7
Qwen/Qwen2-72B,h100,Sparse,4096,32,0.1,-1.62,-1.02,66.52,66.52,120.72,0.00,OK,13.5
Qwen/Qwen2-72B,h100,Sparse,4096,8,0.1,-1.62,-1.02,66.45,66.45,120.86,0.00,OK,473.9
Qwen/Qwen2-72B,h100,Dense,4096,8,1.0,-1.62,-1.02,66.58,66.58,120.62,0.00,OK,459.3
Qwen/Qwen2-72B,h100,NaiveSparse,4096,8,1.0,-1.62,-1.02,66.58,66.58,120.62,0.00,OK,459.3
Qwen/Qwen2-72B,h100,Dense,4096,4,1.0,-1.62,-1.02,103.57,116.41,68.87,0.00,OK,480.5
Qwen/Qwen2-72B,h100,NaiveSparse,4096,4,1.0,-1.62,-1.02,103.57,116.41,68.87,0.00,OK,480.5
Qwen/Qwen2-72B,h100,Sparse,4096,64,0.1,-1.62,-1.02,66.53,66.53,120.72,0.00,OK,7.9
Qwen/Qwen2-72B,h100,Sparse,4096,128,0.1,-1.62,-1.02,66.53,66.53,120.72,0.00,OK,5.4
Qwen/Qwen2-72B,h100,Dense,4096,32,1.0,-1.62,-1.02,66.53,66.53,120.72,0.00,OK,11.0
Qwen/Qwen2-72B,h100,NaiveSparse,4096,32,1.0,-1.62,-1.02,66.53,66.53,120.72,0.00,OK,11.0
Qwen/Qwen2-72B,h100,Dense,4096,64,1.0,-1.62,-1.02,66.53,66.53,120.72,0.00,OK,11.2
Qwen/Qwen2-72B,h100,NaiveSparse,4096,64,1.0,-1.62,-1.02,66.53,66.53,120.72,0.00,OK,11.2
Qwen/Qwen2-72B,h100,Dense,4096,128,1.0,-1.62,-1.02,66.53,66.53,120.72,0.00,OK,8.1
Qwen/Qwen2-72B,h100,NaiveSparse,4096,128,1.0,-1.62,-1.02,66.53,66.53,120.72,0.00,OK,8.1
Qwen/Qwen2-72B,h100,Sparse,8192,8,0.1,-1.62,-1.02,66.52,66.52,120.72,0.00,OK,5.5
Qwen/Qwen2-72B,h100,Sparse,8192,4,0.1,-1.62,-1.02,103.38,116.19,69.00,0.00,OK,8.6
Qwen/Qwen2-72B,h100,Sparse,8192,16,0.1,-1.62,-1.02,66.52,66.52,120.72,0.00,OK,4.5
Qwen/Qwen2-72B,h100,Dense,4096,16,1.0,-1.62,-1.02,66.52,66.52,120.72,0.00,OK,94.4
Qwen/Qwen2-72B,h100,NaiveSparse,4096,16,1.0,-1.62,-1.02,66.52,66.52,120.72,0.00,OK,94.4
Qwen/Qwen2-72B,h100,Sparse,8192,32,0.1,-1.62,-1.02,66.52,66.52,120.72,0.00,OK,4.8
Qwen/Qwen2-72B,h100,Dense,8192,8,1.0,-1.62,-1.02,66.52,66.52,120.72,0.00,OK,9.5
Qwen/Qwen2-72B,h100,NaiveSparse,8192,8,1.0,-1.62,-1.02,66.52,66.52,120.72,0.00,OK,9.5
Qwen/Qwen2-72B,h100,Sparse,8192,64,0.1,-1.62,-1.02,66.52,66.52,120.72,0.00,OK,4.8
Qwen/Qwen2-72B,h100,Dense,8192,4,1.0,-1.62,-1.02,103.38,116.19,69.00,0.00,OK,12.9
Qwen/Qwen2-72B,h100,NaiveSparse,8192,4,1.0,-1.62,-1.02,103.38,116.19,69.00,0.00,OK,12.9
Qwen/Qwen2-72B,h100,Dense,8192,16,1.0,-1.62,-1.02,66.52,66.52,120.72,0.00,OK,9.3
Qwen/Qwen2-72B,h100,NaiveSparse,8192,16,1.0,-1.62,-1.02,66.52,66.52,120.72,0.00,OK,9.3
Qwen/Qwen2-72B,h100,Sparse,8192,128,0.1,-1.62,-1.02,66.52,66.52,120.72,0.00,OK,4.3
Qwen/Qwen2-72B,h100,Dense,8192,32,1.0,-1.62,-1.02,66.52,66.52,120.72,0.00,OK,9.3
Qwen/Qwen2-72B,h100,NaiveSparse,8192,32,1.0,-1.62,-1.02,66.52,66.52,120.72,0.00,OK,9.3
Qwen/Qwen2-72B,h100,Dense,8192,64,1.0,-1.62,-1.02,66.52,66.52,120.72,0.00,OK,9.0
Qwen/Qwen2-72B,h100,NaiveSparse,8192,64,1.0,-1.62,-1.02,66.52,66.52,120.72,0.00,OK,9.0
Qwen/Qwen2-72B,h100,Dense,8192,128,1.0,-1.62,-1.02,66.52,66.52,120.72,0.00,OK,9.0
Qwen/Qwen2-72B,h100,NaiveSparse,8192,128,1.0,-1.62,-1.02,66.52,66.52,120.72,0.00,OK,9.0
Qwen/Qwen2-72B,h100,Sparse,16384,4,0.1,-1.62,-1.02,103.38,116.19,69.00,0.00,OK,9.6
Qwen/Qwen2-72B,h100,Sparse,16384,16,0.1,-1.62,-1.02,66.52,66.52,120.72,0.00,OK,7.5
Qwen/Qwen2-72B,h100,Sparse,16384,8,0.1,-1.62,-1.02,66.52,66.52,120.72,0.00,OK,11.4
Qwen/Qwen2-72B,h100,Sparse,16384,32,0.1,-1.62,-1.02,66.52,66.52,120.72,0.00,OK,5.0
Qwen/Qwen2-72B,h100,Sparse,16384,64,0.1,-1.62,-1.02,66.52,66.52,120.72,0.00,OK,5.0
Qwen/Qwen2-72B,h100,Dense,16384,4,1.0,-1.62,-1.02,103.38,116.19,69.00,0.00,OK,18.7
Qwen/Qwen2-72B,h100,NaiveSparse,16384,4,1.0,-1.62,-1.02,103.38,116.19,69.00,0.00,OK,18.7
Qwen/Qwen2-72B,h100,Dense,16384,16,1.0,-1.62,-1.02,68.12,68.12,117.87,6.40,OK,14.5
Qwen/Qwen2-72B,h100,NaiveSparse,16384,16,1.0,-1.62,-1.02,68.12,68.12,117.87,6.40,OK,14.5
Qwen/Qwen2-72B,h100,Dense,16384,8,1.0,-1.62,-1.02,68.12,68.12,117.87,6.40,OK,17.2
Qwen/Qwen2-72B,h100,NaiveSparse,16384,8,1.0,-1.62,-1.02,68.12,68.12,117.87,6.40,OK,17.2
Qwen/Qwen2-72B,h100,Dense,16384,32,1.0,-1.62,-1.02,68.12,68.12,117.87,6.40,OK,14.1
Qwen/Qwen2-72B,h100,NaiveSparse,16384,32,1.0,-1.62,-1.02,68.12,68.12,117.87,6.40,OK,14.1
Qwen/Qwen2-72B,h100,Dense,16384,64,1.0,-1.62,-1.02,68.12,68.12,117.87,6.40,OK,13.9
Qwen/Qwen2-72B,h100,NaiveSparse,16384,64,1.0,-1.62,-1.02,68.12,68.12,117.87,6.40,OK,13.9
Qwen/Qwen2-72B,h100,Sparse,32768,4,0.1,-1.62,-1.02,103.38,116.19,69.00,0.00,OK,15.0
Qwen/Qwen2-72B,h100,Sparse,32768,16,0.1,-1.62,-1.02,66.52,66.52,120.72,0.00,OK,11.8
Qwen/Qwen2-72B,h100,Sparse,32768,8,0.1,-1.62,-1.02,66.52,66.52,120.72,0.00,OK,13.6
Qwen/Qwen2-72B,h100,Sparse,32768,32,0.1,-1.62,-1.02,66.52,66.52,120.72,0.00,OK,6.6
Qwen/Qwen2-72B,h100,Dense,32768,4,1.0,-1.62,-1.02,110.70,123.51,64.91,29.26,OK,30.2
Qwen/Qwen2-72B,h100,NaiveSparse,32768,4,1.0,-1.62,-1.02,110.70,123.51,64.91,29.26,OK,30.2
Qwen/Qwen2-72B,h100,Dense,32768,8,1.0,-1.62,-1.02,121.17,121.17,66.16,218.60,OK,29.6
Qwen/Qwen2-72B,h100,NaiveSparse,32768,8,1.0,-1.62,-1.02,121.17,121.17,66.16,218.60,OK,29.6
Qwen/Qwen2-72B,h100,Dense,32768,16,1.0,-1.62,-1.02,121.17,121.17,66.16,218.60,OK,27.3
Qwen/Qwen2-72B,h100,NaiveSparse,32768,16,1.0,-1.62,-1.02,121.17,121.17,66.16,218.60,OK,27.3
Qwen/Qwen2-72B,h100,Dense,32768,32,1.0,-1.62,-1.02,121.17,121.17,66.16,218.60,OK,24.3
Qwen/Qwen2-72B,h100,NaiveSparse,32768,32,1.0,-1.62,-1.02,121.17,121.17,66.16,218.60,OK,24.3
Qwen/Qwen2-72B,h100,Sparse,65536,8,0.1,-1.62,-1.02,66.52,66.52,120.72,0.00,OK,20.5
Qwen/Qwen2-72B,h100,Sparse,65536,4,0.1,-1.62,-1.02,103.38,116.19,69.00,0.00,OK,22.9
Qwen/Qwen2-72B,h100,Sparse,65536,16,0.1,-1.62,-1.02,66.52,66.52,120.72,0.00,OK,8.9
Qwen/Qwen2-72B,a40,Dense,262144,4,1.0,-1.62,-1.02,847.05,930.94,8.60,1363.91,OK,559.3
Qwen/Qwen2-72B,a40,NaiveSparse,262144,4,1.0,-1.62,-1.02,847.05,930.94,8.60,1363.91,OK,559.3
Qwen/Qwen2-72B,h100,Sparse,131072,4,0.1,-1.62,-1.02,103.38,116.19,69.00,0.00,OK,34.4
Qwen/Qwen2-72B,h100,Dense,65536,4,1.0,-1.62,-1.02,208.55,229.53,34.89,453.37,OK,57.3
Qwen/Qwen2-72B,h100,NaiveSparse,65536,4,1.0,-1.62,-1.02,208.55,229.53,34.89,453.37,OK,57.3
Qwen/Qwen2-72B,h100,Sparse,131072,8,0.1,-1.62,-1.02,66.52,66.52,120.72,0.00,OK,34.5
Qwen/Qwen2-72B,h100,Dense,65536,8,1.0,-1.62,-1.02,229.52,229.52,34.89,651.96,OK,47.1
Qwen/Qwen2-72B,h100,NaiveSparse,65536,8,1.0,-1.62,-1.02,229.52,229.52,34.89,651.96,OK,47.1
Qwen/Qwen2-72B,h100,Dense,65536,16,1.0,-1.62,-1.02,229.52,229.52,34.89,651.96,OK,47.7
Qwen/Qwen2-72B,h100,NaiveSparse,65536,16,1.0,-1.62,-1.02,229.52,229.52,34.89,651.96,OK,47.7
Qwen/Qwen2-72B,h100,Sparse,262144,4,0.1,-1.62,-1.02,103.38,116.19,69.00,0.00,OK,171.4
Qwen/Qwen2-72B,h100,Dense,131072,4,1.0,-1.62,-1.02,405.74,447.68,17.88,1325.97,OK,406.3
Qwen/Qwen2-72B,h100,NaiveSparse,131072,4,1.0,-1.62,-1.02,405.74,447.68,17.88,1325.97,OK,406.3
Qwen/Qwen2-72B,h100,Dense,131072,8,1.0,-1.62,-1.02,447.67,447.67,17.88,1524.57,OK,487.6
Qwen/Qwen2-72B,h100,NaiveSparse,131072,8,1.0,-1.62,-1.02,447.67,447.67,17.88,1524.57,OK,487.6
codellama/CodeLlama-34b-Instruct-hf,a100,Sparse,4096,32,0.1,-1.62,-1.02,61.32,61.32,131.00,0.00,OK,14.6
codellama/CodeLlama-34b-Instruct-hf,a100,Sparse,4096,16,0.1,-1.62,-1.02,61.32,61.32,131.00,0.00,OK,327.3
codellama/CodeLlama-34b-Instruct-hf,a100,Sparse,4096,4,0.1,-1.62,-1.02,94.67,106.41,75.36,0.00,OK,478.5
codellama/CodeLlama-34b-Instruct-hf,a100,Dense,4096,4,1.0,-1.62,-1.02,94.79,106.55,75.26,0.00,OK,481.6
codellama/CodeLlama-34b-Instruct-hf,a100,NaiveSparse,4096,4,1.0,-1.62,-1.02,94.79,106.55,75.26,0.00,OK,481.6
codellama/CodeLlama-34b-Instruct-hf,a100,Sparse,4096,8,0.1,-1.62,-1.02,61.32,61.32,131.01,0.00,OK,478.3
codellama/CodeLlama-34b-Instruct-hf,a100,Dense,4096,32,1.0,-1.62,-1.02,61.33,61.33,130.99,0.00,OK,13.0
codellama/CodeLlama-34b-Instruct-hf,a100,NaiveSparse,4096,32,1.0,-1.62,-1.02,61.33,61.33,130.99,0.00,OK,13.0
codellama/CodeLlama-34b-Instruct-hf,a100,Sparse,4096,64,0.1,-1.62,-1.02,61.33,61.33,130.99,0.00,OK,13.9
codellama/CodeLlama-34b-Instruct-hf,a100,Sparse,4096,128,0.1,-1.62,-1.02,61.33,61.33,130.99,0.00,OK,4.7
codellama/CodeLlama-34b-Instruct-hf,a100,Dense,4096,8,1.0,-1.62,-1.02,61.33,61.33,130.98,0.00,OK,479.9
codellama/CodeLlama-34b-Instruct-hf,a100,NaiveSparse,4096,8,1.0,-1.62,-1.02,61.33,61.33,130.98,0.00,OK,479.9
codellama/CodeLlama-34b-Instruct-hf,a100,Dense,4096,128,1.0,-1.62,-1.02,61.33,61.33,130.99,0.00,OK,7.2
codellama/CodeLlama-34b-Instruct-hf,a100,NaiveSparse,4096,128,1.0,-1.62,-1.02,61.33,61.33,130.99,0.00,OK,7.2
codellama/CodeLlama-34b-Instruct-hf,a100,Dense,4096,64,1.0,-1.62,-1.02,61.33,61.33,130.99,0.00,OK,11.5
codellama/CodeLlama-34b-Instruct-hf,a100,NaiveSparse,4096,64,1.0,-1.62,-1.02,61.33,61.33,130.99,0.00,OK,11.5
codellama/CodeLlama-34b-Instruct-hf,a100,Dense,4096,16,1.0,-1.62,-1.02,61.32,61.32,131.00,0.00,OK,122.3
codellama/CodeLlama-34b-Instruct-hf,a100,NaiveSparse,4096,16,1.0,-1.62,-1.02,61.32,61.32,131.00,0.00,OK,122.3
codellama/CodeLlama-34b-Instruct-hf,a100,Sparse,8192,4,0.1,-1.62,-1.02,94.73,106.48,75.31,0.00,OK,8.8
codellama/CodeLlama-34b-Instruct-hf,a100,Sparse,8192,8,0.1,-1.62,-1.02,61.32,61.32,131.00,0.00,OK,7.7
codellama/CodeLlama-34b-Instruct-hf,a100,Sparse,8192,16,0.1,-1.62,-1.02,61.32,61.32,131.00,0.00,OK,5.3
codellama/CodeLlama-34b-Instruct-hf,a100,Sparse,8192,32,0.1,-1.62,-1.02,61.32,61.32,131.00,0.00,OK,4.5
codellama/CodeLlama-34b-Instruct-hf,a100,Dense,8192,4,1.0,-1.62,-1.02,94.73,106.48,75.31,0.00,OK,11.1
codellama/CodeLlama-34b-Instruct-hf,a100,NaiveSparse,8192,4,1.0,-1.62,-1.02,94.73,106.48,75.31,0.00,OK,11.1
codellama/CodeLlama-34b-Instruct-hf,a100,Sparse,8192,64,0.1,-1.62,-1.02,61.32,61.32,131.00,0.00,OK,4.4
codellama/CodeLlama-34b-Instruct-hf,a100,Dense,8192,8,1.0,-1.62,-1.02,61.32,61.32,131.00,0.00,OK,10.0
codellama/CodeLlama-34b-Instruct-hf,a100,NaiveSparse,8192,8,1.0,-1.62,-1.02,61.32,61.32,131.00,0.00,OK,10.0
codellama/CodeLlama-34b-Instruct-hf,a100,Dense,8192,16,1.0,-1.62,-1.02,61.32,61.32,131.00,0.00,OK,10.1
codellama/CodeLlama-34b-Instruct-hf,a100,NaiveSparse,8192,16,1.0,-1.62,-1.02,61.32,61.32,131.00,0.00,OK,10.1
codellama/CodeLlama-34b-Instruct-hf,a100,Sparse,8192,128,0.1,-1.62,-1.02,61.32,61.32,131.00,0.00,OK,4.5
codellama/CodeLlama-34b-Instruct-hf,a100,Dense,8192,32,1.0,-1.62,-1.02,61.32,61.32,131.00,0.00,OK,8.9
codellama/CodeLlama-34b-Instruct-hf,a100,NaiveSparse,8192,32,1.0,-1.62,-1.02,61.32,61.32,131.00,0.00,OK,8.9
codellama/CodeLlama-34b-Instruct-hf,a100,Dense,8192,64,1.0,-1.62,-1.02,61.32,61.32,131.00,0.00,OK,8.9
codellama/CodeLlama-34b-Instruct-hf,a100,NaiveSparse,8192,64,1.0,-1.62,-1.02,61.32,61.32,131.00,0.00,OK,8.9
codellama/CodeLlama-34b-Instruct-hf,a100,Dense,8192,128,1.0,-1.62,-1.02,61.32,61.32,131.00,0.00,OK,9.0
codellama/CodeLlama-34b-Instruct-hf,a100,NaiveSparse,8192,128,1.0,-1.62,-1.02,61.32,61.32,131.00,0.00,OK,9.0
codellama/CodeLlama-34b-Instruct-hf,a100,Sparse,16384,8,0.1,-1.62,-1.02,61.32,61.32,131.00,0.00,OK,8.5
codellama/CodeLlama-34b-Instruct-hf,a100,Sparse,16384,16,0.1,-1.62,-1.02,61.32,61.32,131.00,0.00,OK,8.0
codellama/CodeLlama-34b-Instruct-hf,a100,Sparse,16384,4,0.1,-1.62,-1.02,94.73,106.48,75.31,0.00,OK,12.7
codellama/CodeLlama-34b-Instruct-hf,a100,Sparse,16384,32,0.1,-1.62,-1.02,61.32,61.32,131.00,0.00,OK,6.9
codellama/CodeLlama-34b-Instruct-hf,a100,Sparse,16384,64,0.1,-1.62,-1.02,61.32,61.32,131.00,0.00,OK,5.1
codellama/CodeLlama-34b-Instruct-hf,a100,Dense,16384,4,1.0,-1.62,-1.02,94.73,106.48,75.31,0.00,OK,18.2
codellama/CodeLlama-34b-Instruct-hf,a100,NaiveSparse,16384,4,1.0,-1.62,-1.02,94.73,106.48,75.31,0.00,OK,18.2
codellama/CodeLlama-34b-Instruct-hf,a100,Sparse,16384,128,0.1,-1.62,-1.02,61.32,61.32,131.00,0.00,OK,5.0
codellama/CodeLlama-34b-Instruct-hf,a100,Dense,16384,8,1.0,-1.62,-1.02,61.32,61.32,131.00,0.00,OK,19.3
codellama/CodeLlama-34b-Instruct-hf,a100,NaiveSparse,16384,8,1.0,-1.62,-1.02,61.32,61.32,131.00,0.00,OK,19.3
codellama/CodeLlama-34b-Instruct-hf,a100,Dense,16384,16,1.0,-1.62,-1.02,61.32,61.32,131.00,0.00,OK,17.4
codellama/CodeLlama-34b-Instruct-hf,a100,NaiveSparse,16384,16,1.0,-1.62,-1.02,61.32,61.32,131.00,0.00,OK,17.4
codellama/CodeLlama-34b-Instruct-hf,a100,Dense,16384,32,1.0,-1.62,-1.02,61.32,61.32,131.00,0.00,OK,13.6
codellama/CodeLlama-34b-Instruct-hf,a100,NaiveSparse,16384,32,1.0,-1.62,-1.02,61.32,61.32,131.00,0.00,OK,13.6
codellama/CodeLlama-34b-Instruct-hf,a100,Dense,16384,64,1.0,-1.62,-1.02,61.32,61.32,131.00,0.00,OK,13.6
codellama/CodeLlama-34b-Instruct-hf,a100,NaiveSparse,16384,64,1.0,-1.62,-1.02,61.32,61.32,131.00,0.00,OK,13.6
codellama/CodeLlama-34b-Instruct-hf,a100,Dense,16384,128,1.0,-1.62,-1.02,61.32,61.32,131.00,0.00,OK,13.3
codellama/CodeLlama-34b-Instruct-hf,a100,NaiveSparse,16384,128,1.0,-1.62,-1.02,61.32,61.32,131.00,0.00,OK,13.3
codellama/CodeLlama-34b-Instruct-hf,a100,Sparse,32768,16,0.1,-1.62,-1.02,61.32,61.32,131.00,0.00,OK,12.3
codellama/CodeLlama-34b-Instruct-hf,a100,Sparse,32768,8,0.1,-1.62,-1.02,61.32,61.32,131.00,0.00,OK,15.8
codellama/CodeLlama-34b-Instruct-hf,a100,Sparse,32768,4,0.1,-1.62,-1.02,94.73,106.48,75.31,0.00,OK,21.4
codellama/CodeLlama-34b-Instruct-hf,a100,Sparse,32768,32,0.1,-1.62,-1.02,61.32,61.32,131.00,0.00,OK,11.7
codellama/CodeLlama-34b-Instruct-hf,a100,Sparse,32768,64,0.1,-1.62,-1.02,61.32,61.32,131.00,0.00,OK,6.5
codellama/CodeLlama-34b-Instruct-hf,a100,Dense,32768,4,1.0,-1.62,-1.02,94.73,106.48,75.31,0.00,OK,29.5
codellama/CodeLlama-34b-Instruct-hf,a100,NaiveSparse,32768,4,1.0,-1.62,-1.02,94.73,106.48,75.31,0.00,OK,29.5
codellama/CodeLlama-34b-Instruct-hf,a100,Dense,32768,16,1.0,-1.62,-1.02,76.67,76.67,104.69,61.39,OK,26.2
codellama/CodeLlama-34b-Instruct-hf,a100,NaiveSparse,32768,16,1.0,-1.62,-1.02,76.67,76.67,104.69,61.39,OK,26.2
codellama/CodeLlama-34b-Instruct-hf,a100,Dense,32768,8,1.0,-1.62,-1.02,76.67,76.67,104.69,61.39,OK,35.8
codellama/CodeLlama-34b-Instruct-hf,a100,NaiveSparse,32768,8,1.0,-1.62,-1.02,76.67,76.67,104.69,61.39,OK,35.8
codellama/CodeLlama-34b-Instruct-hf,a100,Dense,32768,32,1.0,-1.62,-1.02,76.67,76.67,104.69,61.39,OK,23.4
codellama/CodeLlama-34b-Instruct-hf,a100,NaiveSparse,32768,32,1.0,-1.62,-1.02,76.67,76.67,104.69,61.39,OK,23.4
codellama/CodeLlama-34b-Instruct-hf,a100,Dense,32768,64,1.0,-1.62,-1.02,76.67,76.67,104.69,61.39,OK,23.1
codellama/CodeLlama-34b-Instruct-hf,a100,NaiveSparse,32768,64,1.0,-1.62,-1.02,76.67,76.67,104.69,61.39,OK,23.1
codellama/CodeLlama-34b-Instruct-hf,a100,Sparse,65536,4,0.1,-1.62,-1.02,94.73,106.48,75.31,0.00,OK,21.4
codellama/CodeLlama-34b-Instruct-hf,a100,Sparse,65536,8,0.1,-1.62,-1.02,61.32,61.32,131.00,0.00,OK,16.7
Qwen/Qwen2-72B,h100,Dense,262144,4,1.0,-1.62,-1.02,811.15,895.03,8.94,3115.37,OK,568.9
Qwen/Qwen2-72B,h100,NaiveSparse,262144,4,1.0,-1.62,-1.02,811.15,895.03,8.94,3115.37,OK,568.9
codellama/CodeLlama-34b-Instruct-hf,a100,Sparse,65536,16,0.1,-1.62,-1.02,61.32,61.32,131.00,0.00,OK,12.2
codellama/CodeLlama-34b-Instruct-hf,a100,Sparse,65536,32,0.1,-1.62,-1.02,61.32,61.32,131.00,0.00,OK,8.8
codellama/CodeLlama-34b-Instruct-hf,a100,Sparse,131072,4,0.1,-1.62,-1.02,94.73,106.48,75.31,0.00,OK,33.3
codellama/CodeLlama-34b-Instruct-hf,a100,Dense,65536,4,1.0,-1.62,-1.02,129.11,141.69,56.56,140.84,OK,54.6
codellama/CodeLlama-34b-Instruct-hf,a100,NaiveSparse,65536,4,1.0,-1.62,-1.02,129.11,141.69,56.56,140.84,OK,54.6
codellama/CodeLlama-34b-Instruct-hf,a100,Dense,65536,8,1.0,-1.62,-1.02,141.68,141.68,56.57,321.44,OK,48.1
codellama/CodeLlama-34b-Instruct-hf,a100,NaiveSparse,65536,8,1.0,-1.62,-1.02,141.68,141.68,56.57,321.44,OK,48.1
codellama/CodeLlama-34b-Instruct-hf,a100,Dense,65536,16,1.0,-1.62,-1.02,141.68,141.68,56.57,321.44,OK,44.2
codellama/CodeLlama-34b-Instruct-hf,a100,NaiveSparse,65536,16,1.0,-1.62,-1.02,141.68,141.68,56.57,321.44,OK,44.2
codellama/CodeLlama-34b-Instruct-hf,a100,Sparse,131072,8,0.1,-1.62,-1.02,61.32,61.32,131.00,0.00,OK,32.9
codellama/CodeLlama-34b-Instruct-hf,a100,Dense,65536,32,1.0,-1.62,-1.02,141.68,141.68,56.57,321.44,OK,41.7
codellama/CodeLlama-34b-Instruct-hf,a100,NaiveSparse,65536,32,1.0,-1.62,-1.02,141.68,141.68,56.57,321.44,OK,41.7
codellama/CodeLlama-34b-Instruct-hf,a100,Sparse,131072,16,0.1,-1.62,-1.02,61.32,61.32,131.00,0.00,OK,13.3
codellama/CodeLlama-34b-Instruct-hf,a100,Sparse,262144,8,0.1,-1.62,-1.02,64.34,64.34,124.83,12.07,OK,56.6
codellama/CodeLlama-34b-Instruct-hf,a100,Sparse,262144,4,0.1,-1.62,-1.02,94.73,106.48,75.31,0.00,OK,59.8
codellama/CodeLlama-34b-Instruct-hf,a100,Dense,131072,4,1.0,-1.62,-1.02,246.55,271.72,29.47,660.94,OK,98.4
codellama/CodeLlama-34b-Instruct-hf,a100,NaiveSparse,131072,4,1.0,-1.62,-1.02,246.55,271.72,29.47,660.94,OK,98.4
codellama/CodeLlama-34b-Instruct-hf,a100,Dense,131072,8,1.0,-1.62,-1.02,271.71,271.71,29.47,841.53,OK,96.0
codellama/CodeLlama-34b-Instruct-hf,a100,NaiveSparse,131072,8,1.0,-1.62,-1.02,271.71,271.71,29.47,841.53,OK,96.0
codellama/CodeLlama-34b-Instruct-hf,a100,Dense,131072,16,1.0,-1.62,-1.02,271.71,271.71,29.47,841.53,OK,111.4
codellama/CodeLlama-34b-Instruct-hf,a100,NaiveSparse,131072,16,1.0,-1.62,-1.02,271.71,271.71,29.47,841.53,OK,111.4
codellama/CodeLlama-34b-Instruct-hf,a100,Sparse,524288,4,0.1,-1.62,-1.02,105.60,117.35,68.32,43.47,OK,340.0
codellama/CodeLlama-34b-Instruct-hf,a40,Sparse,4096,4,0.1,-1.62,-1.02,258.06,290.01,27.61,0.00,OK,396.2
codellama/CodeLlama-34b-Instruct-hf,a40,Sparse,4096,8,0.1,-1.62,-1.02,166.66,166.66,48.07,0.00,OK,390.7
codellama/CodeLlama-34b-Instruct-hf,a40,Dense,4096,8,1.0,-1.62,-1.02,166.75,166.75,48.05,0.00,OK,353.3
codellama/CodeLlama-34b-Instruct-hf,a40,NaiveSparse,4096,8,1.0,-1.62,-1.02,166.75,166.75,48.05,0.00,OK,353.3
codellama/CodeLlama-34b-Instruct-hf,a40,Dense,4096,16,1.0,-1.62,-1.02,166.68,166.68,48.07,0.00,OK,11.3
codellama/CodeLlama-34b-Instruct-hf,a40,NaiveSparse,4096,16,1.0,-1.62,-1.02,166.68,166.68,48.07,0.00,OK,11.3
codellama/CodeLlama-34b-Instruct-hf,a40,Sparse,4096,32,0.1,-1.62,-1.02,166.67,166.67,48.07,0.00,OK,10.5
codellama/CodeLlama-34b-Instruct-hf,a40,Dense,4096,32,1.0,-1.62,-1.02,166.67,166.67,48.07,0.00,OK,8.1
codellama/CodeLlama-34b-Instruct-hf,a40,NaiveSparse,4096,32,1.0,-1.62,-1.02,166.67,166.67,48.07,0.00,OK,8.1
codellama/CodeLlama-34b-Instruct-hf,a40,Dense,4096,4,1.0,-1.62,-1.02,258.08,290.03,27.61,0.00,OK,406.3
codellama/CodeLlama-34b-Instruct-hf,a40,NaiveSparse,4096,4,1.0,-1.62,-1.02,258.08,290.03,27.61,0.00,OK,406.3
codellama/CodeLlama-34b-Instruct-hf,a40,Sparse,4096,64,0.1,-1.62,-1.02,166.67,166.67,48.07,0.00,OK,5.0
codellama/CodeLlama-34b-Instruct-hf,a40,Dense,4096,64,1.0,-1.62,-1.02,166.67,166.67,48.07,0.00,OK,7.4
codellama/CodeLlama-34b-Instruct-hf,a40,NaiveSparse,4096,64,1.0,-1.62,-1.02,166.67,166.67,48.07,0.00,OK,7.4
codellama/CodeLlama-34b-Instruct-hf,a40,Sparse,4096,128,0.1,-1.62,-1.02,166.67,166.67,48.07,0.00,OK,4.5
codellama/CodeLlama-34b-Instruct-hf,a40,Dense,4096,128,1.0,-1.62,-1.02,166.67,166.67,48.07,0.00,OK,6.9
codellama/CodeLlama-34b-Instruct-hf,a40,NaiveSparse,4096,128,1.0,-1.62,-1.02,166.67,166.67,48.07,0.00,OK,6.9
codellama/CodeLlama-34b-Instruct-hf,a40,Sparse,4096,16,0.1,-1.62,-1.02,166.69,166.69,48.07,0.00,OK,130.0
codellama/CodeLlama-34b-Instruct-hf,a40,Sparse,8192,4,0.1,-1.62,-1.02,258.15,290.11,27.60,0.00,OK,10.0
codellama/CodeLlama-34b-Instruct-hf,a40,Sparse,8192,8,0.1,-1.62,-1.02,166.69,166.69,48.07,0.00,OK,8.5
codellama/CodeLlama-34b-Instruct-hf,a40,Sparse,8192,16,0.1,-1.62,-1.02,166.69,166.69,48.07,0.00,OK,4.8
codellama/CodeLlama-34b-Instruct-hf,a40,Dense,8192,4,1.0,-1.62,-1.02,258.16,290.12,27.60,0.00,OK,12.9
codellama/CodeLlama-34b-Instruct-hf,a40,NaiveSparse,8192,4,1.0,-1.62,-1.02,258.16,290.12,27.60,0.00,OK,12.9
codellama/CodeLlama-34b-Instruct-hf,a40,Dense,8192,8,1.0,-1.62,-1.02,166.69,166.69,48.07,0.00,OK,10.2
codellama/CodeLlama-34b-Instruct-hf,a40,NaiveSparse,8192,8,1.0,-1.62,-1.02,166.69,166.69,48.07,0.00,OK,10.2
codellama/CodeLlama-34b-Instruct-hf,a40,Sparse,8192,32,0.1,-1.62,-1.02,166.69,166.69,48.07,0.00,OK,4.8
codellama/CodeLlama-34b-Instruct-hf,a40,Dense,8192,16,1.0,-1.62,-1.02,166.69,166.69,48.07,0.00,OK,9.2
codellama/CodeLlama-34b-Instruct-hf,a40,NaiveSparse,8192,16,1.0,-1.62,-1.02,166.69,166.69,48.07,0.00,OK,9.2
codellama/CodeLlama-34b-Instruct-hf,a40,Sparse,8192,64,0.1,-1.62,-1.02,166.69,166.69,48.07,0.00,OK,4.8
codellama/CodeLlama-34b-Instruct-hf,a40,Sparse,8192,128,0.1,-1.62,-1.02,166.69,166.69,48.07,0.00,OK,4.8
codellama/CodeLlama-34b-Instruct-hf,a40,Dense,8192,32,1.0,-1.62,-1.02,166.69,166.69,48.07,0.00,OK,9.2
codellama/CodeLlama-34b-Instruct-hf,a40,NaiveSparse,8192,32,1.0,-1.62,-1.02,166.69,166.69,48.07,0.00,OK,9.2
codellama/CodeLlama-34b-Instruct-hf,a40,Dense,8192,64,1.0,-1.62,-1.02,166.69,166.69,48.07,0.00,OK,9.4
codellama/CodeLlama-34b-Instruct-hf,a40,NaiveSparse,8192,64,1.0,-1.62,-1.02,166.69,166.69,48.07,0.00,OK,9.4
codellama/CodeLlama-34b-Instruct-hf,a40,Dense,8192,128,1.0,-1.62,-1.02,166.69,166.69,48.07,0.00,OK,9.4
codellama/CodeLlama-34b-Instruct-hf,a40,NaiveSparse,8192,128,1.0,-1.62,-1.02,166.69,166.69,48.07,0.00,OK,9.4
codellama/CodeLlama-34b-Instruct-hf,a100,Dense,262144,4,1.0,-1.62,-1.02,486.84,537.18,14.90,1722.78,OK,500.6
codellama/CodeLlama-34b-Instruct-hf,a100,NaiveSparse,262144,4,1.0,-1.62,-1.02,486.84,537.18,14.90,1722.78,OK,500.6
codellama/CodeLlama-34b-Instruct-hf,a40,Sparse,16384,16,0.1,-1.62,-1.02,166.69,166.69,48.07,0.00,OK,5.5
codellama/CodeLlama-34b-Instruct-hf,a40,Sparse,16384,4,0.1,-1.62,-1.02,258.16,290.12,27.60,0.00,OK,14.3
codellama/CodeLlama-34b-Instruct-hf,a40,Sparse,16384,8,0.1,-1.62,-1.02,166.69,166.69,48.07,0.00,OK,13.3
codellama/CodeLlama-34b-Instruct-hf,a40,Sparse,16384,32,0.1,-1.62,-1.02,166.69,166.69,48.07,0.00,OK,5.5
codellama/CodeLlama-34b-Instruct-hf,a40,Dense,16384,4,1.0,-1.62,-1.02,258.16,290.12,27.60,0.00,OK,20.3
codellama/CodeLlama-34b-Instruct-hf,a40,NaiveSparse,16384,4,1.0,-1.62,-1.02,258.16,290.12,27.60,0.00,OK,20.3
codellama/CodeLlama-34b-Instruct-hf,a40,Sparse,16384,64,0.1,-1.62,-1.02,166.69,166.69,48.07,0.00,OK,5.5
codellama/CodeLlama-34b-Instruct-hf,a40,Dense,16384,16,1.0,-1.62,-1.02,166.69,166.69,48.07,0.00,OK,14.1
codellama/CodeLlama-34b-Instruct-hf,a40,NaiveSparse,16384,16,1.0,-1.62,-1.02,166.69,166.69,48.07,0.00,OK,14.1
codellama/CodeLlama-34b-Instruct-hf,a40,Dense,16384,8,1.0,-1.62,-1.02,166.69,166.69,48.07,0.00,OK,20.1
codellama/CodeLlama-34b-Instruct-hf,a40,NaiveSparse,16384,8,1.0,-1.62,-1.02,166.69,166.69,48.07,0.00,OK,20.1
codellama/CodeLlama-34b-Instruct-hf,a40,Sparse,16384,128,0.1,-1.62,-1.02,166.69,166.69,48.07,0.00,OK,5.6
codellama/CodeLlama-34b-Instruct-hf,a40,Dense,16384,32,1.0,-1.62,-1.02,166.69,166.69,48.07,0.00,OK,14.3
codellama/CodeLlama-34b-Instruct-hf,a40,NaiveSparse,16384,32,1.0,-1.62,-1.02,166.69,166.69,48.07,0.00,OK,14.3
codellama/CodeLlama-34b-Instruct-hf,a100,Dense,262144,8,1.0,-1.62,-1.02,537.17,537.17,14.90,1903.37,OK,520.8
codellama/CodeLlama-34b-Instruct-hf,a100,NaiveSparse,262144,8,1.0,-1.62,-1.02,537.17,537.17,14.90,1903.37,OK,520.8
codellama/CodeLlama-34b-Instruct-hf,a40,Dense,16384,64,1.0,-1.62,-1.02,166.69,166.69,48.07,0.00,OK,14.5
codellama/CodeLlama-34b-Instruct-hf,a40,NaiveSparse,16384,64,1.0,-1.62,-1.02,166.69,166.69,48.07,0.00,OK,14.5
codellama/CodeLlama-34b-Instruct-hf,a40,Dense,16384,128,1.0,-1.62,-1.02,166.69,166.69,48.07,0.00,OK,14.5
codellama/CodeLlama-34b-Instruct-hf,a40,NaiveSparse,16384,128,1.0,-1.62,-1.02,166.69,166.69,48.07,0.00,OK,14.5
codellama/CodeLlama-34b-Instruct-hf,a40,Sparse,32768,16,0.1,-1.62,-1.02,166.69,166.69,48.07,0.00,OK,16.9
codellama/CodeLlama-34b-Instruct-hf,a40,Sparse,32768,4,0.1,-1.62,-1.02,258.16,290.12,27.60,0.00,OK,26.2
codellama/CodeLlama-34b-Instruct-hf,a40,Sparse,32768,32,0.1,-1.62,-1.02,166.69,166.69,48.07,0.00,OK,17.1
codellama/CodeLlama-34b-Instruct-hf,a40,Sparse,32768,8,0.1,-1.62,-1.02,166.69,166.69,48.07,0.00,OK,28.1
codellama/CodeLlama-34b-Instruct-hf,a40,Sparse,32768,64,0.1,-1.62,-1.02,166.69,166.69,48.07,0.00,OK,7.1
codellama/CodeLlama-34b-Instruct-hf,a40,Dense,32768,4,1.0,-1.62,-1.02,258.16,290.12,27.60,0.00,OK,35.2
codellama/CodeLlama-34b-Instruct-hf,a40,NaiveSparse,32768,4,1.0,-1.62,-1.02,258.16,290.12,27.60,0.00,OK,35.2
codellama/CodeLlama-34b-Instruct-hf,a40,Dense,32768,8,1.0,-1.62,-1.02,166.69,166.69,48.07,0.00,OK,35.3
codellama/CodeLlama-34b-Instruct-hf,a40,NaiveSparse,32768,8,1.0,-1.62,-1.02,166.69,166.69,48.07,0.00,OK,35.3
codellama/CodeLlama-34b-Instruct-hf,a40,Dense,32768,32,1.0,-1.62,-1.02,166.69,166.69,48.07,0.00,OK,24.3
codellama/CodeLlama-34b-Instruct-hf,a40,NaiveSparse,32768,32,1.0,-1.62,-1.02,166.69,166.69,48.07,0.00,OK,24.3
codellama/CodeLlama-34b-Instruct-hf,a40,Dense,32768,16,1.0,-1.62,-1.02,166.69,166.69,48.07,0.00,OK,40.1
codellama/CodeLlama-34b-Instruct-hf,a40,NaiveSparse,32768,16,1.0,-1.62,-1.02,166.69,166.69,48.07,0.00,OK,40.1
codellama/CodeLlama-34b-Instruct-hf,a40,Dense,32768,64,1.0,-1.62,-1.02,166.69,166.69,48.07,0.00,OK,24.1
codellama/CodeLlama-34b-Instruct-hf,a40,NaiveSparse,32768,64,1.0,-1.62,-1.02,166.69,166.69,48.07,0.00,OK,24.1
codellama/CodeLlama-34b-Instruct-hf,a40,Sparse,65536,4,0.1,-1.62,-1.02,258.16,290.12,27.60,0.00,OK,28.3
codellama/CodeLlama-34b-Instruct-hf,a40,Sparse,65536,16,0.1,-1.62,-1.02,166.69,166.69,48.07,0.00,OK,10.0
codellama/CodeLlama-34b-Instruct-hf,a40,Sparse,65536,32,0.1,-1.62,-1.02,166.69,166.69,48.07,0.00,OK,10.6
codellama/CodeLlama-34b-Instruct-hf,a40,Sparse,65536,8,0.1,-1.62,-1.02,166.69,166.69,48.07,0.00,OK,27.0
codellama/CodeLlama-34b-Instruct-hf,a40,Dense,65536,4,1.0,-1.62,-1.02,258.16,290.12,27.60,0.00,OK,53.9
codellama/CodeLlama-34b-Instruct-hf,a40,NaiveSparse,65536,4,1.0,-1.62,-1.02,258.16,290.12,27.60,0.00,OK,53.9
codellama/CodeLlama-34b-Instruct-hf,a40,Dense,65536,16,1.0,-1.62,-1.02,166.69,166.69,48.07,0.00,OK,43.1
codellama/CodeLlama-34b-Instruct-hf,a40,NaiveSparse,65536,16,1.0,-1.62,-1.02,166.69,166.69,48.07,0.00,OK,43.1
codellama/CodeLlama-34b-Instruct-hf,a40,Dense,65536,8,1.0,-1.62,-1.02,166.69,166.69,48.07,0.00,OK,54.7
codellama/CodeLlama-34b-Instruct-hf,a40,NaiveSparse,65536,8,1.0,-1.62,-1.02,166.69,166.69,48.07,0.00,OK,54.7
codellama/CodeLlama-34b-Instruct-hf,a40,Sparse,131072,8,0.1,-1.62,-1.02,166.69,166.69,48.07,0.00,OK,34.1
codellama/CodeLlama-34b-Instruct-hf,a40,Sparse,131072,4,0.1,-1.62,-1.02,258.16,290.12,27.60,0.00,OK,39.5
codellama/CodeLlama-34b-Instruct-hf,a40,Dense,65536,32,1.0,-1.62,-1.02,166.69,166.69,48.07,0.00,OK,42.6
codellama/CodeLlama-34b-Instruct-hf,a40,NaiveSparse,65536,32,1.0,-1.62,-1.02,166.69,166.69,48.07,0.00,OK,42.6
codellama/CodeLlama-34b-Instruct-hf,a40,Sparse,131072,16,0.1,-1.62,-1.02,166.69,166.69,48.07,0.00,OK,13.4
codellama/CodeLlama-34b-Instruct-hf,a40,Dense,131072,4,1.0,-1.62,-1.02,266.41,298.37,26.84,33.02,OK,96.3
codellama/CodeLlama-34b-Instruct-hf,a40,NaiveSparse,131072,4,1.0,-1.62,-1.02,266.41,298.37,26.84,33.02,OK,96.3
codellama/CodeLlama-34b-Instruct-hf,a40,Sparse,262144,8,0.1,-1.62,-1.02,166.69,166.69,48.07,0.00,OK,60.3
codellama/CodeLlama-34b-Instruct-hf,a40,Sparse,262144,4,0.1,-1.62,-1.02,258.16,290.12,27.60,0.00,OK,66.7
codellama/CodeLlama-34b-Instruct-hf,a40,Dense,131072,8,1.0,-1.62,-1.02,291.57,291.57,27.46,499.55,OK,78.4
codellama/CodeLlama-34b-Instruct-hf,a40,NaiveSparse,131072,8,1.0,-1.62,-1.02,291.57,291.57,27.46,499.55,OK,78.4
codellama/CodeLlama-34b-Instruct-hf,a40,Dense,131072,16,1.0,-1.62,-1.02,291.57,291.57,27.46,499.55,OK,86.9
codellama/CodeLlama-34b-Instruct-hf,a40,NaiveSparse,131072,16,1.0,-1.62,-1.02,291.57,291.57,27.46,499.55,OK,86.9
codellama/CodeLlama-34b-Instruct-hf,a100,Dense,524288,4,1.0,-1.62,-1.02,973.38,1074.05,7.45,3870.26,OK,691.3
codellama/CodeLlama-34b-Instruct-hf,a100,NaiveSparse,524288,4,1.0,-1.62,-1.02,973.38,1074.05,7.45,3870.26,OK,691.3
codellama/CodeLlama-34b-Instruct-hf,h100,Dense,4096,4,1.0,-1.62,-1.02,52.10,58.55,137.24,0.00,OK,360.9
codellama/CodeLlama-34b-Instruct-hf,h100,NaiveSparse,4096,4,1.0,-1.62,-1.02,52.10,58.55,137.24,0.00,OK,360.9
codellama/CodeLlama-34b-Instruct-hf,h100,Sparse,4096,4,0.1,-1.62,-1.02,52.00,58.42,137.53,0.00,OK,364.4
codellama/CodeLlama-34b-Instruct-hf,h100,Sparse,4096,8,0.1,-1.62,-1.02,33.65,33.65,239.58,0.00,OK,348.6
codellama/CodeLlama-34b-Instruct-hf,h100,Sparse,4096,16,0.1,-1.62,-1.02,33.71,33.71,239.14,0.00,OK,4.7
codellama/CodeLlama-34b-Instruct-hf,h100,Dense,4096,8,1.0,-1.62,-1.02,33.71,33.71,239.13,0.00,OK,299.7
codellama/CodeLlama-34b-Instruct-hf,h100,NaiveSparse,4096,8,1.0,-1.62,-1.02,33.71,33.71,239.13,0.00,OK,299.7
codellama/CodeLlama-34b-Instruct-hf,h100,Sparse,4096,32,0.1,-1.62,-1.02,33.71,33.71,239.14,0.00,OK,4.2
codellama/CodeLlama-34b-Instruct-hf,h100,Dense,4096,16,1.0,-1.62,-1.02,33.71,33.71,239.14,0.00,OK,6.9
codellama/CodeLlama-34b-Instruct-hf,h100,NaiveSparse,4096,16,1.0,-1.62,-1.02,33.71,33.71,239.14,0.00,OK,6.9
codellama/CodeLlama-34b-Instruct-hf,h100,Sparse,4096,64,0.1,-1.62,-1.02,33.71,33.71,239.14,0.00,OK,3.7
codellama/CodeLlama-34b-Instruct-hf,h100,Dense,4096,32,1.0,-1.62,-1.02,33.71,33.71,239.14,0.00,OK,6.5
codellama/CodeLlama-34b-Instruct-hf,h100,NaiveSparse,4096,32,1.0,-1.62,-1.02,33.71,33.71,239.14,0.00,OK,6.5
codellama/CodeLlama-34b-Instruct-hf,h100,Sparse,4096,128,0.1,-1.62,-1.02,33.71,33.71,239.14,0.00,OK,3.7
codellama/CodeLlama-34b-Instruct-hf,h100,Dense,4096,64,1.0,-1.62,-1.02,33.71,33.71,239.14,0.00,OK,5.9
codellama/CodeLlama-34b-Instruct-hf,h100,NaiveSparse,4096,64,1.0,-1.62,-1.02,33.71,33.71,239.14,0.00,OK,5.9
codellama/CodeLlama-34b-Instruct-hf,h100,Dense,4096,128,1.0,-1.62,-1.02,33.71,33.71,239.14,0.00,OK,5.9
codellama/CodeLlama-34b-Instruct-hf,h100,NaiveSparse,4096,128,1.0,-1.62,-1.02,33.71,33.71,239.14,0.00,OK,5.9
codellama/CodeLlama-34b-Instruct-hf,h100,Sparse,8192,4,0.1,-1.62,-1.02,52.10,58.54,137.26,0.00,OK,6.7
codellama/CodeLlama-34b-Instruct-hf,h100,Sparse,8192,8,0.1,-1.62,-1.02,33.71,33.71,239.15,0.00,OK,4.3
codellama/CodeLlama-34b-Instruct-hf,h100,Sparse,8192,16,0.1,-1.62,-1.02,33.71,33.71,239.15,0.00,OK,4.0
codellama/CodeLlama-34b-Instruct-hf,h100,Dense,8192,4,1.0,-1.62,-1.02,52.10,58.54,137.26,0.00,OK,9.7
codellama/CodeLlama-34b-Instruct-hf,h100,NaiveSparse,8192,4,1.0,-1.62,-1.02,52.10,58.54,137.26,0.00,OK,9.7
codellama/CodeLlama-34b-Instruct-hf,h100,Dense,8192,8,1.0,-1.62,-1.02,33.71,33.71,239.15,0.00,OK,8.3
codellama/CodeLlama-34b-Instruct-hf,h100,NaiveSparse,8192,8,1.0,-1.62,-1.02,33.71,33.71,239.15,0.00,OK,8.3
codellama/CodeLlama-34b-Instruct-hf,h100,Sparse,8192,32,0.1,-1.62,-1.02,33.71,33.71,239.15,0.00,OK,4.0
codellama/CodeLlama-34b-Instruct-hf,h100,Dense,8192,16,1.0,-1.62,-1.02,33.71,33.71,239.15,0.00,OK,8.4
codellama/CodeLlama-34b-Instruct-hf,h100,NaiveSparse,8192,16,1.0,-1.62,-1.02,33.71,33.71,239.15,0.00,OK,8.4
codellama/CodeLlama-34b-Instruct-hf,h100,Sparse,8192,64,0.1,-1.62,-1.02,33.71,33.71,239.15,0.00,OK,4.0
codellama/CodeLlama-34b-Instruct-hf,h100,Dense,8192,32,1.0,-1.62,-1.02,33.71,33.71,239.15,0.00,OK,8.3
codellama/CodeLlama-34b-Instruct-hf,h100,NaiveSparse,8192,32,1.0,-1.62,-1.02,33.71,33.71,239.15,0.00,OK,8.3
codellama/CodeLlama-34b-Instruct-hf,h100,Sparse,8192,128,0.1,-1.62,-1.02,33.71,33.71,239.15,0.00,OK,4.2
codellama/CodeLlama-34b-Instruct-hf,a40,Sparse,524288,4,0.1,-1.62,-1.02,258.16,290.12,27.60,0.00,OK,400.3
codellama/CodeLlama-34b-Instruct-hf,h100,Dense,8192,64,1.0,-1.62,-1.02,33.71,33.71,239.15,0.00,OK,8.3
codellama/CodeLlama-34b-Instruct-hf,h100,NaiveSparse,8192,64,1.0,-1.62,-1.02,33.71,33.71,239.15,0.00,OK,8.3
codellama/CodeLlama-34b-Instruct-hf,h100,Dense,8192,128,1.0,-1.62,-1.02,33.71,33.71,239.15,0.00,OK,8.4
codellama/CodeLlama-34b-Instruct-hf,h100,NaiveSparse,8192,128,1.0,-1.62,-1.02,33.71,33.71,239.15,0.00,OK,8.4
codellama/CodeLlama-34b-Instruct-hf,h100,Sparse,16384,4,0.1,-1.62,-1.02,52.10,58.54,137.26,0.00,OK,10.2
codellama/CodeLlama-34b-Instruct-hf,a40,Dense,262144,4,1.0,-1.62,-1.02,501.29,551.63,14.51,1046.05,OK,469.5
codellama/CodeLlama-34b-Instruct-hf,a40,NaiveSparse,262144,4,1.0,-1.62,-1.02,501.29,551.63,14.51,1046.05,OK,469.5
codellama/CodeLlama-34b-Instruct-hf,h100,Sparse,16384,16,0.1,-1.62,-1.02,33.71,33.71,239.15,0.00,OK,4.8
codellama/CodeLlama-34b-Instruct-hf,h100,Sparse,16384,8,0.1,-1.62,-1.02,33.71,33.71,239.15,0.00,OK,8.7
codellama/CodeLlama-34b-Instruct-hf,h100,Sparse,16384,32,0.1,-1.62,-1.02,33.71,33.71,239.15,0.00,OK,4.8
codellama/CodeLlama-34b-Instruct-hf,h100,Sparse,16384,64,0.1,-1.62,-1.02,33.71,33.71,239.15,0.00,OK,4.8
codellama/CodeLlama-34b-Instruct-hf,h100,Dense,16384,4,1.0,-1.62,-1.02,52.10,58.54,137.26,0.00,OK,16.8
codellama/CodeLlama-34b-Instruct-hf,h100,NaiveSparse,16384,4,1.0,-1.62,-1.02,52.10,58.54,137.26,0.00,OK,16.8
codellama/CodeLlama-34b-Instruct-hf,h100,Dense,16384,8,1.0,-1.62,-1.02,39.05,39.05,206.19,21.39,OK,15.0
codellama/CodeLlama-34b-Instruct-hf,h100,NaiveSparse,16384,8,1.0,-1.62,-1.02,39.05,39.05,206.19,21.39,OK,15.0
codellama/CodeLlama-34b-Instruct-hf,h100,Sparse,16384,128,0.1,-1.62,-1.02,33.71,33.71,239.15,0.00,OK,4.9
codellama/CodeLlama-34b-Instruct-hf,h100,Dense,16384,16,1.0,-1.62,-1.02,39.05,39.05,206.19,21.39,OK,13.1
codellama/CodeLlama-34b-Instruct-hf,h100,NaiveSparse,16384,16,1.0,-1.62,-1.02,39.05,39.05,206.19,21.39,OK,13.1
codellama/CodeLlama-34b-Instruct-hf,a40,Dense,262144,8,1.0,-1.62,-1.02,551.62,551.62,14.51,1539.74,OK,474.9
codellama/CodeLlama-34b-Instruct-hf,a40,NaiveSparse,262144,8,1.0,-1.62,-1.02,551.62,551.62,14.51,1539.74,OK,474.9
codellama/CodeLlama-34b-Instruct-hf,h100,Dense,16384,32,1.0,-1.62,-1.02,39.05,39.05,206.19,21.39,OK,13.3
codellama/CodeLlama-34b-Instruct-hf,h100,NaiveSparse,16384,32,1.0,-1.62,-1.02,39.05,39.05,206.19,21.39,OK,13.3
codellama/CodeLlama-34b-Instruct-hf,h100,Dense,16384,64,1.0,-1.62,-1.02,39.05,39.05,206.19,21.39,OK,13.2
codellama/CodeLlama-34b-Instruct-hf,h100,NaiveSparse,16384,64,1.0,-1.62,-1.02,39.05,39.05,206.19,21.39,OK,13.2
codellama/CodeLlama-34b-Instruct-hf,h100,Dense,16384,128,1.0,-1.62,-1.02,39.05,39.05,206.19,21.39,OK,13.2
codellama/CodeLlama-34b-Instruct-hf,h100,NaiveSparse,16384,128,1.0,-1.62,-1.02,39.05,39.05,206.19,21.39,OK,13.2
codellama/CodeLlama-34b-Instruct-hf,h100,Sparse,32768,4,0.1,-1.62,-1.02,52.10,58.54,137.26,0.00,OK,15.1
codellama/CodeLlama-34b-Instruct-hf,h100,Sparse,32768,16,0.1,-1.62,-1.02,33.71,33.71,239.15,0.00,OK,11.4
codellama/CodeLlama-34b-Instruct-hf,h100,Sparse,32768,32,0.1,-1.62,-1.02,33.71,33.71,239.15,0.00,OK,7.8
codellama/CodeLlama-34b-Instruct-hf,h100,Sparse,32768,8,0.1,-1.62,-1.02,33.71,33.71,239.15,0.00,OK,14.7
codellama/CodeLlama-34b-Instruct-hf,h100,Sparse,32768,64,0.1,-1.62,-1.02,33.71,33.71,239.15,0.00,OK,6.3
codellama/CodeLlama-34b-Instruct-hf,h100,Dense,32768,16,1.0,-1.62,-1.02,71.56,71.56,112.19,151.41,OK,23.3
codellama/CodeLlama-34b-Instruct-hf,h100,NaiveSparse,32768,16,1.0,-1.62,-1.02,71.56,71.56,112.19,151.41,OK,23.3
codellama/CodeLlama-34b-Instruct-hf,h100,Dense,32768,4,1.0,-1.62,-1.02,65.27,71.72,111.95,52.70,OK,33.9
codellama/CodeLlama-34b-Instruct-hf,h100,NaiveSparse,32768,4,1.0,-1.62,-1.02,65.27,71.72,111.95,52.70,OK,33.9
codellama/CodeLlama-34b-Instruct-hf,h100,Dense,32768,8,1.0,-1.62,-1.02,71.56,71.56,112.19,151.41,OK,34.7
codellama/CodeLlama-34b-Instruct-hf,h100,NaiveSparse,32768,8,1.0,-1.62,-1.02,71.56,71.56,112.19,151.41,OK,34.7
codellama/CodeLlama-34b-Instruct-hf,h100,Dense,32768,32,1.0,-1.62,-1.02,71.56,71.56,112.19,151.41,OK,24.5
codellama/CodeLlama-34b-Instruct-hf,h100,NaiveSparse,32768,32,1.0,-1.62,-1.02,71.56,71.56,112.19,151.41,OK,24.5
codellama/CodeLlama-34b-Instruct-hf,h100,Sparse,65536,4,0.1,-1.62,-1.02,52.10,58.54,137.26,0.00,OK,20.8
codellama/CodeLlama-34b-Instruct-hf,h100,Dense,32768,64,1.0,-1.62,-1.02,71.56,71.56,112.19,151.41,OK,22.7
codellama/CodeLlama-34b-Instruct-hf,h100,NaiveSparse,32768,64,1.0,-1.62,-1.02,71.56,71.56,112.19,151.41,OK,22.7
codellama/CodeLlama-34b-Instruct-hf,h100,Sparse,65536,8,0.1,-1.62,-1.02,33.71,33.71,239.15,0.00,OK,8.9
codellama/CodeLlama-34b-Instruct-hf,h100,Sparse,65536,16,0.1,-1.62,-1.02,33.71,33.71,239.15,0.00,OK,8.4
codellama/CodeLlama-34b-Instruct-hf,h100,Sparse,65536,32,0.1,-1.62,-1.02,33.71,33.71,239.15,0.00,OK,8.5
codellama/CodeLlama-34b-Instruct-hf,h100,Dense,65536,4,1.0,-1.62,-1.02,123.99,136.58,58.68,312.17,OK,48.0
codellama/CodeLlama-34b-Instruct-hf,h100,NaiveSparse,65536,4,1.0,-1.62,-1.02,123.99,136.58,58.68,312.17,OK,48.0
codellama/CodeLlama-34b-Instruct-hf,h100,Sparse,131072,4,0.1,-1.62,-1.02,52.10,58.54,137.26,0.00,OK,32.4
codellama/CodeLlama-34b-Instruct-hf,h100,Dense,65536,8,1.0,-1.62,-1.02,136.57,136.57,58.69,411.46,OK,40.7
codellama/CodeLlama-34b-Instruct-hf,h100,NaiveSparse,65536,8,1.0,-1.62,-1.02,136.57,136.57,58.69,411.46,OK,40.7
codellama/CodeLlama-34b-Instruct-hf,h100,Sparse,131072,8,0.1,-1.62,-1.02,33.71,33.71,239.15,0.00,OK,30.5
codellama/CodeLlama-34b-Instruct-hf,h100,Dense,65536,16,1.0,-1.62,-1.02,136.57,136.57,58.69,411.46,OK,40.8
codellama/CodeLlama-34b-Instruct-hf,h100,NaiveSparse,65536,16,1.0,-1.62,-1.02,136.57,136.57,58.69,411.46,OK,40.8
codellama/CodeLlama-34b-Instruct-hf,h100,Dense,65536,32,1.0,-1.62,-1.02,136.57,136.57,58.69,411.46,OK,40.8
codellama/CodeLlama-34b-Instruct-hf,h100,NaiveSparse,65536,32,1.0,-1.62,-1.02,136.57,136.57,58.69,411.46,OK,40.8
codellama/CodeLlama-34b-Instruct-hf,h100,Sparse,131072,16,0.1,-1.62,-1.02,33.71,33.71,239.15,0.00,OK,12.6
codellama/CodeLlama-34b-Instruct-hf,h100,Dense,131072,4,1.0,-1.62,-1.02,243.57,268.74,29.80,840.81,OK,87.2
codellama/CodeLlama-34b-Instruct-hf,h100,NaiveSparse,131072,4,1.0,-1.62,-1.02,243.57,268.74,29.80,840.81,OK,87.2
codellama/CodeLlama-34b-Instruct-hf,h100,Sparse,262144,4,0.1,-1.62,-1.02,53.50,59.94,134.04,5.59,OK,56.7
codellama/CodeLlama-34b-Instruct-hf,h100,Sparse,262144,8,0.1,-1.62,-1.02,58.52,58.52,137.30,99.25,OK,54.7
codellama/CodeLlama-34b-Instruct-hf,h100,Dense,131072,8,1.0,-1.62,-1.02,268.73,268.73,29.80,940.09,OK,82.2
codellama/CodeLlama-34b-Instruct-hf,h100,NaiveSparse,131072,8,1.0,-1.62,-1.02,268.73,268.73,29.80,940.09,OK,82.2
codellama/CodeLlama-34b-Instruct-hf,h100,Dense,131072,16,1.0,-1.62,-1.02,268.73,268.73,29.80,940.09,OK,94.3
codellama/CodeLlama-34b-Instruct-hf,h100,NaiveSparse,131072,16,1.0,-1.62,-1.02,268.73,268.73,29.80,940.09,OK,94.3
deepseek-ai/deepseek-llm-67b-chat,a100,Sparse,4096,4,0.1,-1.62,-1.02,226.69,254.86,31.42,0.00,OK,274.2
deepseek-ai/deepseek-llm-67b-chat,a100,Dense,4096,4,1.0,-1.62,-1.02,226.69,254.86,31.42,0.00,OK,261.0
deepseek-ai/deepseek-llm-67b-chat,a100,NaiveSparse,4096,4,1.0,-1.62,-1.02,226.69,254.86,31.42,0.00,OK,261.0
deepseek-ai/deepseek-llm-67b-chat,a100,Sparse,4096,8,0.1,-1.62,-1.02,145.64,145.64,55.03,0.00,OK,245.4
deepseek-ai/deepseek-llm-67b-chat,a100,Dense,4096,8,1.0,-1.62,-1.02,145.64,145.64,55.03,0.00,OK,7.2
deepseek-ai/deepseek-llm-67b-chat,a100,NaiveSparse,4096,8,1.0,-1.62,-1.02,145.64,145.64,55.03,0.00,OK,7.2
deepseek-ai/deepseek-llm-67b-chat,a100,Sparse,4096,16,0.1,-1.62,-1.02,145.64,145.64,55.03,0.00,OK,4.1
deepseek-ai/deepseek-llm-67b-chat,a100,Sparse,4096,32,0.1,-1.62,-1.02,145.64,145.64,55.03,0.00,OK,3.6
deepseek-ai/deepseek-llm-67b-chat,a100,Dense,4096,16,1.0,-1.62,-1.02,145.64,145.64,55.03,0.00,OK,6.0
deepseek-ai/deepseek-llm-67b-chat,a100,NaiveSparse,4096,16,1.0,-1.62,-1.02,145.64,145.64,55.03,0.00,OK,6.0
deepseek-ai/deepseek-llm-67b-chat,a100,Dense,4096,32,1.0,-1.62,-1.02,145.64,145.64,55.03,0.00,OK,6.1
deepseek-ai/deepseek-llm-67b-chat,a100,NaiveSparse,4096,32,1.0,-1.62,-1.02,145.64,145.64,55.03,0.00,OK,6.1
deepseek-ai/deepseek-llm-67b-chat,a100,Sparse,4096,64,0.1,-1.62,-1.02,145.64,145.64,55.03,0.00,OK,3.6
deepseek-ai/deepseek-llm-67b-chat,a100,Sparse,4096,128,0.1,-1.62,-1.02,145.64,145.64,55.03,0.00,OK,3.6
deepseek-ai/deepseek-llm-67b-chat,a100,Dense,4096,64,1.0,-1.62,-1.02,145.64,145.64,55.03,0.00,OK,6.0
deepseek-ai/deepseek-llm-67b-chat,a100,NaiveSparse,4096,64,1.0,-1.62,-1.02,145.64,145.64,55.03,0.00,OK,6.0
deepseek-ai/deepseek-llm-67b-chat,a100,Dense,4096,128,1.0,-1.62,-1.02,145.64,145.64,55.03,0.00,OK,6.0
deepseek-ai/deepseek-llm-67b-chat,a100,NaiveSparse,4096,128,1.0,-1.62,-1.02,145.64,145.64,55.03,0.00,OK,6.0
codellama/CodeLlama-34b-Instruct-hf,a40,Dense,524288,4,1.0,-1.62,-1.02,973.38,1074.05,7.45,3135.72,OK,848.7
codellama/CodeLlama-34b-Instruct-hf,a40,NaiveSparse,524288,4,1.0,-1.62,-1.02,973.38,1074.05,7.45,3135.72,OK,848.7
deepseek-ai/deepseek-llm-67b-chat,a100,Sparse,8192,4,0.1,-1.62,-1.02,226.76,254.95,31.41,0.00,OK,7.2
deepseek-ai/deepseek-llm-67b-chat,a100,Sparse,8192,8,0.1,-1.62,-1.02,145.69,145.69,55.01,0.00,OK,4.7
deepseek-ai/deepseek-llm-67b-chat,a100,Sparse,8192,16,0.1,-1.62,-1.02,145.69,145.69,55.01,0.00,OK,4.1
deepseek-ai/deepseek-llm-67b-chat,a100,Dense,8192,4,1.0,-1.62,-1.02,226.76,254.95,31.41,0.00,OK,11.9
deepseek-ai/deepseek-llm-67b-chat,a100,NaiveSparse,8192,4,1.0,-1.62,-1.02,226.76,254.95,31.41,0.00,OK,11.9
deepseek-ai/deepseek-llm-67b-chat,a100,Dense,8192,8,1.0,-1.62,-1.02,145.69,145.69,55.01,0.00,OK,8.6
deepseek-ai/deepseek-llm-67b-chat,a100,NaiveSparse,8192,8,1.0,-1.62,-1.02,145.69,145.69,55.01,0.00,OK,8.6
deepseek-ai/deepseek-llm-67b-chat,a100,Sparse,8192,32,0.1,-1.62,-1.02,145.69,145.69,55.01,0.00,OK,4.1
deepseek-ai/deepseek-llm-67b-chat,a100,Dense,8192,16,1.0,-1.62,-1.02,145.69,145.69,55.01,0.00,OK,8.7
deepseek-ai/deepseek-llm-67b-chat,a100,NaiveSparse,8192,16,1.0,-1.62,-1.02,145.69,145.69,55.01,0.00,OK,8.7
codellama/CodeLlama-34b-Instruct-hf,h100,Sparse,524288,4,0.1,-1.62,-1.02,100.49,110.56,72.53,208.08,OK,312.0
deepseek-ai/deepseek-llm-67b-chat,a100,Sparse,8192,64,0.1,-1.62,-1.02,145.69,145.69,55.01,0.00,OK,4.2
codellama/CodeLlama-34b-Instruct-hf,h100,Dense,262144,4,1.0,-1.62,-1.02,486.84,537.18,14.90,1914.55,OK,367.6
codellama/CodeLlama-34b-Instruct-hf,h100,NaiveSparse,262144,4,1.0,-1.62,-1.02,486.84,537.18,14.90,1914.55,OK,367.6
deepseek-ai/deepseek-llm-67b-chat,a100,Dense,8192,32,1.0,-1.62,-1.02,145.69,145.69,55.01,0.00,OK,8.8
deepseek-ai/deepseek-llm-67b-chat,a100,NaiveSparse,8192,32,1.0,-1.62,-1.02,145.69,145.69,55.01,0.00,OK,8.8
deepseek-ai/deepseek-llm-67b-chat,a100,Sparse,8192,128,0.1,-1.62,-1.02,145.69,145.69,55.01,0.00,OK,4.3
deepseek-ai/deepseek-llm-67b-chat,a100,Dense,8192,64,1.0,-1.62,-1.02,145.69,145.69,55.01,0.00,OK,8.9
deepseek-ai/deepseek-llm-67b-chat,a100,NaiveSparse,8192,64,1.0,-1.62,-1.02,145.69,145.69,55.01,0.00,OK,8.9
deepseek-ai/deepseek-llm-67b-chat,a100,Dense,8192,128,1.0,-1.62,-1.02,145.69,145.69,55.01,0.00,OK,8.7
deepseek-ai/deepseek-llm-67b-chat,a100,NaiveSparse,8192,128,1.0,-1.62,-1.02,145.69,145.69,55.01,0.00,OK,8.7
deepseek-ai/deepseek-llm-67b-chat,a100,Sparse,16384,8,0.1,-1.62,-1.02,145.69,145.69,55.01,0.00,OK,9.6
deepseek-ai/deepseek-llm-67b-chat,a100,Sparse,16384,4,0.1,-1.62,-1.02,226.76,254.95,31.41,0.00,OK,13.5
deepseek-ai/deepseek-llm-67b-chat,a100,Sparse,16384,16,0.1,-1.62,-1.02,145.69,145.69,55.01,0.00,OK,8.1
deepseek-ai/deepseek-llm-67b-chat,a100,Sparse,16384,32,0.1,-1.62,-1.02,145.69,145.69,55.01,0.00,OK,5.0
deepseek-ai/deepseek-llm-67b-chat,a100,Sparse,16384,64,0.1,-1.62,-1.02,145.69,145.69,55.01,0.00,OK,5.0
deepseek-ai/deepseek-llm-67b-chat,a100,Dense,16384,4,1.0,-1.62,-1.02,226.76,254.95,31.41,0.00,OK,18.2
deepseek-ai/deepseek-llm-67b-chat,a100,NaiveSparse,16384,4,1.0,-1.62,-1.02,226.76,254.95,31.41,0.00,OK,18.2
deepseek-ai/deepseek-llm-67b-chat,a100,Dense,16384,8,1.0,-1.62,-1.02,145.69,145.69,55.01,0.00,OK,19.5
deepseek-ai/deepseek-llm-67b-chat,a100,NaiveSparse,16384,8,1.0,-1.62,-1.02,145.69,145.69,55.01,0.00,OK,19.5
deepseek-ai/deepseek-llm-67b-chat,a100,Dense,16384,16,1.0,-1.62,-1.02,145.69,145.69,55.01,0.00,OK,14.3
deepseek-ai/deepseek-llm-67b-chat,a100,NaiveSparse,16384,16,1.0,-1.62,-1.02,145.69,145.69,55.01,0.00,OK,14.3
codellama/CodeLlama-34b-Instruct-hf,h100,Dense,262144,8,1.0,-1.62,-1.02,537.17,537.17,14.90,2013.84,OK,384.8
codellama/CodeLlama-34b-Instruct-hf,h100,NaiveSparse,262144,8,1.0,-1.62,-1.02,537.17,537.17,14.90,2013.84,OK,384.8
deepseek-ai/deepseek-llm-67b-chat,a100,Dense,16384,32,1.0,-1.62,-1.02,145.69,145.69,55.01,0.00,OK,14.1
deepseek-ai/deepseek-llm-67b-chat,a100,NaiveSparse,16384,32,1.0,-1.62,-1.02,145.69,145.69,55.01,0.00,OK,14.1
deepseek-ai/deepseek-llm-67b-chat,a100,Dense,16384,64,1.0,-1.62,-1.02,145.69,145.69,55.01,0.00,OK,13.9
deepseek-ai/deepseek-llm-67b-chat,a100,NaiveSparse,16384,64,1.0,-1.62,-1.02,145.69,145.69,55.01,0.00,OK,13.9
deepseek-ai/deepseek-llm-67b-chat,a100,Sparse,32768,4,0.1,-1.62,-1.02,226.76,254.95,31.41,0.00,OK,17.5
deepseek-ai/deepseek-llm-67b-chat,a100,Sparse,32768,32,0.1,-1.62,-1.02,145.69,145.69,55.01,0.00,OK,9.2
deepseek-ai/deepseek-llm-67b-chat,a100,Sparse,32768,16,0.1,-1.62,-1.02,145.69,145.69,55.01,0.00,OK,15.1
deepseek-ai/deepseek-llm-67b-chat,a100,Sparse,32768,8,0.1,-1.62,-1.02,145.69,145.69,55.01,0.00,OK,24.0
deepseek-ai/deepseek-llm-67b-chat,a100,Dense,32768,8,1.0,-1.62,-1.02,156.90,156.90,51.07,44.83,OK,32.9
deepseek-ai/deepseek-llm-67b-chat,a100,NaiveSparse,32768,8,1.0,-1.62,-1.02,156.90,156.90,51.07,44.83,OK,32.9
deepseek-ai/deepseek-llm-67b-chat,a100,Dense,32768,16,1.0,-1.62,-1.02,156.90,156.90,51.07,44.83,OK,32.2
deepseek-ai/deepseek-llm-67b-chat,a100,NaiveSparse,32768,16,1.0,-1.62,-1.02,156.90,156.90,51.07,44.83,OK,32.2
deepseek-ai/deepseek-llm-67b-chat,a100,Dense,32768,4,1.0,-1.62,-1.02,226.76,254.95,31.41,0.00,OK,41.0
deepseek-ai/deepseek-llm-67b-chat,a100,NaiveSparse,32768,4,1.0,-1.62,-1.02,226.76,254.95,31.41,0.00,OK,41.0
deepseek-ai/deepseek-llm-67b-chat,a100,Sparse,65536,4,0.1,-1.62,-1.02,226.76,254.95,31.41,0.00,OK,23.1
deepseek-ai/deepseek-llm-67b-chat,a100,Dense,32768,32,1.0,-1.62,-1.02,156.90,156.90,51.07,44.83,OK,27.2
deepseek-ai/deepseek-llm-67b-chat,a100,NaiveSparse,32768,32,1.0,-1.62,-1.02,156.90,156.90,51.07,44.83,OK,27.2
deepseek-ai/deepseek-llm-67b-chat,a100,Sparse,65536,8,0.1,-1.62,-1.02,145.69,145.69,55.01,0.00,OK,19.4
deepseek-ai/deepseek-llm-67b-chat,a100,Sparse,65536,16,0.1,-1.62,-1.02,145.69,145.69,55.01,0.00,OK,8.9
deepseek-ai/deepseek-llm-67b-chat,a100,Sparse,131072,8,0.1,-1.62,-1.02,145.69,145.69,55.01,0.00,OK,33.9
deepseek-ai/deepseek-llm-67b-chat,a100,Dense,65536,4,1.0,-1.62,-1.02,260.19,288.37,27.77,133.70,OK,59.0
deepseek-ai/deepseek-llm-67b-chat,a100,NaiveSparse,65536,4,1.0,-1.62,-1.02,260.19,288.37,27.77,133.70,OK,59.0
deepseek-ai/deepseek-llm-67b-chat,a100,Sparse,131072,4,0.1,-1.62,-1.02,226.76,254.95,31.41,0.00,OK,39.2
deepseek-ai/deepseek-llm-67b-chat,a100,Dense,65536,8,1.0,-1.62,-1.02,285.08,285.08,28.09,557.57,OK,47.6
deepseek-ai/deepseek-llm-67b-chat,a100,NaiveSparse,65536,8,1.0,-1.62,-1.02,285.08,285.08,28.09,557.57,OK,47.6
deepseek-ai/deepseek-llm-67b-chat,a100,Dense,65536,16,1.0,-1.62,-1.02,285.08,285.08,28.09,557.57,OK,44.2
deepseek-ai/deepseek-llm-67b-chat,a100,NaiveSparse,65536,16,1.0,-1.62,-1.02,285.08,285.08,28.09,557.57,OK,44.2
deepseek-ai/deepseek-llm-67b-chat,a100,Sparse,262144,4,0.1,-1.62,-1.02,226.76,254.95,31.41,0.00,OK,247.2
deepseek-ai/deepseek-llm-67b-chat,a100,Dense,131072,4,1.0,-1.62,-1.02,492.60,542.42,14.76,1149.89,OK,299.7
deepseek-ai/deepseek-llm-67b-chat,a100,NaiveSparse,131072,4,1.0,-1.62,-1.02,492.60,542.42,14.76,1149.89,OK,299.7
deepseek-ai/deepseek-llm-67b-chat,a100,Dense,131072,8,1.0,-1.62,-1.02,542.40,542.40,14.76,1586.84,OK,342.4
deepseek-ai/deepseek-llm-67b-chat,a100,NaiveSparse,131072,8,1.0,-1.62,-1.02,542.40,542.40,14.76,1586.84,OK,342.4
deepseek-ai/deepseek-llm-67b-chat,a40,Sparse,4096,4,0.1,-1.62,-1.02,624.28,701.69,11.41,0.00,OK,348.6
deepseek-ai/deepseek-llm-67b-chat,a40,Sparse,4096,8,0.1,-1.62,-1.02,399.79,399.79,20.02,0.00,OK,357.2
deepseek-ai/deepseek-llm-67b-chat,a40,Sparse,4096,32,0.1,-1.62,-1.02,399.46,399.46,20.04,0.00,OK,32.8
deepseek-ai/deepseek-llm-67b-chat,a40,Dense,4096,32,1.0,-1.62,-1.02,399.46,399.46,20.04,0.00,OK,28.6
deepseek-ai/deepseek-llm-67b-chat,a40,NaiveSparse,4096,32,1.0,-1.62,-1.02,399.46,399.46,20.04,0.00,OK,28.6
deepseek-ai/deepseek-llm-67b-chat,a40,Dense,4096,4,1.0,-1.62,-1.02,622.54,699.75,11.44,0.00,OK,389.2
deepseek-ai/deepseek-llm-67b-chat,a40,NaiveSparse,4096,4,1.0,-1.62,-1.02,622.54,699.75,11.44,0.00,OK,389.2
deepseek-ai/deepseek-llm-67b-chat,a40,Sparse,4096,64,0.1,-1.62,-1.02,399.46,399.46,20.04,0.00,OK,9.9
deepseek-ai/deepseek-llm-67b-chat,a40,Sparse,4096,128,0.1,-1.62,-1.02,399.47,399.47,20.04,0.00,OK,7.5
deepseek-ai/deepseek-llm-67b-chat,a40,Dense,4096,64,1.0,-1.62,-1.02,399.47,399.47,20.04,0.00,OK,11.5
deepseek-ai/deepseek-llm-67b-chat,a40,NaiveSparse,4096,64,1.0,-1.62,-1.02,399.47,399.47,20.04,0.00,OK,11.5
deepseek-ai/deepseek-llm-67b-chat,a40,Dense,4096,8,1.0,-1.62,-1.02,399.47,399.47,20.04,0.00,OK,155.5
deepseek-ai/deepseek-llm-67b-chat,a40,NaiveSparse,4096,8,1.0,-1.62,-1.02,399.47,399.47,20.04,0.00,OK,155.5
deepseek-ai/deepseek-llm-67b-chat,a40,Sparse,4096,16,0.1,-1.62,-1.02,399.47,399.47,20.04,0.00,OK,139.1
deepseek-ai/deepseek-llm-67b-chat,a40,Dense,4096,128,1.0,-1.62,-1.02,399.47,399.47,20.04,0.00,OK,9.9
deepseek-ai/deepseek-llm-67b-chat,a40,NaiveSparse,4096,128,1.0,-1.62,-1.02,399.47,399.47,20.04,0.00,OK,9.9
deepseek-ai/deepseek-llm-67b-chat,a40,Sparse,8192,4,0.1,-1.62,-1.02,622.54,699.75,11.44,0.00,OK,7.2
deepseek-ai/deepseek-llm-67b-chat,a40,Sparse,8192,8,0.1,-1.62,-1.02,399.48,399.48,20.04,0.00,OK,7.1
deepseek-ai/deepseek-llm-67b-chat,a40,Sparse,8192,16,0.1,-1.62,-1.02,399.48,399.48,20.04,0.00,OK,5.7
deepseek-ai/deepseek-llm-67b-chat,a40,Dense,8192,4,1.0,-1.62,-1.02,622.54,699.75,11.44,0.00,OK,10.7
deepseek-ai/deepseek-llm-67b-chat,a40,NaiveSparse,8192,4,1.0,-1.62,-1.02,622.54,699.75,11.44,0.00,OK,10.7
deepseek-ai/deepseek-llm-67b-chat,a40,Dense,8192,8,1.0,-1.62,-1.02,399.48,399.48,20.04,0.00,OK,10.8
deepseek-ai/deepseek-llm-67b-chat,a40,NaiveSparse,8192,8,1.0,-1.62,-1.02,399.48,399.48,20.04,0.00,OK,10.8
deepseek-ai/deepseek-llm-67b-chat,a40,Dense,8192,16,1.0,-1.62,-1.02,399.48,399.48,20.04,0.00,OK,8.6
deepseek-ai/deepseek-llm-67b-chat,a40,NaiveSparse,8192,16,1.0,-1.62,-1.02,399.48,399.48,20.04,0.00,OK,8.6
deepseek-ai/deepseek-llm-67b-chat,a40,Sparse,8192,32,0.1,-1.62,-1.02,399.49,399.49,20.04,0.00,OK,7.5
deepseek-ai/deepseek-llm-67b-chat,a40,Sparse,8192,64,0.1,-1.62,-1.02,399.49,399.49,20.04,0.00,OK,4.5
deepseek-ai/deepseek-llm-67b-chat,a40,Dense,4096,16,1.0,-1.62,-1.02,399.48,399.48,20.04,0.00,OK,107.4
deepseek-ai/deepseek-llm-67b-chat,a40,NaiveSparse,4096,16,1.0,-1.62,-1.02,399.48,399.48,20.04,0.00,OK,107.4
deepseek-ai/deepseek-llm-67b-chat,a40,Sparse,8192,128,0.1,-1.62,-1.02,399.49,399.49,20.04,0.00,OK,5.2
deepseek-ai/deepseek-llm-67b-chat,a40,Dense,8192,32,1.0,-1.62,-1.02,399.49,399.49,20.04,0.00,OK,12.8
deepseek-ai/deepseek-llm-67b-chat,a40,NaiveSparse,8192,32,1.0,-1.62,-1.02,399.49,399.49,20.04,0.00,OK,12.8
deepseek-ai/deepseek-llm-67b-chat,a40,Dense,8192,64,1.0,-1.62,-1.02,399.49,399.49,20.04,0.00,OK,9.6
deepseek-ai/deepseek-llm-67b-chat,a40,NaiveSparse,8192,64,1.0,-1.62,-1.02,399.49,399.49,20.04,0.00,OK,9.6
deepseek-ai/deepseek-llm-67b-chat,a40,Dense,8192,128,1.0,-1.62,-1.02,399.49,399.49,20.04,0.00,OK,9.6
deepseek-ai/deepseek-llm-67b-chat,a40,NaiveSparse,8192,128,1.0,-1.62,-1.02,399.49,399.49,20.04,0.00,OK,9.6
deepseek-ai/deepseek-llm-67b-chat,a40,Sparse,16384,4,0.1,-1.62,-1.02,622.56,699.76,11.44,0.00,OK,12.8
deepseek-ai/deepseek-llm-67b-chat,a40,Sparse,16384,8,0.1,-1.62,-1.02,399.49,399.49,20.04,0.00,OK,10.3
deepseek-ai/deepseek-llm-67b-chat,a40,Sparse,16384,16,0.1,-1.62,-1.02,399.49,399.49,20.04,0.00,OK,10.6
deepseek-ai/deepseek-llm-67b-chat,a40,Sparse,16384,32,0.1,-1.62,-1.02,399.49,399.49,20.04,0.00,OK,5.2
deepseek-ai/deepseek-llm-67b-chat,a40,Sparse,16384,64,0.1,-1.62,-1.02,399.49,399.49,20.04,0.00,OK,5.4
deepseek-ai/deepseek-llm-67b-chat,a40,Dense,16384,4,1.0,-1.62,-1.02,622.56,699.76,11.44,0.00,OK,20.1
deepseek-ai/deepseek-llm-67b-chat,a40,NaiveSparse,16384,4,1.0,-1.62,-1.02,622.56,699.76,11.44,0.00,OK,20.1
deepseek-ai/deepseek-llm-67b-chat,a40,Dense,16384,8,1.0,-1.62,-1.02,399.49,399.49,20.04,0.00,OK,19.5
deepseek-ai/deepseek-llm-67b-chat,a40,NaiveSparse,16384,8,1.0,-1.62,-1.02,399.49,399.49,20.04,0.00,OK,19.5
deepseek-ai/deepseek-llm-67b-chat,a40,Dense,16384,16,1.0,-1.62,-1.02,399.49,399.49,20.04,0.00,OK,16.5
deepseek-ai/deepseek-llm-67b-chat,a40,NaiveSparse,16384,16,1.0,-1.62,-1.02,399.49,399.49,20.04,0.00,OK,16.5
deepseek-ai/deepseek-llm-67b-chat,a40,Dense,16384,32,1.0,-1.62,-1.02,399.49,399.49,20.04,0.00,OK,14.4
deepseek-ai/deepseek-llm-67b-chat,a40,NaiveSparse,16384,32,1.0,-1.62,-1.02,399.49,399.49,20.04,0.00,OK,14.4
deepseek-ai/deepseek-llm-67b-chat,a40,Dense,16384,64,1.0,-1.62,-1.02,399.49,399.49,20.04,0.00,OK,14.2
deepseek-ai/deepseek-llm-67b-chat,a40,NaiveSparse,16384,64,1.0,-1.62,-1.02,399.49,399.49,20.04,0.00,OK,14.2
deepseek-ai/deepseek-llm-67b-chat,a40,Sparse,32768,4,0.1,-1.62,-1.02,622.56,699.76,11.44,0.00,OK,19.7
deepseek-ai/deepseek-llm-67b-chat,a40,Sparse,32768,8,0.1,-1.62,-1.02,399.49,399.49,20.04,0.00,OK,18.8
deepseek-ai/deepseek-llm-67b-chat,a40,Sparse,32768,16,0.1,-1.62,-1.02,399.49,399.49,20.04,0.00,OK,16.1
codellama/CodeLlama-34b-Instruct-hf,h100,Dense,524288,4,1.0,-1.62,-1.02,973.38,1074.05,7.45,4062.03,OK,877.2
codellama/CodeLlama-34b-Instruct-hf,h100,NaiveSparse,524288,4,1.0,-1.62,-1.02,973.38,1074.05,7.45,4062.03,OK,877.2
deepseek-ai/deepseek-llm-67b-chat,a40,Sparse,32768,32,0.1,-1.62,-1.02,399.49,399.49,20.04,0.00,OK,9.2
deepseek-ai/deepseek-llm-67b-chat,a40,Dense,32768,4,1.0,-1.62,-1.02,622.56,699.76,11.44,0.00,OK,41.4
deepseek-ai/deepseek-llm-67b-chat,a40,NaiveSparse,32768,4,1.0,-1.62,-1.02,622.56,699.76,11.44,0.00,OK,41.4
deepseek-ai/deepseek-llm-67b-chat,a40,Dense,32768,16,1.0,-1.62,-1.02,399.49,399.49,20.04,0.00,OK,34.6
deepseek-ai/deepseek-llm-67b-chat,a40,NaiveSparse,32768,16,1.0,-1.62,-1.02,399.49,399.49,20.04,0.00,OK,34.6
deepseek-ai/deepseek-llm-67b-chat,a40,Dense,32768,8,1.0,-1.62,-1.02,399.49,399.49,20.04,0.00,OK,43.0
deepseek-ai/deepseek-llm-67b-chat,a40,NaiveSparse,32768,8,1.0,-1.62,-1.02,399.49,399.49,20.04,0.00,OK,43.0
deepseek-ai/deepseek-llm-67b-chat,a40,Dense,32768,32,1.0,-1.62,-1.02,399.49,399.49,20.04,0.00,OK,25.2
deepseek-ai/deepseek-llm-67b-chat,a40,NaiveSparse,32768,32,1.0,-1.62,-1.02,399.49,399.49,20.04,0.00,OK,25.2
deepseek-ai/deepseek-llm-67b-chat,a40,Sparse,65536,4,0.1,-1.62,-1.02,622.56,699.76,11.44,0.00,OK,25.0
deepseek-ai/deepseek-llm-67b-chat,a40,Sparse,65536,8,0.1,-1.62,-1.02,399.49,399.49,20.04,0.00,OK,23.5
deepseek-ai/deepseek-llm-67b-chat,a40,Sparse,65536,16,0.1,-1.62,-1.02,399.49,399.49,20.04,0.00,OK,9.2
deepseek-ai/deepseek-llm-67b-chat,a100,Dense,262144,4,1.0,-1.62,-1.02,963.20,1062.82,7.53,3231.49,OK,499.1
deepseek-ai/deepseek-llm-67b-chat,a100,NaiveSparse,262144,4,1.0,-1.62,-1.02,963.20,1062.82,7.53,3231.49,OK,499.1
deepseek-ai/deepseek-llm-67b-chat,a40,Dense,65536,4,1.0,-1.62,-1.02,622.56,699.76,11.44,0.00,OK,55.8
deepseek-ai/deepseek-llm-67b-chat,a40,NaiveSparse,65536,4,1.0,-1.62,-1.02,622.56,699.76,11.44,0.00,OK,55.8
deepseek-ai/deepseek-llm-67b-chat,a40,Sparse,131072,8,0.1,-1.62,-1.02,399.49,399.49,20.04,0.00,OK,35.0
deepseek-ai/deepseek-llm-67b-chat,a40,Dense,65536,8,1.0,-1.62,-1.02,399.49,399.49,20.04,0.00,OK,46.3
deepseek-ai/deepseek-llm-67b-chat,a40,NaiveSparse,65536,8,1.0,-1.62,-1.02,399.49,399.49,20.04,0.00,OK,46.3
deepseek-ai/deepseek-llm-67b-chat,a40,Sparse,131072,4,0.1,-1.62,-1.02,622.56,699.76,11.44,0.00,OK,42.0
deepseek-ai/deepseek-llm-67b-chat,a40,Dense,65536,16,1.0,-1.62,-1.02,399.49,399.49,20.04,0.00,OK,46.1
deepseek-ai/deepseek-llm-67b-chat,a40,NaiveSparse,65536,16,1.0,-1.62,-1.02,399.49,399.49,20.04,0.00,OK,46.1
deepseek-ai/deepseek-llm-67b-chat,a40,Sparse,262144,4,0.1,-1.62,-1.02,622.56,699.76,11.44,0.00,OK,195.5
deepseek-ai/deepseek-llm-67b-chat,a40,Dense,131072,4,1.0,-1.62,-1.02,622.56,699.76,11.44,0.00,OK,439.1
deepseek-ai/deepseek-llm-67b-chat,a40,NaiveSparse,131072,4,1.0,-1.62,-1.02,622.56,699.76,11.44,0.00,OK,439.1
deepseek-ai/deepseek-llm-67b-chat,a40,Dense,131072,8,1.0,-1.62,-1.02,590.72,590.72,13.55,764.91,OK,456.1
deepseek-ai/deepseek-llm-67b-chat,a40,NaiveSparse,131072,8,1.0,-1.62,-1.02,590.72,590.72,13.55,764.91,OK,456.1
deepseek-ai/deepseek-llm-67b-chat,h100,Sparse,4096,16,0.1,-1.62,-1.02,78.94,78.94,101.67,0.00,OK,304.8
deepseek-ai/deepseek-llm-67b-chat,h100,Dense,4096,4,1.0,-1.62,-1.02,123.23,138.51,57.86,0.00,OK,475.9
deepseek-ai/deepseek-llm-67b-chat,h100,NaiveSparse,4096,4,1.0,-1.62,-1.02,123.23,138.51,57.86,0.00,OK,475.9
deepseek-ai/deepseek-llm-67b-chat,h100,Sparse,4096,8,0.1,-1.62,-1.02,79.06,79.06,101.51,0.00,OK,482.9
deepseek-ai/deepseek-llm-67b-chat,h100,Sparse,4096,4,0.1,-1.62,-1.02,122.79,138.02,58.07,0.00,OK,492.0
deepseek-ai/deepseek-llm-67b-chat,h100,Sparse,4096,64,0.1,-1.62,-1.02,78.93,78.93,101.69,0.00,OK,16.6
deepseek-ai/deepseek-llm-67b-chat,h100,Dense,4096,32,1.0,-1.62,-1.02,78.93,78.93,101.69,0.00,OK,26.4
deepseek-ai/deepseek-llm-67b-chat,h100,NaiveSparse,4096,32,1.0,-1.62,-1.02,78.93,78.93,101.69,0.00,OK,26.4
deepseek-ai/deepseek-llm-67b-chat,h100,Sparse,4096,128,0.1,-1.62,-1.02,78.93,78.93,101.69,0.00,OK,11.5
deepseek-ai/deepseek-llm-67b-chat,h100,Dense,4096,8,1.0,-1.62,-1.02,79.07,79.07,101.50,0.00,OK,500.3
deepseek-ai/deepseek-llm-67b-chat,h100,NaiveSparse,4096,8,1.0,-1.62,-1.02,79.07,79.07,101.50,0.00,OK,500.3
deepseek-ai/deepseek-llm-67b-chat,h100,Dense,4096,64,1.0,-1.62,-1.02,78.93,78.93,101.69,0.00,OK,22.1
deepseek-ai/deepseek-llm-67b-chat,h100,NaiveSparse,4096,64,1.0,-1.62,-1.02,78.93,78.93,101.69,0.00,OK,22.1
deepseek-ai/deepseek-llm-67b-chat,h100,Dense,4096,128,1.0,-1.62,-1.02,78.93,78.93,101.69,0.00,OK,17.5
deepseek-ai/deepseek-llm-67b-chat,h100,NaiveSparse,4096,128,1.0,-1.62,-1.02,78.93,78.93,101.69,0.00,OK,17.5
deepseek-ai/deepseek-llm-67b-chat,h100,Sparse,8192,4,0.1,-1.62,-1.02,122.69,137.91,58.12,0.00,OK,14.8
deepseek-ai/deepseek-llm-67b-chat,h100,Sparse,8192,16,0.1,-1.62,-1.02,78.94,78.94,101.67,0.00,OK,4.5
deepseek-ai/deepseek-llm-67b-chat,h100,Sparse,8192,8,0.1,-1.62,-1.02,78.94,78.94,101.67,0.00,OK,10.0
deepseek-ai/deepseek-llm-67b-chat,h100,Dense,8192,4,1.0,-1.62,-1.02,122.69,137.91,58.12,0.00,OK,15.2
deepseek-ai/deepseek-llm-67b-chat,h100,NaiveSparse,8192,4,1.0,-1.62,-1.02,122.69,137.91,58.12,0.00,OK,15.2
deepseek-ai/deepseek-llm-67b-chat,h100,Dense,8192,8,1.0,-1.62,-1.02,78.94,78.94,101.67,0.00,OK,13.6
deepseek-ai/deepseek-llm-67b-chat,h100,NaiveSparse,8192,8,1.0,-1.62,-1.02,78.94,78.94,101.67,0.00,OK,13.6
deepseek-ai/deepseek-llm-67b-chat,h100,Dense,4096,16,1.0,-1.62,-1.02,78.93,78.93,101.68,0.00,OK,122.8
deepseek-ai/deepseek-llm-67b-chat,h100,NaiveSparse,4096,16,1.0,-1.62,-1.02,78.93,78.93,101.68,0.00,OK,122.8
deepseek-ai/deepseek-llm-67b-chat,h100,Sparse,8192,32,0.1,-1.62,-1.02,78.93,78.93,101.68,0.00,OK,9.2
deepseek-ai/deepseek-llm-67b-chat,h100,Dense,8192,16,1.0,-1.62,-1.02,78.94,78.94,101.67,0.00,OK,10.6
deepseek-ai/deepseek-llm-67b-chat,h100,NaiveSparse,8192,16,1.0,-1.62,-1.02,78.94,78.94,101.67,0.00,OK,10.6
deepseek-ai/deepseek-llm-67b-chat,h100,Sparse,8192,64,0.1,-1.62,-1.02,78.94,78.94,101.67,0.00,OK,5.8
deepseek-ai/deepseek-llm-67b-chat,h100,Sparse,4096,32,0.1,-1.62,-1.02,78.93,78.93,101.69,0.00,OK,101.8
deepseek-ai/deepseek-llm-67b-chat,h100,Sparse,8192,128,0.1,-1.62,-1.02,78.94,78.94,101.67,0.00,OK,5.1
deepseek-ai/deepseek-llm-67b-chat,h100,Dense,8192,32,1.0,-1.62,-1.02,78.93,78.93,101.68,0.00,OK,13.0
deepseek-ai/deepseek-llm-67b-chat,h100,NaiveSparse,8192,32,1.0,-1.62,-1.02,78.93,78.93,101.68,0.00,OK,13.0
deepseek-ai/deepseek-llm-67b-chat,h100,Dense,8192,64,1.0,-1.62,-1.02,78.94,78.94,101.67,0.00,OK,10.9
deepseek-ai/deepseek-llm-67b-chat,h100,NaiveSparse,8192,64,1.0,-1.62,-1.02,78.94,78.94,101.67,0.00,OK,10.9
deepseek-ai/deepseek-llm-67b-chat,h100,Dense,8192,128,1.0,-1.62,-1.02,78.94,78.94,101.67,0.00,OK,9.3
deepseek-ai/deepseek-llm-67b-chat,h100,NaiveSparse,8192,128,1.0,-1.62,-1.02,78.94,78.94,101.67,0.00,OK,9.3
deepseek-ai/deepseek-llm-67b-chat,h100,Sparse,16384,4,0.1,-1.62,-1.02,122.69,137.90,58.12,0.00,OK,13.4
deepseek-ai/deepseek-llm-67b-chat,h100,Sparse,16384,32,0.1,-1.62,-1.02,78.93,78.93,101.68,0.00,OK,5.3
deepseek-ai/deepseek-llm-67b-chat,h100,Sparse,16384,8,0.1,-1.62,-1.02,78.93,78.93,101.68,0.00,OK,14.2
deepseek-ai/deepseek-llm-67b-chat,h100,Sparse,16384,16,0.1,-1.62,-1.02,78.93,78.93,101.68,0.00,OK,11.0
deepseek-ai/deepseek-llm-67b-chat,h100,Sparse,16384,64,0.1,-1.62,-1.02,78.93,78.93,101.68,0.00,OK,5.3
deepseek-ai/deepseek-llm-67b-chat,h100,Dense,16384,4,1.0,-1.62,-1.02,122.69,137.90,58.12,0.00,OK,20.6
deepseek-ai/deepseek-llm-67b-chat,h100,NaiveSparse,16384,4,1.0,-1.62,-1.02,122.69,137.90,58.12,0.00,OK,20.6
deepseek-ai/deepseek-llm-67b-chat,h100,Dense,16384,16,1.0,-1.62,-1.02,80.85,80.85,99.27,7.66,OK,16.8
deepseek-ai/deepseek-llm-67b-chat,h100,NaiveSparse,16384,16,1.0,-1.62,-1.02,80.85,80.85,99.27,7.66,OK,16.8
deepseek-ai/deepseek-llm-67b-chat,h100,Dense,16384,8,1.0,-1.62,-1.02,80.85,80.85,99.27,7.66,OK,21.8
deepseek-ai/deepseek-llm-67b-chat,h100,NaiveSparse,16384,8,1.0,-1.62,-1.02,80.85,80.85,99.27,7.66,OK,21.8
deepseek-ai/deepseek-llm-67b-chat,h100,Dense,16384,32,1.0,-1.62,-1.02,80.85,80.85,99.27,7.66,OK,14.4
deepseek-ai/deepseek-llm-67b-chat,h100,NaiveSparse,16384,32,1.0,-1.62,-1.02,80.85,80.85,99.27,7.66,OK,14.4
deepseek-ai/deepseek-llm-67b-chat,h100,Dense,16384,64,1.0,-1.62,-1.02,80.85,80.85,99.27,7.66,OK,14.5
deepseek-ai/deepseek-llm-67b-chat,h100,NaiveSparse,16384,64,1.0,-1.62,-1.02,80.85,80.85,99.27,7.66,OK,14.5
deepseek-ai/deepseek-llm-67b-chat,h100,Sparse,32768,4,0.1,-1.62,-1.02,122.69,137.90,58.12,0.00,OK,20.0
deepseek-ai/deepseek-llm-67b-chat,h100,Sparse,32768,8,0.1,-1.62,-1.02,78.93,78.93,101.68,0.00,OK,16.8
deepseek-ai/deepseek-llm-67b-chat,h100,Sparse,32768,32,0.1,-1.62,-1.02,78.93,78.93,101.68,0.00,OK,10.3
deepseek-ai/deepseek-llm-67b-chat,h100,Sparse,32768,16,0.1,-1.62,-1.02,78.93,78.93,101.68,0.00,OK,16.0
deepseek-ai/deepseek-llm-67b-chat,h100,Dense,32768,16,1.0,-1.62,-1.02,143.84,143.84,55.71,259.65,OK,29.3
deepseek-ai/deepseek-llm-67b-chat,h100,NaiveSparse,32768,16,1.0,-1.62,-1.02,143.84,143.84,55.71,259.65,OK,29.3
deepseek-ai/deepseek-llm-67b-chat,h100,Dense,32768,8,1.0,-1.62,-1.02,143.84,143.84,55.71,259.65,OK,33.8
deepseek-ai/deepseek-llm-67b-chat,h100,NaiveSparse,32768,8,1.0,-1.62,-1.02,143.84,143.84,55.71,259.65,OK,33.8
deepseek-ai/deepseek-llm-67b-chat,h100,Dense,32768,4,1.0,-1.62,-1.02,131.40,146.61,54.66,34.84,OK,39.7
deepseek-ai/deepseek-llm-67b-chat,h100,NaiveSparse,32768,4,1.0,-1.62,-1.02,131.40,146.61,54.66,34.84,OK,39.7
deepseek-ai/deepseek-llm-67b-chat,h100,Dense,32768,32,1.0,-1.62,-1.02,143.84,143.84,55.71,259.65,OK,25.5
deepseek-ai/deepseek-llm-67b-chat,h100,NaiveSparse,32768,32,1.0,-1.62,-1.02,143.84,143.84,55.71,259.65,OK,25.5
deepseek-ai/deepseek-llm-67b-chat,a40,Dense,262144,4,1.0,-1.62,-1.02,1005.75,1105.37,7.24,1622.42,OK,590.3
deepseek-ai/deepseek-llm-67b-chat,a40,NaiveSparse,262144,4,1.0,-1.62,-1.02,1005.75,1105.37,7.24,1622.42,OK,590.3
deepseek-ai/deepseek-llm-67b-chat,h100,Sparse,65536,8,0.1,-1.62,-1.02,78.93,78.93,101.68,0.00,OK,21.9
deepseek-ai/deepseek-llm-67b-chat,h100,Sparse,65536,4,0.1,-1.62,-1.02,122.69,137.90,58.12,0.00,OK,27.4
deepseek-ai/deepseek-llm-67b-chat,h100,Sparse,65536,16,0.1,-1.62,-1.02,78.93,78.93,101.68,0.00,OK,9.9
deepseek-ai/deepseek-llm-67b-chat,h100,Dense,65536,4,1.0,-1.62,-1.02,247.61,272.52,29.38,538.48,OK,59.8
deepseek-ai/deepseek-llm-67b-chat,h100,NaiveSparse,65536,4,1.0,-1.62,-1.02,247.61,272.52,29.38,538.48,OK,59.8
deepseek-ai/deepseek-llm-67b-chat,h100,Sparse,131072,4,0.1,-1.62,-1.02,122.69,137.90,58.12,0.00,OK,40.5
deepseek-ai/deepseek-llm-67b-chat,h100,Dense,65536,8,1.0,-1.62,-1.02,272.50,272.50,29.38,774.29,OK,45.1
deepseek-ai/deepseek-llm-67b-chat,h100,NaiveSparse,65536,8,1.0,-1.62,-1.02,272.50,272.50,29.38,774.29,OK,45.1
deepseek-ai/deepseek-llm-67b-chat,h100,Sparse,131072,8,0.1,-1.62,-1.02,78.93,78.93,101.68,0.00,OK,40.8
deepseek-ai/deepseek-llm-67b-chat,h100,Dense,65536,16,1.0,-1.62,-1.02,272.50,272.50,29.38,774.29,OK,44.8
deepseek-ai/deepseek-llm-67b-chat,h100,NaiveSparse,65536,16,1.0,-1.62,-1.02,272.50,272.50,29.38,774.29,OK,44.8
deepseek-ai/deepseek-llm-67b-chat,h100,Sparse,262144,4,0.1,-1.62,-1.02,122.69,137.90,58.12,0.00,OK,175.0
deepseek-ai/deepseek-llm-67b-chat,h100,Dense,131072,4,1.0,-1.62,-1.02,481.77,531.58,15.06,1574.73,OK,436.4
deepseek-ai/deepseek-llm-67b-chat,h100,NaiveSparse,131072,4,1.0,-1.62,-1.02,481.77,531.58,15.06,1574.73,OK,436.4
deepseek-ai/deepseek-llm-67b-chat,h100,Dense,131072,8,1.0,-1.62,-1.02,531.56,531.56,15.06,1810.53,OK,485.0
deepseek-ai/deepseek-llm-67b-chat,h100,NaiveSparse,131072,8,1.0,-1.62,-1.02,531.56,531.56,15.06,1810.53,OK,485.0
internlm/internlm-20b,a100,Sparse,4096,8,0.1,-1.62,-1.02,58.84,58.84,136.54,0.00,OK,468.8
internlm/internlm-20b,a100,Sparse,4096,16,0.1,-1.62,-1.02,58.84,58.84,136.54,0.00,OK,335.5
internlm/internlm-20b,a100,Dense,4096,4,1.0,-1.62,-1.02,76.00,85.42,93.93,0.00,OK,484.0
internlm/internlm-20b,a100,NaiveSparse,4096,4,1.0,-1.62,-1.02,76.00,85.42,93.93,0.00,OK,484.0
internlm/internlm-20b,a100,Sparse,4096,4,0.1,-1.62,-1.02,75.97,85.39,93.97,0.00,OK,495.7
internlm/internlm-20b,a100,Sparse,4096,64,0.1,-1.62,-1.02,58.83,58.83,136.57,0.00,OK,23.3
internlm/internlm-20b,a100,Dense,4096,32,1.0,-1.62,-1.02,59.92,59.92,134.08,4.31,OK,29.5
internlm/internlm-20b,a100,NaiveSparse,4096,32,1.0,-1.62,-1.02,59.92,59.92,134.08,4.31,OK,29.5
internlm/internlm-20b,a100,Dense,4096,64,1.0,-1.62,-1.02,59.92,59.92,134.09,4.32,OK,18.9
internlm/internlm-20b,a100,NaiveSparse,4096,64,1.0,-1.62,-1.02,59.92,59.92,134.09,4.32,OK,18.9
internlm/internlm-20b,a100,Dense,4096,8,1.0,-1.62,-1.02,59.91,59.91,134.09,4.33,OK,505.4
internlm/internlm-20b,a100,NaiveSparse,4096,8,1.0,-1.62,-1.02,59.91,59.91,134.09,4.33,OK,505.4
internlm/internlm-20b,a100,Sparse,8192,4,0.1,-1.62,-1.02,76.04,85.46,93.89,0.00,OK,18.5
internlm/internlm-20b,a100,Sparse,8192,8,0.1,-1.62,-1.02,58.83,58.83,136.57,0.00,OK,14.3
internlm/internlm-20b,a100,Sparse,8192,16,0.1,-1.62,-1.02,58.83,58.83,136.57,0.00,OK,7.8
internlm/internlm-20b,a100,Dense,8192,4,1.0,-1.62,-1.02,99.75,109.62,73.15,96.62,OK,19.6
internlm/internlm-20b,a100,NaiveSparse,8192,4,1.0,-1.62,-1.02,99.75,109.62,73.15,96.62,OK,19.6
internlm/internlm-20b,a100,Sparse,8192,32,0.1,-1.62,-1.02,58.83,58.83,136.57,0.00,OK,4.7
internlm/internlm-20b,a100,Dense,8192,8,1.0,-1.62,-1.02,109.56,109.56,73.19,202.91,OK,17.0
internlm/internlm-20b,a100,NaiveSparse,8192,8,1.0,-1.62,-1.02,109.56,109.56,73.19,202.91,OK,17.0
internlm/internlm-20b,a100,Sparse,4096,32,0.1,-1.62,-1.02,58.84,58.84,136.56,0.00,OK,73.6
internlm/internlm-20b,a100,Dense,4096,16,1.0,-1.62,-1.02,59.92,59.92,134.09,4.32,OK,127.0
internlm/internlm-20b,a100,NaiveSparse,4096,16,1.0,-1.62,-1.02,59.92,59.92,134.09,4.32,OK,127.0
internlm/internlm-20b,a100,Dense,8192,16,1.0,-1.62,-1.02,109.56,109.56,73.19,202.91,OK,10.2
internlm/internlm-20b,a100,NaiveSparse,8192,16,1.0,-1.62,-1.02,109.56,109.56,73.19,202.91,OK,10.2
internlm/internlm-20b,a100,Dense,8192,32,1.0,-1.62,-1.02,109.56,109.56,73.19,202.90,OK,11.4
internlm/internlm-20b,a100,NaiveSparse,8192,32,1.0,-1.62,-1.02,109.56,109.56,73.19,202.90,OK,11.4
internlm/internlm-20b,a100,Sparse,16384,8,0.1,-1.62,-1.02,58.84,58.84,136.56,0.00,OK,9.2
internlm/internlm-20b,a100,Sparse,16384,16,0.1,-1.62,-1.02,58.84,58.84,136.56,0.00,OK,9.2
internlm/internlm-20b,a100,Sparse,16384,4,0.1,-1.62,-1.02,76.06,85.49,93.86,0.00,OK,14.5
internlm/internlm-20b,a100,Dense,16384,16,1.0,-1.62,-1.02,211.14,211.14,37.93,609.22,OK,15.1
internlm/internlm-20b,a100,NaiveSparse,16384,16,1.0,-1.62,-1.02,211.14,211.14,37.93,609.22,OK,15.1
internlm/internlm-20b,a100,Dense,16384,8,1.0,-1.62,-1.02,211.14,211.14,37.93,609.22,OK,17.7
internlm/internlm-20b,a100,NaiveSparse,16384,8,1.0,-1.62,-1.02,211.14,211.14,37.93,609.22,OK,17.7
internlm/internlm-20b,a100,Dense,16384,4,1.0,-1.62,-1.02,191.51,211.20,37.92,502.85,OK,20.0
internlm/internlm-20b,a100,NaiveSparse,16384,4,1.0,-1.62,-1.02,191.51,211.20,37.92,502.85,OK,20.0
internlm/internlm-20b,a100,Sparse,32768,8,0.1,-1.62,-1.02,58.84,58.84,136.56,0.00,OK,14.6
internlm/internlm-20b,a100,Sparse,32768,4,0.1,-1.62,-1.02,76.06,85.49,93.86,0.00,OK,26.1
internlm/internlm-20b,a100,Dense,32768,4,1.0,-1.62,-1.02,380.61,419.96,19.06,1337.90,OK,68.5
internlm/internlm-20b,a100,NaiveSparse,32768,4,1.0,-1.62,-1.02,380.61,419.96,19.06,1337.90,OK,68.5
internlm/internlm-20b,a100,Sparse,65536,4,0.1,-1.62,-1.02,81.34,90.77,88.39,21.11,OK,76.1
internlm/internlm-20b,a100,Dense,32768,8,1.0,-1.62,-1.02,419.91,419.91,19.06,1444.28,OK,98.4
internlm/internlm-20b,a100,NaiveSparse,32768,8,1.0,-1.62,-1.02,419.91,419.91,19.06,1444.28,OK,98.4
deepseek-ai/deepseek-llm-67b-chat,h100,Dense,262144,4,1.0,-1.62,-1.02,963.20,1062.82,7.53,3699.66,OK,779.1
deepseek-ai/deepseek-llm-67b-chat,h100,NaiveSparse,262144,4,1.0,-1.62,-1.02,963.20,1062.82,7.53,3699.66,OK,779.1
internlm/internlm-20b,a100,Dense,65536,4,1.0,-1.62,-1.02,760.72,839.39,9.53,3015.62,OK,340.1
internlm/internlm-20b,a100,NaiveSparse,65536,4,1.0,-1.62,-1.02,760.72,839.39,9.53,3015.62,OK,340.1
internlm/internlm-20b,a40,Sparse,4096,16,0.1,-1.62,-1.02,154.67,154.67,51.81,0.00,OK,496.2
internlm/internlm-20b,a40,Sparse,4096,4,0.1,-1.62,-1.02,201.82,225.89,35.46,0.00,OK,572.9
internlm/internlm-20b,a40,Dense,4096,4,1.0,-1.62,-1.02,201.80,225.85,35.46,0.00,OK,568.0
internlm/internlm-20b,a40,NaiveSparse,4096,4,1.0,-1.62,-1.02,201.80,225.85,35.46,0.00,OK,568.0
internlm/internlm-20b,a40,Sparse,4096,8,0.1,-1.62,-1.02,154.67,154.67,51.81,0.00,OK,562.0
internlm/internlm-20b,a40,Sparse,4096,64,0.1,-1.62,-1.02,154.72,154.72,51.79,0.00,OK,7.4
internlm/internlm-20b,a40,Dense,4096,64,1.0,-1.62,-1.02,154.68,154.68,51.81,0.00,OK,8.7
internlm/internlm-20b,a40,NaiveSparse,4096,64,1.0,-1.62,-1.02,154.68,154.68,51.81,0.00,OK,8.7
internlm/internlm-20b,a40,Dense,4096,8,1.0,-1.62,-1.02,154.68,154.68,51.80,0.00,OK,523.3
internlm/internlm-20b,a40,NaiveSparse,4096,8,1.0,-1.62,-1.02,154.68,154.68,51.80,0.00,OK,523.3
internlm/internlm-20b,a40,Dense,4096,16,1.0,-1.62,-1.02,154.72,154.72,51.79,0.00,OK,490.4
internlm/internlm-20b,a40,NaiveSparse,4096,16,1.0,-1.62,-1.02,154.72,154.72,51.79,0.00,OK,490.4
internlm/internlm-20b,a40,Dense,4096,32,1.0,-1.62,-1.02,154.71,154.71,51.80,0.00,OK,247.0
internlm/internlm-20b,a40,NaiveSparse,4096,32,1.0,-1.62,-1.02,154.71,154.71,51.80,0.00,OK,247.0
internlm/internlm-20b,a40,Sparse,8192,4,0.1,-1.62,-1.02,202.08,226.18,35.41,0.00,OK,11.5
internlm/internlm-20b,a40,Sparse,4096,32,0.1,-1.62,-1.02,154.72,154.72,51.79,0.00,OK,350.5
internlm/internlm-20b,a40,Sparse,8192,8,0.1,-1.62,-1.02,154.72,154.72,51.79,0.00,OK,9.5
internlm/internlm-20b,a40,Dense,8192,4,1.0,-1.62,-1.02,202.08,226.18,35.41,0.00,OK,15.1
internlm/internlm-20b,a40,NaiveSparse,8192,4,1.0,-1.62,-1.02,202.08,226.18,35.41,0.00,OK,15.1
internlm/internlm-20b,a40,Sparse,8192,16,0.1,-1.62,-1.02,154.72,154.72,51.79,0.00,OK,9.4
internlm/internlm-20b,a40,Sparse,8192,32,0.1,-1.62,-1.02,154.72,154.72,51.79,0.00,OK,4.8
internlm/internlm-20b,a40,Dense,8192,16,1.0,-1.62,-1.02,154.72,154.72,51.79,0.00,OK,11.4
internlm/internlm-20b,a40,NaiveSparse,8192,16,1.0,-1.62,-1.02,154.72,154.72,51.79,0.00,OK,11.4
internlm/internlm-20b,a40,Dense,8192,8,1.0,-1.62,-1.02,154.72,154.72,51.79,0.00,OK,13.9
internlm/internlm-20b,a40,NaiveSparse,8192,8,1.0,-1.62,-1.02,154.72,154.72,51.79,0.00,OK,13.9
internlm/internlm-20b,a40,Dense,8192,32,1.0,-1.62,-1.02,154.72,154.72,51.79,0.00,OK,9.6
internlm/internlm-20b,a40,NaiveSparse,8192,32,1.0,-1.62,-1.02,154.72,154.72,51.79,0.00,OK,9.6
internlm/internlm-20b,a40,Sparse,16384,4,0.1,-1.62,-1.02,202.15,226.25,35.40,0.00,OK,12.9
internlm/internlm-20b,a40,Sparse,16384,8,0.1,-1.62,-1.02,154.72,154.72,51.79,0.00,OK,11.3
internlm/internlm-20b,a40,Sparse,16384,16,0.1,-1.62,-1.02,154.72,154.72,51.79,0.00,OK,12.3
internlm/internlm-20b,a40,Dense,16384,4,1.0,-1.62,-1.02,203.89,228.00,35.13,6.99,OK,20.6
internlm/internlm-20b,a40,NaiveSparse,16384,4,1.0,-1.62,-1.02,203.89,228.00,35.13,6.99,OK,20.6
internlm/internlm-20b,a40,Dense,16384,8,1.0,-1.62,-1.02,223.53,223.53,35.83,275.24,OK,21.1
internlm/internlm-20b,a40,NaiveSparse,16384,8,1.0,-1.62,-1.02,223.53,223.53,35.83,275.24,OK,21.1
internlm/internlm-20b,a40,Dense,16384,16,1.0,-1.62,-1.02,223.53,223.53,35.83,275.24,OK,20.6
internlm/internlm-20b,a40,NaiveSparse,16384,16,1.0,-1.62,-1.02,223.53,223.53,35.83,275.24,OK,20.6
internlm/internlm-20b,a40,Sparse,32768,4,0.1,-1.62,-1.02,202.15,226.25,35.40,0.00,OK,22.7
internlm/internlm-20b,a40,Sparse,32768,8,0.1,-1.62,-1.02,154.72,154.72,51.79,0.00,OK,23.2
internlm/internlm-20b,a40,Sparse,65536,4,0.1,-1.62,-1.02,202.15,226.25,35.40,0.00,OK,77.7
internlm/internlm-20b,a40,Dense,32768,4,1.0,-1.62,-1.02,387.39,426.75,18.76,802.00,OK,146.1
internlm/internlm-20b,a40,NaiveSparse,32768,4,1.0,-1.62,-1.02,387.39,426.75,18.76,802.00,OK,146.1
internlm/internlm-20b,a40,Dense,32768,8,1.0,-1.62,-1.02,426.69,426.69,18.76,1087.89,OK,146.7
internlm/internlm-20b,a40,NaiveSparse,32768,8,1.0,-1.62,-1.02,426.69,426.69,18.76,1087.89,OK,146.7
internlm/internlm-20b,a40,Dense,65536,4,1.0,-1.62,-1.02,760.72,839.39,9.53,2452.58,OK,417.9
internlm/internlm-20b,a40,NaiveSparse,65536,4,1.0,-1.62,-1.02,760.72,839.39,9.53,2452.58,OK,417.9
internlm/internlm-20b,h100,Sparse,4096,4,0.1,-1.62,-1.02,44.65,49.89,161.18,0.00,OK,613.0
internlm/internlm-20b,h100,Dense,4096,8,1.0,-1.62,-1.02,55.66,55.66,144.39,76.72,OK,606.7
internlm/internlm-20b,h100,NaiveSparse,4096,8,1.0,-1.62,-1.02,55.66,55.66,144.39,76.72,OK,606.7
internlm/internlm-20b,h100,Sparse,4096,64,0.1,-1.62,-1.02,36.49,36.49,220.78,0.00,OK,7.0
internlm/internlm-20b,h100,Dense,4096,16,1.0,-1.62,-1.02,55.66,55.66,144.39,76.69,OK,493.2
internlm/internlm-20b,h100,NaiveSparse,4096,16,1.0,-1.62,-1.02,55.66,55.66,144.39,76.69,OK,493.2
internlm/internlm-20b,h100,Sparse,4096,16,0.1,-1.62,-1.02,36.48,36.48,220.85,0.00,OK,555.3
internlm/internlm-20b,h100,Sparse,4096,32,0.1,-1.62,-1.02,36.49,36.49,220.81,0.00,OK,488.6
internlm/internlm-20b,h100,Sparse,4096,8,0.1,-1.62,-1.02,36.48,36.48,220.81,0.00,OK,619.4
internlm/internlm-20b,h100,Dense,4096,4,1.0,-1.62,-1.02,50.77,56.01,143.48,24.47,OK,625.8
internlm/internlm-20b,h100,NaiveSparse,4096,4,1.0,-1.62,-1.02,50.77,56.01,143.48,24.47,OK,625.8
internlm/internlm-20b,h100,Dense,4096,64,1.0,-1.62,-1.02,55.66,55.66,144.39,76.71,OK,10.4
internlm/internlm-20b,h100,NaiveSparse,4096,64,1.0,-1.62,-1.02,55.66,55.66,144.39,76.71,OK,10.4
internlm/internlm-20b,h100,Dense,4096,32,1.0,-1.62,-1.02,55.66,55.66,144.39,76.69,OK,215.8
internlm/internlm-20b,h100,NaiveSparse,4096,32,1.0,-1.62,-1.02,55.66,55.66,144.39,76.69,OK,215.8
internlm/internlm-20b,h100,Sparse,8192,4,0.1,-1.62,-1.02,44.65,49.89,161.16,0.00,OK,12.0
internlm/internlm-20b,h100,Sparse,8192,8,0.1,-1.62,-1.02,36.47,36.47,220.90,0.00,OK,7.6
internlm/internlm-20b,h100,Sparse,8192,32,0.1,-1.62,-1.02,36.47,36.47,220.90,0.00,OK,5.4
internlm/internlm-20b,h100,Sparse,8192,16,0.1,-1.62,-1.02,36.47,36.47,220.90,0.00,OK,8.1
internlm/internlm-20b,h100,Dense,8192,4,1.0,-1.62,-1.02,96.64,106.51,75.29,226.44,OK,12.7
internlm/internlm-20b,h100,NaiveSparse,8192,4,1.0,-1.62,-1.02,96.64,106.51,75.29,226.44,OK,12.7
internlm/internlm-20b,h100,Dense,8192,8,1.0,-1.62,-1.02,106.45,106.45,75.33,279.93,OK,12.4
internlm/internlm-20b,h100,NaiveSparse,8192,8,1.0,-1.62,-1.02,106.45,106.45,75.33,279.93,OK,12.4
internlm/internlm-20b,h100,Dense,8192,16,1.0,-1.62,-1.02,106.45,106.45,75.33,279.93,OK,10.3
internlm/internlm-20b,h100,NaiveSparse,8192,16,1.0,-1.62,-1.02,106.45,106.45,75.33,279.93,OK,10.3
internlm/internlm-20b,h100,Dense,8192,32,1.0,-1.62,-1.02,106.45,106.45,75.33,279.93,OK,9.3
internlm/internlm-20b,h100,NaiveSparse,8192,32,1.0,-1.62,-1.02,106.45,106.45,75.33,279.93,OK,9.3
internlm/internlm-20b,h100,Sparse,16384,4,0.1,-1.62,-1.02,44.65,49.90,161.16,0.00,OK,11.6
internlm/internlm-20b,h100,Sparse,16384,8,0.1,-1.62,-1.02,36.47,36.47,220.90,0.00,OK,11.3
internlm/internlm-20b,h100,Sparse,16384,16,0.1,-1.62,-1.02,36.47,36.47,220.90,0.00,OK,10.6
internlm/internlm-20b,h100,Dense,16384,16,1.0,-1.62,-1.02,210.19,210.19,38.11,694.89,OK,16.2
internlm/internlm-20b,h100,NaiveSparse,16384,16,1.0,-1.62,-1.02,210.19,210.19,38.11,694.89,OK,16.2
internlm/internlm-20b,h100,Dense,16384,4,1.0,-1.62,-1.02,190.55,210.25,38.10,641.41,OK,21.7
internlm/internlm-20b,h100,NaiveSparse,16384,4,1.0,-1.62,-1.02,190.55,210.25,38.10,641.41,OK,21.7
internlm/internlm-20b,h100,Sparse,32768,4,0.1,-1.62,-1.02,44.65,49.90,161.16,0.00,OK,19.0
internlm/internlm-20b,h100,Dense,16384,8,1.0,-1.62,-1.02,210.19,210.19,38.11,694.89,OK,24.5
internlm/internlm-20b,h100,NaiveSparse,16384,8,1.0,-1.62,-1.02,210.19,210.19,38.11,694.89,OK,24.5
internlm/internlm-20b,h100,Sparse,32768,8,0.1,-1.62,-1.02,45.39,45.39,177.25,35.68,OK,21.4
internlm/internlm-20b,h100,Sparse,65536,4,0.1,-1.62,-1.02,78.23,86.12,93.17,144.88,OK,66.3
internlm/internlm-20b,h100,Dense,32768,4,1.0,-1.62,-1.02,380.61,419.96,19.06,1480.27,OK,103.3
internlm/internlm-20b,h100,NaiveSparse,32768,4,1.0,-1.62,-1.02,380.61,419.96,19.06,1480.27,OK,103.3
internlm/internlm-20b,h100,Dense,32768,8,1.0,-1.62,-1.02,419.91,419.91,19.06,1533.75,OK,149.3
internlm/internlm-20b,h100,NaiveSparse,32768,8,1.0,-1.62,-1.02,419.91,419.91,19.06,1533.75,OK,149.3
internlm/internlm-20b,h100,Dense,65536,4,1.0,-1.62,-1.02,760.72,839.39,9.53,3157.99,OK,392.8
internlm/internlm-20b,h100,NaiveSparse,65536,4,1.0,-1.62,-1.02,760.72,839.39,9.53,3157.99,OK,392.8
meta-llama/Llama-2-70b-hf,a100,Sparse,4096,4,0.1,-1.62,-1.02,191.08,214.82,37.29,0.00,OK,626.5
meta-llama/Llama-2-70b-hf,a100,Sparse,4096,8,0.1,-1.62,-1.02,122.81,122.81,65.27,0.00,OK,624.8
meta-llama/Llama-2-70b-hf,a100,Dense,4096,16,1.0,-1.62,-1.02,122.81,122.81,65.28,0.00,OK,540.0
meta-llama/Llama-2-70b-hf,a100,NaiveSparse,4096,16,1.0,-1.62,-1.02,122.81,122.81,65.28,0.00,OK,540.0
meta-llama/Llama-2-70b-hf,a100,Dense,4096,8,1.0,-1.62,-1.02,122.73,122.73,65.32,0.00,OK,622.2
meta-llama/Llama-2-70b-hf,a100,NaiveSparse,4096,8,1.0,-1.62,-1.02,122.73,122.73,65.32,0.00,OK,622.2
meta-llama/Llama-2-70b-hf,a100,Sparse,4096,16,0.1,-1.62,-1.02,122.81,122.81,65.28,0.00,OK,575.0
meta-llama/Llama-2-70b-hf,a100,Sparse,4096,64,0.1,-1.62,-1.02,122.82,122.82,65.27,0.00,OK,8.3
meta-llama/Llama-2-70b-hf,a100,Sparse,4096,128,0.1,-1.62,-1.02,122.82,122.82,65.27,0.00,OK,6.3
meta-llama/Llama-2-70b-hf,a100,Sparse,4096,32,0.1,-1.62,-1.02,122.82,122.82,65.27,0.00,OK,496.4
meta-llama/Llama-2-70b-hf,a100,Dense,4096,64,1.0,-1.62,-1.02,122.81,122.81,65.27,0.00,OK,8.1
meta-llama/Llama-2-70b-hf,a100,NaiveSparse,4096,64,1.0,-1.62,-1.02,122.81,122.81,65.27,0.00,OK,8.1
meta-llama/Llama-2-70b-hf,a100,Dense,4096,4,1.0,-1.62,-1.02,191.13,214.87,37.28,0.00,OK,635.9
meta-llama/Llama-2-70b-hf,a100,NaiveSparse,4096,4,1.0,-1.62,-1.02,191.13,214.87,37.28,0.00,OK,635.9
meta-llama/Llama-2-70b-hf,a100,Dense,4096,128,1.0,-1.62,-1.02,122.81,122.81,65.28,0.00,OK,8.4
meta-llama/Llama-2-70b-hf,a100,NaiveSparse,4096,128,1.0,-1.62,-1.02,122.81,122.81,65.28,0.00,OK,8.4
meta-llama/Llama-2-70b-hf,a100,Dense,4096,32,1.0,-1.62,-1.02,122.81,122.81,65.28,0.00,OK,249.4
meta-llama/Llama-2-70b-hf,a100,NaiveSparse,4096,32,1.0,-1.62,-1.02,122.81,122.81,65.28,0.00,OK,249.4
meta-llama/Llama-2-70b-hf,a100,Sparse,8192,8,0.1,-1.62,-1.02,122.81,122.81,65.28,0.00,OK,8.7
meta-llama/Llama-2-70b-hf,a100,Sparse,8192,16,0.1,-1.62,-1.02,122.81,122.81,65.28,0.00,OK,8.4
meta-llama/Llama-2-70b-hf,a100,Sparse,8192,4,0.1,-1.62,-1.02,191.13,214.88,37.27,0.00,OK,11.5
meta-llama/Llama-2-70b-hf,a100,Sparse,8192,32,0.1,-1.62,-1.02,122.81,122.81,65.28,0.00,OK,4.6
meta-llama/Llama-2-70b-hf,a100,Dense,8192,4,1.0,-1.62,-1.02,191.13,214.88,37.27,0.00,OK,13.3
meta-llama/Llama-2-70b-hf,a100,NaiveSparse,8192,4,1.0,-1.62,-1.02,191.13,214.88,37.27,0.00,OK,13.3
meta-llama/Llama-2-70b-hf,a100,Sparse,8192,64,0.1,-1.62,-1.02,122.81,122.81,65.28,0.00,OK,4.7
meta-llama/Llama-2-70b-hf,a100,Dense,8192,8,1.0,-1.62,-1.02,122.81,122.81,65.28,0.00,OK,13.3
meta-llama/Llama-2-70b-hf,a100,NaiveSparse,8192,8,1.0,-1.62,-1.02,122.81,122.81,65.28,0.00,OK,13.3
meta-llama/Llama-2-70b-hf,a100,Dense,8192,16,1.0,-1.62,-1.02,122.81,122.81,65.28,0.00,OK,11.1
meta-llama/Llama-2-70b-hf,a100,NaiveSparse,8192,16,1.0,-1.62,-1.02,122.81,122.81,65.28,0.00,OK,11.1
meta-llama/Llama-2-70b-hf,a100,Sparse,8192,128,0.1,-1.62,-1.02,122.81,122.81,65.28,0.00,OK,4.8
meta-llama/Llama-2-70b-hf,a100,Dense,8192,32,1.0,-1.62,-1.02,122.81,122.81,65.28,0.00,OK,9.5
meta-llama/Llama-2-70b-hf,a100,NaiveSparse,8192,32,1.0,-1.62,-1.02,122.81,122.81,65.28,0.00,OK,9.5
meta-llama/Llama-2-70b-hf,a100,Dense,8192,64,1.0,-1.62,-1.02,122.81,122.81,65.28,0.00,OK,9.7
meta-llama/Llama-2-70b-hf,a100,NaiveSparse,8192,64,1.0,-1.62,-1.02,122.81,122.81,65.28,0.00,OK,9.7
meta-llama/Llama-2-70b-hf,a100,Dense,8192,128,1.0,-1.62,-1.02,122.81,122.81,65.28,0.00,OK,9.6
meta-llama/Llama-2-70b-hf,a100,NaiveSparse,8192,128,1.0,-1.62,-1.02,122.81,122.81,65.28,0.00,OK,9.6
meta-llama/Llama-2-70b-hf,a100,Sparse,16384,4,0.1,-1.62,-1.02,191.13,214.88,37.27,0.00,OK,11.7
meta-llama/Llama-2-70b-hf,a100,Sparse,16384,16,0.1,-1.62,-1.02,122.81,122.81,65.28,0.00,OK,10.4
meta-llama/Llama-2-70b-hf,a100,Sparse,16384,32,0.1,-1.62,-1.02,122.81,122.81,65.28,0.00,OK,6.9
meta-llama/Llama-2-70b-hf,a100,Sparse,16384,8,0.1,-1.62,-1.02,122.81,122.81,65.28,0.00,OK,14.5
meta-llama/Llama-2-70b-hf,a100,Sparse,16384,64,0.1,-1.62,-1.02,122.81,122.81,65.28,0.00,OK,5.4
meta-llama/Llama-2-70b-hf,a100,Dense,16384,32,1.0,-1.62,-1.02,122.81,122.81,65.28,0.00,OK,15.2
meta-llama/Llama-2-70b-hf,a100,NaiveSparse,16384,32,1.0,-1.62,-1.02,122.81,122.81,65.28,0.00,OK,15.2
meta-llama/Llama-2-70b-hf,a100,Dense,16384,8,1.0,-1.62,-1.02,122.81,122.81,65.28,0.00,OK,21.1
meta-llama/Llama-2-70b-hf,a100,NaiveSparse,16384,8,1.0,-1.62,-1.02,122.81,122.81,65.28,0.00,OK,21.1
meta-llama/Llama-2-70b-hf,a100,Dense,16384,16,1.0,-1.62,-1.02,122.81,122.81,65.28,0.00,OK,21.1
meta-llama/Llama-2-70b-hf,a100,NaiveSparse,16384,16,1.0,-1.62,-1.02,122.81,122.81,65.28,0.00,OK,21.1
meta-llama/Llama-2-70b-hf,a100,Dense,16384,4,1.0,-1.62,-1.02,191.13,214.88,37.27,0.00,OK,24.5
meta-llama/Llama-2-70b-hf,a100,NaiveSparse,16384,4,1.0,-1.62,-1.02,191.13,214.88,37.27,0.00,OK,24.5
meta-llama/Llama-2-70b-hf,a100,Dense,16384,64,1.0,-1.62,-1.02,122.81,122.81,65.28,0.00,OK,14.7
meta-llama/Llama-2-70b-hf,a100,NaiveSparse,16384,64,1.0,-1.62,-1.02,122.81,122.81,65.28,0.00,OK,14.7
meta-llama/Llama-2-70b-hf,a100,Sparse,32768,4,0.1,-1.62,-1.02,191.13,214.88,37.27,0.00,OK,18.5
meta-llama/Llama-2-70b-hf,a100,Sparse,32768,32,0.1,-1.62,-1.02,122.81,122.81,65.28,0.00,OK,7.0
meta-llama/Llama-2-70b-hf,a100,Sparse,32768,8,0.1,-1.62,-1.02,122.81,122.81,65.28,0.00,OK,21.7
meta-llama/Llama-2-70b-hf,a100,Sparse,32768,16,0.1,-1.62,-1.02,122.81,122.81,65.28,0.00,OK,17.9
meta-llama/Llama-2-70b-hf,a100,Dense,32768,16,1.0,-1.62,-1.02,132.20,132.20,60.63,37.54,OK,26.3
meta-llama/Llama-2-70b-hf,a100,NaiveSparse,32768,16,1.0,-1.62,-1.02,132.20,132.20,60.63,37.54,OK,26.3
meta-llama/Llama-2-70b-hf,a100,Dense,32768,4,1.0,-1.62,-1.02,191.13,214.88,37.27,0.00,OK,35.2
meta-llama/Llama-2-70b-hf,a100,NaiveSparse,32768,4,1.0,-1.62,-1.02,191.13,214.88,37.27,0.00,OK,35.2
meta-llama/Llama-2-70b-hf,a100,Dense,32768,32,1.0,-1.62,-1.02,132.20,132.20,60.63,37.54,OK,25.3
meta-llama/Llama-2-70b-hf,a100,NaiveSparse,32768,32,1.0,-1.62,-1.02,132.20,132.20,60.63,37.54,OK,25.3
meta-llama/Llama-2-70b-hf,a100,Dense,32768,8,1.0,-1.62,-1.02,132.20,132.20,60.63,37.54,OK,32.2
meta-llama/Llama-2-70b-hf,a100,NaiveSparse,32768,8,1.0,-1.62,-1.02,132.20,132.20,60.63,37.54,OK,32.2
meta-llama/Llama-2-70b-hf,a100,Sparse,65536,8,0.1,-1.62,-1.02,122.81,122.81,65.28,0.00,OK,18.2
meta-llama/Llama-2-70b-hf,a100,Sparse,65536,4,0.1,-1.62,-1.02,191.13,214.88,37.27,0.00,OK,28.5
meta-llama/Llama-2-70b-hf,a100,Sparse,65536,16,0.1,-1.62,-1.02,122.81,122.81,65.28,0.00,OK,10.3
meta-llama/Llama-2-70b-hf,a100,Sparse,131072,4,0.1,-1.62,-1.02,191.13,214.88,37.27,0.00,OK,36.7
meta-llama/Llama-2-70b-hf,a100,Sparse,131072,8,0.1,-1.62,-1.02,122.81,122.81,65.28,0.00,OK,36.9
meta-llama/Llama-2-70b-hf,a100,Dense,65536,8,1.0,-1.62,-1.02,240.12,240.12,33.35,469.24,OK,54.1
meta-llama/Llama-2-70b-hf,a100,NaiveSparse,65536,8,1.0,-1.62,-1.02,240.12,240.12,33.35,469.24,OK,54.1
meta-llama/Llama-2-70b-hf,a100,Dense,65536,4,1.0,-1.62,-1.02,219.16,242.91,32.97,112.12,OK,63.1
meta-llama/Llama-2-70b-hf,a100,NaiveSparse,65536,4,1.0,-1.62,-1.02,219.16,242.91,32.97,112.12,OK,63.1
meta-llama/Llama-2-70b-hf,a100,Dense,65536,16,1.0,-1.62,-1.02,240.12,240.12,33.35,469.24,OK,46.5
meta-llama/Llama-2-70b-hf,a100,NaiveSparse,65536,16,1.0,-1.62,-1.02,240.12,240.12,33.35,469.24,OK,46.5
meta-llama/Llama-2-70b-hf,a100,Sparse,262144,4,0.1,-1.62,-1.02,191.13,214.88,37.27,0.00,OK,184.7
meta-llama/Llama-2-70b-hf,a100,Dense,131072,4,1.0,-1.62,-1.02,414.88,456.83,17.52,967.79,OK,480.5
meta-llama/Llama-2-70b-hf,a100,NaiveSparse,131072,4,1.0,-1.62,-1.02,414.88,456.83,17.52,967.79,OK,480.5
meta-llama/Llama-2-70b-hf,a100,Dense,131072,8,1.0,-1.62,-1.02,456.81,456.81,17.52,1335.98,OK,495.5
meta-llama/Llama-2-70b-hf,a100,NaiveSparse,131072,8,1.0,-1.62,-1.02,456.81,456.81,17.52,1335.98,OK,495.5
meta-llama/Llama-2-70b-hf,a40,Sparse,4096,8,0.1,-1.62,-1.02,337.36,337.36,23.73,0.00,OK,473.3
meta-llama/Llama-2-70b-hf,a40,Sparse,4096,4,0.1,-1.62,-1.02,525.76,590.96,13.54,0.00,OK,475.0
meta-llama/Llama-2-70b-hf,a40,Sparse,4096,32,0.1,-1.62,-1.02,336.69,336.69,23.78,0.00,OK,12.7
meta-llama/Llama-2-70b-hf,a40,Sparse,4096,16,0.1,-1.62,-1.02,336.75,336.75,23.77,0.00,OK,331.4
meta-llama/Llama-2-70b-hf,a40,Dense,4096,8,1.0,-1.62,-1.02,336.73,336.73,23.78,0.00,OK,481.7
meta-llama/Llama-2-70b-hf,a40,NaiveSparse,4096,8,1.0,-1.62,-1.02,336.73,336.73,23.78,0.00,OK,481.7
meta-llama/Llama-2-70b-hf,a40,Sparse,4096,64,0.1,-1.62,-1.02,336.75,336.75,23.77,0.00,OK,15.0
meta-llama/Llama-2-70b-hf,a40,Sparse,4096,128,0.1,-1.62,-1.02,336.75,336.75,23.77,0.00,OK,10.1
meta-llama/Llama-2-70b-hf,a40,Dense,4096,32,1.0,-1.62,-1.02,336.75,336.75,23.77,0.00,OK,19.1
meta-llama/Llama-2-70b-hf,a40,NaiveSparse,4096,32,1.0,-1.62,-1.02,336.75,336.75,23.77,0.00,OK,19.1
meta-llama/Llama-2-70b-hf,a40,Dense,4096,64,1.0,-1.62,-1.02,336.75,336.75,23.77,0.00,OK,21.5
meta-llama/Llama-2-70b-hf,a40,NaiveSparse,4096,64,1.0,-1.62,-1.02,336.75,336.75,23.77,0.00,OK,21.5
meta-llama/Llama-2-70b-hf,a40,Dense,4096,4,1.0,-1.62,-1.02,524.80,589.87,13.57,0.00,OK,496.3
meta-llama/Llama-2-70b-hf,a40,NaiveSparse,4096,4,1.0,-1.62,-1.02,524.80,589.87,13.57,0.00,OK,496.3
meta-llama/Llama-2-70b-hf,a40,Dense,4096,128,1.0,-1.62,-1.02,336.75,336.75,23.77,0.00,OK,14.2
meta-llama/Llama-2-70b-hf,a40,NaiveSparse,4096,128,1.0,-1.62,-1.02,336.75,336.75,23.77,0.00,OK,14.2
meta-llama/Llama-2-70b-hf,a40,Sparse,8192,4,0.1,-1.62,-1.02,524.74,589.81,13.57,0.00,OK,13.2
meta-llama/Llama-2-70b-hf,a40,Sparse,8192,8,0.1,-1.62,-1.02,336.67,336.67,23.78,0.00,OK,10.6
meta-llama/Llama-2-70b-hf,a40,Sparse,8192,16,0.1,-1.62,-1.02,336.67,336.67,23.78,0.00,OK,8.5
meta-llama/Llama-2-70b-hf,a40,Sparse,8192,32,0.1,-1.62,-1.02,336.67,336.67,23.78,0.00,OK,4.9
meta-llama/Llama-2-70b-hf,a40,Dense,8192,4,1.0,-1.62,-1.02,524.74,589.81,13.57,0.00,OK,15.4
meta-llama/Llama-2-70b-hf,a40,NaiveSparse,8192,4,1.0,-1.62,-1.02,524.74,589.81,13.57,0.00,OK,15.4
meta-llama/Llama-2-70b-hf,a40,Dense,8192,16,1.0,-1.62,-1.02,336.67,336.67,23.78,0.00,OK,9.8
meta-llama/Llama-2-70b-hf,a40,NaiveSparse,8192,16,1.0,-1.62,-1.02,336.67,336.67,23.78,0.00,OK,9.8
meta-llama/Llama-2-70b-hf,a40,Dense,8192,8,1.0,-1.62,-1.02,336.67,336.67,23.78,0.00,OK,13.7
meta-llama/Llama-2-70b-hf,a40,NaiveSparse,8192,8,1.0,-1.62,-1.02,336.67,336.67,23.78,0.00,OK,13.7
meta-llama/Llama-2-70b-hf,a40,Sparse,8192,64,0.1,-1.62,-1.02,336.67,336.67,23.78,0.00,OK,5.0
meta-llama/Llama-2-70b-hf,a40,Sparse,8192,128,0.1,-1.62,-1.02,336.67,336.67,23.78,0.00,OK,6.2
meta-llama/Llama-2-70b-hf,a40,Dense,8192,32,1.0,-1.62,-1.02,336.67,336.67,23.78,0.00,OK,10.5
meta-llama/Llama-2-70b-hf,a40,NaiveSparse,8192,32,1.0,-1.62,-1.02,336.67,336.67,23.78,0.00,OK,10.5
meta-llama/Llama-2-70b-hf,a40,Dense,4096,16,1.0,-1.62,-1.02,336.75,336.75,23.77,0.00,OK,73.6
meta-llama/Llama-2-70b-hf,a40,NaiveSparse,4096,16,1.0,-1.62,-1.02,336.75,336.75,23.77,0.00,OK,73.6
meta-llama/Llama-2-70b-hf,a40,Dense,8192,64,1.0,-1.62,-1.02,336.67,336.67,23.78,0.00,OK,10.5
meta-llama/Llama-2-70b-hf,a40,NaiveSparse,8192,64,1.0,-1.62,-1.02,336.67,336.67,23.78,0.00,OK,10.5
meta-llama/Llama-2-70b-hf,a40,Dense,8192,128,1.0,-1.62,-1.02,336.67,336.67,23.78,0.00,OK,10.6
meta-llama/Llama-2-70b-hf,a40,NaiveSparse,8192,128,1.0,-1.62,-1.02,336.67,336.67,23.78,0.00,OK,10.6
meta-llama/Llama-2-70b-hf,a40,Sparse,16384,4,0.1,-1.62,-1.02,524.72,589.78,13.57,0.00,OK,13.8
meta-llama/Llama-2-70b-hf,a40,Sparse,16384,16,0.1,-1.62,-1.02,336.71,336.71,23.78,0.00,OK,10.9
meta-llama/Llama-2-70b-hf,a40,Sparse,16384,8,0.1,-1.62,-1.02,336.71,336.71,23.78,0.00,OK,12.4
meta-llama/Llama-2-70b-hf,a40,Sparse,16384,32,0.1,-1.62,-1.02,336.71,336.71,23.78,0.00,OK,8.1
meta-llama/Llama-2-70b-hf,a40,Sparse,16384,64,0.1,-1.62,-1.02,336.71,336.71,23.78,0.00,OK,5.6
meta-llama/Llama-2-70b-hf,a40,Dense,16384,4,1.0,-1.62,-1.02,524.72,589.78,13.57,0.00,OK,22.5
meta-llama/Llama-2-70b-hf,a40,NaiveSparse,16384,4,1.0,-1.62,-1.02,524.72,589.78,13.57,0.00,OK,22.5
meta-llama/Llama-2-70b-hf,a40,Dense,16384,16,1.0,-1.62,-1.02,336.71,336.71,23.78,0.00,OK,15.8
meta-llama/Llama-2-70b-hf,a40,NaiveSparse,16384,16,1.0,-1.62,-1.02,336.71,336.71,23.78,0.00,OK,15.8
meta-llama/Llama-2-70b-hf,a40,Dense,16384,8,1.0,-1.62,-1.02,336.71,336.71,23.78,0.00,OK,22.3
meta-llama/Llama-2-70b-hf,a40,NaiveSparse,16384,8,1.0,-1.62,-1.02,336.71,336.71,23.78,0.00,OK,22.3
meta-llama/Llama-2-70b-hf,a40,Dense,16384,32,1.0,-1.62,-1.02,336.71,336.71,23.78,0.00,OK,15.2
meta-llama/Llama-2-70b-hf,a40,NaiveSparse,16384,32,1.0,-1.62,-1.02,336.71,336.71,23.78,0.00,OK,15.2
meta-llama/Llama-2-70b-hf,a40,Dense,16384,64,1.0,-1.62,-1.02,336.71,336.71,23.78,0.00,OK,15.2
meta-llama/Llama-2-70b-hf,a40,NaiveSparse,16384,64,1.0,-1.62,-1.02,336.71,336.71,23.78,0.00,OK,15.2
meta-llama/Llama-2-70b-hf,a40,Sparse,32768,4,0.1,-1.62,-1.02,524.72,589.78,13.57,0.00,OK,20.8
meta-llama/Llama-2-70b-hf,a40,Sparse,32768,8,0.1,-1.62,-1.02,336.71,336.71,23.78,0.00,OK,17.7
meta-llama/Llama-2-70b-hf,a40,Sparse,32768,16,0.1,-1.62,-1.02,336.71,336.71,23.78,0.00,OK,17.4
meta-llama/Llama-2-70b-hf,a40,Sparse,32768,32,0.1,-1.62,-1.02,336.71,336.71,23.78,0.00,OK,14.3
meta-llama/Llama-2-70b-hf,a40,Dense,32768,4,1.0,-1.62,-1.02,524.72,589.78,13.57,0.00,OK,37.5
meta-llama/Llama-2-70b-hf,a40,NaiveSparse,32768,4,1.0,-1.62,-1.02,524.72,589.78,13.57,0.00,OK,37.5
meta-llama/Llama-2-70b-hf,a100,Dense,262144,4,1.0,-1.62,-1.02,811.15,895.03,8.94,2720.62,OK,577.6
meta-llama/Llama-2-70b-hf,a100,NaiveSparse,262144,4,1.0,-1.62,-1.02,811.15,895.03,8.94,2720.62,OK,577.6
meta-llama/Llama-2-70b-hf,a40,Dense,32768,32,1.0,-1.62,-1.02,336.71,336.71,23.78,0.00,OK,25.7
meta-llama/Llama-2-70b-hf,a40,NaiveSparse,32768,32,1.0,-1.62,-1.02,336.71,336.71,23.78,0.00,OK,25.7
meta-llama/Llama-2-70b-hf,a40,Dense,32768,8,1.0,-1.62,-1.02,336.71,336.71,23.78,0.00,OK,40.5
meta-llama/Llama-2-70b-hf,a40,NaiveSparse,32768,8,1.0,-1.62,-1.02,336.71,336.71,23.78,0.00,OK,40.5
meta-llama/Llama-2-70b-hf,a40,Dense,32768,16,1.0,-1.62,-1.02,336.71,336.71,23.78,0.00,OK,38.3
meta-llama/Llama-2-70b-hf,a40,NaiveSparse,32768,16,1.0,-1.62,-1.02,336.71,336.71,23.78,0.00,OK,38.3
meta-llama/Llama-2-70b-hf,a40,Sparse,65536,4,0.1,-1.62,-1.02,524.72,589.78,13.57,0.00,OK,28.5
meta-llama/Llama-2-70b-hf,a40,Sparse,65536,8,0.1,-1.62,-1.02,336.71,336.71,23.78,0.00,OK,25.2
meta-llama/Llama-2-70b-hf,a40,Sparse,65536,16,0.1,-1.62,-1.02,336.71,336.71,23.78,0.00,OK,9.7
meta-llama/Llama-2-70b-hf,a40,Dense,65536,4,1.0,-1.62,-1.02,524.72,589.78,13.57,0.00,OK,55.6
meta-llama/Llama-2-70b-hf,a40,NaiveSparse,65536,4,1.0,-1.62,-1.02,524.72,589.78,13.57,0.00,OK,55.6
meta-llama/Llama-2-70b-hf,a40,Sparse,131072,4,0.1,-1.62,-1.02,524.72,589.78,13.57,0.00,OK,39.3
meta-llama/Llama-2-70b-hf,a40,Dense,65536,8,1.0,-1.62,-1.02,336.71,336.71,23.78,0.00,OK,49.8
meta-llama/Llama-2-70b-hf,a40,NaiveSparse,65536,8,1.0,-1.62,-1.02,336.71,336.71,23.78,0.00,OK,49.8
meta-llama/Llama-2-70b-hf,a40,Sparse,131072,8,0.1,-1.62,-1.02,336.71,336.71,23.78,0.00,OK,42.0
meta-llama/Llama-2-70b-hf,a40,Dense,65536,16,1.0,-1.62,-1.02,336.71,336.71,23.78,0.00,OK,49.4
meta-llama/Llama-2-70b-hf,a40,NaiveSparse,65536,16,1.0,-1.62,-1.02,336.71,336.71,23.78,0.00,OK,49.4
meta-llama/Llama-2-70b-hf,a40,Sparse,262144,4,0.1,-1.62,-1.02,524.72,589.78,13.57,0.00,OK,194.9
meta-llama/Llama-2-70b-hf,h100,Sparse,4096,4,0.1,-1.62,-1.02,103.51,116.33,68.92,0.00,OK,440.5
meta-llama/Llama-2-70b-hf,a40,Dense,131072,4,1.0,-1.62,-1.02,524.72,589.78,13.57,0.00,OK,477.1
meta-llama/Llama-2-70b-hf,a40,NaiveSparse,131072,4,1.0,-1.62,-1.02,524.72,589.78,13.57,0.00,OK,477.1
meta-llama/Llama-2-70b-hf,a40,Dense,131072,8,1.0,-1.62,-1.02,497.53,497.53,16.09,643.28,OK,475.6
meta-llama/Llama-2-70b-hf,a40,NaiveSparse,131072,8,1.0,-1.62,-1.02,497.53,497.53,16.09,643.28,OK,475.6
meta-llama/Llama-2-70b-hf,h100,Sparse,4096,8,0.1,-1.62,-1.02,66.72,66.72,120.37,0.00,OK,439.6
meta-llama/Llama-2-70b-hf,h100,Sparse,4096,32,0.1,-1.62,-1.02,66.73,66.73,120.35,0.00,OK,6.7
meta-llama/Llama-2-70b-hf,h100,Sparse,4096,16,0.1,-1.62,-1.02,66.73,66.73,120.34,0.00,OK,286.7
meta-llama/Llama-2-70b-hf,h100,Dense,4096,8,1.0,-1.62,-1.02,66.60,66.60,120.57,0.00,OK,441.0
meta-llama/Llama-2-70b-hf,h100,NaiveSparse,4096,8,1.0,-1.62,-1.02,66.60,66.60,120.57,0.00,OK,441.0
meta-llama/Llama-2-70b-hf,h100,Dense,4096,4,1.0,-1.62,-1.02,103.90,116.77,68.66,0.00,OK,445.9
meta-llama/Llama-2-70b-hf,h100,NaiveSparse,4096,4,1.0,-1.62,-1.02,103.90,116.77,68.66,0.00,OK,445.9
meta-llama/Llama-2-70b-hf,h100,Dense,4096,16,1.0,-1.62,-1.02,66.73,66.73,120.35,0.00,OK,10.7
meta-llama/Llama-2-70b-hf,h100,NaiveSparse,4096,16,1.0,-1.62,-1.02,66.73,66.73,120.35,0.00,OK,10.7
meta-llama/Llama-2-70b-hf,h100,Dense,4096,32,1.0,-1.62,-1.02,66.73,66.73,120.34,0.00,OK,8.5
meta-llama/Llama-2-70b-hf,h100,NaiveSparse,4096,32,1.0,-1.62,-1.02,66.73,66.73,120.34,0.00,OK,8.5
meta-llama/Llama-2-70b-hf,h100,Sparse,4096,64,0.1,-1.62,-1.02,66.73,66.73,120.34,0.00,OK,5.8
meta-llama/Llama-2-70b-hf,h100,Sparse,4096,128,0.1,-1.62,-1.02,66.73,66.73,120.34,0.00,OK,4.3
meta-llama/Llama-2-70b-hf,h100,Dense,4096,64,1.0,-1.62,-1.02,66.73,66.73,120.34,0.00,OK,7.9
meta-llama/Llama-2-70b-hf,h100,NaiveSparse,4096,64,1.0,-1.62,-1.02,66.73,66.73,120.34,0.00,OK,7.9
meta-llama/Llama-2-70b-hf,h100,Dense,4096,128,1.0,-1.62,-1.02,66.73,66.73,120.34,0.00,OK,6.7
meta-llama/Llama-2-70b-hf,h100,NaiveSparse,4096,128,1.0,-1.62,-1.02,66.73,66.73,120.34,0.00,OK,6.7
meta-llama/Llama-2-70b-hf,h100,Sparse,8192,4,0.1,-1.62,-1.02,103.74,116.59,68.76,0.00,OK,8.1
meta-llama/Llama-2-70b-hf,h100,Sparse,8192,16,0.1,-1.62,-1.02,66.74,66.74,120.32,0.00,OK,4.6
meta-llama/Llama-2-70b-hf,h100,Sparse,8192,8,0.1,-1.62,-1.02,66.74,66.74,120.32,0.00,OK,8.6
meta-llama/Llama-2-70b-hf,h100,Sparse,8192,32,0.1,-1.62,-1.02,66.74,66.74,120.32,0.00,OK,4.5
meta-llama/Llama-2-70b-hf,h100,Sparse,8192,64,0.1,-1.62,-1.02,66.74,66.74,120.32,0.00,OK,4.5
meta-llama/Llama-2-70b-hf,h100,Dense,8192,16,1.0,-1.62,-1.02,66.74,66.74,120.32,0.00,OK,9.4
meta-llama/Llama-2-70b-hf,h100,NaiveSparse,8192,16,1.0,-1.62,-1.02,66.74,66.74,120.32,0.00,OK,9.4
meta-llama/Llama-2-70b-hf,h100,Dense,8192,8,1.0,-1.62,-1.02,66.74,66.74,120.32,0.00,OK,11.8
meta-llama/Llama-2-70b-hf,h100,NaiveSparse,8192,8,1.0,-1.62,-1.02,66.74,66.74,120.32,0.00,OK,11.8
meta-llama/Llama-2-70b-hf,h100,Dense,8192,4,1.0,-1.62,-1.02,103.74,116.59,68.76,0.00,OK,13.9
meta-llama/Llama-2-70b-hf,h100,NaiveSparse,8192,4,1.0,-1.62,-1.02,103.74,116.59,68.76,0.00,OK,13.9
meta-llama/Llama-2-70b-hf,h100,Sparse,8192,128,0.1,-1.62,-1.02,66.74,66.74,120.32,0.00,OK,4.5
meta-llama/Llama-2-70b-hf,h100,Dense,8192,32,1.0,-1.62,-1.02,66.74,66.74,120.32,0.00,OK,9.4
meta-llama/Llama-2-70b-hf,h100,NaiveSparse,8192,32,1.0,-1.62,-1.02,66.74,66.74,120.32,0.00,OK,9.4
meta-llama/Llama-2-70b-hf,h100,Dense,8192,64,1.0,-1.62,-1.02,66.74,66.74,120.32,0.00,OK,9.4
meta-llama/Llama-2-70b-hf,h100,NaiveSparse,8192,64,1.0,-1.62,-1.02,66.74,66.74,120.32,0.00,OK,9.4
meta-llama/Llama-2-70b-hf,h100,Dense,8192,128,1.0,-1.62,-1.02,66.74,66.74,120.32,0.00,OK,9.3
meta-llama/Llama-2-70b-hf,h100,NaiveSparse,8192,128,1.0,-1.62,-1.02,66.74,66.74,120.32,0.00,OK,9.3
meta-llama/Llama-2-70b-hf,h100,Sparse,16384,8,0.1,-1.62,-1.02,66.74,66.74,120.32,0.00,OK,11.8
meta-llama/Llama-2-70b-hf,h100,Sparse,16384,4,0.1,-1.62,-1.02,103.74,116.59,68.76,0.00,OK,13.2
meta-llama/Llama-2-70b-hf,h100,Sparse,16384,16,0.1,-1.62,-1.02,66.74,66.74,120.32,0.00,OK,11.3
meta-llama/Llama-2-70b-hf,h100,Sparse,16384,32,0.1,-1.62,-1.02,66.74,66.74,120.32,0.00,OK,7.6
meta-llama/Llama-2-70b-hf,h100,Sparse,16384,64,0.1,-1.62,-1.02,66.74,66.74,120.32,0.00,OK,5.3
meta-llama/Llama-2-70b-hf,h100,Dense,16384,8,1.0,-1.62,-1.02,68.21,68.21,117.72,5.88,OK,18.7
meta-llama/Llama-2-70b-hf,h100,NaiveSparse,16384,8,1.0,-1.62,-1.02,68.21,68.21,117.72,5.88,OK,18.7
meta-llama/Llama-2-70b-hf,h100,Dense,16384,16,1.0,-1.62,-1.02,68.21,68.21,117.72,5.88,OK,18.2
meta-llama/Llama-2-70b-hf,h100,NaiveSparse,16384,16,1.0,-1.62,-1.02,68.21,68.21,117.72,5.88,OK,18.2
meta-llama/Llama-2-70b-hf,h100,Dense,16384,4,1.0,-1.62,-1.02,103.74,116.59,68.76,0.00,OK,24.3
meta-llama/Llama-2-70b-hf,h100,NaiveSparse,16384,4,1.0,-1.62,-1.02,103.74,116.59,68.76,0.00,OK,24.3
meta-llama/Llama-2-70b-hf,h100,Dense,16384,32,1.0,-1.62,-1.02,68.21,68.21,117.72,5.88,OK,14.3
meta-llama/Llama-2-70b-hf,h100,NaiveSparse,16384,32,1.0,-1.62,-1.02,68.21,68.21,117.72,5.88,OK,14.3
meta-llama/Llama-2-70b-hf,h100,Dense,16384,64,1.0,-1.62,-1.02,68.21,68.21,117.72,5.88,OK,14.4
meta-llama/Llama-2-70b-hf,h100,NaiveSparse,16384,64,1.0,-1.62,-1.02,68.21,68.21,117.72,5.88,OK,14.4
meta-llama/Llama-2-70b-hf,h100,Sparse,32768,4,0.1,-1.62,-1.02,103.74,116.59,68.76,0.00,OK,17.9
meta-llama/Llama-2-70b-hf,h100,Sparse,32768,8,0.1,-1.62,-1.02,66.74,66.74,120.32,0.00,OK,15.5
meta-llama/Llama-2-70b-hf,h100,Sparse,32768,16,0.1,-1.62,-1.02,66.74,66.74,120.32,0.00,OK,13.9
meta-llama/Llama-2-70b-hf,h100,Sparse,32768,32,0.1,-1.62,-1.02,66.74,66.74,120.32,0.00,OK,12.4
meta-llama/Llama-2-70b-hf,h100,Dense,32768,16,1.0,-1.62,-1.02,121.22,121.22,66.14,217.89,OK,25.3
meta-llama/Llama-2-70b-hf,h100,NaiveSparse,32768,16,1.0,-1.62,-1.02,121.22,121.22,66.14,217.89,OK,25.3
meta-llama/Llama-2-70b-hf,h100,Dense,32768,4,1.0,-1.62,-1.02,110.74,123.60,64.86,28.02,OK,38.0
meta-llama/Llama-2-70b-hf,h100,NaiveSparse,32768,4,1.0,-1.62,-1.02,110.74,123.60,64.86,28.02,OK,38.0
meta-llama/Llama-2-70b-hf,h100,Sparse,65536,4,0.1,-1.62,-1.02,103.74,116.59,68.76,0.00,OK,23.6
meta-llama/Llama-2-70b-hf,h100,Dense,32768,8,1.0,-1.62,-1.02,121.22,121.22,66.14,217.89,OK,36.6
meta-llama/Llama-2-70b-hf,h100,NaiveSparse,32768,8,1.0,-1.62,-1.02,121.22,121.22,66.14,217.89,OK,36.6
meta-llama/Llama-2-70b-hf,h100,Dense,32768,32,1.0,-1.62,-1.02,121.22,121.22,66.14,217.89,OK,26.1
meta-llama/Llama-2-70b-hf,h100,NaiveSparse,32768,32,1.0,-1.62,-1.02,121.22,121.22,66.14,217.89,OK,26.1
meta-llama/Llama-2-70b-hf,h100,Sparse,65536,8,0.1,-1.62,-1.02,66.74,66.74,120.32,0.00,OK,22.3
meta-llama/Llama-2-70b-hf,h100,Sparse,65536,16,0.1,-1.62,-1.02,66.74,66.74,120.32,0.00,OK,9.2
meta-llama/Llama-2-70b-hf,a40,Dense,262144,4,1.0,-1.62,-1.02,847.03,930.92,8.60,1364.53,OK,540.0
meta-llama/Llama-2-70b-hf,a40,NaiveSparse,262144,4,1.0,-1.62,-1.02,847.03,930.92,8.60,1364.53,OK,540.0
meta-llama/Llama-2-70b-hf,h100,Dense,65536,4,1.0,-1.62,-1.02,208.60,229.58,34.89,451.94,OK,56.3
meta-llama/Llama-2-70b-hf,h100,NaiveSparse,65536,4,1.0,-1.62,-1.02,208.60,229.58,34.89,451.94,OK,56.3
meta-llama/Llama-2-70b-hf,h100,Dense,65536,8,1.0,-1.62,-1.02,229.56,229.56,34.89,651.26,OK,45.8
meta-llama/Llama-2-70b-hf,h100,NaiveSparse,65536,8,1.0,-1.62,-1.02,229.56,229.56,34.89,651.26,OK,45.8
meta-llama/Llama-2-70b-hf,h100,Sparse,131072,4,0.1,-1.62,-1.02,103.74,116.59,68.76,0.00,OK,38.7
meta-llama/Llama-2-7b-hf,a100,Sparse,4096,4,0.1,-1.62,-1.02,29.75,33.04,244.02,0.00,OK,5.2
meta-llama/Llama-2-70b-hf,h100,Sparse,131072,8,0.1,-1.62,-1.02,66.74,66.74,120.32,0.00,OK,39.0
meta-llama/Llama-2-7b-hf,a100,Dense,4096,4,1.0,-1.62,-1.02,29.75,33.04,244.02,0.00,OK,6.4
meta-llama/Llama-2-7b-hf,a100,NaiveSparse,4096,4,1.0,-1.62,-1.02,29.75,33.04,244.02,0.00,OK,6.4
meta-llama/Llama-2-70b-hf,h100,Dense,65536,16,1.0,-1.62,-1.02,229.56,229.56,34.89,651.26,OK,45.4
meta-llama/Llama-2-70b-hf,h100,NaiveSparse,65536,16,1.0,-1.62,-1.02,229.56,229.56,34.89,651.26,OK,45.4
meta-llama/Llama-2-7b-hf,a100,Sparse,4096,8,0.1,-1.62,-1.02,24.96,24.96,323.80,0.00,OK,3.7
meta-llama/Llama-2-7b-hf,a100,Sparse,4096,16,0.1,-1.62,-1.02,24.96,24.96,323.80,0.00,OK,3.7
meta-llama/Llama-2-7b-hf,a100,Dense,4096,8,1.0,-1.62,-1.02,25.30,25.30,319.47,1.34,OK,5.8
meta-llama/Llama-2-7b-hf,a100,NaiveSparse,4096,8,1.0,-1.62,-1.02,25.30,25.30,319.47,1.34,OK,5.8
meta-llama/Llama-2-7b-hf,a100,Sparse,4096,32,0.1,-1.62,-1.02,24.96,24.96,323.80,0.00,OK,3.7
meta-llama/Llama-2-7b-hf,a100,Dense,4096,16,1.0,-1.62,-1.02,25.30,25.30,319.47,1.34,OK,5.6
meta-llama/Llama-2-7b-hf,a100,NaiveSparse,4096,16,1.0,-1.62,-1.02,25.30,25.30,319.47,1.34,OK,5.6
meta-llama/Llama-2-7b-hf,a100,Sparse,4096,64,0.1,-1.62,-1.02,24.96,24.96,323.80,0.00,OK,3.8
meta-llama/Llama-2-7b-hf,a100,Sparse,4096,128,0.1,-1.62,-1.02,24.96,24.96,323.80,0.00,OK,3.8
meta-llama/Llama-2-7b-hf,a100,Dense,4096,32,1.0,-1.62,-1.02,25.30,25.30,319.47,1.34,OK,5.7
meta-llama/Llama-2-7b-hf,a100,NaiveSparse,4096,32,1.0,-1.62,-1.02,25.30,25.30,319.47,1.34,OK,5.7
meta-llama/Llama-2-7b-hf,a100,Dense,4096,64,1.0,-1.62,-1.02,25.30,25.30,319.47,1.34,OK,5.8
meta-llama/Llama-2-7b-hf,a100,NaiveSparse,4096,64,1.0,-1.62,-1.02,25.30,25.30,319.47,1.34,OK,5.8
meta-llama/Llama-2-7b-hf,a100,Dense,4096,128,1.0,-1.62,-1.02,25.30,25.30,319.47,1.34,OK,5.7
meta-llama/Llama-2-7b-hf,a100,NaiveSparse,4096,128,1.0,-1.62,-1.02,25.30,25.30,319.47,1.34,OK,5.7
meta-llama/Llama-2-7b-hf,a100,Sparse,8192,4,0.1,-1.62,-1.02,29.75,33.04,244.02,0.00,OK,6.6
meta-llama/Llama-2-7b-hf,a100,Sparse,8192,8,0.1,-1.62,-1.02,24.96,24.96,323.80,0.00,OK,6.3
meta-llama/Llama-2-7b-hf,a100,Sparse,8192,16,0.1,-1.62,-1.02,24.96,24.96,323.80,0.00,OK,3.9
meta-llama/Llama-2-7b-hf,a100,Dense,8192,4,1.0,-1.62,-1.02,42.20,46.41,173.33,53.49,OK,11.0
meta-llama/Llama-2-7b-hf,a100,NaiveSparse,8192,4,1.0,-1.62,-1.02,42.20,46.41,173.33,53.49,OK,11.0
meta-llama/Llama-2-7b-hf,a100,Dense,8192,8,1.0,-1.62,-1.02,46.38,46.38,173.42,85.69,OK,7.9
meta-llama/Llama-2-7b-hf,a100,NaiveSparse,8192,8,1.0,-1.62,-1.02,46.38,46.38,173.42,85.69,OK,7.9
meta-llama/Llama-2-7b-hf,a100,Sparse,8192,32,0.1,-1.62,-1.02,24.96,24.96,323.80,0.00,OK,3.9
meta-llama/Llama-2-7b-hf,a100,Dense,8192,16,1.0,-1.62,-1.02,46.38,46.38,173.42,85.69,OK,7.9
meta-llama/Llama-2-7b-hf,a100,NaiveSparse,8192,16,1.0,-1.62,-1.02,46.38,46.38,173.42,85.69,OK,7.9
meta-llama/Llama-2-7b-hf,a100,Sparse,8192,64,0.1,-1.62,-1.02,24.96,24.96,323.80,0.00,OK,4.0
meta-llama/Llama-2-70b-hf,h100,Sparse,262144,4,0.1,-1.62,-1.02,103.74,116.59,68.76,0.00,OK,60.8
meta-llama/Llama-2-7b-hf,a100,Dense,8192,32,1.0,-1.62,-1.02,46.38,46.38,173.42,85.69,OK,7.9
meta-llama/Llama-2-7b-hf,a100,NaiveSparse,8192,32,1.0,-1.62,-1.02,46.38,46.38,173.42,85.69,OK,7.9
meta-llama/Llama-2-7b-hf,a100,Dense,8192,64,1.0,-1.62,-1.02,46.38,46.38,173.42,85.69,OK,7.9
meta-llama/Llama-2-7b-hf,a100,NaiveSparse,8192,64,1.0,-1.62,-1.02,46.38,46.38,173.42,85.69,OK,7.9
meta-llama/Llama-2-7b-hf,a100,Sparse,16384,4,0.1,-1.62,-1.02,29.75,33.04,244.02,0.00,OK,9.6
meta-llama/Llama-2-7b-hf,a100,Sparse,16384,8,0.1,-1.62,-1.02,24.96,24.96,323.80,0.00,OK,10.2
meta-llama/Llama-2-7b-hf,a100,Sparse,16384,16,0.1,-1.62,-1.02,24.96,24.96,323.80,0.00,OK,6.2
meta-llama/Llama-2-7b-hf,a100,Sparse,16384,32,0.1,-1.62,-1.02,24.96,24.96,323.80,0.00,OK,4.6
meta-llama/Llama-2-7b-hf,a100,Dense,16384,4,1.0,-1.62,-1.02,81.45,89.85,89.29,227.25,OK,17.7
meta-llama/Llama-2-7b-hf,a100,NaiveSparse,16384,4,1.0,-1.62,-1.02,81.45,89.85,89.29,227.25,OK,17.7
meta-llama/Llama-2-7b-hf,a100,Dense,16384,8,1.0,-1.62,-1.02,89.83,89.83,89.31,259.46,OK,15.7
meta-llama/Llama-2-7b-hf,a100,NaiveSparse,16384,8,1.0,-1.62,-1.02,89.83,89.83,89.31,259.46,OK,15.7
meta-llama/Llama-2-7b-hf,a100,Dense,16384,16,1.0,-1.62,-1.02,89.83,89.83,89.31,259.46,OK,12.4
meta-llama/Llama-2-7b-hf,a100,NaiveSparse,16384,16,1.0,-1.62,-1.02,89.83,89.83,89.31,259.46,OK,12.4
meta-llama/Llama-2-7b-hf,a100,Dense,16384,32,1.0,-1.62,-1.02,89.83,89.83,89.31,259.46,OK,12.4
meta-llama/Llama-2-7b-hf,a100,NaiveSparse,16384,32,1.0,-1.62,-1.02,89.83,89.83,89.31,259.46,OK,12.4
meta-llama/Llama-2-7b-hf,a100,Sparse,32768,8,0.1,-1.62,-1.02,24.96,24.96,323.80,0.00,OK,13.0
meta-llama/Llama-2-70b-hf,h100,Dense,131072,4,1.0,-1.62,-1.02,405.74,447.68,17.88,1324.37,OK,103.2
meta-llama/Llama-2-70b-hf,h100,NaiveSparse,131072,4,1.0,-1.62,-1.02,405.74,447.68,17.88,1324.37,OK,103.2
meta-llama/Llama-2-7b-hf,a100,Sparse,32768,16,0.1,-1.62,-1.02,24.96,24.96,323.80,0.00,OK,8.7
meta-llama/Llama-2-7b-hf,a100,Sparse,32768,4,0.1,-1.62,-1.02,29.75,33.04,244.02,0.00,OK,17.0
meta-llama/Llama-2-70b-hf,h100,Dense,131072,8,1.0,-1.62,-1.02,447.67,447.67,17.88,1523.69,OK,106.8
meta-llama/Llama-2-70b-hf,h100,NaiveSparse,131072,8,1.0,-1.62,-1.02,447.67,447.67,17.88,1523.69,OK,106.8
meta-llama/Llama-2-7b-hf,a100,Dense,32768,4,1.0,-1.62,-1.02,162.53,179.33,44.68,585.15,OK,33.2
meta-llama/Llama-2-7b-hf,a100,NaiveSparse,32768,4,1.0,-1.62,-1.02,162.53,179.33,44.68,585.15,OK,33.2
meta-llama/Llama-2-7b-hf,a100,Dense,32768,8,1.0,-1.62,-1.02,179.30,179.30,44.68,617.35,OK,31.0
meta-llama/Llama-2-7b-hf,a100,NaiveSparse,32768,8,1.0,-1.62,-1.02,179.30,179.30,44.68,617.35,OK,31.0
meta-llama/Llama-2-7b-hf,a100,Dense,32768,16,1.0,-1.62,-1.02,179.30,179.30,44.68,617.35,OK,21.7
meta-llama/Llama-2-7b-hf,a100,NaiveSparse,32768,16,1.0,-1.62,-1.02,179.30,179.30,44.68,617.35,OK,21.7
meta-llama/Llama-2-7b-hf,a100,Sparse,65536,4,0.1,-1.62,-1.02,34.35,37.71,213.58,18.69,OK,21.1
meta-llama/Llama-2-7b-hf,a100,Sparse,65536,8,0.1,-1.62,-1.02,37.69,37.69,213.73,50.89,OK,22.8
meta-llama/Llama-2-7b-hf,a100,Sparse,131072,4,0.1,-1.62,-1.02,65.62,72.33,110.99,157.17,OK,132.4
meta-llama/Llama-2-7b-hf,a100,Dense,65536,4,1.0,-1.62,-1.02,324.70,358.27,22.35,1300.93,OK,153.4
meta-llama/Llama-2-7b-hf,a100,NaiveSparse,65536,4,1.0,-1.62,-1.02,324.70,358.27,22.35,1300.93,OK,153.4
meta-llama/Llama-2-7b-hf,a100,Dense,65536,8,1.0,-1.62,-1.02,358.25,358.25,22.35,1333.13,OK,157.4
meta-llama/Llama-2-7b-hf,a100,NaiveSparse,65536,8,1.0,-1.62,-1.02,358.25,358.25,22.35,1333.13,OK,157.4
meta-llama/Llama-2-7b-hf,a40,Sparse,4096,16,0.1,-1.62,-1.02,61.17,61.17,131.32,0.00,OK,328.0
meta-llama/Llama-2-7b-hf,a40,Sparse,4096,8,0.1,-1.62,-1.02,61.16,61.16,131.34,0.00,OK,459.1
meta-llama/Llama-2-7b-hf,a40,Sparse,4096,4,0.1,-1.62,-1.02,74.65,83.97,95.57,0.00,OK,462.7
meta-llama/Llama-2-7b-hf,a40,Dense,4096,16,1.0,-1.62,-1.02,61.14,61.14,131.40,0.00,OK,318.5
meta-llama/Llama-2-7b-hf,a40,NaiveSparse,4096,16,1.0,-1.62,-1.02,61.14,61.14,131.40,0.00,OK,318.5
meta-llama/Llama-2-7b-hf,a40,Sparse,4096,64,0.1,-1.62,-1.02,61.15,61.15,131.37,0.00,OK,4.6
meta-llama/Llama-2-7b-hf,a40,Sparse,4096,32,0.1,-1.62,-1.02,61.15,61.15,131.37,0.00,OK,6.3
meta-llama/Llama-2-70b-hf,h100,Dense,262144,4,1.0,-1.62,-1.02,811.15,895.03,8.94,3113.76,OK,558.9
meta-llama/Llama-2-70b-hf,h100,NaiveSparse,262144,4,1.0,-1.62,-1.02,811.15,895.03,8.94,3113.76,OK,558.9
meta-llama/Llama-2-7b-hf,a40,Dense,4096,4,1.0,-1.62,-1.02,74.69,84.02,95.51,0.00,OK,469.6
meta-llama/Llama-2-7b-hf,a40,NaiveSparse,4096,4,1.0,-1.62,-1.02,74.69,84.02,95.51,0.00,OK,469.6
meta-llama/Llama-2-7b-hf,a40,Dense,4096,32,1.0,-1.62,-1.02,61.15,61.15,131.37,0.00,OK,8.6
meta-llama/Llama-2-7b-hf,a40,NaiveSparse,4096,32,1.0,-1.62,-1.02,61.15,61.15,131.37,0.00,OK,8.6
meta-llama/Llama-2-7b-hf,a40,Sparse,4096,128,0.1,-1.62,-1.02,61.14,61.14,131.40,0.00,OK,5.0
meta-llama/Llama-2-7b-hf,a40,Dense,4096,64,1.0,-1.62,-1.02,61.14,61.14,131.40,0.00,OK,9.6
meta-llama/Llama-2-7b-hf,a40,NaiveSparse,4096,64,1.0,-1.62,-1.02,61.14,61.14,131.40,0.00,OK,9.6
meta-llama/Llama-2-7b-hf,a40,Dense,4096,8,1.0,-1.62,-1.02,61.14,61.14,131.40,0.00,OK,344.3
meta-llama/Llama-2-7b-hf,a40,NaiveSparse,4096,8,1.0,-1.62,-1.02,61.14,61.14,131.40,0.00,OK,344.3
meta-llama/Llama-2-7b-hf,a40,Dense,4096,128,1.0,-1.62,-1.02,61.14,61.14,131.40,0.00,OK,7.4
meta-llama/Llama-2-7b-hf,a40,NaiveSparse,4096,128,1.0,-1.62,-1.02,61.14,61.14,131.40,0.00,OK,7.4
meta-llama/Llama-2-7b-hf,a40,Sparse,8192,4,0.1,-1.62,-1.02,74.64,83.97,95.56,0.00,OK,9.7
meta-llama/Llama-2-7b-hf,a40,Sparse,8192,8,0.1,-1.62,-1.02,61.14,61.14,131.40,0.00,OK,9.5
meta-llama/Llama-2-7b-hf,a40,Sparse,8192,32,0.1,-1.62,-1.02,61.14,61.14,131.40,0.00,OK,5.2
meta-llama/Llama-2-7b-hf,a40,Sparse,8192,16,0.1,-1.62,-1.02,61.14,61.14,131.40,0.00,OK,7.8
meta-llama/Llama-2-7b-hf,a40,Dense,8192,16,1.0,-1.62,-1.02,61.14,61.14,131.40,0.00,OK,9.2
meta-llama/Llama-2-7b-hf,a40,NaiveSparse,8192,16,1.0,-1.62,-1.02,61.14,61.14,131.40,0.00,OK,9.2
meta-llama/Llama-2-7b-hf,a40,Dense,8192,4,1.0,-1.62,-1.02,74.64,83.97,95.56,0.00,OK,13.8
meta-llama/Llama-2-7b-hf,a40,NaiveSparse,8192,4,1.0,-1.62,-1.02,74.64,83.97,95.56,0.00,OK,13.8
meta-llama/Llama-2-7b-hf,a40,Dense,8192,8,1.0,-1.62,-1.02,61.14,61.14,131.40,0.00,OK,12.5
meta-llama/Llama-2-7b-hf,a40,NaiveSparse,8192,8,1.0,-1.62,-1.02,61.14,61.14,131.40,0.00,OK,12.5
meta-llama/Llama-2-7b-hf,a40,Sparse,8192,64,0.1,-1.62,-1.02,61.14,61.14,131.40,0.00,OK,5.0
meta-llama/Llama-2-7b-hf,a100,Dense,131072,4,1.0,-1.62,-1.02,649.04,716.16,11.17,2732.50,OK,486.8
meta-llama/Llama-2-7b-hf,a100,NaiveSparse,131072,4,1.0,-1.62,-1.02,649.04,716.16,11.17,2732.50,OK,486.8
meta-llama/Llama-2-7b-hf,a40,Dense,8192,32,1.0,-1.62,-1.02,61.14,61.14,131.40,0.00,OK,8.9
meta-llama/Llama-2-7b-hf,a40,NaiveSparse,8192,32,1.0,-1.62,-1.02,61.14,61.14,131.40,0.00,OK,8.9
meta-llama/Llama-2-7b-hf,a40,Dense,8192,64,1.0,-1.62,-1.02,61.14,61.14,131.40,0.00,OK,8.9
meta-llama/Llama-2-7b-hf,a40,NaiveSparse,8192,64,1.0,-1.62,-1.02,61.14,61.14,131.40,0.00,OK,8.9
meta-llama/Llama-2-7b-hf,a40,Sparse,16384,4,0.1,-1.62,-1.02,74.64,83.97,95.56,0.00,OK,13.1
meta-llama/Llama-2-7b-hf,a40,Sparse,16384,8,0.1,-1.62,-1.02,61.14,61.14,131.40,0.00,OK,12.0
meta-llama/Llama-2-7b-hf,a40,Sparse,16384,16,0.1,-1.62,-1.02,61.14,61.14,131.40,0.00,OK,12.3
meta-llama/Llama-2-7b-hf,a40,Sparse,16384,32,0.1,-1.62,-1.02,61.14,61.14,131.40,0.00,OK,10.6
meta-llama/Llama-2-7b-hf,a40,Dense,16384,8,1.0,-1.62,-1.02,94.02,94.02,85.32,131.51,OK,19.5
meta-llama/Llama-2-7b-hf,a40,NaiveSparse,16384,8,1.0,-1.62,-1.02,94.02,94.02,85.32,131.51,OK,19.5
meta-llama/Llama-2-7b-hf,a40,Dense,16384,4,1.0,-1.62,-1.02,85.64,94.96,84.47,43.98,OK,23.5
meta-llama/Llama-2-7b-hf,a40,NaiveSparse,16384,4,1.0,-1.62,-1.02,85.64,94.96,84.47,43.98,OK,23.5
meta-llama/Llama-2-7b-hf,a40,Dense,16384,32,1.0,-1.62,-1.02,94.02,94.02,85.32,131.51,OK,17.4
meta-llama/Llama-2-7b-hf,a40,NaiveSparse,16384,32,1.0,-1.62,-1.02,94.02,94.02,85.32,131.51,OK,17.4
meta-llama/Llama-2-7b-hf,a40,Dense,16384,16,1.0,-1.62,-1.02,94.02,94.02,85.32,131.51,OK,22.2
meta-llama/Llama-2-7b-hf,a40,NaiveSparse,16384,16,1.0,-1.62,-1.02,94.02,94.02,85.32,131.51,OK,22.2
meta-llama/Llama-2-7b-hf,a40,Sparse,32768,4,0.1,-1.62,-1.02,74.64,83.97,95.56,0.00,OK,20.5
meta-llama/Llama-2-7b-hf,a40,Sparse,32768,8,0.1,-1.62,-1.02,61.14,61.14,131.40,0.00,OK,23.6
meta-llama/Llama-2-7b-hf,a40,Sparse,32768,16,0.1,-1.62,-1.02,61.14,61.14,131.40,0.00,OK,18.9
meta-llama/Llama-2-7b-hf,a40,Dense,32768,4,1.0,-1.62,-1.02,163.93,180.72,44.33,387.00,OK,36.3
meta-llama/Llama-2-7b-hf,a40,NaiveSparse,32768,4,1.0,-1.62,-1.02,163.93,180.72,44.33,387.00,OK,36.3
meta-llama/Llama-2-7b-hf,a40,Dense,32768,8,1.0,-1.62,-1.02,180.69,180.69,44.34,478.21,OK,35.6
meta-llama/Llama-2-7b-hf,a40,NaiveSparse,32768,8,1.0,-1.62,-1.02,180.69,180.69,44.34,478.21,OK,35.6
meta-llama/Llama-2-7b-hf,a40,Dense,32768,16,1.0,-1.62,-1.02,180.69,180.69,44.34,478.21,OK,27.3
meta-llama/Llama-2-7b-hf,a40,NaiveSparse,32768,16,1.0,-1.62,-1.02,180.69,180.69,44.34,478.21,OK,27.3
meta-llama/Llama-2-7b-hf,a40,Sparse,65536,4,0.1,-1.62,-1.02,74.64,83.97,95.56,0.00,OK,28.5
meta-llama/Llama-2-7b-hf,a40,Sparse,65536,8,0.1,-1.62,-1.02,61.14,61.14,131.40,0.00,OK,23.8
meta-llama/Llama-2-7b-hf,a40,Dense,65536,4,1.0,-1.62,-1.02,324.70,358.27,22.35,1097.21,OK,168.2
meta-llama/Llama-2-7b-hf,a40,NaiveSparse,65536,4,1.0,-1.62,-1.02,324.70,358.27,22.35,1097.21,OK,168.2
meta-llama/Llama-2-7b-hf,a40,Sparse,131072,4,0.1,-1.62,-1.02,74.64,83.97,95.56,0.00,OK,161.9
meta-llama/Llama-2-7b-hf,a40,Dense,65536,8,1.0,-1.62,-1.02,358.25,358.25,22.35,1188.42,OK,200.1
meta-llama/Llama-2-7b-hf,a40,NaiveSparse,65536,8,1.0,-1.62,-1.02,358.25,358.25,22.35,1188.42,OK,200.1
meta-llama/Llama-2-7b-hf,h100,Sparse,4096,16,0.1,-1.62,-1.02,12.84,12.84,635.64,0.00,OK,424.7
meta-llama/Llama-2-7b-hf,h100,Sparse,4096,4,0.1,-1.62,-1.02,17.13,19.18,422.69,0.00,OK,571.3
meta-llama/Llama-2-7b-hf,h100,Sparse,4096,8,0.1,-1.62,-1.02,12.85,12.85,635.30,0.00,OK,569.9
meta-llama/Llama-2-7b-hf,h100,Dense,4096,8,1.0,-1.62,-1.02,23.67,23.67,341.73,43.26,OK,570.8
meta-llama/Llama-2-7b-hf,h100,NaiveSparse,4096,8,1.0,-1.62,-1.02,23.67,23.67,341.73,43.26,OK,570.8
meta-llama/Llama-2-7b-hf,h100,Dense,4096,16,1.0,-1.62,-1.02,23.67,23.67,341.73,43.27,OK,425.3
meta-llama/Llama-2-7b-hf,h100,NaiveSparse,4096,16,1.0,-1.62,-1.02,23.67,23.67,341.73,43.27,OK,425.3
meta-llama/Llama-2-7b-hf,h100,Dense,4096,32,1.0,-1.62,-1.02,23.67,23.67,341.73,43.27,OK,9.3
meta-llama/Llama-2-7b-hf,h100,NaiveSparse,4096,32,1.0,-1.62,-1.02,23.67,23.67,341.73,43.27,OK,9.3
meta-llama/Llama-2-7b-hf,h100,Sparse,4096,64,0.1,-1.62,-1.02,12.85,12.85,635.17,0.00,OK,7.0
meta-llama/Llama-2-7b-hf,h100,Dense,4096,4,1.0,-1.62,-1.02,21.58,23.69,341.36,18.08,OK,580.9
meta-llama/Llama-2-7b-hf,h100,NaiveSparse,4096,4,1.0,-1.62,-1.02,21.58,23.69,341.36,18.08,OK,580.9
meta-llama/Llama-2-7b-hf,h100,Sparse,4096,128,0.1,-1.62,-1.02,12.85,12.85,635.36,0.00,OK,5.4
meta-llama/Llama-2-7b-hf,h100,Dense,4096,64,1.0,-1.62,-1.02,23.67,23.67,341.73,43.26,OK,10.0
meta-llama/Llama-2-7b-hf,h100,NaiveSparse,4096,64,1.0,-1.62,-1.02,23.67,23.67,341.73,43.26,OK,10.0
meta-llama/Llama-2-7b-hf,h100,Sparse,4096,32,0.1,-1.62,-1.02,12.85,12.85,635.36,0.00,OK,394.2
meta-llama/Llama-2-7b-hf,h100,Dense,4096,128,1.0,-1.62,-1.02,23.67,23.67,341.73,43.28,OK,7.4
meta-llama/Llama-2-7b-hf,h100,NaiveSparse,4096,128,1.0,-1.62,-1.02,23.67,23.67,341.73,43.28,OK,7.4
meta-llama/Llama-2-7b-hf,h100,Sparse,8192,4,0.1,-1.62,-1.02,17.12,19.18,422.81,0.00,OK,10.1
meta-llama/Llama-2-7b-hf,a40,Dense,131072,4,1.0,-1.62,-1.02,649.04,716.16,11.17,2528.78,OK,588.8
meta-llama/Llama-2-7b-hf,a40,NaiveSparse,131072,4,1.0,-1.62,-1.02,649.04,716.16,11.17,2528.78,OK,588.8
meta-llama/Llama-2-7b-hf,h100,Sparse,8192,32,0.1,-1.62,-1.02,12.85,12.85,635.36,0.00,OK,4.9
meta-llama/Llama-2-7b-hf,h100,Sparse,8192,8,0.1,-1.62,-1.02,12.85,12.85,635.36,0.00,OK,7.7
meta-llama/Llama-2-7b-hf,h100,Sparse,8192,16,0.1,-1.62,-1.02,12.85,12.85,635.36,0.00,OK,8.3
meta-llama/Llama-2-7b-hf,h100,Dense,8192,4,1.0,-1.62,-1.02,41.15,45.36,177.36,104.74,OK,12.7
meta-llama/Llama-2-7b-hf,h100,NaiveSparse,8192,4,1.0,-1.62,-1.02,41.15,45.36,177.36,104.74,OK,12.7
meta-llama/Llama-2-7b-hf,h100,Sparse,8192,64,0.1,-1.62,-1.02,12.85,12.85,635.36,0.00,OK,4.6
meta-llama/Llama-2-7b-hf,h100,Dense,8192,8,1.0,-1.62,-1.02,45.33,45.33,177.46,129.95,OK,11.8
meta-llama/Llama-2-7b-hf,h100,NaiveSparse,8192,8,1.0,-1.62,-1.02,45.33,45.33,177.46,129.95,OK,11.8
meta-llama/Llama-2-7b-hf,h100,Dense,8192,16,1.0,-1.62,-1.02,45.33,45.33,177.46,129.95,OK,12.6
meta-llama/Llama-2-7b-hf,h100,NaiveSparse,8192,16,1.0,-1.62,-1.02,45.33,45.33,177.46,129.95,OK,12.6
meta-llama/Llama-2-7b-hf,h100,Dense,8192,32,1.0,-1.62,-1.02,45.33,45.33,177.46,129.95,OK,8.6
meta-llama/Llama-2-7b-hf,h100,NaiveSparse,8192,32,1.0,-1.62,-1.02,45.33,45.33,177.46,129.95,OK,8.6
meta-llama/Llama-2-7b-hf,h100,Dense,8192,64,1.0,-1.62,-1.02,45.33,45.33,177.46,129.95,OK,8.7
meta-llama/Llama-2-7b-hf,h100,NaiveSparse,8192,64,1.0,-1.62,-1.02,45.33,45.33,177.46,129.95,OK,8.7
meta-llama/Llama-2-7b-hf,h100,Sparse,16384,4,0.1,-1.62,-1.02,17.12,19.18,422.81,0.00,OK,12.8
meta-llama/Llama-2-7b-hf,h100,Sparse,16384,8,0.1,-1.62,-1.02,12.85,12.85,635.36,0.00,OK,11.4
meta-llama/Llama-2-7b-hf,h100,Sparse,16384,16,0.1,-1.62,-1.02,12.85,12.85,635.36,0.00,OK,10.3
meta-llama/Llama-2-7b-hf,h100,Sparse,16384,32,0.1,-1.62,-1.02,12.85,12.85,635.36,0.00,OK,12.0
meta-llama/Llama-2-7b-hf,h100,Dense,16384,4,1.0,-1.62,-1.02,81.45,89.85,89.29,282.70,OK,22.0
meta-llama/Llama-2-7b-hf,h100,NaiveSparse,16384,4,1.0,-1.62,-1.02,81.45,89.85,89.29,282.70,OK,22.0
meta-llama/Llama-2-7b-hf,h100,Dense,16384,32,1.0,-1.62,-1.02,89.83,89.83,89.31,307.92,OK,14.4
meta-llama/Llama-2-7b-hf,h100,NaiveSparse,16384,32,1.0,-1.62,-1.02,89.83,89.83,89.31,307.92,OK,14.4
meta-llama/Llama-2-7b-hf,h100,Dense,16384,8,1.0,-1.62,-1.02,89.83,89.83,89.31,307.92,OK,21.6
meta-llama/Llama-2-7b-hf,h100,NaiveSparse,16384,8,1.0,-1.62,-1.02,89.83,89.83,89.31,307.92,OK,21.6
meta-llama/Llama-2-7b-hf,h100,Dense,16384,16,1.0,-1.62,-1.02,89.83,89.83,89.31,307.92,OK,19.8
meta-llama/Llama-2-7b-hf,h100,NaiveSparse,16384,16,1.0,-1.62,-1.02,89.83,89.83,89.31,307.92,OK,19.8
meta-llama/Llama-2-7b-hf,h100,Sparse,32768,8,0.1,-1.62,-1.02,19.28,19.28,420.44,25.75,OK,19.7
meta-llama/Llama-2-7b-hf,h100,Sparse,32768,4,0.1,-1.62,-1.02,17.62,19.68,411.93,2.00,OK,23.4
meta-llama/Llama-2-7b-hf,h100,Sparse,32768,16,0.1,-1.62,-1.02,19.28,19.28,420.44,25.75,OK,19.1
meta-llama/Llama-2-7b-hf,h100,Dense,32768,4,1.0,-1.62,-1.02,162.53,179.33,44.68,640.60,OK,33.6
meta-llama/Llama-2-7b-hf,h100,NaiveSparse,32768,4,1.0,-1.62,-1.02,162.53,179.33,44.68,640.60,OK,33.6
meta-llama/Llama-2-7b-hf,h100,Sparse,65536,4,0.1,-1.62,-1.02,33.30,36.66,219.74,69.94,OK,25.7
meta-llama/Llama-2-7b-hf,h100,Dense,32768,8,1.0,-1.62,-1.02,179.30,179.30,44.68,665.81,OK,35.8
meta-llama/Llama-2-7b-hf,h100,NaiveSparse,32768,8,1.0,-1.62,-1.02,179.30,179.30,44.68,665.81,OK,35.8
meta-llama/Llama-2-7b-hf,h100,Dense,32768,16,1.0,-1.62,-1.02,179.30,179.30,44.68,665.81,OK,35.1
meta-llama/Llama-2-7b-hf,h100,NaiveSparse,32768,16,1.0,-1.62,-1.02,179.30,179.30,44.68,665.81,OK,35.1
meta-llama/Llama-2-7b-hf,h100,Sparse,65536,8,0.1,-1.62,-1.02,36.64,36.64,219.90,95.15,OK,25.4
meta-llama/Llama-2-7b-hf,h100,Sparse,131072,4,0.1,-1.62,-1.02,65.16,71.87,111.70,210.79,OK,152.1
meta-llama/Llama-2-7b-hf,h100,Dense,65536,4,1.0,-1.62,-1.02,324.70,358.27,22.35,1356.38,OK,169.6
meta-llama/Llama-2-7b-hf,h100,NaiveSparse,65536,4,1.0,-1.62,-1.02,324.70,358.27,22.35,1356.38,OK,169.6
meta-llama/Llama-2-7b-hf,h100,Dense,65536,8,1.0,-1.62,-1.02,358.25,358.25,22.35,1381.59,OK,194.5
meta-llama/Llama-2-7b-hf,h100,NaiveSparse,65536,8,1.0,-1.62,-1.02,358.25,358.25,22.35,1381.59,OK,194.5
meta-llama/Llama-2-7b-hf,h100,Dense,131072,4,1.0,-1.62,-1.02,649.04,716.16,11.17,2787.95,OK,730.7
meta-llama/Llama-2-7b-hf,h100,NaiveSparse,131072,4,1.0,-1.62,-1.02,649.04,716.16,11.17,2787.95,OK,730.7
meta-llama/Meta-Llama-3-70B,a100,Sparse,4096,8,0.1,-1.62,-1.02,123.54,123.54,64.89,0.00,OK,1128.0
meta-llama/Meta-Llama-3-70B,a100,Dense,4096,8,1.0,-1.62,-1.02,123.57,123.57,64.87,0.00,OK,1130.6
meta-llama/Meta-Llama-3-70B,a100,NaiveSparse,4096,8,1.0,-1.62,-1.02,123.57,123.57,64.87,0.00,OK,1130.6
meta-llama/Meta-Llama-3-70B,a100,Sparse,4096,4,0.1,-1.62,-1.02,192.56,216.43,37.01,0.00,OK,1142.1
meta-llama/Meta-Llama-3-70B,a100,Sparse,4096,64,0.1,-1.62,-1.02,123.54,123.54,64.89,0.00,OK,6.8
meta-llama/Meta-Llama-3-70B,a100,Dense,4096,4,1.0,-1.62,-1.02,192.57,216.44,37.00,0.00,OK,1142.4
meta-llama/Meta-Llama-3-70B,a100,NaiveSparse,4096,4,1.0,-1.62,-1.02,192.57,216.44,37.00,0.00,OK,1142.4
meta-llama/Meta-Llama-3-70B,a100,Sparse,4096,128,0.1,-1.62,-1.02,123.53,123.53,64.89,0.00,OK,5.7
meta-llama/Meta-Llama-3-70B,a100,Dense,4096,64,1.0,-1.62,-1.02,123.53,123.53,64.89,0.00,OK,10.4
meta-llama/Meta-Llama-3-70B,a100,NaiveSparse,4096,64,1.0,-1.62,-1.02,123.53,123.53,64.89,0.00,OK,10.4
meta-llama/Meta-Llama-3-70B,a100,Dense,4096,16,1.0,-1.62,-1.02,123.53,123.53,64.89,0.00,OK,1006.1
meta-llama/Meta-Llama-3-70B,a100,NaiveSparse,4096,16,1.0,-1.62,-1.02,123.53,123.53,64.89,0.00,OK,1006.1
meta-llama/Meta-Llama-3-70B,a100,Sparse,4096,32,0.1,-1.62,-1.02,123.55,123.55,64.89,0.00,OK,974.2
meta-llama/Meta-Llama-3-70B,a100,Sparse,4096,16,0.1,-1.62,-1.02,123.54,123.54,64.89,0.00,OK,1010.7
meta-llama/Meta-Llama-3-70B,a100,Dense,4096,128,1.0,-1.62,-1.02,123.55,123.55,64.89,0.00,OK,13.2
meta-llama/Meta-Llama-3-70B,a100,NaiveSparse,4096,128,1.0,-1.62,-1.02,123.55,123.55,64.89,0.00,OK,13.2
meta-llama/Meta-Llama-3-70B,a100,Sparse,8192,4,0.1,-1.62,-1.02,198.79,223.33,35.86,0.00,OK,13.3
meta-llama/Meta-Llama-3-70B,a100,Sparse,8192,16,0.1,-1.62,-1.02,130.37,130.37,61.48,0.00,OK,6.0
meta-llama/Meta-Llama-3-70B,a100,Sparse,8192,8,0.1,-1.62,-1.02,130.37,130.37,61.48,0.00,OK,10.8
meta-llama/Meta-Llama-3-70B,a100,Sparse,8192,32,0.1,-1.62,-1.02,130.37,130.37,61.48,0.00,OK,6.1
meta-llama/Meta-Llama-3-70B,a100,Dense,8192,4,1.0,-1.62,-1.02,198.79,223.33,35.86,0.00,OK,16.5
meta-llama/Meta-Llama-3-70B,a100,NaiveSparse,8192,4,1.0,-1.62,-1.02,198.79,223.33,35.86,0.00,OK,16.5
meta-llama/Meta-Llama-3-70B,a100,Dense,8192,16,1.0,-1.62,-1.02,130.37,130.37,61.48,0.00,OK,12.0
meta-llama/Meta-Llama-3-70B,a100,NaiveSparse,8192,16,1.0,-1.62,-1.02,130.37,130.37,61.48,0.00,OK,12.0
meta-llama/Meta-Llama-3-70B,a100,Dense,8192,8,1.0,-1.62,-1.02,130.37,130.37,61.48,0.00,OK,16.5
meta-llama/Meta-Llama-3-70B,a100,NaiveSparse,8192,8,1.0,-1.62,-1.02,130.37,130.37,61.48,0.00,OK,16.5
meta-llama/Meta-Llama-3-70B,a100,Dense,4096,32,1.0,-1.62,-1.02,123.55,123.55,64.89,0.00,OK,439.5
meta-llama/Meta-Llama-3-70B,a100,NaiveSparse,4096,32,1.0,-1.62,-1.02,123.55,123.55,64.89,0.00,OK,439.5
meta-llama/Meta-Llama-3-70B,a100,Sparse,8192,64,0.1,-1.62,-1.02,130.37,130.37,61.48,0.00,OK,6.9
meta-llama/Meta-Llama-3-70B,a100,Sparse,8192,128,0.1,-1.62,-1.02,130.37,130.37,61.48,0.00,OK,7.1
meta-llama/Meta-Llama-3-70B,a100,Dense,8192,32,1.0,-1.62,-1.02,130.37,130.37,61.48,0.00,OK,11.7
meta-llama/Meta-Llama-3-70B,a100,NaiveSparse,8192,32,1.0,-1.62,-1.02,130.37,130.37,61.48,0.00,OK,11.7
meta-llama/Meta-Llama-3-70B,a100,Dense,8192,64,1.0,-1.62,-1.02,130.37,130.37,61.48,0.00,OK,11.5
meta-llama/Meta-Llama-3-70B,a100,NaiveSparse,8192,64,1.0,-1.62,-1.02,130.37,130.37,61.48,0.00,OK,11.5
meta-llama/Meta-Llama-3-70B,a100,Dense,8192,128,1.0,-1.62,-1.02,130.37,130.37,61.48,0.00,OK,11.4
meta-llama/Meta-Llama-3-70B,a100,NaiveSparse,8192,128,1.0,-1.62,-1.02,130.37,130.37,61.48,0.00,OK,11.4
meta-llama/Meta-Llama-3-70B,a100,Sparse,16384,4,0.1,-1.62,-1.02,210.63,236.34,33.89,0.00,OK,15.8
meta-llama/Meta-Llama-3-70B,a100,Sparse,16384,16,0.1,-1.62,-1.02,143.28,143.28,55.93,0.00,OK,15.2
meta-llama/Meta-Llama-3-70B,a100,Sparse,16384,8,0.1,-1.62,-1.02,143.28,143.28,55.93,0.00,OK,17.9
meta-llama/Meta-Llama-3-70B,a100,Sparse,16384,32,0.1,-1.62,-1.02,143.28,143.28,55.93,0.00,OK,13.3
meta-llama/Meta-Llama-3-70B,a100,Sparse,16384,64,0.1,-1.62,-1.02,143.28,143.28,55.93,0.00,OK,6.7
meta-llama/Meta-Llama-3-70B,a100,Dense,16384,8,1.0,-1.62,-1.02,143.28,143.28,55.93,0.00,OK,25.3
meta-llama/Meta-Llama-3-70B,a100,NaiveSparse,16384,8,1.0,-1.62,-1.02,143.28,143.28,55.93,0.00,OK,25.3
meta-llama/Meta-Llama-3-70B,a100,Dense,16384,16,1.0,-1.62,-1.02,143.28,143.28,55.93,0.00,OK,24.9
meta-llama/Meta-Llama-3-70B,a100,NaiveSparse,16384,16,1.0,-1.62,-1.02,143.28,143.28,55.93,0.00,OK,24.9
meta-llama/Meta-Llama-3-70B,a100,Dense,16384,4,1.0,-1.62,-1.02,210.63,236.34,33.89,0.00,OK,29.2
meta-llama/Meta-Llama-3-70B,a100,NaiveSparse,16384,4,1.0,-1.62,-1.02,210.63,236.34,33.89,0.00,OK,29.2
meta-llama/Meta-Llama-3-70B,a100,Dense,16384,32,1.0,-1.62,-1.02,143.28,143.28,55.93,0.00,OK,22.0
meta-llama/Meta-Llama-3-70B,a100,NaiveSparse,16384,32,1.0,-1.62,-1.02,143.28,143.28,55.93,0.00,OK,22.0
meta-llama/Meta-Llama-3-70B,a100,Dense,16384,64,1.0,-1.62,-1.02,143.28,143.28,55.93,0.00,OK,16.0
meta-llama/Meta-Llama-3-70B,a100,NaiveSparse,16384,64,1.0,-1.62,-1.02,143.28,143.28,55.93,0.00,OK,16.0
meta-llama/Meta-Llama-3-70B,a100,Sparse,32768,4,0.1,-1.62,-1.02,210.63,236.34,33.89,0.00,OK,25.6
meta-llama/Meta-Llama-3-70B,a100,Sparse,32768,8,0.1,-1.62,-1.02,143.28,143.28,55.93,0.00,OK,27.7
meta-llama/Meta-Llama-3-70B,a100,Sparse,32768,32,0.1,-1.62,-1.02,143.28,143.28,55.93,0.00,OK,21.3
meta-llama/Meta-Llama-3-70B,a100,Sparse,32768,16,0.1,-1.62,-1.02,143.28,143.28,55.93,0.00,OK,24.2
meta-llama/Meta-Llama-3-70B,a100,Dense,32768,4,1.0,-1.62,-1.02,210.63,236.34,33.89,0.00,OK,39.5
meta-llama/Meta-Llama-3-70B,a100,NaiveSparse,32768,4,1.0,-1.62,-1.02,210.63,236.34,33.89,0.00,OK,39.5
meta-llama/Meta-Llama-3-70B,a100,Dense,32768,32,1.0,-1.62,-1.02,143.28,143.28,55.93,0.00,OK,30.7
meta-llama/Meta-Llama-3-70B,a100,NaiveSparse,32768,32,1.0,-1.62,-1.02,143.28,143.28,55.93,0.00,OK,30.7
meta-llama/Meta-Llama-3-70B,a100,Dense,32768,8,1.0,-1.62,-1.02,143.28,143.28,55.93,0.00,OK,38.4
meta-llama/Meta-Llama-3-70B,a100,NaiveSparse,32768,8,1.0,-1.62,-1.02,143.28,143.28,55.93,0.00,OK,38.4
meta-llama/Meta-Llama-3-70B,a100,Dense,32768,16,1.0,-1.62,-1.02,143.28,143.28,55.93,0.00,OK,37.1
meta-llama/Meta-Llama-3-70B,a100,NaiveSparse,32768,16,1.0,-1.62,-1.02,143.28,143.28,55.93,0.00,OK,37.1
meta-llama/Meta-Llama-3-70B,a100,Sparse,65536,8,0.1,-1.62,-1.02,143.28,143.28,55.93,0.00,OK,22.3
meta-llama/Meta-Llama-3-70B,a100,Sparse,65536,4,0.1,-1.62,-1.02,210.63,236.34,33.89,0.00,OK,31.7
meta-llama/Meta-Llama-3-70B,a100,Sparse,65536,16,0.1,-1.62,-1.02,143.28,143.28,55.93,0.00,OK,22.7
meta-llama/Meta-Llama-3-70B,a100,Sparse,131072,4,0.1,-1.62,-1.02,210.63,236.34,33.89,0.00,OK,43.1
meta-llama/Meta-Llama-3-70B,a100,Sparse,131072,8,0.1,-1.62,-1.02,143.28,143.28,55.93,0.00,OK,37.8
meta-llama/Meta-Llama-3-70B,a100,Dense,65536,4,1.0,-1.62,-1.02,220.02,245.73,32.59,37.56,OK,62.5
meta-llama/Meta-Llama-3-70B,a100,NaiveSparse,65536,4,1.0,-1.62,-1.02,220.02,245.73,32.59,37.56,OK,62.5
meta-llama/Meta-Llama-3-70B,a100,Dense,65536,8,1.0,-1.62,-1.02,240.98,240.98,33.23,390.82,OK,61.0
meta-llama/Meta-Llama-3-70B,a100,NaiveSparse,65536,8,1.0,-1.62,-1.02,240.98,240.98,33.23,390.82,OK,61.0
meta-llama/Meta-Llama-3-70B,a100,Dense,65536,16,1.0,-1.62,-1.02,240.98,240.98,33.23,390.82,OK,62.4
meta-llama/Meta-Llama-3-70B,a100,NaiveSparse,65536,16,1.0,-1.62,-1.02,240.98,240.98,33.23,390.82,OK,62.4
meta-llama/Meta-Llama-3-70B,a100,Sparse,262144,4,0.1,-1.62,-1.02,210.63,236.34,33.89,0.00,OK,224.3
meta-llama/Meta-Llama-3-70B,a100,Dense,131072,4,1.0,-1.62,-1.02,415.74,457.69,17.49,885.40,OK,466.4
meta-llama/Meta-Llama-3-70B,a100,NaiveSparse,131072,4,1.0,-1.62,-1.02,415.74,457.69,17.49,885.40,OK,466.4
meta-llama/Meta-Llama-3-70B,a100,Dense,131072,8,1.0,-1.62,-1.02,457.67,457.67,17.49,1257.56,OK,497.1
meta-llama/Meta-Llama-3-70B,a100,NaiveSparse,131072,8,1.0,-1.62,-1.02,457.67,457.67,17.49,1257.56,OK,497.1
meta-llama/Meta-Llama-3-70B,a40,Sparse,4096,16,0.1,-1.62,-1.02,123.54,123.54,64.89,0.00,OK,774.2
meta-llama/Meta-Llama-3-70B,a40,Sparse,4096,8,0.1,-1.62,-1.02,123.48,123.48,64.92,0.00,OK,969.7
meta-llama/Meta-Llama-3-70B,a40,Dense,4096,4,1.0,-1.62,-1.02,192.46,216.31,37.03,0.00,OK,976.7
meta-llama/Meta-Llama-3-70B,a40,NaiveSparse,4096,4,1.0,-1.62,-1.02,192.46,216.31,37.03,0.00,OK,976.7
meta-llama/Meta-Llama-3-70B,a40,Dense,4096,8,1.0,-1.62,-1.02,123.55,123.55,64.88,0.00,OK,966.3
meta-llama/Meta-Llama-3-70B,a40,NaiveSparse,4096,8,1.0,-1.62,-1.02,123.55,123.55,64.88,0.00,OK,966.3
meta-llama/Meta-Llama-3-70B,a40,Dense,4096,32,1.0,-1.62,-1.02,123.55,123.55,64.89,0.00,OK,16.0
meta-llama/Meta-Llama-3-70B,a40,NaiveSparse,4096,32,1.0,-1.62,-1.02,123.55,123.55,64.89,0.00,OK,16.0
meta-llama/Meta-Llama-3-70B,a40,Sparse,4096,64,0.1,-1.62,-1.02,123.54,123.54,64.89,0.00,OK,14.7
meta-llama/Meta-Llama-3-70B,a40,Sparse,4096,4,0.1,-1.62,-1.02,192.44,216.29,37.03,0.00,OK,988.6
meta-llama/Meta-Llama-3-70B,a40,Sparse,4096,128,0.1,-1.62,-1.02,123.54,123.54,64.89,0.00,OK,11.2
meta-llama/Meta-Llama-3-70B,a40,Dense,4096,64,1.0,-1.62,-1.02,123.54,123.54,64.89,0.00,OK,15.0
meta-llama/Meta-Llama-3-70B,a40,NaiveSparse,4096,64,1.0,-1.62,-1.02,123.54,123.54,64.89,0.00,OK,15.0
meta-llama/Meta-Llama-3-70B,a40,Dense,4096,128,1.0,-1.62,-1.02,123.54,123.54,64.89,0.00,OK,12.6
meta-llama/Meta-Llama-3-70B,a40,NaiveSparse,4096,128,1.0,-1.62,-1.02,123.54,123.54,64.89,0.00,OK,12.6
meta-llama/Meta-Llama-3-70B,a40,Sparse,4096,32,0.1,-1.62,-1.02,123.54,123.54,64.89,0.00,OK,536.4
meta-llama/Meta-Llama-3-70B,a40,Sparse,8192,4,0.1,-1.62,-1.02,198.78,223.32,35.86,0.00,OK,15.0
meta-llama/Meta-Llama-3-70B,a40,Sparse,8192,8,0.1,-1.62,-1.02,130.40,130.40,61.47,0.00,OK,11.0
meta-llama/Meta-Llama-3-70B,a40,Sparse,8192,16,0.1,-1.62,-1.02,130.40,130.40,61.47,0.00,OK,6.6
meta-llama/Meta-Llama-3-70B,a40,Dense,8192,4,1.0,-1.62,-1.02,198.78,223.32,35.86,0.00,OK,17.6
meta-llama/Meta-Llama-3-70B,a40,NaiveSparse,8192,4,1.0,-1.62,-1.02,198.78,223.32,35.86,0.00,OK,17.6
meta-llama/Meta-Llama-3-70B,a40,Sparse,8192,32,0.1,-1.62,-1.02,130.40,130.40,61.47,0.00,OK,6.0
meta-llama/Meta-Llama-3-70B,a40,Dense,8192,8,1.0,-1.62,-1.02,130.40,130.40,61.47,0.00,OK,16.0
meta-llama/Meta-Llama-3-70B,a40,NaiveSparse,8192,8,1.0,-1.62,-1.02,130.40,130.40,61.47,0.00,OK,16.0
meta-llama/Meta-Llama-3-70B,a40,Dense,8192,16,1.0,-1.62,-1.02,130.40,130.40,61.47,0.00,OK,11.2
meta-llama/Meta-Llama-3-70B,a40,NaiveSparse,8192,16,1.0,-1.62,-1.02,130.40,130.40,61.47,0.00,OK,11.2
meta-llama/Meta-Llama-3-70B,a40,Sparse,8192,64,0.1,-1.62,-1.02,130.40,130.40,61.47,0.00,OK,5.9
meta-llama/Meta-Llama-3-70B,a40,Dense,8192,32,1.0,-1.62,-1.02,130.40,130.40,61.47,0.00,OK,10.8
meta-llama/Meta-Llama-3-70B,a40,NaiveSparse,8192,32,1.0,-1.62,-1.02,130.40,130.40,61.47,0.00,OK,10.8
meta-llama/Meta-Llama-3-70B,a40,Sparse,8192,128,0.1,-1.62,-1.02,130.40,130.40,61.47,0.00,OK,6.0
meta-llama/Meta-Llama-3-70B,a40,Dense,8192,64,1.0,-1.62,-1.02,130.40,130.40,61.47,0.00,OK,10.7
meta-llama/Meta-Llama-3-70B,a40,NaiveSparse,8192,64,1.0,-1.62,-1.02,130.40,130.40,61.47,0.00,OK,10.7
meta-llama/Meta-Llama-3-70B,a40,Dense,8192,128,1.0,-1.62,-1.02,130.40,130.40,61.47,0.00,OK,11.0
meta-llama/Meta-Llama-3-70B,a40,NaiveSparse,8192,128,1.0,-1.62,-1.02,130.40,130.40,61.47,0.00,OK,11.0
meta-llama/Meta-Llama-3-70B,a40,Dense,4096,16,1.0,-1.62,-1.02,123.54,123.54,64.89,0.00,OK,602.1
meta-llama/Meta-Llama-3-70B,a40,NaiveSparse,4096,16,1.0,-1.62,-1.02,123.54,123.54,64.89,0.00,OK,602.1
meta-llama/Meta-Llama-3-70B,a40,Sparse,16384,4,0.1,-1.62,-1.02,210.61,236.31,33.89,0.00,OK,17.9
meta-llama/Meta-Llama-3-70B,a40,Sparse,16384,8,0.1,-1.62,-1.02,143.30,143.30,55.93,0.00,OK,13.5
meta-llama/Meta-Llama-3-70B,a40,Sparse,16384,16,0.1,-1.62,-1.02,143.30,143.30,55.93,0.00,OK,13.5
meta-llama/Meta-Llama-3-70B,a40,Sparse,16384,32,0.1,-1.62,-1.02,143.30,143.30,55.93,0.00,OK,7.5
meta-llama/Meta-Llama-3-70B,a40,Dense,16384,4,1.0,-1.62,-1.02,210.61,236.31,33.89,0.00,OK,24.3
meta-llama/Meta-Llama-3-70B,a40,NaiveSparse,16384,4,1.0,-1.62,-1.02,210.61,236.31,33.89,0.00,OK,24.3
meta-llama/Meta-Llama-3-70B,a100,Dense,262144,4,1.0,-1.62,-1.02,811.15,895.03,8.94,2634.79,OK,1038.5
meta-llama/Meta-Llama-3-70B,a100,NaiveSparse,262144,4,1.0,-1.62,-1.02,811.15,895.03,8.94,2634.79,OK,1038.5
meta-llama/Meta-Llama-3-70B,a40,Sparse,16384,64,0.1,-1.62,-1.02,143.30,143.30,55.93,0.00,OK,6.7
meta-llama/Meta-Llama-3-70B,a40,Dense,16384,16,1.0,-1.62,-1.02,143.30,143.30,55.93,0.00,OK,17.3
meta-llama/Meta-Llama-3-70B,a40,NaiveSparse,16384,16,1.0,-1.62,-1.02,143.30,143.30,55.93,0.00,OK,17.3
meta-llama/Meta-Llama-3-70B,a40,Dense,16384,8,1.0,-1.62,-1.02,143.30,143.30,55.93,0.00,OK,23.6
meta-llama/Meta-Llama-3-70B,a40,NaiveSparse,16384,8,1.0,-1.62,-1.02,143.30,143.30,55.93,0.00,OK,23.6
meta-llama/Meta-Llama-3-70B,a40,Dense,16384,32,1.0,-1.62,-1.02,143.30,143.30,55.93,0.00,OK,16.2
meta-llama/Meta-Llama-3-70B,a40,NaiveSparse,16384,32,1.0,-1.62,-1.02,143.30,143.30,55.93,0.00,OK,16.2
meta-llama/Meta-Llama-3-70B,a40,Dense,16384,64,1.0,-1.62,-1.02,143.30,143.30,55.93,0.00,OK,16.2
meta-llama/Meta-Llama-3-70B,a40,NaiveSparse,16384,64,1.0,-1.62,-1.02,143.30,143.30,55.93,0.00,OK,16.2
meta-llama/Meta-Llama-3-70B,a40,Sparse,32768,4,0.1,-1.62,-1.02,210.60,236.30,33.89,0.00,OK,24.0
meta-llama/Meta-Llama-3-70B,a40,Sparse,32768,8,0.1,-1.62,-1.02,143.30,143.30,55.93,0.00,OK,24.6
meta-llama/Meta-Llama-3-70B,a40,Sparse,32768,32,0.1,-1.62,-1.02,143.30,143.30,55.93,0.00,OK,21.7
meta-llama/Meta-Llama-3-70B,a40,Sparse,32768,16,0.1,-1.62,-1.02,143.30,143.30,55.93,0.00,OK,29.6
meta-llama/Meta-Llama-3-70B,a40,Dense,32768,16,1.0,-1.62,-1.02,143.30,143.30,55.93,0.00,OK,37.0
meta-llama/Meta-Llama-3-70B,a40,NaiveSparse,32768,16,1.0,-1.62,-1.02,143.30,143.30,55.93,0.00,OK,37.0
meta-llama/Meta-Llama-3-70B,a40,Dense,32768,8,1.0,-1.62,-1.02,143.30,143.30,55.93,0.00,OK,44.6
meta-llama/Meta-Llama-3-70B,a40,NaiveSparse,32768,8,1.0,-1.62,-1.02,143.30,143.30,55.93,0.00,OK,44.6
meta-llama/Meta-Llama-3-70B,a40,Dense,32768,4,1.0,-1.62,-1.02,210.60,236.30,33.89,0.00,OK,45.1
meta-llama/Meta-Llama-3-70B,a40,NaiveSparse,32768,4,1.0,-1.62,-1.02,210.60,236.30,33.89,0.00,OK,45.1
meta-llama/Meta-Llama-3-70B,a40,Dense,32768,32,1.0,-1.62,-1.02,143.30,143.30,55.93,0.00,OK,38.0
meta-llama/Meta-Llama-3-70B,a40,NaiveSparse,32768,32,1.0,-1.62,-1.02,143.30,143.30,55.93,0.00,OK,38.0
meta-llama/Meta-Llama-3-70B,a40,Sparse,65536,16,0.1,-1.62,-1.02,143.30,143.30,55.93,0.00,OK,12.2
meta-llama/Meta-Llama-3-70B,a40,Sparse,65536,8,0.1,-1.62,-1.02,143.30,143.30,55.93,0.00,OK,22.9
meta-llama/Meta-Llama-3-70B,a40,Sparse,65536,4,0.1,-1.62,-1.02,210.60,236.30,33.89,0.00,OK,36.3
meta-llama/Meta-Llama-3-70B,a40,Dense,65536,4,1.0,-1.62,-1.02,220.02,245.72,32.59,37.67,OK,58.9
meta-llama/Meta-Llama-3-70B,a40,NaiveSparse,65536,4,1.0,-1.62,-1.02,220.02,245.72,32.59,37.67,OK,58.9
meta-llama/Meta-Llama-3-70B,a40,Dense,65536,8,1.0,-1.62,-1.02,240.98,240.98,33.23,390.74,OK,58.9
meta-llama/Meta-Llama-3-70B,a40,NaiveSparse,65536,8,1.0,-1.62,-1.02,240.98,240.98,33.23,390.74,OK,58.9
meta-llama/Meta-Llama-3-70B,a40,Sparse,131072,8,0.1,-1.62,-1.02,143.30,143.30,55.93,0.00,OK,39.4
meta-llama/Meta-Llama-3-70B,a40,Dense,65536,16,1.0,-1.62,-1.02,240.98,240.98,33.23,390.74,OK,48.7
meta-llama/Meta-Llama-3-70B,a40,NaiveSparse,65536,16,1.0,-1.62,-1.02,240.98,240.98,33.23,390.74,OK,48.7
meta-llama/Meta-Llama-3-70B,a40,Sparse,131072,4,0.1,-1.62,-1.02,210.60,236.30,33.89,0.00,OK,49.6
meta-llama/Meta-Llama-3-70B,a40,Sparse,262144,4,0.1,-1.62,-1.02,210.60,236.30,33.89,0.00,OK,202.5
meta-llama/Meta-Llama-3-70B,a40,Dense,131072,8,1.0,-1.62,-1.02,457.67,457.67,17.49,1257.47,OK,480.2
meta-llama/Meta-Llama-3-70B,a40,NaiveSparse,131072,8,1.0,-1.62,-1.02,457.67,457.67,17.49,1257.47,OK,480.2
meta-llama/Meta-Llama-3-70B,a40,Dense,131072,4,1.0,-1.62,-1.02,415.74,457.68,17.49,885.52,OK,491.5
meta-llama/Meta-Llama-3-70B,a40,NaiveSparse,131072,4,1.0,-1.62,-1.02,415.74,457.68,17.49,885.52,OK,491.5
meta-llama/Meta-Llama-3-70B,h100,Sparse,4096,8,0.1,-1.62,-1.02,124.19,124.19,64.55,0.00,OK,973.3
meta-llama/Meta-Llama-3-70B,h100,Dense,4096,4,1.0,-1.62,-1.02,192.57,216.44,37.00,0.00,OK,979.4
meta-llama/Meta-Llama-3-70B,h100,NaiveSparse,4096,4,1.0,-1.62,-1.02,192.57,216.44,37.00,0.00,OK,979.4
meta-llama/Meta-Llama-3-70B,h100,Sparse,4096,16,0.1,-1.62,-1.02,124.20,124.20,64.54,0.00,OK,818.0
meta-llama/Meta-Llama-3-70B,h100,Sparse,4096,32,0.1,-1.62,-1.02,124.20,124.20,64.54,0.00,OK,535.8
meta-llama/Meta-Llama-3-70B,h100,Dense,4096,8,1.0,-1.62,-1.02,123.55,123.55,64.89,0.00,OK,983.8
meta-llama/Meta-Llama-3-70B,h100,NaiveSparse,4096,8,1.0,-1.62,-1.02,123.55,123.55,64.89,0.00,OK,983.8
meta-llama/Meta-Llama-3-70B,h100,Dense,4096,32,1.0,-1.62,-1.02,124.20,124.20,64.54,0.00,OK,12.1
meta-llama/Meta-Llama-3-70B,h100,NaiveSparse,4096,32,1.0,-1.62,-1.02,124.20,124.20,64.54,0.00,OK,12.1
meta-llama/Meta-Llama-3-70B,h100,Sparse,4096,64,0.1,-1.62,-1.02,124.20,124.20,64.54,0.00,OK,8.3
meta-llama/Meta-Llama-3-70B,h100,Sparse,4096,4,0.1,-1.62,-1.02,192.59,216.46,37.00,0.00,OK,989.8
meta-llama/Meta-Llama-3-70B,h100,Dense,4096,16,1.0,-1.62,-1.02,124.20,124.20,64.55,0.00,OK,550.9
meta-llama/Meta-Llama-3-70B,h100,NaiveSparse,4096,16,1.0,-1.62,-1.02,124.20,124.20,64.55,0.00,OK,550.9
meta-llama/Meta-Llama-3-70B,h100,Sparse,4096,128,0.1,-1.62,-1.02,124.20,124.20,64.54,0.00,OK,7.0
meta-llama/Meta-Llama-3-70B,h100,Dense,4096,64,1.0,-1.62,-1.02,124.20,124.20,64.54,0.00,OK,9.5
meta-llama/Meta-Llama-3-70B,h100,NaiveSparse,4096,64,1.0,-1.62,-1.02,124.20,124.20,64.54,0.00,OK,9.5
meta-llama/Meta-Llama-3-70B,h100,Dense,4096,128,1.0,-1.62,-1.02,124.20,124.20,64.54,0.00,OK,9.2
meta-llama/Meta-Llama-3-70B,h100,NaiveSparse,4096,128,1.0,-1.62,-1.02,124.20,124.20,64.54,0.00,OK,9.2
meta-llama/Meta-Llama-3-70B,h100,Sparse,8192,4,0.1,-1.62,-1.02,199.84,224.51,35.67,0.00,OK,12.3
meta-llama/Meta-Llama-3-70B,h100,Sparse,8192,8,0.1,-1.62,-1.02,131.02,131.02,61.18,0.00,OK,10.8
meta-llama/Meta-Llama-3-70B,h100,Sparse,8192,32,0.1,-1.62,-1.02,131.02,131.02,61.18,0.00,OK,6.3
meta-llama/Meta-Llama-3-70B,h100,Sparse,8192,16,0.1,-1.62,-1.02,131.02,131.02,61.18,0.00,OK,9.3
meta-llama/Meta-Llama-3-70B,h100,Dense,8192,4,1.0,-1.62,-1.02,199.84,224.51,35.67,0.00,OK,16.1
meta-llama/Meta-Llama-3-70B,h100,NaiveSparse,8192,4,1.0,-1.62,-1.02,199.84,224.51,35.67,0.00,OK,16.1
meta-llama/Meta-Llama-3-70B,h100,Sparse,8192,64,0.1,-1.62,-1.02,131.02,131.02,61.18,0.00,OK,6.0
meta-llama/Meta-Llama-3-70B,h100,Dense,8192,16,1.0,-1.62,-1.02,131.02,131.02,61.18,0.00,OK,10.6
meta-llama/Meta-Llama-3-70B,h100,NaiveSparse,8192,16,1.0,-1.62,-1.02,131.02,131.02,61.18,0.00,OK,10.6
meta-llama/Meta-Llama-3-70B,h100,Dense,8192,8,1.0,-1.62,-1.02,131.02,131.02,61.18,0.00,OK,14.1
meta-llama/Meta-Llama-3-70B,h100,NaiveSparse,8192,8,1.0,-1.62,-1.02,131.02,131.02,61.18,0.00,OK,14.1
meta-llama/Meta-Llama-3-70B,h100,Sparse,8192,128,0.1,-1.62,-1.02,131.02,131.02,61.18,0.00,OK,5.9
meta-llama/Meta-Llama-3-70B,h100,Dense,8192,32,1.0,-1.62,-1.02,131.02,131.02,61.18,0.00,OK,10.6
meta-llama/Meta-Llama-3-70B,h100,NaiveSparse,8192,32,1.0,-1.62,-1.02,131.02,131.02,61.18,0.00,OK,10.6
meta-llama/Meta-Llama-3-70B,h100,Dense,8192,64,1.0,-1.62,-1.02,131.02,131.02,61.18,0.00,OK,10.5
meta-llama/Meta-Llama-3-70B,h100,NaiveSparse,8192,64,1.0,-1.62,-1.02,131.02,131.02,61.18,0.00,OK,10.5
meta-llama/Meta-Llama-3-70B,h100,Dense,8192,128,1.0,-1.62,-1.02,131.02,131.02,61.18,0.00,OK,10.6
meta-llama/Meta-Llama-3-70B,h100,NaiveSparse,8192,128,1.0,-1.62,-1.02,131.02,131.02,61.18,0.00,OK,10.6
meta-llama/Meta-Llama-3-70B,a40,Dense,262144,4,1.0,-1.62,-1.02,811.15,895.03,8.94,2634.92,OK,1029.0
meta-llama/Meta-Llama-3-70B,a40,NaiveSparse,262144,4,1.0,-1.62,-1.02,811.15,895.03,8.94,2634.92,OK,1029.0
meta-llama/Meta-Llama-3-70B,h100,Sparse,16384,4,0.1,-1.62,-1.02,211.64,237.48,33.72,0.00,OK,17.2
meta-llama/Meta-Llama-3-70B,h100,Sparse,16384,8,0.1,-1.62,-1.02,143.98,143.98,55.66,0.00,OK,17.5
meta-llama/Meta-Llama-3-70B,h100,Sparse,16384,16,0.1,-1.62,-1.02,143.98,143.98,55.66,0.00,OK,15.1
meta-llama/Meta-Llama-3-70B,h100,Sparse,16384,32,0.1,-1.62,-1.02,143.98,143.98,55.66,0.00,OK,10.7
meta-llama/Meta-Llama-3-70B,h100,Sparse,16384,64,0.1,-1.62,-1.02,143.98,143.98,55.66,0.00,OK,6.7
meta-llama/Meta-Llama-3-70B,h100,Dense,16384,4,1.0,-1.62,-1.02,211.64,237.48,33.72,0.00,OK,23.9
meta-llama/Meta-Llama-3-70B,h100,NaiveSparse,16384,4,1.0,-1.62,-1.02,211.64,237.48,33.72,0.00,OK,23.9
meta-llama/Meta-Llama-3-70B,h100,Dense,16384,8,1.0,-1.62,-1.02,143.98,143.98,55.66,0.00,OK,23.3
meta-llama/Meta-Llama-3-70B,h100,NaiveSparse,16384,8,1.0,-1.62,-1.02,143.98,143.98,55.66,0.00,OK,23.3
meta-llama/Meta-Llama-3-70B,h100,Dense,16384,16,1.0,-1.62,-1.02,143.98,143.98,55.66,0.00,OK,22.9
meta-llama/Meta-Llama-3-70B,h100,NaiveSparse,16384,16,1.0,-1.62,-1.02,143.98,143.98,55.66,0.00,OK,22.9
meta-llama/Meta-Llama-3-70B,h100,Dense,16384,32,1.0,-1.62,-1.02,143.98,143.98,55.66,0.00,OK,15.8
meta-llama/Meta-Llama-3-70B,h100,NaiveSparse,16384,32,1.0,-1.62,-1.02,143.98,143.98,55.66,0.00,OK,15.8
meta-llama/Meta-Llama-3-70B,h100,Dense,16384,64,1.0,-1.62,-1.02,143.98,143.98,55.66,0.00,OK,16.1
meta-llama/Meta-Llama-3-70B,h100,NaiveSparse,16384,64,1.0,-1.62,-1.02,143.98,143.98,55.66,0.00,OK,16.1
meta-llama/Meta-Llama-3-70B,h100,Sparse,32768,8,0.1,-1.62,-1.02,143.98,143.98,55.66,0.00,OK,20.8
meta-llama/Meta-Llama-3-70B,h100,Sparse,32768,16,0.1,-1.62,-1.02,143.98,143.98,55.66,0.00,OK,20.8
meta-llama/Meta-Llama-3-70B,h100,Sparse,32768,32,0.1,-1.62,-1.02,143.98,143.98,55.66,0.00,OK,19.5
meta-llama/Meta-Llama-3-70B,h100,Sparse,32768,4,0.1,-1.62,-1.02,211.64,237.48,33.72,0.00,OK,34.5
meta-llama/Meta-Llama-3-70B,h100,Dense,32768,4,1.0,-1.62,-1.02,211.64,237.48,33.72,0.00,OK,39.3
meta-llama/Meta-Llama-3-70B,h100,NaiveSparse,32768,4,1.0,-1.62,-1.02,211.64,237.48,33.72,0.00,OK,39.3
meta-llama/Meta-Llama-3-70B,h100,Dense,32768,16,1.0,-1.62,-1.02,143.98,143.98,55.66,0.00,OK,37.3
meta-llama/Meta-Llama-3-70B,h100,NaiveSparse,32768,16,1.0,-1.62,-1.02,143.98,143.98,55.66,0.00,OK,37.3
meta-llama/Meta-Llama-3-70B,h100,Dense,32768,8,1.0,-1.62,-1.02,143.98,143.98,55.66,0.00,OK,46.3
meta-llama/Meta-Llama-3-70B,h100,NaiveSparse,32768,8,1.0,-1.62,-1.02,143.98,143.98,55.66,0.00,OK,46.3
meta-llama/Meta-Llama-3-70B,h100,Dense,32768,32,1.0,-1.62,-1.02,143.98,143.98,55.66,0.00,OK,37.6
meta-llama/Meta-Llama-3-70B,h100,NaiveSparse,32768,32,1.0,-1.62,-1.02,143.98,143.98,55.66,0.00,OK,37.6
meta-llama/Meta-Llama-3-70B,h100,Sparse,65536,8,0.1,-1.62,-1.02,143.98,143.98,55.66,0.00,OK,24.4
meta-llama/Meta-Llama-3-70B,h100,Sparse,65536,4,0.1,-1.62,-1.02,211.64,237.48,33.72,0.00,OK,35.0
meta-llama/Meta-Llama-3-70B,h100,Sparse,65536,16,0.1,-1.62,-1.02,143.98,143.98,55.66,0.00,OK,22.7
meta-llama/Meta-Llama-3-70B,h100,Dense,65536,4,1.0,-1.62,-1.02,220.15,245.98,32.56,34.03,OK,64.7
meta-llama/Meta-Llama-3-70B,h100,NaiveSparse,65536,4,1.0,-1.62,-1.02,220.15,245.98,32.56,34.03,OK,64.7
meta-llama/Meta-Llama-3-70B,h100,Dense,65536,8,1.0,-1.62,-1.02,241.11,241.11,33.21,388.54,OK,58.9
meta-llama/Meta-Llama-3-70B,h100,NaiveSparse,65536,8,1.0,-1.62,-1.02,241.11,241.11,33.21,388.54,OK,58.9
meta-llama/Meta-Llama-3-70B,h100,Sparse,131072,8,0.1,-1.62,-1.02,143.98,143.98,55.66,0.00,OK,42.1
meta-llama/Meta-Llama-3-70B,h100,Dense,65536,16,1.0,-1.62,-1.02,241.11,241.11,33.21,388.54,OK,51.0
meta-llama/Meta-Llama-3-70B,h100,NaiveSparse,65536,16,1.0,-1.62,-1.02,241.11,241.11,33.21,388.54,OK,51.0
meta-llama/Meta-Llama-3-70B,h100,Sparse,131072,4,0.1,-1.62,-1.02,211.64,237.48,33.72,0.00,OK,47.5
meta-llama/Meta-Llama-3-8B,a100,Sparse,4096,4,0.1,-1.62,-1.02,24.48,27.43,294.43,0.00,OK,5.3
meta-llama/Meta-Llama-3-8B,a100,Sparse,4096,8,0.1,-1.62,-1.02,16.59,16.59,489.68,0.00,OK,3.7
meta-llama/Meta-Llama-3-8B,a100,Sparse,4096,16,0.1,-1.62,-1.02,16.59,16.59,489.68,0.00,OK,3.8
meta-llama/Meta-Llama-3-8B,a100,Dense,4096,4,1.0,-1.62,-1.02,24.48,27.43,294.43,0.00,OK,5.9
meta-llama/Meta-Llama-3-8B,a100,NaiveSparse,4096,4,1.0,-1.62,-1.02,24.48,27.43,294.43,0.00,OK,5.9
meta-llama/Meta-Llama-3-8B,a100,Dense,4096,8,1.0,-1.62,-1.02,16.59,16.59,489.68,0.00,OK,6.2
meta-llama/Meta-Llama-3-8B,a100,NaiveSparse,4096,8,1.0,-1.62,-1.02,16.59,16.59,489.68,0.00,OK,6.2
meta-llama/Meta-Llama-3-8B,a100,Sparse,4096,32,0.1,-1.62,-1.02,16.59,16.59,489.68,0.00,OK,3.8
meta-llama/Meta-Llama-3-8B,a100,Dense,4096,16,1.0,-1.62,-1.02,16.59,16.59,489.68,0.00,OK,6.0
meta-llama/Meta-Llama-3-8B,a100,NaiveSparse,4096,16,1.0,-1.62,-1.02,16.59,16.59,489.68,0.00,OK,6.0
meta-llama/Meta-Llama-3-8B,a100,Sparse,4096,64,0.1,-1.62,-1.02,16.59,16.59,489.68,0.00,OK,3.7
meta-llama/Meta-Llama-3-8B,a100,Dense,4096,32,1.0,-1.62,-1.02,16.59,16.59,489.68,0.00,OK,6.0
meta-llama/Meta-Llama-3-8B,a100,NaiveSparse,4096,32,1.0,-1.62,-1.02,16.59,16.59,489.68,0.00,OK,6.0
meta-llama/Meta-Llama-3-8B,a100,Sparse,4096,128,0.1,-1.62,-1.02,16.59,16.59,489.68,0.00,OK,3.8
meta-llama/Meta-Llama-3-8B,a100,Dense,4096,64,1.0,-1.62,-1.02,16.59,16.59,489.68,0.00,OK,6.1
meta-llama/Meta-Llama-3-8B,a100,NaiveSparse,4096,64,1.0,-1.62,-1.02,16.59,16.59,489.68,0.00,OK,6.1
meta-llama/Meta-Llama-3-8B,a100,Dense,4096,128,1.0,-1.62,-1.02,16.59,16.59,489.68,0.00,OK,6.2
meta-llama/Meta-Llama-3-8B,a100,NaiveSparse,4096,128,1.0,-1.62,-1.02,16.59,16.59,489.68,0.00,OK,6.2
meta-llama/Meta-Llama-3-8B,a100,Sparse,8192,4,0.1,-1.62,-1.02,26.97,30.20,267.16,0.00,OK,6.8
meta-llama/Meta-Llama-3-8B,a100,Sparse,8192,8,0.1,-1.62,-1.02,19.31,19.31,419.81,0.00,OK,4.3
meta-llama/Meta-Llama-3-8B,a100,Sparse,8192,16,0.1,-1.62,-1.02,19.31,19.31,419.81,0.00,OK,4.1
meta-llama/Meta-Llama-3-8B,a100,Dense,8192,4,1.0,-1.62,-1.02,26.97,30.20,267.16,0.00,OK,8.8
meta-llama/Meta-Llama-3-8B,a100,NaiveSparse,8192,4,1.0,-1.62,-1.02,26.97,30.20,267.16,0.00,OK,8.8
meta-llama/Meta-Llama-3-8B,a100,Dense,8192,8,1.0,-1.62,-1.02,19.31,19.31,419.81,0.00,OK,8.8
meta-llama/Meta-Llama-3-8B,a100,NaiveSparse,8192,8,1.0,-1.62,-1.02,19.31,19.31,419.81,0.00,OK,8.8
meta-llama/Meta-Llama-3-8B,a100,Sparse,8192,32,0.1,-1.62,-1.02,19.31,19.31,419.81,0.00,OK,4.1
meta-llama/Meta-Llama-3-8B,a100,Dense,8192,16,1.0,-1.62,-1.02,19.31,19.31,419.81,0.00,OK,8.7
meta-llama/Meta-Llama-3-8B,a100,NaiveSparse,8192,16,1.0,-1.62,-1.02,19.31,19.31,419.81,0.00,OK,8.7
meta-llama/Meta-Llama-3-8B,a100,Sparse,8192,64,0.1,-1.62,-1.02,19.31,19.31,419.81,0.00,OK,4.1
meta-llama/Meta-Llama-3-8B,a100,Dense,8192,32,1.0,-1.62,-1.02,19.31,19.31,419.81,0.00,OK,8.6
meta-llama/Meta-Llama-3-8B,a100,NaiveSparse,8192,32,1.0,-1.62,-1.02,19.31,19.31,419.81,0.00,OK,8.6
meta-llama/Meta-Llama-3-8B,a100,Sparse,8192,128,0.1,-1.62,-1.02,19.31,19.31,419.81,0.00,OK,4.1
meta-llama/Meta-Llama-3-70B,h100,Sparse,262144,4,0.1,-1.62,-1.02,211.64,237.48,33.72,0.00,OK,69.2
meta-llama/Meta-Llama-3-8B,a100,Dense,8192,64,1.0,-1.62,-1.02,19.31,19.31,419.81,0.00,OK,8.7
meta-llama/Meta-Llama-3-8B,a100,NaiveSparse,8192,64,1.0,-1.62,-1.02,19.31,19.31,419.81,0.00,OK,8.7
meta-llama/Meta-Llama-3-8B,a100,Dense,8192,128,1.0,-1.62,-1.02,19.31,19.31,419.81,0.00,OK,8.8
meta-llama/Meta-Llama-3-8B,a100,NaiveSparse,8192,128,1.0,-1.62,-1.02,19.31,19.31,419.81,0.00,OK,8.8
meta-llama/Meta-Llama-3-8B,a100,Sparse,16384,4,0.1,-1.62,-1.02,31.58,35.27,228.45,0.00,OK,9.6
meta-llama/Meta-Llama-3-8B,a100,Sparse,16384,8,0.1,-1.62,-1.02,24.40,24.40,331.38,0.00,OK,8.1
meta-llama/Meta-Llama-3-8B,a100,Sparse,16384,16,0.1,-1.62,-1.02,24.40,24.40,331.38,0.00,OK,5.3
meta-llama/Meta-Llama-3-8B,a100,Sparse,16384,32,0.1,-1.62,-1.02,24.40,24.40,331.38,0.00,OK,5.0
meta-llama/Meta-Llama-3-8B,a100,Dense,16384,8,1.0,-1.62,-1.02,25.20,25.20,320.76,3.20,OK,14.9
meta-llama/Meta-Llama-3-8B,a100,NaiveSparse,16384,8,1.0,-1.62,-1.02,25.20,25.20,320.76,3.20,OK,14.9
meta-llama/Meta-Llama-3-8B,a100,Dense,16384,4,1.0,-1.62,-1.02,31.58,35.27,228.45,0.00,OK,19.9
meta-llama/Meta-Llama-3-8B,a100,NaiveSparse,16384,4,1.0,-1.62,-1.02,31.58,35.27,228.45,0.00,OK,19.9
meta-llama/Meta-Llama-3-8B,a100,Sparse,16384,64,0.1,-1.62,-1.02,24.40,24.40,331.38,0.00,OK,4.8
meta-llama/Meta-Llama-3-8B,a100,Dense,16384,16,1.0,-1.62,-1.02,25.20,25.20,320.76,3.20,OK,13.8
meta-llama/Meta-Llama-3-8B,a100,NaiveSparse,16384,16,1.0,-1.62,-1.02,25.20,25.20,320.76,3.20,OK,13.8
meta-llama/Meta-Llama-3-8B,a100,Sparse,16384,128,0.1,-1.62,-1.02,24.40,24.40,331.38,0.00,OK,4.9
meta-llama/Meta-Llama-3-8B,a100,Dense,16384,32,1.0,-1.62,-1.02,25.20,25.20,320.76,3.20,OK,14.0
meta-llama/Meta-Llama-3-8B,a100,NaiveSparse,16384,32,1.0,-1.62,-1.02,25.20,25.20,320.76,3.20,OK,14.0
meta-llama/Meta-Llama-3-70B,h100,Dense,131072,4,1.0,-1.62,-1.02,415.87,457.81,17.48,881.35,OK,107.7
meta-llama/Meta-Llama-3-70B,h100,NaiveSparse,131072,4,1.0,-1.62,-1.02,415.87,457.81,17.48,881.35,OK,107.7
meta-llama/Meta-Llama-3-8B,a100,Dense,16384,64,1.0,-1.62,-1.02,25.20,25.20,320.76,3.20,OK,13.9
meta-llama/Meta-Llama-3-8B,a100,NaiveSparse,16384,64,1.0,-1.62,-1.02,25.20,25.20,320.76,3.20,OK,13.9
meta-llama/Meta-Llama-3-8B,a100,Dense,16384,128,1.0,-1.62,-1.02,25.20,25.20,320.76,3.20,OK,14.0
meta-llama/Meta-Llama-3-8B,a100,NaiveSparse,16384,128,1.0,-1.62,-1.02,25.20,25.20,320.76,3.20,OK,14.0
meta-llama/Meta-Llama-3-8B,a100,Sparse,32768,8,0.1,-1.62,-1.02,24.40,24.40,331.38,0.00,OK,12.3
meta-llama/Meta-Llama-3-70B,h100,Dense,131072,8,1.0,-1.62,-1.02,457.80,457.80,17.48,1255.28,OK,107.4
meta-llama/Meta-Llama-3-70B,h100,NaiveSparse,131072,8,1.0,-1.62,-1.02,457.80,457.80,17.48,1255.28,OK,107.4
meta-llama/Meta-Llama-3-8B,a100,Sparse,32768,4,0.1,-1.62,-1.02,31.58,35.27,228.45,0.00,OK,18.6
meta-llama/Meta-Llama-3-8B,a100,Sparse,32768,16,0.1,-1.62,-1.02,24.40,24.40,331.38,0.00,OK,9.7
meta-llama/Meta-Llama-3-8B,a100,Sparse,32768,32,0.1,-1.62,-1.02,24.40,24.40,331.38,0.00,OK,6.7
meta-llama/Meta-Llama-3-8B,a100,Sparse,32768,64,0.1,-1.62,-1.02,24.40,24.40,331.38,0.00,OK,6.5
meta-llama/Meta-Llama-3-8B,a100,Dense,32768,4,1.0,-1.62,-1.02,42.43,46.63,172.51,45.42,OK,32.0
meta-llama/Meta-Llama-3-8B,a100,NaiveSparse,32768,4,1.0,-1.62,-1.02,42.43,46.63,172.51,45.42,OK,32.0
meta-llama/Meta-Llama-3-8B,a100,Dense,32768,8,1.0,-1.62,-1.02,46.62,46.62,172.55,88.89,OK,29.2
meta-llama/Meta-Llama-3-8B,a100,NaiveSparse,32768,8,1.0,-1.62,-1.02,46.62,46.62,172.55,88.89,OK,29.2
meta-llama/Meta-Llama-3-8B,a100,Dense,32768,16,1.0,-1.62,-1.02,46.62,46.62,172.55,88.89,OK,26.3
meta-llama/Meta-Llama-3-8B,a100,NaiveSparse,32768,16,1.0,-1.62,-1.02,46.62,46.62,172.55,88.89,OK,26.3
meta-llama/Meta-Llama-3-8B,a100,Dense,32768,32,1.0,-1.62,-1.02,46.62,46.62,172.55,88.89,OK,24.9
meta-llama/Meta-Llama-3-8B,a100,NaiveSparse,32768,32,1.0,-1.62,-1.02,46.62,46.62,172.55,88.89,OK,24.9
meta-llama/Meta-Llama-3-8B,a100,Dense,32768,64,1.0,-1.62,-1.02,46.62,46.62,172.55,88.89,OK,24.8
meta-llama/Meta-Llama-3-8B,a100,NaiveSparse,32768,64,1.0,-1.62,-1.02,46.62,46.62,172.55,88.89,OK,24.8
meta-llama/Meta-Llama-3-8B,a100,Sparse,65536,4,0.1,-1.62,-1.02,31.58,35.27,228.45,0.00,OK,22.4
meta-llama/Meta-Llama-3-8B,a100,Sparse,65536,8,0.1,-1.62,-1.02,24.40,24.40,331.38,0.00,OK,10.9
meta-llama/Meta-Llama-3-8B,a100,Sparse,65536,16,0.1,-1.62,-1.02,24.40,24.40,331.38,0.00,OK,9.0
meta-llama/Meta-Llama-3-8B,a100,Sparse,65536,32,0.1,-1.62,-1.02,24.40,24.40,331.38,0.00,OK,9.1
meta-llama/Meta-Llama-3-8B,a100,Dense,65536,4,1.0,-1.62,-1.02,81.57,89.96,89.18,218.74,OK,50.3
meta-llama/Meta-Llama-3-8B,a100,NaiveSparse,65536,4,1.0,-1.62,-1.02,81.57,89.96,89.18,218.74,OK,50.3
meta-llama/Meta-Llama-3-8B,a100,Sparse,131072,4,0.1,-1.62,-1.02,31.58,35.27,228.45,0.00,OK,32.4
meta-llama/Meta-Llama-3-8B,a100,Sparse,131072,8,0.1,-1.62,-1.02,24.40,24.40,331.38,0.00,OK,26.7
meta-llama/Meta-Llama-3-8B,a100,Dense,65536,8,1.0,-1.62,-1.02,89.95,89.95,89.19,262.21,OK,44.6
meta-llama/Meta-Llama-3-8B,a100,NaiveSparse,65536,8,1.0,-1.62,-1.02,89.95,89.95,89.19,262.21,OK,44.6
meta-llama/Meta-Llama-3-8B,a100,Dense,65536,16,1.0,-1.62,-1.02,89.95,89.95,89.19,262.21,OK,44.6
meta-llama/Meta-Llama-3-8B,a100,NaiveSparse,65536,16,1.0,-1.62,-1.02,89.95,89.95,89.19,262.21,OK,44.6
meta-llama/Meta-Llama-3-8B,a100,Dense,65536,32,1.0,-1.62,-1.02,89.95,89.95,89.19,262.21,OK,44.7
meta-llama/Meta-Llama-3-8B,a100,NaiveSparse,65536,32,1.0,-1.62,-1.02,89.95,89.95,89.19,262.21,OK,44.7
meta-llama/Meta-Llama-3-8B,a100,Sparse,131072,16,0.1,-1.62,-1.02,24.40,24.40,331.38,0.00,OK,13.6
meta-llama/Meta-Llama-3-70B,h100,Dense,262144,4,1.0,-1.62,-1.02,811.15,895.03,8.94,2630.23,OK,172.6
meta-llama/Meta-Llama-3-70B,h100,NaiveSparse,262144,4,1.0,-1.62,-1.02,811.15,895.03,8.94,2630.23,OK,172.6
meta-llama/Meta-Llama-3-8B,a100,Sparse,262144,8,0.1,-1.62,-1.02,37.93,37.93,212.35,54.13,OK,49.2
meta-llama/Meta-Llama-3-8B,a100,Sparse,262144,4,0.1,-1.62,-1.02,34.58,38.27,210.43,11.99,OK,57.5
meta-llama/Meta-Llama-3-8B,a100,Dense,131072,4,1.0,-1.62,-1.02,162.43,179.21,44.70,575.73,OK,105.4
meta-llama/Meta-Llama-3-8B,a100,NaiveSparse,131072,4,1.0,-1.62,-1.02,162.43,179.21,44.70,575.73,OK,105.4
meta-llama/Meta-Llama-3-8B,a100,Dense,131072,8,1.0,-1.62,-1.02,179.20,179.20,44.71,619.20,OK,114.0
meta-llama/Meta-Llama-3-8B,a100,NaiveSparse,131072,8,1.0,-1.62,-1.02,179.20,179.20,44.71,619.20,OK,114.0
meta-llama/Meta-Llama-3-8B,a100,Dense,131072,16,1.0,-1.62,-1.02,179.20,179.20,44.71,619.20,OK,115.1
meta-llama/Meta-Llama-3-8B,a100,NaiveSparse,131072,16,1.0,-1.62,-1.02,179.20,179.20,44.71,619.20,OK,115.1
meta-llama/Meta-Llama-3-8B,a100,Sparse,524288,4,0.1,-1.62,-1.02,65.90,72.62,110.56,149.36,OK,381.0
meta-llama/Meta-Llama-3-8B,a40,Sparse,4096,4,0.1,-1.62,-1.02,24.12,27.02,298.91,0.00,OK,586.2
meta-llama/Meta-Llama-3-8B,a40,Sparse,4096,8,0.1,-1.62,-1.02,16.39,16.39,495.95,0.00,OK,539.3
meta-llama/Meta-Llama-3-8B,a40,Dense,4096,4,1.0,-1.62,-1.02,24.13,27.03,298.83,0.00,OK,580.3
meta-llama/Meta-Llama-3-8B,a40,NaiveSparse,4096,4,1.0,-1.62,-1.02,24.13,27.03,298.83,0.00,OK,580.3
meta-llama/Meta-Llama-3-8B,a40,Sparse,4096,16,0.1,-1.62,-1.02,16.39,16.39,495.94,0.00,OK,240.3
meta-llama/Meta-Llama-3-8B,a40,Sparse,4096,32,0.1,-1.62,-1.02,16.39,16.39,495.94,0.00,OK,5.5
meta-llama/Meta-Llama-3-8B,a40,Dense,4096,16,1.0,-1.62,-1.02,16.38,16.38,496.05,0.00,OK,9.1
meta-llama/Meta-Llama-3-8B,a40,NaiveSparse,4096,16,1.0,-1.62,-1.02,16.38,16.38,496.05,0.00,OK,9.1
meta-llama/Meta-Llama-3-8B,a40,Dense,4096,8,1.0,-1.62,-1.02,16.38,16.38,496.03,0.00,OK,540.2
meta-llama/Meta-Llama-3-8B,a40,NaiveSparse,4096,8,1.0,-1.62,-1.02,16.38,16.38,496.03,0.00,OK,540.2
meta-llama/Meta-Llama-3-8B,a40,Sparse,4096,64,0.1,-1.62,-1.02,16.39,16.39,495.94,0.00,OK,4.2
meta-llama/Meta-Llama-3-8B,a40,Sparse,4096,128,0.1,-1.62,-1.02,16.39,16.39,495.94,0.00,OK,3.9
meta-llama/Meta-Llama-3-8B,a40,Dense,4096,32,1.0,-1.62,-1.02,16.39,16.39,495.94,0.00,OK,7.0
meta-llama/Meta-Llama-3-8B,a40,NaiveSparse,4096,32,1.0,-1.62,-1.02,16.39,16.39,495.94,0.00,OK,7.0
meta-llama/Meta-Llama-3-8B,a40,Dense,4096,64,1.0,-1.62,-1.02,16.39,16.39,495.94,0.00,OK,6.4
meta-llama/Meta-Llama-3-8B,a40,NaiveSparse,4096,64,1.0,-1.62,-1.02,16.39,16.39,495.94,0.00,OK,6.4
meta-llama/Meta-Llama-3-8B,a40,Dense,4096,128,1.0,-1.62,-1.02,16.39,16.39,495.94,0.00,OK,6.4
meta-llama/Meta-Llama-3-8B,a40,NaiveSparse,4096,128,1.0,-1.62,-1.02,16.39,16.39,495.94,0.00,OK,6.4
meta-llama/Meta-Llama-3-8B,a40,Sparse,8192,4,0.1,-1.62,-1.02,26.62,29.80,270.74,0.00,OK,7.1
meta-llama/Meta-Llama-3-8B,a40,Sparse,8192,8,0.1,-1.62,-1.02,19.12,19.12,424.12,0.00,OK,5.9
meta-llama/Meta-Llama-3-8B,a40,Sparse,8192,16,0.1,-1.62,-1.02,19.12,19.12,424.12,0.00,OK,4.7
meta-llama/Meta-Llama-3-8B,a40,Sparse,8192,32,0.1,-1.62,-1.02,19.12,19.12,424.12,0.00,OK,4.3
meta-llama/Meta-Llama-3-8B,a40,Dense,8192,8,1.0,-1.62,-1.02,19.12,19.12,424.12,0.00,OK,9.0
meta-llama/Meta-Llama-3-8B,a40,NaiveSparse,8192,8,1.0,-1.62,-1.02,19.12,19.12,424.12,0.00,OK,9.0
meta-llama/Meta-Llama-3-8B,a40,Dense,8192,4,1.0,-1.62,-1.02,26.62,29.80,270.74,0.00,OK,11.6
meta-llama/Meta-Llama-3-8B,a40,NaiveSparse,8192,4,1.0,-1.62,-1.02,26.62,29.80,270.74,0.00,OK,11.6
meta-llama/Meta-Llama-3-8B,a40,Dense,8192,16,1.0,-1.62,-1.02,19.12,19.12,424.12,0.00,OK,9.0
meta-llama/Meta-Llama-3-8B,a40,NaiveSparse,8192,16,1.0,-1.62,-1.02,19.12,19.12,424.12,0.00,OK,9.0
meta-llama/Meta-Llama-3-8B,a40,Sparse,8192,64,0.1,-1.62,-1.02,19.12,19.12,424.12,0.00,OK,4.4
meta-llama/Meta-Llama-3-8B,a100,Dense,262144,4,1.0,-1.62,-1.02,324.57,358.12,22.35,1291.38,OK,669.3
meta-llama/Meta-Llama-3-8B,a100,NaiveSparse,262144,4,1.0,-1.62,-1.02,324.57,358.12,22.35,1291.38,OK,669.3
meta-llama/Meta-Llama-3-8B,a40,Sparse,8192,128,0.1,-1.62,-1.02,19.12,19.12,424.12,0.00,OK,4.5
meta-llama/Meta-Llama-3-8B,a40,Dense,8192,32,1.0,-1.62,-1.02,19.12,19.12,424.12,0.00,OK,9.0
meta-llama/Meta-Llama-3-8B,a40,NaiveSparse,8192,32,1.0,-1.62,-1.02,19.12,19.12,424.12,0.00,OK,9.0
meta-llama/Meta-Llama-3-8B,a40,Dense,8192,64,1.0,-1.62,-1.02,19.12,19.12,424.12,0.00,OK,9.2
meta-llama/Meta-Llama-3-8B,a40,NaiveSparse,8192,64,1.0,-1.62,-1.02,19.12,19.12,424.12,0.00,OK,9.2
meta-llama/Meta-Llama-3-8B,a100,Dense,262144,8,1.0,-1.62,-1.02,358.11,358.11,22.36,1334.86,OK,670.4
meta-llama/Meta-Llama-3-8B,a100,NaiveSparse,262144,8,1.0,-1.62,-1.02,358.11,358.11,22.36,1334.86,OK,670.4
meta-llama/Meta-Llama-3-8B,a40,Dense,8192,128,1.0,-1.62,-1.02,19.12,19.12,424.12,0.00,OK,9.0
meta-llama/Meta-Llama-3-8B,a40,NaiveSparse,8192,128,1.0,-1.62,-1.02,19.12,19.12,424.12,0.00,OK,9.0
meta-llama/Meta-Llama-3-8B,a40,Sparse,16384,16,0.1,-1.62,-1.02,24.18,24.18,334.43,0.00,OK,5.2
meta-llama/Meta-Llama-3-8B,a40,Sparse,16384,4,0.1,-1.62,-1.02,31.22,34.86,231.16,0.00,OK,12.3
meta-llama/Meta-Llama-3-8B,a40,Sparse,16384,8,0.1,-1.62,-1.02,24.18,24.18,334.43,0.00,OK,12.9
meta-llama/Meta-Llama-3-8B,a40,Sparse,16384,32,0.1,-1.62,-1.02,24.18,24.18,334.43,0.00,OK,5.2
meta-llama/Meta-Llama-3-8B,a40,Sparse,16384,64,0.1,-1.62,-1.02,24.18,24.18,334.43,0.00,OK,5.2
meta-llama/Meta-Llama-3-8B,a40,Dense,16384,4,1.0,-1.62,-1.02,31.22,34.86,231.16,0.00,OK,18.3
meta-llama/Meta-Llama-3-8B,a40,NaiveSparse,16384,4,1.0,-1.62,-1.02,31.22,34.86,231.16,0.00,OK,18.3
meta-llama/Meta-Llama-3-8B,a40,Sparse,16384,128,0.1,-1.62,-1.02,24.18,24.18,334.43,0.00,OK,5.1
meta-llama/Meta-Llama-3-8B,a40,Dense,16384,8,1.0,-1.62,-1.02,25.11,25.11,321.91,3.72,OK,19.9
meta-llama/Meta-Llama-3-8B,a40,NaiveSparse,16384,8,1.0,-1.62,-1.02,25.11,25.11,321.91,3.72,OK,19.9
meta-llama/Meta-Llama-3-8B,a40,Dense,16384,16,1.0,-1.62,-1.02,25.11,25.11,321.91,3.72,OK,14.6
meta-llama/Meta-Llama-3-8B,a40,NaiveSparse,16384,16,1.0,-1.62,-1.02,25.11,25.11,321.91,3.72,OK,14.6
meta-llama/Meta-Llama-3-8B,a40,Dense,16384,32,1.0,-1.62,-1.02,25.11,25.11,321.91,3.72,OK,14.5
meta-llama/Meta-Llama-3-8B,a40,NaiveSparse,16384,32,1.0,-1.62,-1.02,25.11,25.11,321.91,3.72,OK,14.5
meta-llama/Meta-Llama-3-8B,a40,Dense,16384,64,1.0,-1.62,-1.02,25.11,25.11,321.91,3.72,OK,14.6
meta-llama/Meta-Llama-3-8B,a40,NaiveSparse,16384,64,1.0,-1.62,-1.02,25.11,25.11,321.91,3.72,OK,14.6
meta-llama/Meta-Llama-3-8B,a40,Dense,16384,128,1.0,-1.62,-1.02,25.11,25.11,321.91,3.72,OK,14.4
meta-llama/Meta-Llama-3-8B,a40,NaiveSparse,16384,128,1.0,-1.62,-1.02,25.11,25.11,321.91,3.72,OK,14.4
meta-llama/Meta-Llama-3-8B,a40,Sparse,32768,4,0.1,-1.62,-1.02,31.22,34.86,231.16,0.00,OK,15.8
meta-llama/Meta-Llama-3-8B,a40,Sparse,32768,8,0.1,-1.62,-1.02,24.18,24.18,334.43,0.00,OK,17.6
meta-llama/Meta-Llama-3-8B,a40,Sparse,32768,32,0.1,-1.62,-1.02,24.18,24.18,334.43,0.00,OK,8.4
meta-llama/Meta-Llama-3-8B,a40,Sparse,32768,16,0.1,-1.62,-1.02,24.18,24.18,334.43,0.00,OK,15.6
meta-llama/Meta-Llama-3-8B,a40,Sparse,32768,64,0.1,-1.62,-1.02,24.18,24.18,334.43,0.00,OK,6.8
meta-llama/Meta-Llama-3-8B,a40,Dense,32768,8,1.0,-1.62,-1.02,46.58,46.58,172.71,89.60,OK,33.1
meta-llama/Meta-Llama-3-8B,a40,NaiveSparse,32768,8,1.0,-1.62,-1.02,46.58,46.58,172.71,89.60,OK,33.1
meta-llama/Meta-Llama-3-8B,a40,Dense,32768,16,1.0,-1.62,-1.02,46.58,46.58,172.71,89.60,OK,30.8
meta-llama/Meta-Llama-3-8B,a40,NaiveSparse,32768,16,1.0,-1.62,-1.02,46.58,46.58,172.71,89.60,OK,30.8
meta-llama/Meta-Llama-3-8B,a40,Dense,32768,4,1.0,-1.62,-1.02,42.39,46.59,172.67,46.89,OK,40.1
meta-llama/Meta-Llama-3-8B,a40,NaiveSparse,32768,4,1.0,-1.62,-1.02,42.39,46.59,172.67,46.89,OK,40.1
meta-llama/Meta-Llama-3-8B,a40,Dense,32768,32,1.0,-1.62,-1.02,46.58,46.58,172.71,89.60,OK,26.4
meta-llama/Meta-Llama-3-8B,a40,NaiveSparse,32768,32,1.0,-1.62,-1.02,46.58,46.58,172.71,89.60,OK,26.4
meta-llama/Meta-Llama-3-8B,a40,Sparse,65536,4,0.1,-1.62,-1.02,31.22,34.86,231.16,0.00,OK,21.5
meta-llama/Meta-Llama-3-8B,a40,Sparse,65536,8,0.1,-1.62,-1.02,24.18,24.18,334.43,0.00,OK,9.4
meta-llama/Meta-Llama-3-8B,a40,Dense,32768,64,1.0,-1.62,-1.02,46.58,46.58,172.71,89.60,OK,25.3
meta-llama/Meta-Llama-3-8B,a40,NaiveSparse,32768,64,1.0,-1.62,-1.02,46.58,46.58,172.71,89.60,OK,25.3
meta-llama/Meta-Llama-3-8B,a40,Sparse,65536,16,0.1,-1.62,-1.02,24.18,24.18,334.43,0.00,OK,9.4
meta-llama/Meta-Llama-3-8B,a40,Sparse,65536,32,0.1,-1.62,-1.02,24.18,24.18,334.43,0.00,OK,9.4
meta-llama/Meta-Llama-3-8B,a40,Dense,65536,4,1.0,-1.62,-1.02,81.53,89.92,89.22,220.21,OK,52.1
meta-llama/Meta-Llama-3-8B,a40,NaiveSparse,65536,4,1.0,-1.62,-1.02,81.53,89.92,89.22,220.21,OK,52.1
meta-llama/Meta-Llama-3-8B,a40,Sparse,131072,8,0.1,-1.62,-1.02,24.18,24.18,334.43,0.00,OK,30.1
meta-llama/Meta-Llama-3-8B,a40,Sparse,131072,4,0.1,-1.62,-1.02,31.22,34.86,231.16,0.00,OK,37.0
meta-llama/Meta-Llama-3-8B,a40,Dense,65536,8,1.0,-1.62,-1.02,89.91,89.91,89.23,262.92,OK,45.6
meta-llama/Meta-Llama-3-8B,a40,NaiveSparse,65536,8,1.0,-1.62,-1.02,89.91,89.91,89.23,262.92,OK,45.6
meta-llama/Meta-Llama-3-8B,a40,Dense,65536,16,1.0,-1.62,-1.02,89.91,89.91,89.23,262.92,OK,46.0
meta-llama/Meta-Llama-3-8B,a40,NaiveSparse,65536,16,1.0,-1.62,-1.02,89.91,89.91,89.23,262.92,OK,46.0
meta-llama/Meta-Llama-3-8B,a40,Dense,65536,32,1.0,-1.62,-1.02,89.91,89.91,89.23,262.92,OK,45.8
meta-llama/Meta-Llama-3-8B,a40,NaiveSparse,65536,32,1.0,-1.62,-1.02,89.91,89.91,89.23,262.92,OK,45.8
meta-llama/Meta-Llama-3-8B,a40,Sparse,131072,16,0.1,-1.62,-1.02,24.18,24.18,334.43,0.00,OK,14.1
meta-llama/Meta-Llama-3-8B,a40,Sparse,262144,4,0.1,-1.62,-1.02,34.54,38.18,210.92,13.28,OK,57.7
meta-llama/Meta-Llama-3-8B,a40,Dense,131072,4,1.0,-1.62,-1.02,162.43,179.21,44.70,577.37,OK,98.3
meta-llama/Meta-Llama-3-8B,a40,NaiveSparse,131072,4,1.0,-1.62,-1.02,162.43,179.21,44.70,577.37,OK,98.3
meta-llama/Meta-Llama-3-8B,a40,Sparse,262144,8,0.1,-1.62,-1.02,37.89,37.89,212.59,54.84,OK,57.2
meta-llama/Meta-Llama-3-8B,a40,Dense,131072,8,1.0,-1.62,-1.02,179.20,179.20,44.71,620.08,OK,93.6
meta-llama/Meta-Llama-3-8B,a40,NaiveSparse,131072,8,1.0,-1.62,-1.02,179.20,179.20,44.71,620.08,OK,93.6
meta-llama/Meta-Llama-3-8B,a40,Dense,131072,16,1.0,-1.62,-1.02,179.20,179.20,44.71,620.08,OK,102.1
meta-llama/Meta-Llama-3-8B,a40,NaiveSparse,131072,16,1.0,-1.62,-1.02,179.20,179.20,44.71,620.08,OK,102.1
meta-llama/Meta-Llama-3-8B,a100,Dense,524288,4,1.0,-1.62,-1.02,648.85,715.95,11.18,2722.70,OK,910.7
meta-llama/Meta-Llama-3-8B,a100,NaiveSparse,524288,4,1.0,-1.62,-1.02,648.85,715.95,11.18,2722.70,OK,910.7
meta-llama/Meta-Llama-3-8B,a40,Sparse,524288,4,0.1,-1.62,-1.02,65.86,72.57,110.62,150.84,OK,523.4
meta-llama/Meta-Llama-3-8B,h100,Sparse,4096,8,0.1,-1.62,-1.02,16.37,16.37,496.29,0.00,OK,498.2
meta-llama/Meta-Llama-3-8B,h100,Sparse,4096,4,0.1,-1.62,-1.02,24.11,27.01,298.99,0.00,OK,537.0
meta-llama/Meta-Llama-3-8B,h100,Dense,4096,4,1.0,-1.62,-1.02,24.12,27.02,298.91,0.00,OK,522.9
meta-llama/Meta-Llama-3-8B,h100,NaiveSparse,4096,4,1.0,-1.62,-1.02,24.12,27.02,298.91,0.00,OK,522.9
meta-llama/Meta-Llama-3-8B,h100,Sparse,4096,32,0.1,-1.62,-1.02,16.38,16.38,496.19,0.00,OK,12.4
meta-llama/Meta-Llama-3-8B,h100,Dense,4096,8,1.0,-1.62,-1.02,16.38,16.38,496.19,0.00,OK,422.0
meta-llama/Meta-Llama-3-8B,h100,NaiveSparse,4096,8,1.0,-1.62,-1.02,16.38,16.38,496.19,0.00,OK,422.0
meta-llama/Meta-Llama-3-8B,h100,Dense,4096,16,1.0,-1.62,-1.02,16.38,16.38,496.19,0.00,OK,14.3
meta-llama/Meta-Llama-3-8B,h100,NaiveSparse,4096,16,1.0,-1.62,-1.02,16.38,16.38,496.19,0.00,OK,14.3
meta-llama/Meta-Llama-3-8B,h100,Sparse,4096,128,0.1,-1.62,-1.02,16.38,16.38,496.19,0.00,OK,10.3
meta-llama/Meta-Llama-3-8B,h100,Sparse,4096,64,0.1,-1.62,-1.02,16.38,16.38,496.19,0.00,OK,11.1
meta-llama/Meta-Llama-3-8B,h100,Dense,4096,32,1.0,-1.62,-1.02,16.38,16.38,496.19,0.00,OK,16.2
meta-llama/Meta-Llama-3-8B,h100,NaiveSparse,4096,32,1.0,-1.62,-1.02,16.38,16.38,496.19,0.00,OK,16.2
meta-llama/Meta-Llama-3-8B,h100,Dense,4096,64,1.0,-1.62,-1.02,16.38,16.38,496.19,0.00,OK,16.1
meta-llama/Meta-Llama-3-8B,h100,NaiveSparse,4096,64,1.0,-1.62,-1.02,16.38,16.38,496.19,0.00,OK,16.1
meta-llama/Meta-Llama-3-8B,h100,Dense,4096,128,1.0,-1.62,-1.02,16.38,16.38,496.19,0.00,OK,16.0
meta-llama/Meta-Llama-3-8B,h100,NaiveSparse,4096,128,1.0,-1.62,-1.02,16.38,16.38,496.19,0.00,OK,16.0
meta-llama/Meta-Llama-3-8B,h100,Sparse,8192,4,0.1,-1.62,-1.02,26.61,29.80,270.80,0.00,OK,16.9
meta-llama/Meta-Llama-3-8B,h100,Sparse,8192,8,0.1,-1.62,-1.02,19.10,19.10,424.63,0.00,OK,12.9
meta-llama/Meta-Llama-3-8B,a40,Dense,262144,4,1.0,-1.62,-1.02,324.57,358.12,22.35,1293.03,OK,642.3
meta-llama/Meta-Llama-3-8B,a40,NaiveSparse,262144,4,1.0,-1.62,-1.02,324.57,358.12,22.35,1293.03,OK,642.3
meta-llama/Meta-Llama-3-8B,h100,Dense,8192,4,1.0,-1.62,-1.02,26.61,29.80,270.80,0.00,OK,19.9
meta-llama/Meta-Llama-3-8B,h100,NaiveSparse,8192,4,1.0,-1.62,-1.02,26.61,29.80,270.80,0.00,OK,19.9
meta-llama/Meta-Llama-3-8B,h100,Sparse,8192,16,0.1,-1.62,-1.02,19.10,19.10,424.63,0.00,OK,6.2
meta-llama/Meta-Llama-3-8B,h100,Sparse,8192,32,0.1,-1.62,-1.02,19.10,19.10,424.63,0.00,OK,4.8
meta-llama/Meta-Llama-3-8B,a40,Dense,262144,8,1.0,-1.62,-1.02,358.11,358.11,22.36,1335.74,OK,638.4
meta-llama/Meta-Llama-3-8B,a40,NaiveSparse,262144,8,1.0,-1.62,-1.02,358.11,358.11,22.36,1335.74,OK,638.4
meta-llama/Meta-Llama-3-8B,h100,Dense,8192,8,1.0,-1.62,-1.02,19.10,19.10,424.63,0.00,OK,11.3
meta-llama/Meta-Llama-3-8B,h100,NaiveSparse,8192,8,1.0,-1.62,-1.02,19.10,19.10,424.63,0.00,OK,11.3
meta-llama/Meta-Llama-3-8B,h100,Sparse,8192,64,0.1,-1.62,-1.02,19.10,19.10,424.63,0.00,OK,4.8
meta-llama/Meta-Llama-3-8B,h100,Dense,8192,16,1.0,-1.62,-1.02,19.10,19.10,424.63,0.00,OK,9.9
meta-llama/Meta-Llama-3-8B,h100,NaiveSparse,8192,16,1.0,-1.62,-1.02,19.10,19.10,424.63,0.00,OK,9.9
meta-llama/Meta-Llama-3-8B,h100,Sparse,8192,128,0.1,-1.62,-1.02,19.10,19.10,424.63,0.00,OK,4.8
meta-llama/Meta-Llama-3-8B,h100,Dense,8192,32,1.0,-1.62,-1.02,19.10,19.10,424.63,0.00,OK,9.6
meta-llama/Meta-Llama-3-8B,h100,NaiveSparse,8192,32,1.0,-1.62,-1.02,19.10,19.10,424.63,0.00,OK,9.6
meta-llama/Meta-Llama-3-8B,h100,Dense,8192,64,1.0,-1.62,-1.02,19.10,19.10,424.63,0.00,OK,9.6
meta-llama/Meta-Llama-3-8B,h100,NaiveSparse,8192,64,1.0,-1.62,-1.02,19.10,19.10,424.63,0.00,OK,9.6
meta-llama/Meta-Llama-3-8B,h100,Dense,8192,128,1.0,-1.62,-1.02,19.10,19.10,424.63,0.00,OK,9.7
meta-llama/Meta-Llama-3-8B,h100,NaiveSparse,8192,128,1.0,-1.62,-1.02,19.10,19.10,424.63,0.00,OK,9.7
meta-llama/Meta-Llama-3-8B,h100,Sparse,16384,4,0.1,-1.62,-1.02,31.23,34.88,231.06,0.00,OK,13.8
meta-llama/Meta-Llama-3-8B,h100,Sparse,4096,16,0.1,-1.62,-1.02,16.38,16.38,496.19,0.00,OK,86.4
meta-llama/Meta-Llama-3-8B,h100,Sparse,16384,8,0.1,-1.62,-1.02,24.18,24.18,334.40,0.00,OK,13.3
meta-llama/Meta-Llama-3-8B,h100,Sparse,16384,32,0.1,-1.62,-1.02,24.18,24.18,334.44,0.00,OK,7.6
meta-llama/Meta-Llama-3-8B,h100,Sparse,16384,16,0.1,-1.62,-1.02,24.18,24.18,334.44,0.00,OK,13.5
meta-llama/Meta-Llama-3-8B,h100,Dense,16384,4,1.0,-1.62,-1.02,31.23,34.88,231.06,0.00,OK,21.7
meta-llama/Meta-Llama-3-8B,h100,NaiveSparse,16384,4,1.0,-1.62,-1.02,31.23,34.88,231.06,0.00,OK,21.7
meta-llama/Meta-Llama-3-8B,h100,Sparse,16384,64,0.1,-1.62,-1.02,24.18,24.18,334.44,0.00,OK,6.3
meta-llama/Meta-Llama-3-8B,h100,Dense,16384,8,1.0,-1.62,-1.02,25.10,25.10,322.00,3.69,OK,21.1
meta-llama/Meta-Llama-3-8B,h100,NaiveSparse,16384,8,1.0,-1.62,-1.02,25.10,25.10,322.00,3.69,OK,21.1
meta-llama/Meta-Llama-3-8B,h100,Sparse,16384,128,0.1,-1.62,-1.02,24.18,24.18,334.44,0.00,OK,6.3
meta-llama/Meta-Llama-3-8B,h100,Dense,16384,16,1.0,-1.62,-1.02,25.10,25.10,321.99,3.70,OK,22.9
meta-llama/Meta-Llama-3-8B,h100,NaiveSparse,16384,16,1.0,-1.62,-1.02,25.10,25.10,321.99,3.70,OK,22.9
meta-llama/Meta-Llama-3-8B,h100,Dense,16384,32,1.0,-1.62,-1.02,25.10,25.10,321.99,3.70,OK,15.9
meta-llama/Meta-Llama-3-8B,h100,NaiveSparse,16384,32,1.0,-1.62,-1.02,25.10,25.10,321.99,3.70,OK,15.9
meta-llama/Meta-Llama-3-8B,h100,Dense,16384,64,1.0,-1.62,-1.02,25.10,25.10,321.99,3.70,OK,15.8
meta-llama/Meta-Llama-3-8B,h100,NaiveSparse,16384,64,1.0,-1.62,-1.02,25.10,25.10,321.99,3.70,OK,15.8
meta-llama/Meta-Llama-3-8B,h100,Dense,16384,128,1.0,-1.62,-1.02,25.10,25.10,321.99,3.70,OK,15.6
meta-llama/Meta-Llama-3-8B,h100,NaiveSparse,16384,128,1.0,-1.62,-1.02,25.10,25.10,321.99,3.70,OK,15.6
meta-llama/Meta-Llama-3-8B,h100,Sparse,32768,4,0.1,-1.62,-1.02,31.21,34.85,231.23,0.00,OK,24.0
meta-llama/Meta-Llama-3-8B,h100,Sparse,32768,8,0.1,-1.62,-1.02,24.18,24.18,334.44,0.00,OK,21.3
meta-llama/Meta-Llama-3-8B,h100,Sparse,32768,32,0.1,-1.62,-1.02,24.18,24.18,334.44,0.00,OK,13.4
meta-llama/Meta-Llama-3-8B,h100,Sparse,32768,16,0.1,-1.62,-1.02,24.18,24.18,334.44,0.00,OK,21.1
meta-llama/Meta-Llama-3-8B,h100,Sparse,32768,64,0.1,-1.62,-1.02,24.18,24.18,334.44,0.00,OK,7.6
meta-llama/Meta-Llama-3-8B,h100,Dense,32768,4,1.0,-1.62,-1.02,42.39,46.58,172.68,46.93,OK,37.0
meta-llama/Meta-Llama-3-8B,h100,NaiveSparse,32768,4,1.0,-1.62,-1.02,42.39,46.58,172.68,46.93,OK,37.0
meta-llama/Meta-Llama-3-8B,h100,Dense,32768,8,1.0,-1.62,-1.02,46.58,46.58,172.71,89.60,OK,37.6
meta-llama/Meta-Llama-3-8B,h100,NaiveSparse,32768,8,1.0,-1.62,-1.02,46.58,46.58,172.71,89.60,OK,37.6
meta-llama/Meta-Llama-3-8B,h100,Dense,32768,16,1.0,-1.62,-1.02,46.58,46.58,172.71,89.60,OK,32.5
meta-llama/Meta-Llama-3-8B,h100,NaiveSparse,32768,16,1.0,-1.62,-1.02,46.58,46.58,172.71,89.60,OK,32.5
meta-llama/Meta-Llama-3-8B,h100,Dense,32768,32,1.0,-1.62,-1.02,46.58,46.58,172.71,89.60,OK,26.2
meta-llama/Meta-Llama-3-8B,h100,NaiveSparse,32768,32,1.0,-1.62,-1.02,46.58,46.58,172.71,89.60,OK,26.2
meta-llama/Meta-Llama-3-8B,h100,Dense,32768,64,1.0,-1.62,-1.02,46.58,46.58,172.71,89.60,OK,26.2
meta-llama/Meta-Llama-3-8B,h100,NaiveSparse,32768,64,1.0,-1.62,-1.02,46.58,46.58,172.71,89.60,OK,26.2
meta-llama/Meta-Llama-3-8B,h100,Sparse,65536,8,0.1,-1.62,-1.02,24.18,24.18,334.44,0.00,OK,19.7
meta-llama/Meta-Llama-3-8B,h100,Sparse,65536,4,0.1,-1.62,-1.02,31.21,34.85,231.23,0.00,OK,32.0
meta-llama/Meta-Llama-3-8B,h100,Sparse,65536,32,0.1,-1.62,-1.02,24.18,24.18,334.44,0.00,OK,11.1
meta-llama/Meta-Llama-3-8B,h100,Sparse,65536,16,0.1,-1.62,-1.02,24.18,24.18,334.44,0.00,OK,21.1
meta-llama/Meta-Llama-3-8B,h100,Dense,65536,4,1.0,-1.62,-1.02,81.52,89.92,89.23,220.25,OK,60.2
meta-llama/Meta-Llama-3-8B,h100,NaiveSparse,65536,4,1.0,-1.62,-1.02,81.52,89.92,89.23,220.25,OK,60.2
meta-llama/Meta-Llama-3-8B,h100,Dense,65536,8,1.0,-1.62,-1.02,89.91,89.91,89.24,262.92,OK,54.5
meta-llama/Meta-Llama-3-8B,h100,NaiveSparse,65536,8,1.0,-1.62,-1.02,89.91,89.91,89.24,262.92,OK,54.5
meta-llama/Meta-Llama-3-8B,h100,Dense,65536,16,1.0,-1.62,-1.02,89.91,89.91,89.24,262.92,OK,51.0
meta-llama/Meta-Llama-3-8B,h100,NaiveSparse,65536,16,1.0,-1.62,-1.02,89.91,89.91,89.24,262.92,OK,51.0
meta-llama/Meta-Llama-3-8B,h100,Sparse,131072,8,0.1,-1.62,-1.02,24.18,24.18,334.44,0.00,OK,36.0
meta-llama/Meta-Llama-3-8B,h100,Dense,65536,32,1.0,-1.62,-1.02,89.91,89.91,89.24,262.92,OK,46.4
meta-llama/Meta-Llama-3-8B,h100,NaiveSparse,65536,32,1.0,-1.62,-1.02,89.91,89.91,89.24,262.92,OK,46.4
meta-llama/Meta-Llama-3-8B,h100,Sparse,131072,4,0.1,-1.62,-1.02,31.21,34.85,231.23,0.00,OK,44.4
meta-llama/Meta-Llama-3-8B,h100,Sparse,131072,16,0.1,-1.62,-1.02,24.18,24.18,334.44,0.00,OK,14.7
meta-llama/Meta-Llama-3-8B,h100,Dense,131072,4,1.0,-1.62,-1.02,162.43,179.21,44.70,577.42,OK,106.4
meta-llama/Meta-Llama-3-8B,h100,NaiveSparse,131072,4,1.0,-1.62,-1.02,162.43,179.21,44.70,577.42,OK,106.4
meta-llama/Meta-Llama-3-8B,h100,Sparse,262144,4,0.1,-1.62,-1.02,34.54,38.18,210.93,13.32,OK,72.0
meta-llama/Meta-Llama-3-8B,h100,Sparse,262144,8,0.1,-1.62,-1.02,37.88,37.88,212.60,54.83,OK,72.1
meta-llama/Meta-Llama-3-8B,h100,Dense,131072,8,1.0,-1.62,-1.02,179.20,179.20,44.71,620.08,OK,85.5
meta-llama/Meta-Llama-3-8B,h100,NaiveSparse,131072,8,1.0,-1.62,-1.02,179.20,179.20,44.71,620.08,OK,85.5
meta-llama/Meta-Llama-3-8B,h100,Dense,131072,16,1.0,-1.62,-1.02,179.20,179.20,44.71,620.08,OK,95.2
meta-llama/Meta-Llama-3-8B,h100,NaiveSparse,131072,16,1.0,-1.62,-1.02,179.20,179.20,44.71,620.08,OK,95.2
meta-llama/Meta-Llama-3-8B,a40,Dense,524288,4,1.0,-1.62,-1.02,648.85,715.95,11.18,2724.34,OK,903.9
meta-llama/Meta-Llama-3-8B,a40,NaiveSparse,524288,4,1.0,-1.62,-1.02,648.85,715.95,11.18,2724.34,OK,903.9
meta-llama/Meta-Llama-3.1-405B,a100,Sparse,4096,4,0.1,N/A,N/A,N/A,N/A,N/A,N/A,FAIL(1),365.6
meta-llama/Meta-Llama-3.1-405B,a100,Sparse,4096,8,0.1,N/A,N/A,N/A,N/A,N/A,N/A,FAIL(1),349.8
meta-llama/Meta-Llama-3.1-405B,a100,Sparse,4096,16,0.1,N/A,N/A,N/A,N/A,N/A,N/A,FAIL(1),4.4
meta-llama/Meta-Llama-3.1-405B,a100,Dense,4096,16,1.0,N/A,N/A,N/A,N/A,N/A,N/A,FAIL(1),3.4
meta-llama/Meta-Llama-3.1-405B,a100,NaiveSparse,4096,16,1.0,N/A,N/A,N/A,N/A,N/A,N/A,FAIL(1),3.4
meta-llama/Meta-Llama-3.1-405B,a100,Dense,4096,4,1.0,N/A,N/A,N/A,N/A,N/A,N/A,FAIL(1),374.9
meta-llama/Meta-Llama-3.1-405B,a100,NaiveSparse,4096,4,1.0,N/A,N/A,N/A,N/A,N/A,N/A,FAIL(1),374.9
meta-llama/Meta-Llama-3.1-405B,a100,Sparse,4096,32,0.1,N/A,N/A,N/A,N/A,N/A,N/A,FAIL(1),6.1
meta-llama/Meta-Llama-3.1-405B,a100,Dense,4096,32,1.0,N/A,N/A,N/A,N/A,N/A,N/A,FAIL(1),7.3
meta-llama/Meta-Llama-3.1-405B,a100,NaiveSparse,4096,32,1.0,N/A,N/A,N/A,N/A,N/A,N/A,FAIL(1),7.3
meta-llama/Meta-Llama-3.1-405B,a100,Dense,4096,8,1.0,N/A,N/A,N/A,N/A,N/A,N/A,FAIL(1),265.2
meta-llama/Meta-Llama-3.1-405B,a100,NaiveSparse,4096,8,1.0,N/A,N/A,N/A,N/A,N/A,N/A,FAIL(1),265.2
meta-llama/Meta-Llama-3.1-405B,a100,Sparse,4096,64,0.1,N/A,N/A,N/A,N/A,N/A,N/A,FAIL(1),4.5
meta-llama/Meta-Llama-3.1-405B,a100,Dense,4096,64,1.0,N/A,N/A,N/A,N/A,N/A,N/A,FAIL(1),4.5
meta-llama/Meta-Llama-3.1-405B,a100,NaiveSparse,4096,64,1.0,N/A,N/A,N/A,N/A,N/A,N/A,FAIL(1),4.5
meta-llama/Meta-Llama-3.1-405B,a100,Sparse,4096,128,0.1,N/A,N/A,N/A,N/A,N/A,N/A,FAIL(1),4.0
meta-llama/Meta-Llama-3.1-405B,a100,Dense,4096,128,1.0,N/A,N/A,N/A,N/A,N/A,N/A,FAIL(1),3.8
meta-llama/Meta-Llama-3.1-405B,a100,NaiveSparse,4096,128,1.0,N/A,N/A,N/A,N/A,N/A,N/A,FAIL(1),3.8
meta-llama/Meta-Llama-3.1-405B,a100,Sparse,8192,4,0.1,N/A,N/A,N/A,N/A,N/A,N/A,FAIL(1),8.4
meta-llama/Meta-Llama-3.1-405B,a100,Dense,8192,4,1.0,N/A,N/A,N/A,N/A,N/A,N/A,FAIL(1),8.2
meta-llama/Meta-Llama-3.1-405B,a100,NaiveSparse,8192,4,1.0,N/A,N/A,N/A,N/A,N/A,N/A,FAIL(1),8.2
meta-llama/Meta-Llama-3.1-405B,a100,Dense,8192,8,1.0,N/A,N/A,N/A,N/A,N/A,N/A,FAIL(1),6.8
meta-llama/Meta-Llama-3.1-405B,a100,NaiveSparse,8192,8,1.0,N/A,N/A,N/A,N/A,N/A,N/A,FAIL(1),6.8
meta-llama/Meta-Llama-3.1-405B,a100,Sparse,8192,8,0.1,N/A,N/A,N/A,N/A,N/A,N/A,FAIL(1),7.7
meta-llama/Meta-Llama-3.1-405B,a100,Sparse,8192,16,0.1,N/A,N/A,N/A,N/A,N/A,N/A,FAIL(1),4.2
meta-llama/Meta-Llama-3.1-405B,a100,Dense,8192,16,1.0,N/A,N/A,N/A,N/A,N/A,N/A,FAIL(1),4.0
meta-llama/Meta-Llama-3.1-405B,a100,NaiveSparse,8192,16,1.0,N/A,N/A,N/A,N/A,N/A,N/A,FAIL(1),4.0
meta-llama/Meta-Llama-3.1-405B,a100,Sparse,8192,32,0.1,N/A,N/A,N/A,N/A,N/A,N/A,FAIL(1),4.0
meta-llama/Meta-Llama-3.1-405B,a100,Dense,8192,32,1.0,N/A,N/A,N/A,N/A,N/A,N/A,FAIL(1),4.0
meta-llama/Meta-Llama-3.1-405B,a100,NaiveSparse,8192,32,1.0,N/A,N/A,N/A,N/A,N/A,N/A,FAIL(1),4.0
meta-llama/Meta-Llama-3.1-405B,a100,Sparse,8192,64,0.1,N/A,N/A,N/A,N/A,N/A,N/A,FAIL(1),4.1
meta-llama/Meta-Llama-3.1-405B,a100,Dense,8192,64,1.0,N/A,N/A,N/A,N/A,N/A,N/A,FAIL(1),4.1
meta-llama/Meta-Llama-3.1-405B,a100,NaiveSparse,8192,64,1.0,N/A,N/A,N/A,N/A,N/A,N/A,FAIL(1),4.1
meta-llama/Meta-Llama-3.1-405B,a100,Sparse,16384,4,0.1,N/A,N/A,N/A,N/A,N/A,N/A,FAIL(1),11.6
meta-llama/Meta-Llama-3.1-405B,a100,Sparse,16384,8,0.1,N/A,N/A,N/A,N/A,N/A,N/A,FAIL(1),9.2
meta-llama/Meta-Llama-3.1-405B,a100,Dense,16384,4,1.0,N/A,N/A,N/A,N/A,N/A,N/A,FAIL(1),13.1
meta-llama/Meta-Llama-3.1-405B,a100,NaiveSparse,16384,4,1.0,N/A,N/A,N/A,N/A,N/A,N/A,FAIL(1),13.1
meta-llama/Meta-Llama-3.1-405B,a100,Dense,16384,8,1.0,N/A,N/A,N/A,N/A,N/A,N/A,FAIL(1),11.0
meta-llama/Meta-Llama-3.1-405B,a100,NaiveSparse,16384,8,1.0,N/A,N/A,N/A,N/A,N/A,N/A,FAIL(1),11.0
meta-llama/Meta-Llama-3.1-405B,a100,Sparse,16384,16,0.1,N/A,N/A,N/A,N/A,N/A,N/A,FAIL(1),4.3
meta-llama/Meta-Llama-3.1-405B,a100,Dense,16384,16,1.0,N/A,N/A,N/A,N/A,N/A,N/A,FAIL(1),4.4
meta-llama/Meta-Llama-3.1-405B,a100,NaiveSparse,16384,16,1.0,N/A,N/A,N/A,N/A,N/A,N/A,FAIL(1),4.4
meta-llama/Meta-Llama-3.1-405B,a100,Sparse,16384,32,0.1,N/A,N/A,N/A,N/A,N/A,N/A,FAIL(1),4.4
meta-llama/Meta-Llama-3-8B,h100,Sparse,524288,4,0.1,-1.62,-1.02,65.86,72.57,110.63,150.88,OK,419.5
meta-llama/Meta-Llama-3.1-405B,a100,Dense,16384,32,1.0,N/A,N/A,N/A,N/A,N/A,N/A,FAIL(1),4.4
meta-llama/Meta-Llama-3.1-405B,a100,NaiveSparse,16384,32,1.0,N/A,N/A,N/A,N/A,N/A,N/A,FAIL(1),4.4
meta-llama/Meta-Llama-3.1-405B,a100,Sparse,32768,16,0.1,N/A,N/A,N/A,N/A,N/A,N/A,FAIL(1),15.7
meta-llama/Meta-Llama-3.1-405B,a100,Sparse,32768,4,0.1,N/A,N/A,N/A,N/A,N/A,N/A,FAIL(1),20.6
meta-llama/Meta-Llama-3-8B,h100,Dense,262144,4,1.0,-1.62,-1.02,324.57,358.12,22.35,1293.07,OK,505.2
meta-llama/Meta-Llama-3-8B,h100,NaiveSparse,262144,4,1.0,-1.62,-1.02,324.57,358.12,22.35,1293.07,OK,505.2
meta-llama/Meta-Llama-3.1-405B,a100,Dense,32768,4,1.0,N/A,N/A,N/A,N/A,N/A,N/A,FAIL(1),21.6
meta-llama/Meta-Llama-3.1-405B,a100,NaiveSparse,32768,4,1.0,N/A,N/A,N/A,N/A,N/A,N/A,FAIL(1),21.6
meta-llama/Meta-Llama-3.1-405B,a100,Dense,32768,16,1.0,N/A,N/A,N/A,N/A,N/A,N/A,FAIL(1),5.8
meta-llama/Meta-Llama-3.1-405B,a100,NaiveSparse,32768,16,1.0,N/A,N/A,N/A,N/A,N/A,N/A,FAIL(1),5.8
meta-llama/Meta-Llama-3.1-405B,a100,Sparse,32768,8,0.1,N/A,N/A,N/A,N/A,N/A,N/A,FAIL(1),22.6
meta-llama/Meta-Llama-3.1-405B,a100,Dense,32768,8,1.0,N/A,N/A,N/A,N/A,N/A,N/A,FAIL(1),23.9
meta-llama/Meta-Llama-3.1-405B,a100,NaiveSparse,32768,8,1.0,N/A,N/A,N/A,N/A,N/A,N/A,FAIL(1),23.9
meta-llama/Meta-Llama-3-8B,h100,Dense,262144,8,1.0,-1.62,-1.02,358.11,358.11,22.36,1335.74,OK,500.5
meta-llama/Meta-Llama-3-8B,h100,NaiveSparse,262144,8,1.0,-1.62,-1.02,358.11,358.11,22.36,1335.74,OK,500.5
meta-llama/Meta-Llama-3.1-405B,a100,Sparse,65536,4,0.1,N/A,N/A,N/A,N/A,N/A,N/A,FAIL(1),34.2
meta-llama/Meta-Llama-3.1-405B,a100,Dense,65536,4,1.0,N/A,N/A,N/A,N/A,N/A,N/A,FAIL(1),35.8
meta-llama/Meta-Llama-3.1-405B,a100,NaiveSparse,65536,4,1.0,N/A,N/A,N/A,N/A,N/A,N/A,FAIL(1),35.8
meta-llama/Meta-Llama-3.1-405B,a100,Sparse,65536,8,0.1,N/A,N/A,N/A,N/A,N/A,N/A,FAIL(1),40.8
meta-llama/Meta-Llama-3.1-405B,a100,Dense,65536,8,1.0,N/A,N/A,N/A,N/A,N/A,N/A,FAIL(1),43.4
meta-llama/Meta-Llama-3.1-405B,a100,NaiveSparse,65536,8,1.0,N/A,N/A,N/A,N/A,N/A,N/A,FAIL(1),43.4
meta-llama/Meta-Llama-3.1-405B,a100,Sparse,131072,4,0.1,N/A,N/A,N/A,N/A,N/A,N/A,FAIL(1),100.7
meta-llama/Meta-Llama-3.1-405B,a100,Dense,131072,4,1.0,N/A,N/A,N/A,N/A,N/A,N/A,FAIL(1),116.8
meta-llama/Meta-Llama-3.1-405B,a100,NaiveSparse,131072,4,1.0,N/A,N/A,N/A,N/A,N/A,N/A,FAIL(1),116.8
meta-llama/Meta-Llama-3.1-405B,a40,Sparse,4096,8,0.1,N/A,N/A,N/A,N/A,N/A,N/A,FAIL(1),489.2
meta-llama/Meta-Llama-3.1-405B,a40,Dense,4096,8,1.0,N/A,N/A,N/A,N/A,N/A,N/A,FAIL(1),484.0
meta-llama/Meta-Llama-3.1-405B,a40,NaiveSparse,4096,8,1.0,N/A,N/A,N/A,N/A,N/A,N/A,FAIL(1),484.0
meta-llama/Meta-Llama-3.1-405B,a40,Sparse,4096,4,0.1,N/A,N/A,N/A,N/A,N/A,N/A,FAIL(1),519.1
meta-llama/Meta-Llama-3.1-405B,a40,Sparse,4096,16,0.1,N/A,N/A,N/A,N/A,N/A,N/A,FAIL(1),479.8
meta-llama/Meta-Llama-3.1-405B,a40,Sparse,4096,64,0.1,N/A,N/A,N/A,N/A,N/A,N/A,FAIL(1),6.0
meta-llama/Meta-Llama-3.1-405B,a40,Dense,4096,32,1.0,N/A,N/A,N/A,N/A,N/A,N/A,FAIL(1),6.4
meta-llama/Meta-Llama-3.1-405B,a40,NaiveSparse,4096,32,1.0,N/A,N/A,N/A,N/A,N/A,N/A,FAIL(1),6.4
meta-llama/Meta-Llama-3.1-405B,a40,Dense,4096,4,1.0,N/A,N/A,N/A,N/A,N/A,N/A,FAIL(1),499.1
meta-llama/Meta-Llama-3.1-405B,a40,NaiveSparse,4096,4,1.0,N/A,N/A,N/A,N/A,N/A,N/A,FAIL(1),499.1
meta-llama/Meta-Llama-3.1-405B,a40,Sparse,4096,128,0.1,N/A,N/A,N/A,N/A,N/A,N/A,FAIL(1),6.9
meta-llama/Meta-Llama-3.1-405B,a40,Dense,4096,64,1.0,N/A,N/A,N/A,N/A,N/A,N/A,FAIL(1),7.7
meta-llama/Meta-Llama-3.1-405B,a40,NaiveSparse,4096,64,1.0,N/A,N/A,N/A,N/A,N/A,N/A,FAIL(1),7.7
meta-llama/Meta-Llama-3.1-405B,a40,Sparse,4096,32,0.1,N/A,N/A,N/A,N/A,N/A,N/A,FAIL(1),411.6
meta-llama/Meta-Llama-3.1-405B,a40,Dense,4096,16,1.0,N/A,N/A,N/A,N/A,N/A,N/A,FAIL(1),434.3
meta-llama/Meta-Llama-3.1-405B,a40,NaiveSparse,4096,16,1.0,N/A,N/A,N/A,N/A,N/A,N/A,FAIL(1),434.3
meta-llama/Meta-Llama-3.1-405B,a40,Dense,4096,128,1.0,N/A,N/A,N/A,N/A,N/A,N/A,FAIL(1),7.2
meta-llama/Meta-Llama-3.1-405B,a40,NaiveSparse,4096,128,1.0,N/A,N/A,N/A,N/A,N/A,N/A,FAIL(1),7.2
meta-llama/Meta-Llama-3.1-405B,a40,Dense,8192,8,1.0,N/A,N/A,N/A,N/A,N/A,N/A,FAIL(1),8.4
meta-llama/Meta-Llama-3.1-405B,a40,NaiveSparse,8192,8,1.0,N/A,N/A,N/A,N/A,N/A,N/A,FAIL(1),8.4
meta-llama/Meta-Llama-3.1-405B,a40,Dense,8192,4,1.0,N/A,N/A,N/A,N/A,N/A,N/A,FAIL(1),10.0
meta-llama/Meta-Llama-3.1-405B,a40,NaiveSparse,8192,4,1.0,N/A,N/A,N/A,N/A,N/A,N/A,FAIL(1),10.0
meta-llama/Meta-Llama-3.1-405B,a40,Sparse,8192,8,0.1,N/A,N/A,N/A,N/A,N/A,N/A,FAIL(1),9.7
meta-llama/Meta-Llama-3.1-405B,a40,Sparse,8192,4,0.1,N/A,N/A,N/A,N/A,N/A,N/A,FAIL(1),11.1
meta-llama/Meta-Llama-3.1-405B,a40,Sparse,8192,16,0.1,N/A,N/A,N/A,N/A,N/A,N/A,FAIL(1),10.2
meta-llama/Meta-Llama-3.1-405B,a40,Dense,8192,16,1.0,N/A,N/A,N/A,N/A,N/A,N/A,FAIL(1),5.9
meta-llama/Meta-Llama-3.1-405B,a40,NaiveSparse,8192,16,1.0,N/A,N/A,N/A,N/A,N/A,N/A,FAIL(1),5.9
meta-llama/Meta-Llama-3.1-405B,a40,Sparse,8192,32,0.1,N/A,N/A,N/A,N/A,N/A,N/A,FAIL(1),5.1
meta-llama/Meta-Llama-3.1-405B,a40,Dense,8192,32,1.0,N/A,N/A,N/A,N/A,N/A,N/A,FAIL(1),4.4
meta-llama/Meta-Llama-3.1-405B,a40,NaiveSparse,8192,32,1.0,N/A,N/A,N/A,N/A,N/A,N/A,FAIL(1),4.4
meta-llama/Meta-Llama-3.1-405B,a40,Sparse,8192,64,0.1,N/A,N/A,N/A,N/A,N/A,N/A,FAIL(1),4.5
meta-llama/Meta-Llama-3.1-405B,a40,Dense,8192,64,1.0,N/A,N/A,N/A,N/A,N/A,N/A,FAIL(1),4.5
meta-llama/Meta-Llama-3.1-405B,a40,NaiveSparse,8192,64,1.0,N/A,N/A,N/A,N/A,N/A,N/A,FAIL(1),4.5
meta-llama/Meta-Llama-3.1-405B,a40,Sparse,16384,4,0.1,N/A,N/A,N/A,N/A,N/A,N/A,FAIL(1),12.2
meta-llama/Meta-Llama-3.1-405B,a40,Dense,16384,16,1.0,N/A,N/A,N/A,N/A,N/A,N/A,FAIL(1),9.5
meta-llama/Meta-Llama-3.1-405B,a40,NaiveSparse,16384,16,1.0,N/A,N/A,N/A,N/A,N/A,N/A,FAIL(1),9.5
meta-llama/Meta-Llama-3.1-405B,a40,Sparse,16384,8,0.1,N/A,N/A,N/A,N/A,N/A,N/A,FAIL(1),13.4
meta-llama/Meta-Llama-3.1-405B,a40,Sparse,16384,16,0.1,N/A,N/A,N/A,N/A,N/A,N/A,FAIL(1),12.1
meta-llama/Meta-Llama-3.1-405B,a40,Dense,16384,8,1.0,N/A,N/A,N/A,N/A,N/A,N/A,FAIL(1),15.3
meta-llama/Meta-Llama-3.1-405B,a40,NaiveSparse,16384,8,1.0,N/A,N/A,N/A,N/A,N/A,N/A,FAIL(1),15.3
meta-llama/Meta-Llama-3.1-405B,a40,Sparse,16384,32,0.1,N/A,N/A,N/A,N/A,N/A,N/A,FAIL(1),13.2
meta-llama/Meta-Llama-3.1-405B,a40,Dense,16384,4,1.0,N/A,N/A,N/A,N/A,N/A,N/A,FAIL(1),17.6
meta-llama/Meta-Llama-3.1-405B,a40,NaiveSparse,16384,4,1.0,N/A,N/A,N/A,N/A,N/A,N/A,FAIL(1),17.6
meta-llama/Meta-Llama-3.1-405B,a40,Dense,16384,32,1.0,N/A,N/A,N/A,N/A,N/A,N/A,FAIL(1),6.5
meta-llama/Meta-Llama-3.1-405B,a40,NaiveSparse,16384,32,1.0,N/A,N/A,N/A,N/A,N/A,N/A,FAIL(1),6.5
meta-llama/Meta-Llama-3.1-405B,a40,Dense,32768,4,1.0,N/A,N/A,N/A,N/A,N/A,N/A,FAIL(1),17.8
meta-llama/Meta-Llama-3.1-405B,a40,NaiveSparse,32768,4,1.0,N/A,N/A,N/A,N/A,N/A,N/A,FAIL(1),17.8
meta-llama/Meta-Llama-3.1-405B,a40,Dense,32768,8,1.0,N/A,N/A,N/A,N/A,N/A,N/A,FAIL(1),17.5
meta-llama/Meta-Llama-3.1-405B,a40,NaiveSparse,32768,8,1.0,N/A,N/A,N/A,N/A,N/A,N/A,FAIL(1),17.5
meta-llama/Meta-Llama-3.1-405B,a40,Sparse,32768,8,0.1,N/A,N/A,N/A,N/A,N/A,N/A,FAIL(1),20.4
meta-llama/Meta-Llama-3.1-405B,a40,Sparse,32768,16,0.1,N/A,N/A,N/A,N/A,N/A,N/A,FAIL(1),20.3
meta-llama/Meta-Llama-3.1-405B,a40,Sparse,32768,4,0.1,N/A,N/A,N/A,N/A,N/A,N/A,FAIL(1),26.4
meta-llama/Meta-Llama-3.1-405B,a40,Dense,32768,16,1.0,N/A,N/A,N/A,N/A,N/A,N/A,FAIL(1),23.2
meta-llama/Meta-Llama-3.1-405B,a40,NaiveSparse,32768,16,1.0,N/A,N/A,N/A,N/A,N/A,N/A,FAIL(1),23.2
meta-llama/Meta-Llama-3.1-405B,a40,Sparse,65536,4,0.1,N/A,N/A,N/A,N/A,N/A,N/A,FAIL(1),23.0
meta-llama/Meta-Llama-3.1-405B,a40,Dense,65536,8,1.0,N/A,N/A,N/A,N/A,N/A,N/A,FAIL(1),7.3
meta-llama/Meta-Llama-3.1-405B,a40,NaiveSparse,65536,8,1.0,N/A,N/A,N/A,N/A,N/A,N/A,FAIL(1),7.3
meta-llama/Meta-Llama-3.1-405B,a40,Dense,65536,4,1.0,N/A,N/A,N/A,N/A,N/A,N/A,FAIL(1),18.0
meta-llama/Meta-Llama-3.1-405B,a40,NaiveSparse,65536,4,1.0,N/A,N/A,N/A,N/A,N/A,N/A,FAIL(1),18.0
meta-llama/Meta-Llama-3.1-405B,a40,Sparse,65536,8,0.1,N/A,N/A,N/A,N/A,N/A,N/A,FAIL(1),28.1
meta-llama/Meta-Llama-3.1-405B,a40,Dense,131072,4,1.0,N/A,N/A,N/A,N/A,N/A,N/A,FAIL(1),154.9
meta-llama/Meta-Llama-3.1-405B,a40,NaiveSparse,131072,4,1.0,N/A,N/A,N/A,N/A,N/A,N/A,FAIL(1),154.9
meta-llama/Meta-Llama-3.1-405B,a40,Sparse,131072,4,0.1,N/A,N/A,N/A,N/A,N/A,N/A,FAIL(1),172.5
meta-llama/Meta-Llama-3.1-405B,h100,Sparse,4096,32,0.1,N/A,N/A,N/A,N/A,N/A,N/A,FAIL(1),441.2
meta-llama/Meta-Llama-3.1-405B,h100,Sparse,4096,8,0.1,N/A,N/A,N/A,N/A,N/A,N/A,FAIL(1),609.5
meta-llama/Meta-Llama-3.1-405B,h100,Dense,4096,16,1.0,N/A,N/A,N/A,N/A,N/A,N/A,FAIL(1),458.4
meta-llama/Meta-Llama-3.1-405B,h100,NaiveSparse,4096,16,1.0,N/A,N/A,N/A,N/A,N/A,N/A,FAIL(1),458.4
meta-llama/Meta-Llama-3.1-405B,h100,Sparse,4096,4,0.1,N/A,N/A,N/A,N/A,N/A,N/A,FAIL(1),616.2
meta-llama/Meta-Llama-3.1-405B,h100,Dense,4096,32,1.0,N/A,N/A,N/A,N/A,N/A,N/A,FAIL(1),7.3
meta-llama/Meta-Llama-3.1-405B,h100,NaiveSparse,4096,32,1.0,N/A,N/A,N/A,N/A,N/A,N/A,FAIL(1),7.3
meta-llama/Meta-Llama-3.1-405B,h100,Dense,4096,4,1.0,N/A,N/A,N/A,N/A,N/A,N/A,FAIL(1),617.0
meta-llama/Meta-Llama-3.1-405B,h100,NaiveSparse,4096,4,1.0,N/A,N/A,N/A,N/A,N/A,N/A,FAIL(1),617.0
meta-llama/Meta-Llama-3.1-405B,h100,Dense,4096,8,1.0,N/A,N/A,N/A,N/A,N/A,N/A,FAIL(1),608.8
meta-llama/Meta-Llama-3.1-405B,h100,NaiveSparse,4096,8,1.0,N/A,N/A,N/A,N/A,N/A,N/A,FAIL(1),608.8
meta-llama/Meta-Llama-3.1-405B,h100,Sparse,4096,64,0.1,N/A,N/A,N/A,N/A,N/A,N/A,FAIL(1),6.4
meta-llama/Meta-Llama-3.1-405B,h100,Sparse,4096,16,0.1,N/A,N/A,N/A,N/A,N/A,N/A,FAIL(1),597.0
meta-llama/Meta-Llama-3.1-405B,h100,Dense,4096,64,1.0,N/A,N/A,N/A,N/A,N/A,N/A,FAIL(1),6.2
meta-llama/Meta-Llama-3.1-405B,h100,NaiveSparse,4096,64,1.0,N/A,N/A,N/A,N/A,N/A,N/A,FAIL(1),6.2
meta-llama/Meta-Llama-3.1-405B,h100,Sparse,4096,128,0.1,N/A,N/A,N/A,N/A,N/A,N/A,FAIL(1),4.0
meta-llama/Meta-Llama-3.1-405B,h100,Dense,4096,128,1.0,N/A,N/A,N/A,N/A,N/A,N/A,FAIL(1),3.8
meta-llama/Meta-Llama-3.1-405B,h100,NaiveSparse,4096,128,1.0,N/A,N/A,N/A,N/A,N/A,N/A,FAIL(1),3.8
meta-llama/Meta-Llama-3.1-405B,h100,Sparse,8192,8,0.1,N/A,N/A,N/A,N/A,N/A,N/A,FAIL(1),7.1
meta-llama/Meta-Llama-3.1-405B,h100,Sparse,8192,16,0.1,N/A,N/A,N/A,N/A,N/A,N/A,FAIL(1),7.4
meta-llama/Meta-Llama-3.1-405B,h100,Dense,8192,4,1.0,N/A,N/A,N/A,N/A,N/A,N/A,FAIL(1),8.1
meta-llama/Meta-Llama-3.1-405B,h100,NaiveSparse,8192,4,1.0,N/A,N/A,N/A,N/A,N/A,N/A,FAIL(1),8.1
meta-llama/Meta-Llama-3.1-405B,h100,Sparse,8192,4,0.1,N/A,N/A,N/A,N/A,N/A,N/A,FAIL(1),8.6
meta-llama/Meta-Llama-3.1-405B,h100,Sparse,8192,32,0.1,N/A,N/A,N/A,N/A,N/A,N/A,FAIL(1),4.9
meta-llama/Meta-Llama-3.1-405B,h100,Dense,8192,16,1.0,N/A,N/A,N/A,N/A,N/A,N/A,FAIL(1),6.2
meta-llama/Meta-Llama-3.1-405B,h100,NaiveSparse,8192,16,1.0,N/A,N/A,N/A,N/A,N/A,N/A,FAIL(1),6.2
meta-llama/Meta-Llama-3.1-405B,h100,Dense,8192,8,1.0,N/A,N/A,N/A,N/A,N/A,N/A,FAIL(1),9.6
meta-llama/Meta-Llama-3.1-405B,h100,NaiveSparse,8192,8,1.0,N/A,N/A,N/A,N/A,N/A,N/A,FAIL(1),9.6
meta-llama/Meta-Llama-3.1-405B,h100,Dense,8192,32,1.0,N/A,N/A,N/A,N/A,N/A,N/A,FAIL(1),3.7
meta-llama/Meta-Llama-3.1-405B,h100,NaiveSparse,8192,32,1.0,N/A,N/A,N/A,N/A,N/A,N/A,FAIL(1),3.7
meta-llama/Meta-Llama-3.1-405B,h100,Sparse,8192,64,0.1,N/A,N/A,N/A,N/A,N/A,N/A,FAIL(1),3.9
meta-llama/Meta-Llama-3.1-405B,h100,Dense,8192,64,1.0,N/A,N/A,N/A,N/A,N/A,N/A,FAIL(1),3.9
meta-llama/Meta-Llama-3.1-405B,h100,NaiveSparse,8192,64,1.0,N/A,N/A,N/A,N/A,N/A,N/A,FAIL(1),3.9
meta-llama/Meta-Llama-3.1-405B,h100,Dense,16384,4,1.0,N/A,N/A,N/A,N/A,N/A,N/A,FAIL(1),10.0
meta-llama/Meta-Llama-3.1-405B,h100,NaiveSparse,16384,4,1.0,N/A,N/A,N/A,N/A,N/A,N/A,FAIL(1),10.0
meta-llama/Meta-Llama-3.1-405B,h100,Dense,16384,16,1.0,N/A,N/A,N/A,N/A,N/A,N/A,FAIL(1),7.8
meta-llama/Meta-Llama-3.1-405B,h100,NaiveSparse,16384,16,1.0,N/A,N/A,N/A,N/A,N/A,N/A,FAIL(1),7.8
meta-llama/Meta-Llama-3.1-405B,h100,Dense,16384,8,1.0,N/A,N/A,N/A,N/A,N/A,N/A,FAIL(1),10.6
meta-llama/Meta-Llama-3.1-405B,h100,NaiveSparse,16384,8,1.0,N/A,N/A,N/A,N/A,N/A,N/A,FAIL(1),10.6
meta-llama/Meta-Llama-3.1-405B,h100,Sparse,16384,8,0.1,N/A,N/A,N/A,N/A,N/A,N/A,FAIL(1),12.2
meta-llama/Meta-Llama-3.1-405B,h100,Sparse,16384,4,0.1,N/A,N/A,N/A,N/A,N/A,N/A,FAIL(1),13.8
meta-llama/Meta-Llama-3.1-405B,h100,Sparse,16384,16,0.1,N/A,N/A,N/A,N/A,N/A,N/A,FAIL(1),12.5
meta-llama/Meta-Llama-3.1-405B,h100,Dense,16384,32,1.0,N/A,N/A,N/A,N/A,N/A,N/A,FAIL(1),4.9
meta-llama/Meta-Llama-3.1-405B,h100,NaiveSparse,16384,32,1.0,N/A,N/A,N/A,N/A,N/A,N/A,FAIL(1),4.9
meta-llama/Meta-Llama-3.1-405B,h100,Sparse,16384,32,0.1,N/A,N/A,N/A,N/A,N/A,N/A,FAIL(1),12.6
meta-llama/Meta-Llama-3.1-405B,h100,Sparse,32768,4,0.1,N/A,N/A,N/A,N/A,N/A,N/A,FAIL(1),15.6
meta-llama/Meta-Llama-3-8B,h100,Dense,524288,4,1.0,-1.62,-1.02,648.85,715.95,11.18,2724.38,OK,1672.2
meta-llama/Meta-Llama-3-8B,h100,NaiveSparse,524288,4,1.0,-1.62,-1.02,648.85,715.95,11.18,2724.38,OK,1672.2
meta-llama/Meta-Llama-3.1-405B,h100,Dense,32768,4,1.0,N/A,N/A,N/A,N/A,N/A,N/A,FAIL(1),16.6
meta-llama/Meta-Llama-3.1-405B,h100,NaiveSparse,32768,4,1.0,N/A,N/A,N/A,N/A,N/A,N/A,FAIL(1),16.6
meta-llama/Meta-Llama-3.1-405B,h100,Sparse,32768,8,0.1,N/A,N/A,N/A,N/A,N/A,N/A,FAIL(1),17.5
meta-llama/Meta-Llama-3.1-405B,h100,Dense,32768,8,1.0,N/A,N/A,N/A,N/A,N/A,N/A,FAIL(1),18.5
meta-llama/Meta-Llama-3.1-405B,h100,NaiveSparse,32768,8,1.0,N/A,N/A,N/A,N/A,N/A,N/A,FAIL(1),18.5
meta-llama/Meta-Llama-3.1-405B,h100,Sparse,32768,16,0.1,N/A,N/A,N/A,N/A,N/A,N/A,FAIL(1),19.3
meta-llama/Meta-Llama-3.1-405B,h100,Sparse,65536,4,0.1,N/A,N/A,N/A,N/A,N/A,N/A,FAIL(1),19.5
meta-llama/Meta-Llama-3.1-405B,h100,Dense,32768,16,1.0,N/A,N/A,N/A,N/A,N/A,N/A,FAIL(1),21.3
meta-llama/Meta-Llama-3.1-405B,h100,NaiveSparse,32768,16,1.0,N/A,N/A,N/A,N/A,N/A,N/A,FAIL(1),21.3
meta-llama/Meta-Llama-3.1-405B,h100,Dense,65536,4,1.0,N/A,N/A,N/A,N/A,N/A,N/A,FAIL(1),11.8
meta-llama/Meta-Llama-3.1-405B,h100,NaiveSparse,65536,4,1.0,N/A,N/A,N/A,N/A,N/A,N/A,FAIL(1),11.8
meta-llama/Meta-Llama-3.1-405B,h100,Sparse,65536,8,0.1,N/A,N/A,N/A,N/A,N/A,N/A,FAIL(1),12.4
microsoft/phi-2,a100,Sparse,4096,4,0.1,-1.62,-1.02,19.00,21.05,384.67,0.00,OK,7.3
meta-llama/Meta-Llama-3.1-405B,h100,Dense,65536,8,1.0,N/A,N/A,N/A,N/A,N/A,N/A,FAIL(1),13.8
meta-llama/Meta-Llama-3.1-405B,h100,NaiveSparse,65536,8,1.0,N/A,N/A,N/A,N/A,N/A,N/A,FAIL(1),13.8
microsoft/phi-2,a100,Sparse,4096,8,0.1,-1.62,-1.02,15.99,15.99,508.50,0.00,OK,6.4
microsoft/phi-2,a100,Dense,4096,4,1.0,-1.62,-1.02,19.00,21.05,384.67,0.00,OK,8.6
microsoft/phi-2,a100,NaiveSparse,4096,4,1.0,-1.62,-1.02,19.00,21.05,384.67,0.00,OK,8.6
microsoft/phi-2,a100,Sparse,4096,16,0.1,-1.62,-1.02,15.99,15.99,508.50,0.00,OK,4.4
microsoft/phi-2,a100,Dense,4096,8,1.0,-1.62,-1.02,15.99,15.99,508.50,0.00,OK,6.9
microsoft/phi-2,a100,NaiveSparse,4096,8,1.0,-1.62,-1.02,15.99,15.99,508.50,0.00,OK,6.9
microsoft/phi-2,a100,Sparse,4096,32,0.1,-1.62,-1.02,15.99,15.99,508.50,0.00,OK,4.6
microsoft/phi-2,a100,Dense,4096,16,1.0,-1.62,-1.02,15.99,15.99,508.50,0.00,OK,7.0
microsoft/phi-2,a100,NaiveSparse,4096,16,1.0,-1.62,-1.02,15.99,15.99,508.50,0.00,OK,7.0
microsoft/phi-2,a100,Sparse,4096,64,0.1,-1.62,-1.02,15.99,15.99,508.50,0.00,OK,4.6
microsoft/phi-2,a100,Dense,4096,32,1.0,-1.62,-1.02,15.99,15.99,508.50,0.00,OK,6.9
microsoft/phi-2,a100,NaiveSparse,4096,32,1.0,-1.62,-1.02,15.99,15.99,508.50,0.00,OK,6.9
microsoft/phi-2,a100,Sparse,4096,128,0.1,-1.62,-1.02,15.99,15.99,508.50,0.00,OK,4.5
microsoft/phi-2,a100,Dense,4096,64,1.0,-1.62,-1.02,15.99,15.99,508.50,0.00,OK,7.0
microsoft/phi-2,a100,NaiveSparse,4096,64,1.0,-1.62,-1.02,15.99,15.99,508.50,0.00,OK,7.0
microsoft/phi-2,a100,Dense,4096,128,1.0,-1.62,-1.02,15.99,15.99,508.50,0.00,OK,6.8
microsoft/phi-2,a100,NaiveSparse,4096,128,1.0,-1.62,-1.02,15.99,15.99,508.50,0.00,OK,6.8
microsoft/phi-2,a100,Sparse,8192,4,0.1,-1.62,-1.02,19.00,21.05,384.67,0.00,OK,9.1
meta-llama/Meta-Llama-3.1-405B,h100,Sparse,131072,4,0.1,N/A,N/A,N/A,N/A,N/A,N/A,FAIL(1),29.1
microsoft/phi-2,a100,Sparse,8192,16,0.1,-1.62,-1.02,15.99,15.99,508.50,0.00,OK,7.7
microsoft/phi-2,a100,Sparse,8192,8,0.1,-1.62,-1.02,15.99,15.99,508.50,0.00,OK,10.5
meta-llama/Meta-Llama-3.1-405B,h100,Dense,131072,4,1.0,N/A,N/A,N/A,N/A,N/A,N/A,FAIL(1),29.0
meta-llama/Meta-Llama-3.1-405B,h100,NaiveSparse,131072,4,1.0,N/A,N/A,N/A,N/A,N/A,N/A,FAIL(1),29.0
microsoft/phi-2,a100,Sparse,8192,32,0.1,-1.62,-1.02,15.99,15.99,508.50,0.00,OK,4.8
microsoft/phi-2,a100,Dense,8192,8,1.0,-1.62,-1.02,28.91,28.91,279.14,51.71,OK,13.2
microsoft/phi-2,a100,NaiveSparse,8192,8,1.0,-1.62,-1.02,28.91,28.91,279.14,51.71,OK,13.2
microsoft/phi-2,a100,Dense,8192,4,1.0,-1.62,-1.02,26.30,28.93,278.96,31.52,OK,14.4
microsoft/phi-2,a100,NaiveSparse,8192,4,1.0,-1.62,-1.02,26.30,28.93,278.96,31.52,OK,14.4
microsoft/phi-2,a100,Dense,8192,16,1.0,-1.62,-1.02,28.91,28.91,279.14,51.71,OK,10.0
microsoft/phi-2,a100,NaiveSparse,8192,16,1.0,-1.62,-1.02,28.91,28.91,279.14,51.71,OK,10.0
microsoft/phi-2,a100,Sparse,8192,64,0.1,-1.62,-1.02,15.99,15.99,508.50,0.00,OK,4.9
microsoft/phi-2,a100,Sparse,8192,128,0.1,-1.62,-1.02,15.99,15.99,508.50,0.00,OK,5.1
microsoft/phi-2,a100,Dense,8192,32,1.0,-1.62,-1.02,28.91,28.91,279.14,51.71,OK,9.6
microsoft/phi-2,a100,NaiveSparse,8192,32,1.0,-1.62,-1.02,28.91,28.91,279.14,51.71,OK,9.6
microsoft/phi-2,a100,Dense,8192,64,1.0,-1.62,-1.02,28.91,28.91,279.14,51.71,OK,9.8
microsoft/phi-2,a100,NaiveSparse,8192,64,1.0,-1.62,-1.02,28.91,28.91,279.14,51.71,OK,9.8
microsoft/phi-2,a100,Dense,8192,128,1.0,-1.62,-1.02,28.91,28.91,279.14,51.71,OK,9.6
microsoft/phi-2,a100,NaiveSparse,8192,128,1.0,-1.62,-1.02,28.91,28.91,279.14,51.71,OK,9.6
microsoft/phi-2,a100,Sparse,16384,8,0.1,-1.62,-1.02,15.99,15.99,508.50,0.00,OK,12.6
microsoft/phi-2,a100,Sparse,16384,4,0.1,-1.62,-1.02,19.00,21.05,384.67,0.00,OK,14.1
microsoft/phi-2,a100,Sparse,16384,32,0.1,-1.62,-1.02,15.99,15.99,508.50,0.00,OK,8.4
microsoft/phi-2,a100,Sparse,16384,16,0.1,-1.62,-1.02,15.99,15.99,508.50,0.00,OK,11.8
microsoft/phi-2,a100,Sparse,16384,64,0.1,-1.62,-1.02,15.99,15.99,508.50,0.00,OK,5.7
microsoft/phi-2,a100,Dense,16384,8,1.0,-1.62,-1.02,56.24,56.24,142.90,161.00,OK,24.1
microsoft/phi-2,a100,NaiveSparse,16384,8,1.0,-1.62,-1.02,56.24,56.24,142.90,161.00,OK,24.1
microsoft/phi-2,a100,Dense,16384,4,1.0,-1.62,-1.02,51.00,56.25,142.86,140.81,OK,25.5
microsoft/phi-2,a100,NaiveSparse,16384,4,1.0,-1.62,-1.02,51.00,56.25,142.86,140.81,OK,25.5
microsoft/phi-2,a100,Dense,16384,16,1.0,-1.62,-1.02,56.24,56.24,142.90,161.00,OK,21.4
microsoft/phi-2,a100,NaiveSparse,16384,16,1.0,-1.62,-1.02,56.24,56.24,142.90,161.00,OK,21.4
microsoft/phi-2,a100,Dense,16384,32,1.0,-1.62,-1.02,56.24,56.24,142.90,161.00,OK,18.5
microsoft/phi-2,a100,NaiveSparse,16384,32,1.0,-1.62,-1.02,56.24,56.24,142.90,161.00,OK,18.5
microsoft/phi-2,a100,Dense,16384,64,1.0,-1.62,-1.02,56.24,56.24,142.90,161.00,OK,14.9
microsoft/phi-2,a100,NaiveSparse,16384,64,1.0,-1.62,-1.02,56.24,56.24,142.90,161.00,OK,14.9
microsoft/phi-2,a100,Sparse,32768,32,0.1,-1.62,-1.02,15.99,15.99,508.50,0.00,OK,8.7
microsoft/phi-2,a100,Sparse,32768,4,0.1,-1.62,-1.02,19.00,21.05,384.67,0.00,OK,23.1
microsoft/phi-2,a100,Sparse,32768,8,0.1,-1.62,-1.02,15.99,15.99,508.50,0.00,OK,21.7
microsoft/phi-2,a100,Sparse,32768,16,0.1,-1.62,-1.02,15.99,15.99,508.50,0.00,OK,17.0
microsoft/phi-2,a100,Dense,32768,4,1.0,-1.62,-1.02,101.68,112.17,71.48,364.48,OK,37.4
microsoft/phi-2,a100,NaiveSparse,32768,4,1.0,-1.62,-1.02,101.68,112.17,71.48,364.48,OK,37.4
microsoft/phi-2,a100,Dense,32768,16,1.0,-1.62,-1.02,112.16,112.16,71.49,384.67,OK,26.7
microsoft/phi-2,a100,NaiveSparse,32768,16,1.0,-1.62,-1.02,112.16,112.16,71.49,384.67,OK,26.7
microsoft/phi-2,a100,Dense,32768,32,1.0,-1.62,-1.02,112.16,112.16,71.49,384.67,OK,27.5
microsoft/phi-2,a100,NaiveSparse,32768,32,1.0,-1.62,-1.02,112.16,112.16,71.49,384.67,OK,27.5
microsoft/phi-2,a100,Dense,32768,8,1.0,-1.62,-1.02,112.16,112.16,71.49,384.67,OK,37.1
microsoft/phi-2,a100,NaiveSparse,32768,8,1.0,-1.62,-1.02,112.16,112.16,71.49,384.67,OK,37.1
microsoft/phi-2,a100,Sparse,65536,16,0.1,-1.62,-1.02,23.48,23.48,344.49,29.96,OK,11.3
microsoft/phi-2,a100,Sparse,65536,4,0.1,-1.62,-1.02,21.39,23.50,344.22,9.77,OK,29.6
microsoft/phi-2,a100,Sparse,65536,8,0.1,-1.62,-1.02,23.48,23.48,344.49,29.96,OK,29.2
microsoft/phi-2,a100,Dense,65536,8,1.0,-1.62,-1.02,223.99,223.99,35.76,832.02,OK,56.6
microsoft/phi-2,a100,NaiveSparse,65536,8,1.0,-1.62,-1.02,223.99,223.99,35.76,832.02,OK,56.6
microsoft/phi-2,a100,Sparse,131072,4,0.1,-1.62,-1.02,40.94,45.13,178.26,96.32,OK,43.9
microsoft/phi-2,a100,Dense,65536,4,1.0,-1.62,-1.02,203.03,224.01,35.75,811.83,OK,62.2
microsoft/phi-2,a100,NaiveSparse,65536,4,1.0,-1.62,-1.02,203.03,224.01,35.75,811.83,OK,62.2
microsoft/phi-2,a100,Sparse,131072,8,0.1,-1.62,-1.02,45.11,45.11,178.33,116.51,OK,40.0
microsoft/phi-2,a100,Dense,65536,16,1.0,-1.62,-1.02,223.99,223.99,35.76,832.02,OK,55.3
microsoft/phi-2,a100,NaiveSparse,65536,16,1.0,-1.62,-1.02,223.99,223.99,35.76,832.02,OK,55.3
microsoft/phi-2,a100,Sparse,262144,4,0.1,-1.62,-1.02,81.35,89.74,89.40,274.76,OK,229.5
microsoft/phi-2,a100,Dense,131072,4,1.0,-1.62,-1.02,405.74,447.68,17.88,1706.53,OK,454.4
microsoft/phi-2,a100,NaiveSparse,131072,4,1.0,-1.62,-1.02,405.74,447.68,17.88,1706.53,OK,454.4
microsoft/phi-2,a100,Dense,131072,8,1.0,-1.62,-1.02,447.67,447.67,17.88,1726.72,OK,468.2
microsoft/phi-2,a100,NaiveSparse,131072,8,1.0,-1.62,-1.02,447.67,447.67,17.88,1726.72,OK,468.2
microsoft/phi-2,a40,Sparse,4096,32,0.1,-1.62,-1.02,35.37,35.37,227.81,0.00,OK,14.6
microsoft/phi-2,a40,Sparse,4096,4,0.1,-1.62,-1.02,39.15,44.19,182.09,0.00,OK,448.6
microsoft/phi-2,a40,Sparse,4096,16,0.1,-1.62,-1.02,35.38,35.38,227.76,0.00,OK,254.0
microsoft/phi-2,a40,Sparse,4096,8,0.1,-1.62,-1.02,35.39,35.39,227.69,0.00,OK,455.3
microsoft/phi-2,a40,Sparse,4096,64,0.1,-1.62,-1.02,35.40,35.40,227.64,0.00,OK,10.4
microsoft/phi-2,a40,Dense,4096,4,1.0,-1.62,-1.02,39.10,44.13,182.34,0.00,OK,460.3
microsoft/phi-2,a40,NaiveSparse,4096,4,1.0,-1.62,-1.02,39.10,44.13,182.34,0.00,OK,460.3
microsoft/phi-2,a40,Dense,4096,8,1.0,-1.62,-1.02,35.38,35.38,227.77,0.00,OK,454.4
microsoft/phi-2,a40,NaiveSparse,4096,8,1.0,-1.62,-1.02,35.38,35.38,227.77,0.00,OK,454.4
microsoft/phi-2,a40,Dense,4096,32,1.0,-1.62,-1.02,35.40,35.40,227.64,0.00,OK,15.4
microsoft/phi-2,a40,NaiveSparse,4096,32,1.0,-1.62,-1.02,35.40,35.40,227.64,0.00,OK,15.4
microsoft/phi-2,a40,Dense,4096,64,1.0,-1.62,-1.02,35.40,35.40,227.64,0.00,OK,14.5
microsoft/phi-2,a40,NaiveSparse,4096,64,1.0,-1.62,-1.02,35.40,35.40,227.64,0.00,OK,14.5
microsoft/phi-2,a40,Sparse,4096,128,0.1,-1.62,-1.02,35.40,35.40,227.64,0.00,OK,8.9
microsoft/phi-2,a40,Dense,4096,128,1.0,-1.62,-1.02,35.40,35.40,227.64,0.00,OK,12.5
microsoft/phi-2,a40,NaiveSparse,4096,128,1.0,-1.62,-1.02,35.40,35.40,227.64,0.00,OK,12.5
microsoft/phi-2,a40,Sparse,8192,4,0.1,-1.62,-1.02,39.15,44.18,182.12,0.00,OK,14.7
microsoft/phi-2,a40,Sparse,8192,16,0.1,-1.62,-1.02,35.40,35.40,227.65,0.00,OK,7.9
microsoft/phi-2,a40,Sparse,8192,8,0.1,-1.62,-1.02,35.40,35.40,227.65,0.00,OK,13.0
microsoft/phi-2,a40,Dense,8192,4,1.0,-1.62,-1.02,39.15,44.18,182.12,0.00,OK,16.3
microsoft/phi-2,a40,NaiveSparse,8192,4,1.0,-1.62,-1.02,39.15,44.18,182.12,0.00,OK,16.3
microsoft/phi-2,a40,Sparse,8192,32,0.1,-1.62,-1.02,35.40,35.40,227.65,0.00,OK,5.1
microsoft/phi-2,a40,Dense,8192,8,1.0,-1.62,-1.02,35.40,35.40,227.65,0.00,OK,13.7
microsoft/phi-2,a40,NaiveSparse,8192,8,1.0,-1.62,-1.02,35.40,35.40,227.65,0.00,OK,13.7
microsoft/phi-2,a40,Sparse,8192,64,0.1,-1.62,-1.02,35.40,35.40,227.65,0.00,OK,4.5
microsoft/phi-2,a40,Dense,8192,16,1.0,-1.62,-1.02,35.40,35.40,227.65,0.00,OK,11.1
microsoft/phi-2,a40,NaiveSparse,8192,16,1.0,-1.62,-1.02,35.40,35.40,227.65,0.00,OK,11.1
microsoft/phi-2,a40,Sparse,8192,128,0.1,-1.62,-1.02,35.40,35.40,227.65,0.00,OK,4.5
microsoft/phi-2,a40,Dense,8192,32,1.0,-1.62,-1.02,35.40,35.40,227.65,0.00,OK,9.4
microsoft/phi-2,a40,NaiveSparse,8192,32,1.0,-1.62,-1.02,35.40,35.40,227.65,0.00,OK,9.4
microsoft/phi-2,a40,Dense,8192,64,1.0,-1.62,-1.02,35.40,35.40,227.65,0.00,OK,9.6
microsoft/phi-2,a40,NaiveSparse,8192,64,1.0,-1.62,-1.02,35.40,35.40,227.65,0.00,OK,9.6
microsoft/phi-2,a40,Dense,4096,16,1.0,-1.62,-1.02,35.37,35.37,227.81,0.00,OK,72.9
microsoft/phi-2,a40,NaiveSparse,4096,16,1.0,-1.62,-1.02,35.37,35.37,227.81,0.00,OK,72.9
microsoft/phi-2,a40,Dense,8192,128,1.0,-1.62,-1.02,35.40,35.40,227.65,0.00,OK,9.8
microsoft/phi-2,a40,NaiveSparse,8192,128,1.0,-1.62,-1.02,35.40,35.40,227.65,0.00,OK,9.8
microsoft/phi-2,a40,Sparse,16384,4,0.1,-1.62,-1.02,39.15,44.18,182.12,0.00,OK,11.3
microsoft/phi-2,a40,Sparse,16384,8,0.1,-1.62,-1.02,35.37,35.37,227.80,0.00,OK,9.4
microsoft/phi-2,a40,Sparse,16384,16,0.1,-1.62,-1.02,35.37,35.37,227.80,0.00,OK,5.5
microsoft/phi-2,a40,Sparse,16384,32,0.1,-1.62,-1.02,35.37,35.37,227.80,0.00,OK,5.3
microsoft/phi-2,a40,Sparse,16384,64,0.1,-1.62,-1.02,35.37,35.37,227.80,0.00,OK,5.3
microsoft/phi-2,a40,Dense,16384,4,1.0,-1.62,-1.02,52.53,57.78,139.06,54.37,OK,17.9
microsoft/phi-2,a40,NaiveSparse,16384,4,1.0,-1.62,-1.02,52.53,57.78,139.06,54.37,OK,17.9
microsoft/phi-2,a40,Dense,16384,16,1.0,-1.62,-1.02,57.77,57.77,139.10,89.58,OK,14.6
microsoft/phi-2,a40,NaiveSparse,16384,16,1.0,-1.62,-1.02,57.77,57.77,139.10,89.58,OK,14.6
microsoft/phi-2,a40,Dense,16384,8,1.0,-1.62,-1.02,57.77,57.77,139.10,89.58,OK,19.2
microsoft/phi-2,a40,NaiveSparse,16384,8,1.0,-1.62,-1.02,57.77,57.77,139.10,89.58,OK,19.2
microsoft/phi-2,a40,Dense,16384,32,1.0,-1.62,-1.02,57.77,57.77,139.10,89.58,OK,14.5
microsoft/phi-2,a40,NaiveSparse,16384,32,1.0,-1.62,-1.02,57.77,57.77,139.10,89.58,OK,14.5
microsoft/phi-2,a40,Dense,16384,64,1.0,-1.62,-1.02,57.77,57.77,139.10,89.58,OK,14.3
microsoft/phi-2,a40,NaiveSparse,16384,64,1.0,-1.62,-1.02,57.77,57.77,139.10,89.58,OK,14.3
microsoft/phi-2,a40,Sparse,32768,4,0.1,-1.62,-1.02,39.16,44.19,182.08,0.00,OK,16.9
microsoft/phi-2,a40,Sparse,32768,8,0.1,-1.62,-1.02,35.37,35.37,227.80,0.00,OK,14.5
microsoft/phi-2,a40,Sparse,32768,32,0.1,-1.62,-1.02,35.37,35.37,227.80,0.00,OK,9.4
microsoft/phi-2,a40,Sparse,32768,16,0.1,-1.62,-1.02,35.37,35.37,227.80,0.00,OK,16.9
microsoft/phi-2,a40,Dense,32768,4,1.0,-1.62,-1.02,101.68,112.17,71.48,271.93,OK,33.8
microsoft/phi-2,a40,NaiveSparse,32768,4,1.0,-1.62,-1.02,101.68,112.17,71.48,271.93,OK,33.8
microsoft/phi-2,a40,Dense,32768,8,1.0,-1.62,-1.02,112.16,112.16,71.49,307.13,OK,32.5
microsoft/phi-2,a40,NaiveSparse,32768,8,1.0,-1.62,-1.02,112.16,112.16,71.49,307.13,OK,32.5
microsoft/phi-2,a40,Dense,32768,16,1.0,-1.62,-1.02,112.16,112.16,71.49,307.13,OK,29.8
microsoft/phi-2,a40,NaiveSparse,32768,16,1.0,-1.62,-1.02,112.16,112.16,71.49,307.13,OK,29.8
microsoft/phi-2,a40,Sparse,65536,4,0.1,-1.62,-1.02,39.16,44.19,182.08,0.00,OK,22.1
microsoft/phi-2,a40,Dense,32768,32,1.0,-1.62,-1.02,112.16,112.16,71.49,307.13,OK,25.9
microsoft/phi-2,a40,NaiveSparse,32768,32,1.0,-1.62,-1.02,112.16,112.16,71.49,307.13,OK,25.9
microsoft/phi-2,a40,Sparse,65536,8,0.1,-1.62,-1.02,35.37,35.37,227.80,0.00,OK,20.3
microsoft/phi-2,a40,Sparse,65536,16,0.1,-1.62,-1.02,35.37,35.37,227.80,0.00,OK,9.1
microsoft/phi-2,a100,Dense,262144,4,1.0,-1.62,-1.02,811.15,895.03,8.94,3495.93,OK,561.3
microsoft/phi-2,a100,NaiveSparse,262144,4,1.0,-1.62,-1.02,811.15,895.03,8.94,3495.93,OK,561.3
microsoft/phi-2,a40,Sparse,131072,4,0.1,-1.62,-1.02,42.70,47.74,168.49,14.18,OK,32.4
microsoft/phi-2,a40,Sparse,131072,8,0.1,-1.62,-1.02,46.88,46.88,171.58,46.03,OK,30.8
microsoft/phi-2,a40,Dense,65536,4,1.0,-1.62,-1.02,203.03,224.01,35.75,719.28,OK,53.5
microsoft/phi-2,a40,NaiveSparse,65536,4,1.0,-1.62,-1.02,203.03,224.01,35.75,719.28,OK,53.5
microsoft/phi-2,a40,Dense,65536,8,1.0,-1.62,-1.02,223.99,223.99,35.76,754.48,OK,44.8
microsoft/phi-2,a40,NaiveSparse,65536,8,1.0,-1.62,-1.02,223.99,223.99,35.76,754.48,OK,44.8
microsoft/phi-2,h100,Sparse,4096,4,0.1,-1.62,-1.02,11.14,12.39,659.18,0.00,OK,6.5
microsoft/phi-2,h100,Dense,4096,4,1.0,-1.62,-1.02,13.48,14.80,550.14,9.62,OK,9.0
microsoft/phi-2,h100,NaiveSparse,4096,4,1.0,-1.62,-1.02,13.48,14.80,550.14,9.62,OK,9.0
microsoft/phi-2,a40,Dense,65536,16,1.0,-1.62,-1.02,223.99,223.99,35.76,754.48,OK,45.0
microsoft/phi-2,a40,NaiveSparse,65536,16,1.0,-1.62,-1.02,223.99,223.99,35.76,754.48,OK,45.0
microsoft/phi-2,h100,Sparse,4096,8,0.1,-1.62,-1.02,8.04,9.14,900.44,0.00,OK,4.0
microsoft/phi-2,h100,Dense,4096,8,1.0,-1.62,-1.02,13.90,15.00,542.68,23.43,OK,6.5
microsoft/phi-2,h100,NaiveSparse,4096,8,1.0,-1.62,-1.02,13.90,15.00,542.68,23.43,OK,6.5
microsoft/phi-2,h100,Sparse,4096,16,0.1,-1.62,-1.02,8.04,9.14,900.44,0.00,OK,4.0
microsoft/phi-2,h100,Sparse,4096,32,0.1,-1.62,-1.02,8.04,9.14,900.44,0.00,OK,3.9
microsoft/phi-2,h100,Dense,4096,16,1.0,-1.62,-1.02,13.90,15.00,542.68,23.43,OK,6.5
microsoft/phi-2,h100,NaiveSparse,4096,16,1.0,-1.62,-1.02,13.90,15.00,542.68,23.43,OK,6.5
microsoft/phi-2,h100,Sparse,4096,64,0.1,-1.62,-1.02,8.04,9.14,900.44,0.00,OK,4.0
microsoft/phi-2,h100,Dense,4096,32,1.0,-1.62,-1.02,13.90,15.00,542.68,23.43,OK,6.4
microsoft/phi-2,h100,NaiveSparse,4096,32,1.0,-1.62,-1.02,13.90,15.00,542.68,23.43,OK,6.4
microsoft/phi-2,h100,Sparse,4096,128,0.1,-1.62,-1.02,8.04,9.14,900.44,0.00,OK,4.0
microsoft/phi-2,h100,Dense,4096,64,1.0,-1.62,-1.02,13.90,15.00,542.68,23.43,OK,6.4
microsoft/phi-2,h100,NaiveSparse,4096,64,1.0,-1.62,-1.02,13.90,15.00,542.68,23.43,OK,6.4
microsoft/phi-2,h100,Dense,4096,128,1.0,-1.62,-1.02,13.90,15.00,542.68,23.43,OK,6.4
microsoft/phi-2,h100,NaiveSparse,4096,128,1.0,-1.62,-1.02,13.90,15.00,542.68,23.43,OK,6.4
microsoft/phi-2,h100,Sparse,8192,4,0.1,-1.62,-1.02,11.14,12.39,659.18,0.00,OK,8.3
microsoft/phi-2,h100,Sparse,8192,8,0.1,-1.62,-1.02,8.04,9.14,900.44,0.00,OK,8.8
microsoft/phi-2,h100,Sparse,8192,16,0.1,-1.62,-1.02,8.04,9.14,900.44,0.00,OK,4.4
microsoft/phi-2,h100,Dense,8192,8,1.0,-1.62,-1.02,26.57,28.33,284.99,76.75,OK,8.9
microsoft/phi-2,h100,NaiveSparse,8192,8,1.0,-1.62,-1.02,26.57,28.33,284.99,76.75,OK,8.9
microsoft/phi-2,h100,Dense,8192,4,1.0,-1.62,-1.02,25.71,28.34,284.85,63.79,OK,12.6
microsoft/phi-2,h100,NaiveSparse,8192,4,1.0,-1.62,-1.02,25.71,28.34,284.85,63.79,OK,12.6
microsoft/phi-2,h100,Sparse,8192,32,0.1,-1.62,-1.02,8.04,9.14,900.44,0.00,OK,4.4
microsoft/phi-2,h100,Sparse,8192,64,0.1,-1.62,-1.02,8.04,9.14,900.44,0.00,OK,4.4
microsoft/phi-2,h100,Dense,8192,16,1.0,-1.62,-1.02,26.57,28.33,284.99,76.75,OK,9.0
microsoft/phi-2,h100,NaiveSparse,8192,16,1.0,-1.62,-1.02,26.57,28.33,284.99,76.75,OK,9.0
microsoft/phi-2,h100,Sparse,8192,128,0.1,-1.62,-1.02,8.04,9.14,900.44,0.00,OK,4.4
microsoft/phi-2,h100,Dense,8192,32,1.0,-1.62,-1.02,26.57,28.33,284.99,76.75,OK,9.0
microsoft/phi-2,h100,NaiveSparse,8192,32,1.0,-1.62,-1.02,26.57,28.33,284.99,76.75,OK,9.0
microsoft/phi-2,a40,Sparse,262144,4,0.1,-1.62,-1.02,81.83,90.22,88.92,184.14,OK,55.5
microsoft/phi-2,h100,Dense,8192,64,1.0,-1.62,-1.02,26.57,28.33,284.99,76.75,OK,9.0
microsoft/phi-2,h100,NaiveSparse,8192,64,1.0,-1.62,-1.02,26.57,28.33,284.99,76.75,OK,9.0
microsoft/phi-2,h100,Dense,8192,128,1.0,-1.62,-1.02,26.57,28.33,284.99,76.75,OK,9.0
microsoft/phi-2,h100,NaiveSparse,8192,128,1.0,-1.62,-1.02,26.57,28.33,284.99,76.75,OK,9.0
microsoft/phi-2,h100,Sparse,16384,8,0.1,-1.62,-1.02,8.04,9.14,900.44,0.00,OK,11.0
microsoft/phi-2,h100,Sparse,16384,4,0.1,-1.62,-1.02,11.14,12.39,659.18,0.00,OK,13.7
microsoft/phi-2,h100,Sparse,16384,16,0.1,-1.62,-1.02,8.04,9.14,900.44,0.00,OK,10.3
microsoft/phi-2,h100,Sparse,16384,32,0.1,-1.62,-1.02,8.04,9.14,900.44,0.00,OK,5.2
microsoft/phi-2,h100,Dense,16384,4,1.0,-1.62,-1.02,51.00,56.25,142.86,175.45,OK,20.0
microsoft/phi-2,h100,NaiveSparse,16384,4,1.0,-1.62,-1.02,51.00,56.25,142.86,175.45,OK,20.0
microsoft/phi-2,h100,Dense,16384,8,1.0,-1.62,-1.02,56.24,56.24,142.90,192.59,OK,19.7
microsoft/phi-2,h100,NaiveSparse,16384,8,1.0,-1.62,-1.02,56.24,56.24,142.90,192.59,OK,19.7
microsoft/phi-2,h100,Sparse,16384,64,0.1,-1.62,-1.02,8.04,9.14,900.44,0.00,OK,5.2
microsoft/phi-2,a40,Dense,131072,4,1.0,-1.62,-1.02,405.74,447.68,17.88,1613.97,OK,100.7
microsoft/phi-2,a40,NaiveSparse,131072,4,1.0,-1.62,-1.02,405.74,447.68,17.88,1613.97,OK,100.7
microsoft/phi-2,h100,Dense,16384,16,1.0,-1.62,-1.02,56.24,56.24,142.90,192.59,OK,14.3
microsoft/phi-2,h100,NaiveSparse,16384,16,1.0,-1.62,-1.02,56.24,56.24,142.90,192.59,OK,14.3
microsoft/phi-2,h100,Dense,16384,32,1.0,-1.62,-1.02,56.24,56.24,142.90,192.59,OK,14.3
microsoft/phi-2,h100,NaiveSparse,16384,32,1.0,-1.62,-1.02,56.24,56.24,142.90,192.59,OK,14.3
microsoft/phi-2,a40,Dense,131072,8,1.0,-1.62,-1.02,447.67,447.67,17.88,1649.18,OK,100.9
microsoft/phi-2,a40,NaiveSparse,131072,8,1.0,-1.62,-1.02,447.67,447.67,17.88,1649.18,OK,100.9
microsoft/phi-2,h100,Dense,16384,64,1.0,-1.62,-1.02,56.24,56.24,142.90,192.59,OK,14.5
microsoft/phi-2,h100,NaiveSparse,16384,64,1.0,-1.62,-1.02,56.24,56.24,142.90,192.59,OK,14.5
microsoft/phi-2,h100,Sparse,32768,8,0.1,-1.62,-1.02,11.34,12.44,656.81,13.18,OK,17.2
microsoft/phi-2,h100,Sparse,32768,4,0.1,-1.62,-1.02,11.14,12.39,659.18,0.00,OK,26.8
microsoft/phi-2,h100,Sparse,32768,32,0.1,-1.62,-1.02,11.34,12.44,656.81,13.18,OK,16.2
microsoft/phi-2,h100,Sparse,32768,16,0.1,-1.62,-1.02,11.34,12.44,656.81,13.18,OK,23.1
microsoft/phi-2,h100,Dense,32768,4,1.0,-1.62,-1.02,101.68,112.17,71.48,399.13,OK,39.1
microsoft/phi-2,h100,NaiveSparse,32768,4,1.0,-1.62,-1.02,101.68,112.17,71.48,399.13,OK,39.1
microsoft/phi-2,h100,Dense,32768,8,1.0,-1.62,-1.02,112.16,112.16,71.49,416.27,OK,36.3
microsoft/phi-2,h100,NaiveSparse,32768,8,1.0,-1.62,-1.02,112.16,112.16,71.49,416.27,OK,36.3
microsoft/phi-2,h100,Dense,32768,16,1.0,-1.62,-1.02,112.16,112.16,71.49,416.27,OK,34.2
microsoft/phi-2,h100,NaiveSparse,32768,16,1.0,-1.62,-1.02,112.16,112.16,71.49,416.27,OK,34.2
microsoft/phi-2,h100,Dense,32768,32,1.0,-1.62,-1.02,112.16,112.16,71.49,416.27,OK,25.6
microsoft/phi-2,h100,NaiveSparse,32768,32,1.0,-1.62,-1.02,112.16,112.16,71.49,416.27,OK,25.6
microsoft/phi-2,h100,Sparse,65536,4,0.1,-1.62,-1.02,20.80,22.90,353.24,42.05,OK,24.5
microsoft/phi-2,h100,Sparse,65536,8,0.1,-1.62,-1.02,21.49,22.89,353.44,55.00,OK,24.3
microsoft/phi-2,h100,Sparse,65536,16,0.1,-1.62,-1.02,21.49,22.89,353.44,55.00,OK,20.0
microsoft/phi-2,h100,Sparse,131072,8,0.1,-1.62,-1.02,45.00,45.00,178.79,147.65,OK,27.5
microsoft/phi-2,h100,Sparse,131072,4,0.1,-1.62,-1.02,40.82,45.02,178.72,130.51,OK,40.9
microsoft/phi-2,h100,Dense,65536,4,1.0,-1.62,-1.02,203.03,224.01,35.75,846.48,OK,61.1
microsoft/phi-2,h100,NaiveSparse,65536,4,1.0,-1.62,-1.02,203.03,224.01,35.75,846.48,OK,61.1
microsoft/phi-2,h100,Dense,65536,16,1.0,-1.62,-1.02,223.99,223.99,35.76,863.61,OK,45.8
microsoft/phi-2,h100,NaiveSparse,65536,16,1.0,-1.62,-1.02,223.99,223.99,35.76,863.61,OK,45.8
microsoft/phi-2,h100,Dense,65536,8,1.0,-1.62,-1.02,223.99,223.99,35.76,863.61,OK,53.9
microsoft/phi-2,h100,NaiveSparse,65536,8,1.0,-1.62,-1.02,223.99,223.99,35.76,863.61,OK,53.9
mistralai/Mistral-7B-v0.1,a100,Sparse,4096,4,0.1,-1.62,-1.02,24.48,27.42,294.52,0.00,OK,5.9
mistralai/Mistral-7B-v0.1,a100,Dense,4096,4,1.0,-1.62,-1.02,24.48,27.42,294.52,0.00,OK,7.3
mistralai/Mistral-7B-v0.1,a100,NaiveSparse,4096,4,1.0,-1.62,-1.02,24.48,27.42,294.52,0.00,OK,7.3
mistralai/Mistral-7B-v0.1,a100,Sparse,4096,8,0.1,-1.62,-1.02,16.60,16.60,489.54,0.00,OK,4.0
mistralai/Mistral-7B-v0.1,a100,Sparse,4096,16,0.1,-1.62,-1.02,16.60,16.60,489.54,0.00,OK,4.0
mistralai/Mistral-7B-v0.1,a100,Dense,4096,8,1.0,-1.62,-1.02,16.60,16.60,489.54,0.00,OK,6.4
mistralai/Mistral-7B-v0.1,a100,NaiveSparse,4096,8,1.0,-1.62,-1.02,16.60,16.60,489.54,0.00,OK,6.4
mistralai/Mistral-7B-v0.1,a100,Dense,4096,16,1.0,-1.62,-1.02,16.60,16.60,489.54,0.00,OK,6.3
mistralai/Mistral-7B-v0.1,a100,NaiveSparse,4096,16,1.0,-1.62,-1.02,16.60,16.60,489.54,0.00,OK,6.3
mistralai/Mistral-7B-v0.1,a100,Sparse,4096,32,0.1,-1.62,-1.02,16.60,16.60,489.54,0.00,OK,3.9
mistralai/Mistral-7B-v0.1,a100,Dense,4096,32,1.0,-1.62,-1.02,16.60,16.60,489.54,0.00,OK,6.4
mistralai/Mistral-7B-v0.1,a100,NaiveSparse,4096,32,1.0,-1.62,-1.02,16.60,16.60,489.54,0.00,OK,6.4
mistralai/Mistral-7B-v0.1,a100,Sparse,4096,64,0.1,-1.62,-1.02,16.60,16.60,489.54,0.00,OK,3.9
microsoft/phi-2,a40,Dense,262144,4,1.0,-1.62,-1.02,811.15,895.03,8.94,3403.37,OK,177.4
microsoft/phi-2,a40,NaiveSparse,262144,4,1.0,-1.62,-1.02,811.15,895.03,8.94,3403.37,OK,177.4
mistralai/Mistral-7B-v0.1,a100,Dense,4096,64,1.0,-1.62,-1.02,16.60,16.60,489.54,0.00,OK,6.4
mistralai/Mistral-7B-v0.1,a100,NaiveSparse,4096,64,1.0,-1.62,-1.02,16.60,16.60,489.54,0.00,OK,6.4
mistralai/Mistral-7B-v0.1,a100,Sparse,4096,128,0.1,-1.62,-1.02,16.60,16.60,489.54,0.00,OK,4.1
mistralai/Mistral-7B-v0.1,a100,Sparse,8192,4,0.1,-1.62,-1.02,26.95,30.18,267.33,0.00,OK,4.3
mistralai/Mistral-7B-v0.1,a100,Dense,4096,128,1.0,-1.62,-1.02,16.60,16.60,489.54,0.00,OK,6.5
mistralai/Mistral-7B-v0.1,a100,NaiveSparse,4096,128,1.0,-1.62,-1.02,16.60,16.60,489.54,0.00,OK,6.5
mistralai/Mistral-7B-v0.1,a100,Sparse,8192,8,0.1,-1.62,-1.02,19.34,19.34,419.25,0.00,OK,4.4
mistralai/Mistral-7B-v0.1,a100,Sparse,8192,16,0.1,-1.62,-1.02,19.34,19.34,419.25,0.00,OK,4.5
mistralai/Mistral-7B-v0.1,a100,Dense,8192,4,1.0,-1.62,-1.02,26.95,30.18,267.33,0.00,OK,8.8
mistralai/Mistral-7B-v0.1,a100,NaiveSparse,8192,4,1.0,-1.62,-1.02,26.95,30.18,267.33,0.00,OK,8.8
mistralai/Mistral-7B-v0.1,a100,Sparse,8192,32,0.1,-1.62,-1.02,19.34,19.34,419.25,0.00,OK,4.3
mistralai/Mistral-7B-v0.1,a100,Dense,8192,8,1.0,-1.62,-1.02,19.34,19.34,419.25,0.00,OK,9.2
mistralai/Mistral-7B-v0.1,a100,NaiveSparse,8192,8,1.0,-1.62,-1.02,19.34,19.34,419.25,0.00,OK,9.2
mistralai/Mistral-7B-v0.1,a100,Dense,8192,16,1.0,-1.62,-1.02,19.34,19.34,419.25,0.00,OK,9.1
mistralai/Mistral-7B-v0.1,a100,NaiveSparse,8192,16,1.0,-1.62,-1.02,19.34,19.34,419.25,0.00,OK,9.1
mistralai/Mistral-7B-v0.1,a100,Sparse,8192,64,0.1,-1.62,-1.02,19.34,19.34,419.25,0.00,OK,4.3
mistralai/Mistral-7B-v0.1,a100,Dense,8192,32,1.0,-1.62,-1.02,19.34,19.34,419.25,0.00,OK,9.1
mistralai/Mistral-7B-v0.1,a100,NaiveSparse,8192,32,1.0,-1.62,-1.02,19.34,19.34,419.25,0.00,OK,9.1
mistralai/Mistral-7B-v0.1,a100,Sparse,8192,128,0.1,-1.62,-1.02,19.34,19.34,419.25,0.00,OK,4.4
mistralai/Mistral-7B-v0.1,a100,Dense,8192,64,1.0,-1.62,-1.02,19.34,19.34,419.25,0.00,OK,9.1
mistralai/Mistral-7B-v0.1,a100,NaiveSparse,8192,64,1.0,-1.62,-1.02,19.34,19.34,419.25,0.00,OK,9.1
mistralai/Mistral-7B-v0.1,a100,Dense,8192,128,1.0,-1.62,-1.02,19.34,19.34,419.25,0.00,OK,9.0
mistralai/Mistral-7B-v0.1,a100,NaiveSparse,8192,128,1.0,-1.62,-1.02,19.34,19.34,419.25,0.00,OK,9.0
mistralai/Mistral-7B-v0.1,a100,Sparse,16384,4,0.1,-1.62,-1.02,31.57,35.26,228.55,0.00,OK,10.4
microsoft/phi-2,h100,Sparse,262144,4,0.1,-1.62,-1.02,81.35,89.74,89.40,309.41,OK,58.6
mistralai/Mistral-7B-v0.1,a100,Sparse,16384,8,0.1,-1.62,-1.02,24.40,24.40,331.36,0.00,OK,8.1
mistralai/Mistral-7B-v0.1,a100,Sparse,16384,16,0.1,-1.62,-1.02,24.40,24.40,331.36,0.00,OK,5.2
mistralai/Mistral-7B-v0.1,a100,Sparse,16384,32,0.1,-1.62,-1.02,24.40,24.40,331.36,0.00,OK,5.2
mistralai/Mistral-7B-v0.1,a100,Dense,16384,4,1.0,-1.62,-1.02,31.57,35.26,228.55,0.00,OK,20.8
mistralai/Mistral-7B-v0.1,a100,NaiveSparse,16384,4,1.0,-1.62,-1.02,31.57,35.26,228.55,0.00,OK,20.8
microsoft/phi-2,h100,Dense,131072,4,1.0,-1.62,-1.02,405.74,447.68,17.88,1741.17,OK,99.0
microsoft/phi-2,h100,NaiveSparse,131072,4,1.0,-1.62,-1.02,405.74,447.68,17.88,1741.17,OK,99.0
mistralai/Mistral-7B-v0.1,a100,Sparse,16384,64,0.1,-1.62,-1.02,24.40,24.40,331.36,0.00,OK,5.1
mistralai/Mistral-7B-v0.1,a100,Dense,16384,8,1.0,-1.62,-1.02,25.20,25.20,320.77,3.19,OK,14.7
mistralai/Mistral-7B-v0.1,a100,NaiveSparse,16384,8,1.0,-1.62,-1.02,25.20,25.20,320.77,3.19,OK,14.7
mistralai/Mistral-7B-v0.1,a100,Dense,16384,16,1.0,-1.62,-1.02,25.20,25.20,320.77,3.19,OK,14.4
mistralai/Mistral-7B-v0.1,a100,NaiveSparse,16384,16,1.0,-1.62,-1.02,25.20,25.20,320.77,3.19,OK,14.4
microsoft/phi-2,h100,Dense,131072,8,1.0,-1.62,-1.02,447.67,447.67,17.88,1758.31,OK,94.6
microsoft/phi-2,h100,NaiveSparse,131072,8,1.0,-1.62,-1.02,447.67,447.67,17.88,1758.31,OK,94.6
mistralai/Mistral-7B-v0.1,a100,Sparse,16384,128,0.1,-1.62,-1.02,24.40,24.40,331.36,0.00,OK,5.3
mistralai/Mistral-7B-v0.1,a100,Dense,16384,32,1.0,-1.62,-1.02,25.20,25.20,320.77,3.19,OK,14.5
mistralai/Mistral-7B-v0.1,a100,NaiveSparse,16384,32,1.0,-1.62,-1.02,25.20,25.20,320.77,3.19,OK,14.5
mistralai/Mistral-7B-v0.1,a100,Dense,16384,64,1.0,-1.62,-1.02,25.20,25.20,320.77,3.19,OK,14.5
mistralai/Mistral-7B-v0.1,a100,NaiveSparse,16384,64,1.0,-1.62,-1.02,25.20,25.20,320.77,3.19,OK,14.5
mistralai/Mistral-7B-v0.1,a100,Dense,16384,128,1.0,-1.62,-1.02,25.20,25.20,320.77,3.19,OK,14.5
mistralai/Mistral-7B-v0.1,a100,NaiveSparse,16384,128,1.0,-1.62,-1.02,25.20,25.20,320.77,3.19,OK,14.5
mistralai/Mistral-7B-v0.1,a100,Sparse,32768,4,0.1,-1.62,-1.02,31.57,35.26,228.55,0.00,OK,18.4
mistralai/Mistral-7B-v0.1,a100,Sparse,32768,32,0.1,-1.62,-1.02,24.40,24.40,331.36,0.00,OK,8.2
mistralai/Mistral-7B-v0.1,a100,Sparse,32768,16,0.1,-1.62,-1.02,24.40,24.40,331.36,0.00,OK,14.6
mistralai/Mistral-7B-v0.1,a100,Sparse,32768,8,0.1,-1.62,-1.02,24.40,24.40,331.36,0.00,OK,21.3
mistralai/Mistral-7B-v0.1,a100,Sparse,32768,64,0.1,-1.62,-1.02,24.40,24.40,331.36,0.00,OK,6.8
mistralai/Mistral-7B-v0.1,a100,Dense,32768,4,1.0,-1.62,-1.02,42.43,46.63,172.51,45.49,OK,30.2
mistralai/Mistral-7B-v0.1,a100,NaiveSparse,32768,4,1.0,-1.62,-1.02,42.43,46.63,172.51,45.49,OK,30.2
mistralai/Mistral-7B-v0.1,a100,Dense,32768,8,1.0,-1.62,-1.02,46.62,46.62,172.54,88.89,OK,33.9
mistralai/Mistral-7B-v0.1,a100,NaiveSparse,32768,8,1.0,-1.62,-1.02,46.62,46.62,172.54,88.89,OK,33.9
mistralai/Mistral-7B-v0.1,a100,Dense,32768,16,1.0,-1.62,-1.02,46.62,46.62,172.54,88.89,OK,29.6
mistralai/Mistral-7B-v0.1,a100,NaiveSparse,32768,16,1.0,-1.62,-1.02,46.62,46.62,172.54,88.89,OK,29.6
mistralai/Mistral-7B-v0.1,a100,Dense,32768,32,1.0,-1.62,-1.02,46.62,46.62,172.54,88.89,OK,25.1
mistralai/Mistral-7B-v0.1,a100,NaiveSparse,32768,32,1.0,-1.62,-1.02,46.62,46.62,172.54,88.89,OK,25.1
mistralai/Mistral-7B-v0.1,a100,Dense,32768,64,1.0,-1.62,-1.02,46.62,46.62,172.54,88.89,OK,25.2
mistralai/Mistral-7B-v0.1,a100,NaiveSparse,32768,64,1.0,-1.62,-1.02,46.62,46.62,172.54,88.89,OK,25.2
mistralai/Mistral-7B-v0.1,a100,Sparse,65536,8,0.1,-1.62,-1.02,24.40,24.40,331.36,0.00,OK,16.4
mistralai/Mistral-7B-v0.1,a100,Sparse,65536,4,0.1,-1.62,-1.02,31.57,35.26,228.55,0.00,OK,27.0
mistralai/Mistral-7B-v0.1,a100,Sparse,65536,16,0.1,-1.62,-1.02,24.40,24.40,331.36,0.00,OK,10.2
mistralai/Mistral-7B-v0.1,a100,Sparse,65536,32,0.1,-1.62,-1.02,24.40,24.40,331.36,0.00,OK,9.2
mistralai/Mistral-7B-v0.1,a100,Dense,65536,4,1.0,-1.62,-1.02,81.57,89.96,89.18,218.81,OK,51.9
mistralai/Mistral-7B-v0.1,a100,NaiveSparse,65536,4,1.0,-1.62,-1.02,81.57,89.96,89.18,218.81,OK,51.9
mistralai/Mistral-7B-v0.1,a100,Dense,65536,8,1.0,-1.62,-1.02,89.95,89.95,89.19,262.21,OK,49.2
mistralai/Mistral-7B-v0.1,a100,NaiveSparse,65536,8,1.0,-1.62,-1.02,89.95,89.95,89.19,262.21,OK,49.2
mistralai/Mistral-7B-v0.1,a100,Dense,65536,16,1.0,-1.62,-1.02,89.95,89.95,89.19,262.21,OK,45.1
mistralai/Mistral-7B-v0.1,a100,NaiveSparse,65536,16,1.0,-1.62,-1.02,89.95,89.95,89.19,262.21,OK,45.1
mistralai/Mistral-7B-v0.1,a100,Sparse,131072,4,0.1,-1.62,-1.02,31.57,35.26,228.55,0.00,OK,37.7
mistralai/Mistral-7B-v0.1,a100,Sparse,131072,8,0.1,-1.62,-1.02,24.40,24.40,331.36,0.00,OK,35.1
mistralai/Mistral-7B-v0.1,a100,Dense,65536,32,1.0,-1.62,-1.02,89.95,89.95,89.19,262.21,OK,45.4
mistralai/Mistral-7B-v0.1,a100,NaiveSparse,65536,32,1.0,-1.62,-1.02,89.95,89.95,89.19,262.21,OK,45.4
mistralai/Mistral-7B-v0.1,a100,Sparse,131072,16,0.1,-1.62,-1.02,24.40,24.40,331.36,0.00,OK,13.8
microsoft/phi-2,h100,Dense,262144,4,1.0,-1.62,-1.02,811.15,895.03,8.94,3530.57,OK,185.1
microsoft/phi-2,h100,NaiveSparse,262144,4,1.0,-1.62,-1.02,811.15,895.03,8.94,3530.57,OK,185.1
mistralai/Mistral-7B-v0.1,a100,Sparse,262144,4,0.1,-1.62,-1.02,34.58,38.27,210.43,12.05,OK,62.6
mistralai/Mistral-7B-v0.1,a100,Dense,131072,4,1.0,-1.62,-1.02,162.43,179.21,44.70,575.79,OK,101.5
mistralai/Mistral-7B-v0.1,a100,NaiveSparse,131072,4,1.0,-1.62,-1.02,162.43,179.21,44.70,575.79,OK,101.5
mistralai/Mistral-7B-v0.1,a100,Sparse,262144,8,0.1,-1.62,-1.02,37.93,37.93,212.35,54.12,OK,60.1
mistralai/Mistral-7B-v0.1,a100,Dense,131072,8,1.0,-1.62,-1.02,179.20,179.20,44.71,619.20,OK,98.9
mistralai/Mistral-7B-v0.1,a100,NaiveSparse,131072,8,1.0,-1.62,-1.02,179.20,179.20,44.71,619.20,OK,98.9
mistralai/Mistral-7B-v0.1,a100,Dense,131072,16,1.0,-1.62,-1.02,179.20,179.20,44.71,619.20,OK,133.5
mistralai/Mistral-7B-v0.1,a100,NaiveSparse,131072,16,1.0,-1.62,-1.02,179.20,179.20,44.71,619.20,OK,133.5
mistralai/Mistral-7B-v0.1,a100,Sparse,524288,4,0.1,-1.62,-1.02,65.90,72.62,110.56,149.43,OK,487.8
mistralai/Mistral-7B-v0.1,a40,Sparse,4096,8,0.1,-1.62,-1.02,16.60,16.60,489.37,0.00,OK,579.9
mistralai/Mistral-7B-v0.1,a40,Dense,4096,8,1.0,-1.62,-1.02,16.58,16.58,489.98,0.00,OK,541.5
mistralai/Mistral-7B-v0.1,a40,NaiveSparse,4096,8,1.0,-1.62,-1.02,16.58,16.58,489.98,0.00,OK,541.5
mistralai/Mistral-7B-v0.1,a40,Sparse,4096,4,0.1,-1.62,-1.02,24.15,27.05,298.54,0.00,OK,609.6
mistralai/Mistral-7B-v0.1,a40,Dense,4096,4,1.0,-1.62,-1.02,24.12,27.02,298.92,0.00,OK,612.7
mistralai/Mistral-7B-v0.1,a40,NaiveSparse,4096,4,1.0,-1.62,-1.02,24.12,27.02,298.92,0.00,OK,612.7
mistralai/Mistral-7B-v0.1,a40,Dense,4096,16,1.0,-1.62,-1.02,16.58,16.58,490.00,0.00,OK,8.9
mistralai/Mistral-7B-v0.1,a40,NaiveSparse,4096,16,1.0,-1.62,-1.02,16.58,16.58,490.00,0.00,OK,8.9
mistralai/Mistral-7B-v0.1,a40,Sparse,4096,32,0.1,-1.62,-1.02,16.58,16.58,490.00,0.00,OK,5.3
mistralai/Mistral-7B-v0.1,a40,Dense,4096,32,1.0,-1.62,-1.02,16.58,16.58,490.00,0.00,OK,8.5
mistralai/Mistral-7B-v0.1,a40,NaiveSparse,4096,32,1.0,-1.62,-1.02,16.58,16.58,490.00,0.00,OK,8.5
mistralai/Mistral-7B-v0.1,a40,Sparse,4096,16,0.1,-1.62,-1.02,16.58,16.58,490.01,0.00,OK,164.7
mistralai/Mistral-7B-v0.1,a40,Sparse,4096,64,0.1,-1.62,-1.02,16.58,16.58,490.01,0.00,OK,5.1
mistralai/Mistral-7B-v0.1,a40,Sparse,4096,128,0.1,-1.62,-1.02,16.58,16.58,490.01,0.00,OK,4.8
mistralai/Mistral-7B-v0.1,a40,Dense,4096,64,1.0,-1.62,-1.02,16.58,16.58,490.01,0.00,OK,7.4
mistralai/Mistral-7B-v0.1,a40,NaiveSparse,4096,64,1.0,-1.62,-1.02,16.58,16.58,490.01,0.00,OK,7.4
mistralai/Mistral-7B-v0.1,a40,Dense,4096,128,1.0,-1.62,-1.02,16.58,16.58,490.01,0.00,OK,6.3
mistralai/Mistral-7B-v0.1,a40,NaiveSparse,4096,128,1.0,-1.62,-1.02,16.58,16.58,490.01,0.00,OK,6.3
mistralai/Mistral-7B-v0.1,a40,Sparse,8192,4,0.1,-1.62,-1.02,26.94,30.16,267.49,0.00,OK,7.3
mistralai/Mistral-7B-v0.1,a40,Sparse,8192,8,0.1,-1.62,-1.02,19.32,19.32,419.68,0.00,OK,7.0
mistralai/Mistral-7B-v0.1,a40,Sparse,8192,16,0.1,-1.62,-1.02,19.32,19.32,419.68,0.00,OK,4.3
mistralai/Mistral-7B-v0.1,a40,Dense,8192,8,1.0,-1.62,-1.02,19.32,19.32,419.68,0.00,OK,8.9
mistralai/Mistral-7B-v0.1,a40,NaiveSparse,8192,8,1.0,-1.62,-1.02,19.32,19.32,419.68,0.00,OK,8.9
mistralai/Mistral-7B-v0.1,a40,Sparse,8192,32,0.1,-1.62,-1.02,19.32,19.32,419.68,0.00,OK,4.3
mistralai/Mistral-7B-v0.1,a40,Dense,8192,4,1.0,-1.62,-1.02,26.94,30.16,267.49,0.00,OK,12.4
mistralai/Mistral-7B-v0.1,a40,NaiveSparse,8192,4,1.0,-1.62,-1.02,26.94,30.16,267.49,0.00,OK,12.4
mistralai/Mistral-7B-v0.1,a100,Dense,262144,4,1.0,-1.62,-1.02,324.57,358.12,22.35,1291.45,OK,693.8
mistralai/Mistral-7B-v0.1,a100,NaiveSparse,262144,4,1.0,-1.62,-1.02,324.57,358.12,22.35,1291.45,OK,693.8
mistralai/Mistral-7B-v0.1,a100,Dense,262144,8,1.0,-1.62,-1.02,358.11,358.11,22.36,1334.85,OK,685.0
mistralai/Mistral-7B-v0.1,a100,NaiveSparse,262144,8,1.0,-1.62,-1.02,358.11,358.11,22.36,1334.85,OK,685.0
mistralai/Mistral-7B-v0.1,a40,Dense,8192,16,1.0,-1.62,-1.02,19.32,19.32,419.68,0.00,OK,9.2
mistralai/Mistral-7B-v0.1,a40,NaiveSparse,8192,16,1.0,-1.62,-1.02,19.32,19.32,419.68,0.00,OK,9.2
mistralai/Mistral-7B-v0.1,a40,Sparse,8192,64,0.1,-1.62,-1.02,19.32,19.32,419.68,0.00,OK,4.5
mistralai/Mistral-7B-v0.1,a40,Sparse,8192,128,0.1,-1.62,-1.02,19.32,19.32,419.68,0.00,OK,4.5
mistralai/Mistral-7B-v0.1,a40,Dense,8192,32,1.0,-1.62,-1.02,19.32,19.32,419.68,0.00,OK,9.2
mistralai/Mistral-7B-v0.1,a40,NaiveSparse,8192,32,1.0,-1.62,-1.02,19.32,19.32,419.68,0.00,OK,9.2
mistralai/Mistral-7B-v0.1,a40,Dense,8192,64,1.0,-1.62,-1.02,19.32,19.32,419.68,0.00,OK,9.2
mistralai/Mistral-7B-v0.1,a40,NaiveSparse,8192,64,1.0,-1.62,-1.02,19.32,19.32,419.68,0.00,OK,9.2
mistralai/Mistral-7B-v0.1,a40,Dense,8192,128,1.0,-1.62,-1.02,19.32,19.32,419.68,0.00,OK,9.2
mistralai/Mistral-7B-v0.1,a40,NaiveSparse,8192,128,1.0,-1.62,-1.02,19.32,19.32,419.68,0.00,OK,9.2
mistralai/Mistral-7B-v0.1,a40,Sparse,16384,4,0.1,-1.62,-1.02,31.54,35.22,228.79,0.00,OK,10.9
mistralai/Mistral-7B-v0.1,a40,Sparse,16384,16,0.1,-1.62,-1.02,24.38,24.38,331.67,0.00,OK,5.3
mistralai/Mistral-7B-v0.1,a40,Sparse,16384,8,0.1,-1.62,-1.02,24.38,24.38,331.67,0.00,OK,9.3
mistralai/Mistral-7B-v0.1,a40,Sparse,16384,32,0.1,-1.62,-1.02,24.38,24.38,331.67,0.00,OK,5.8
mistralai/Mistral-7B-v0.1,a40,Sparse,16384,64,0.1,-1.62,-1.02,24.38,24.38,331.67,0.00,OK,5.2
mistralai/Mistral-7B-v0.1,a40,Sparse,16384,128,0.1,-1.62,-1.02,24.38,24.38,331.67,0.00,OK,5.1
mistralai/Mistral-7B-v0.1,a40,Dense,16384,16,1.0,-1.62,-1.02,25.19,25.19,320.88,3.24,OK,14.7
mistralai/Mistral-7B-v0.1,a40,NaiveSparse,16384,16,1.0,-1.62,-1.02,25.19,25.19,320.88,3.24,OK,14.7
mistralai/Mistral-7B-v0.1,a40,Dense,16384,8,1.0,-1.62,-1.02,25.19,25.19,320.88,3.24,OK,19.0
mistralai/Mistral-7B-v0.1,a40,NaiveSparse,16384,8,1.0,-1.62,-1.02,25.19,25.19,320.88,3.24,OK,19.0
mistralai/Mistral-7B-v0.1,a40,Dense,16384,4,1.0,-1.62,-1.02,31.54,35.22,228.79,0.00,OK,20.0
mistralai/Mistral-7B-v0.1,a40,NaiveSparse,16384,4,1.0,-1.62,-1.02,31.54,35.22,228.79,0.00,OK,20.0
mistralai/Mistral-7B-v0.1,a40,Dense,16384,32,1.0,-1.62,-1.02,25.19,25.19,320.88,3.24,OK,14.4
mistralai/Mistral-7B-v0.1,a40,NaiveSparse,16384,32,1.0,-1.62,-1.02,25.19,25.19,320.88,3.24,OK,14.4
mistralai/Mistral-7B-v0.1,a40,Dense,16384,64,1.0,-1.62,-1.02,25.19,25.19,320.88,3.24,OK,14.4
mistralai/Mistral-7B-v0.1,a40,NaiveSparse,16384,64,1.0,-1.62,-1.02,25.19,25.19,320.88,3.24,OK,14.4
mistralai/Mistral-7B-v0.1,a40,Dense,16384,128,1.0,-1.62,-1.02,25.19,25.19,320.88,3.24,OK,14.2
mistralai/Mistral-7B-v0.1,a40,NaiveSparse,16384,128,1.0,-1.62,-1.02,25.19,25.19,320.88,3.24,OK,14.2
mistralai/Mistral-7B-v0.1,a40,Sparse,32768,4,0.1,-1.62,-1.02,31.54,35.22,228.79,0.00,OK,16.5
mistralai/Mistral-7B-v0.1,a40,Sparse,32768,32,0.1,-1.62,-1.02,24.38,24.38,331.67,0.00,OK,9.0
mistralai/Mistral-7B-v0.1,a40,Sparse,32768,8,0.1,-1.62,-1.02,24.38,24.38,331.67,0.00,OK,19.4
mistralai/Mistral-7B-v0.1,a40,Sparse,32768,16,0.1,-1.62,-1.02,24.38,24.38,331.67,0.00,OK,20.4
mistralai/Mistral-7B-v0.1,a40,Sparse,32768,64,0.1,-1.62,-1.02,24.38,24.38,331.67,0.00,OK,6.7
mistralai/Mistral-7B-v0.1,a40,Dense,32768,16,1.0,-1.62,-1.02,46.62,46.62,172.56,88.96,OK,29.6
mistralai/Mistral-7B-v0.1,a40,NaiveSparse,32768,16,1.0,-1.62,-1.02,46.62,46.62,172.56,88.96,OK,29.6
mistralai/Mistral-7B-v0.1,a40,Dense,32768,8,1.0,-1.62,-1.02,46.62,46.62,172.56,88.96,OK,35.2
mistralai/Mistral-7B-v0.1,a40,NaiveSparse,32768,8,1.0,-1.62,-1.02,46.62,46.62,172.56,88.96,OK,35.2
mistralai/Mistral-7B-v0.1,a40,Dense,32768,4,1.0,-1.62,-1.02,42.43,46.63,172.52,45.62,OK,38.0
mistralai/Mistral-7B-v0.1,a40,NaiveSparse,32768,4,1.0,-1.62,-1.02,42.43,46.63,172.52,45.62,OK,38.0
mistralai/Mistral-7B-v0.1,a40,Dense,32768,32,1.0,-1.62,-1.02,46.62,46.62,172.56,88.96,OK,25.9
mistralai/Mistral-7B-v0.1,a40,NaiveSparse,32768,32,1.0,-1.62,-1.02,46.62,46.62,172.56,88.96,OK,25.9
mistralai/Mistral-7B-v0.1,a40,Dense,32768,64,1.0,-1.62,-1.02,46.62,46.62,172.56,88.96,OK,25.0
mistralai/Mistral-7B-v0.1,a40,NaiveSparse,32768,64,1.0,-1.62,-1.02,46.62,46.62,172.56,88.96,OK,25.0
mistralai/Mistral-7B-v0.1,a40,Sparse,65536,4,0.1,-1.62,-1.02,31.54,35.22,228.79,0.00,OK,23.4
mistralai/Mistral-7B-v0.1,a40,Sparse,65536,16,0.1,-1.62,-1.02,24.38,24.38,331.67,0.00,OK,9.2
mistralai/Mistral-7B-v0.1,a40,Sparse,65536,8,0.1,-1.62,-1.02,24.38,24.38,331.67,0.00,OK,17.4
mistralai/Mistral-7B-v0.1,a40,Sparse,65536,32,0.1,-1.62,-1.02,24.38,24.38,331.67,0.00,OK,9.1
mistralai/Mistral-7B-v0.1,a40,Dense,65536,4,1.0,-1.62,-1.02,81.57,89.96,89.18,218.94,OK,58.8
mistralai/Mistral-7B-v0.1,a40,NaiveSparse,65536,4,1.0,-1.62,-1.02,81.57,89.96,89.18,218.94,OK,58.8
mistralai/Mistral-7B-v0.1,a40,Sparse,131072,8,0.1,-1.62,-1.02,24.38,24.38,331.67,0.00,OK,31.2
mistralai/Mistral-7B-v0.1,a40,Dense,65536,16,1.0,-1.62,-1.02,89.95,89.95,89.19,262.29,OK,48.1
mistralai/Mistral-7B-v0.1,a40,NaiveSparse,65536,16,1.0,-1.62,-1.02,89.95,89.95,89.19,262.29,OK,48.1
mistralai/Mistral-7B-v0.1,a40,Sparse,131072,4,0.1,-1.62,-1.02,31.54,35.22,228.79,0.00,OK,40.8
mistralai/Mistral-7B-v0.1,a40,Dense,65536,8,1.0,-1.62,-1.02,89.95,89.95,89.19,262.29,OK,54.2
mistralai/Mistral-7B-v0.1,a40,NaiveSparse,65536,8,1.0,-1.62,-1.02,89.95,89.95,89.19,262.29,OK,54.2
mistralai/Mistral-7B-v0.1,a40,Dense,65536,32,1.0,-1.62,-1.02,89.95,89.95,89.19,262.29,OK,45.2
mistralai/Mistral-7B-v0.1,a40,NaiveSparse,65536,32,1.0,-1.62,-1.02,89.95,89.95,89.19,262.29,OK,45.2
mistralai/Mistral-7B-v0.1,a40,Sparse,131072,16,0.1,-1.62,-1.02,24.38,24.38,331.67,0.00,OK,13.7
mistralai/Mistral-7B-v0.1,a40,Sparse,262144,4,0.1,-1.62,-1.02,34.58,38.26,210.48,12.17,OK,62.9
mistralai/Mistral-7B-v0.1,a40,Sparse,262144,8,0.1,-1.62,-1.02,37.93,37.93,212.37,54.20,OK,60.5
mistralai/Mistral-7B-v0.1,a40,Dense,131072,4,1.0,-1.62,-1.02,162.43,179.21,44.70,575.94,OK,101.4
mistralai/Mistral-7B-v0.1,a40,NaiveSparse,131072,4,1.0,-1.62,-1.02,162.43,179.21,44.70,575.94,OK,101.4
mistralai/Mistral-7B-v0.1,a40,Dense,131072,8,1.0,-1.62,-1.02,179.20,179.20,44.71,619.28,OK,93.4
mistralai/Mistral-7B-v0.1,a40,NaiveSparse,131072,8,1.0,-1.62,-1.02,179.20,179.20,44.71,619.28,OK,93.4
mistralai/Mistral-7B-v0.1,a40,Dense,131072,16,1.0,-1.62,-1.02,179.20,179.20,44.71,619.28,OK,99.4
mistralai/Mistral-7B-v0.1,a40,NaiveSparse,131072,16,1.0,-1.62,-1.02,179.20,179.20,44.71,619.28,OK,99.4
mistralai/Mistral-7B-v0.1,a100,Dense,524288,4,1.0,-1.62,-1.02,648.85,715.95,11.18,2722.76,OK,920.0
mistralai/Mistral-7B-v0.1,a100,NaiveSparse,524288,4,1.0,-1.62,-1.02,648.85,715.95,11.18,2722.76,OK,920.0
mistralai/Mistral-7B-v0.1,h100,Sparse,4096,4,0.1,-1.62,-1.02,24.45,27.39,294.80,0.00,OK,511.8
mistralai/Mistral-7B-v0.1,h100,Dense,4096,8,1.0,-1.62,-1.02,16.58,16.58,490.04,0.00,OK,405.7
mistralai/Mistral-7B-v0.1,h100,NaiveSparse,4096,8,1.0,-1.62,-1.02,16.58,16.58,490.04,0.00,OK,405.7
mistralai/Mistral-7B-v0.1,h100,Dense,4096,4,1.0,-1.62,-1.02,24.44,27.38,294.94,0.00,OK,492.9
mistralai/Mistral-7B-v0.1,h100,NaiveSparse,4096,4,1.0,-1.62,-1.02,24.44,27.38,294.94,0.00,OK,492.9
mistralai/Mistral-7B-v0.1,h100,Sparse,4096,16,0.1,-1.62,-1.02,16.58,16.58,490.00,0.00,OK,5.1
mistralai/Mistral-7B-v0.1,h100,Sparse,4096,32,0.1,-1.62,-1.02,16.58,16.58,490.00,0.00,OK,3.9
mistralai/Mistral-7B-v0.1,h100,Dense,4096,16,1.0,-1.62,-1.02,16.58,16.58,490.00,0.00,OK,6.2
mistralai/Mistral-7B-v0.1,h100,NaiveSparse,4096,16,1.0,-1.62,-1.02,16.58,16.58,490.00,0.00,OK,6.2
mistralai/Mistral-7B-v0.1,h100,Dense,4096,32,1.0,-1.62,-1.02,16.58,16.58,490.00,0.00,OK,6.3
mistralai/Mistral-7B-v0.1,h100,NaiveSparse,4096,32,1.0,-1.62,-1.02,16.58,16.58,490.00,0.00,OK,6.3
mistralai/Mistral-7B-v0.1,a40,Sparse,524288,4,0.1,-1.62,-1.02,65.90,72.61,110.56,149.56,OK,525.6
mistralai/Mistral-7B-v0.1,h100,Sparse,4096,64,0.1,-1.62,-1.02,16.58,16.58,490.12,0.00,OK,5.6
mistralai/Mistral-7B-v0.1,h100,Sparse,4096,8,0.1,-1.62,-1.02,16.59,16.59,489.88,0.00,OK,491.7
mistralai/Mistral-7B-v0.1,h100,Sparse,4096,128,0.1,-1.62,-1.02,16.58,16.58,490.12,0.00,OK,5.3
mistralai/Mistral-7B-v0.1,h100,Dense,4096,64,1.0,-1.62,-1.02,16.58,16.58,490.12,0.00,OK,7.6
mistralai/Mistral-7B-v0.1,h100,NaiveSparse,4096,64,1.0,-1.62,-1.02,16.58,16.58,490.12,0.00,OK,7.6
mistralai/Mistral-7B-v0.1,h100,Dense,4096,128,1.0,-1.62,-1.02,16.58,16.58,490.12,0.00,OK,7.3
mistralai/Mistral-7B-v0.1,h100,NaiveSparse,4096,128,1.0,-1.62,-1.02,16.58,16.58,490.12,0.00,OK,7.3
mistralai/Mistral-7B-v0.1,h100,Sparse,8192,4,0.1,-1.62,-1.02,26.93,30.15,267.60,0.00,OK,9.7
mistralai/Mistral-7B-v0.1,h100,Sparse,8192,16,0.1,-1.62,-1.02,19.29,19.29,420.27,0.00,OK,5.6
mistralai/Mistral-7B-v0.1,h100,Sparse,8192,8,0.1,-1.62,-1.02,19.29,19.29,420.27,0.00,OK,8.3
mistralai/Mistral-7B-v0.1,h100,Dense,8192,4,1.0,-1.62,-1.02,26.93,30.15,267.60,0.00,OK,14.4
mistralai/Mistral-7B-v0.1,h100,NaiveSparse,8192,4,1.0,-1.62,-1.02,26.93,30.15,267.60,0.00,OK,14.4
mistralai/Mistral-7B-v0.1,a40,Dense,262144,4,1.0,-1.62,-1.02,324.57,358.12,22.35,1291.59,OK,604.2
mistralai/Mistral-7B-v0.1,a40,NaiveSparse,262144,4,1.0,-1.62,-1.02,324.57,358.12,22.35,1291.59,OK,604.2
mistralai/Mistral-7B-v0.1,h100,Sparse,8192,32,0.1,-1.62,-1.02,19.29,19.29,420.27,0.00,OK,5.1
mistralai/Mistral-7B-v0.1,h100,Dense,8192,8,1.0,-1.62,-1.02,19.29,19.29,420.27,0.00,OK,13.1
mistralai/Mistral-7B-v0.1,h100,NaiveSparse,8192,8,1.0,-1.62,-1.02,19.29,19.29,420.27,0.00,OK,13.1
mistralai/Mistral-7B-v0.1,h100,Dense,8192,16,1.0,-1.62,-1.02,19.29,19.29,420.27,0.00,OK,9.8
mistralai/Mistral-7B-v0.1,h100,NaiveSparse,8192,16,1.0,-1.62,-1.02,19.29,19.29,420.27,0.00,OK,9.8
mistralai/Mistral-7B-v0.1,h100,Sparse,8192,64,0.1,-1.62,-1.02,19.29,19.29,420.27,0.00,OK,5.1
mistralai/Mistral-7B-v0.1,a40,Dense,262144,8,1.0,-1.62,-1.02,358.11,358.11,22.36,1334.94,OK,600.0
mistralai/Mistral-7B-v0.1,a40,NaiveSparse,262144,8,1.0,-1.62,-1.02,358.11,358.11,22.36,1334.94,OK,600.0
mistralai/Mistral-7B-v0.1,h100,Dense,8192,32,1.0,-1.62,-1.02,19.29,19.29,420.27,0.00,OK,9.9
mistralai/Mistral-7B-v0.1,h100,NaiveSparse,8192,32,1.0,-1.62,-1.02,19.29,19.29,420.27,0.00,OK,9.9
mistralai/Mistral-7B-v0.1,h100,Sparse,8192,128,0.1,-1.62,-1.02,19.29,19.29,420.27,0.00,OK,5.2
mistralai/Mistral-7B-v0.1,h100,Dense,8192,64,1.0,-1.62,-1.02,19.29,19.29,420.27,0.00,OK,9.8
mistralai/Mistral-7B-v0.1,h100,NaiveSparse,8192,64,1.0,-1.62,-1.02,19.29,19.29,420.27,0.00,OK,9.8
mistralai/Mistral-7B-v0.1,h100,Dense,8192,128,1.0,-1.62,-1.02,19.29,19.29,420.27,0.00,OK,9.9
mistralai/Mistral-7B-v0.1,h100,NaiveSparse,8192,128,1.0,-1.62,-1.02,19.29,19.29,420.27,0.00,OK,9.9
mistralai/Mistral-7B-v0.1,h100,Sparse,16384,8,0.1,-1.62,-1.02,24.37,24.37,331.68,0.00,OK,15.2
mistralai/Mistral-7B-v0.1,h100,Sparse,16384,16,0.1,-1.62,-1.02,24.37,24.37,331.68,0.00,OK,15.0
mistralai/Mistral-7B-v0.1,h100,Sparse,16384,4,0.1,-1.62,-1.02,31.54,35.23,228.76,0.00,OK,17.7
mistralai/Mistral-7B-v0.1,h100,Sparse,16384,32,0.1,-1.62,-1.02,24.37,24.37,331.68,0.00,OK,9.8
mistralai/Mistral-7B-v0.1,h100,Dense,16384,4,1.0,-1.62,-1.02,31.54,35.23,228.76,0.00,OK,22.1
mistralai/Mistral-7B-v0.1,h100,NaiveSparse,16384,4,1.0,-1.62,-1.02,31.54,35.23,228.76,0.00,OK,22.1
mistralai/Mistral-7B-v0.1,h100,Sparse,16384,64,0.1,-1.62,-1.02,24.37,24.37,331.68,0.00,OK,5.9
mistralai/Mistral-7B-v0.1,h100,Sparse,16384,128,0.1,-1.62,-1.02,24.37,24.37,331.68,0.00,OK,5.9
mistralai/Mistral-7B-v0.1,h100,Dense,16384,8,1.0,-1.62,-1.02,25.19,25.19,320.86,3.25,OK,22.8
mistralai/Mistral-7B-v0.1,h100,NaiveSparse,16384,8,1.0,-1.62,-1.02,25.19,25.19,320.86,3.25,OK,22.8
mistralai/Mistral-7B-v0.1,h100,Dense,16384,16,1.0,-1.62,-1.02,25.19,25.19,320.86,3.25,OK,22.2
mistralai/Mistral-7B-v0.1,h100,NaiveSparse,16384,16,1.0,-1.62,-1.02,25.19,25.19,320.86,3.25,OK,22.2
mistralai/Mistral-7B-v0.1,h100,Dense,16384,32,1.0,-1.62,-1.02,25.19,25.19,320.86,3.25,OK,15.0
mistralai/Mistral-7B-v0.1,h100,NaiveSparse,16384,32,1.0,-1.62,-1.02,25.19,25.19,320.86,3.25,OK,15.0
mistralai/Mistral-7B-v0.1,h100,Dense,16384,64,1.0,-1.62,-1.02,25.19,25.19,320.86,3.25,OK,15.1
mistralai/Mistral-7B-v0.1,h100,NaiveSparse,16384,64,1.0,-1.62,-1.02,25.19,25.19,320.86,3.25,OK,15.1
mistralai/Mistral-7B-v0.1,h100,Dense,16384,128,1.0,-1.62,-1.02,25.19,25.19,320.86,3.25,OK,15.0
mistralai/Mistral-7B-v0.1,h100,NaiveSparse,16384,128,1.0,-1.62,-1.02,25.19,25.19,320.86,3.25,OK,15.0
mistralai/Mistral-7B-v0.1,h100,Sparse,32768,8,0.1,-1.62,-1.02,24.37,24.37,331.68,0.00,OK,20.1
mistralai/Mistral-7B-v0.1,h100,Sparse,32768,4,0.1,-1.62,-1.02,31.54,35.23,228.76,0.00,OK,23.5
mistralai/Mistral-7B-v0.1,h100,Sparse,32768,16,0.1,-1.62,-1.02,24.37,24.37,331.68,0.00,OK,21.0
mistralai/Mistral-7B-v0.1,h100,Sparse,32768,32,0.1,-1.62,-1.02,24.37,24.37,331.68,0.00,OK,16.3
mistralai/Mistral-7B-v0.1,h100,Sparse,32768,64,0.1,-1.62,-1.02,24.37,24.37,331.68,0.00,OK,8.5
mistralai/Mistral-7B-v0.1,h100,Dense,32768,8,1.0,-1.62,-1.02,46.62,46.62,172.56,88.96,OK,38.4
mistralai/Mistral-7B-v0.1,h100,NaiveSparse,32768,8,1.0,-1.62,-1.02,46.62,46.62,172.56,88.96,OK,38.4
mistralai/Mistral-7B-v0.1,h100,Dense,32768,16,1.0,-1.62,-1.02,46.62,46.62,172.56,88.96,OK,35.3
mistralai/Mistral-7B-v0.1,h100,NaiveSparse,32768,16,1.0,-1.62,-1.02,46.62,46.62,172.56,88.96,OK,35.3
mistralai/Mistral-7B-v0.1,h100,Dense,32768,4,1.0,-1.62,-1.02,42.43,46.62,172.53,45.59,OK,46.9
mistralai/Mistral-7B-v0.1,h100,NaiveSparse,32768,4,1.0,-1.62,-1.02,42.43,46.62,172.53,45.59,OK,46.9
mistralai/Mistral-7B-v0.1,h100,Dense,32768,32,1.0,-1.62,-1.02,46.62,46.62,172.56,88.96,OK,27.7
mistralai/Mistral-7B-v0.1,h100,NaiveSparse,32768,32,1.0,-1.62,-1.02,46.62,46.62,172.56,88.96,OK,27.7
mistralai/Mistral-7B-v0.1,h100,Dense,32768,64,1.0,-1.62,-1.02,46.62,46.62,172.56,88.96,OK,25.7
mistralai/Mistral-7B-v0.1,h100,NaiveSparse,32768,64,1.0,-1.62,-1.02,46.62,46.62,172.56,88.96,OK,25.7
mistralai/Mistral-7B-v0.1,h100,Sparse,65536,16,0.1,-1.62,-1.02,24.37,24.37,331.68,0.00,OK,11.2
mistralai/Mistral-7B-v0.1,h100,Sparse,65536,4,0.1,-1.62,-1.02,31.54,35.23,228.76,0.00,OK,29.9
mistralai/Mistral-7B-v0.1,h100,Sparse,65536,8,0.1,-1.62,-1.02,24.37,24.37,331.68,0.00,OK,19.8
mistralai/Mistral-7B-v0.1,h100,Sparse,65536,32,0.1,-1.62,-1.02,24.37,24.37,331.68,0.00,OK,11.7
mistralai/Mistral-7B-v0.1,h100,Dense,65536,4,1.0,-1.62,-1.02,81.56,89.96,89.19,218.92,OK,60.1
mistralai/Mistral-7B-v0.1,h100,NaiveSparse,65536,4,1.0,-1.62,-1.02,81.56,89.96,89.19,218.92,OK,60.1
mistralai/Mistral-7B-v0.1,h100,Dense,65536,16,1.0,-1.62,-1.02,89.95,89.95,89.20,262.28,OK,47.6
mistralai/Mistral-7B-v0.1,h100,NaiveSparse,65536,16,1.0,-1.62,-1.02,89.95,89.95,89.20,262.28,OK,47.6
mistralai/Mistral-7B-v0.1,h100,Dense,65536,8,1.0,-1.62,-1.02,89.95,89.95,89.20,262.28,OK,55.7
mistralai/Mistral-7B-v0.1,h100,NaiveSparse,65536,8,1.0,-1.62,-1.02,89.95,89.95,89.20,262.28,OK,55.7
mistralai/Mistral-7B-v0.1,h100,Sparse,131072,4,0.1,-1.62,-1.02,31.54,35.23,228.76,0.00,OK,40.3
mistralai/Mistral-7B-v0.1,h100,Sparse,131072,8,0.1,-1.62,-1.02,24.37,24.37,331.68,0.00,OK,37.5
mistralai/Mistral-7B-v0.1,h100,Dense,65536,32,1.0,-1.62,-1.02,89.95,89.95,89.20,262.28,OK,45.9
mistralai/Mistral-7B-v0.1,h100,NaiveSparse,65536,32,1.0,-1.62,-1.02,89.95,89.95,89.20,262.28,OK,45.9
mistralai/Mistral-7B-v0.1,h100,Sparse,131072,16,0.1,-1.62,-1.02,24.37,24.37,331.68,0.00,OK,14.3
mistralai/Mistral-7B-v0.1,h100,Sparse,262144,8,0.1,-1.62,-1.02,37.92,37.92,212.37,54.20,OK,65.7
mistralai/Mistral-7B-v0.1,h100,Dense,131072,4,1.0,-1.62,-1.02,162.43,179.21,44.70,575.92,OK,107.1
mistralai/Mistral-7B-v0.1,h100,NaiveSparse,131072,4,1.0,-1.62,-1.02,162.43,179.21,44.70,575.92,OK,107.1
mistralai/Mistral-7B-v0.1,h100,Sparse,262144,4,0.1,-1.62,-1.02,34.58,38.26,210.49,12.14,OK,70.1
mistralai/Mistral-7B-v0.1,h100,Dense,131072,8,1.0,-1.62,-1.02,179.20,179.20,44.71,619.29,OK,89.1
mistralai/Mistral-7B-v0.1,h100,NaiveSparse,131072,8,1.0,-1.62,-1.02,179.20,179.20,44.71,619.29,OK,89.1
mistralai/Mistral-7B-v0.1,h100,Dense,131072,16,1.0,-1.62,-1.02,179.20,179.20,44.71,619.29,OK,101.1
mistralai/Mistral-7B-v0.1,h100,NaiveSparse,131072,16,1.0,-1.62,-1.02,179.20,179.20,44.71,619.29,OK,101.1
mistralai/Mistral-7B-v0.1,a40,Dense,524288,4,1.0,-1.62,-1.02,648.85,715.95,11.18,2722.90,OK,947.3
mistralai/Mistral-7B-v0.1,a40,NaiveSparse,524288,4,1.0,-1.62,-1.02,648.85,715.95,11.18,2722.90,OK,947.3
mistralai/Mixtral-8x7B-v0.1,a100,Sparse,4096,4,0.1,-1.62,-1.02,24.15,27.05,298.59,0.00,OK,502.8
mistralai/Mixtral-8x7B-v0.1,a100,Sparse,4096,16,0.1,-1.62,-1.02,16.58,16.58,489.96,0.00,OK,5.4
mistralai/Mixtral-8x7B-v0.1,a100,Dense,4096,16,1.0,-1.62,-1.02,16.58,16.58,489.96,0.00,OK,6.2
mistralai/Mixtral-8x7B-v0.1,a100,NaiveSparse,4096,16,1.0,-1.62,-1.02,16.58,16.58,489.96,0.00,OK,6.2
mistralai/Mixtral-8x7B-v0.1,a100,Dense,4096,8,1.0,-1.62,-1.02,16.59,16.59,489.88,0.00,OK,309.5
mistralai/Mixtral-8x7B-v0.1,a100,NaiveSparse,4096,8,1.0,-1.62,-1.02,16.59,16.59,489.88,0.00,OK,309.5
mistralai/Mixtral-8x7B-v0.1,a100,Dense,4096,4,1.0,-1.62,-1.02,24.45,27.39,294.84,0.00,OK,510.8
mistralai/Mixtral-8x7B-v0.1,a100,NaiveSparse,4096,4,1.0,-1.62,-1.02,24.45,27.39,294.84,0.00,OK,510.8
mistralai/Mixtral-8x7B-v0.1,a100,Sparse,4096,32,0.1,-1.62,-1.02,16.58,16.58,490.02,0.00,OK,6.4
mistralai/Mixtral-8x7B-v0.1,a100,Sparse,4096,8,0.1,-1.62,-1.02,16.37,16.37,496.42,0.00,OK,490.2
mistralai/Mistral-7B-v0.1,h100,Sparse,524288,4,0.1,-1.62,-1.02,65.90,72.61,110.56,149.54,OK,523.2
mistralai/Mixtral-8x7B-v0.1,a100,Sparse,4096,64,0.1,-1.62,-1.02,16.58,16.58,490.02,0.00,OK,4.7
mistralai/Mixtral-8x7B-v0.1,a100,Dense,4096,32,1.0,-1.62,-1.02,16.58,16.58,490.02,0.00,OK,7.9
mistralai/Mixtral-8x7B-v0.1,a100,NaiveSparse,4096,32,1.0,-1.62,-1.02,16.58,16.58,490.02,0.00,OK,7.9
mistralai/Mixtral-8x7B-v0.1,a100,Sparse,4096,128,0.1,-1.62,-1.02,16.58,16.58,490.02,0.00,OK,4.7
mistralai/Mixtral-8x7B-v0.1,a100,Dense,4096,64,1.0,-1.62,-1.02,16.58,16.58,490.02,0.00,OK,7.2
mistralai/Mixtral-8x7B-v0.1,a100,NaiveSparse,4096,64,1.0,-1.62,-1.02,16.58,16.58,490.02,0.00,OK,7.2
mistralai/Mixtral-8x7B-v0.1,a100,Dense,4096,128,1.0,-1.62,-1.02,16.58,16.58,490.02,0.00,OK,7.1
mistralai/Mixtral-8x7B-v0.1,a100,NaiveSparse,4096,128,1.0,-1.62,-1.02,16.58,16.58,490.02,0.00,OK,7.1
mistralai/Mistral-7B-v0.1,h100,Dense,262144,4,1.0,-1.62,-1.02,324.57,358.12,22.35,1291.57,OK,601.6
mistralai/Mistral-7B-v0.1,h100,NaiveSparse,262144,4,1.0,-1.62,-1.02,324.57,358.12,22.35,1291.57,OK,601.6
mistralai/Mixtral-8x7B-v0.1,a100,Sparse,8192,8,0.1,-1.62,-1.02,19.30,19.30,419.96,0.00,OK,9.9
mistralai/Mixtral-8x7B-v0.1,a100,Sparse,8192,4,0.1,-1.62,-1.02,26.94,30.16,267.47,0.00,OK,10.8
mistralai/Mixtral-8x7B-v0.1,a100,Sparse,8192,16,0.1,-1.62,-1.02,19.30,19.30,419.96,0.00,OK,8.3
mistralai/Mixtral-8x7B-v0.1,a100,Dense,8192,4,1.0,-1.62,-1.02,26.94,30.16,267.47,0.00,OK,14.1
mistralai/Mixtral-8x7B-v0.1,a100,NaiveSparse,8192,4,1.0,-1.62,-1.02,26.94,30.16,267.47,0.00,OK,14.1
mistralai/Mixtral-8x7B-v0.1,a100,Sparse,8192,32,0.1,-1.62,-1.02,19.30,19.30,419.96,0.00,OK,5.1
mistralai/Mixtral-8x7B-v0.1,a100,Dense,8192,8,1.0,-1.62,-1.02,19.30,19.30,419.96,0.00,OK,13.4
mistralai/Mixtral-8x7B-v0.1,a100,NaiveSparse,8192,8,1.0,-1.62,-1.02,19.30,19.30,419.96,0.00,OK,13.4
mistralai/Mixtral-8x7B-v0.1,a100,Sparse,8192,64,0.1,-1.62,-1.02,19.30,19.30,419.96,0.00,OK,5.2
mistralai/Mistral-7B-v0.1,h100,Dense,262144,8,1.0,-1.62,-1.02,358.11,358.11,22.36,1334.94,OK,603.4
mistralai/Mistral-7B-v0.1,h100,NaiveSparse,262144,8,1.0,-1.62,-1.02,358.11,358.11,22.36,1334.94,OK,603.4
mistralai/Mixtral-8x7B-v0.1,a100,Dense,8192,16,1.0,-1.62,-1.02,19.30,19.30,419.96,0.00,OK,9.8
mistralai/Mixtral-8x7B-v0.1,a100,NaiveSparse,8192,16,1.0,-1.62,-1.02,19.30,19.30,419.96,0.00,OK,9.8
mistralai/Mixtral-8x7B-v0.1,a100,Dense,8192,32,1.0,-1.62,-1.02,19.30,19.30,419.96,0.00,OK,10.0
mistralai/Mixtral-8x7B-v0.1,a100,NaiveSparse,8192,32,1.0,-1.62,-1.02,19.30,19.30,419.96,0.00,OK,10.0
mistralai/Mixtral-8x7B-v0.1,a100,Sparse,8192,128,0.1,-1.62,-1.02,19.30,19.30,419.96,0.00,OK,5.3
mistralai/Mixtral-8x7B-v0.1,a100,Dense,8192,64,1.0,-1.62,-1.02,19.30,19.30,419.96,0.00,OK,10.0
mistralai/Mixtral-8x7B-v0.1,a100,NaiveSparse,8192,64,1.0,-1.62,-1.02,19.30,19.30,419.96,0.00,OK,10.0
mistralai/Mixtral-8x7B-v0.1,a100,Dense,8192,128,1.0,-1.62,-1.02,19.30,19.30,419.96,0.00,OK,9.9
mistralai/Mixtral-8x7B-v0.1,a100,NaiveSparse,8192,128,1.0,-1.62,-1.02,19.30,19.30,419.96,0.00,OK,9.9
mistralai/Mixtral-8x7B-v0.1,a100,Sparse,16384,32,0.1,-1.62,-1.02,24.39,24.39,331.42,0.00,OK,6.2
mistralai/Mixtral-8x7B-v0.1,a100,Sparse,16384,8,0.1,-1.62,-1.02,24.39,24.39,331.42,0.00,OK,14.4
mistralai/Mixtral-8x7B-v0.1,a100,Sparse,16384,16,0.1,-1.62,-1.02,24.39,24.39,331.42,0.00,OK,13.3
mistralai/Mixtral-8x7B-v0.1,a100,Sparse,16384,4,0.1,-1.62,-1.02,31.54,35.22,228.77,0.00,OK,19.1
mistralai/Mixtral-8x7B-v0.1,a100,Sparse,16384,64,0.1,-1.62,-1.02,24.39,24.39,331.42,0.00,OK,5.9
mistralai/Mixtral-8x7B-v0.1,a100,Dense,16384,4,1.0,-1.62,-1.02,31.54,35.22,228.77,0.00,OK,22.5
mistralai/Mixtral-8x7B-v0.1,a100,NaiveSparse,16384,4,1.0,-1.62,-1.02,31.54,35.22,228.77,0.00,OK,22.5
mistralai/Mixtral-8x7B-v0.1,a100,Sparse,16384,128,0.1,-1.62,-1.02,24.39,24.39,331.42,0.00,OK,5.8
mistralai/Mixtral-8x7B-v0.1,a100,Dense,16384,8,1.0,-1.62,-1.02,25.19,25.19,320.87,3.17,OK,23.5
mistralai/Mixtral-8x7B-v0.1,a100,NaiveSparse,16384,8,1.0,-1.62,-1.02,25.19,25.19,320.87,3.17,OK,23.5
mistralai/Mixtral-8x7B-v0.1,a100,Dense,16384,16,1.0,-1.62,-1.02,25.19,25.19,320.87,3.17,OK,21.0
mistralai/Mixtral-8x7B-v0.1,a100,NaiveSparse,16384,16,1.0,-1.62,-1.02,25.19,25.19,320.87,3.17,OK,21.0
mistralai/Mixtral-8x7B-v0.1,a100,Dense,16384,32,1.0,-1.62,-1.02,25.19,25.19,320.87,3.17,OK,15.1
mistralai/Mixtral-8x7B-v0.1,a100,NaiveSparse,16384,32,1.0,-1.62,-1.02,25.19,25.19,320.87,3.17,OK,15.1
mistralai/Mixtral-8x7B-v0.1,a100,Dense,16384,64,1.0,-1.62,-1.02,25.19,25.19,320.87,3.17,OK,15.2
mistralai/Mixtral-8x7B-v0.1,a100,NaiveSparse,16384,64,1.0,-1.62,-1.02,25.19,25.19,320.87,3.17,OK,15.2
mistralai/Mixtral-8x7B-v0.1,a100,Dense,16384,128,1.0,-1.62,-1.02,25.19,25.19,320.87,3.17,OK,15.0
mistralai/Mixtral-8x7B-v0.1,a100,NaiveSparse,16384,128,1.0,-1.62,-1.02,25.19,25.19,320.87,3.17,OK,15.0
mistralai/Mixtral-8x7B-v0.1,a100,Sparse,32768,8,0.1,-1.62,-1.02,24.39,24.39,331.42,0.00,OK,19.9
mistralai/Mixtral-8x7B-v0.1,a100,Sparse,32768,32,0.1,-1.62,-1.02,24.39,24.39,331.42,0.00,OK,13.7
mistralai/Mixtral-8x7B-v0.1,a100,Sparse,32768,16,0.1,-1.62,-1.02,24.39,24.39,331.42,0.00,OK,20.6
mistralai/Mixtral-8x7B-v0.1,a100,Sparse,32768,4,0.1,-1.62,-1.02,31.54,35.22,228.77,0.00,OK,29.3
mistralai/Mixtral-8x7B-v0.1,a100,Sparse,32768,64,0.1,-1.62,-1.02,24.39,24.39,331.42,0.00,OK,7.4
mistralai/Mixtral-8x7B-v0.1,a100,Dense,32768,8,1.0,-1.62,-1.02,46.62,46.62,172.56,88.89,OK,35.5
mistralai/Mixtral-8x7B-v0.1,a100,NaiveSparse,32768,8,1.0,-1.62,-1.02,46.62,46.62,172.56,88.89,OK,35.5
mistralai/Mixtral-8x7B-v0.1,a100,Dense,32768,4,1.0,-1.62,-1.02,42.43,46.63,172.52,45.60,OK,40.2
mistralai/Mixtral-8x7B-v0.1,a100,NaiveSparse,32768,4,1.0,-1.62,-1.02,42.43,46.63,172.52,45.60,OK,40.2
mistralai/Mixtral-8x7B-v0.1,a100,Dense,32768,16,1.0,-1.62,-1.02,46.62,46.62,172.56,88.89,OK,40.6
mistralai/Mixtral-8x7B-v0.1,a100,NaiveSparse,32768,16,1.0,-1.62,-1.02,46.62,46.62,172.56,88.89,OK,40.6
mistralai/Mixtral-8x7B-v0.1,a100,Dense,32768,32,1.0,-1.62,-1.02,46.62,46.62,172.56,88.89,OK,25.9
mistralai/Mixtral-8x7B-v0.1,a100,NaiveSparse,32768,32,1.0,-1.62,-1.02,46.62,46.62,172.56,88.89,OK,25.9
mistralai/Mixtral-8x7B-v0.1,a100,Dense,32768,64,1.0,-1.62,-1.02,46.62,46.62,172.56,88.89,OK,25.7
mistralai/Mixtral-8x7B-v0.1,a100,NaiveSparse,32768,64,1.0,-1.62,-1.02,46.62,46.62,172.56,88.89,OK,25.7
mistralai/Mixtral-8x7B-v0.1,a100,Sparse,65536,4,0.1,-1.62,-1.02,31.54,35.22,228.77,0.00,OK,29.7
mistralai/Mixtral-8x7B-v0.1,a100,Sparse,65536,16,0.1,-1.62,-1.02,24.39,24.39,331.42,0.00,OK,9.8
mistralai/Mixtral-8x7B-v0.1,a100,Sparse,65536,8,0.1,-1.62,-1.02,24.39,24.39,331.42,0.00,OK,21.5
mistralai/Mixtral-8x7B-v0.1,a100,Sparse,65536,32,0.1,-1.62,-1.02,24.39,24.39,331.42,0.00,OK,10.4
mistralai/Mixtral-8x7B-v0.1,a100,Dense,65536,4,1.0,-1.62,-1.02,81.57,89.96,89.19,218.93,OK,55.8
mistralai/Mixtral-8x7B-v0.1,a100,NaiveSparse,65536,4,1.0,-1.62,-1.02,81.57,89.96,89.19,218.93,OK,55.8
mistralai/Mixtral-8x7B-v0.1,a100,Dense,65536,16,1.0,-1.62,-1.02,89.95,89.95,89.19,262.21,OK,46.1
mistralai/Mixtral-8x7B-v0.1,a100,NaiveSparse,65536,16,1.0,-1.62,-1.02,89.95,89.95,89.19,262.21,OK,46.1
mistralai/Mixtral-8x7B-v0.1,a100,Dense,65536,8,1.0,-1.62,-1.02,89.95,89.95,89.19,262.21,OK,57.0
mistralai/Mixtral-8x7B-v0.1,a100,NaiveSparse,65536,8,1.0,-1.62,-1.02,89.95,89.95,89.19,262.21,OK,57.0
mistralai/Mixtral-8x7B-v0.1,a100,Sparse,131072,4,0.1,-1.62,-1.02,31.54,35.22,228.77,0.00,OK,41.1
mistralai/Mixtral-8x7B-v0.1,a100,Dense,65536,32,1.0,-1.62,-1.02,89.95,89.95,89.19,262.21,OK,45.7
mistralai/Mixtral-8x7B-v0.1,a100,NaiveSparse,65536,32,1.0,-1.62,-1.02,89.95,89.95,89.19,262.21,OK,45.7
mistralai/Mixtral-8x7B-v0.1,a100,Sparse,131072,8,0.1,-1.62,-1.02,24.39,24.39,331.42,0.00,OK,41.5
mistralai/Mixtral-8x7B-v0.1,a100,Sparse,131072,16,0.1,-1.62,-1.02,24.39,24.39,331.42,0.00,OK,14.3
mistralai/Mixtral-8x7B-v0.1,a100,Sparse,262144,4,0.1,-1.62,-1.02,34.58,38.27,210.47,12.16,OK,67.6
mistralai/Mixtral-8x7B-v0.1,a100,Dense,131072,4,1.0,-1.62,-1.02,162.43,179.21,44.70,575.93,OK,107.4
mistralai/Mixtral-8x7B-v0.1,a100,NaiveSparse,131072,4,1.0,-1.62,-1.02,162.43,179.21,44.70,575.93,OK,107.4
mistralai/Mixtral-8x7B-v0.1,a100,Sparse,262144,8,0.1,-1.62,-1.02,37.93,37.93,212.37,54.12,OK,67.8
mistralai/Mixtral-8x7B-v0.1,a100,Dense,131072,8,1.0,-1.62,-1.02,179.20,179.20,44.71,619.21,OK,85.9
mistralai/Mixtral-8x7B-v0.1,a100,NaiveSparse,131072,8,1.0,-1.62,-1.02,179.20,179.20,44.71,619.21,OK,85.9
mistralai/Mixtral-8x7B-v0.1,a100,Dense,131072,16,1.0,-1.62,-1.02,179.20,179.20,44.71,619.21,OK,103.4
mistralai/Mixtral-8x7B-v0.1,a100,NaiveSparse,131072,16,1.0,-1.62,-1.02,179.20,179.20,44.71,619.21,OK,103.4
mistralai/Mistral-7B-v0.1,h100,Dense,524288,4,1.0,-1.62,-1.02,648.85,715.95,11.18,2722.89,OK,970.4
mistralai/Mistral-7B-v0.1,h100,NaiveSparse,524288,4,1.0,-1.62,-1.02,648.85,715.95,11.18,2722.89,OK,970.4
mistralai/Mixtral-8x7B-v0.1,a40,Sparse,4096,4,0.1,-1.62,-1.02,24.43,27.36,295.13,0.00,OK,504.1
mistralai/Mixtral-8x7B-v0.1,a100,Sparse,524288,4,0.1,-1.62,-1.02,65.90,72.61,110.56,149.55,OK,516.2
mistralai/Mixtral-8x7B-v0.1,a40,Dense,4096,4,1.0,-1.62,-1.02,24.43,27.37,295.05,0.00,OK,508.3
mistralai/Mixtral-8x7B-v0.1,a40,NaiveSparse,4096,4,1.0,-1.62,-1.02,24.43,27.37,295.05,0.00,OK,508.3
mistralai/Mixtral-8x7B-v0.1,a40,Sparse,4096,16,0.1,-1.62,-1.02,16.58,16.58,490.10,0.00,OK,8.1
mistralai/Mixtral-8x7B-v0.1,a40,Sparse,4096,8,0.1,-1.62,-1.02,16.57,16.57,490.33,0.00,OK,485.3
mistralai/Mixtral-8x7B-v0.1,a40,Sparse,4096,32,0.1,-1.62,-1.02,16.58,16.58,490.13,0.00,OK,4.9
mistralai/Mixtral-8x7B-v0.1,a40,Dense,4096,16,1.0,-1.62,-1.02,16.58,16.58,490.13,0.00,OK,7.3
mistralai/Mixtral-8x7B-v0.1,a40,NaiveSparse,4096,16,1.0,-1.62,-1.02,16.58,16.58,490.13,0.00,OK,7.3
mistralai/Mixtral-8x7B-v0.1,a40,Dense,4096,32,1.0,-1.62,-1.02,16.58,16.58,490.13,0.00,OK,7.2
mistralai/Mixtral-8x7B-v0.1,a40,NaiveSparse,4096,32,1.0,-1.62,-1.02,16.58,16.58,490.13,0.00,OK,7.2
mistralai/Mixtral-8x7B-v0.1,a40,Sparse,4096,64,0.1,-1.62,-1.02,16.58,16.58,490.13,0.00,OK,4.1
mistralai/Mixtral-8x7B-v0.1,a40,Sparse,4096,128,0.1,-1.62,-1.02,16.57,16.57,490.20,0.00,OK,3.8
mistralai/Mixtral-8x7B-v0.1,a40,Dense,4096,64,1.0,-1.62,-1.02,16.58,16.58,490.13,0.00,OK,6.6
mistralai/Mixtral-8x7B-v0.1,a40,NaiveSparse,4096,64,1.0,-1.62,-1.02,16.58,16.58,490.13,0.00,OK,6.6
mistralai/Mixtral-8x7B-v0.1,a40,Dense,4096,8,1.0,-1.62,-1.02,16.57,16.57,490.20,0.00,OK,294.2
mistralai/Mixtral-8x7B-v0.1,a40,NaiveSparse,4096,8,1.0,-1.62,-1.02,16.57,16.57,490.20,0.00,OK,294.2
mistralai/Mixtral-8x7B-v0.1,a40,Dense,4096,128,1.0,-1.62,-1.02,16.57,16.57,490.20,0.00,OK,6.9
mistralai/Mixtral-8x7B-v0.1,a40,NaiveSparse,4096,128,1.0,-1.62,-1.02,16.57,16.57,490.20,0.00,OK,6.9
mistralai/Mixtral-8x7B-v0.1,a40,Sparse,8192,4,0.1,-1.62,-1.02,26.94,30.17,267.47,0.00,OK,7.5
mistralai/Mixtral-8x7B-v0.1,a40,Sparse,8192,8,0.1,-1.62,-1.02,19.30,19.30,419.98,0.00,OK,4.8
mistralai/Mixtral-8x7B-v0.1,a40,Sparse,8192,16,0.1,-1.62,-1.02,19.30,19.30,419.98,0.00,OK,4.2
mistralai/Mixtral-8x7B-v0.1,a40,Dense,8192,4,1.0,-1.62,-1.02,26.94,30.17,267.47,0.00,OK,9.1
mistralai/Mixtral-8x7B-v0.1,a40,NaiveSparse,8192,4,1.0,-1.62,-1.02,26.94,30.17,267.47,0.00,OK,9.1
mistralai/Mixtral-8x7B-v0.1,a40,Sparse,8192,32,0.1,-1.62,-1.02,19.30,19.30,419.98,0.00,OK,4.2
mistralai/Mixtral-8x7B-v0.1,a40,Dense,8192,8,1.0,-1.62,-1.02,19.30,19.30,419.98,0.00,OK,9.0
mistralai/Mixtral-8x7B-v0.1,a40,NaiveSparse,8192,8,1.0,-1.62,-1.02,19.30,19.30,419.98,0.00,OK,9.0
mistralai/Mixtral-8x7B-v0.1,a100,Dense,262144,8,1.0,-1.62,-1.02,358.11,358.11,22.36,1334.87,OK,598.1
mistralai/Mixtral-8x7B-v0.1,a100,NaiveSparse,262144,8,1.0,-1.62,-1.02,358.11,358.11,22.36,1334.87,OK,598.1
mistralai/Mixtral-8x7B-v0.1,a100,Dense,262144,4,1.0,-1.62,-1.02,324.57,358.12,22.35,1291.58,OK,603.8
mistralai/Mixtral-8x7B-v0.1,a100,NaiveSparse,262144,4,1.0,-1.62,-1.02,324.57,358.12,22.35,1291.58,OK,603.8
mistralai/Mixtral-8x7B-v0.1,a40,Sparse,8192,64,0.1,-1.62,-1.02,19.30,19.30,419.98,0.00,OK,4.2
mistralai/Mixtral-8x7B-v0.1,a40,Dense,8192,16,1.0,-1.62,-1.02,19.30,19.30,419.98,0.00,OK,9.0
mistralai/Mixtral-8x7B-v0.1,a40,NaiveSparse,8192,16,1.0,-1.62,-1.02,19.30,19.30,419.98,0.00,OK,9.0
mistralai/Mixtral-8x7B-v0.1,a40,Sparse,8192,128,0.1,-1.62,-1.02,19.30,19.30,419.98,0.00,OK,4.4
mistralai/Mixtral-8x7B-v0.1,a40,Dense,8192,32,1.0,-1.62,-1.02,19.30,19.30,419.98,0.00,OK,9.0
mistralai/Mixtral-8x7B-v0.1,a40,NaiveSparse,8192,32,1.0,-1.62,-1.02,19.30,19.30,419.98,0.00,OK,9.0
mistralai/Mixtral-8x7B-v0.1,a40,Dense,8192,64,1.0,-1.62,-1.02,19.30,19.30,419.98,0.00,OK,9.1
mistralai/Mixtral-8x7B-v0.1,a40,NaiveSparse,8192,64,1.0,-1.62,-1.02,19.30,19.30,419.98,0.00,OK,9.1
mistralai/Mixtral-8x7B-v0.1,a40,Dense,8192,128,1.0,-1.62,-1.02,19.30,19.30,419.98,0.00,OK,9.1
mistralai/Mixtral-8x7B-v0.1,a40,NaiveSparse,8192,128,1.0,-1.62,-1.02,19.30,19.30,419.98,0.00,OK,9.1
mistralai/Mixtral-8x7B-v0.1,a40,Sparse,16384,8,0.1,-1.62,-1.02,24.39,24.39,331.46,0.00,OK,10.2
mistralai/Mixtral-8x7B-v0.1,a40,Sparse,16384,4,0.1,-1.62,-1.02,31.57,35.25,228.60,0.00,OK,13.1
mistralai/Mixtral-8x7B-v0.1,a40,Sparse,16384,32,0.1,-1.62,-1.02,24.39,24.39,331.46,0.00,OK,5.5
mistralai/Mixtral-8x7B-v0.1,a40,Sparse,16384,16,0.1,-1.62,-1.02,24.39,24.39,331.46,0.00,OK,10.5
mistralai/Mixtral-8x7B-v0.1,a40,Sparse,16384,64,0.1,-1.62,-1.02,24.39,24.39,331.46,0.00,OK,5.0
mistralai/Mixtral-8x7B-v0.1,a40,Sparse,16384,128,0.1,-1.62,-1.02,24.39,24.39,331.46,0.00,OK,5.0
mistralai/Mixtral-8x7B-v0.1,a40,Dense,16384,8,1.0,-1.62,-1.02,25.18,25.18,320.94,3.17,OK,17.5
mistralai/Mixtral-8x7B-v0.1,a40,NaiveSparse,16384,8,1.0,-1.62,-1.02,25.18,25.18,320.94,3.17,OK,17.5
mistralai/Mixtral-8x7B-v0.1,a40,Dense,16384,4,1.0,-1.62,-1.02,31.57,35.25,228.60,0.00,OK,20.5
mistralai/Mixtral-8x7B-v0.1,a40,NaiveSparse,16384,4,1.0,-1.62,-1.02,31.57,35.25,228.60,0.00,OK,20.5
mistralai/Mixtral-8x7B-v0.1,a40,Dense,16384,16,1.0,-1.62,-1.02,25.18,25.18,320.94,3.17,OK,16.4
mistralai/Mixtral-8x7B-v0.1,a40,NaiveSparse,16384,16,1.0,-1.62,-1.02,25.18,25.18,320.94,3.17,OK,16.4
mistralai/Mixtral-8x7B-v0.1,a40,Dense,16384,32,1.0,-1.62,-1.02,25.18,25.18,320.94,3.17,OK,14.1
mistralai/Mixtral-8x7B-v0.1,a40,NaiveSparse,16384,32,1.0,-1.62,-1.02,25.18,25.18,320.94,3.17,OK,14.1
mistralai/Mixtral-8x7B-v0.1,a40,Dense,16384,64,1.0,-1.62,-1.02,25.18,25.18,320.94,3.17,OK,14.2
mistralai/Mixtral-8x7B-v0.1,a40,NaiveSparse,16384,64,1.0,-1.62,-1.02,25.18,25.18,320.94,3.17,OK,14.2
mistralai/Mixtral-8x7B-v0.1,a40,Dense,16384,128,1.0,-1.62,-1.02,25.18,25.18,320.94,3.17,OK,14.1
mistralai/Mixtral-8x7B-v0.1,a40,NaiveSparse,16384,128,1.0,-1.62,-1.02,25.18,25.18,320.94,3.17,OK,14.1
mistralai/Mixtral-8x7B-v0.1,a40,Sparse,32768,8,0.1,-1.62,-1.02,24.39,24.39,331.46,0.00,OK,14.4
mistralai/Mixtral-8x7B-v0.1,a40,Sparse,32768,4,0.1,-1.62,-1.02,31.57,35.25,228.60,0.00,OK,21.3
mistralai/Mixtral-8x7B-v0.1,a40,Sparse,32768,16,0.1,-1.62,-1.02,24.39,24.39,331.46,0.00,OK,17.8
mistralai/Mixtral-8x7B-v0.1,a40,Sparse,32768,32,0.1,-1.62,-1.02,24.39,24.39,331.46,0.00,OK,11.0
mistralai/Mixtral-8x7B-v0.1,a40,Sparse,32768,64,0.1,-1.62,-1.02,24.39,24.39,331.46,0.00,OK,6.5
mistralai/Mixtral-8x7B-v0.1,a40,Dense,32768,4,1.0,-1.62,-1.02,42.43,46.62,172.53,45.50,OK,33.2
mistralai/Mixtral-8x7B-v0.1,a40,NaiveSparse,32768,4,1.0,-1.62,-1.02,42.43,46.62,172.53,45.50,OK,33.2
mistralai/Mixtral-8x7B-v0.1,a40,Dense,32768,8,1.0,-1.62,-1.02,46.62,46.62,172.56,88.90,OK,34.7
mistralai/Mixtral-8x7B-v0.1,a40,NaiveSparse,32768,8,1.0,-1.62,-1.02,46.62,46.62,172.56,88.90,OK,34.7
mistralai/Mixtral-8x7B-v0.1,a40,Dense,32768,32,1.0,-1.62,-1.02,46.62,46.62,172.56,88.90,OK,26.3
mistralai/Mixtral-8x7B-v0.1,a40,NaiveSparse,32768,32,1.0,-1.62,-1.02,46.62,46.62,172.56,88.90,OK,26.3
mistralai/Mixtral-8x7B-v0.1,a40,Dense,32768,16,1.0,-1.62,-1.02,46.62,46.62,172.56,88.90,OK,33.2
mistralai/Mixtral-8x7B-v0.1,a40,NaiveSparse,32768,16,1.0,-1.62,-1.02,46.62,46.62,172.56,88.90,OK,33.2
mistralai/Mixtral-8x7B-v0.1,a40,Dense,32768,64,1.0,-1.62,-1.02,46.62,46.62,172.56,88.90,OK,24.6
mistralai/Mixtral-8x7B-v0.1,a40,NaiveSparse,32768,64,1.0,-1.62,-1.02,46.62,46.62,172.56,88.90,OK,24.6
mistralai/Mixtral-8x7B-v0.1,a40,Sparse,65536,8,0.1,-1.62,-1.02,24.39,24.39,331.46,0.00,OK,13.6
mistralai/Mixtral-8x7B-v0.1,a40,Sparse,65536,4,0.1,-1.62,-1.02,31.57,35.25,228.60,0.00,OK,25.6
mistralai/Mixtral-8x7B-v0.1,a40,Sparse,65536,16,0.1,-1.62,-1.02,24.39,24.39,331.46,0.00,OK,9.0
mistralai/Mixtral-8x7B-v0.1,a40,Sparse,65536,32,0.1,-1.62,-1.02,24.39,24.39,331.46,0.00,OK,8.9
mistralai/Mixtral-8x7B-v0.1,a40,Dense,65536,4,1.0,-1.62,-1.02,81.56,89.96,89.19,218.82,OK,51.4
mistralai/Mixtral-8x7B-v0.1,a40,NaiveSparse,65536,4,1.0,-1.62,-1.02,81.56,89.96,89.19,218.82,OK,51.4
mistralai/Mixtral-8x7B-v0.1,a40,Sparse,131072,8,0.1,-1.62,-1.02,24.39,24.39,331.46,0.00,OK,28.5
mistralai/Mixtral-8x7B-v0.1,a40,Sparse,131072,4,0.1,-1.62,-1.02,31.57,35.25,228.60,0.00,OK,36.9
mistralai/Mixtral-8x7B-v0.1,a40,Dense,65536,16,1.0,-1.62,-1.02,89.95,89.95,89.20,262.22,OK,44.3
mistralai/Mixtral-8x7B-v0.1,a40,NaiveSparse,65536,16,1.0,-1.62,-1.02,89.95,89.95,89.20,262.22,OK,44.3
mistralai/Mixtral-8x7B-v0.1,a40,Dense,65536,8,1.0,-1.62,-1.02,89.95,89.95,89.20,262.22,OK,49.2
mistralai/Mixtral-8x7B-v0.1,a40,NaiveSparse,65536,8,1.0,-1.62,-1.02,89.95,89.95,89.20,262.22,OK,49.2
mistralai/Mixtral-8x7B-v0.1,a40,Dense,65536,32,1.0,-1.62,-1.02,89.95,89.95,89.20,262.22,OK,44.9
mistralai/Mixtral-8x7B-v0.1,a40,NaiveSparse,65536,32,1.0,-1.62,-1.02,89.95,89.95,89.20,262.22,OK,44.9
mistralai/Mixtral-8x7B-v0.1,a40,Sparse,131072,16,0.1,-1.62,-1.02,24.39,24.39,331.46,0.00,OK,13.7
mistralai/Mixtral-8x7B-v0.1,a40,Sparse,262144,8,0.1,-1.62,-1.02,37.92,37.92,212.37,54.14,OK,56.6
mistralai/Mixtral-8x7B-v0.1,a40,Sparse,262144,4,0.1,-1.62,-1.02,34.58,38.26,210.49,12.05,OK,64.0
mistralai/Mixtral-8x7B-v0.1,a40,Dense,131072,4,1.0,-1.62,-1.02,162.43,179.21,44.70,575.83,OK,102.9
mistralai/Mixtral-8x7B-v0.1,a40,NaiveSparse,131072,4,1.0,-1.62,-1.02,162.43,179.21,44.70,575.83,OK,102.9
mistralai/Mixtral-8x7B-v0.1,a40,Dense,131072,8,1.0,-1.62,-1.02,179.20,179.20,44.71,619.23,OK,90.8
mistralai/Mixtral-8x7B-v0.1,a40,NaiveSparse,131072,8,1.0,-1.62,-1.02,179.20,179.20,44.71,619.23,OK,90.8
mistralai/Mixtral-8x7B-v0.1,a40,Dense,131072,16,1.0,-1.62,-1.02,179.20,179.20,44.71,619.23,OK,99.9
mistralai/Mixtral-8x7B-v0.1,a40,NaiveSparse,131072,16,1.0,-1.62,-1.02,179.20,179.20,44.71,619.23,OK,99.9
mistralai/Mixtral-8x7B-v0.1,a100,Dense,524288,4,1.0,-1.62,-1.02,648.85,715.95,11.18,2722.89,OK,984.4
mistralai/Mixtral-8x7B-v0.1,a100,NaiveSparse,524288,4,1.0,-1.62,-1.02,648.85,715.95,11.18,2722.89,OK,984.4
mistralai/Mixtral-8x7B-v0.1,h100,Sparse,4096,8,0.1,-1.62,-1.02,16.38,16.38,496.21,0.00,OK,440.1
mistralai/Mixtral-8x7B-v0.1,a40,Sparse,524288,4,0.1,-1.62,-1.02,65.90,72.61,110.56,149.45,OK,477.2
mistralai/Mixtral-8x7B-v0.1,h100,Sparse,4096,16,0.1,-1.62,-1.02,16.38,16.38,496.25,0.00,OK,6.6
mistralai/Mixtral-8x7B-v0.1,h100,Dense,4096,8,1.0,-1.62,-1.02,16.37,16.37,496.33,0.00,OK,207.4
mistralai/Mixtral-8x7B-v0.1,h100,NaiveSparse,4096,8,1.0,-1.62,-1.02,16.37,16.37,496.33,0.00,OK,207.4
mistralai/Mixtral-8x7B-v0.1,h100,Dense,4096,16,1.0,-1.62,-1.02,16.38,16.38,496.25,0.00,OK,8.7
mistralai/Mixtral-8x7B-v0.1,h100,NaiveSparse,4096,16,1.0,-1.62,-1.02,16.38,16.38,496.25,0.00,OK,8.7
mistralai/Mixtral-8x7B-v0.1,h100,Dense,4096,4,1.0,-1.62,-1.02,24.13,27.02,298.85,0.00,OK,465.5
mistralai/Mixtral-8x7B-v0.1,h100,NaiveSparse,4096,4,1.0,-1.62,-1.02,24.13,27.02,298.85,0.00,OK,465.5
mistralai/Mixtral-8x7B-v0.1,h100,Sparse,4096,32,0.1,-1.62,-1.02,16.38,16.38,496.23,0.00,OK,7.1
mistralai/Mixtral-8x7B-v0.1,h100,Sparse,4096,64,0.1,-1.62,-1.02,16.38,16.38,496.23,0.00,OK,6.0
mistralai/Mixtral-8x7B-v0.1,h100,Sparse,4096,4,0.1,-1.62,-1.02,24.45,27.39,294.84,0.00,OK,487.7
mistralai/Mixtral-8x7B-v0.1,h100,Dense,4096,32,1.0,-1.62,-1.02,16.38,16.38,496.23,0.00,OK,9.9
mistralai/Mixtral-8x7B-v0.1,h100,NaiveSparse,4096,32,1.0,-1.62,-1.02,16.38,16.38,496.23,0.00,OK,9.9
mistralai/Mixtral-8x7B-v0.1,h100,Dense,4096,64,1.0,-1.62,-1.02,16.38,16.38,496.23,0.00,OK,8.1
mistralai/Mixtral-8x7B-v0.1,h100,NaiveSparse,4096,64,1.0,-1.62,-1.02,16.38,16.38,496.23,0.00,OK,8.1
mistralai/Mixtral-8x7B-v0.1,h100,Sparse,4096,128,0.1,-1.62,-1.02,16.38,16.38,496.23,0.00,OK,5.2
mistralai/Mixtral-8x7B-v0.1,a40,Dense,262144,4,1.0,-1.62,-1.02,324.57,358.12,22.35,1291.48,OK,559.0
mistralai/Mixtral-8x7B-v0.1,a40,NaiveSparse,262144,4,1.0,-1.62,-1.02,324.57,358.12,22.35,1291.48,OK,559.0
mistralai/Mixtral-8x7B-v0.1,h100,Dense,4096,128,1.0,-1.62,-1.02,16.38,16.38,496.23,0.00,OK,7.0
mistralai/Mixtral-8x7B-v0.1,h100,NaiveSparse,4096,128,1.0,-1.62,-1.02,16.38,16.38,496.23,0.00,OK,7.0
mistralai/Mixtral-8x7B-v0.1,h100,Sparse,8192,4,0.1,-1.62,-1.02,26.60,29.78,270.93,0.00,OK,9.7
mistralai/Mixtral-8x7B-v0.1,h100,Sparse,8192,8,0.1,-1.62,-1.02,19.09,19.09,424.77,0.00,OK,8.9
mistralai/Mixtral-8x7B-v0.1,h100,Sparse,8192,16,0.1,-1.62,-1.02,19.09,19.09,424.77,0.00,OK,8.3
mistralai/Mixtral-8x7B-v0.1,h100,Dense,8192,4,1.0,-1.62,-1.02,26.60,29.78,270.93,0.00,OK,13.0
mistralai/Mixtral-8x7B-v0.1,h100,NaiveSparse,8192,4,1.0,-1.62,-1.02,26.60,29.78,270.93,0.00,OK,13.0
mistralai/Mixtral-8x7B-v0.1,h100,Sparse,8192,32,0.1,-1.62,-1.02,19.09,19.09,424.77,0.00,OK,4.9
mistralai/Mixtral-8x7B-v0.1,a40,Dense,262144,8,1.0,-1.62,-1.02,358.11,358.11,22.36,1334.88,OK,558.4
mistralai/Mixtral-8x7B-v0.1,a40,NaiveSparse,262144,8,1.0,-1.62,-1.02,358.11,358.11,22.36,1334.88,OK,558.4
mistralai/Mixtral-8x7B-v0.1,h100,Dense,8192,8,1.0,-1.62,-1.02,19.09,19.09,424.77,0.00,OK,13.0
mistralai/Mixtral-8x7B-v0.1,h100,NaiveSparse,8192,8,1.0,-1.62,-1.02,19.09,19.09,424.77,0.00,OK,13.0
mistralai/Mixtral-8x7B-v0.1,h100,Dense,8192,16,1.0,-1.62,-1.02,19.09,19.09,424.77,0.00,OK,10.3
mistralai/Mixtral-8x7B-v0.1,h100,NaiveSparse,8192,16,1.0,-1.62,-1.02,19.09,19.09,424.77,0.00,OK,10.3
mistralai/Mixtral-8x7B-v0.1,h100,Sparse,8192,64,0.1,-1.62,-1.02,19.09,19.09,424.77,0.00,OK,5.1
mistralai/Mixtral-8x7B-v0.1,h100,Sparse,8192,128,0.1,-1.62,-1.02,19.09,19.09,424.77,0.00,OK,5.2
mistralai/Mixtral-8x7B-v0.1,h100,Dense,8192,32,1.0,-1.62,-1.02,19.09,19.09,424.77,0.00,OK,9.8
mistralai/Mixtral-8x7B-v0.1,h100,NaiveSparse,8192,32,1.0,-1.62,-1.02,19.09,19.09,424.77,0.00,OK,9.8
mistralai/Mixtral-8x7B-v0.1,h100,Dense,8192,64,1.0,-1.62,-1.02,19.09,19.09,424.77,0.00,OK,9.7
mistralai/Mixtral-8x7B-v0.1,h100,NaiveSparse,8192,64,1.0,-1.62,-1.02,19.09,19.09,424.77,0.00,OK,9.7
mistralai/Mixtral-8x7B-v0.1,h100,Dense,8192,128,1.0,-1.62,-1.02,19.09,19.09,424.77,0.00,OK,9.7
mistralai/Mixtral-8x7B-v0.1,h100,NaiveSparse,8192,128,1.0,-1.62,-1.02,19.09,19.09,424.77,0.00,OK,9.7
mistralai/Mixtral-8x7B-v0.1,h100,Sparse,16384,4,0.1,-1.62,-1.02,31.20,34.85,231.25,0.00,OK,14.7
mistralai/Mixtral-8x7B-v0.1,h100,Sparse,16384,16,0.1,-1.62,-1.02,24.18,24.18,334.32,0.00,OK,11.8
mistralai/Mixtral-8x7B-v0.1,h100,Sparse,16384,32,0.1,-1.62,-1.02,24.18,24.18,334.32,0.00,OK,8.0
mistralai/Mixtral-8x7B-v0.1,h100,Sparse,16384,8,0.1,-1.62,-1.02,24.18,24.18,334.32,0.00,OK,17.1
mistralai/Mixtral-8x7B-v0.1,h100,Sparse,16384,64,0.1,-1.62,-1.02,24.18,24.18,334.32,0.00,OK,5.8
mistralai/Mixtral-8x7B-v0.1,h100,Dense,16384,4,1.0,-1.62,-1.02,31.20,34.85,231.25,0.00,OK,21.8
mistralai/Mixtral-8x7B-v0.1,h100,NaiveSparse,16384,4,1.0,-1.62,-1.02,31.20,34.85,231.25,0.00,OK,21.8
mistralai/Mixtral-8x7B-v0.1,h100,Sparse,16384,128,0.1,-1.62,-1.02,24.18,24.18,334.32,0.00,OK,5.8
mistralai/Mixtral-8x7B-v0.1,h100,Dense,16384,16,1.0,-1.62,-1.02,25.10,25.10,321.95,3.68,OK,17.3
mistralai/Mixtral-8x7B-v0.1,h100,NaiveSparse,16384,16,1.0,-1.62,-1.02,25.10,25.10,321.95,3.68,OK,17.3
mistralai/Mixtral-8x7B-v0.1,h100,Dense,16384,8,1.0,-1.62,-1.02,25.10,25.10,321.95,3.68,OK,22.8
mistralai/Mixtral-8x7B-v0.1,h100,NaiveSparse,16384,8,1.0,-1.62,-1.02,25.10,25.10,321.95,3.68,OK,22.8
mistralai/Mixtral-8x7B-v0.1,h100,Dense,16384,32,1.0,-1.62,-1.02,25.10,25.10,321.95,3.68,OK,14.9
mistralai/Mixtral-8x7B-v0.1,h100,NaiveSparse,16384,32,1.0,-1.62,-1.02,25.10,25.10,321.95,3.68,OK,14.9
mistralai/Mixtral-8x7B-v0.1,h100,Dense,16384,64,1.0,-1.62,-1.02,25.10,25.10,321.95,3.68,OK,14.8
mistralai/Mixtral-8x7B-v0.1,h100,NaiveSparse,16384,64,1.0,-1.62,-1.02,25.10,25.10,321.95,3.68,OK,14.8
mistralai/Mixtral-8x7B-v0.1,h100,Dense,16384,128,1.0,-1.62,-1.02,25.10,25.10,321.95,3.68,OK,15.0
mistralai/Mixtral-8x7B-v0.1,h100,NaiveSparse,16384,128,1.0,-1.62,-1.02,25.10,25.10,321.95,3.68,OK,15.0
mistralai/Mixtral-8x7B-v0.1,h100,Sparse,32768,8,0.1,-1.62,-1.02,24.18,24.18,334.32,0.00,OK,18.3
mistralai/Mixtral-8x7B-v0.1,h100,Sparse,32768,4,0.1,-1.62,-1.02,31.20,34.85,231.25,0.00,OK,22.7
mistralai/Mixtral-8x7B-v0.1,h100,Sparse,32768,16,0.1,-1.62,-1.02,24.18,24.18,334.32,0.00,OK,17.4
mistralai/Mixtral-8x7B-v0.1,h100,Sparse,32768,32,0.1,-1.62,-1.02,24.18,24.18,334.32,0.00,OK,14.4
mistralai/Mixtral-8x7B-v0.1,h100,Sparse,32768,64,0.1,-1.62,-1.02,24.18,24.18,334.32,0.00,OK,8.9
mistralai/Mixtral-8x7B-v0.1,h100,Dense,32768,8,1.0,-1.62,-1.02,46.57,46.57,172.71,89.56,OK,41.0
mistralai/Mixtral-8x7B-v0.1,h100,NaiveSparse,32768,8,1.0,-1.62,-1.02,46.57,46.57,172.71,89.56,OK,41.0
mistralai/Mixtral-8x7B-v0.1,h100,Dense,32768,16,1.0,-1.62,-1.02,46.57,46.57,172.71,89.56,OK,37.4
mistralai/Mixtral-8x7B-v0.1,h100,NaiveSparse,32768,16,1.0,-1.62,-1.02,46.57,46.57,172.71,89.56,OK,37.4
mistralai/Mixtral-8x7B-v0.1,h100,Dense,32768,4,1.0,-1.62,-1.02,42.39,46.58,172.68,46.94,OK,45.7
mistralai/Mixtral-8x7B-v0.1,h100,NaiveSparse,32768,4,1.0,-1.62,-1.02,42.39,46.58,172.68,46.94,OK,45.7
mistralai/Mixtral-8x7B-v0.1,h100,Dense,32768,32,1.0,-1.62,-1.02,46.57,46.57,172.71,89.56,OK,27.8
mistralai/Mixtral-8x7B-v0.1,h100,NaiveSparse,32768,32,1.0,-1.62,-1.02,46.57,46.57,172.71,89.56,OK,27.8
mistralai/Mixtral-8x7B-v0.1,h100,Dense,32768,64,1.0,-1.62,-1.02,46.57,46.57,172.71,89.56,OK,25.4
mistralai/Mixtral-8x7B-v0.1,h100,NaiveSparse,32768,64,1.0,-1.62,-1.02,46.57,46.57,172.71,89.56,OK,25.4
mistralai/Mixtral-8x7B-v0.1,h100,Sparse,65536,8,0.1,-1.62,-1.02,24.18,24.18,334.32,0.00,OK,10.7
mistralai/Mixtral-8x7B-v0.1,h100,Sparse,65536,4,0.1,-1.62,-1.02,31.20,34.85,231.25,0.00,OK,28.7
mistralai/Mixtral-8x7B-v0.1,h100,Sparse,65536,16,0.1,-1.62,-1.02,24.18,24.18,334.32,0.00,OK,11.5
mistralai/Mixtral-8x7B-v0.1,h100,Sparse,65536,32,0.1,-1.62,-1.02,24.18,24.18,334.32,0.00,OK,9.7
mistralai/Mixtral-8x7B-v0.1,h100,Dense,65536,4,1.0,-1.62,-1.02,81.52,89.91,89.23,220.26,OK,56.6
mistralai/Mixtral-8x7B-v0.1,h100,NaiveSparse,65536,4,1.0,-1.62,-1.02,81.52,89.91,89.23,220.26,OK,56.6
mistralai/Mixtral-8x7B-v0.1,h100,Dense,65536,8,1.0,-1.62,-1.02,89.91,89.91,89.24,262.88,OK,46.4
mistralai/Mixtral-8x7B-v0.1,h100,NaiveSparse,65536,8,1.0,-1.62,-1.02,89.91,89.91,89.24,262.88,OK,46.4
mistralai/Mixtral-8x7B-v0.1,h100,Dense,65536,16,1.0,-1.62,-1.02,89.91,89.91,89.24,262.88,OK,45.6
mistralai/Mixtral-8x7B-v0.1,h100,NaiveSparse,65536,16,1.0,-1.62,-1.02,89.91,89.91,89.24,262.88,OK,45.6
mistralai/Mixtral-8x7B-v0.1,h100,Sparse,131072,4,0.1,-1.62,-1.02,31.20,34.85,231.25,0.00,OK,38.7
mistralai/Mixtral-8x7B-v0.1,h100,Sparse,131072,8,0.1,-1.62,-1.02,24.18,24.18,334.32,0.00,OK,40.5
mistralai/Mixtral-8x7B-v0.1,h100,Dense,65536,32,1.0,-1.62,-1.02,89.91,89.91,89.24,262.88,OK,45.6
mistralai/Mixtral-8x7B-v0.1,h100,NaiveSparse,65536,32,1.0,-1.62,-1.02,89.91,89.91,89.24,262.88,OK,45.6
mistralai/Mixtral-8x7B-v0.1,h100,Sparse,131072,16,0.1,-1.62,-1.02,24.18,24.18,334.32,0.00,OK,14.2
mistralai/Mixtral-8x7B-v0.1,h100,Sparse,262144,4,0.1,-1.62,-1.02,34.54,38.18,210.93,13.33,OK,63.5
mistralai/Mixtral-8x7B-v0.1,h100,Sparse,262144,8,0.1,-1.62,-1.02,37.88,37.88,212.60,54.80,OK,63.2
mistralai/Mixtral-8x7B-v0.1,h100,Dense,131072,4,1.0,-1.62,-1.02,162.43,179.21,44.70,577.43,OK,105.8
mistralai/Mixtral-8x7B-v0.1,h100,NaiveSparse,131072,4,1.0,-1.62,-1.02,162.43,179.21,44.70,577.43,OK,105.8
mistralai/Mixtral-8x7B-v0.1,h100,Dense,131072,8,1.0,-1.62,-1.02,179.20,179.20,44.71,620.05,OK,83.6
mistralai/Mixtral-8x7B-v0.1,h100,NaiveSparse,131072,8,1.0,-1.62,-1.02,179.20,179.20,44.71,620.05,OK,83.6
mistralai/Mixtral-8x7B-v0.1,h100,Dense,131072,16,1.0,-1.62,-1.02,179.20,179.20,44.71,620.05,OK,83.7
mistralai/Mixtral-8x7B-v0.1,h100,NaiveSparse,131072,16,1.0,-1.62,-1.02,179.20,179.20,44.71,620.05,OK,83.7
mistralai/Mixtral-8x7B-v0.1,a40,Dense,524288,4,1.0,-1.62,-1.02,648.85,715.95,11.18,2722.79,OK,743.0
mistralai/Mixtral-8x7B-v0.1,a40,NaiveSparse,524288,4,1.0,-1.62,-1.02,648.85,715.95,11.18,2722.79,OK,743.0
mistralai/Mixtral-8x7B-v0.1,h100,Sparse,524288,4,0.1,-1.62,-1.02,65.86,72.57,110.63,150.88,OK,114.0
mistralai/Mixtral-8x7B-v0.1,h100,Dense,262144,4,1.0,-1.62,-1.02,324.57,358.12,22.35,1293.08,OK,194.4
mistralai/Mixtral-8x7B-v0.1,h100,NaiveSparse,262144,4,1.0,-1.62,-1.02,324.57,358.12,22.35,1293.08,OK,194.4
mistralai/Mixtral-8x7B-v0.1,h100,Dense,262144,8,1.0,-1.62,-1.02,358.11,358.11,22.36,1335.71,OK,191.0
mistralai/Mixtral-8x7B-v0.1,h100,NaiveSparse,262144,8,1.0,-1.62,-1.02,358.11,358.11,22.36,1335.71,OK,191.0
mistralai/Mixtral-8x7B-v0.1,h100,Dense,524288,4,1.0,-1.62,-1.02,648.85,715.95,11.18,2724.40,OK,362.5
mistralai/Mixtral-8x7B-v0.1,h100,NaiveSparse,524288,4,1.0,-1.62,-1.02,648.85,715.95,11.18,2724.40,OK,362.5
