model,device,batch,context_length,baseline,tp,footprint_gb,sparsity_fraction,tpot_p50_ms,tpot_p99_ms,status,wall_s
meta-llama/Meta-Llama-3-8B,blackwell,1,131072,Dense,1,33.2,1.0,8.524091060941986,8.524091060941986,OK,14.3
meta-llama/Meta-Llama-3-8B,blackwell,1,131072,Dense,2,33.2,1.0,9.344967731578851,9.344967731578851,OK,14.4
meta-llama/Meta-Llama-3-8B,blackwell,1,131072,Dense,4,33.2,1.0,9.938725518699924,9.938725518699924,OK,14.0
meta-llama/Meta-Llama-3-8B,blackwell,1,131072,Dense,8,33.2,1.0,9.841204138661825,9.841204138661825,OK,14.2
meta-llama/Meta-Llama-3-8B,blackwell,1,196608,Dense,1,41.8,1.0,9.597832884941988,9.597832884941988,OK,14.5
meta-llama/Meta-Llama-3-8B,blackwell,1,262144,Dense,1,50.4,1.0,10.671574708941986,10.671574708941986,OK,14.7
meta-llama/Meta-Llama-3-8B,blackwell,1,262144,Dense,2,50.4,1.0,10.418709555578848,10.418709555578848,OK,14.7
meta-llama/Meta-Llama-3-8B,blackwell,1,262144,Dense,4,50.4,1.0,10.475596430699923,10.475596430699923,OK,14.9
meta-llama/Meta-Llama-3-8B,blackwell,1,262144,Dense,8,50.4,1.0,10.109639594661823,10.109639594661823,OK,14.8
meta-llama/Meta-Llama-3-8B,blackwell,1,196608,Dense,2,41.8,1.0,9.88183864357885,9.88183864357885,OK,63.5
meta-llama/Meta-Llama-3-8B,blackwell,1,196608,Dense,8,41.8,1.0,9.975421866661824,9.975421866661824,OK,63.9
meta-llama/Meta-Llama-3-8B,blackwell,1,393216,Dense,1,67.6,1.0,12.819058356941985,12.819058356941985,OK,16.0
meta-llama/Meta-Llama-3-8B,blackwell,1,196608,Dense,4,41.8,1.0,10.207160974699924,10.207160974699924,OK,100.2
meta-llama/Meta-Llama-3-8B,blackwell,1,524288,Dense,1,84.8,1.0,14.966542004941985,14.966542004941985,OK,17.0
meta-llama/Meta-Llama-3-8B,blackwell,1,524288,Dense,2,84.8,1.0,12.566193203578852,12.566193203578852,OK,17.4
meta-llama/Meta-Llama-3-8B,blackwell,1,524288,Dense,4,84.8,1.0,11.549338254699924,11.549338254699924,OK,17.1
meta-llama/Meta-Llama-3-8B,blackwell,1,524288,Dense,8,84.8,1.0,10.646510506661823,10.646510506661823,OK,17.1
meta-llama/Meta-Llama-3-8B,blackwell,1,393216,Dense,8,67.6,1.0,10.378075050661824,10.378075050661824,OK,72.6
meta-llama/Meta-Llama-3-8B,blackwell,1,786432,Dense,1,119.1,1.0,19.261509300941988,19.261509300941988,OK,19.3
meta-llama/Meta-Llama-3-8B,blackwell,1,393216,Dense,2,67.6,1.0,11.492451379578851,11.492451379578851,OK,107.0
meta-llama/Meta-Llama-3-8B,blackwell,1,393216,Dense,4,67.6,1.0,11.012467342699926,11.012467342699926,OK,111.5
meta-llama/Meta-Llama-3-8B,blackwell,1,1048576,Dense,1,153.5,1.0,23.556476596941987,23.556476596941987,OK,21.1
meta-llama/Meta-Llama-3-8B,blackwell,1,1048576,Dense,2,153.5,1.0,16.86116049957885,16.86116049957885,OK,22.3
meta-llama/Meta-Llama-3-8B,blackwell,1,1048576,Dense,4,153.5,1.0,13.696821902699924,13.696821902699924,OK,22.0
meta-llama/Meta-Llama-3-8B,blackwell,1,1048576,Dense,8,153.5,1.0,11.720252330661825,11.720252330661825,OK,21.7
meta-llama/Meta-Llama-3-8B,blackwell,1,786432,Dense,4,119.1,1.0,12.623080078699925,12.623080078699925,OK,92.1
meta-llama/Meta-Llama-3-8B,blackwell,1,786432,Dense,2,119.1,1.0,14.713676851578851,14.713676851578851,OK,125.1
meta-llama/Meta-Llama-3-8B,blackwell,1,786432,Dense,8,119.1,1.0,11.18338141866182,11.18338141866182,OK,124.5
meta-llama/Meta-Llama-3-8B,blackwell,2,131072,Dense,1,50.4,1.0,12.202624250222808,12.202624250222808,OK,13.8
meta-llama/Meta-Llama-3-8B,blackwell,2,131072,Dense,2,50.4,1.0,12.423339992518887,12.423339992518887,OK,14.4
meta-llama/Meta-Llama-3-8B,blackwell,2,131072,Dense,4,50.4,1.0,12.762847178420229,12.762847178420229,OK,14.3
meta-llama/Meta-Llama-3-8B,blackwell,2,131072,Dense,8,50.4,1.0,12.439600429372604,12.439600429372604,OK,14.2
meta-llama/Meta-Llama-3-8B,blackwell,2,196608,Dense,1,67.6,1.0,14.35010789822281,14.35010789822281,OK,14.7
meta-llama/Meta-Llama-3-8B,blackwell,2,196608,Dense,2,67.6,1.0,13.497081816518888,13.497081816518888,OK,14.3
meta-llama/Meta-Llama-3-8B,blackwell,2,196608,Dense,4,67.6,1.0,13.299718090420228,13.299718090420228,OK,14.1
meta-llama/Meta-Llama-3-8B,blackwell,2,196608,Dense,8,67.6,1.0,12.708035885372604,12.708035885372604,OK,14.3
meta-llama/Meta-Llama-3-8B,blackwell,1,2097152,Dense,4,290.9,1.0,17.991789198699923,17.991789198699923,OK,154.0
meta-llama/Meta-Llama-3-8B,blackwell,2,262144,Dense,1,84.8,1.0,16.497591546222807,16.497591546222807,OK,15.1
meta-llama/Meta-Llama-3-8B,blackwell,2,262144,Dense,2,84.8,1.0,14.570823640518888,14.570823640518888,OK,15.3
meta-llama/Meta-Llama-3-8B,blackwell,2,262144,Dense,4,84.8,1.0,13.836589002420231,13.836589002420231,OK,15.5
meta-llama/Meta-Llama-3-8B,blackwell,2,262144,Dense,8,84.8,1.0,12.976471341372603,12.976471341372603,OK,15.1
meta-llama/Meta-Llama-3-8B,blackwell,1,2097152,Dense,1,290.9,1.0,40.73634578094199,40.73634578094199,OK,175.3
meta-llama/Meta-Llama-3-8B,blackwell,2,393216,Dense,1,119.1,1.0,20.792558842222807,20.792558842222807,OK,16.0
meta-llama/Meta-Llama-3-8B,blackwell,1,2097152,Dense,2,290.9,1.0,25.45109509157885,25.45109509157885,OK,184.8
meta-llama/Meta-Llama-3-8B,blackwell,2,393216,Dense,2,119.1,1.0,16.718307288518886,16.718307288518886,OK,17.0
meta-llama/Meta-Llama-3-8B,blackwell,2,393216,Dense,4,119.1,1.0,14.910330826420228,14.910330826420228,OK,16.7
meta-llama/Meta-Llama-3-8B,blackwell,2,393216,Dense,8,119.1,1.0,13.513342253372603,13.513342253372603,OK,16.4
meta-llama/Meta-Llama-3-8B,blackwell,2,524288,Dense,1,153.5,1.0,25.087526138222806,25.087526138222806,OK,17.6
meta-llama/Meta-Llama-3-8B,blackwell,2,524288,Dense,4,153.5,1.0,15.98407265042023,15.98407265042023,OK,17.7
meta-llama/Meta-Llama-3-8B,blackwell,2,524288,Dense,2,153.5,1.0,18.865790936518884,18.865790936518884,OK,17.9
meta-llama/Meta-Llama-3-8B,blackwell,2,524288,Dense,8,153.5,1.0,14.050213165372606,14.050213165372606,OK,17.9
meta-llama/Meta-Llama-3-8B,blackwell,2,786432,Dense,1,222.2,1.0,33.67746073022281,33.67746073022281,OK,19.9
meta-llama/Meta-Llama-3-8B,blackwell,2,786432,Dense,2,222.2,1.0,23.160758232518887,23.160758232518887,OK,20.0
meta-llama/Meta-Llama-3-8B,blackwell,2,786432,Dense,4,222.2,1.0,18.13155629842023,18.13155629842023,OK,20.0
meta-llama/Meta-Llama-3-8B,blackwell,2,786432,Dense,8,222.2,1.0,15.123954989372603,15.123954989372603,OK,20.4
meta-llama/Meta-Llama-3-8B,blackwell,2,1048576,Dense,1,290.9,1.0,42.26739532222282,42.26739532222282,OK,21.0
meta-llama/Meta-Llama-3-8B,blackwell,2,1048576,Dense,2,290.9,1.0,27.45572552851889,27.45572552851889,OK,22.1
meta-llama/Meta-Llama-3-8B,blackwell,2,1048576,Dense,4,290.9,1.0,20.27903994642023,20.27903994642023,OK,22.5
meta-llama/Meta-Llama-3-8B,blackwell,2,1048576,Dense,8,290.9,1.0,16.197696813372605,16.197696813372605,OK,22.2
meta-llama/Meta-Llama-3-8B,blackwell,2,2097152,Dense,1,565.8,1.0,76.6271336902228,76.6271336902228,OK,30.3
meta-llama/Meta-Llama-3-8B,blackwell,2,2097152,Dense,2,565.8,1.0,44.63559471251888,44.63559471251888,OK,31.6
meta-llama/Meta-Llama-3-8B,blackwell,2,2097152,Dense,4,565.8,1.0,28.86897453842023,28.86897453842023,OK,31.8
meta-llama/Meta-Llama-3-8B,blackwell,4,131072,Dense,1,84.8,1.0,16.49932876222281,16.49932876222281,OK,14.7
meta-llama/Meta-Llama-3-8B,blackwell,4,131072,Dense,4,84.8,1.0,13.838031306420229,13.838031306420229,OK,14.8
meta-llama/Meta-Llama-3-8B,blackwell,4,131072,Dense,2,84.8,1.0,14.572364248518888,14.572364248518888,OK,14.9
meta-llama/Meta-Llama-3-8B,blackwell,4,131072,Dense,8,84.8,1.0,12.977864493372604,12.977864493372604,OK,14.5
meta-llama/Meta-Llama-3-8B,blackwell,4,196608,Dense,2,119.1,1.0,16.719847896518885,16.719847896518885,OK,15.1
meta-llama/Meta-Llama-3-8B,blackwell,4,196608,Dense,1,119.1,1.0,20.794296058222812,20.794296058222812,OK,15.4
meta-llama/Meta-Llama-3-8B,blackwell,4,196608,Dense,4,119.1,1.0,14.911773130420231,14.911773130420231,OK,14.9
meta-llama/Meta-Llama-3-8B,blackwell,4,196608,Dense,8,119.1,1.0,13.514735405372605,13.514735405372605,OK,14.9
meta-llama/Meta-Llama-3-8B,blackwell,4,262144,Dense,1,153.5,1.0,25.08926335422281,25.08926335422281,OK,15.7
meta-llama/Meta-Llama-3-8B,blackwell,4,262144,Dense,2,153.5,1.0,18.867331544518887,18.867331544518887,OK,15.8
meta-llama/Meta-Llama-3-8B,blackwell,4,262144,Dense,4,153.5,1.0,15.98551495442023,15.98551495442023,OK,16.3
meta-llama/Meta-Llama-3-8B,blackwell,4,262144,Dense,8,153.5,1.0,14.051606317372604,14.051606317372604,OK,15.5
meta-llama/Meta-Llama-3-8B,blackwell,4,393216,Dense,1,222.2,1.0,33.6791979462228,33.6791979462228,OK,16.8
meta-llama/Meta-Llama-3-8B,blackwell,4,393216,Dense,2,222.2,1.0,23.162298840518886,23.162298840518886,OK,18.2
meta-llama/Meta-Llama-3-8B,blackwell,4,393216,Dense,4,222.2,1.0,18.13299860242023,18.13299860242023,OK,17.4
meta-llama/Meta-Llama-3-8B,blackwell,4,393216,Dense,8,222.2,1.0,15.125348141372605,15.125348141372605,OK,17.0
meta-llama/Meta-Llama-3-8B,blackwell,4,524288,Dense,1,290.9,1.0,42.269132538222806,42.269132538222806,OK,17.8
meta-llama/Meta-Llama-3-8B,blackwell,4,524288,Dense,2,290.9,1.0,27.45726613651889,27.45726613651889,OK,18.0
meta-llama/Meta-Llama-3-8B,blackwell,4,524288,Dense,4,290.9,1.0,20.280482250420228,20.280482250420228,OK,17.8
meta-llama/Meta-Llama-3-8B,blackwell,4,524288,Dense,8,290.9,1.0,16.199089965372604,16.199089965372604,OK,18.3
meta-llama/Meta-Llama-3-8B,blackwell,4,786432,Dense,1,428.4,1.0,59.44900172222281,59.44900172222281,OK,19.6
meta-llama/Meta-Llama-3-8B,blackwell,4,786432,Dense,4,428.4,1.0,24.575449546420227,24.575449546420227,OK,20.3
meta-llama/Meta-Llama-3-8B,blackwell,4,786432,Dense,2,428.4,1.0,36.04720072851889,36.04720072851889,OK,21.8
meta-llama/Meta-Llama-3-8B,blackwell,4,786432,Dense,8,428.4,1.0,18.346573613372605,18.346573613372605,OK,20.6
meta-llama/Meta-Llama-3-8B,blackwell,4,1048576,Dense,1,565.8,1.0,76.62887090622282,76.62887090622282,OK,22.0
meta-llama/Meta-Llama-3-8B,blackwell,4,1048576,Dense,2,565.8,1.0,44.63713532051889,44.63713532051889,OK,22.1
meta-llama/Meta-Llama-3-8B,blackwell,4,1048576,Dense,8,565.8,1.0,20.494057261372603,20.494057261372603,OK,22.6
meta-llama/Meta-Llama-3-8B,blackwell,4,1048576,Dense,4,565.8,1.0,28.870416842420227,28.870416842420227,OK,23.0
meta-llama/Meta-Llama-3-8B,blackwell,4,2097152,Dense,1,1115.6,1.0,145.34834764222282,145.34834764222282,OK,29.7
meta-llama/Meta-Llama-3-8B,blackwell,4,2097152,Dense,2,1115.6,1.0,78.99687368851889,78.99687368851889,OK,31.3
meta-llama/Meta-Llama-3-8B,blackwell,8,131072,Dense,1,153.5,1.0,25.092737786222806,25.092737786222806,OK,14.3
meta-llama/Meta-Llama-3-8B,blackwell,4,2097152,Dense,4,1115.6,1.0,46.05028602642023,46.05028602642023,OK,32.1
meta-llama/Meta-Llama-3-8B,blackwell,8,131072,Dense,4,153.5,1.0,15.988399562420229,15.988399562420229,OK,14.6
meta-llama/Meta-Llama-3-8B,blackwell,8,131072,Dense,2,153.5,1.0,18.87041276051889,18.87041276051889,OK,14.7
meta-llama/Meta-Llama-3-8B,blackwell,8,131072,Dense,8,153.5,1.0,14.054392621372603,14.054392621372603,OK,14.7
meta-llama/Meta-Llama-3-8B,blackwell,8,196608,Dense,1,222.2,1.0,33.68267237822281,33.68267237822281,OK,15.0
meta-llama/Meta-Llama-3-8B,blackwell,8,196608,Dense,2,222.2,1.0,23.16538005651888,23.16538005651888,OK,15.1
meta-llama/Meta-Llama-3-8B,blackwell,8,196608,Dense,4,222.2,1.0,18.13588321042023,18.13588321042023,OK,15.2
meta-llama/Meta-Llama-3-8B,blackwell,8,196608,Dense,8,222.2,1.0,15.128134445372606,15.128134445372606,OK,15.3
meta-llama/Meta-Llama-3-8B,blackwell,8,262144,Dense,1,290.9,1.0,42.27260697022281,42.27260697022281,OK,15.3
meta-llama/Meta-Llama-3-8B,blackwell,8,262144,Dense,2,290.9,1.0,27.460347352518884,27.460347352518884,OK,15.5
meta-llama/Meta-Llama-3-8B,blackwell,8,262144,Dense,4,290.9,1.0,20.283366858420226,20.283366858420226,OK,15.8
meta-llama/Meta-Llama-3-8B,blackwell,8,262144,Dense,8,290.9,1.0,16.201876269372605,16.201876269372605,OK,16.0
meta-llama/Meta-Llama-3-8B,blackwell,8,393216,Dense,1,428.4,1.0,59.4524761542228,59.4524761542228,OK,16.6
meta-llama/Meta-Llama-3-8B,blackwell,8,393216,Dense,2,428.4,1.0,36.050281944518886,36.050281944518886,OK,16.7
meta-llama/Meta-Llama-3-8B,blackwell,8,393216,Dense,4,428.4,1.0,24.578334154420226,24.578334154420226,OK,16.9
meta-llama/Meta-Llama-3-8B,blackwell,8,393216,Dense,8,428.4,1.0,18.349359917372603,18.349359917372603,OK,17.0
meta-llama/Meta-Llama-3-8B,blackwell,8,524288,Dense,1,565.8,1.0,76.63234533822282,76.63234533822282,OK,17.5
meta-llama/Meta-Llama-3-8B,blackwell,8,524288,Dense,2,565.8,1.0,44.640216536518885,44.640216536518885,OK,18.0
meta-llama/Meta-Llama-3-8B,blackwell,8,524288,Dense,4,565.8,1.0,28.873301450420225,28.873301450420225,OK,17.8
meta-llama/Meta-Llama-3-8B,blackwell,8,524288,Dense,8,565.8,1.0,20.496843565372604,20.496843565372604,OK,18.0
meta-llama/Meta-Llama-3-8B,blackwell,8,786432,Dense,1,840.7,1.0,110.99208370622281,110.99208370622281,OK,20.0
meta-llama/Meta-Llama-3-8B,blackwell,8,786432,Dense,2,840.7,1.0,61.82008572051889,61.82008572051889,OK,20.5
meta-llama/Meta-Llama-3-8B,blackwell,8,786432,Dense,4,840.7,1.0,37.46323604242023,37.46323604242023,OK,20.1
meta-llama/Meta-Llama-3-8B,blackwell,8,786432,Dense,8,840.7,1.0,24.791810861372603,24.791810861372603,OK,20.4
meta-llama/Meta-Llama-3-8B,blackwell,8,1048576,Dense,1,1115.6,1.0,145.3518220742228,145.3518220742228,OK,21.9
meta-llama/Meta-Llama-3-8B,blackwell,8,1048576,Dense,2,1115.6,1.0,78.9999549045189,78.9999549045189,OK,22.3
meta-llama/Meta-Llama-3-8B,blackwell,8,1048576,Dense,4,1115.6,1.0,46.05317063442024,46.05317063442024,OK,22.9
meta-llama/Meta-Llama-3-8B,blackwell,8,1048576,Dense,8,1115.6,1.0,29.086778157372603,29.086778157372603,OK,22.6
meta-llama/Meta-Llama-3-8B,blackwell,8,2097152,Dense,1,2215.1,1.0,282.7907755462228,282.7907755462228,OK,31.1
meta-llama/Meta-Llama-3-8B,blackwell,8,2097152,Dense,2,2215.1,1.0,147.71943164051888,147.71943164051888,OK,32.2
meta-llama/Meta-Llama-3-8B,blackwell,8,2097152,Dense,4,2215.1,1.0,80.41290900242024,80.41290900242024,OK,31.9
meta-llama/Meta-Llama-3-8B,blackwell,16,131072,Dense,1,290.9,1.0,41.76202681087048,43.829312192151306,OK,14.7
meta-llama/Meta-Llama-3-8B,blackwell,16,131072,Dense,2,290.9,1.0,27.49348760078442,27.49348760078442,OK,15.5
meta-llama/Meta-Llama-3-8B,blackwell,16,131072,Dense,4,290.9,1.0,20.304709769092682,20.304709769092682,OK,14.7
meta-llama/Meta-Llama-3-8B,blackwell,16,131072,Dense,8,290.9,1.0,16.22696117176362,16.22696117176362,OK,14.6
meta-llama/Meta-Llama-3-8B,blackwell,16,196608,Dense,1,428.4,1.0,59.479000442870486,59.479000442870486,OK,15.5
meta-llama/Meta-Llama-3-8B,blackwell,16,196608,Dense,2,428.4,1.0,36.08342219278442,36.08342219278442,OK,15.5
meta-llama/Meta-Llama-3-8B,blackwell,16,196608,Dense,4,428.4,1.0,24.59967706509268,24.59967706509268,OK,16.0
meta-llama/Meta-Llama-3-8B,blackwell,16,196608,Dense,8,428.4,1.0,18.374444819763617,18.374444819763617,OK,14.9
meta-llama/Meta-Llama-3-8B,blackwell,16,262144,Dense,1,565.8,1.0,76.65886962687048,76.65886962687048,OK,15.4
meta-llama/Meta-Llama-3-8B,blackwell,16,262144,Dense,2,565.8,1.0,44.673356784784424,44.673356784784424,OK,16.4
meta-llama/Meta-Llama-3-8B,blackwell,16,262144,Dense,4,565.8,1.0,28.89464436109268,28.89464436109268,OK,16.5
meta-llama/Meta-Llama-3-8B,blackwell,16,262144,Dense,8,565.8,1.0,20.521928467763615,20.521928467763615,OK,16.8
meta-llama/Meta-Llama-3-8B,blackwell,16,393216,Dense,1,840.7,1.0,111.01860799487048,111.01860799487048,OK,16.6
meta-llama/Meta-Llama-3-8B,blackwell,16,393216,Dense,2,840.7,1.0,61.85322596878442,61.85322596878442,OK,17.3
meta-llama/Meta-Llama-3-8B,blackwell,16,393216,Dense,4,840.7,1.0,37.48457895309268,37.48457895309268,OK,17.0
meta-llama/Meta-Llama-3-8B,blackwell,16,393216,Dense,8,840.7,1.0,24.816895763763622,24.816895763763622,OK,17.9
meta-llama/Meta-Llama-3-8B,blackwell,16,524288,Dense,1,1115.6,1.0,145.3783463628705,145.3783463628705,OK,18.9
meta-llama/Meta-Llama-3-8B,blackwell,16,524288,Dense,2,1115.6,1.0,79.03309515278443,79.03309515278443,OK,18.3
meta-llama/Meta-Llama-3-8B,blackwell,16,524288,Dense,4,1115.6,1.0,46.074513545092685,46.074513545092685,OK,18.4
meta-llama/Meta-Llama-3-8B,blackwell,16,524288,Dense,8,1115.6,1.0,29.111863059763618,29.111863059763618,OK,18.3
meta-llama/Meta-Llama-3-8B,blackwell,16,786432,Dense,1,1665.3,1.0,214.09782309887052,214.09782309887052,OK,20.2
meta-llama/Meta-Llama-3-8B,blackwell,16,786432,Dense,2,1665.3,1.0,113.39283352078444,113.39283352078444,OK,20.5
meta-llama/Meta-Llama-3-8B,blackwell,16,786432,Dense,4,1665.3,1.0,63.25438272909269,63.25438272909269,OK,20.4
meta-llama/Meta-Llama-3-8B,blackwell,16,786432,Dense,8,1665.3,1.0,37.70179765176362,37.70179765176362,OK,20.6
meta-llama/Meta-Llama-3-8B,blackwell,16,1048576,Dense,1,2215.1,1.0,282.8172998348704,282.8172998348704,OK,21.6
meta-llama/Meta-Llama-3-8B,blackwell,16,1048576,Dense,2,2215.1,1.0,147.75257188878444,147.75257188878444,OK,22.8
meta-llama/Meta-Llama-3-8B,blackwell,16,1048576,Dense,4,2215.1,1.0,80.4342519130927,80.4342519130927,OK,22.5
meta-llama/Meta-Llama-3-8B,blackwell,16,1048576,Dense,8,2215.1,1.0,46.29173224376362,46.29173224376362,OK,22.9
meta-llama/Meta-Llama-3-8B,blackwell,32,131072,Dense,1,565.8,1.0,78.24288481459806,78.24288481459806,OK,15.0
meta-llama/Meta-Llama-3-8B,blackwell,32,131072,Dense,2,565.8,1.0,46.73712873485255,46.73712873485255,OK,14.8
meta-llama/Meta-Llama-3-8B,blackwell,16,2097152,Dense,2,4414.1,1.0,285.1915253607844,285.1915253607844,OK,33.7
meta-llama/Meta-Llama-3-8B,blackwell,32,131072,Dense,4,565.8,1.0,26.91782938419098,31.224284083579402,OK,14.7
meta-llama/Meta-Llama-3-8B,blackwell,16,2097152,Dense,4,4414.1,1.0,149.15372864909264,149.15372864909264,OK,32.3
meta-llama/Meta-Llama-3-8B,blackwell,32,131072,Dense,8,565.8,1.0,19.49100275466568,25.230970241684993,OK,15.1
meta-llama/Meta-Llama-3-8B,blackwell,32,196608,Dense,1,840.7,1.0,98.98444983315532,112.60262318259807,OK,15.2
meta-llama/Meta-Llama-3-8B,blackwell,32,196608,Dense,2,840.7,1.0,55.87037029461494,63.92378416162137,OK,15.4
meta-llama/Meta-Llama-3-8B,blackwell,32,196608,Dense,4,840.7,1.0,34.50113101619098,39.814218675579404,OK,15.8
meta-llama/Meta-Llama-3-8B,blackwell,32,196608,Dense,8,840.7,1.0,23.34993862666568,27.196673278974213,OK,15.9
meta-llama/Meta-Llama-3-8B,blackwell,32,262144,Dense,1,1115.6,1.0,130.3916317211553,146.96236155059805,OK,15.8
meta-llama/Meta-Llama-3-8B,blackwell,32,262144,Dense,2,1115.6,1.0,71.57404523861496,81.10365334562138,OK,15.9
meta-llama/Meta-Llama-3-8B,blackwell,32,262144,Dense,4,1115.6,1.0,42.35305248819099,48.40415326757941,OK,15.9
meta-llama/Meta-Llama-3-8B,blackwell,32,262144,Dense,8,1115.6,1.0,27.14158944266568,31.491640574974216,OK,16.0
meta-llama/Meta-Llama-3-8B,blackwell,32,393216,Dense,1,1665.3,1.0,194.8166082331553,215.68183828659804,OK,16.9
meta-llama/Meta-Llama-3-8B,blackwell,32,393216,Dense,2,1665.3,1.0,102.17568722261494,115.46339171362136,OK,17.0
meta-llama/Meta-Llama-3-8B,blackwell,32,393216,Dense,4,1665.3,1.0,57.65387348019099,65.5840224515794,OK,17.0
meta-llama/Meta-Llama-3-8B,blackwell,32,393216,Dense,8,1665.3,1.0,34.724891074665685,40.08157516697422,OK,17.3
meta-llama/Meta-Llama-3-8B,blackwell,32,524288,Dense,1,2215.1,1.0,261.3890683931553,284.401315022598,OK,17.7
meta-llama/Meta-Llama-3-8B,blackwell,32,524288,Dense,2,2215.1,1.0,134.92521439061494,149.82313008162137,OK,18.6
meta-llama/Meta-Llama-3-8B,blackwell,32,524288,Dense,4,2215.1,1.0,72.95469447219097,82.76389163557938,OK,18.1
meta-llama/Meta-Llama-3-8B,blackwell,32,524288,Dense,8,2215.1,1.0,42.576804354665676,48.67150975897421,OK,18.5
meta-llama/Meta-Llama-3-8B,blackwell,32,786432,Dense,2,3314.6,1.0,198.81305368661495,218.5426068176214,OK,20.7
meta-llama/Meta-Llama-3-8B,blackwell,32,786432,Dense,4,3314.6,1.0,105.167317960191,117.12363000357942,OK,20.9
meta-llama/Meta-Llama-3-8B,blackwell,32,786432,Dense,8,3314.6,1.0,57.877625346665674,65.85137894297421,OK,20.9
meta-llama/Meta-Llama-3-8B,blackwell,32,1048576,Dense,2,4414.1,1.0,268.070003638615,287.25533909955504,OK,23.1
meta-llama/Meta-Llama-3-8B,blackwell,32,1048576,Dense,4,4414.1,1.0,137.379757064191,151.48336837157942,OK,23.3
meta-llama/Meta-Llama-3-8B,blackwell,32,1048576,Dense,8,4414.1,1.0,73.1784463386657,83.03124812697423,OK,23.0
meta-llama/Meta-Llama-3-8B,blackwell,64,131072,Dense,1,1115.6,1.0,143.851147714568,148.6039553358488,OK,15.5
meta-llama/Meta-Llama-3-8B,blackwell,32,2097152,Dense,4,8812.2,1.0,269.450554568191,288.9184284199113,OK,32.2
meta-llama/Meta-Llama-3-8B,blackwell,64,131072,Dense,2,1115.6,1.0,74.22669181735615,83.23545239471649,OK,15.8
meta-llama/Meta-Llama-3-8B,blackwell,64,131072,Dense,4,1115.6,1.0,44.31345099695515,50.77825361632516,OK,15.6
meta-llama/Meta-Llama-3-8B,blackwell,64,131072,Dense,8,1115.6,1.0,33.17780671843495,36.252084666743485,OK,15.7
meta-llama/Meta-Llama-3-8B,blackwell,64,196608,Dense,1,1665.3,1.0,215.79293919825668,215.79293919825668,OK,16.0
meta-llama/Meta-Llama-3-8B,blackwell,64,196608,Dense,2,1665.3,1.0,112.36878991640116,117.5954816653412,OK,16.2
meta-llama/Meta-Llama-3-8B,blackwell,64,196608,Dense,4,1665.3,1.0,60.420500276955146,67.95812280032516,OK,16.1
meta-llama/Meta-Llama-3-8B,blackwell,64,196608,Dense,8,1665.3,1.0,36.63957651247543,44.8422243588501,OK,16.1
meta-llama/Meta-Llama-3-8B,blackwell,64,262144,Dense,1,2215.1,1.0,284.51241593425664,284.51241593425664,OK,16.2
meta-llama/Meta-Llama-3-8B,blackwell,64,262144,Dense,2,2215.1,1.0,149.95835346838982,149.95835346838982,OK,16.7
meta-llama/Meta-Llama-3-8B,blackwell,64,262144,Dense,4,2215.1,1.0,78.54580001641628,85.1341404758047,OK,17.0
meta-llama/Meta-Llama-3-8B,blackwell,64,262144,Dense,8,2215.1,1.0,44.59268166447543,51.10289469213932,OK,16.8
meta-llama/Meta-Llama-3-8B,blackwell,64,393216,Dense,2,3314.6,1.0,218.6778302043898,218.6778302043898,OK,18.0
meta-llama/Meta-Llama-3-8B,blackwell,64,393216,Dense,4,3314.6,1.0,115.60035675817923,119.49823662589954,OK,17.7
meta-llama/Meta-Llama-3-8B,blackwell,64,393216,Dense,8,3314.6,1.0,60.699689984475434,68.28276387613933,OK,18.2
meta-llama/Meta-Llama-3-8B,blackwell,64,524288,Dense,2,4414.1,1.0,287.39730694038985,287.39730694038985,OK,19.2
meta-llama/Meta-Llama-3-8B,blackwell,64,524288,Dense,4,4414.1,1.0,151.57144539817926,151.57144539817926,OK,19.1
meta-llama/Meta-Llama-3-8B,blackwell,64,524288,Dense,8,4414.1,1.0,79.0995211079374,85.46283816024594,OK,19.0
meta-llama/Meta-Llama-3-8B,blackwell,64,786432,Dense,4,6613.1,1.0,220.29092213417925,220.29092213417925,OK,21.7
meta-llama/Meta-Llama-3-8B,blackwell,64,786432,Dense,8,6613.1,1.0,115.88219986564177,119.82278162835256,OK,21.6
meta-llama/Meta-Llama-3-8B,blackwell,64,1048576,Dense,4,8812.2,1.0,289.01039887017924,289.01039887017924,OK,24.1
meta-llama/Meta-Llama-3-8B,blackwell,64,1048576,Dense,8,8812.2,1.0,151.85325573764177,151.85325573764177,OK,23.5
meta-llama/Meta-Llama-3-8B,blackwell,128,131072,Dense,1,2215.1,1.0,286.2761667505205,286.2761667505205,OK,19.1
meta-llama/Meta-Llama-3-8B,blackwell,128,131072,Dense,2,2215.1,1.0,143.60655303646107,154.22713095782137,OK,18.5
meta-llama/Meta-Llama-3-8B,blackwell,128,131072,Dense,8,2215.1,1.0,48.68712361060845,58.29703420952674,OK,17.3
meta-llama/Meta-Llama-3-8B,blackwell,128,131072,Dense,4,2215.1,1.0,85.17267493704547,89.88627185958741,OK,18.0
meta-llama/Meta-Llama-3-8B,blackwell,128,196608,Dense,4,3314.6,1.0,110.79210192937093,121.9650051250733,OK,18.8
meta-llama/Meta-Llama-3-8B,blackwell,128,196608,Dense,2,3314.6,1.0,220.95072453033444,220.95072453033444,OK,19.4
meta-llama/Meta-Llama-3-8B,blackwell,128,196608,Dense,8,3314.6,1.0,67.57254023560817,73.14340535927207,OK,18.5
meta-llama/Meta-Llama-3-8B,blackwell,128,262144,Dense,2,4414.1,1.0,254.8638772561827,289.1401231543231,OK,19.5
meta-llama/Meta-Llama-3-8B,blackwell,128,262144,Dense,4,4414.1,1.0,149.19170737252782,156.32122339906977,OK,19.5
meta-llama/Meta-Llama-3-8B,blackwell,128,262144,Dense,8,4414.1,1.0,74.7397732976678,90.32886550229044,OK,19.3
meta-llama/Meta-Llama-3-8B,blackwell,128,393216,Dense,4,6613.1,1.0,222.75927728542143,222.75927728542143,OK,20.9
meta-llama/Meta-Llama-3-8B,blackwell,128,393216,Dense,8,6613.1,1.0,111.34180678826048,122.36042406379386,OK,20.5
meta-llama/Meta-Llama-3-8B,blackwell,128,524288,Dense,4,8812.2,1.0,258.0148753959562,290.9416987254215,OK,22.2
meta-llama/Meta-Llama-3-8B,blackwell,128,524288,Dense,8,8812.2,1.0,150.083795738493,156.71572443880154,OK,22.0
meta-llama/Meta-Llama-3-8B,blackwell,128,786432,Dense,8,13210.2,1.0,223.11166269608742,223.11166269608742,OK,24.8
meta-llama/Meta-Llama-3-8B,blackwell,128,1048576,Dense,8,17608.2,1.0,258.3182774886092,291.2940923280874,OK,26.7
mistralai/Mixtral-8x7B-v0.1,blackwell,1,131072,Dense,8,110.6,1.0,9.835195499087783,9.835195499087783,OK,14.6
mistralai/Mixtral-8x7B-v0.1,blackwell,1,131072,Dense,2,110.6,1.0,9.289886657686868,9.289886657686868,OK,14.9
mistralai/Mixtral-8x7B-v0.1,blackwell,1,131072,Dense,4,110.6,1.0,9.80539435172382,9.80539435172382,OK,14.9
mistralai/Mixtral-8x7B-v0.1,blackwell,1,196608,Dense,2,119.2,1.0,9.826757569686867,9.826757569686867,OK,64.3
mistralai/Mixtral-8x7B-v0.1,blackwell,1,196608,Dense,1,119.2,1.0,9.644008324090438,9.644008324090438,OK,64.5
mistralai/Mixtral-8x7B-v0.1,blackwell,1,196608,Dense,4,119.2,1.0,10.07382980772382,10.07382980772382,OK,65.6
mistralai/Mixtral-8x7B-v0.1,blackwell,1,196608,Dense,8,119.2,1.0,9.969413227087783,9.969413227087783,OK,64.5
mistralai/Mixtral-8x7B-v0.1,blackwell,1,262144,Dense,4,127.8,1.0,10.342265263723819,10.342265263723819,OK,15.7
mistralai/Mixtral-8x7B-v0.1,blackwell,1,262144,Dense,2,127.8,1.0,10.363628481686868,10.363628481686868,OK,15.9
mistralai/Mixtral-8x7B-v0.1,blackwell,1,262144,Dense,8,127.8,1.0,10.103630955087782,10.103630955087782,OK,15.6
mistralai/Mixtral-8x7B-v0.1,blackwell,1,131072,Dense,1,110.6,1.0,8.570266500090437,8.570266500090437,OK,104.5
mistralai/Mixtral-8x7B-v0.1,blackwell,1,393216,Dense,1,144.9,1.0,12.86523379609044,12.86523379609044,OK,72.3
mistralai/Mixtral-8x7B-v0.1,blackwell,1,393216,Dense,2,144.9,1.0,11.437370305686867,11.437370305686867,OK,73.4
mistralai/Mixtral-8x7B-v0.1,blackwell,1,393216,Dense,4,144.9,1.0,10.879136175723819,10.879136175723819,OK,72.9
mistralai/Mixtral-8x7B-v0.1,blackwell,1,393216,Dense,8,144.9,1.0,10.372066411087783,10.372066411087783,OK,72.9
mistralai/Mixtral-8x7B-v0.1,blackwell,1,262144,Dense,1,127.8,1.0,10.717750148090436,10.717750148090436,OK,100.4
mistralai/Mixtral-8x7B-v0.1,blackwell,1,524288,Dense,4,162.1,1.0,11.416007087723818,11.416007087723818,OK,17.4
mistralai/Mixtral-8x7B-v0.1,blackwell,1,524288,Dense,2,162.1,1.0,12.511112129686868,12.511112129686868,OK,17.9
mistralai/Mixtral-8x7B-v0.1,blackwell,1,524288,Dense,8,162.1,1.0,10.640501867087782,10.640501867087782,OK,17.7
mistralai/Mixtral-8x7B-v0.1,blackwell,1,524288,Dense,1,162.1,1.0,15.01271744409044,15.01271744409044,OK,110.7
mistralai/Mixtral-8x7B-v0.1,blackwell,1,786432,Dense,2,196.5,1.0,14.658595777686866,14.658595777686866,OK,91.3
mistralai/Mixtral-8x7B-v0.1,blackwell,1,786432,Dense,4,196.5,1.0,12.48974891172382,12.48974891172382,OK,91.1
mistralai/Mixtral-8x7B-v0.1,blackwell,1,786432,Dense,8,196.5,1.0,11.177372779087781,11.177372779087781,OK,90.2
mistralai/Mixtral-8x7B-v0.1,blackwell,1,1048576,Dense,2,230.8,1.0,16.806079425686868,16.806079425686868,OK,22.9
mistralai/Mixtral-8x7B-v0.1,blackwell,1,1048576,Dense,8,230.8,1.0,11.714243691087784,11.714243691087784,OK,21.8
mistralai/Mixtral-8x7B-v0.1,blackwell,1,1048576,Dense,4,230.8,1.0,13.56349073572382,13.56349073572382,OK,22.2
mistralai/Mixtral-8x7B-v0.1,blackwell,1,786432,Dense,1,196.5,1.0,19.307684740090444,19.307684740090444,OK,124.3
mistralai/Mixtral-8x7B-v0.1,blackwell,1,1048576,Dense,1,230.8,1.0,23.60265203609044,23.60265203609044,OK,98.7
mistralai/Mixtral-8x7B-v0.1,blackwell,1,2097152,Dense,2,368.3,1.0,25.396014017686863,25.396014017686863,OK,149.5
mistralai/Mixtral-8x7B-v0.1,blackwell,2,131072,Dense,1,127.8,1.0,12.26034354915837,12.26034354915837,OK,14.2
mistralai/Mixtral-8x7B-v0.1,blackwell,1,2097152,Dense,4,368.3,1.0,17.858458031723817,17.858458031723817,OK,149.0
mistralai/Mixtral-8x7B-v0.1,blackwell,1,2097152,Dense,8,368.3,1.0,13.861727339087784,13.861727339087784,OK,148.3
mistralai/Mixtral-8x7B-v0.1,blackwell,2,131072,Dense,2,127.8,1.0,12.35448865015391,12.35448865015391,OK,14.5
mistralai/Mixtral-8x7B-v0.1,blackwell,2,131072,Dense,8,127.8,1.0,12.432089629905052,12.432089629905052,OK,14.4
mistralai/Mixtral-8x7B-v0.1,blackwell,2,131072,Dense,4,127.8,1.0,12.596183219700098,12.596183219700098,OK,15.0
mistralai/Mixtral-8x7B-v0.1,blackwell,1,2097152,Dense,1,368.3,1.0,40.78252122009044,40.78252122009044,OK,175.7
mistralai/Mixtral-8x7B-v0.1,blackwell,2,196608,Dense,1,144.9,1.0,14.407827197158372,14.407827197158372,OK,14.7
mistralai/Mixtral-8x7B-v0.1,blackwell,2,196608,Dense,2,144.9,1.0,13.42823047415391,13.42823047415391,OK,15.1
mistralai/Mixtral-8x7B-v0.1,blackwell,2,196608,Dense,4,144.9,1.0,13.1330541317001,13.1330541317001,OK,15.0
mistralai/Mixtral-8x7B-v0.1,blackwell,2,196608,Dense,8,144.9,1.0,12.700525085905054,12.700525085905054,OK,14.8
mistralai/Mixtral-8x7B-v0.1,blackwell,2,262144,Dense,1,162.1,1.0,16.555310845158374,16.555310845158374,OK,15.4
mistralai/Mixtral-8x7B-v0.1,blackwell,2,262144,Dense,2,162.1,1.0,14.501972298153909,14.501972298153909,OK,15.2
mistralai/Mixtral-8x7B-v0.1,blackwell,2,262144,Dense,4,162.1,1.0,13.669925043700099,13.669925043700099,OK,15.4
mistralai/Mixtral-8x7B-v0.1,blackwell,2,262144,Dense,8,162.1,1.0,12.968960541905053,12.968960541905053,OK,15.7
mistralai/Mixtral-8x7B-v0.1,blackwell,2,393216,Dense,1,196.5,1.0,20.850278141158373,20.850278141158373,OK,16.3
mistralai/Mixtral-8x7B-v0.1,blackwell,2,393216,Dense,2,196.5,1.0,16.64945594615391,16.64945594615391,OK,16.9
mistralai/Mixtral-8x7B-v0.1,blackwell,2,393216,Dense,4,196.5,1.0,14.743666867700096,14.743666867700096,OK,16.5
mistralai/Mixtral-8x7B-v0.1,blackwell,2,393216,Dense,8,196.5,1.0,13.505831453905051,13.505831453905051,OK,16.8
mistralai/Mixtral-8x7B-v0.1,blackwell,2,524288,Dense,1,230.8,1.0,25.145245437158376,25.145245437158376,OK,17.4
mistralai/Mixtral-8x7B-v0.1,blackwell,2,524288,Dense,2,230.8,1.0,18.796939594153912,18.796939594153912,OK,18.0
mistralai/Mixtral-8x7B-v0.1,blackwell,2,524288,Dense,4,230.8,1.0,15.817408691700098,15.817408691700098,OK,17.7
mistralai/Mixtral-8x7B-v0.1,blackwell,2,524288,Dense,8,230.8,1.0,14.042702365905054,14.042702365905054,OK,18.0
mistralai/Mixtral-8x7B-v0.1,blackwell,2,786432,Dense,1,299.6,1.0,33.73518002915838,33.73518002915838,OK,19.4
mistralai/Mixtral-8x7B-v0.1,blackwell,2,786432,Dense,2,299.6,1.0,23.091906890153908,23.091906890153908,OK,20.0
mistralai/Mixtral-8x7B-v0.1,blackwell,2,786432,Dense,4,299.6,1.0,17.964892339700096,17.964892339700096,OK,20.4
mistralai/Mixtral-8x7B-v0.1,blackwell,2,786432,Dense,8,299.6,1.0,15.116444189905053,15.116444189905053,OK,19.9
mistralai/Mixtral-8x7B-v0.1,blackwell,2,1048576,Dense,1,368.3,1.0,42.32511462115837,42.32511462115837,OK,21.3
mistralai/Mixtral-8x7B-v0.1,blackwell,2,1048576,Dense,2,368.3,1.0,27.386874186153907,27.386874186153907,OK,22.5
mistralai/Mixtral-8x7B-v0.1,blackwell,2,1048576,Dense,4,368.3,1.0,20.112375987700098,20.112375987700098,OK,22.8
mistralai/Mixtral-8x7B-v0.1,blackwell,2,1048576,Dense,8,368.3,1.0,16.190186013905052,16.190186013905052,OK,22.6
mistralai/Mixtral-8x7B-v0.1,blackwell,2,2097152,Dense,1,643.2,1.0,76.68485298915836,76.68485298915836,OK,30.2
mistralai/Mixtral-8x7B-v0.1,blackwell,2,2097152,Dense,2,643.2,1.0,44.56674337015391,44.56674337015391,OK,32.1
mistralai/Mixtral-8x7B-v0.1,blackwell,2,2097152,Dense,4,643.2,1.0,28.7023105797001,28.7023105797001,OK,32.0
mistralai/Mixtral-8x7B-v0.1,blackwell,2,2097152,Dense,8,643.2,1.0,20.485153309905055,20.485153309905055,OK,31.3
mistralai/Mixtral-8x7B-v0.1,blackwell,4,131072,Dense,1,162.1,1.0,16.557048061158373,16.557048061158373,OK,14.4
mistralai/Mixtral-8x7B-v0.1,blackwell,4,131072,Dense,2,162.1,1.0,14.503512906153908,14.503512906153908,OK,14.7
mistralai/Mixtral-8x7B-v0.1,blackwell,4,131072,Dense,4,162.1,1.0,13.671367347700098,13.671367347700098,OK,14.4
mistralai/Mixtral-8x7B-v0.1,blackwell,4,131072,Dense,8,162.1,1.0,12.970353693905054,12.970353693905054,OK,14.8
mistralai/Mixtral-8x7B-v0.1,blackwell,4,196608,Dense,1,196.5,1.0,20.852015357158376,20.852015357158376,OK,14.9
mistralai/Mixtral-8x7B-v0.1,blackwell,4,196608,Dense,2,196.5,1.0,16.65099655415391,16.65099655415391,OK,15.1
mistralai/Mixtral-8x7B-v0.1,blackwell,4,196608,Dense,4,196.5,1.0,14.745109171700097,14.745109171700097,OK,14.9
mistralai/Mixtral-8x7B-v0.1,blackwell,4,196608,Dense,8,196.5,1.0,13.507224605905053,13.507224605905053,OK,15.5
mistralai/Mixtral-8x7B-v0.1,blackwell,4,262144,Dense,1,230.8,1.0,25.146982653158375,25.146982653158375,OK,15.3
mistralai/Mixtral-8x7B-v0.1,blackwell,4,262144,Dense,2,230.8,1.0,18.79848020215391,18.79848020215391,OK,15.7
mistralai/Mixtral-8x7B-v0.1,blackwell,4,262144,Dense,4,230.8,1.0,15.818850995700098,15.818850995700098,OK,15.8
mistralai/Mixtral-8x7B-v0.1,blackwell,4,262144,Dense,8,230.8,1.0,14.04409551790505,14.04409551790505,OK,15.4
mistralai/Mixtral-8x7B-v0.1,blackwell,4,393216,Dense,1,299.6,1.0,33.73691724515838,33.73691724515838,OK,16.4
mistralai/Mixtral-8x7B-v0.1,blackwell,4,393216,Dense,2,299.6,1.0,23.09344749815391,23.09344749815391,OK,16.8
mistralai/Mixtral-8x7B-v0.1,blackwell,4,393216,Dense,4,299.6,1.0,17.966334643700097,17.966334643700097,OK,16.8
mistralai/Mixtral-8x7B-v0.1,blackwell,4,393216,Dense,8,299.6,1.0,15.117837341905052,15.117837341905052,OK,16.4
mistralai/Mixtral-8x7B-v0.1,blackwell,4,524288,Dense,1,368.3,1.0,42.326851837158365,42.326851837158365,OK,17.5
mistralai/Mixtral-8x7B-v0.1,blackwell,4,524288,Dense,2,368.3,1.0,27.38841479415391,27.38841479415391,OK,18.4
mistralai/Mixtral-8x7B-v0.1,blackwell,4,524288,Dense,4,368.3,1.0,20.1138182917001,20.1138182917001,OK,18.2
mistralai/Mixtral-8x7B-v0.1,blackwell,4,524288,Dense,8,368.3,1.0,16.19157916590505,16.19157916590505,OK,18.3
mistralai/Mixtral-8x7B-v0.1,blackwell,4,786432,Dense,1,505.7,1.0,59.50672102115836,59.50672102115836,OK,19.5
mistralai/Mixtral-8x7B-v0.1,blackwell,4,786432,Dense,2,505.7,1.0,35.97834938615391,35.97834938615391,OK,20.6
mistralai/Mixtral-8x7B-v0.1,blackwell,4,786432,Dense,4,505.7,1.0,24.408785587700095,24.408785587700095,OK,20.3
mistralai/Mixtral-8x7B-v0.1,blackwell,4,786432,Dense,8,505.7,1.0,18.339062813905056,18.339062813905056,OK,20.7
mistralai/Mixtral-8x7B-v0.1,blackwell,4,1048576,Dense,1,643.2,1.0,76.68659020515838,76.68659020515838,OK,21.7
mistralai/Mixtral-8x7B-v0.1,blackwell,4,1048576,Dense,2,643.2,1.0,44.56828397815391,44.56828397815391,OK,22.7
mistralai/Mixtral-8x7B-v0.1,blackwell,4,1048576,Dense,8,643.2,1.0,20.486546461905053,20.486546461905053,OK,22.5
mistralai/Mixtral-8x7B-v0.1,blackwell,4,1048576,Dense,4,643.2,1.0,28.7037528837001,28.7037528837001,OK,22.8
mistralai/Mixtral-8x7B-v0.1,blackwell,4,2097152,Dense,1,1192.9,1.0,145.4060669411584,145.4060669411584,OK,29.7
mistralai/Mixtral-8x7B-v0.1,blackwell,4,2097152,Dense,2,1192.9,1.0,78.92802234615392,78.92802234615392,OK,31.2
mistralai/Mixtral-8x7B-v0.1,blackwell,4,2097152,Dense,8,1192.9,1.0,29.076481053905056,29.076481053905056,OK,31.6
mistralai/Mixtral-8x7B-v0.1,blackwell,4,2097152,Dense,4,1192.9,1.0,45.8836220677001,45.8836220677001,OK,31.7
mistralai/Mixtral-8x7B-v0.1,blackwell,8,131072,Dense,1,230.8,1.0,25.150457085158376,25.150457085158376,OK,14.2
mistralai/Mixtral-8x7B-v0.1,blackwell,8,131072,Dense,2,230.8,1.0,18.801561418153913,18.801561418153913,OK,14.8
mistralai/Mixtral-8x7B-v0.1,blackwell,8,131072,Dense,4,230.8,1.0,15.821735603700096,15.821735603700096,OK,14.7
mistralai/Mixtral-8x7B-v0.1,blackwell,8,131072,Dense,8,230.8,1.0,14.046881821905055,14.046881821905055,OK,14.6
mistralai/Mixtral-8x7B-v0.1,blackwell,8,196608,Dense,1,299.6,1.0,33.74039167715837,33.74039167715837,OK,14.9
mistralai/Mixtral-8x7B-v0.1,blackwell,8,196608,Dense,2,299.6,1.0,23.096528714153905,23.096528714153905,OK,15.2
mistralai/Mixtral-8x7B-v0.1,blackwell,8,196608,Dense,4,299.6,1.0,17.9692192517001,17.9692192517001,OK,15.1
mistralai/Mixtral-8x7B-v0.1,blackwell,8,196608,Dense,8,299.6,1.0,15.120623645905052,15.120623645905052,OK,14.9
mistralai/Mixtral-8x7B-v0.1,blackwell,8,262144,Dense,1,368.3,1.0,42.33032626915836,42.33032626915836,OK,15.4
mistralai/Mixtral-8x7B-v0.1,blackwell,8,262144,Dense,2,368.3,1.0,27.391496010153908,27.391496010153908,OK,15.9
mistralai/Mixtral-8x7B-v0.1,blackwell,8,262144,Dense,4,368.3,1.0,20.116702899700098,20.116702899700098,OK,15.5
mistralai/Mixtral-8x7B-v0.1,blackwell,8,262144,Dense,8,368.3,1.0,16.19436546990505,16.19436546990505,OK,15.9
mistralai/Mixtral-8x7B-v0.1,blackwell,8,393216,Dense,1,505.7,1.0,59.51019545315836,59.51019545315836,OK,17.0
mistralai/Mixtral-8x7B-v0.1,blackwell,8,393216,Dense,2,505.7,1.0,35.981430602153914,35.981430602153914,OK,17.0
mistralai/Mixtral-8x7B-v0.1,blackwell,8,393216,Dense,4,505.7,1.0,24.411670195700093,24.411670195700093,OK,17.2
mistralai/Mixtral-8x7B-v0.1,blackwell,8,393216,Dense,8,505.7,1.0,18.341849117905053,18.341849117905053,OK,17.2
mistralai/Mixtral-8x7B-v0.1,blackwell,8,524288,Dense,1,643.2,1.0,76.69006463715837,76.69006463715837,OK,17.7
mistralai/Mixtral-8x7B-v0.1,blackwell,8,524288,Dense,8,643.2,1.0,20.48933276590505,20.48933276590505,OK,18.1
mistralai/Mixtral-8x7B-v0.1,blackwell,8,524288,Dense,2,643.2,1.0,44.57136519415391,44.57136519415391,OK,18.6
mistralai/Mixtral-8x7B-v0.1,blackwell,8,524288,Dense,4,643.2,1.0,28.7066374917001,28.7066374917001,OK,19.9
mistralai/Mixtral-8x7B-v0.1,blackwell,8,786432,Dense,1,918.0,1.0,111.04980300515838,111.04980300515838,OK,19.9
mistralai/Mixtral-8x7B-v0.1,blackwell,8,786432,Dense,8,918.0,1.0,24.784300061905054,24.784300061905054,OK,20.1
mistralai/Mixtral-8x7B-v0.1,blackwell,8,786432,Dense,4,918.0,1.0,37.296572083700106,37.296572083700106,OK,20.5
mistralai/Mixtral-8x7B-v0.1,blackwell,8,786432,Dense,2,918.0,1.0,61.75123437815391,61.75123437815391,OK,21.1
mistralai/Mixtral-8x7B-v0.1,blackwell,8,1048576,Dense,1,1192.9,1.0,145.4095413731584,145.4095413731584,OK,22.9
mistralai/Mixtral-8x7B-v0.1,blackwell,8,1048576,Dense,2,1192.9,1.0,78.93110356215394,78.93110356215394,OK,22.8
mistralai/Mixtral-8x7B-v0.1,blackwell,8,1048576,Dense,4,1192.9,1.0,45.886506675700105,45.886506675700105,OK,23.8
mistralai/Mixtral-8x7B-v0.1,blackwell,8,1048576,Dense,8,1192.9,1.0,29.079267357905053,29.079267357905053,OK,24.3
mistralai/Mixtral-8x7B-v0.1,blackwell,8,2097152,Dense,1,2292.4,1.0,282.8484948451583,282.8484948451583,OK,30.3
mistralai/Mixtral-8x7B-v0.1,blackwell,8,2097152,Dense,4,2292.4,1.0,80.24624504370011,80.24624504370011,OK,33.0
mistralai/Mixtral-8x7B-v0.1,blackwell,8,2097152,Dense,8,2292.4,1.0,46.25913654190506,46.25913654190506,OK,32.9
mistralai/Mixtral-8x7B-v0.1,blackwell,8,2097152,Dense,2,2292.4,1.0,147.65058029815393,147.65058029815393,OK,36.2
mistralai/Mixtral-8x7B-v0.1,blackwell,16,131072,Dense,1,368.3,1.0,41.81883664598623,43.89766588705416,OK,15.1
mistralai/Mixtral-8x7B-v0.1,blackwell,16,131072,Dense,2,368.3,1.0,27.42556047568688,27.42556047568688,OK,14.7
mistralai/Mixtral-8x7B-v0.1,blackwell,16,131072,Dense,4,368.3,1.0,20.141848927338486,20.141848927338486,OK,15.1
mistralai/Mixtral-8x7B-v0.1,blackwell,16,131072,Dense,8,368.3,1.0,16.21974566762652,16.21974566762652,OK,14.7
mistralai/Mixtral-8x7B-v0.1,blackwell,16,196608,Dense,1,505.7,1.0,59.53581027798623,59.53581027798623,OK,15.2
mistralai/Mixtral-8x7B-v0.1,blackwell,16,196608,Dense,2,505.7,1.0,36.01549506768688,36.01549506768688,OK,15.5
mistralai/Mixtral-8x7B-v0.1,blackwell,16,196608,Dense,8,505.7,1.0,18.367229315626524,18.367229315626524,OK,15.1
mistralai/Mixtral-8x7B-v0.1,blackwell,16,196608,Dense,4,505.7,1.0,24.436816223338482,24.436816223338482,OK,15.8
mistralai/Mixtral-8x7B-v0.1,blackwell,16,262144,Dense,1,643.2,1.0,76.71567946198621,76.71567946198621,OK,15.5
mistralai/Mixtral-8x7B-v0.1,blackwell,16,262144,Dense,2,643.2,1.0,44.60542965968688,44.60542965968688,OK,16.0
mistralai/Mixtral-8x7B-v0.1,blackwell,16,262144,Dense,4,643.2,1.0,28.73178351933848,28.73178351933848,OK,15.8
mistralai/Mixtral-8x7B-v0.1,blackwell,16,262144,Dense,8,643.2,1.0,20.51471296362652,20.51471296362652,OK,15.7
mistralai/Mixtral-8x7B-v0.1,blackwell,16,393216,Dense,1,918.0,1.0,111.07541782998622,111.07541782998622,OK,16.8
mistralai/Mixtral-8x7B-v0.1,blackwell,16,393216,Dense,2,918.0,1.0,61.785298843686874,61.785298843686874,OK,16.9
mistralai/Mixtral-8x7B-v0.1,blackwell,16,393216,Dense,8,918.0,1.0,24.80968025962652,24.80968025962652,OK,17.2
mistralai/Mixtral-8x7B-v0.1,blackwell,16,393216,Dense,4,918.0,1.0,37.321718111338484,37.321718111338484,OK,17.3
mistralai/Mixtral-8x7B-v0.1,blackwell,16,524288,Dense,1,1192.9,1.0,145.43515619798626,145.43515619798626,OK,17.8
mistralai/Mixtral-8x7B-v0.1,blackwell,16,524288,Dense,2,1192.9,1.0,78.96516802768689,78.96516802768689,OK,17.9
mistralai/Mixtral-8x7B-v0.1,blackwell,16,524288,Dense,8,1192.9,1.0,29.104647555626528,29.104647555626528,OK,17.8
mistralai/Mixtral-8x7B-v0.1,blackwell,16,524288,Dense,4,1192.9,1.0,45.91165270333849,45.91165270333849,OK,18.0
mistralai/Mixtral-8x7B-v0.1,blackwell,16,786432,Dense,1,1742.7,1.0,214.15463293398622,214.15463293398622,OK,20.5
mistralai/Mixtral-8x7B-v0.1,blackwell,16,786432,Dense,2,1742.7,1.0,113.32490639568688,113.32490639568688,OK,20.9
mistralai/Mixtral-8x7B-v0.1,blackwell,16,786432,Dense,8,1742.7,1.0,37.69458214762652,37.69458214762652,OK,20.3
mistralai/Mixtral-8x7B-v0.1,blackwell,16,786432,Dense,4,1742.7,1.0,63.091521887338494,63.091521887338494,OK,20.6
mistralai/Mixtral-8x7B-v0.1,blackwell,16,1048576,Dense,1,2292.4,1.0,282.8741096699862,282.8741096699862,OK,22.1
mistralai/Mixtral-8x7B-v0.1,blackwell,16,1048576,Dense,2,2292.4,1.0,147.68464476368692,147.68464476368692,OK,22.8
mistralai/Mixtral-8x7B-v0.1,blackwell,16,1048576,Dense,8,2292.4,1.0,46.28451673962651,46.28451673962651,OK,22.6
mistralai/Mixtral-8x7B-v0.1,blackwell,16,1048576,Dense,4,2292.4,1.0,80.27139107133848,80.27139107133848,OK,22.9
mistralai/Mixtral-8x7B-v0.1,blackwell,32,131072,Dense,1,643.2,1.0,78.30942922462404,78.30942922462404,OK,14.9
mistralai/Mixtral-8x7B-v0.1,blackwell,32,131072,Dense,2,643.2,1.0,46.65703541216329,46.65703541216329,OK,14.8
mistralai/Mixtral-8x7B-v0.1,blackwell,16,2097152,Dense,2,4491.4,1.0,285.12359823568687,285.12359823568687,OK,31.9
mistralai/Mixtral-8x7B-v0.1,blackwell,16,2097152,Dense,4,4491.4,1.0,148.9908678073385,148.9908678073385,OK,32.0
mistralai/Mixtral-8x7B-v0.1,blackwell,16,2097152,Dense,8,4491.4,1.0,80.64425510762652,80.64425510762652,OK,32.8
mistralai/Mixtral-8x7B-v0.1,blackwell,32,131072,Dense,4,643.2,1.0,26.761524277841602,31.03559696472748,OK,14.9
mistralai/Mixtral-8x7B-v0.1,blackwell,32,131072,Dense,8,643.2,1.0,19.484262697263528,25.221299688328436,OK,14.8
mistralai/Mixtral-8x7B-v0.1,blackwell,32,196608,Dense,1,918.0,1.0,99.03967774934915,112.66916759262406,OK,15.2
mistralai/Mixtral-8x7B-v0.1,blackwell,32,196608,Dense,2,918.0,1.0,55.80404576169205,63.843920414542346,OK,15.3
mistralai/Mixtral-8x7B-v0.1,blackwell,32,196608,Dense,4,918.0,1.0,34.3448259098416,39.62553155672747,OK,15.2
mistralai/Mixtral-8x7B-v0.1,blackwell,32,196608,Dense,8,918.0,1.0,23.343198569263524,27.188504885511165,OK,15.6
mistralai/Mixtral-8x7B-v0.1,blackwell,32,262144,Dense,1,1192.9,1.0,130.44685963734918,147.02890596062406,OK,15.7
mistralai/Mixtral-8x7B-v0.1,blackwell,32,262144,Dense,2,1192.9,1.0,70.97064902569208,81.02378959854236,OK,16.0
mistralai/Mixtral-8x7B-v0.1,blackwell,32,262144,Dense,4,1192.9,1.0,41.928127541841604,48.21546614872748,OK,15.8
mistralai/Mixtral-8x7B-v0.1,blackwell,32,262144,Dense,8,1192.9,1.0,27.134849385263525,31.483472181511164,OK,16.0
mistralai/Mixtral-8x7B-v0.1,blackwell,32,393216,Dense,1,1742.7,1.0,194.87183614934915,215.74838269662402,OK,16.8
mistralai/Mixtral-8x7B-v0.1,blackwell,32,393216,Dense,2,1742.7,1.0,102.10936268969208,115.38352796654236,OK,17.3
mistralai/Mixtral-8x7B-v0.1,blackwell,32,393216,Dense,4,1742.7,1.0,57.4975683738416,65.39533533272748,OK,17.3
mistralai/Mixtral-8x7B-v0.1,blackwell,32,393216,Dense,8,1742.7,1.0,34.71815101726353,40.07340677351117,OK,17.1
mistralai/Mixtral-8x7B-v0.1,blackwell,32,524288,Dense,1,2292.4,1.0,261.44429630934917,284.4678594326241,OK,17.5
mistralai/Mixtral-8x7B-v0.1,blackwell,32,524288,Dense,2,2292.4,1.0,134.85888985769205,149.7432663345423,OK,18.6
mistralai/Mixtral-8x7B-v0.1,blackwell,32,524288,Dense,4,2292.4,1.0,72.7983893658416,82.57520451672748,OK,18.2
mistralai/Mixtral-8x7B-v0.1,blackwell,32,524288,Dense,8,2292.4,1.0,42.570064297263514,48.66334136551116,OK,18.1
mistralai/Mixtral-8x7B-v0.1,blackwell,32,786432,Dense,2,3391.9,1.0,198.74672915369206,218.46274307054236,OK,20.8
mistralai/Mixtral-8x7B-v0.1,blackwell,32,786432,Dense,8,3391.9,1.0,57.87088528926352,65.84321054951116,OK,21.0
mistralai/Mixtral-8x7B-v0.1,blackwell,32,786432,Dense,4,3391.9,1.0,105.0110128538416,116.93494288472749,OK,21.4
mistralai/Mixtral-8x7B-v0.1,blackwell,32,1048576,Dense,2,4491.4,1.0,268.003679105692,287.17524429815904,OK,23.1
mistralai/Mixtral-8x7B-v0.1,blackwell,32,1048576,Dense,4,4491.4,1.0,136.14952574984162,151.2946812527275,OK,23.0
mistralai/Mixtral-8x7B-v0.1,blackwell,32,1048576,Dense,8,4491.4,1.0,73.17170628126354,83.02307973351118,OK,23.0
mistralai/Mixtral-8x7B-v0.1,blackwell,64,131072,Dense,1,1192.9,1.0,143.9141198930333,148.67847137410124,OK,15.4
mistralai/Mixtral-8x7B-v0.1,blackwell,32,2097152,Dense,4,8889.5,1.0,269.2942494618416,288.72879052181787,OK,32.2
mistralai/Mixtral-8x7B-v0.1,blackwell,64,131072,Dense,2,1192.9,1.0,74.14952971777639,83.1452087531687,OK,15.7
mistralai/Mixtral-8x7B-v0.1,blackwell,64,131072,Dense,8,1192.9,1.0,33.16905697455726,36.241906586804895,OK,15.4
mistralai/Mixtral-8x7B-v0.1,blackwell,64,131072,Dense,4,1192.9,1.0,44.136638054906676,50.570930308501644,OK,15.6
mistralai/Mixtral-8x7B-v0.1,blackwell,32,2097152,Dense,8,8889.5,1.0,137.5967442972635,151.74255646951116,OK,32.2
mistralai/Mixtral-8x7B-v0.1,blackwell,64,196608,Dense,1,1742.7,1.0,215.8559075150322,215.8559075150322,OK,16.3
mistralai/Mixtral-8x7B-v0.1,blackwell,64,196608,Dense,2,1742.7,1.0,111.88945223549383,117.51220317634412,OK,16.2
mistralai/Mixtral-8x7B-v0.1,blackwell,64,196608,Dense,4,1742.7,1.0,60.243687334906674,67.75079949250166,OK,16.2
mistralai/Mixtral-8x7B-v0.1,blackwell,64,196608,Dense,8,1742.7,1.0,36.63216975044962,44.8320223591693,OK,16.8
mistralai/Mixtral-8x7B-v0.1,blackwell,64,262144,Dense,1,2292.4,1.0,284.57538425103223,284.57538425103223,OK,16.9
mistralai/Mixtral-8x7B-v0.1,blackwell,64,262144,Dense,2,2292.4,1.0,149.88209191667346,149.88209191667346,OK,16.7
mistralai/Mixtral-8x7B-v0.1,blackwell,64,262144,Dense,4,2292.4,1.0,77.56403863929937,84.93073328856107,OK,16.9
mistralai/Mixtral-8x7B-v0.1,blackwell,64,262144,Dense,8,2292.4,1.0,44.585274902449626,51.09419485235204,OK,16.7
mistralai/Mixtral-8x7B-v0.1,blackwell,64,393216,Dense,2,3391.9,1.0,218.60156865267348,218.60156865267348,OK,17.9
mistralai/Mixtral-8x7B-v0.1,blackwell,64,393216,Dense,4,3391.9,1.0,115.42624764254559,119.29079471852187,OK,18.2
mistralai/Mixtral-8x7B-v0.1,blackwell,64,393216,Dense,8,3391.9,1.0,60.692283222449625,68.27406403635204,OK,18.3
mistralai/Mixtral-8x7B-v0.1,blackwell,64,524288,Dense,2,4491.4,1.0,287.3210453886734,287.3210453886734,OK,19.0
mistralai/Mixtral-8x7B-v0.1,blackwell,64,524288,Dense,4,4491.4,1.0,151.39733628254558,151.39733628254558,OK,19.6
mistralai/Mixtral-8x7B-v0.1,blackwell,64,524288,Dense,8,4491.4,1.0,79.09222568659757,85.4541144028452,OK,19.1
mistralai/Mixtral-8x7B-v0.1,blackwell,64,786432,Dense,4,6690.5,1.0,220.11681301854554,220.11681301854554,OK,21.6
mistralai/Mixtral-8x7B-v0.1,blackwell,64,786432,Dense,8,6690.5,1.0,115.87495434839238,119.81403395120964,OK,21.4
mistralai/Mixtral-8x7B-v0.1,blackwell,64,1048576,Dense,4,8889.5,1.0,288.83628975454553,288.83628975454553,OK,24.5
mistralai/Mixtral-8x7B-v0.1,blackwell,64,1048576,Dense,8,8889.5,1.0,151.84601022039237,151.84601022039237,OK,24.0
mistralai/Mixtral-8x7B-v0.1,blackwell,128,131072,Dense,1,2292.4,1.0,286.3436699648671,286.3436699648671,OK,19.1
mistralai/Mixtral-8x7B-v0.1,blackwell,128,131072,Dense,2,2292.4,1.0,143.5224266611196,154.1299230405119,OK,18.5
mistralai/Mixtral-8x7B-v0.1,blackwell,128,131072,Dense,8,2292.4,1.0,48.67810280118329,58.28553456615778,OK,17.4
mistralai/Mixtral-8x7B-v0.1,blackwell,128,131072,Dense,4,2292.4,1.0,84.82324172730718,89.63979954456889,OK,18.1
mistralai/Mixtral-8x7B-v0.1,blackwell,64,2097152,Dense,8,17685.6,1.0,289.28496369239235,289.28496369239235,OK,33.1
mistralai/Mixtral-8x7B-v0.1,blackwell,128,196608,Dense,4,3391.9,1.0,110.4067003856824,121.75243622461997,OK,19.0
mistralai/Mixtral-8x7B-v0.1,blackwell,128,196608,Dense,8,3391.9,1.0,67.56369084683573,73.13326289273814,OK,18.6
mistralai/Mixtral-8x7B-v0.1,blackwell,128,196608,Dense,2,3391.9,1.0,220.87476846918597,220.87476846918597,OK,19.8
mistralai/Mixtral-8x7B-v0.1,blackwell,128,262144,Dense,4,4491.4,1.0,148.2088168248303,156.11275115409202,OK,19.5
mistralai/Mixtral-8x7B-v0.1,blackwell,128,262144,Dense,2,4491.4,1.0,289.58691058604506,289.58691058604506,OK,20.0
mistralai/Mixtral-8x7B-v0.1,blackwell,128,262144,Dense,8,4491.4,1.0,74.7320542509433,90.31871752571256,OK,19.3
mistralai/Mixtral-8x7B-v0.1,blackwell,128,393216,Dense,8,6690.5,1.0,111.33421559167199,122.35165897096121,OK,20.6
mistralai/Mixtral-8x7B-v0.1,blackwell,128,393216,Dense,4,6690.5,1.0,222.57967172832824,222.57967172832824,OK,21.5
mistralai/Mixtral-8x7B-v0.1,blackwell,128,524288,Dense,4,8889.5,1.0,257.86215543014447,290.76209316832825,OK,22.1
mistralai/Mixtral-8x7B-v0.1,blackwell,128,524288,Dense,8,8889.5,1.0,150.07633713455263,156.70683749880027,OK,22.9
mistralai/Mixtral-8x7B-v0.1,blackwell,128,786432,Dense,8,13287.5,1.0,223.10425811509415,223.10425811509415,OK,24.6
meta-llama/Meta-Llama-3-70B,blackwell,1,131072,Dense,2,184.1,1.0,29.815890774079467,29.815890774079467,OK,14.7
meta-llama/Meta-Llama-3-70B,blackwell,1,131072,Dense,4,184.1,1.0,26.39736853604764,26.39736853604764,OK,14.5
meta-llama/Meta-Llama-3-70B,blackwell,1,131072,Dense,8,184.1,1.0,23.833177214347486,23.833177214347486,OK,14.9
mistralai/Mixtral-8x7B-v0.1,blackwell,128,1048576,Dense,8,17685.6,1.0,258.31194317324525,291.2866877470942,OK,27.1
meta-llama/Meta-Llama-3-8B,blackwell,1,131072,Sparse,1,33.2,0.1,8.524091060941986,8.524091060941986,OK,14.9
meta-llama/Meta-Llama-3-8B,blackwell,1,131072,Sparse,4,33.2,0.1,9.938725518699924,9.938725518699924,OK,15.0
meta-llama/Meta-Llama-3-8B,blackwell,1,131072,Sparse,8,33.2,0.1,9.841204138661825,9.841204138661825,OK,15.0
meta-llama/Meta-Llama-3-8B,blackwell,1,196608,Sparse,8,41.8,0.1,9.975421866661824,9.975421866661824,OK,15.4
meta-llama/Meta-Llama-3-8B,blackwell,1,196608,Sparse,4,41.8,0.1,10.207160974699924,10.207160974699924,OK,15.8
meta-llama/Meta-Llama-3-8B,blackwell,1,196608,Sparse,2,41.8,0.1,9.88183864357885,9.88183864357885,OK,15.9
meta-llama/Meta-Llama-3-8B,blackwell,1,131072,Sparse,2,33.2,0.1,9.344967731578851,9.344967731578851,OK,20.7
meta-llama/Meta-Llama-3-8B,blackwell,1,196608,Sparse,1,41.8,0.1,9.597832884941988,9.597832884941988,OK,21.0
meta-llama/Meta-Llama-3-8B,blackwell,1,262144,Sparse,1,50.4,0.1,10.671574708941986,10.671574708941986,OK,15.5
meta-llama/Meta-Llama-3-8B,blackwell,1,262144,Sparse,2,50.4,0.1,10.418709555578848,10.418709555578848,OK,15.4
meta-llama/Meta-Llama-3-8B,blackwell,1,262144,Sparse,4,50.4,0.1,10.475596430699923,10.475596430699923,OK,15.7
meta-llama/Meta-Llama-3-8B,blackwell,1,262144,Sparse,8,50.4,0.1,10.109639594661823,10.109639594661823,OK,15.4
meta-llama/Meta-Llama-3-8B,blackwell,1,393216,Sparse,1,67.6,0.1,12.819058356941985,12.819058356941985,OK,16.6
meta-llama/Meta-Llama-3-8B,blackwell,1,393216,Sparse,2,67.6,0.1,11.492451379578851,11.492451379578851,OK,17.1
meta-llama/Meta-Llama-3-8B,blackwell,1,393216,Sparse,4,67.6,0.1,11.012467342699926,11.012467342699926,OK,17.3
meta-llama/Meta-Llama-3-8B,blackwell,1,393216,Sparse,8,67.6,0.1,10.378075050661824,10.378075050661824,OK,17.1
meta-llama/Meta-Llama-3-8B,blackwell,1,524288,Sparse,1,84.8,0.1,14.966542004941985,14.966542004941985,OK,17.5
meta-llama/Meta-Llama-3-8B,blackwell,1,524288,Sparse,2,84.8,0.1,12.566193203578852,12.566193203578852,OK,18.2
meta-llama/Meta-Llama-3-8B,blackwell,1,524288,Sparse,4,84.8,0.1,11.549338254699924,11.549338254699924,OK,18.5
meta-llama/Meta-Llama-3-8B,blackwell,1,524288,Sparse,8,84.8,0.1,10.646510506661823,10.646510506661823,OK,18.8
meta-llama/Meta-Llama-3-8B,blackwell,1,786432,Sparse,1,119.1,0.1,19.261509300941988,19.261509300941988,OK,20.5
meta-llama/Meta-Llama-3-8B,blackwell,1,786432,Sparse,2,119.1,0.1,14.713676851578851,14.713676851578851,OK,20.3
meta-llama/Meta-Llama-3-8B,blackwell,1,786432,Sparse,4,119.1,0.1,12.623080078699925,12.623080078699925,OK,20.3
meta-llama/Meta-Llama-3-8B,blackwell,1,786432,Sparse,8,119.1,0.1,11.18338141866182,11.18338141866182,OK,21.0
meta-llama/Meta-Llama-3-8B,blackwell,1,2097152,Dense,8,290.9,1.0,,,FAIL(1),15.8
meta-llama/Meta-Llama-3-8B,blackwell,1,1048576,Sparse,1,153.5,0.1,23.556476596941987,23.556476596941987,OK,21.8
meta-llama/Meta-Llama-3-8B,blackwell,1,1048576,Sparse,4,153.5,0.1,13.696821902699924,13.696821902699924,OK,22.8
meta-llama/Meta-Llama-3-8B,blackwell,1,1048576,Sparse,8,153.5,0.1,11.720252330661825,11.720252330661825,OK,22.8
meta-llama/Meta-Llama-3-8B,blackwell,1,1048576,Sparse,2,153.5,0.1,16.86116049957885,16.86116049957885,OK,23.7
meta-llama/Meta-Llama-3-8B,blackwell,1,2097152,Sparse,1,290.9,0.1,29.155741364941985,29.155741364941985,OK,30.9
meta-llama/Meta-Llama-3-8B,blackwell,1,2097152,Sparse,8,290.9,0.1,,,FAIL(1),15.6
meta-llama/Meta-Llama-3-8B,blackwell,2,131072,Sparse,1,50.4,0.1,12.202624250222808,12.202624250222808,OK,15.8
meta-llama/Meta-Llama-3-8B,blackwell,2,131072,Sparse,2,50.4,0.1,12.423339992518887,12.423339992518887,OK,14.7
meta-llama/Meta-Llama-3-8B,blackwell,2,131072,Sparse,8,50.4,0.1,12.439600429372604,12.439600429372604,OK,14.5
meta-llama/Meta-Llama-3-8B,blackwell,2,131072,Sparse,4,50.4,0.1,12.762847178420229,12.762847178420229,OK,14.7
meta-llama/Meta-Llama-3-8B,blackwell,1,2097152,Sparse,2,290.9,0.1,25.45109509157885,25.45109509157885,OK,32.3
meta-llama/Meta-Llama-3-8B,blackwell,1,2097152,Sparse,4,290.9,0.1,17.991789198699923,17.991789198699923,OK,32.4
meta-llama/Meta-Llama-3-8B,blackwell,2,196608,Sparse,1,67.6,0.1,14.35010789822281,14.35010789822281,OK,14.8
meta-llama/Meta-Llama-3-8B,blackwell,2,196608,Sparse,2,67.6,0.1,13.497081816518888,13.497081816518888,OK,15.0
meta-llama/Meta-Llama-3-8B,blackwell,2,196608,Sparse,4,67.6,0.1,13.299718090420228,13.299718090420228,OK,15.0
meta-llama/Meta-Llama-3-8B,blackwell,2,196608,Sparse,8,67.6,0.1,12.708035885372604,12.708035885372604,OK,15.2
meta-llama/Meta-Llama-3-8B,blackwell,2,262144,Sparse,1,84.8,0.1,16.497591546222807,16.497591546222807,OK,15.8
meta-llama/Meta-Llama-3-8B,blackwell,2,262144,Sparse,2,84.8,0.1,14.570823640518888,14.570823640518888,OK,16.0
meta-llama/Meta-Llama-3-8B,blackwell,2,262144,Sparse,4,84.8,0.1,13.836589002420231,13.836589002420231,OK,15.6
meta-llama/Meta-Llama-3-8B,blackwell,2,262144,Sparse,8,84.8,0.1,12.976471341372603,12.976471341372603,OK,15.9
meta-llama/Meta-Llama-3-8B,blackwell,2,393216,Sparse,1,119.1,0.1,20.792558842222807,20.792558842222807,OK,16.6
meta-llama/Meta-Llama-3-8B,blackwell,2,393216,Sparse,2,119.1,0.1,16.718307288518886,16.718307288518886,OK,16.7
meta-llama/Meta-Llama-3-8B,blackwell,2,393216,Sparse,4,119.1,0.1,14.910330826420228,14.910330826420228,OK,16.5
meta-llama/Meta-Llama-3-8B,blackwell,2,393216,Sparse,8,119.1,0.1,13.513342253372603,13.513342253372603,OK,17.0
meta-llama/Meta-Llama-3-8B,blackwell,2,524288,Sparse,1,153.5,0.1,25.087526138222806,25.087526138222806,OK,17.4
meta-llama/Meta-Llama-3-8B,blackwell,2,524288,Sparse,2,153.5,0.1,18.865790936518884,18.865790936518884,OK,18.2
meta-llama/Meta-Llama-3-8B,blackwell,2,524288,Sparse,4,153.5,0.1,15.98407265042023,15.98407265042023,OK,19.1
meta-llama/Meta-Llama-3-8B,blackwell,2,524288,Sparse,8,153.5,0.1,14.050213165372606,14.050213165372606,OK,18.0
meta-llama/Meta-Llama-3-8B,blackwell,2,786432,Sparse,1,222.2,0.1,29.827856429422805,29.827856429422805,OK,19.8
meta-llama/Meta-Llama-3-8B,blackwell,2,786432,Sparse,4,222.2,0.1,18.13155629842023,18.13155629842023,OK,20.0
meta-llama/Meta-Llama-3-8B,blackwell,2,786432,Sparse,2,222.2,0.1,23.160758232518887,23.160758232518887,OK,21.3
meta-llama/Meta-Llama-3-8B,blackwell,2,786432,Sparse,8,222.2,0.1,15.123954989372603,15.123954989372603,OK,20.8
meta-llama/Meta-Llama-3-8B,blackwell,2,1048576,Sparse,1,290.9,0.1,30.686790906222807,30.686790906222807,OK,21.8
meta-llama/Meta-Llama-3-8B,blackwell,2,1048576,Sparse,2,290.9,0.1,27.45572552851889,27.45572552851889,OK,23.1
meta-llama/Meta-Llama-3-8B,blackwell,2,1048576,Sparse,4,290.9,0.1,20.27903994642023,20.27903994642023,OK,22.7
meta-llama/Meta-Llama-3-8B,blackwell,2,1048576,Sparse,8,290.9,0.1,16.197696813372605,16.197696813372605,OK,24.1
meta-llama/Meta-Llama-3-8B,blackwell,2,2097152,Dense,8,565.8,1.0,,,FAIL(1),15.3
meta-llama/Meta-Llama-3-8B,blackwell,2,2097152,Sparse,8,565.8,0.1,,,FAIL(1),15.6
meta-llama/Meta-Llama-3-8B,blackwell,4,131072,Sparse,1,84.8,0.1,16.49932876222281,16.49932876222281,OK,14.4
meta-llama/Meta-Llama-3-8B,blackwell,4,131072,Sparse,2,84.8,0.1,14.572364248518888,14.572364248518888,OK,14.9
meta-llama/Meta-Llama-3-8B,blackwell,4,131072,Sparse,4,84.8,0.1,13.838031306420229,13.838031306420229,OK,14.8
meta-llama/Meta-Llama-3-8B,blackwell,4,131072,Sparse,8,84.8,0.1,12.977864493372604,12.977864493372604,OK,14.3
meta-llama/Meta-Llama-3-8B,blackwell,2,2097152,Sparse,1,565.8,0.1,34.12264677822281,34.12264677822281,OK,30.6
meta-llama/Meta-Llama-3-8B,blackwell,2,2097152,Sparse,2,565.8,0.1,33.95836473491889,33.95836473491889,OK,32.0
meta-llama/Meta-Llama-3-8B,blackwell,2,2097152,Sparse,4,565.8,0.1,28.86897453842023,28.86897453842023,OK,32.4
meta-llama/Meta-Llama-3-8B,blackwell,4,196608,Sparse,1,119.1,0.1,20.794296058222812,20.794296058222812,OK,15.1
meta-llama/Meta-Llama-3-8B,blackwell,4,196608,Sparse,2,119.1,0.1,16.719847896518885,16.719847896518885,OK,15.4
meta-llama/Meta-Llama-3-8B,blackwell,4,196608,Sparse,4,119.1,0.1,14.911773130420231,14.911773130420231,OK,15.3
meta-llama/Meta-Llama-3-8B,blackwell,4,196608,Sparse,8,119.1,0.1,13.514735405372605,13.514735405372605,OK,15.4
meta-llama/Meta-Llama-3-8B,blackwell,4,262144,Sparse,1,153.5,0.1,25.08926335422281,25.08926335422281,OK,15.6
meta-llama/Meta-Llama-3-8B,blackwell,4,262144,Sparse,2,153.5,0.1,18.867331544518887,18.867331544518887,OK,15.5
meta-llama/Meta-Llama-3-8B,blackwell,4,262144,Sparse,4,153.5,0.1,15.98551495442023,15.98551495442023,OK,15.6
meta-llama/Meta-Llama-3-8B,blackwell,4,262144,Sparse,8,153.5,0.1,14.051606317372604,14.051606317372604,OK,15.8
meta-llama/Meta-Llama-3-8B,blackwell,4,393216,Sparse,1,222.2,0.1,29.829534663022805,29.829534663022805,OK,16.7
meta-llama/Meta-Llama-3-8B,blackwell,4,393216,Sparse,2,222.2,0.1,23.162298840518886,23.162298840518886,OK,16.6
meta-llama/Meta-Llama-3-8B,blackwell,4,393216,Sparse,4,222.2,0.1,18.13299860242023,18.13299860242023,OK,17.1
meta-llama/Meta-Llama-3-8B,blackwell,4,393216,Sparse,8,222.2,0.1,15.125348141372605,15.125348141372605,OK,16.8
meta-llama/Meta-Llama-3-8B,blackwell,4,524288,Sparse,1,290.9,0.1,30.68835117502281,30.68835117502281,OK,17.7
meta-llama/Meta-Llama-3-8B,blackwell,4,524288,Sparse,2,290.9,0.1,27.45726613651889,27.45726613651889,OK,18.0
meta-llama/Meta-Llama-3-8B,blackwell,4,524288,Sparse,4,290.9,0.1,20.280482250420228,20.280482250420228,OK,18.1
meta-llama/Meta-Llama-3-8B,blackwell,4,524288,Sparse,8,290.9,0.1,16.199089965372604,16.199089965372604,OK,18.1
meta-llama/Meta-Llama-3-8B,blackwell,4,786432,Sparse,1,428.4,0.1,32.406220128622806,32.406220128622806,OK,20.0
meta-llama/Meta-Llama-3-8B,blackwell,4,786432,Sparse,2,428.4,0.1,33.10094137491888,33.10094137491888,OK,20.6
meta-llama/Meta-Llama-3-8B,blackwell,4,786432,Sparse,4,428.4,0.1,24.575449546420227,24.575449546420227,OK,20.7
meta-llama/Meta-Llama-3-8B,blackwell,4,786432,Sparse,8,428.4,0.1,18.346573613372605,18.346573613372605,OK,19.9
meta-llama/Meta-Llama-3-8B,blackwell,4,1048576,Sparse,1,565.8,0.1,34.12414806462281,34.12414806462281,OK,21.7
meta-llama/Meta-Llama-3-8B,blackwell,4,1048576,Sparse,2,565.8,0.1,33.95984636051889,33.95984636051889,OK,22.8
meta-llama/Meta-Llama-3-8B,blackwell,4,2097152,Dense,8,1115.6,1.0,,,FAIL(1),15.4
meta-llama/Meta-Llama-3-8B,blackwell,4,1048576,Sparse,4,565.8,0.1,28.870416842420227,28.870416842420227,OK,22.4
meta-llama/Meta-Llama-3-8B,blackwell,4,1048576,Sparse,8,565.8,0.1,20.494057261372603,20.494057261372603,OK,22.7
meta-llama/Meta-Llama-3-8B,blackwell,4,2097152,Sparse,8,1115.6,0.1,,,FAIL(1),15.1
meta-llama/Meta-Llama-3-8B,blackwell,8,131072,Sparse,1,153.5,0.1,25.092737786222806,25.092737786222806,OK,14.2
meta-llama/Meta-Llama-3-8B,blackwell,8,131072,Sparse,4,153.5,0.1,15.988399562420229,15.988399562420229,OK,14.2
meta-llama/Meta-Llama-3-8B,blackwell,8,131072,Sparse,2,153.5,0.1,18.87041276051889,18.87041276051889,OK,15.0
meta-llama/Meta-Llama-3-8B,blackwell,4,2097152,Sparse,1,1115.6,0.1,40.995977773422815,40.995977773422815,OK,29.4
meta-llama/Meta-Llama-3-8B,blackwell,8,131072,Sparse,8,153.5,0.1,14.054392621372603,14.054392621372603,OK,14.6
meta-llama/Meta-Llama-3-8B,blackwell,4,2097152,Sparse,4,1115.6,0.1,35.824772759220224,35.824772759220224,OK,32.3
meta-llama/Meta-Llama-3-8B,blackwell,4,2097152,Sparse,2,1115.6,0.1,37.39573172371888,37.39573172371888,OK,32.6
meta-llama/Meta-Llama-3-8B,blackwell,8,196608,Sparse,1,222.2,0.1,29.83283214782281,29.83283214782281,OK,14.9
meta-llama/Meta-Llama-3-8B,blackwell,8,196608,Sparse,2,222.2,0.1,23.16538005651888,23.16538005651888,OK,15.1
meta-llama/Meta-Llama-3-8B,blackwell,8,196608,Sparse,8,222.2,0.1,15.128134445372606,15.128134445372606,OK,14.9
meta-llama/Meta-Llama-3-8B,blackwell,8,196608,Sparse,4,222.2,0.1,18.13588321042023,18.13588321042023,OK,15.1
meta-llama/Meta-Llama-3-8B,blackwell,8,262144,Sparse,1,290.9,0.1,30.691471712622807,30.691471712622807,OK,15.8
meta-llama/Meta-Llama-3-8B,blackwell,8,262144,Sparse,2,290.9,0.1,27.460347352518884,27.460347352518884,OK,15.6
meta-llama/Meta-Llama-3-8B,blackwell,8,262144,Sparse,4,290.9,0.1,20.283366858420226,20.283366858420226,OK,15.6
meta-llama/Meta-Llama-3-8B,blackwell,8,262144,Sparse,8,290.9,0.1,16.201876269372605,16.201876269372605,OK,15.6
meta-llama/Meta-Llama-3-8B,blackwell,8,393216,Sparse,1,428.4,0.1,32.40928168382281,32.40928168382281,OK,16.5
meta-llama/Meta-Llama-3-8B,blackwell,8,393216,Sparse,2,428.4,0.1,33.10402259091889,33.10402259091889,OK,16.9
meta-llama/Meta-Llama-3-8B,blackwell,8,393216,Sparse,4,428.4,0.1,24.578334154420226,24.578334154420226,OK,17.1
meta-llama/Meta-Llama-3-8B,blackwell,8,393216,Sparse,8,428.4,0.1,18.349359917372603,18.349359917372603,OK,17.2
meta-llama/Meta-Llama-3-8B,blackwell,8,524288,Sparse,1,565.8,0.1,34.1270916550228,34.1270916550228,OK,17.3
meta-llama/Meta-Llama-3-8B,blackwell,8,524288,Sparse,2,565.8,0.1,33.96280961171889,33.96280961171889,OK,17.8
meta-llama/Meta-Llama-3-8B,blackwell,8,524288,Sparse,8,565.8,0.1,20.496843565372604,20.496843565372604,OK,17.9
meta-llama/Meta-Llama-3-8B,blackwell,8,524288,Sparse,4,565.8,0.1,28.873301450420225,28.873301450420225,OK,18.1
meta-llama/Meta-Llama-3-8B,blackwell,8,786432,Sparse,1,840.7,0.1,37.56294752702281,37.56294752702281,OK,19.9
meta-llama/Meta-Llama-3-8B,blackwell,8,786432,Sparse,2,840.7,0.1,35.68064907411889,35.68064907411889,OK,20.5
meta-llama/Meta-Llama-3-8B,blackwell,8,786432,Sparse,8,840.7,0.1,24.791810861372603,24.791810861372603,OK,20.1
meta-llama/Meta-Llama-3-8B,blackwell,8,786432,Sparse,4,840.7,0.1,34.96869339922023,34.96869339922023,OK,20.4
meta-llama/Meta-Llama-3-8B,blackwell,8,1048576,Sparse,1,1115.6,0.1,40.99886238142281,40.99886238142281,OK,23.0
meta-llama/Meta-Llama-3-8B,blackwell,8,1048576,Sparse,2,1115.6,0.1,37.39860650131888,37.39860650131888,OK,23.1
meta-llama/Meta-Llama-3-8B,blackwell,8,2097152,Dense,8,2215.1,1.0,,,FAIL(1),15.3
meta-llama/Meta-Llama-3-8B,blackwell,8,1048576,Sparse,4,1115.6,0.1,35.82759838482022,35.82759838482022,OK,22.7
meta-llama/Meta-Llama-3-8B,blackwell,8,1048576,Sparse,8,1115.6,0.1,29.086778157372603,29.086778157372603,OK,23.5
meta-llama/Meta-Llama-3-8B,blackwell,8,2097152,Sparse,8,2215.1,0.1,,,FAIL(1),15.2
meta-llama/Meta-Llama-3-8B,blackwell,16,131072,Sparse,1,290.9,0.1,30.005290234870483,32.247764057751304,OK,14.7
meta-llama/Meta-Llama-3-8B,blackwell,16,131072,Sparse,2,290.9,0.1,27.49348760078442,27.49348760078442,OK,14.4
meta-llama/Meta-Llama-3-8B,blackwell,16,131072,Sparse,4,290.9,0.1,20.304709769092682,20.304709769092682,OK,14.9
meta-llama/Meta-Llama-3-8B,blackwell,16,131072,Sparse,8,290.9,0.1,16.22696117176362,16.22696117176362,OK,14.5
meta-llama/Meta-Llama-3-8B,blackwell,8,2097152,Sparse,1,2215.1,0.1,54.74252179902282,54.74252179902282,OK,30.1
meta-llama/Meta-Llama-3-8B,blackwell,8,2097152,Sparse,4,2215.1,0.1,39.26345425682023,39.26345425682023,OK,32.4
meta-llama/Meta-Llama-3-8B,blackwell,8,2097152,Sparse,2,2215.1,0.1,44.27040671891889,44.27040671891889,OK,32.7
meta-llama/Meta-Llama-3-8B,blackwell,16,196608,Sparse,1,428.4,0.1,31.668941255670482,33.965043187351306,OK,15.3
meta-llama/Meta-Llama-3-8B,blackwell,16,196608,Sparse,2,428.4,0.1,33.13707436558442,33.13707436558442,OK,15.2
meta-llama/Meta-Llama-3-8B,blackwell,16,196608,Sparse,4,428.4,0.1,24.59967706509268,24.59967706509268,OK,15.3
meta-llama/Meta-Llama-3-8B,blackwell,16,196608,Sparse,8,428.4,0.1,18.374444819763617,18.374444819763617,OK,15.4
meta-llama/Meta-Llama-3-8B,blackwell,16,262144,Sparse,1,565.8,0.1,33.333005153270484,35.682794176151305,OK,16.1
meta-llama/Meta-Llama-3-8B,blackwell,16,262144,Sparse,2,565.8,0.1,33.99571393038441,33.99571393038441,OK,15.8
meta-llama/Meta-Llama-3-8B,blackwell,16,262144,Sparse,4,565.8,0.1,28.89464436109268,28.89464436109268,OK,15.5
meta-llama/Meta-Llama-3-8B,blackwell,16,262144,Sparse,8,565.8,0.1,20.521928467763615,20.521928467763615,OK,15.9
meta-llama/Meta-Llama-3-8B,blackwell,16,393216,Sparse,1,840.7,0.1,36.661309895670485,39.118473100951306,OK,16.6
meta-llama/Meta-Llama-3-8B,blackwell,16,393216,Sparse,2,840.7,0.1,35.71340593678442,35.71340593678442,OK,16.8
meta-llama/Meta-Llama-3-8B,blackwell,16,393216,Sparse,4,840.7,0.1,34.99000681869268,34.99000681869268,OK,16.8
meta-llama/Meta-Llama-3-8B,blackwell,16,393216,Sparse,8,840.7,0.1,24.816895763763622,24.816895763763622,OK,17.0
meta-llama/Meta-Llama-3-8B,blackwell,16,524288,Sparse,1,1115.6,0.1,39.98985056767049,42.55438795535131,OK,17.9
meta-llama/Meta-Llama-3-8B,blackwell,16,524288,Sparse,2,1115.6,0.1,37.43124539918442,37.43124539918442,OK,17.9
meta-llama/Meta-Llama-3-8B,blackwell,16,524288,Sparse,4,1115.6,0.1,35.84882333069268,35.84882333069268,OK,18.1
meta-llama/Meta-Llama-3-8B,blackwell,16,524288,Sparse,8,1115.6,0.1,29.111863059763618,29.111863059763618,OK,18.4
meta-llama/Meta-Llama-3-8B,blackwell,16,786432,Sparse,1,1665.3,0.1,47.271336865270484,49.426040716951306,OK,20.1
meta-llama/Meta-Llama-3-8B,blackwell,16,786432,Sparse,2,1665.3,0.1,40.86704228878442,40.86704228878442,OK,20.7
meta-llama/Meta-Llama-3-8B,blackwell,16,786432,Sparse,4,1665.3,0.1,37.56663330189268,37.56663330189268,OK,20.7
meta-llama/Meta-Llama-3-8B,blackwell,16,786432,Sparse,8,1665.3,0.1,35.43308387256362,35.43308387256362,OK,20.7
meta-llama/Meta-Llama-3-8B,blackwell,16,1048576,Sparse,1,2215.1,0.1,54.76768949247049,54.76768949247049,OK,21.9
meta-llama/Meta-Llama-3-8B,blackwell,16,1048576,Sparse,2,2215.1,0.1,44.302986634384425,44.302986634384425,OK,22.7
meta-llama/Meta-Llama-3-8B,blackwell,16,2097152,Dense,8,4414.1,1.0,,,FAIL(1),15.1
meta-llama/Meta-Llama-3-8B,blackwell,16,1048576,Sparse,4,2215.1,0.1,39.28457598349268,39.28457598349268,OK,22.9
meta-llama/Meta-Llama-3-8B,blackwell,16,1048576,Sparse,8,2215.1,0.1,36.292010976563624,36.292010976563624,OK,22.8
meta-llama/Meta-Llama-3-8B,blackwell,16,2097152,Sparse,8,4414.1,0.1,,,FAIL(1),15.3
meta-llama/Meta-Llama-3-8B,blackwell,32,131072,Sparse,1,565.8,0.1,35.529707457798054,37.26486294467888,OK,14.6
meta-llama/Meta-Llama-3-8B,blackwell,32,131072,Sparse,2,565.8,0.1,36.065859246421375,36.065859246421375,OK,15.0
meta-llama/Meta-Llama-3-8B,blackwell,32,131072,Sparse,4,565.8,0.1,26.91782938419098,31.224284083579402,OK,14.7
meta-llama/Meta-Llama-3-8B,blackwell,32,131072,Sparse,8,565.8,0.1,19.49100275466568,25.230970241684993,OK,14.7
meta-llama/Meta-Llama-3-8B,blackwell,32,196608,Sparse,1,840.7,0.1,39.17012500659806,39.17012500659806,OK,15.5
meta-llama/Meta-Llama-3-8B,blackwell,16,2097152,Sparse,2,4414.1,0.1,58.04673452558442,58.04673452558442,OK,32.2
meta-llama/Meta-Llama-3-8B,blackwell,16,2097152,Sparse,4,4414.1,0.1,46.15634670989269,46.15634670989269,OK,32.1
meta-llama/Meta-Llama-3-8B,blackwell,32,196608,Sparse,2,840.7,0.1,37.783167867221366,37.783167867221366,OK,15.3
meta-llama/Meta-Llama-3-8B,blackwell,32,196608,Sparse,4,840.7,0.1,32.29881667379099,37.31955806757941,OK,15.4
meta-llama/Meta-Llama-3-8B,blackwell,32,196608,Sparse,8,840.7,0.1,23.34993862666568,27.196673278974213,OK,15.5
meta-llama/Meta-Llama-3-8B,blackwell,32,262144,Sparse,1,1115.6,0.1,42.60586291379807,42.60586291379807,OK,15.8
meta-llama/Meta-Llama-3-8B,blackwell,32,262144,Sparse,2,1115.6,0.1,39.50088936482136,39.50088936482136,OK,15.9
meta-llama/Meta-Llama-3-8B,blackwell,32,262144,Sparse,4,1115.6,0.1,33.05688141619098,38.178241869179395,OK,16.0
meta-llama/Meta-Llama-3-8B,blackwell,32,262144,Sparse,8,1115.6,0.1,27.14158944266568,31.491640574974216,OK,15.9
meta-llama/Meta-Llama-3-8B,blackwell,32,393216,Sparse,1,1665.3,0.1,49.47733872819807,49.47733872819807,OK,17.0
meta-llama/Meta-Llama-3-8B,blackwell,32,393216,Sparse,2,1665.3,0.1,42.93647981602137,42.93647981602137,OK,17.0
meta-llama/Meta-Llama-3-8B,blackwell,32,393216,Sparse,4,1665.3,0.1,34.57326157619099,39.8958896387794,OK,17.0
meta-llama/Meta-Llama-3-8B,blackwell,32,393216,Sparse,8,1665.3,0.1,32.722018345065685,37.81283189657422,OK,17.2
meta-llama/Meta-Llama-3-8B,blackwell,32,524288,Sparse,1,2215.1,0.1,56.349109454598064,56.349109454598064,OK,17.7
meta-llama/Meta-Llama-3-8B,blackwell,32,524288,Sparse,2,2215.1,0.1,46.365608427652546,46.365608427652546,OK,18.6
meta-llama/Meta-Llama-3-8B,blackwell,32,524288,Sparse,4,2215.1,0.1,36.08980393779099,41.61374384677941,OK,18.1
meta-llama/Meta-Llama-3-8B,blackwell,32,524288,Sparse,8,2215.1,0.1,33.48022317066568,38.67167789977422,OK,18.3
meta-llama/Meta-Llama-3-8B,blackwell,32,786432,Sparse,2,3314.6,0.1,46.442299075414944,53.24407692322137,OK,20.9
meta-llama/Meta-Llama-3-8B,blackwell,32,786432,Sparse,4,3314.6,0.1,39.122962388990985,45.0495259907794,OK,20.7
meta-llama/Meta-Llama-3-8B,blackwell,32,786432,Sparse,8,3314.6,0.1,34.99673604106569,40.38948787097422,OK,20.4
meta-llama/Meta-Llama-3-8B,blackwell,32,2097152,Dense,8,8812.2,1.0,,,FAIL(1),15.5
meta-llama/Meta-Llama-3-8B,blackwell,32,1048576,Sparse,2,4414.1,0.1,52.508940381014945,60.11602459682137,OK,22.9
meta-llama/Meta-Llama-3-8B,blackwell,32,1048576,Sparse,4,4414.1,0.1,42.42545338419098,48.485396608379396,OK,22.9
meta-llama/Meta-Llama-3-8B,blackwell,32,1048576,Sparse,8,4414.1,0.1,36.730640898665676,42.107378942974215,OK,23.0
meta-llama/Meta-Llama-3-8B,blackwell,32,2097152,Sparse,8,8812.2,0.1,,,FAIL(1),15.2
meta-llama/Meta-Llama-3-8B,blackwell,64,131072,Sparse,1,1115.6,0.1,42.030753477447,45.771144386217344,OK,15.4
meta-llama/Meta-Llama-3-8B,blackwell,64,131072,Sparse,2,1115.6,0.1,40.56962802864483,43.641364314851245,OK,15.9
meta-llama/Meta-Llama-3-8B,blackwell,64,131072,Sparse,4,1115.6,0.1,39.88667064825395,42.83437946957425,OK,15.9
meta-llama/Meta-Llama-3-8B,blackwell,64,131072,Sparse,8,1115.6,0.1,33.17780671843495,36.252084666743485,OK,15.9
meta-llama/Meta-Llama-3-8B,blackwell,32,2097152,Sparse,4,8812.2,0.1,54.66611017779099,62.229291955579406,OK,31.9
meta-llama/Meta-Llama-3-8B,blackwell,64,196608,Sparse,1,1665.3,0.1,49.54500497388592,52.64281417612867,OK,15.7
meta-llama/Meta-Llama-3-8B,blackwell,64,196608,Sparse,2,1665.3,0.1,44.35585687343348,47.07690896797352,OK,16.2
meta-llama/Meta-Llama-3-8B,blackwell,64,196608,Sparse,4,1665.3,0.1,36.43018264495515,44.55569382964547,OK,16.3
meta-llama/Meta-Llama-3-8B,blackwell,64,196608,Sparse,8,1665.3,0.1,39.595327843091425,42.56842640580221,OK,16.2
meta-llama/Meta-Llama-3-8B,blackwell,64,262144,Sparse,1,2215.1,0.1,57.25215620611482,59.51481688339564,OK,16.8
meta-llama/Meta-Llama-3-8B,blackwell,64,262144,Sparse,2,2215.1,0.1,47.976971676633475,50.512646875173516,OK,16.9
meta-llama/Meta-Llama-3-8B,blackwell,64,262144,Sparse,4,2215.1,0.1,37.91306735535515,46.27341532724547,OK,16.7
meta-llama/Meta-Llama-3-8B,blackwell,64,262144,Sparse,8,2215.1,0.1,35.422264973275425,43.4321059076501,OK,16.4
meta-llama/Meta-Llama-3-8B,blackwell,64,393216,Sparse,2,3314.6,0.1,48.40250407847316,55.38032153903348,OK,17.8
meta-llama/Meta-Llama-3-8B,blackwell,64,393216,Sparse,4,3314.6,0.1,41.24288371375515,49.70905001524546,OK,18.4
meta-llama/Meta-Llama-3-8B,blackwell,64,393216,Sparse,8,3314.6,0.1,36.90509807407543,45.149753677250104,OK,17.8
meta-llama/Meta-Llama-3-8B,blackwell,64,524288,Sparse,2,4414.1,0.1,54.442272347273146,62.25221023023347,OK,19.0
meta-llama/Meta-Llama-3-8B,blackwell,64,524288,Sparse,4,4414.1,0.1,44.38390547375515,50.85830256352516,OK,19.1
meta-llama/Meta-Llama-3-8B,blackwell,64,524288,Sparse,8,4414.1,0.1,38.49680373807543,46.8675636484501,OK,18.6
meta-llama/Meta-Llama-3-8B,blackwell,64,786432,Sparse,4,6613.1,0.1,50.90836917935514,57.730250237125155,OK,21.2
meta-llama/Meta-Llama-3-8B,blackwell,64,786432,Sparse,8,6613.1,0.1,41.72070156847543,50.3034342660501,OK,21.0
meta-llama/Meta-Llama-3-8B,blackwell,64,2097152,Dense,8,17608.2,1.0,,,FAIL(1),15.4
meta-llama/Meta-Llama-3-8B,blackwell,64,2097152,Sparse,8,17608.2,0.1,,,FAIL(1),15.4
meta-llama/Meta-Llama-3-8B,blackwell,64,1048576,Sparse,4,8812.2,0.1,57.21700304815515,64.60209469152515,OK,24.1
meta-llama/Meta-Llama-3-8B,blackwell,64,1048576,Sparse,8,8812.2,0.1,44.99824225327543,51.41000376093932,OK,23.9
meta-llama/Meta-Llama-3-8B,blackwell,128,131072,Sparse,1,2215.1,0.1,58.026816217948365,62.784645357930394,OK,17.4
meta-llama/Meta-Llama-3-8B,blackwell,128,131072,Sparse,2,2215.1,0.1,49.665950100833065,56.769577913715025,OK,17.7
meta-llama/Meta-Llama-3-8B,blackwell,128,131072,Sparse,4,2215.1,0.1,40.93556211411099,53.29529900553474,OK,17.3
meta-llama/Meta-Llama-3-8B,blackwell,128,131072,Sparse,8,2215.1,0.1,37.731303413526966,50.61424819608298,OK,17.3
meta-llama/Meta-Llama-3-8B,blackwell,128,196608,Sparse,2,3314.6,0.1,51.17679664709443,61.63785306782138,OK,18.0
meta-llama/Meta-Llama-3-8B,blackwell,128,196608,Sparse,4,3314.6,0.1,44.499830551972664,54.39651023520798,OK,17.8
meta-llama/Meta-Llama-3-8B,blackwell,128,196608,Sparse,8,3314.6,0.1,39.76523966350821,52.33193419040667,OK,17.5
meta-llama/Meta-Llama-3-8B,blackwell,128,262144,Sparse,2,4414.1,0.1,59.05095579433958,68.51705250798074,OK,18.8
meta-llama/Meta-Llama-3-8B,blackwell,128,262144,Sparse,4,4414.1,0.1,48.023608241182814,57.888970175401965,OK,18.7
meta-llama/Meta-Llama-3-8B,blackwell,128,262144,Sparse,8,4414.1,0.1,41.72487421471995,54.04494136777275,OK,18.5
meta-llama/Meta-Llama-3-8B,blackwell,128,393216,Sparse,4,6613.1,0.1,55.39788569826965,64.76565442216042,OK,19.7
meta-llama/Meta-Llama-3-8B,blackwell,128,393216,Sparse,8,6613.1,0.1,45.25924274742897,55.161803069666625,OK,19.5
meta-llama/Meta-Llama-3-8B,blackwell,128,524288,Sparse,4,8812.2,0.1,63.26917948328063,69.34291201472186,OK,20.8
mistralai/Mixtral-8x7B-v0.1,blackwell,1,131072,Sparse,1,110.6,0.1,8.570266500090437,8.570266500090437,OK,14.4
meta-llama/Meta-Llama-3-8B,blackwell,128,524288,Sparse,8,8812.2,0.1,49.017428391408465,58.60296363032675,OK,20.8
meta-llama/Meta-Llama-3-8B,blackwell,128,786432,Sparse,8,13210.2,0.1,56.23419658187708,65.47527589531899,OK,23.3
mistralai/Mixtral-8x7B-v0.1,blackwell,1,131072,Sparse,2,110.6,0.1,9.289886657686868,9.289886657686868,OK,14.7
mistralai/Mixtral-8x7B-v0.1,blackwell,1,131072,Sparse,4,110.6,0.1,9.80539435172382,9.80539435172382,OK,14.9
mistralai/Mixtral-8x7B-v0.1,blackwell,1,131072,Sparse,8,110.6,0.1,9.835195499087783,9.835195499087783,OK,15.0
meta-llama/Meta-Llama-3-8B,blackwell,128,1048576,Sparse,8,17608.2,0.1,64.25917908360817,70.01823130591997,OK,25.4
mistralai/Mixtral-8x7B-v0.1,blackwell,1,196608,Sparse,1,119.2,0.1,9.644008324090438,9.644008324090438,OK,14.9
mistralai/Mixtral-8x7B-v0.1,blackwell,1,196608,Sparse,2,119.2,0.1,9.826757569686867,9.826757569686867,OK,15.1
mistralai/Mixtral-8x7B-v0.1,blackwell,1,196608,Sparse,4,119.2,0.1,10.07382980772382,10.07382980772382,OK,15.3
mistralai/Mixtral-8x7B-v0.1,blackwell,1,196608,Sparse,8,119.2,0.1,9.969413227087783,9.969413227087783,OK,15.0
mistralai/Mixtral-8x7B-v0.1,blackwell,1,262144,Sparse,1,127.8,0.1,10.717750148090436,10.717750148090436,OK,15.7
mistralai/Mixtral-8x7B-v0.1,blackwell,1,262144,Sparse,2,127.8,0.1,10.363628481686868,10.363628481686868,OK,15.9
mistralai/Mixtral-8x7B-v0.1,blackwell,1,262144,Sparse,4,127.8,0.1,10.342265263723819,10.342265263723819,OK,15.7
mistralai/Mixtral-8x7B-v0.1,blackwell,1,262144,Sparse,8,127.8,0.1,10.103630955087782,10.103630955087782,OK,15.5
mistralai/Mixtral-8x7B-v0.1,blackwell,1,393216,Sparse,1,144.9,0.1,12.86523379609044,12.86523379609044,OK,16.5
mistralai/Mixtral-8x7B-v0.1,blackwell,1,393216,Sparse,4,144.9,0.1,10.879136175723819,10.879136175723819,OK,16.8
mistralai/Mixtral-8x7B-v0.1,blackwell,1,393216,Sparse,2,144.9,0.1,11.437370305686867,11.437370305686867,OK,17.2
mistralai/Mixtral-8x7B-v0.1,blackwell,1,393216,Sparse,8,144.9,0.1,10.372066411087783,10.372066411087783,OK,16.6
mistralai/Mixtral-8x7B-v0.1,blackwell,1,524288,Sparse,1,162.1,0.1,15.01271744409044,15.01271744409044,OK,17.4
mistralai/Mixtral-8x7B-v0.1,blackwell,1,524288,Sparse,2,162.1,0.1,12.511112129686868,12.511112129686868,OK,18.0
mistralai/Mixtral-8x7B-v0.1,blackwell,1,524288,Sparse,4,162.1,0.1,11.416007087723818,11.416007087723818,OK,18.1
mistralai/Mixtral-8x7B-v0.1,blackwell,1,524288,Sparse,8,162.1,0.1,10.640501867087782,10.640501867087782,OK,17.6
mistralai/Mixtral-8x7B-v0.1,blackwell,1,786432,Sparse,1,196.5,0.1,18.35382136729044,18.35382136729044,OK,19.7
mistralai/Mixtral-8x7B-v0.1,blackwell,1,786432,Sparse,2,196.5,0.1,14.658595777686866,14.658595777686866,OK,20.3
mistralai/Mixtral-8x7B-v0.1,blackwell,1,786432,Sparse,4,196.5,0.1,12.48974891172382,12.48974891172382,OK,20.6
mistralai/Mixtral-8x7B-v0.1,blackwell,1,786432,Sparse,8,196.5,0.1,11.177372779087781,11.177372779087781,OK,20.5
mistralai/Mixtral-8x7B-v0.1,blackwell,1,1048576,Sparse,1,230.8,0.1,18.78331809689044,18.78331809689044,OK,21.9
mistralai/Mixtral-8x7B-v0.1,blackwell,1,1048576,Sparse,2,230.8,0.1,16.806079425686868,16.806079425686868,OK,22.3
mistralai/Mixtral-8x7B-v0.1,blackwell,1,1048576,Sparse,4,230.8,0.1,13.56349073572382,13.56349073572382,OK,22.4
mistralai/Mixtral-8x7B-v0.1,blackwell,1,1048576,Sparse,8,230.8,0.1,11.714243691087784,11.714243691087784,OK,22.8
mistralai/Mixtral-8x7B-v0.1,blackwell,2,131072,Sparse,1,127.8,0.1,12.26034354915837,12.26034354915837,OK,14.7
mistralai/Mixtral-8x7B-v0.1,blackwell,1,2097152,Sparse,1,368.3,0.1,20.501128068090438,20.501128068090438,OK,30.2
mistralai/Mixtral-8x7B-v0.1,blackwell,2,131072,Sparse,2,127.8,0.1,12.35448865015391,12.35448865015391,OK,14.6
mistralai/Mixtral-8x7B-v0.1,blackwell,2,131072,Sparse,4,127.8,0.1,12.596183219700098,12.596183219700098,OK,14.3
mistralai/Mixtral-8x7B-v0.1,blackwell,2,131072,Sparse,8,127.8,0.1,12.432089629905052,12.432089629905052,OK,14.6
mistralai/Mixtral-8x7B-v0.1,blackwell,1,2097152,Sparse,2,368.3,0.1,25.396014017686863,25.396014017686863,OK,32.2
mistralai/Mixtral-8x7B-v0.1,blackwell,1,2097152,Sparse,4,368.3,0.1,17.858458031723817,17.858458031723817,OK,32.0
mistralai/Mixtral-8x7B-v0.1,blackwell,1,2097152,Sparse,8,368.3,0.1,13.861727339087784,13.861727339087784,OK,31.7
mistralai/Mixtral-8x7B-v0.1,blackwell,2,196608,Sparse,1,144.9,0.1,14.407827197158372,14.407827197158372,OK,15.0
mistralai/Mixtral-8x7B-v0.1,blackwell,2,196608,Sparse,2,144.9,0.1,13.42823047415391,13.42823047415391,OK,15.1
mistralai/Mixtral-8x7B-v0.1,blackwell,2,196608,Sparse,4,144.9,0.1,13.1330541317001,13.1330541317001,OK,15.3
mistralai/Mixtral-8x7B-v0.1,blackwell,2,196608,Sparse,8,144.9,0.1,12.700525085905054,12.700525085905054,OK,15.1
mistralai/Mixtral-8x7B-v0.1,blackwell,2,262144,Sparse,1,162.1,0.1,16.555310845158374,16.555310845158374,OK,15.4
mistralai/Mixtral-8x7B-v0.1,blackwell,2,262144,Sparse,2,162.1,0.1,14.501972298153909,14.501972298153909,OK,15.8
mistralai/Mixtral-8x7B-v0.1,blackwell,2,262144,Sparse,4,162.1,0.1,13.669925043700099,13.669925043700099,OK,15.7
mistralai/Mixtral-8x7B-v0.1,blackwell,2,262144,Sparse,8,162.1,0.1,12.968960541905053,12.968960541905053,OK,15.8
mistralai/Mixtral-8x7B-v0.1,blackwell,2,393216,Sparse,1,196.5,0.1,19.896355785958374,19.896355785958374,OK,16.7
mistralai/Mixtral-8x7B-v0.1,blackwell,2,393216,Sparse,2,196.5,0.1,16.64945594615391,16.64945594615391,OK,16.9
mistralai/Mixtral-8x7B-v0.1,blackwell,2,393216,Sparse,4,196.5,0.1,14.743666867700096,14.743666867700096,OK,17.1
mistralai/Mixtral-8x7B-v0.1,blackwell,2,393216,Sparse,8,196.5,0.1,13.505831453905051,13.505831453905051,OK,16.8
mistralai/Mixtral-8x7B-v0.1,blackwell,2,524288,Sparse,1,230.8,0.1,20.325734550758373,20.325734550758373,OK,17.5
mistralai/Mixtral-8x7B-v0.1,blackwell,2,524288,Sparse,4,230.8,0.1,15.817408691700098,15.817408691700098,OK,18.1
mistralai/Mixtral-8x7B-v0.1,blackwell,2,524288,Sparse,2,230.8,0.1,18.796939594153912,18.796939594153912,OK,18.3
mistralai/Mixtral-8x7B-v0.1,blackwell,2,524288,Sparse,8,230.8,0.1,14.042702365905054,14.042702365905054,OK,18.1
mistralai/Mixtral-8x7B-v0.1,blackwell,2,786432,Sparse,1,299.6,0.1,21.184669027558375,21.184669027558375,OK,19.7
mistralai/Mixtral-8x7B-v0.1,blackwell,2,786432,Sparse,2,299.6,0.1,23.091906890153908,23.091906890153908,OK,20.5
mistralai/Mixtral-8x7B-v0.1,blackwell,2,786432,Sparse,4,299.6,0.1,17.964892339700096,17.964892339700096,OK,20.1
mistralai/Mixtral-8x7B-v0.1,blackwell,2,786432,Sparse,8,299.6,0.1,15.116444189905053,15.116444189905053,OK,20.3
mistralai/Mixtral-8x7B-v0.1,blackwell,2,1048576,Sparse,1,368.3,0.1,22.04366248675837,22.04366248675837,OK,22.2
mistralai/Mixtral-8x7B-v0.1,blackwell,2,1048576,Sparse,2,368.3,0.1,27.386874186153907,27.386874186153907,OK,22.9
mistralai/Mixtral-8x7B-v0.1,blackwell,2,1048576,Sparse,4,368.3,0.1,20.112375987700098,20.112375987700098,OK,22.9
mistralai/Mixtral-8x7B-v0.1,blackwell,2,1048576,Sparse,8,368.3,0.1,16.190186013905052,16.190186013905052,OK,22.3
mistralai/Mixtral-8x7B-v0.1,blackwell,4,131072,Sparse,1,162.1,0.1,16.557048061158373,16.557048061158373,OK,14.5
mistralai/Mixtral-8x7B-v0.1,blackwell,2,2097152,Sparse,1,643.2,0.1,25.479518358758376,25.479518358758376,OK,29.9
mistralai/Mixtral-8x7B-v0.1,blackwell,4,131072,Sparse,2,162.1,0.1,14.503512906153908,14.503512906153908,OK,14.6
mistralai/Mixtral-8x7B-v0.1,blackwell,4,131072,Sparse,4,162.1,0.1,13.671367347700098,13.671367347700098,OK,14.8
mistralai/Mixtral-8x7B-v0.1,blackwell,4,131072,Sparse,8,162.1,0.1,12.970353693905054,12.970353693905054,OK,14.3
mistralai/Mixtral-8x7B-v0.1,blackwell,2,2097152,Sparse,2,643.2,0.1,29.539148515753904,29.539148515753904,OK,32.6
mistralai/Mixtral-8x7B-v0.1,blackwell,2,2097152,Sparse,4,643.2,0.1,28.7023105797001,28.7023105797001,OK,32.1
mistralai/Mixtral-8x7B-v0.1,blackwell,2,2097152,Sparse,8,643.2,0.1,20.485153309905055,20.485153309905055,OK,32.3
mistralai/Mixtral-8x7B-v0.1,blackwell,4,196608,Sparse,1,196.5,0.1,19.89797503715837,19.89797503715837,OK,14.9
mistralai/Mixtral-8x7B-v0.1,blackwell,4,196608,Sparse,2,196.5,0.1,16.65099655415391,16.65099655415391,OK,15.2
mistralai/Mixtral-8x7B-v0.1,blackwell,4,196608,Sparse,4,196.5,0.1,14.745109171700097,14.745109171700097,OK,15.0
mistralai/Mixtral-8x7B-v0.1,blackwell,4,196608,Sparse,8,196.5,0.1,13.507224605905053,13.507224605905053,OK,15.3
mistralai/Mixtral-8x7B-v0.1,blackwell,4,262144,Sparse,1,230.8,0.1,20.32747176675837,20.32747176675837,OK,15.4
mistralai/Mixtral-8x7B-v0.1,blackwell,4,262144,Sparse,4,230.8,0.1,15.818850995700098,15.818850995700098,OK,15.8
mistralai/Mixtral-8x7B-v0.1,blackwell,4,262144,Sparse,2,230.8,0.1,18.79848020215391,18.79848020215391,OK,16.0
mistralai/Mixtral-8x7B-v0.1,blackwell,4,262144,Sparse,8,230.8,0.1,14.04409551790505,14.04409551790505,OK,15.7
mistralai/Mixtral-8x7B-v0.1,blackwell,4,393216,Sparse,1,299.6,0.1,21.186229296358377,21.186229296358377,OK,16.7
mistralai/Mixtral-8x7B-v0.1,blackwell,4,393216,Sparse,2,299.6,0.1,23.09344749815391,23.09344749815391,OK,16.9
mistralai/Mixtral-8x7B-v0.1,blackwell,4,393216,Sparse,4,299.6,0.1,17.966334643700097,17.966334643700097,OK,16.6
mistralai/Mixtral-8x7B-v0.1,blackwell,4,393216,Sparse,8,299.6,0.1,15.117837341905052,15.117837341905052,OK,16.9
mistralai/Mixtral-8x7B-v0.1,blackwell,4,524288,Sparse,1,368.3,0.1,22.045104790758373,22.045104790758373,OK,17.7
mistralai/Mixtral-8x7B-v0.1,blackwell,4,524288,Sparse,8,368.3,0.1,16.19157916590505,16.19157916590505,OK,17.8
mistralai/Mixtral-8x7B-v0.1,blackwell,4,524288,Sparse,2,368.3,0.1,27.38841479415391,27.38841479415391,OK,18.2
mistralai/Mixtral-8x7B-v0.1,blackwell,4,524288,Sparse,4,368.3,0.1,20.1138182917001,20.1138182917001,OK,18.2
mistralai/Mixtral-8x7B-v0.1,blackwell,4,786432,Sparse,1,505.7,0.1,23.76303272675837,23.76303272675837,OK,20.2
mistralai/Mixtral-8x7B-v0.1,blackwell,4,786432,Sparse,2,505.7,0.1,28.68169566455391,28.68169566455391,OK,20.0
mistralai/Mixtral-8x7B-v0.1,blackwell,4,786432,Sparse,4,505.7,0.1,24.408785587700095,24.408785587700095,OK,20.5
mistralai/Mixtral-8x7B-v0.1,blackwell,4,786432,Sparse,8,505.7,0.1,18.339062813905056,18.339062813905056,OK,20.3
mistralai/Mixtral-8x7B-v0.1,blackwell,4,1048576,Sparse,1,643.2,0.1,25.480901680358375,25.480901680358375,OK,21.9
mistralai/Mixtral-8x7B-v0.1,blackwell,4,1048576,Sparse,2,643.2,0.1,29.540600650153905,29.540600650153905,OK,22.6
mistralai/Mixtral-8x7B-v0.1,blackwell,4,1048576,Sparse,4,643.2,0.1,28.7037528837001,28.7037528837001,OK,22.5
mistralai/Mixtral-8x7B-v0.1,blackwell,4,1048576,Sparse,8,643.2,0.1,20.486546461905053,20.486546461905053,OK,22.4
mistralai/Mixtral-8x7B-v0.1,blackwell,8,131072,Sparse,1,230.8,0.1,20.33065128675837,20.33065128675837,OK,14.8
mistralai/Mixtral-8x7B-v0.1,blackwell,4,2097152,Sparse,1,1192.9,0.1,32.35284935395837,32.35284935395837,OK,30.5
mistralai/Mixtral-8x7B-v0.1,blackwell,8,131072,Sparse,4,230.8,0.1,15.821735603700096,15.821735603700096,OK,14.5
mistralai/Mixtral-8x7B-v0.1,blackwell,8,131072,Sparse,8,230.8,0.1,14.046881821905055,14.046881821905055,OK,14.6
mistralai/Mixtral-8x7B-v0.1,blackwell,8,131072,Sparse,2,230.8,0.1,18.801561418153913,18.801561418153913,OK,14.8
mistralai/Mixtral-8x7B-v0.1,blackwell,4,2097152,Sparse,2,1192.9,0.1,32.9764565221539,32.9764565221539,OK,31.7
mistralai/Mixtral-8x7B-v0.1,blackwell,4,2097152,Sparse,4,1192.9,0.1,33.4828821253001,33.4828821253001,OK,31.9
mistralai/Mixtral-8x7B-v0.1,blackwell,4,2097152,Sparse,8,1192.9,0.1,29.076481053905056,29.076481053905056,OK,32.8
mistralai/Mixtral-8x7B-v0.1,blackwell,8,196608,Sparse,1,299.6,0.1,21.189231869158373,21.189231869158373,OK,14.9
mistralai/Mixtral-8x7B-v0.1,blackwell,8,196608,Sparse,2,299.6,0.1,23.096528714153905,23.096528714153905,OK,15.4
mistralai/Mixtral-8x7B-v0.1,blackwell,8,196608,Sparse,4,299.6,0.1,17.9692192517001,17.9692192517001,OK,15.2
mistralai/Mixtral-8x7B-v0.1,blackwell,8,196608,Sparse,8,299.6,0.1,15.120623645905052,15.120623645905052,OK,15.1
mistralai/Mixtral-8x7B-v0.1,blackwell,8,262144,Sparse,1,368.3,0.1,22.048225328358374,22.048225328358374,OK,15.3
mistralai/Mixtral-8x7B-v0.1,blackwell,8,262144,Sparse,2,368.3,0.1,27.391496010153908,27.391496010153908,OK,16.0
mistralai/Mixtral-8x7B-v0.1,blackwell,8,262144,Sparse,4,368.3,0.1,20.116702899700098,20.116702899700098,OK,16.0
mistralai/Mixtral-8x7B-v0.1,blackwell,8,262144,Sparse,8,368.3,0.1,16.19436546990505,16.19436546990505,OK,16.4
mistralai/Mixtral-8x7B-v0.1,blackwell,8,393216,Sparse,1,505.7,0.1,23.766035299558375,23.766035299558375,OK,16.7
mistralai/Mixtral-8x7B-v0.1,blackwell,8,393216,Sparse,2,505.7,0.1,28.684658915753907,28.684658915753907,OK,17.0
mistralai/Mixtral-8x7B-v0.1,blackwell,8,393216,Sparse,8,505.7,0.1,18.341849117905053,18.341849117905053,OK,16.9
mistralai/Mixtral-8x7B-v0.1,blackwell,8,393216,Sparse,4,505.7,0.1,24.411670195700093,24.411670195700093,OK,17.5
mistralai/Mixtral-8x7B-v0.1,blackwell,8,524288,Sparse,1,643.2,0.1,25.483845270758373,25.483845270758373,OK,17.6
mistralai/Mixtral-8x7B-v0.1,blackwell,8,524288,Sparse,2,643.2,0.1,29.543475427753908,29.543475427753908,OK,18.0
mistralai/Mixtral-8x7B-v0.1,blackwell,8,524288,Sparse,4,643.2,0.1,28.7066374917001,28.7066374917001,OK,18.0
mistralai/Mixtral-8x7B-v0.1,blackwell,8,524288,Sparse,8,643.2,0.1,20.48933276590505,20.48933276590505,OK,18.2
mistralai/Mixtral-8x7B-v0.1,blackwell,8,786432,Sparse,1,918.0,0.1,28.919819107558375,28.919819107558375,OK,19.6
mistralai/Mixtral-8x7B-v0.1,blackwell,8,786432,Sparse,2,918.0,0.1,31.261373872553907,31.261373872553907,OK,20.5
mistralai/Mixtral-8x7B-v0.1,blackwell,8,786432,Sparse,4,918.0,0.1,32.6268027653001,32.6268027653001,OK,20.0
mistralai/Mixtral-8x7B-v0.1,blackwell,8,786432,Sparse,8,918.0,0.1,24.784300061905054,24.784300061905054,OK,20.4
mistralai/Mixtral-8x7B-v0.1,blackwell,8,1048576,Sparse,1,1192.9,0.1,32.35567497955837,32.35567497955837,OK,21.7
mistralai/Mixtral-8x7B-v0.1,blackwell,8,1048576,Sparse,2,1192.9,0.1,32.9792723173539,32.9792723173539,OK,22.3
mistralai/Mixtral-8x7B-v0.1,blackwell,8,1048576,Sparse,4,1192.9,0.1,33.4857224965001,33.4857224965001,OK,22.9
mistralai/Mixtral-8x7B-v0.1,blackwell,8,1048576,Sparse,8,1192.9,0.1,29.079267357905053,29.079267357905053,OK,22.7
mistralai/Mixtral-8x7B-v0.1,blackwell,16,131072,Sparse,1,368.3,0.1,21.41226141398622,23.614503263054154,OK,14.7
mistralai/Mixtral-8x7B-v0.1,blackwell,8,2097152,Sparse,1,2292.4,0.1,46.09951134435837,46.09951134435837,OK,30.1
mistralai/Mixtral-8x7B-v0.1,blackwell,16,131072,Sparse,2,368.3,0.1,27.42556047568688,27.42556047568688,OK,14.6
mistralai/Mixtral-8x7B-v0.1,blackwell,16,131072,Sparse,4,368.3,0.1,20.141848927338486,20.141848927338486,OK,14.8
mistralai/Mixtral-8x7B-v0.1,blackwell,16,131072,Sparse,8,368.3,0.1,16.21974566762652,16.21974566762652,OK,14.8
mistralai/Mixtral-8x7B-v0.1,blackwell,8,2097152,Sparse,2,2292.4,0.1,39.851219990953915,39.851219990953915,OK,32.1
mistralai/Mixtral-8x7B-v0.1,blackwell,8,2097152,Sparse,4,2292.4,0.1,36.9216373509001,36.9216373509001,OK,31.5
mistralai/Mixtral-8x7B-v0.1,blackwell,16,196608,Sparse,1,505.7,0.1,23.04942278358622,25.332195269454154,OK,15.1
mistralai/Mixtral-8x7B-v0.1,blackwell,8,2097152,Sparse,8,2292.4,0.1,35.171883037905054,35.171883037905054,OK,32.1
mistralai/Mixtral-8x7B-v0.1,blackwell,16,196608,Sparse,2,505.7,0.1,28.71845796048688,28.71845796048688,OK,15.4
mistralai/Mixtral-8x7B-v0.1,blackwell,16,196608,Sparse,4,505.7,0.1,24.436816223338482,24.436816223338482,OK,15.4
mistralai/Mixtral-8x7B-v0.1,blackwell,16,196608,Sparse,8,505.7,0.1,18.367229315626524,18.367229315626524,OK,15.4
mistralai/Mixtral-8x7B-v0.1,blackwell,16,262144,Sparse,1,643.2,0.1,24.960522239586222,27.049946258254156,OK,15.1
mistralai/Mixtral-8x7B-v0.1,blackwell,16,262144,Sparse,2,643.2,0.1,29.577215490086875,29.577215490086875,OK,15.7
mistralai/Mixtral-8x7B-v0.1,blackwell,16,262144,Sparse,4,643.2,0.1,28.73178351933848,28.73178351933848,OK,15.9
mistralai/Mixtral-8x7B-v0.1,blackwell,16,262144,Sparse,8,643.2,0.1,20.51471296362652,20.51471296362652,OK,15.7
mistralai/Mixtral-8x7B-v0.1,blackwell,16,393216,Sparse,1,918.0,0.1,28.28906291158622,30.485861112654153,OK,16.7
mistralai/Mixtral-8x7B-v0.1,blackwell,16,393216,Sparse,2,918.0,0.1,31.294995970086877,31.294995970086877,OK,17.1
mistralai/Mixtral-8x7B-v0.1,blackwell,16,393216,Sparse,4,918.0,0.1,32.651889810538485,32.651889810538485,OK,16.9
mistralai/Mixtral-8x7B-v0.1,blackwell,16,393216,Sparse,8,918.0,0.1,24.80968025962652,24.80968025962652,OK,16.9
mistralai/Mixtral-8x7B-v0.1,blackwell,16,524288,Sparse,1,1192.9,0.1,31.617544601186225,33.921716984654154,OK,17.7
mistralai/Mixtral-8x7B-v0.1,blackwell,16,524288,Sparse,2,1192.9,0.1,33.01280594128688,33.01280594128688,OK,18.4
mistralai/Mixtral-8x7B-v0.1,blackwell,16,524288,Sparse,4,1192.9,0.1,33.51070632253848,33.51070632253848,OK,18.1
mistralai/Mixtral-8x7B-v0.1,blackwell,16,524288,Sparse,8,1192.9,0.1,29.104647555626528,29.104647555626528,OK,17.9
mistralai/Mixtral-8x7B-v0.1,blackwell,16,786432,Sparse,1,1742.7,0.1,38.27474390998623,40.79366465825416,OK,19.6
mistralai/Mixtral-8x7B-v0.1,blackwell,16,786432,Sparse,2,1742.7,0.1,36.44872079568688,36.44872079568688,OK,20.4
mistralai/Mixtral-8x7B-v0.1,blackwell,16,786432,Sparse,4,1742.7,0.1,35.228575276138486,35.228575276138486,OK,20.6
mistralai/Mixtral-8x7B-v0.1,blackwell,16,786432,Sparse,8,1742.7,0.1,34.33826240362653,34.33826240362653,OK,20.6
mistralai/Mixtral-8x7B-v0.1,blackwell,16,1048576,Sparse,1,2292.4,0.1,45.527708940386226,47.66537640225416,OK,21.7
mistralai/Mixtral-8x7B-v0.1,blackwell,16,1048576,Sparse,2,2292.4,0.1,39.88466514128689,39.88466514128689,OK,23.2
mistralai/Mixtral-8x7B-v0.1,blackwell,16,1048576,Sparse,4,2292.4,0.1,36.94651795773849,36.94651795773849,OK,23.1
mistralai/Mixtral-8x7B-v0.1,blackwell,16,1048576,Sparse,8,2292.4,0.1,35.19719688042652,35.19719688042652,OK,22.8
mistralai/Mixtral-8x7B-v0.1,blackwell,32,131072,Sparse,1,643.2,0.1,26.551622581424045,28.641395707291977,OK,14.8
mistralai/Mixtral-8x7B-v0.1,blackwell,32,131072,Sparse,2,643.2,0.1,31.635158763342343,31.635158763342343,OK,15.3
mistralai/Mixtral-8x7B-v0.1,blackwell,16,2097152,Sparse,2,4491.4,0.1,53.62847201488689,53.62847201488689,OK,31.9
mistralai/Mixtral-8x7B-v0.1,blackwell,32,131072,Sparse,4,643.2,0.1,26.761524277841602,31.03559696472748,OK,15.1
mistralai/Mixtral-8x7B-v0.1,blackwell,32,196608,Sparse,1,918.0,0.1,29.879986306224044,32.07713361449198,OK,15.9
mistralai/Mixtral-8x7B-v0.1,blackwell,32,131072,Sparse,8,643.2,0.1,19.484262697263528,25.221299688328436,OK,16.4
mistralai/Mixtral-8x7B-v0.1,blackwell,16,2097152,Sparse,4,4491.4,0.1,43.81830342973849,43.81830342973849,OK,31.8
mistralai/Mixtral-8x7B-v0.1,blackwell,32,196608,Sparse,2,918.0,0.1,33.35264433134235,33.35264433134235,OK,15.3
mistralai/Mixtral-8x7B-v0.1,blackwell,16,2097152,Sparse,8,4491.4,0.1,38.633030634026525,38.633030634026525,OK,32.7
mistralai/Mixtral-8x7B-v0.1,blackwell,32,196608,Sparse,4,918.0,0.1,30.222133097041603,34.95557054552748,OK,15.5
mistralai/Mixtral-8x7B-v0.1,blackwell,32,196608,Sparse,8,918.0,0.1,23.343198569263524,27.188504885511165,OK,15.5
mistralai/Mixtral-8x7B-v0.1,blackwell,32,262144,Sparse,1,1192.9,0.1,33.58977787102404,35.51287152169198,OK,15.7
mistralai/Mixtral-8x7B-v0.1,blackwell,32,262144,Sparse,2,1192.9,0.1,35.07036582894235,35.07036582894235,OK,16.0
mistralai/Mixtral-8x7B-v0.1,blackwell,32,262144,Sparse,4,1192.9,0.1,30.980212585041606,35.81426909272748,OK,16.1
mistralai/Mixtral-8x7B-v0.1,blackwell,32,262144,Sparse,8,1192.9,0.1,27.134849385263525,31.483472181511164,OK,15.8
mistralai/Mixtral-8x7B-v0.1,blackwell,32,393216,Sparse,1,1742.7,0.1,40.84309440222404,40.84309440222404,OK,16.9
mistralai/Mixtral-8x7B-v0.1,blackwell,32,393216,Sparse,2,1742.7,0.1,38.50616271854235,38.50616271854235,OK,17.4
mistralai/Mixtral-8x7B-v0.1,blackwell,32,393216,Sparse,4,1742.7,0.1,32.49665172744161,37.53199059032748,OK,17.5
mistralai/Mixtral-8x7B-v0.1,blackwell,32,393216,Sparse,8,1742.7,0.1,31.755125916463527,36.71705753831117,OK,17.2
mistralai/Mixtral-8x7B-v0.1,blackwell,32,524288,Sparse,1,2292.4,0.1,47.714747163824036,47.714747163824036,OK,18.0
mistralai/Mixtral-8x7B-v0.1,blackwell,32,524288,Sparse,2,2292.4,0.1,41.942077572942345,41.942077572942345,OK,18.2
mistralai/Mixtral-8x7B-v0.1,blackwell,32,524288,Sparse,4,2292.4,0.1,34.013194089041605,39.24983005272748,OK,18.2
mistralai/Mixtral-8x7B-v0.1,blackwell,32,524288,Sparse,8,2292.4,0.1,32.51333074206353,37.57589616871117,OK,18.6
mistralai/Mixtral-8x7B-v0.1,blackwell,32,786432,Sparse,2,3391.9,0.1,48.80671451616328,48.80671451616328,OK,20.5
mistralai/Mixtral-8x7B-v0.1,blackwell,32,786432,Sparse,4,3391.9,0.1,37.04635254024161,42.685612196727476,OK,20.7
mistralai/Mixtral-8x7B-v0.1,blackwell,32,786432,Sparse,8,3391.9,0.1,34.02984361246352,39.29371351271116,OK,20.9
mistralai/Mixtral-8x7B-v0.1,blackwell,32,1048576,Sparse,2,4491.4,0.1,48.602035854492065,55.68576648174235,OK,22.9
mistralai/Mixtral-8x7B-v0.1,blackwell,32,1048576,Sparse,4,4491.4,0.1,40.07959946504161,46.12151230552749,OK,23.2
mistralai/Mixtral-8x7B-v0.1,blackwell,64,131072,Sparse,1,1192.9,0.1,32.922301707066936,38.69230999896653,OK,15.4
mistralai/Mixtral-8x7B-v0.1,blackwell,32,1048576,Sparse,8,4491.4,0.1,35.75526237726353,41.011611957511164,OK,22.9
mistralai/Mixtral-8x7B-v0.1,blackwell,64,131072,Sparse,2,1192.9,0.1,36.20941311863241,39.186775694682694,OK,15.5
mistralai/Mixtral-8x7B-v0.1,blackwell,64,131072,Sparse,4,1192.9,0.1,37.30456570168284,40.42216114056872,OK,15.7
mistralai/Mixtral-8x7B-v0.1,blackwell,32,2097152,Sparse,4,8889.5,0.1,52.572439669841614,59.865304433527484,OK,32.4
mistralai/Mixtral-8x7B-v0.1,blackwell,64,131072,Sparse,8,1192.9,0.1,33.16905697455726,36.241906586804895,OK,15.4
mistralai/Mixtral-8x7B-v0.1,blackwell,32,2097152,Sparse,8,8889.5,0.1,41.875546537263524,47.88350802151117,OK,32.4
mistralai/Mixtral-8x7B-v0.1,blackwell,64,196608,Sparse,1,1742.7,0.1,39.78587068419574,44.027162334563265,OK,16.0
mistralai/Mixtral-8x7B-v0.1,blackwell,64,196608,Sparse,2,1742.7,0.1,39.49733457783242,42.622307163482695,OK,15.9
mistralai/Mixtral-8x7B-v0.1,blackwell,64,196608,Sparse,8,1742.7,0.1,38.528658109548225,41.4705200099655,OK,16.0
mistralai/Mixtral-8x7B-v0.1,blackwell,64,196608,Sparse,4,1742.7,0.1,39.23300113795175,42.13484013072803,OK,16.6
mistralai/Mixtral-8x7B-v0.1,blackwell,64,262144,Sparse,1,2292.4,0.1,47.71253093648944,50.89930784536434,OK,16.8
mistralai/Mixtral-8x7B-v0.1,blackwell,64,262144,Sparse,2,2292.4,0.1,43.256486579012005,46.05828530747905,OK,16.8
mistralai/Mixtral-8x7B-v0.1,blackwell,64,262144,Sparse,4,2292.4,0.1,41.10250086275175,43.852561628328026,OK,16.8
mistralai/Mixtral-8x7B-v0.1,blackwell,64,262144,Sparse,8,2292.4,0.1,39.36388329994823,42.3292185571655,OK,16.8
mistralai/Mixtral-8x7B-v0.1,blackwell,64,393216,Sparse,2,3391.9,0.1,50.647072346877025,52.92275348174407,OK,18.2
mistralai/Mixtral-8x7B-v0.1,blackwell,64,393216,Sparse,4,3391.9,0.1,38.82431913010668,47.293123003677934,OK,17.8
mistralai/Mixtral-8x7B-v0.1,blackwell,64,393216,Sparse,8,3391.9,0.1,35.958757859249616,44.05191622156929,OK,17.8
mistralai/Mixtral-8x7B-v0.1,blackwell,64,524288,Sparse,2,4491.4,0.1,50.541681860419686,57.81173689581201,OK,19.3
mistralai/Mixtral-8x7B-v0.1,blackwell,64,524288,Sparse,4,4491.4,0.1,42.16906786610669,50.728964130077934,OK,18.9
mistralai/Mixtral-8x7B-v0.1,blackwell,64,524288,Sparse,8,4491.4,0.1,37.44173841604962,45.76974831116929,OK,19.0
mistralai/Mixtral-8x7B-v0.1,blackwell,64,786432,Sparse,4,6690.5,0.1,48.64108966450668,55.34758228930165,OK,21.3
mistralai/Mixtral-8x7B-v0.1,blackwell,64,786432,Sparse,8,6690.5,0.1,40.76158429124962,49.2055673191693,OK,21.4
mistralai/Mixtral-8x7B-v0.1,blackwell,128,131072,Sparse,1,2292.4,0.1,47.59602003156561,55.71460770775096,OK,17.2
mistralai/Mixtral-8x7B-v0.1,blackwell,64,1048576,Sparse,8,8889.5,0.1,43.89940543684963,50.31377168435204,OK,23.3
mistralai/Mixtral-8x7B-v0.1,blackwell,64,1048576,Sparse,4,8889.5,0.1,54.91440126770668,62.21944148930165,OK,24.0
mistralai/Mixtral-8x7B-v0.1,blackwell,128,131072,Sparse,2,2292.4,0.1,44.6067589177711,52.294383114022864,OK,17.2
mistralai/Mixtral-8x7B-v0.1,blackwell,128,131072,Sparse,4,2292.4,0.1,43.22355938454425,50.80043122954352,OK,17.2
mistralai/Mixtral-8x7B-v0.1,blackwell,128,131072,Sparse,8,2292.4,0.1,42.03981333592783,49.51362636013738,OK,17.2
mistralai/Mixtral-8x7B-v0.1,blackwell,64,2097152,Sparse,8,17685.6,0.1,56.71891903684962,64.05743110195203,OK,32.7
mistralai/Mixtral-8x7B-v0.1,blackwell,128,196608,Sparse,2,3391.9,0.1,46.33449177023699,57.10511515767462,OK,18.1
mistralai/Mixtral-8x7B-v0.1,blackwell,128,196608,Sparse,4,3391.9,0.1,41.8409312211786,54.24156606813363,OK,17.6
mistralai/Mixtral-8x7B-v0.1,blackwell,128,196608,Sparse,8,3391.9,0.1,38.55493449068179,51.23134135028458,OK,17.7
mistralai/Mixtral-8x7B-v0.1,blackwell,128,262144,Sparse,2,4491.4,0.1,53.81375209538545,64.04864470948051,OK,18.8
mistralai/Mixtral-8x7B-v0.1,blackwell,128,262144,Sparse,4,4491.4,0.1,45.5121265637952,55.43413465595515,OK,18.9
mistralai/Mixtral-8x7B-v0.1,blackwell,128,262144,Sparse,8,4491.4,0.1,40.61946387757567,52.94390103437466,OK,18.4
meta-llama/Meta-Llama-3-70B,blackwell,1,131072,Dense,1,184.1,1.0,,,FAIL(1),8.7
mistralai/Mixtral-8x7B-v0.1,blackwell,128,393216,Sparse,4,6690.5,0.1,52.47908293912668,62.31113157095336,OK,20.0
mistralai/Mixtral-8x7B-v0.1,blackwell,128,393216,Sparse,8,6690.5,0.1,44.16589515010683,54.00869176985819,OK,19.3
mistralai/Mixtral-8x7B-v0.1,blackwell,128,524288,Sparse,4,8889.5,0.1,60.601227607645384,69.18378085855922,OK,21.6
meta-llama/Meta-Llama-3-70B,blackwell,1,131072,Sparse,1,184.1,0.1,,,FAIL(1),9.0
mistralai/Mixtral-8x7B-v0.1,blackwell,128,524288,Sparse,8,8889.5,0.1,47.80552255228586,57.49867805486034,OK,20.5
mistralai/Mixtral-8x7B-v0.1,blackwell,128,786432,Sparse,8,13287.5,0.1,55.01902167605209,64.37607323398896,OK,23.8
meta-llama/Meta-Llama-3-70B,blackwell,1,131072,Sparse,2,184.1,0.1,29.815890774079467,29.815890774079467,OK,14.7
meta-llama/Meta-Llama-3-70B,blackwell,1,131072,Sparse,8,184.1,0.1,23.833177214347486,23.833177214347486,OK,14.6
meta-llama/Meta-Llama-3-70B,blackwell,1,131072,Sparse,4,184.1,0.1,26.39736853604764,26.39736853604764,OK,15.0
mistralai/Mixtral-8x7B-v0.1,blackwell,128,1048576,Sparse,8,17685.6,0.1,62.8583360951345,68.91007127744071,OK,25.9
meta-llama/Meta-Llama-3-70B,blackwell,1,196608,Dense,1,205.6,1.0,,,FAIL(1),13.7
meta-llama/Meta-Llama-3-70B,blackwell,1,196608,Dense,2,205.6,1.0,,,FAIL(1),13.9
meta-llama/Meta-Llama-3-70B,blackwell,1,196608,Dense,4,205.6,1.0,,,FAIL(1),13.8
meta-llama/Meta-Llama-3-70B,blackwell,1,196608,Dense,8,205.6,1.0,,,FAIL(1),13.6
meta-llama/Meta-Llama-3-70B,blackwell,1,196608,Sparse,1,205.6,0.1,,,FAIL(1),14.1
meta-llama/Meta-Llama-3-70B,blackwell,1,196608,Sparse,8,205.6,0.1,,,FAIL(1),13.4
meta-llama/Meta-Llama-3-70B,blackwell,1,196608,Sparse,2,205.6,0.1,,,FAIL(1),14.0
meta-llama/Meta-Llama-3-70B,blackwell,1,196608,Sparse,4,205.6,0.1,,,FAIL(1),13.9
meta-llama/Meta-Llama-3-70B,blackwell,1,262144,Dense,2,227.1,1.0,32.500245334079466,32.500245334079466,OK,15.7
meta-llama/Meta-Llama-3-70B,blackwell,1,262144,Dense,4,227.1,1.0,27.739545816047638,27.739545816047638,OK,15.6
meta-llama/Meta-Llama-3-70B,blackwell,1,262144,Dense,8,227.1,1.0,24.504265854347494,24.504265854347494,OK,15.7
meta-llama/Meta-Llama-3-70B,blackwell,1,262144,Sparse,2,227.1,0.1,32.500245334079466,32.500245334079466,OK,15.8
meta-llama/Meta-Llama-3-70B,blackwell,1,262144,Sparse,4,227.1,0.1,27.739545816047638,27.739545816047638,OK,15.8
meta-llama/Meta-Llama-3-70B,blackwell,1,262144,Sparse,8,227.1,0.1,24.504265854347494,24.504265854347494,OK,15.6
meta-llama/Meta-Llama-3-70B,blackwell,1,262144,Dense,1,227.1,1.0,39.82042581233572,39.82042581233572,OK,67.0
meta-llama/Meta-Llama-3-70B,blackwell,1,393216,Dense,1,270.0,1.0,45.189134932335726,45.189134932335726,OK,75.3
meta-llama/Meta-Llama-3-70B,blackwell,1,393216,Sparse,2,270.0,0.1,35.18459989407947,35.18459989407947,OK,65.0
meta-llama/Meta-Llama-3-70B,blackwell,1,393216,Dense,4,270.0,1.0,29.081723096047643,29.081723096047643,OK,73.8
meta-llama/Meta-Llama-3-70B,blackwell,1,393216,Sparse,4,270.0,0.1,29.081723096047643,29.081723096047643,OK,32.1
meta-llama/Meta-Llama-3-70B,blackwell,1,393216,Dense,8,270.0,1.0,25.175354494347495,25.175354494347495,OK,73.4
meta-llama/Meta-Llama-3-70B,blackwell,1,262144,Sparse,1,227.1,0.1,35.42151842033572,35.42151842033572,OK,91.5
meta-llama/Meta-Llama-3-70B,blackwell,1,393216,Sparse,8,270.0,0.1,25.175354494347495,25.175354494347495,OK,17.4
meta-llama/Meta-Llama-3-70B,blackwell,1,524288,Dense,4,313.0,1.0,30.42390037604764,30.42390037604764,OK,18.0
meta-llama/Meta-Llama-3-70B,blackwell,1,524288,Dense,8,313.0,1.0,25.84644313434749,25.84644313434749,OK,18.1
meta-llama/Meta-Llama-3-70B,blackwell,1,393216,Sparse,1,270.0,0.1,35.95838933233572,35.95838933233572,OK,101.2
meta-llama/Meta-Llama-3-70B,blackwell,1,393216,Dense,2,270.0,1.0,35.18459989407947,35.18459989407947,OK,111.2
meta-llama/Meta-Llama-3-70B,blackwell,1,524288,Sparse,4,313.0,0.1,30.42390037604764,30.42390037604764,OK,18.2
meta-llama/Meta-Llama-3-70B,blackwell,1,524288,Sparse,8,313.0,0.1,25.84644313434749,25.84644313434749,OK,19.5
meta-llama/Meta-Llama-3-70B,blackwell,1,524288,Dense,1,313.0,1.0,50.55784405233572,50.55784405233572,OK,78.1
meta-llama/Meta-Llama-3-70B,blackwell,1,524288,Sparse,2,313.0,0.1,37.868954454079464,37.868954454079464,OK,69.0
meta-llama/Meta-Llama-3-70B,blackwell,1,524288,Sparse,1,313.0,0.1,36.49526024433572,36.49526024433572,OK,102.6
meta-llama/Meta-Llama-3-70B,blackwell,1,524288,Dense,2,313.0,1.0,37.868954454079464,37.868954454079464,OK,115.7
meta-llama/Meta-Llama-3-70B,blackwell,1,786432,Dense,1,398.9,1.0,61.29526229233572,61.29526229233572,OK,88.8
meta-llama/Meta-Llama-3-70B,blackwell,1,786432,Sparse,1,398.9,0.1,37.56900206833573,37.56900206833573,OK,48.2
meta-llama/Meta-Llama-3-70B,blackwell,1,786432,Dense,2,398.9,1.0,43.23766357407948,43.23766357407948,OK,90.7
meta-llama/Meta-Llama-3-70B,blackwell,1,786432,Sparse,2,398.9,0.1,41.94956168607948,41.94956168607948,OK,42.4
meta-llama/Meta-Llama-3-70B,blackwell,1,786432,Dense,4,398.9,1.0,33.10825493604764,33.10825493604764,OK,92.0
meta-llama/Meta-Llama-3-70B,blackwell,1,786432,Sparse,4,398.9,0.1,33.10825493604764,33.10825493604764,OK,23.6
meta-llama/Meta-Llama-3-70B,blackwell,1,786432,Dense,8,398.9,1.0,27.188620414347493,27.188620414347493,OK,94.8
meta-llama/Meta-Llama-3-70B,blackwell,1,786432,Sparse,8,398.9,0.1,27.188620414347493,27.188620414347493,OK,20.6
meta-llama/Meta-Llama-3-70B,blackwell,1,1048576,Dense,4,484.8,1.0,35.79260949604764,35.79260949604764,OK,22.9
meta-llama/Meta-Llama-3-70B,blackwell,1,1048576,Dense,8,484.8,1.0,28.53079769434749,28.53079769434749,OK,22.9
meta-llama/Meta-Llama-3-70B,blackwell,1,1048576,Sparse,4,484.8,0.1,35.79260949604764,35.79260949604764,OK,22.8
meta-llama/Meta-Llama-3-70B,blackwell,1,1048576,Sparse,8,484.8,0.1,28.53079769434749,28.53079769434749,OK,22.4
meta-llama/Meta-Llama-3-70B,blackwell,1,1048576,Sparse,1,484.8,0.1,38.64274389233572,38.64274389233572,OK,90.8
meta-llama/Meta-Llama-3-70B,blackwell,1,1048576,Sparse,2,484.8,0.1,42.486432598079475,42.486432598079475,OK,96.1
meta-llama/Meta-Llama-3-70B,blackwell,1,1048576,Dense,1,484.8,1.0,72.03268053233572,72.03268053233572,OK,135.4
meta-llama/Meta-Llama-3-70B,blackwell,1,1048576,Dense,2,484.8,1.0,48.60637269407946,48.60637269407946,OK,140.8
meta-llama/Meta-Llama-3-70B,blackwell,1,2097152,Dense,1,828.4,1.0,114.98235349233572,114.98235349233572,OK,141.6
meta-llama/Meta-Llama-3-70B,blackwell,1,2097152,Sparse,1,828.4,0.1,42.937268820335724,42.937268820335724,OK,67.5
meta-llama/Meta-Llama-3-70B,blackwell,2,131072,Dense,1,227.1,1.0,,,FAIL(1),8.4
meta-llama/Meta-Llama-3-70B,blackwell,1,2097152,Dense,2,828.4,1.0,70.08120917407946,70.08120917407946,OK,149.5
meta-llama/Meta-Llama-3-70B,blackwell,2,131072,Dense,2,227.1,1.0,39.22081993964465,39.22081993964465,OK,14.8
meta-llama/Meta-Llama-3-70B,blackwell,1,2097152,Dense,4,828.4,1.0,46.53002773604766,46.53002773604766,OK,149.0
meta-llama/Meta-Llama-3-70B,blackwell,1,2097152,Dense,8,828.4,1.0,33.89950681434749,33.89950681434749,OK,148.8
meta-llama/Meta-Llama-3-70B,blackwell,1,2097152,Sparse,4,828.4,0.1,44.38144636004764,44.38144636004764,OK,54.1
meta-llama/Meta-Llama-3-70B,blackwell,1,2097152,Sparse,8,828.4,0.1,33.89950681434749,33.89950681434749,OK,47.4
meta-llama/Meta-Llama-3-70B,blackwell,2,131072,Dense,8,227.1,1.0,30.23234030997969,30.23234030997969,OK,14.7
meta-llama/Meta-Llama-3-70B,blackwell,2,131072,Dense,4,227.1,1.0,33.94094202210488,33.94094202210488,OK,15.7
meta-llama/Meta-Llama-3-70B,blackwell,2,131072,Sparse,1,227.1,0.1,,,FAIL(1),9.1
meta-llama/Meta-Llama-3-70B,blackwell,2,131072,Sparse,2,227.1,0.1,39.22081993964465,39.22081993964465,OK,14.6
meta-llama/Meta-Llama-3-70B,blackwell,2,131072,Sparse,4,227.1,0.1,33.94094202210488,33.94094202210488,OK,14.7
meta-llama/Meta-Llama-3-70B,blackwell,2,196608,Dense,1,270.0,1.0,,,FAIL(1),13.8
meta-llama/Meta-Llama-3-70B,blackwell,2,131072,Sparse,8,227.1,0.1,30.23234030997969,30.23234030997969,OK,14.5
meta-llama/Meta-Llama-3-70B,blackwell,2,196608,Dense,4,270.0,1.0,,,FAIL(1),13.8
meta-llama/Meta-Llama-3-70B,blackwell,2,196608,Dense,2,270.0,1.0,,,FAIL(1),14.0
meta-llama/Meta-Llama-3-70B,blackwell,2,196608,Dense,8,270.0,1.0,,,FAIL(1),13.2
meta-llama/Meta-Llama-3-70B,blackwell,1,2097152,Sparse,2,828.4,0.1,44.633916246079465,44.633916246079465,OK,104.7
meta-llama/Meta-Llama-3-70B,blackwell,2,196608,Sparse,1,270.0,0.1,,,FAIL(1),14.0
meta-llama/Meta-Llama-3-70B,blackwell,2,196608,Sparse,2,270.0,0.1,,,FAIL(1),13.9
meta-llama/Meta-Llama-3-70B,blackwell,2,196608,Sparse,4,270.0,0.1,,,FAIL(1),13.7
meta-llama/Meta-Llama-3-70B,blackwell,2,196608,Sparse,8,270.0,0.1,,,FAIL(1),13.4
meta-llama/Meta-Llama-3-70B,blackwell,2,262144,Dense,1,313.0,1.0,57.76647081746498,57.76647081746498,OK,15.4
meta-llama/Meta-Llama-3-70B,blackwell,2,262144,Dense,2,313.0,1.0,44.589529059644654,44.589529059644654,OK,15.5
meta-llama/Meta-Llama-3-70B,blackwell,2,262144,Dense,4,313.0,1.0,36.62529658210487,36.62529658210487,OK,16.2
meta-llama/Meta-Llama-3-70B,blackwell,2,262144,Dense,8,313.0,1.0,31.574517589979692,31.574517589979692,OK,15.6
meta-llama/Meta-Llama-3-70B,blackwell,2,262144,Sparse,1,313.0,0.1,43.70344464146497,43.70344464146497,OK,15.5
meta-llama/Meta-Llama-3-70B,blackwell,2,262144,Sparse,4,313.0,0.1,36.62529658210487,36.62529658210487,OK,15.6
meta-llama/Meta-Llama-3-70B,blackwell,2,262144,Sparse,2,313.0,0.1,44.589529059644654,44.589529059644654,OK,16.0
meta-llama/Meta-Llama-3-70B,blackwell,2,262144,Sparse,8,313.0,0.1,31.574517589979692,31.574517589979692,OK,15.7
meta-llama/Meta-Llama-3-70B,blackwell,2,393216,Dense,1,398.9,1.0,68.50388905746497,68.50388905746497,OK,16.9
meta-llama/Meta-Llama-3-70B,blackwell,2,393216,Dense,2,398.9,1.0,49.95823817964466,49.95823817964466,OK,16.9
meta-llama/Meta-Llama-3-70B,blackwell,2,393216,Dense,4,398.9,1.0,39.30965114210487,39.30965114210487,OK,17.2
meta-llama/Meta-Llama-3-70B,blackwell,2,393216,Dense,8,398.9,1.0,32.91669486997969,32.91669486997969,OK,17.1
meta-llama/Meta-Llama-3-70B,blackwell,2,393216,Sparse,1,398.9,0.1,44.777186465464986,44.777186465464986,OK,16.6
meta-llama/Meta-Llama-3-70B,blackwell,2,393216,Sparse,2,398.9,0.1,48.670062563644656,48.670062563644656,OK,16.6
meta-llama/Meta-Llama-3-70B,blackwell,2,393216,Sparse,4,398.9,0.1,39.30965114210487,39.30965114210487,OK,16.7
meta-llama/Meta-Llama-3-70B,blackwell,2,393216,Sparse,8,398.9,0.1,32.91669486997969,32.91669486997969,OK,16.7
meta-llama/Meta-Llama-3-70B,blackwell,2,524288,Dense,1,484.8,1.0,79.241307297465,79.241307297465,OK,17.5
meta-llama/Meta-Llama-3-70B,blackwell,2,524288,Dense,2,484.8,1.0,55.32694729964466,55.32694729964466,OK,17.8
meta-llama/Meta-Llama-3-70B,blackwell,2,524288,Dense,4,484.8,1.0,41.99400570210487,41.99400570210487,OK,18.3
meta-llama/Meta-Llama-3-70B,blackwell,2,524288,Dense,8,484.8,1.0,34.258872149979695,34.258872149979695,OK,18.3
meta-llama/Meta-Llama-3-70B,blackwell,2,524288,Sparse,1,484.8,0.1,45.85092828946498,45.85092828946498,OK,17.4
meta-llama/Meta-Llama-3-70B,blackwell,2,524288,Sparse,4,484.8,0.1,41.99400570210487,41.99400570210487,OK,17.8
meta-llama/Meta-Llama-3-70B,blackwell,2,524288,Sparse,2,484.8,0.1,49.20693347564466,49.20693347564466,OK,18.0
meta-llama/Meta-Llama-3-70B,blackwell,2,524288,Sparse,8,484.8,0.1,34.258872149979695,34.258872149979695,OK,17.9
meta-llama/Meta-Llama-3-70B,blackwell,2,786432,Dense,1,656.6,1.0,100.71614377746496,100.71614377746496,OK,19.6
meta-llama/Meta-Llama-3-70B,blackwell,2,786432,Dense,2,656.6,1.0,66.06436553964467,66.06436553964467,OK,20.5
meta-llama/Meta-Llama-3-70B,blackwell,2,786432,Dense,4,656.6,1.0,47.36271482210488,47.36271482210488,OK,20.4
meta-llama/Meta-Llama-3-70B,blackwell,2,786432,Dense,8,656.6,1.0,36.9432267099797,36.9432267099797,OK,20.6
meta-llama/Meta-Llama-3-70B,blackwell,2,786432,Sparse,1,656.6,0.1,47.99826448146498,47.99826448146498,OK,19.8
meta-llama/Meta-Llama-3-70B,blackwell,2,786432,Sparse,2,656.6,0.1,50.28052784364466,50.28052784364466,OK,20.1
meta-llama/Meta-Llama-3-70B,blackwell,2,786432,Sparse,4,656.6,0.1,47.36271482210488,47.36271482210488,OK,20.9
meta-llama/Meta-Llama-3-70B,blackwell,2,786432,Sparse,8,656.6,0.1,36.9432267099797,36.9432267099797,OK,20.5
meta-llama/Meta-Llama-3-70B,blackwell,2,1048576,Dense,1,828.4,1.0,122.19098025746499,122.19098025746499,OK,21.9
meta-llama/Meta-Llama-3-70B,blackwell,2,1048576,Dense,2,828.4,1.0,76.80178377964465,76.80178377964465,OK,22.4
meta-llama/Meta-Llama-3-70B,blackwell,2,1048576,Dense,4,828.4,1.0,52.731423942104875,52.731423942104875,OK,22.4
meta-llama/Meta-Llama-3-70B,blackwell,2,1048576,Dense,8,828.4,1.0,39.62758126997969,39.62758126997969,OK,22.4
meta-llama/Meta-Llama-3-70B,blackwell,2,1048576,Sparse,1,828.4,0.1,50.14574812946497,50.14574812946497,OK,21.8
meta-llama/Meta-Llama-3-70B,blackwell,2,1048576,Sparse,2,828.4,0.1,51.35426966764465,51.35426966764465,OK,22.2
meta-llama/Meta-Llama-3-70B,blackwell,2,1048576,Sparse,4,828.4,0.1,50.582805702104864,50.582805702104864,OK,22.6
meta-llama/Meta-Llama-3-70B,blackwell,2,1048576,Sparse,8,828.4,0.1,39.62758126997969,39.62758126997969,OK,22.7
meta-llama/Meta-Llama-3-70B,blackwell,2,2097152,Dense,1,1515.6,1.0,208.090326177465,208.090326177465,OK,29.9
meta-llama/Meta-Llama-3-70B,blackwell,2,2097152,Dense,2,1515.6,1.0,119.75145673964465,119.75145673964465,OK,32.6
meta-llama/Meta-Llama-3-70B,blackwell,2,2097152,Dense,4,1515.6,1.0,74.20626042210488,74.20626042210488,OK,32.0
meta-llama/Meta-Llama-3-70B,blackwell,4,131072,Dense,1,313.0,1.0,,,FAIL(1),8.8
meta-llama/Meta-Llama-3-70B,blackwell,2,2097152,Sparse,1,1515.6,0.1,58.73538780946497,58.73538780946497,OK,30.3
meta-llama/Meta-Llama-3-70B,blackwell,2,2097152,Dense,8,1515.6,1.0,50.364999509979704,50.364999509979704,OK,31.8
meta-llama/Meta-Llama-3-70B,blackwell,2,2097152,Sparse,2,1515.6,0.1,55.64916323564466,55.64916323564466,OK,31.9
meta-llama/Meta-Llama-3-70B,blackwell,2,2097152,Sparse,8,1515.6,0.1,50.2020606299797,50.2020606299797,OK,31.4
meta-llama/Meta-Llama-3-70B,blackwell,2,2097152,Sparse,4,1515.6,0.1,52.73017875810487,52.73017875810487,OK,32.0
meta-llama/Meta-Llama-3-70B,blackwell,4,131072,Dense,2,313.0,1.0,44.59338057964465,44.59338057964465,OK,14.7
meta-llama/Meta-Llama-3-70B,blackwell,4,131072,Sparse,1,313.0,0.1,,,FAIL(1),9.0
meta-llama/Meta-Llama-3-70B,blackwell,4,131072,Dense,4,313.0,1.0,36.62890234210487,36.62890234210487,OK,14.7
meta-llama/Meta-Llama-3-70B,blackwell,4,131072,Dense,8,313.0,1.0,31.57800046997969,31.57800046997969,OK,14.8
meta-llama/Meta-Llama-3-70B,blackwell,4,131072,Sparse,2,313.0,0.1,44.59338057964465,44.59338057964465,OK,14.9
meta-llama/Meta-Llama-3-70B,blackwell,4,131072,Sparse,4,313.0,0.1,36.62890234210487,36.62890234210487,OK,14.8
meta-llama/Meta-Llama-3-70B,blackwell,4,196608,Dense,1,398.9,1.0,,,FAIL(1),14.1
meta-llama/Meta-Llama-3-70B,blackwell,4,131072,Sparse,8,313.0,0.1,31.57800046997969,31.57800046997969,OK,14.7
meta-llama/Meta-Llama-3-70B,blackwell,4,196608,Dense,2,398.9,1.0,,,FAIL(1),13.9
meta-llama/Meta-Llama-3-70B,blackwell,4,196608,Dense,8,398.9,1.0,,,FAIL(1),13.2
meta-llama/Meta-Llama-3-70B,blackwell,4,196608,Dense,4,398.9,1.0,,,FAIL(1),13.9
meta-llama/Meta-Llama-3-70B,blackwell,4,196608,Sparse,1,398.9,0.1,,,FAIL(1),13.9
meta-llama/Meta-Llama-3-70B,blackwell,4,196608,Sparse,2,398.9,0.1,,,FAIL(1),14.1
meta-llama/Meta-Llama-3-70B,blackwell,4,196608,Sparse,4,398.9,0.1,,,FAIL(1),13.7
meta-llama/Meta-Llama-3-70B,blackwell,4,196608,Sparse,8,398.9,0.1,,,FAIL(1),13.4
meta-llama/Meta-Llama-3-70B,blackwell,4,262144,Dense,1,484.8,1.0,79.245650337465,79.245650337465,OK,15.5
meta-llama/Meta-Llama-3-70B,blackwell,4,262144,Dense,2,484.8,1.0,55.330798819644656,55.330798819644656,OK,15.7
meta-llama/Meta-Llama-3-70B,blackwell,4,262144,Dense,8,484.8,1.0,34.262355029979695,34.262355029979695,OK,15.5
meta-llama/Meta-Llama-3-70B,blackwell,4,262144,Dense,4,484.8,1.0,41.99761146210487,41.99761146210487,OK,15.8
meta-llama/Meta-Llama-3-70B,blackwell,4,262144,Sparse,1,484.8,0.1,45.854534049464974,45.854534049464974,OK,15.5
meta-llama/Meta-Llama-3-70B,blackwell,4,262144,Sparse,2,484.8,0.1,49.21056381164466,49.21056381164466,OK,15.8
meta-llama/Meta-Llama-3-70B,blackwell,4,262144,Sparse,4,484.8,0.1,41.99761146210487,41.99761146210487,OK,15.7
meta-llama/Meta-Llama-3-70B,blackwell,4,262144,Sparse,8,484.8,0.1,34.262355029979695,34.262355029979695,OK,15.7
meta-llama/Meta-Llama-3-70B,blackwell,4,393216,Dense,1,656.6,1.0,100.72048681746496,100.72048681746496,OK,16.6
meta-llama/Meta-Llama-3-70B,blackwell,4,393216,Dense,2,656.6,1.0,66.06821705964467,66.06821705964467,OK,16.9
meta-llama/Meta-Llama-3-70B,blackwell,4,393216,Dense,4,656.6,1.0,47.366320582104876,47.366320582104876,OK,16.9
meta-llama/Meta-Llama-3-70B,blackwell,4,393216,Dense,8,656.6,1.0,36.9467095899797,36.9467095899797,OK,16.8
meta-llama/Meta-Llama-3-70B,blackwell,4,393216,Sparse,1,656.6,0.1,48.00187024146498,48.00187024146498,OK,16.8
meta-llama/Meta-Llama-3-70B,blackwell,4,393216,Sparse,2,656.6,0.1,50.284158179644656,50.284158179644656,OK,16.9
meta-llama/Meta-Llama-3-70B,blackwell,4,393216,Sparse,4,656.6,0.1,47.366320582104876,47.366320582104876,OK,16.8
meta-llama/Meta-Llama-3-70B,blackwell,4,393216,Sparse,8,656.6,0.1,36.9467095899797,36.9467095899797,OK,17.1
meta-llama/Meta-Llama-3-70B,blackwell,4,524288,Dense,1,828.4,1.0,122.19532329746497,122.19532329746497,OK,17.7
meta-llama/Meta-Llama-3-70B,blackwell,4,524288,Dense,2,828.4,1.0,76.80563529964466,76.80563529964466,OK,18.2
meta-llama/Meta-Llama-3-70B,blackwell,4,524288,Dense,8,828.4,1.0,39.63106414997969,39.63106414997969,OK,18.0
meta-llama/Meta-Llama-3-70B,blackwell,4,524288,Dense,4,828.4,1.0,52.73502970210488,52.73502970210488,OK,18.1
meta-llama/Meta-Llama-3-70B,blackwell,4,524288,Sparse,1,828.4,0.1,50.14935388946498,50.14935388946498,OK,17.5
meta-llama/Meta-Llama-3-70B,blackwell,4,524288,Sparse,2,828.4,0.1,51.357826275644655,51.357826275644655,OK,18.1
meta-llama/Meta-Llama-3-70B,blackwell,4,524288,Sparse,4,828.4,0.1,50.58633773410487,50.58633773410487,OK,17.9
meta-llama/Meta-Llama-3-70B,blackwell,4,524288,Sparse,8,828.4,0.1,39.63106414997969,39.63106414997969,OK,17.8
meta-llama/Meta-Llama-3-70B,blackwell,4,786432,Dense,1,1172.0,1.0,165.14499625746498,165.14499625746498,OK,20.3
meta-llama/Meta-Llama-3-70B,blackwell,4,786432,Dense,2,1172.0,1.0,98.28047177964466,98.28047177964466,OK,20.5
meta-llama/Meta-Llama-3-70B,blackwell,4,786432,Dense,4,1172.0,1.0,63.47244794210488,63.47244794210488,OK,20.4
meta-llama/Meta-Llama-3-70B,blackwell,4,786432,Dense,8,1172.0,1.0,44.9997732699797,44.9997732699797,OK,20.4
meta-llama/Meta-Llama-3-70B,blackwell,4,786432,Sparse,1,1172.0,0.1,54.44432118546499,54.44432118546499,OK,20.2
meta-llama/Meta-Llama-3-70B,blackwell,4,786432,Sparse,2,1172.0,0.1,53.50516246764466,53.50516246764466,OK,20.6
meta-llama/Meta-Llama-3-70B,blackwell,4,786432,Sparse,4,1172.0,0.1,51.65993210210488,51.65993210210488,OK,20.5
meta-llama/Meta-Llama-3-70B,blackwell,4,786432,Sparse,8,1172.0,0.1,44.9997732699797,44.9997732699797,OK,20.4
meta-llama/Meta-Llama-3-70B,blackwell,4,1048576,Dense,1,1515.6,1.0,208.094669217465,208.094669217465,OK,21.8
meta-llama/Meta-Llama-3-70B,blackwell,4,1048576,Dense,2,1515.6,1.0,119.75530825964469,119.75530825964469,OK,22.3
meta-llama/Meta-Llama-3-70B,blackwell,4,1048576,Dense,8,1515.6,1.0,50.3684823899797,50.3684823899797,OK,22.7
meta-llama/Meta-Llama-3-70B,blackwell,4,1048576,Dense,4,1515.6,1.0,74.20986618210488,74.20986618210488,OK,22.8
meta-llama/Meta-Llama-3-70B,blackwell,4,1048576,Sparse,1,1515.6,0.1,58.73899356946498,58.73899356946498,OK,21.5
meta-llama/Meta-Llama-3-70B,blackwell,4,1048576,Sparse,2,1515.6,0.1,55.65264611564466,55.65264611564466,OK,23.1
meta-llama/Meta-Llama-3-70B,blackwell,4,1048576,Sparse,4,1515.6,0.1,52.7336739261049,52.7336739261049,OK,22.5
meta-llama/Meta-Llama-3-70B,blackwell,4,1048576,Sparse,8,1515.6,0.1,50.20552507797969,50.20552507797969,OK,22.7
meta-llama/Meta-Llama-3-70B,blackwell,4,2097152,Dense,1,2890.0,1.0,379.893361057465,379.893361057465,OK,30.4
meta-llama/Meta-Llama-3-70B,blackwell,4,2097152,Dense,4,2890.0,1.0,117.15953914210489,117.15953914210489,OK,31.2
meta-llama/Meta-Llama-3-70B,blackwell,4,2097152,Sparse,1,2890.0,0.1,75.91930512146499,75.91930512146499,OK,30.0
meta-llama/Meta-Llama-3-70B,blackwell,4,2097152,Dense,2,2890.0,1.0,205.65465417964464,205.65465417964464,OK,32.4
meta-llama/Meta-Llama-3-70B,blackwell,4,2097152,Dense,8,2890.0,1.0,71.8433188699797,71.8433188699797,OK,31.6
meta-llama/Meta-Llama-3-70B,blackwell,8,131072,Dense,1,484.8,1.0,,,FAIL(1),9.0
meta-llama/Meta-Llama-3-70B,blackwell,4,2097152,Sparse,2,2890.0,0.1,64.24258070764466,64.24258070764466,OK,31.9
meta-llama/Meta-Llama-3-70B,blackwell,8,131072,Sparse,1,484.8,0.1,,,FAIL(1),9.0
meta-llama/Meta-Llama-3-70B,blackwell,4,2097152,Sparse,4,2890.0,0.1,57.02853063010488,57.02853063010488,OK,32.3
meta-llama/Meta-Llama-3-70B,blackwell,4,2097152,Sparse,8,2890.0,0.1,52.3528981339797,52.3528981339797,OK,32.9
meta-llama/Meta-Llama-3-70B,blackwell,8,131072,Dense,2,484.8,1.0,55.33850185964465,55.33850185964465,OK,14.9
meta-llama/Meta-Llama-3-70B,blackwell,8,131072,Dense,4,484.8,1.0,42.00482298210487,42.00482298210487,OK,14.9
meta-llama/Meta-Llama-3-70B,blackwell,8,131072,Dense,8,484.8,1.0,34.269320789979695,34.269320789979695,OK,14.8
meta-llama/Meta-Llama-3-70B,blackwell,8,131072,Sparse,2,484.8,0.1,49.21804566764465,49.21804566764465,OK,14.8
meta-llama/Meta-Llama-3-70B,blackwell,8,131072,Sparse,4,484.8,0.1,42.00482298210487,42.00482298210487,OK,15.3
meta-llama/Meta-Llama-3-70B,blackwell,8,196608,Dense,1,656.6,1.0,,,FAIL(1),13.5
meta-llama/Meta-Llama-3-70B,blackwell,8,131072,Sparse,8,484.8,0.1,34.269320789979695,34.269320789979695,OK,15.1
meta-llama/Meta-Llama-3-70B,blackwell,8,196608,Dense,2,656.6,1.0,,,FAIL(1),14.0
meta-llama/Meta-Llama-3-70B,blackwell,8,196608,Dense,8,656.6,1.0,,,FAIL(1),13.7
meta-llama/Meta-Llama-3-70B,blackwell,8,196608,Dense,4,656.6,1.0,,,FAIL(1),14.1
meta-llama/Meta-Llama-3-70B,blackwell,8,196608,Sparse,1,656.6,0.1,,,FAIL(1),14.0
meta-llama/Meta-Llama-3-70B,blackwell,8,196608,Sparse,2,656.6,0.1,,,FAIL(1),14.1
meta-llama/Meta-Llama-3-70B,blackwell,8,196608,Sparse,8,656.6,0.1,,,FAIL(1),13.4
meta-llama/Meta-Llama-3-70B,blackwell,8,196608,Sparse,4,656.6,0.1,,,FAIL(1),13.7
meta-llama/Meta-Llama-3-70B,blackwell,8,262144,Dense,1,828.4,1.0,122.20400937746497,122.20400937746497,OK,15.7
meta-llama/Meta-Llama-3-70B,blackwell,8,262144,Dense,2,828.4,1.0,76.81333833964466,76.81333833964466,OK,15.7
meta-llama/Meta-Llama-3-70B,blackwell,8,262144,Dense,4,828.4,1.0,52.74224122210487,52.74224122210487,OK,15.8
meta-llama/Meta-Llama-3-70B,blackwell,8,262144,Sparse,1,828.4,0.1,50.15627049746497,50.15627049746497,OK,15.5
meta-llama/Meta-Llama-3-70B,blackwell,8,262144,Dense,8,828.4,1.0,39.63802990997969,39.63802990997969,OK,15.9
meta-llama/Meta-Llama-3-70B,blackwell,8,262144,Sparse,2,828.4,0.1,51.36493949164466,51.36493949164466,OK,15.8
meta-llama/Meta-Llama-3-70B,blackwell,8,262144,Sparse,4,828.4,0.1,50.59354925410487,50.59354925410487,OK,15.8
meta-llama/Meta-Llama-3-70B,blackwell,8,262144,Sparse,8,828.4,0.1,39.63802990997969,39.63802990997969,OK,15.9
meta-llama/Meta-Llama-3-70B,blackwell,8,393216,Dense,1,1172.0,1.0,165.15368233746497,165.15368233746497,OK,16.6
meta-llama/Meta-Llama-3-70B,blackwell,8,393216,Dense,2,1172.0,1.0,98.28817481964467,98.28817481964467,OK,17.0
meta-llama/Meta-Llama-3-70B,blackwell,8,393216,Dense,4,1172.0,1.0,63.47965946210488,63.47965946210488,OK,16.9
meta-llama/Meta-Llama-3-70B,blackwell,8,393216,Dense,8,1172.0,1.0,45.0067390299797,45.0067390299797,OK,17.2
meta-llama/Meta-Llama-3-70B,blackwell,8,393216,Sparse,1,1172.0,0.1,54.451237793464976,54.451237793464976,OK,16.7
meta-llama/Meta-Llama-3-70B,blackwell,8,393216,Sparse,2,1172.0,0.1,53.512201955644656,53.512201955644656,OK,17.3
meta-llama/Meta-Llama-3-70B,blackwell,8,393216,Sparse,4,1172.0,0.1,51.667033030104875,51.667033030104875,OK,17.3
meta-llama/Meta-Llama-3-70B,blackwell,8,393216,Sparse,8,1172.0,0.1,45.0067390299797,45.0067390299797,OK,17.2
meta-llama/Meta-Llama-3-70B,blackwell,8,524288,Dense,1,1515.6,1.0,208.103355297465,208.103355297465,OK,17.8
meta-llama/Meta-Llama-3-70B,blackwell,8,524288,Dense,2,1515.6,1.0,119.76301129964469,119.76301129964469,OK,18.3
meta-llama/Meta-Llama-3-70B,blackwell,8,524288,Dense,4,1515.6,1.0,74.21707770210487,74.21707770210487,OK,18.0
meta-llama/Meta-Llama-3-70B,blackwell,8,524288,Sparse,1,1515.6,0.1,58.74620508946498,58.74620508946498,OK,17.7
meta-llama/Meta-Llama-3-70B,blackwell,8,524288,Dense,8,1515.6,1.0,50.37544814997969,50.37544814997969,OK,18.3
meta-llama/Meta-Llama-3-70B,blackwell,8,524288,Sparse,2,1515.6,0.1,55.65968560364466,55.65968560364466,OK,18.1
meta-llama/Meta-Llama-3-70B,blackwell,8,524288,Sparse,4,1515.6,0.1,52.740590534104875,52.740590534104875,OK,18.0
meta-llama/Meta-Llama-3-70B,blackwell,8,524288,Sparse,8,1515.6,0.1,50.21250926997969,50.21250926997969,OK,18.1
meta-llama/Meta-Llama-3-70B,blackwell,8,786432,Dense,1,2202.8,1.0,294.00270121746496,294.00270121746496,OK,19.9
meta-llama/Meta-Llama-3-70B,blackwell,8,786432,Dense,2,2202.8,1.0,162.7126842596447,162.7126842596447,OK,20.9
meta-llama/Meta-Llama-3-70B,blackwell,8,786432,Sparse,1,2202.8,0.1,67.33613968146499,67.33613968146499,OK,20.0
meta-llama/Meta-Llama-3-70B,blackwell,8,786432,Dense,4,2202.8,1.0,95.6919141821049,95.6919141821049,OK,20.7
meta-llama/Meta-Llama-3-70B,blackwell,8,786432,Dense,8,2202.8,1.0,61.11286638997968,61.11286638997968,OK,20.7
meta-llama/Meta-Llama-3-70B,blackwell,8,786432,Sparse,2,2202.8,0.1,59.95443171564466,59.95443171564466,OK,20.8
meta-llama/Meta-Llama-3-70B,blackwell,8,786432,Sparse,8,2202.8,0.1,51.28606677397969,51.28606677397969,OK,20.6
meta-llama/Meta-Llama-3-70B,blackwell,8,786432,Sparse,4,2202.8,0.1,54.887963590104874,54.887963590104874,OK,21.0
meta-llama/Meta-Llama-3-70B,blackwell,8,1048576,Dense,1,2890.0,1.0,379.902047137465,379.902047137465,OK,22.0
meta-llama/Meta-Llama-3-70B,blackwell,8,1048576,Dense,2,2890.0,1.0,205.66235721964463,205.66235721964463,OK,23.0
meta-llama/Meta-Llama-3-70B,blackwell,8,1048576,Sparse,1,2890.0,0.1,75.92622172946497,75.92622172946497,OK,21.9
meta-llama/Meta-Llama-3-70B,blackwell,8,1048576,Dense,4,2890.0,1.0,117.16675066210487,117.16675066210487,OK,22.5
meta-llama/Meta-Llama-3-70B,blackwell,8,1048576,Dense,8,2890.0,1.0,71.8502846299797,71.8502846299797,OK,22.7
meta-llama/Meta-Llama-3-70B,blackwell,8,1048576,Sparse,2,2890.0,0.1,64.24939901164466,64.24939901164466,OK,23.0
meta-llama/Meta-Llama-3-70B,blackwell,8,1048576,Sparse,4,2890.0,0.1,57.03544723810487,57.03544723810487,OK,22.5
meta-llama/Meta-Llama-3-70B,blackwell,8,1048576,Sparse,8,2890.0,0.1,52.3597533019797,52.3597533019797,OK,23.1
meta-llama/Meta-Llama-3-70B,blackwell,16,131072,Dense,1,828.4,1.0,,,FAIL(1),9.1
meta-llama/Meta-Llama-3-70B,blackwell,16,131072,Dense,2,828.4,1.0,76.97978930964976,76.97978930964976,OK,15.0
meta-llama/Meta-Llama-3-70B,blackwell,8,2097152,Dense,2,5638.8,1.0,377.46104905964467,377.46104905964467,OK,31.8
meta-llama/Meta-Llama-3-70B,blackwell,8,2097152,Sparse,2,5638.8,0.1,81.42926819564467,81.42926819564467,OK,31.7
meta-llama/Meta-Llama-3-70B,blackwell,8,2097152,Dense,8,5638.8,1.0,114.79995758997968,114.79995758997968,OK,32.1
meta-llama/Meta-Llama-3-70B,blackwell,8,2097152,Dense,4,5638.8,1.0,203.0660965821049,203.0660965821049,OK,33.8
meta-llama/Meta-Llama-3-70B,blackwell,8,2097152,Sparse,4,5638.8,0.1,65.62527123810489,65.62527123810489,OK,32.0
meta-llama/Meta-Llama-3-70B,blackwell,16,131072,Dense,4,828.4,1.0,52.861787143741324,52.861787143741324,OK,14.6
meta-llama/Meta-Llama-3-70B,blackwell,16,131072,Sparse,1,828.4,0.1,,,FAIL(1),9.3
meta-llama/Meta-Llama-3-70B,blackwell,8,2097152,Sparse,8,5638.8,0.1,56.654628437979696,56.654628437979696,OK,32.1
meta-llama/Meta-Llama-3-70B,blackwell,16,131072,Dense,8,828.4,1.0,39.77404856165531,39.77404856165531,OK,15.3
meta-llama/Meta-Llama-3-70B,blackwell,16,196608,Dense,1,1172.0,1.0,,,FAIL(1),13.7
meta-llama/Meta-Llama-3-70B,blackwell,16,131072,Sparse,4,828.4,0.1,50.71298458374134,50.71298458374134,OK,15.3
meta-llama/Meta-Llama-3-70B,blackwell,16,131072,Sparse,2,828.4,0.1,51.53028454164978,51.53028454164978,OK,15.3
meta-llama/Meta-Llama-3-70B,blackwell,16,196608,Dense,2,1172.0,1.0,,,FAIL(1),14.0
meta-llama/Meta-Llama-3-70B,blackwell,16,131072,Sparse,8,828.4,0.1,39.77404856165531,39.77404856165531,OK,15.3
meta-llama/Meta-Llama-3-70B,blackwell,16,196608,Dense,4,1172.0,1.0,,,FAIL(1),14.1
meta-llama/Meta-Llama-3-70B,blackwell,16,196608,Dense,8,1172.0,1.0,,,FAIL(1),13.4
meta-llama/Meta-Llama-3-70B,blackwell,16,196608,Sparse,1,1172.0,0.1,,,FAIL(1),14.0
meta-llama/Meta-Llama-3-70B,blackwell,16,196608,Sparse,2,1172.0,0.1,,,FAIL(1),13.9
meta-llama/Meta-Llama-3-70B,blackwell,16,196608,Sparse,8,1172.0,0.1,,,FAIL(1),13.2
meta-llama/Meta-Llama-3-70B,blackwell,16,196608,Sparse,4,1172.0,0.1,,,FAIL(1),13.9
meta-llama/Meta-Llama-3-70B,blackwell,16,262144,Dense,1,1515.6,1.0,208.27588945291578,208.27588945291578,OK,16.0
meta-llama/Meta-Llama-3-70B,blackwell,16,262144,Dense,2,1515.6,1.0,119.92946226964976,119.92946226964976,OK,16.3
meta-llama/Meta-Llama-3-70B,blackwell,16,262144,Dense,4,1515.6,1.0,74.33662362374133,74.33662362374133,OK,16.3
meta-llama/Meta-Llama-3-70B,blackwell,16,262144,Dense,8,1515.6,1.0,50.51146680165532,50.51146680165532,OK,16.1
meta-llama/Meta-Llama-3-70B,blackwell,16,262144,Sparse,1,1515.6,0.1,58.915200300915785,58.915200300915785,OK,16.2
meta-llama/Meta-Llama-3-70B,blackwell,16,262144,Sparse,2,1515.6,0.1,55.82458828564977,55.82458828564977,OK,16.3
meta-llama/Meta-Llama-3-70B,blackwell,16,262144,Sparse,4,1515.6,0.1,52.85965722374133,52.85965722374133,OK,16.2
meta-llama/Meta-Llama-3-70B,blackwell,16,262144,Sparse,8,1515.6,0.1,50.34849105765532,50.34849105765532,OK,16.0
meta-llama/Meta-Llama-3-70B,blackwell,16,393216,Dense,1,2202.8,1.0,294.1752353729158,294.1752353729158,OK,17.0
meta-llama/Meta-Llama-3-70B,blackwell,16,393216,Dense,2,2202.8,1.0,162.87913522964976,162.87913522964976,OK,17.6
meta-llama/Meta-Llama-3-70B,blackwell,16,393216,Dense,4,2202.8,1.0,95.81146010374134,95.81146010374134,OK,17.3
meta-llama/Meta-Llama-3-70B,blackwell,16,393216,Dense,8,2202.8,1.0,61.24888504165531,61.24888504165531,OK,17.5
meta-llama/Meta-Llama-3-70B,blackwell,16,393216,Sparse,1,2202.8,0.1,67.50513489291579,67.50513489291579,OK,17.4
meta-llama/Meta-Llama-3-70B,blackwell,16,393216,Sparse,4,2202.8,0.1,55.00691968774133,55.00691968774133,OK,17.3
meta-llama/Meta-Llama-3-70B,blackwell,16,393216,Sparse,2,2202.8,0.1,60.11933439764977,60.11933439764977,OK,17.8
meta-llama/Meta-Llama-3-70B,blackwell,16,393216,Sparse,8,2202.8,0.1,51.42193796965532,51.42193796965532,OK,17.3
meta-llama/Meta-Llama-3-70B,blackwell,16,524288,Dense,1,2890.0,1.0,380.07458129291575,380.07458129291575,OK,18.2
meta-llama/Meta-Llama-3-70B,blackwell,16,524288,Dense,2,2890.0,1.0,205.8288081896498,205.8288081896498,OK,18.7
meta-llama/Meta-Llama-3-70B,blackwell,16,524288,Dense,4,2890.0,1.0,117.28629658374133,117.28629658374133,OK,18.4
meta-llama/Meta-Llama-3-70B,blackwell,16,524288,Dense,8,2890.0,1.0,71.9863032816553,71.9863032816553,OK,18.7
meta-llama/Meta-Llama-3-70B,blackwell,16,524288,Sparse,1,2890.0,0.1,76.09521694091579,76.09521694091579,OK,18.3
meta-llama/Meta-Llama-3-70B,blackwell,16,524288,Sparse,2,2890.0,0.1,64.41430169364976,64.41430169364976,OK,18.6
meta-llama/Meta-Llama-3-70B,blackwell,16,524288,Sparse,8,2890.0,0.1,52.49555076965531,52.49555076965531,OK,18.2
meta-llama/Meta-Llama-3-70B,blackwell,16,524288,Sparse,4,2890.0,0.1,57.15429274374132,57.15429274374132,OK,18.4
meta-llama/Meta-Llama-3-70B,blackwell,16,786432,Dense,2,4264.4,1.0,291.7281541096498,291.7281541096498,OK,20.9
meta-llama/Meta-Llama-3-70B,blackwell,16,786432,Dense,4,4264.4,1.0,160.23596954374133,160.23596954374133,OK,21.1
meta-llama/Meta-Llama-3-70B,blackwell,16,786432,Dense,8,4264.4,1.0,93.46113976165532,93.46113976165532,OK,20.8
meta-llama/Meta-Llama-3-70B,blackwell,16,786432,Sparse,2,4264.4,0.1,73.00394137364977,73.00394137364977,OK,20.9
meta-llama/Meta-Llama-3-70B,blackwell,16,786432,Sparse,4,4264.4,0.1,61.44903885574132,61.44903885574132,OK,21.0
meta-llama/Meta-Llama-3-70B,blackwell,16,786432,Sparse,8,4264.4,0.1,54.642886961655314,54.642886961655314,OK,21.0
meta-llama/Meta-Llama-3-70B,blackwell,16,1048576,Dense,4,5638.8,1.0,203.18564250374132,203.18564250374132,OK,22.9
meta-llama/Meta-Llama-3-70B,blackwell,16,1048576,Dense,2,5638.8,1.0,377.62750002964964,377.62750002964964,OK,23.1
meta-llama/Meta-Llama-3-70B,blackwell,16,1048576,Dense,8,5638.8,1.0,114.93597624165533,114.93597624165533,OK,23.1
meta-llama/Meta-Llama-3-70B,blackwell,16,1048576,Sparse,2,5638.8,0.1,81.59394969364978,81.59394969364978,OK,22.9
meta-llama/Meta-Llama-3-70B,blackwell,16,1048576,Sparse,4,5638.8,0.1,65.74400615174133,65.74400615174133,OK,23.2
meta-llama/Meta-Llama-3-70B,blackwell,16,1048576,Sparse,8,5638.8,0.1,56.79029688165531,56.79029688165531,OK,22.9
meta-llama/Meta-Llama-3-70B,blackwell,32,131072,Dense,1,1515.6,1.0,,,FAIL(1),8.8
meta-llama/Meta-Llama-3-70B,blackwell,16,2097152,Dense,4,11136.3,1.0,374.98433434374135,374.98433434374135,OK,32.1
meta-llama/Meta-Llama-3-70B,blackwell,32,131072,Sparse,1,1515.6,0.1,,,FAIL(1),8.8
meta-llama/Meta-Llama-3-70B,blackwell,32,131072,Dense,2,1515.6,1.0,120.26454431630094,120.26454431630094,OK,16.5
meta-llama/Meta-Llama-3-70B,blackwell,32,131072,Dense,4,1515.6,1.0,74.57835612565715,74.57835612565715,OK,16.6
meta-llama/Meta-Llama-3-70B,blackwell,32,131072,Dense,8,1515.6,1.0,50.61757531300522,56.51212096863741,OK,16.5
meta-llama/Meta-Llama-3-70B,blackwell,16,2097152,Dense,8,11136.3,1.0,200.8353221616553,200.8353221616553,OK,32.0
meta-llama/Meta-Llama-3-70B,blackwell,16,2097152,Sparse,4,11136.3,0.1,82.92380160774132,82.92380160774132,OK,32.8
meta-llama/Meta-Llama-3-70B,blackwell,16,2097152,Sparse,8,11136.3,0.1,65.38013931365532,65.38013931365532,OK,33.3
meta-llama/Meta-Llama-3-70B,blackwell,32,196608,Dense,1,2202.8,1.0,,,FAIL(1),14.4
meta-llama/Meta-Llama-3-70B,blackwell,32,196608,Dense,2,2202.8,1.0,,,FAIL(1),14.1
meta-llama/Meta-Llama-3-70B,blackwell,32,131072,Sparse,2,1515.6,0.1,56.15679494030092,56.15679494030092,OK,17.4
meta-llama/Meta-Llama-3-70B,blackwell,32,131072,Sparse,4,1515.6,0.1,53.10043126165715,53.10043126165715,OK,17.0
meta-llama/Meta-Llama-3-70B,blackwell,32,131072,Sparse,8,1515.6,0.1,50.455852945005205,56.349126792637406,OK,16.9
meta-llama/Meta-Llama-3-70B,blackwell,32,196608,Dense,4,2202.8,1.0,,,FAIL(1),14.0
meta-llama/Meta-Llama-3-70B,blackwell,32,196608,Dense,8,2202.8,1.0,,,FAIL(1),13.5
meta-llama/Meta-Llama-3-70B,blackwell,32,196608,Sparse,1,2202.8,0.1,,,FAIL(1),14.4
meta-llama/Meta-Llama-3-70B,blackwell,32,196608,Sparse,8,2202.8,0.1,,,FAIL(1),13.6
meta-llama/Meta-Llama-3-70B,blackwell,32,196608,Sparse,2,2202.8,0.1,,,FAIL(1),14.5
meta-llama/Meta-Llama-3-70B,blackwell,32,196608,Sparse,4,2202.8,0.1,,,FAIL(1),14.0
meta-llama/Meta-Llama-3-70B,blackwell,32,262144,Dense,1,2890.0,1.0,380.42230276690753,380.42230276690753,OK,17.4
meta-llama/Meta-Llama-3-70B,blackwell,32,262144,Dense,2,2890.0,1.0,206.16389023630092,206.16389023630092,OK,17.6
meta-llama/Meta-Llama-3-70B,blackwell,32,262144,Dense,4,2890.0,1.0,117.52802908565712,117.52802908565712,OK,18.0
meta-llama/Meta-Llama-3-70B,blackwell,32,262144,Dense,8,2890.0,1.0,71.92463963300523,77.98695744863743,OK,18.1
meta-llama/Meta-Llama-3-70B,blackwell,32,262144,Sparse,1,2890.0,0.1,76.43586052690748,76.43586052690748,OK,17.8
meta-llama/Meta-Llama-3-70B,blackwell,32,262144,Sparse,4,2890.0,0.1,57.39462441365715,57.39462441365715,OK,17.9
meta-llama/Meta-Llama-3-70B,blackwell,32,262144,Sparse,8,2890.0,0.1,52.58569307300521,58.49572570463741,OK,17.8
meta-llama/Meta-Llama-3-70B,blackwell,32,262144,Sparse,2,2890.0,0.1,64.74613970830092,64.74613970830092,OK,18.4
meta-llama/Meta-Llama-3-70B,blackwell,32,393216,Dense,2,4264.4,1.0,292.06323615630095,292.06323615630095,OK,19.0
meta-llama/Meta-Llama-3-70B,blackwell,32,393216,Dense,4,4264.4,1.0,160.4777020456571,160.4777020456571,OK,18.9
meta-llama/Meta-Llama-3-70B,blackwell,32,393216,Dense,8,4264.4,1.0,93.73546091300523,93.73546091300523,OK,19.4
meta-llama/Meta-Llama-3-70B,blackwell,32,393216,Sparse,2,4264.4,0.1,73.33570566030092,73.33570566030092,OK,19.2
meta-llama/Meta-Llama-3-70B,blackwell,32,393216,Sparse,4,4264.4,0.1,61.689259933657155,61.689259933657155,OK,19.3
meta-llama/Meta-Llama-3-70B,blackwell,32,393216,Sparse,8,4264.4,0.1,54.71612302500521,60.64293287263741,OK,19.3
meta-llama/Meta-Llama-3-70B,blackwell,32,524288,Dense,2,5638.8,1.0,377.96258207630103,377.96258207630103,OK,20.0
meta-llama/Meta-Llama-3-70B,blackwell,32,524288,Dense,4,5638.8,1.0,203.42737500565715,203.42737500565715,OK,20.1
meta-llama/Meta-Llama-3-70B,blackwell,32,524288,Dense,8,5638.8,1.0,115.21029739300522,115.21029739300522,OK,20.3
meta-llama/Meta-Llama-3-70B,blackwell,32,524288,Sparse,2,5638.8,0.1,81.92571398030091,81.92571398030091,OK,20.2
meta-llama/Meta-Llama-3-70B,blackwell,32,524288,Sparse,4,5638.8,0.1,65.98422722965717,65.98422722965717,OK,21.1
meta-llama/Meta-Llama-3-70B,blackwell,32,524288,Sparse,8,5638.8,0.1,56.84668200100522,62.790269064637414,OK,19.9
meta-llama/Meta-Llama-3-70B,blackwell,32,786432,Dense,4,8387.5,1.0,289.3267209256571,289.3267209256571,OK,22.8
meta-llama/Meta-Llama-3-70B,blackwell,32,786432,Dense,8,8387.5,1.0,158.1599703530052,158.1599703530052,OK,23.0
meta-llama/Meta-Llama-3-70B,blackwell,32,786432,Sparse,4,8387.5,0.1,74.57394063765717,74.57394063765717,OK,22.4
meta-llama/Meta-Llama-3-70B,blackwell,32,786432,Sparse,8,8387.5,0.1,61.107892113005214,67.0850336086374,OK,22.7
meta-llama/Meta-Llama-3-70B,blackwell,32,1048576,Dense,4,11136.3,1.0,375.2260668456571,375.2260668456571,OK,24.8
meta-llama/Meta-Llama-3-70B,blackwell,32,1048576,Dense,8,11136.3,1.0,201.10964331300522,201.10964331300522,OK,24.7
meta-llama/Meta-Llama-3-70B,blackwell,64,131072,Dense,1,2890.0,1.0,,,FAIL(1),9.0
meta-llama/Meta-Llama-3-70B,blackwell,32,1048576,Sparse,4,11136.3,0.1,83.16387522965717,83.16387522965717,OK,24.9
meta-llama/Meta-Llama-3-70B,blackwell,32,1048576,Sparse,8,11136.3,0.1,65.36930497700523,71.38000090463743,OK,25.2
meta-llama/Meta-Llama-3-70B,blackwell,64,131072,Sparse,1,2890.0,0.1,,,FAIL(1),9.0
meta-llama/Meta-Llama-3-70B,blackwell,64,131072,Dense,2,2890.0,1.0,187.25068291348813,213.55928669321742,OK,21.8
meta-llama/Meta-Llama-3-70B,blackwell,32,2097152,Dense,8,22131.4,1.0,372.9083351530053,372.9083351530053,OK,34.5
meta-llama/Meta-Llama-3-70B,blackwell,64,131072,Dense,4,2890.0,1.0,107.52378334518123,124.21904267712654,OK,22.0
meta-llama/Meta-Llama-3-70B,blackwell,64,131072,Dense,8,2890.0,1.0,78.54248245364451,78.54248245364451,OK,21.8
meta-llama/Meta-Llama-3-70B,blackwell,32,2097152,Sparse,8,22131.4,0.1,82.41486427300522,88.55977792863742,OK,34.1
meta-llama/Meta-Llama-3-70B,blackwell,64,131072,Sparse,2,2890.0,0.1,61.60931913748813,72.13497437321739,OK,22.3
meta-llama/Meta-Llama-3-70B,blackwell,64,131072,Sparse,4,2890.0,0.1,64.05596840997177,64.05596840997177,OK,21.9
meta-llama/Meta-Llama-3-70B,blackwell,64,196608,Dense,2,4264.4,1.0,,,FAIL(1),13.9
meta-llama/Meta-Llama-3-70B,blackwell,64,131072,Sparse,8,2890.0,0.1,59.05034754164451,59.05034754164451,OK,21.8
meta-llama/Meta-Llama-3-70B,blackwell,64,196608,Dense,4,4264.4,1.0,,,FAIL(1),13.8
meta-llama/Meta-Llama-3-70B,blackwell,64,196608,Dense,8,4264.4,1.0,,,FAIL(1),13.6
meta-llama/Meta-Llama-3-70B,blackwell,64,196608,Sparse,2,4264.4,0.1,,,FAIL(1),14.2
meta-llama/Meta-Llama-3-70B,blackwell,64,196608,Sparse,8,4264.4,0.1,,,FAIL(1),13.4
meta-llama/Meta-Llama-3-70B,blackwell,64,196608,Sparse,4,4264.4,0.1,,,FAIL(1),13.9
meta-llama/Meta-Llama-3-70B,blackwell,64,262144,Dense,2,5638.8,1.0,342.27316259348805,385.3579785332173,OK,23.2
meta-llama/Meta-Llama-3-70B,blackwell,64,262144,Dense,4,5638.8,1.0,183.02125534518123,210.11838859712654,OK,23.0
meta-llama/Meta-Llama-3-70B,blackwell,64,262144,Dense,8,5638.8,1.0,121.49215541364451,121.49215541364451,OK,23.1
meta-llama/Meta-Llama-3-70B,blackwell,64,262144,Sparse,2,5638.8,0.1,76.70837116948813,89.31432746121739,OK,23.2
meta-llama/Meta-Llama-3-70B,blackwell,64,262144,Sparse,4,5638.8,0.1,72.64512885797176,72.64512885797176,OK,22.9
meta-llama/Meta-Llama-3-70B,blackwell,64,262144,Sparse,8,5638.8,0.1,63.34444853364452,63.34444853364452,OK,23.2
meta-llama/Meta-Llama-3-70B,blackwell,64,393216,Dense,4,8387.5,1.0,259.5258212651812,296.0177345171265,OK,24.2
meta-llama/Meta-Llama-3-70B,blackwell,64,393216,Dense,8,8387.5,1.0,164.41073490411407,164.41073490411407,OK,24.0
meta-llama/Meta-Llama-3-70B,blackwell,64,393216,Sparse,4,8387.5,0.1,69.76852241718123,81.26163646912654,OK,24.4
meta-llama/Meta-Llama-3-70B,blackwell,64,393216,Sparse,8,8387.5,0.1,67.63908405364452,67.63908405364452,OK,24.2
meta-llama/Meta-Llama-3-70B,blackwell,64,524288,Dense,4,11136.3,1.0,338.04411406518125,381.9170804371266,OK,25.0
meta-llama/Meta-Llama-3-70B,blackwell,64,524288,Dense,8,11136.3,1.0,180.75562928725597,207.39150133364453,OK,26.0
meta-llama/Meta-Llama-3-70B,blackwell,64,524288,Sparse,4,11136.3,0.1,77.31823275318122,89.85153419712654,OK,25.0
meta-llama/Meta-Llama-3-70B,blackwell,64,524288,Sparse,8,11136.3,0.1,71.93394075764452,71.93394075764452,OK,25.2
meta-llama/Meta-Llama-3-70B,blackwell,64,786432,Sparse,8,16633.9,0.1,80.5238200536445,80.5238200536445,OK,27.6
meta-llama/Meta-Llama-3-70B,blackwell,64,786432,Dense,8,16633.9,1.0,256.2531012872559,293.29084725364453,OK,27.8
meta-llama/Meta-Llama-3-70B,blackwell,64,1048576,Dense,8,22131.4,1.0,331.7505732872559,379.1901931736445,OK,30.1
meta-llama/Meta-Llama-3-70B,blackwell,64,1048576,Sparse,8,22131.4,0.1,89.11360718964451,89.11360718964451,OK,30.4
meta-llama/Meta-Llama-3-70B,blackwell,128,196608,Dense,4,8387.5,1.0,,,FAIL(1),13.9
meta-llama/Meta-Llama-3-70B,blackwell,128,196608,Dense,8,8387.5,1.0,,,FAIL(1),13.3
meta-llama/Meta-Llama-3-70B,blackwell,128,131072,Dense,4,5638.8,1.0,204.36349413444316,216.9999691471914,OK,42.9
meta-llama/Meta-Llama-3-70B,blackwell,128,131072,Sparse,2,5638.8,0.1,85.50216181206527,97.30359226049619,OK,40.4
meta-llama/Meta-Llama-3-70B,blackwell,128,131072,Dense,8,5638.8,1.0,113.6967355727969,128.18790417053006,OK,42.3
meta-llama/Meta-Llama-3-70B,blackwell,128,131072,Dense,2,5638.8,1.0,386.745480041978,386.745480041978,OK,46.9
meta-llama/Meta-Llama-3-70B,blackwell,128,131072,Sparse,8,5638.8,0.1,68.63120347808473,75.92479008447332,OK,38.3
meta-llama/Meta-Llama-3-70B,blackwell,128,131072,Sparse,4,5638.8,0.1,68.63711976034703,86.04617997354845,OK,39.4
meta-llama/Meta-Llama-3-70B,blackwell,128,196608,Sparse,8,8387.5,0.1,,,FAIL(1),13.4
meta-llama/Meta-Llama-3-70B,blackwell,128,196608,Sparse,4,8387.5,0.1,,,FAIL(1),14.3
meta-llama/Meta-Llama-3-70B,blackwell,128,262144,Sparse,8,11136.3,0.1,77.33958607734179,84.48392313070971,OK,40.3
meta-llama/Meta-Llama-3-70B,blackwell,128,262144,Sparse,4,11136.3,0.1,85.10885810841887,96.92816155387136,OK,43.1
meta-llama/Meta-Llama-3-70B,blackwell,128,262144,Dense,8,11136.3,1.0,198.36091539209937,213.92294391848796,OK,44.2
meta-llama/Meta-Llama-3-70B,blackwell,128,262144,Dense,4,11136.3,1.0,382.94085642400194,382.94085642400194,OK,46.3
meta-llama/Meta-Llama-3-70B,blackwell,128,393216,Sparse,8,16633.9,0.1,74.96939700679766,93.10780798797744,OK,42.2
meta-llama/Meta-Llama-3-70B,blackwell,128,524288,Sparse,8,22131.4,0.1,83.73215315012827,101.70021716438914,OK,44.0
meta-llama/Meta-Llama-3-70B,blackwell,128,393216,Dense,8,16633.9,1.0,291.38369793014874,299.6288157457809,OK,47.8
meta-llama/Meta-Llama-3-70B,blackwell,128,524288,Dense,8,22131.4,1.0,380.33667907967924,380.33667907967924,OK,48.5
Qwen/Qwen2-72B,blackwell,1,131072,Dense,2,188.3,1.0,30.25516118877872,30.25516118877872,OK,15.0
Qwen/Qwen2-72B,blackwell,1,131072,Dense,4,188.3,1.0,26.43079121388168,26.43079121388168,OK,15.1
Qwen/Qwen2-72B,blackwell,1,131072,Dense,8,188.3,1.0,24.120155041055177,24.120155041055177,OK,14.8
Qwen/Qwen2-72B,blackwell,1,131072,Sparse,2,188.3,0.1,30.25516118877872,30.25516118877872,OK,14.9
Qwen/Qwen2-72B,blackwell,1,131072,Sparse,4,188.3,0.1,26.43079121388168,26.43079121388168,OK,14.7
Qwen/Qwen2-72B,blackwell,1,131072,Sparse,8,188.3,0.1,24.120155041055177,24.120155041055177,OK,14.7
Qwen/Qwen2-72B,blackwell,1,131072,Sparse,1,188.3,0.1,35.50214852242005,35.50214852242005,OK,64.5
Qwen/Qwen2-72B,blackwell,1,196608,Dense,1,209.8,1.0,38.22602129042005,38.22602129042005,OK,63.5
Qwen/Qwen2-72B,blackwell,1,196608,Dense,2,209.8,1.0,31.59733846877872,31.59733846877872,OK,64.7
Qwen/Qwen2-72B,blackwell,1,196608,Dense,4,209.8,1.0,27.101879853881684,27.101879853881684,OK,67.2
Qwen/Qwen2-72B,blackwell,1,196608,Sparse,4,209.8,0.1,27.101879853881684,27.101879853881684,OK,15.7
Qwen/Qwen2-72B,blackwell,1,196608,Dense,8,209.8,1.0,24.455699361055178,24.455699361055178,OK,64.2
Qwen/Qwen2-72B,blackwell,1,196608,Sparse,8,209.8,0.1,24.455699361055178,24.455699361055178,OK,15.3
Qwen/Qwen2-72B,blackwell,1,262144,Dense,2,231.3,1.0,32.939515748778724,32.939515748778724,OK,16.0
Qwen/Qwen2-72B,blackwell,1,262144,Dense,4,231.3,1.0,27.77296849388168,27.77296849388168,OK,16.1
Qwen/Qwen2-72B,blackwell,1,262144,Dense,8,231.3,1.0,24.791243681055178,24.791243681055178,OK,15.8
Qwen/Qwen2-72B,blackwell,1,131072,Dense,1,188.3,1.0,35.54166673042004,35.54166673042004,OK,104.9
Qwen/Qwen2-72B,blackwell,1,196608,Sparse,1,209.8,0.1,35.77058397842005,35.77058397842005,OK,90.4
Qwen/Qwen2-72B,blackwell,1,196608,Sparse,2,209.8,0.1,31.59733846877872,31.59733846877872,OK,87.7
Qwen/Qwen2-72B,blackwell,1,262144,Sparse,2,231.3,0.1,32.939515748778724,32.939515748778724,OK,15.7
Qwen/Qwen2-72B,blackwell,1,262144,Sparse,4,231.3,0.1,27.77296849388168,27.77296849388168,OK,15.4
Qwen/Qwen2-72B,blackwell,1,262144,Sparse,8,231.3,0.1,24.791243681055178,24.791243681055178,OK,15.5
Qwen/Qwen2-72B,blackwell,1,262144,Dense,1,231.3,1.0,40.91037585042005,40.91037585042005,OK,66.7
Qwen/Qwen2-72B,blackwell,1,393216,Dense,1,274.2,1.0,46.27908497042005,46.27908497042005,OK,72.3
Qwen/Qwen2-72B,blackwell,1,262144,Sparse,1,231.3,0.1,36.03901943442005,36.03901943442005,OK,88.7
Qwen/Qwen2-72B,blackwell,1,393216,Dense,4,274.2,1.0,29.11514577388168,29.11514577388168,OK,73.8
Qwen/Qwen2-72B,blackwell,1,393216,Sparse,4,274.2,0.1,29.11514577388168,29.11514577388168,OK,42.2
Qwen/Qwen2-72B,blackwell,1,393216,Sparse,2,274.2,0.1,35.62387030877872,35.62387030877872,OK,70.5
Qwen/Qwen2-72B,blackwell,1,393216,Dense,8,274.2,1.0,25.46233232105518,25.46233232105518,OK,73.5
Qwen/Qwen2-72B,blackwell,1,393216,Sparse,8,274.2,0.1,25.46233232105518,25.46233232105518,OK,16.8
Qwen/Qwen2-72B,blackwell,1,524288,Dense,4,317.2,1.0,30.457323053881677,30.457323053881677,OK,18.0
Qwen/Qwen2-72B,blackwell,1,524288,Dense,8,317.2,1.0,26.133420961055172,26.133420961055172,OK,18.2
Qwen/Qwen2-72B,blackwell,1,393216,Sparse,1,274.2,0.1,36.575890346420046,36.575890346420046,OK,94.8
Qwen/Qwen2-72B,blackwell,1,393216,Dense,2,274.2,1.0,,,FAIL(1),109.7
Qwen/Qwen2-72B,blackwell,1,524288,Sparse,4,317.2,0.1,30.457323053881677,30.457323053881677,OK,17.8
Qwen/Qwen2-72B,blackwell,1,786432,Dense,1,403.1,1.0,,,FAIL(1),13.9
Qwen/Qwen2-72B,blackwell,1,524288,Sparse,8,317.2,0.1,26.133420961055172,26.133420961055172,OK,18.2
Qwen/Qwen2-72B,blackwell,1,786432,Dense,2,403.1,1.0,,,FAIL(1),4.4
Qwen/Qwen2-72B,blackwell,1,786432,Sparse,1,403.1,0.1,,,FAIL(1),3.0
Qwen/Qwen2-72B,blackwell,1,786432,Dense,4,403.1,1.0,,,FAIL(1),4.5
Qwen/Qwen2-72B,blackwell,1,786432,Dense,8,403.1,1.0,,,FAIL(1),4.5
Qwen/Qwen2-72B,blackwell,1,786432,Sparse,2,403.1,0.1,,,FAIL(1),1.4
Qwen/Qwen2-72B,blackwell,1,786432,Sparse,4,403.1,0.1,,,FAIL(1),1.2
Qwen/Qwen2-72B,blackwell,1,786432,Sparse,8,403.1,0.1,,,FAIL(1),1.3
Qwen/Qwen2-72B,blackwell,1,1048576,Dense,1,489.0,1.0,,,FAIL(1),5.4
Qwen/Qwen2-72B,blackwell,1,1048576,Dense,2,489.0,1.0,,,FAIL(1),5.3
Qwen/Qwen2-72B,blackwell,1,1048576,Sparse,1,489.0,0.1,,,FAIL(1),1.2
Qwen/Qwen2-72B,blackwell,1,1048576,Sparse,2,489.0,0.1,,,FAIL(1),1.3
Qwen/Qwen2-72B,blackwell,1,1048576,Dense,4,489.0,1.0,35.82603217388168,35.82603217388168,OK,22.4
Qwen/Qwen2-72B,blackwell,1,1048576,Dense,8,489.0,1.0,28.817775521055175,28.817775521055175,OK,22.5
Qwen/Qwen2-72B,blackwell,1,1048576,Sparse,4,489.0,0.1,35.82603217388168,35.82603217388168,OK,22.1
Qwen/Qwen2-72B,blackwell,1,1048576,Sparse,8,489.0,0.1,28.817775521055175,28.817775521055175,OK,22.2
Qwen/Qwen2-72B,blackwell,1,524288,Dense,1,317.2,1.0,,,FAIL(1),77.2
Qwen/Qwen2-72B,blackwell,1,2097152,Sparse,1,832.6,0.1,,,FAIL(1),1.3
Qwen/Qwen2-72B,blackwell,1,2097152,Dense,1,832.6,1.0,,,FAIL(1),9.6
Qwen/Qwen2-72B,blackwell,1,2097152,Sparse,2,832.6,0.1,,,FAIL(1),1.3
Qwen/Qwen2-72B,blackwell,1,2097152,Dense,2,832.6,1.0,,,FAIL(1),9.8
Qwen/Qwen2-72B,blackwell,1,524288,Dense,2,317.2,1.0,,,FAIL(1),77.4
Qwen/Qwen2-72B,blackwell,1,2097152,Sparse,4,832.6,0.1,,,FAIL(1),4.6
Qwen/Qwen2-72B,blackwell,1,2097152,Sparse,8,832.6,0.1,,,FAIL(1),4.7
Qwen/Qwen2-72B,blackwell,1,2097152,Dense,4,832.6,1.0,,,FAIL(1),9.8
Qwen/Qwen2-72B,blackwell,1,2097152,Dense,8,832.6,1.0,,,FAIL(1),9.7
Qwen/Qwen2-72B,blackwell,2,131072,Dense,1,231.3,1.0,48.391490125070376,48.391490125070376,OK,14.5
Qwen/Qwen2-72B,blackwell,2,131072,Dense,2,231.3,1.0,39.76990795801873,39.76990795801873,OK,14.6
Qwen/Qwen2-72B,blackwell,2,131072,Dense,4,231.3,1.0,33.98272036939743,33.98272036939743,OK,14.6
Qwen/Qwen2-72B,blackwell,2,131072,Dense,8,231.3,1.0,30.5910625933643,30.5910625933643,OK,14.5
Qwen/Qwen2-72B,blackwell,2,131072,Sparse,1,231.3,0.1,43.51983879707038,43.51983879707038,OK,14.5
Qwen/Qwen2-72B,blackwell,2,131072,Sparse,2,231.3,0.1,39.76990795801873,39.76990795801873,OK,14.5
Qwen/Qwen2-72B,blackwell,1,524288,Sparse,1,317.2,0.1,,,FAIL(1),98.5
Qwen/Qwen2-72B,blackwell,2,131072,Sparse,4,231.3,0.1,33.98272036939743,33.98272036939743,OK,14.5
Qwen/Qwen2-72B,blackwell,1,524288,Sparse,2,317.2,0.1,,,FAIL(1),102.8
Qwen/Qwen2-72B,blackwell,2,131072,Sparse,8,231.3,0.1,30.5910625933643,30.5910625933643,OK,14.9
Qwen/Qwen2-72B,blackwell,2,196608,Dense,1,274.2,1.0,53.76019924507038,53.76019924507038,OK,15.1
Qwen/Qwen2-72B,blackwell,2,196608,Dense,2,274.2,1.0,42.45426251801873,42.45426251801873,OK,15.2
Qwen/Qwen2-72B,blackwell,2,196608,Dense,4,274.2,1.0,35.32489764939743,35.32489764939743,OK,14.8
Qwen/Qwen2-72B,blackwell,2,196608,Dense,8,274.2,1.0,31.262151233364296,31.262151233364296,OK,14.8
Qwen/Qwen2-72B,blackwell,2,196608,Sparse,1,274.2,0.1,44.056709709070375,44.056709709070375,OK,15.2
Qwen/Qwen2-72B,blackwell,2,196608,Sparse,2,274.2,0.1,42.45426251801873,42.45426251801873,OK,15.0
Qwen/Qwen2-72B,blackwell,2,196608,Sparse,8,274.2,0.1,31.262151233364296,31.262151233364296,OK,15.2
Qwen/Qwen2-72B,blackwell,2,196608,Sparse,4,274.2,0.1,35.32489764939743,35.32489764939743,OK,15.4
Qwen/Qwen2-72B,blackwell,2,262144,Dense,1,317.2,1.0,59.12890836507039,59.128908365070meta-llama/Meta-Llama-3-8B,blackwell,2,131072,HBM-only,1,50.4,1.0,12.202624250222808,12.202624250222808,OK,3.9
meta-llama/Meta-Llama-3-8B,blackwell,1,131072,HBM-only,1,33.2,1.0,8.524091060941986,8.524091060941986,OK,4.0
meta-llama/Meta-Llama-3-8B,blackwell,4,131072,HBM-only,1,84.8,1.0,16.49932876222281,16.49932876222281,OK,4.0
meta-llama/Meta-Llama-3-8B,blackwell,1,131072,HBM-only,2,33.2,1.0,9.344967731578851,9.344967731578851,OK,4.1
meta-llama/Meta-Llama-3-8B,blackwell,2,131072,HBM-only,2,50.4,1.0,12.423339992518887,12.423339992518887,OK,4.2
meta-llama/Meta-Llama-3-8B,blackwell,2,196608,HBM-only,1,67.6,1.0,14.35010789822281,14.35010789822281,OK,4.4
meta-llama/Meta-Llama-3-8B,blackwell,1,196608,HBM-only,1,41.8,1.0,9.597832884941988,9.597832884941988,OK,4.5
meta-llama/Meta-Llama-3-8B,blackwell,1,196608,HBM-only,2,41.8,1.0,9.88183864357885,9.88183864357885,OK,4.6
meta-llama/Meta-Llama-3-8B,blackwell,2,196608,HBM-only,4,67.6,1.0,13.299718090420228,13.299718090420228,OK,4.7
meta-llama/Meta-Llama-3-8B,blackwell,2,196608,HBM-only,2,67.6,1.0,13.497081816518888,13.497081816518888,OK,4.7
meta-llama/Meta-Llama-3-8B,blackwell,1,196608,HBM-only,4,41.8,1.0,10.207160974699924,10.207160974699924,OK,4.8
meta-llama/Meta-Llama-3-8B,blackwell,2,262144,HBM-only,1,84.8,1.0,16.497591546222807,16.497591546222807,OK,5.0
meta-llama/Meta-Llama-3-8B,blackwell,1,262144,HBM-only,1,50.4,1.0,10.671574708941986,10.671574708941986,OK,5.0
meta-llama/Meta-Llama-3-8B,blackwell,2,262144,HBM-only,2,84.8,1.0,14.570823640518888,14.570823640518888,OK,5.3
meta-llama/Meta-Llama-3-8B,blackwell,2,262144,HBM-only,4,84.8,1.0,13.836589002420231,13.836589002420231,OK,5.3
meta-llama/Meta-Llama-3-8B,blackwell,1,262144,HBM-only,4,50.4,1.0,10.475596430699923,10.475596430699923,OK,5.3
meta-llama/Meta-Llama-3-8B,blackwell,1,262144,HBM-only,2,50.4,1.0,10.418709555578848,10.418709555578848,OK,5.5
meta-llama/Meta-Llama-3-8B,blackwell,1,393216,HBM-only,1,67.6,1.0,12.819058356941985,12.819058356941985,OK,6.3
meta-llama/Meta-Llama-3-8B,blackwell,2,393216,HBM-only,1,119.1,1.0,20.792558842222807,20.792558842222807,OK,6.4
meta-llama/Meta-Llama-3-8B,blackwell,1,393216,HBM-only,8,67.6,1.0,10.378075050661824,10.378075050661824,OK,6.5
meta-llama/Meta-Llama-3-8B,blackwell,1,393216,HBM-only,4,67.6,1.0,11.012467342699926,11.012467342699926,OK,6.6
meta-llama/Meta-Llama-3-8B,blackwell,2,393216,HBM-only,4,119.1,1.0,14.910330826420228,14.910330826420228,OK,6.6
meta-llama/Meta-Llama-3-8B,blackwell,2,393216,HBM-only,8,119.1,1.0,13.513342253372603,13.513342253372603,OK,6.6
meta-llama/Meta-Llama-3-8B,blackwell,1,524288,HBM-only,1,84.8,1.0,14.966542004941985,14.966542004941985,OK,7.2
meta-llama/Meta-Llama-3-8B,blackwell,2,524288,HBM-only,1,153.5,1.0,25.087526138222806,25.087526138222806,OK,7.3
meta-llama/Meta-Llama-3-8B,blackwell,1,524288,HBM-only,4,84.8,1.0,11.549338254699924,11.549338254699924,OK,7.7
meta-llama/Meta-Llama-3-8B,blackwell,2,524288,HBM-only,4,153.5,1.0,15.98407265042023,15.98407265042023,OK,7.7
meta-llama/Meta-Llama-3-8B,blackwell,2,524288,HBM-only,8,153.5,1.0,14.050213165372606,14.050213165372606,OK,7.8
meta-llama/Meta-Llama-3-8B,blackwell,1,524288,HBM-only,8,84.8,1.0,10.646510506661823,10.646510506661823,OK,7.8
meta-llama/Meta-Llama-3-8B,blackwell,4,131072,HBM-only,2,84.8,1.0,14.572364248518888,14.572364248518888,OK,4.3
meta-llama/Meta-Llama-3-8B,blackwell,4,196608,HBM-only,1,119.1,1.0,20.794296058222812,20.794296058222812,OK,4.5
meta-llama/Meta-Llama-3-8B,blackwell,4,196608,HBM-only,2,119.1,1.0,16.719847896518885,16.719847896518885,OK,4.9
meta-llama/Meta-Llama-3-8B,blackwell,4,196608,HBM-only,4,119.1,1.0,14.911773130420231,14.911773130420231,OK,4.7
meta-llama/Meta-Llama-3-8B,blackwell,4,262144,HBM-only,1,153.5,1.0,25.08926335422281,25.08926335422281,OK,5.0
meta-llama/Meta-Llama-3-8B,blackwell,1,786432,HBM-only,1,119.1,1.0,19.261509300941988,19.261509300941988,OK,9.7
meta-llama/Meta-Llama-3-8B,blackwell,4,262144,HBM-only,2,153.5,1.0,18.867331544518887,18.867331544518887,OK,5.2
meta-llama/Meta-Llama-3-8B,blackwell,2,786432,HBM-only,8,222.2,1.0,15.123954989372603,15.123954989372603,OK,10.0
meta-llama/Meta-Llama-3-8B,blackwell,4,262144,HBM-only,4,153.5,1.0,15.98551495442023,15.98551495442023,OK,5.3
meta-llama/Meta-Llama-3-8B,blackwell,1,786432,HBM-only,8,119.1,1.0,11.18338141866182,11.18338141866182,OK,10.1
meta-llama/Meta-Llama-3-8B,blackwell,8,131072,HBM-only,1,153.5,1.0,25.092737786222806,25.092737786222806,OK,4.0
meta-llama/Meta-Llama-3-8B,blackwell,8,131072,HBM-only,2,153.5,1.0,18.87041276051889,18.87041276051889,OK,3.9
meta-llama/Meta-Llama-3-8B,blackwell,4,393216,HBM-only,4,222.2,1.0,18.13299860242023,18.13299860242023,OK,6.6
meta-llama/Meta-Llama-3-8B,blackwell,1,1048576,HBM-only,1,153.5,1.0,23.556476596941987,23.556476596941987,OK,11.8
meta-llama/Meta-Llama-3-8B,blackwell,4,393216,HBM-only,8,222.2,1.0,15.125348141372605,15.125348141372605,OK,6.6
meta-llama/Meta-Llama-3-8B,blackwell,1,1048576,HBM-only,8,153.5,1.0,11.720252330661825,11.720252330661825,OK,12.4
meta-llama/Meta-Llama-3-8B,blackwell,8,196608,HBM-only,2,222.2,1.0,23.16538005651888,23.16538005651888,OK,4.6
meta-llama/Meta-Llama-3-8B,blackwell,2,1048576,HBM-only,8,290.9,1.0,16.197696813372605,16.197696813372605,OK,12.6
meta-llama/Meta-Llama-3-8B,blackwell,4,524288,HBM-only,4,290.9,1.0,20.280482250420228,20.280482250420228,OK,7.4
meta-llama/Meta-Llama-3-8B,blackwell,4,524288,HBM-only,8,290.9,1.0,16.199089965372604,16.199089965372604,OK,7.3
meta-llama/Meta-Llama-3-8B,blackwell,2,131072,HBM-only,8,50.4,1.0,12.439600429372604,12.439600429372604,OK,12.8
meta-llama/Meta-Llama-3-8B,blackwell,8,196608,HBM-only,4,222.2,1.0,18.13588321042023,18.13588321042023,OK,4.8
meta-llama/Meta-Llama-3-8B,blackwell,2,131072,HBM-only,4,50.4,1.0,12.762847178420229,12.762847178420229,OK,13.2
meta-llama/Meta-Llama-3-8B,blackwell,8,262144,HBM-only,2,290.9,1.0,27.460347352518884,27.460347352518884,OK,5.0
meta-llama/Meta-Llama-3-8B,blackwell,8,262144,HBM-only,4,290.9,1.0,20.283366858420226,20.283366858420226,OK,5.2
meta-llama/Meta-Llama-3-8B,blackwell,1,196608,HBM-only,8,41.8,1.0,9.975421866661824,9.975421866661824,OK,15.1
meta-llama/Meta-Llama-3-8B,blackwell,16,131072,HBM-only,2,290.9,1.0,27.49348760078442,27.49348760078442,OK,4.2
meta-llama/Meta-Llama-3-8B,blackwell,8,393216,HBM-only,4,428.4,1.0,24.578334154420226,24.578334154420226,OK,6.4
meta-llama/Meta-Llama-3-8B,blackwell,8,393216,HBM-only,8,428.4,1.0,18.349359917372603,18.349359917372603,OK,6.4
meta-llama/Meta-Llama-3-8B,blackwell,4,786432,HBM-only,8,428.4,1.0,18.346573613372605,18.346573613372605,OK,10.1
meta-llama/Meta-Llama-3-8B,blackwell,16,196608,HBM-only,4,428.4,1.0,24.59967706509268,24.59967706509268,OK,4.5
meta-llama/Meta-Llama-3-8B,blackwell,8,524288,HBM-only,8,565.8,1.0,20.496843565372604,20.496843565372604,OK,7.4
meta-llama/Meta-Llama-3-8B,blackwell,4,131072,HBM-only,8,84.8,1.0,12.977864493372604,12.977864493372604,OK,13.5
meta-llama/Meta-Llama-3-8B,blackwell,8,524288,HBM-only,4,565.8,1.0,28.873301450420225,28.873301450420225,OK,7.8
meta-llama/Meta-Llama-3-8B,blackwell,16,262144,HBM-only,4,565.8,1.0,28.89464436109268,28.89464436109268,OK,5.0
meta-llama/Meta-Llama-3-8B,blackwell,1,262144,HBM-only,8,50.4,1.0,10.109639594661823,10.109639594661823,OK,17.8
meta-llama/Meta-Llama-3-8B,blackwell,1,131072,HBM-only,4,33.2,1.0,9.938725518699924,9.938725518699924,OK,18.0
meta-llama/Meta-Llama-3-8B,blackwell,8,131072,HBM-only,4,153.5,1.0,15.988399562420229,15.988399562420229,OK,11.0
meta-llama/Meta-Llama-3-8B,blackwell,16,131072,HBM-only,4,290.9,1.0,20.304709769092682,20.304709769092682,OK,6.9
meta-llama/Meta-Llama-3-8B,blackwell,4,1048576,HBM-only,8,565.8,1.0,20.494057261372603,20.494057261372603,OK,12.3
meta-llama/Meta-Llama-3-8B,blackwell,32,131072,HBM-only,4,565.8,1.0,26.91782938419098,31.224284083579402,OK,4.7
meta-llama/Meta-Llama-3-8B,blackwell,16,393216,HBM-only,8,840.7,1.0,24.816895763763622,24.816895763763622,OK,6.3
meta-llama/Meta-Llama-3-8B,blackwell,2,196608,HBM-only,8,67.6,1.0,12.708035885372604,12.708035885372604,OK,19.8
meta-llama/Meta-Llama-3-8B,blackwell,16,524288,HBM-only,8,1115.6,1.0,29.111863059763618,29.111863059763618,OK,7.3
meta-llama/Meta-Llama-3-8B,blackwell,8,786432,HBM-only,8,840.7,1.0,24.791810861372603,24.791810861372603,OK,10.6
meta-llama/Meta-Llama-3-8B,blackwell,8,196608,HBM-only,8,222.2,1.0,15.128134445372606,15.128134445372606,OK,12.1
meta-llama/Meta-Llama-3-8B,blackwell,16,196608,HBM-only,8,428.4,1.0,18.374444819763617,18.374444819763617,OK,8.2
meta-llama/Meta-Llama-3-8B,blackwell,32,196608,HBM-only,8,840.7,1.0,23.34993862666568,27.196673278974213,OK,5.1
meta-llama/Meta-Llama-3-8B,blackwell,1,2097152,HBM-only,2,290.9,1.0,25.45109509157885,25.45109509157885,OK,21.8
meta-llama/Meta-Llama-3-8B,blackwell,1,131072,HBM-only,8,33.2,1.0,9.841204138661825,9.841204138661825,OK,22.3
meta-llama/Meta-Llama-3-8B,blackwell,2,262144,HBM-only,8,84.8,1.0,12.976471341372603,12.976471341372603,OK,22.4
meta-llama/Meta-Llama-3-8B,blackwell,2,393216,HBM-only,2,119.1,1.0,16.718307288518886,16.718307288518886,OK,22.8
meta-llama/Meta-Llama-3-8B,blackwell,16,131072,HBM-only,8,290.9,1.0,16.22696117176362,16.22696117176362,OK,10.9
meta-llama/Meta-Llama-3-8B,blackwell,8,131072,HBM-only,8,153.5,1.0,14.054392621372603,14.054392621372603,OK,15.6
meta-llama/Meta-Llama-3-8B,blackwell,4,131072,HBM-only,4,84.8,1.0,13.838031306420229,13.838031306420229,OK,19.4
meta-llama/Meta-Llama-3-8B,blackwell,8,262144,HBM-only,8,290.9,1.0,16.201876269372605,16.201876269372605,OK,13.9
meta-llama/Meta-Llama-3-8B,blackwell,8,1048576,HBM-only,8,1115.6,1.0,29.086778157372603,29.086778157372603,OK,12.1
meta-llama/Meta-Llama-3-8B,blackwell,16,262144,HBM-only,8,565.8,1.0,20.521928467763615,20.521928467763615,OK,10.8
meta-llama/Meta-Llama-3-8B,blackwell,32,131072,HBM-only,8,565.8,1.0,19.49100275466568,25.230970241684993,OK,8.4
meta-llama/Meta-Llama-3-8B,blackwell,32,262144,HBM-only,8,1115.6,1.0,27.14158944266568,31.491640574974216,OK,7.7
meta-llama/Meta-Llama-3-8B,blackwell,64,131072,HBM-only,8,1115.6,1.0,33.17780671843495,36.252084666743485,OK,7.2
meta-llama/Meta-Llama-3-8B,blackwell,4,196608,HBM-only,8,119.1,1.0,13.514735405372605,13.514735405372605,OK,21.1
meta-llama/Meta-Llama-3-8B,blackwell,1,393216,HBM-only,2,67.6,1.0,11.492451379578851,11.492451379578851,OK,27.7
meta-llama/Meta-Llama-3-8B,blackwell,1,524288,HBM-only,2,84.8,1.0,12.566193203578852,12.566193203578852,OK,27.9
meta-llama/Meta-Llama-3-8B,blackwell,4,262144,HBM-only,8,153.5,1.0,14.051606317372604,14.051606317372604,OK,23.4
meta-llama/Meta-Llama-3-8B,blackwell,4,524288,HBM-only,2,290.9,1.0,27.45726613651889,27.45726613651889,OK,23.5
meta-llama/Meta-Llama-3-8B,blackwell,2,524288,HBM-only,2,153.5,1.0,18.865790936518884,18.865790936518884,OK,28.9
meta-llama/Meta-Llama-3-8B,blackwell,4,393216,HBM-only,2,222.2,1.0,23.162298840518886,23.162298840518886,OK,27.8
meta-llama/Meta-Llama-3-8B,blackwell,2,786432,HBM-only,2,222.2,1.0,23.160758232518887,23.160758232518887,OK,37.5
mistralai/Mixtral-8x7B-v0.1,blackwell,1,131072,HBM-only,1,110.6,1.0,8.570266500090437,8.570266500090437,OK,20.6
meta-llama/Meta-Llama-3-8B,blackwell,1,786432,HBM-only,2,119.1,1.0,14.713676851578851,14.713676851578851,OK,39.3
mistralai/Mixtral-8x7B-v0.1,blackwell,1,131072,HBM-only,8,110.6,1.0,9.835195499087783,9.835195499087783,OK,21.7
mistralai/Mixtral-8x7B-v0.1,blackwell,1,131072,HBM-only,2,110.6,1.0,9.289886657686868,9.289886657686868,OK,22.1
mistralai/Mixtral-8x7B-v0.1,blackwell,1,131072,HBM-only,4,110.6,1.0,9.80539435172382,9.80539435172382,OK,22.1
mistralai/Mixtral-8x7B-v0.1,blackwell,1,196608,HBM-only,1,119.2,1.0,9.644008324090438,9.644008324090438,OK,22.3
mistralai/Mixtral-8x7B-v0.1,blackwell,1,196608,HBM-only,2,119.2,1.0,9.826757569686867,9.826757569686867,OK,23.5
mistralai/Mixtral-8x7B-v0.1,blackwell,1,196608,HBM-only,8,119.2,1.0,9.969413227087783,9.969413227087783,OK,23.5
mistralai/Mixtral-8x7B-v0.1,blackwell,1,262144,HBM-only,1,127.8,1.0,10.717750148090436,10.717750148090436,OK,23.9
mistralai/Mixtral-8x7B-v0.1,blackwell,1,196608,HBM-only,4,119.2,1.0,10.07382980772382,10.07382980772382,OK,24.3
mistralai/Mixtral-8x7B-v0.1,blackwell,2,131072,HBM-only,1,127.8,1.0,12.26034354915837,12.26034354915837,OK,15.5
mistralai/Mixtral-8x7B-v0.1,blackwell,2,196608,HBM-only,8,144.9,1.0,12.700525085905054,12.700525085905054,OK,4.9
meta-llama/Meta-Llama-3-8B,blackwell,4,786432,HBM-only,4,428.4,1.0,24.575449546420227,24.575449546420227,OK,37.3
mistralai/Mixtral-8x7B-v0.1,blackwell,2,196608,HBM-only,4,144.9,1.0,13.1330541317001,13.1330541317001,OK,6.3
mistralai/Mixtral-8x7B-v0.1,blackwell,2,262144,HBM-only,1,162.1,1.0,16.555310845158374,16.555310845158374,OK,4.9
mistralai/Mixtral-8x7B-v0.1,blackwell,2,131072,HBM-only,8,127.8,1.0,12.432089629905052,12.432089629905052,OK,15.6
mistralai/Mixtral-8x7B-v0.1,blackwell,2,131072,HBM-only,2,127.8,1.0,12.35448865015391,12.35448865015391,OK,16.7
mistralai/Mixtral-8x7B-v0.1,blackwell,2,131072,HBM-only,4,127.8,1.0,12.596183219700098,12.596183219700098,OK,16.5
mistralai/Mixtral-8x7B-v0.1,blackwell,1,262144,HBM-only,2,127.8,1.0,10.363628481686868,10.363628481686868,OK,25.1
mistralai/Mixtral-8x7B-v0.1,blackwell,1,262144,HBM-only,4,127.8,1.0,10.342265263723819,10.342265263723819,OK,24.8
mistralai/Mixtral-8x7B-v0.1,blackwell,1,262144,HBM-only,8,127.8,1.0,10.103630955087782,10.103630955087782,OK,24.4
mistralai/Mixtral-8x7B-v0.1,blackwell,2,262144,HBM-only,2,162.1,1.0,14.501972298153909,14.501972298153909,OK,6.1
mistralai/Mixtral-8x7B-v0.1,blackwell,2,196608,HBM-only,1,144.9,1.0,14.407827197158372,14.407827197158372,OK,17.0
mistralai/Mixtral-8x7B-v0.1,blackwell,2,262144,HBM-only,8,162.1,1.0,12.968960541905053,12.968960541905053,OK,6.0
mistralai/Mixtral-8x7B-v0.1,blackwell,2,262144,HBM-only,4,162.1,1.0,13.669925043700099,13.669925043700099,OK,6.1
mistralai/Mixtral-8x7B-v0.1,blackwell,2,196608,HBM-only,2,144.9,1.0,13.42823047415391,13.42823047415391,OK,14.3
meta-llama/Meta-Llama-3-8B,blackwell,1,786432,HBM-only,4,119.1,1.0,12.623080078699925,12.623080078699925,OK,48.1
mistralai/Mixtral-8x7B-v0.1,blackwell,1,393216,HBM-only,1,144.9,1.0,12.86523379609044,12.86523379609044,OK,27.7
mistralai/Mixtral-8x7B-v0.1,blackwell,4,131072,HBM-only,1,162.1,1.0,16.557048061158373,16.557048061158373,OK,3.8
mistralai/Mixtral-8x7B-v0.1,blackwell,4,131072,HBM-only,2,162.1,1.0,14.503512906153908,14.503512906153908,OK,3.9
meta-llama/Meta-Llama-3-8B,blackwell,2,1048576,HBM-only,2,290.9,1.0,27.45572552851889,27.45572552851889,OK,49.1
meta-llama/Meta-Llama-3-8B,blackwell,2,786432,HBM-only,4,222.2,1.0,18.13155629842023,18.13155629842023,OK,49.1
mistralai/Mixtral-8x7B-v0.1,blackwell,4,131072,HBM-only,8,162.1,1.0,12.970353693905054,12.970353693905054,OK,3.8
mistralai/Mixtral-8x7B-v0.1,blackwell,4,131072,HBM-only,4,162.1,1.0,13.671367347700098,13.671367347700098,OK,3.9
meta-llama/Meta-Llama-3-8B,blackwell,1,1048576,HBM-only,2,153.5,1.0,16.86116049957885,16.86116049957885,OK,50.1
mistralai/Mixtral-8x7B-v0.1,blackwell,4,196608,HBM-only,2,196.5,1.0,16.65099655415391,16.65099655415391,OK,4.3
mistralai/Mixtral-8x7B-v0.1,blackwell,1,393216,HBM-only,2,144.9,1.0,11.437370305686867,11.437370305686867,OK,29.6
mistralai/Mixtral-8x7B-v0.1,blackwell,4,196608,HBM-only,4,196.5,1.0,14.745109171700097,14.745109171700097,OK,4.6
mistralai/Mixtral-8x7B-v0.1,blackwell,1,393216,HBM-only,8,144.9,1.0,10.372066411087783,10.372066411087783,OK,28.9
mistralai/Mixtral-8x7B-v0.1,blackwell,2,393216,HBM-only,2,196.5,1.0,16.64945594615391,16.64945594615391,OK,10.3
mistralai/Mixtral-8x7B-v0.1,blackwell,1,393216,HBM-only,4,144.9,1.0,10.879136175723819,10.879136175723819,OK,30.3
meta-llama/Meta-Llama-3-8B,blackwell,2,1048576,HBM-only,4,290.9,1.0,20.27903994642023,20.27903994642023,OK,51.7
mistralai/Mixtral-8x7B-v0.1,blackwell,4,196608,HBM-only,8,196.5,1.0,13.507224605905053,13.507224605905053,OK,4.5
mistralai/Mixtral-8x7B-v0.1,blackwell,2,393216,HBM-only,8,196.5,1.0,13.505831453905051,13.505831453905051,OK,9.4
mistralai/Mixtral-8x7B-v0.1,blackwell,2,393216,HBM-only,4,196.5,1.0,14.743666867700096,14.743666867700096,OK,9.8
meta-llama/Meta-Llama-3-8B,blackwell,4,1048576,HBM-only,4,565.8,1.0,28.870416842420227,28.870416842420227,OK,46.1
meta-llama/Meta-Llama-3-8B,blackwell,1,1048576,HBM-only,4,153.5,1.0,13.696821902699924,13.696821902699924,OK,52.9
mistralai/Mixtral-8x7B-v0.1,blackwell,1,524288,HBM-only,1,162.1,1.0,15.01271744409044,15.01271744409044,OK,30.6
mistralai/Mixtral-8x7B-v0.1,blackwell,4,262144,HBM-only,2,230.8,1.0,18.79848020215391,18.79848020215391,OK,4.9
mistralai/Mixtral-8x7B-v0.1,blackwell,4,262144,HBM-only,4,230.8,1.0,15.818850995700098,15.818850995700098,OK,4.9
mistralai/Mixtral-8x7B-v0.1,blackwell,4,262144,HBM-only,8,230.8,1.0,14.04409551790505,14.04409551790505,OK,4.9
mistralai/Mixtral-8x7B-v0.1,blackwell,8,131072,HBM-only,2,230.8,1.0,18.801561418153913,18.801561418153913,OK,3.7
mistralai/Mixtral-8x7B-v0.1,blackwell,4,393216,HBM-only,2,299.6,1.0,23.09344749815391,23.09344749815391,OK,6.2
mistralai/Mixtral-8x7B-v0.1,blackwell,4,393216,HBM-only,4,299.6,1.0,17.966334643700097,17.966334643700097,OK,6.2
mistralai/Mixtral-8x7B-v0.1,blackwell,4,393216,HBM-only,8,299.6,1.0,15.117837341905052,15.117837341905052,OK,6.3
mistralai/Mixtral-8x7B-v0.1,blackwell,8,131072,HBM-only,8,230.8,1.0,14.046881821905055,14.046881821905055,OK,4.0
mistralai/Mixtral-8x7B-v0.1,blackwell,8,131072,HBM-only,4,230.8,1.0,15.821735603700096,15.821735603700096,OK,4.0
mistralai/Mixtral-8x7B-v0.1,blackwell,1,524288,HBM-only,4,162.1,1.0,11.416007087723818,11.416007087723818,OK,32.9
mistralai/Mixtral-8x7B-v0.1,blackwell,1,524288,HBM-only,8,162.1,1.0,10.640501867087782,10.640501867087782,OK,32.6
mistralai/Mixtral-8x7B-v0.1,blackwell,1,524288,HBM-only,2,162.1,1.0,12.511112129686868,12.511112129686868,OK,33.4
mistralai/Mixtral-8x7B-v0.1,blackwell,8,196608,HBM-only,2,299.6,1.0,23.096528714153905,23.096528714153905,OK,4.5
mistralai/Mixtral-8x7B-v0.1,blackwell,2,524288,HBM-only,2,230.8,1.0,18.796939594153912,18.796939594153912,OK,13.7
mistralai/Mixtral-8x7B-v0.1,blackwell,2,524288,HBM-only,4,230.8,1.0,15.817408691700098,15.817408691700098,OK,13.6
mistralai/Mixtral-8x7B-v0.1,blackwell,8,196608,HBM-only,4,299.6,1.0,17.9692192517001,17.9692192517001,OK,4.6
mistralai/Mixtral-8x7B-v0.1,blackwell,2,524288,HBM-only,8,230.8,1.0,14.042702365905054,14.042702365905054,OK,13.7
mistralai/Mixtral-8x7B-v0.1,blackwell,4,524288,HBM-only,2,368.3,1.0,27.38841479415391,27.38841479415391,OK,7.4
mistralai/Mixtral-8x7B-v0.1,blackwell,4,524288,HBM-only,4,368.3,1.0,20.1138182917001,20.1138182917001,OK,7.4
mistralai/Mixtral-8x7B-v0.1,blackwell,8,196608,HBM-only,8,299.6,1.0,15.120623645905052,15.120623645905052,OK,4.6
mistralai/Mixtral-8x7B-v0.1,blackwell,4,524288,HBM-only,8,368.3,1.0,16.19157916590505,16.19157916590505,OK,7.6
mistralai/Mixtral-8x7B-v0.1,blackwell,8,262144,HBM-only,4,368.3,1.0,20.116702899700098,20.116702899700098,OK,5.1
mistralai/Mixtral-8x7B-v0.1,blackwell,8,262144,HBM-only,2,368.3,1.0,27.391496010153908,27.391496010153908,OK,5.1
mistralai/Mixtral-8x7B-v0.1,blackwell,8,262144,HBM-only,8,368.3,1.0,16.19436546990505,16.19436546990505,OK,5.6
mistralai/Mixtral-8x7B-v0.1,blackwell,16,131072,HBM-only,8,368.3,1.0,16.21974566762652,16.21974566762652,OK,3.7
mistralai/Mixtral-8x7B-v0.1,blackwell,16,131072,HBM-only,2,368.3,1.0,27.42556047568688,27.42556047568688,OK,3.9
mistralai/Mixtral-8x7B-v0.1,blackwell,16,131072,HBM-only,4,368.3,1.0,20.141848927338486,20.141848927338486,OK,4.0
mistralai/Mixtral-8x7B-v0.1,blackwell,8,393216,HBM-only,4,505.7,1.0,24.411670195700093,24.411670195700093,OK,6.5
mistralai/Mixtral-8x7B-v0.1,blackwell,8,393216,HBM-only,8,505.7,1.0,18.341849117905053,18.341849117905053,OK,6.2
mistralai/Mixtral-8x7B-v0.1,blackwell,16,196608,HBM-only,4,505.7,1.0,24.436816223338482,24.436816223338482,OK,4.6
mistralai/Mixtral-8x7B-v0.1,blackwell,16,196608,HBM-only,8,505.7,1.0,18.367229315626524,18.367229315626524,OK,4.7
mistralai/Mixtral-8x7B-v0.1,blackwell,32,131072,HBM-only,8,643.2,1.0,19.484262697263528,25.221299688328436,OK,4.0
mistralai/Mixtral-8x7B-v0.1,blackwell,32,131072,HBM-only,4,643.2,1.0,26.761524277841602,31.03559696472748,OK,4.3
mistralai/Mixtral-8x7B-v0.1,blackwell,16,262144,HBM-only,4,643.2,1.0,28.73178351933848,28.73178351933848,OK,5.1
mistralai/Mixtral-8x7B-v0.1,blackwell,16,262144,HBM-only,8,643.2,1.0,20.51471296362652,20.51471296362652,OK,5.0
mistralai/Mixtral-8x7B-v0.1,blackwell,32,196608,HBM-only,8,918.0,1.0,23.343198569263524,27.188504885511165,OK,4.7
meta-llama/Meta-Llama-3-70B,blackwell,1,131072,Sparse,1,184.1,0.1,34.45171669233572,34.45171669233572,OK,4.0
meta-llama/Meta-Llama-3-70B,blackwell,1,131072,Dense,1,184.1,1.0,34.45171669233572,34.45171669233572,OK,4.1
meta-llama/Meta-Llama-3-70B,blackwell,1,131072,HBM-only,1,184.1,1.0,34.45171669233572,34.45171669233572,OK,3.7
mistralai/Mixtral-8x7B-v0.1,blackwell,32,262144,HBM-only,8,1192.9,1.0,27.134849385263525,31.483472181511164,OK,5.2
mistralai/Mixtral-8x7B-v0.1,blackwell,64,131072,HBM-only,8,1192.9,1.0,33.16905697455726,36.241906586804895,OK,4.8
mistralai/Mixtral-8x7B-v0.1,blackwell,8,524288,HBM-only,4,643.2,1.0,28.7066374917001,28.7066374917001,OK,7.5
mistralai/Mixtral-8x7B-v0.1,blackwell,8,524288,HBM-only,8,643.2,1.0,20.48933276590505,20.48933276590505,OK,7.5
mistralai/Mixtral-8x7B-v0.1,blackwell,16,393216,HBM-only,8,918.0,1.0,24.80968025962652,24.80968025962652,OK,6.6
meta-llama/Meta-Llama-3-70B,blackwell,1,131072,HBM-only,4,184.1,1.0,26.39736853604764,26.39736853604764,OK,3.9
mistralai/Mixtral-8x7B-v0.1,blackwell,16,524288,HBM-only,8,1192.9,1.0,29.104647555626528,29.104647555626528,OK,7.4
meta-llama/Meta-Llama-3-70B,blackwell,1,196608,Dense,1,205.6,1.0,37.13607125233572,37.13607125233572,OK,4.4
mistralai/Mixtral-8x7B-v0.1,blackwell,1,786432,HBM-only,4,196.5,1.0,12.48974891172382,12.48974891172382,OK,41.2
meta-llama/Meta-Llama-3-70B,blackwell,1,196608,Dense,4,205.6,1.0,27.06845717604764,27.06845717604764,OK,4.6
mistralai/Mixtral-8x7B-v0.1,blackwell,1,786432,HBM-only,8,196.5,1.0,11.177372779087781,11.177372779087781,OK,41.8
mistralai/Mixtral-8x7B-v0.1,blackwell,1,786432,HBM-only,2,196.5,1.0,14.658595777686866,14.658595777686866,OK,42.1
meta-llama/Meta-Llama-3-70B,blackwell,1,196608,Sparse,1,205.6,0.1,35.153082964335724,35.153082964335724,OK,4.4
meta-llama/Meta-Llama-3-70B,blackwell,1,196608,Sparse,4,205.6,0.1,27.06845717604764,27.06845717604764,OK,4.5
mistralai/Mixtral-8x7B-v0.1,blackwell,2,786432,HBM-only,4,299.6,1.0,17.964892339700096,17.964892339700096,OK,22.3
mistralai/Mixtral-8x7B-v0.1,blackwell,4,786432,HBM-only,4,505.7,1.0,24.408785587700095,24.408785587700095,OK,15.7
mistralai/Mixtral-8x7B-v0.1,blackwell,2,786432,HBM-only,2,299.6,1.0,23.091906890153908,23.091906890153908,OK,23.1
mistralai/Mixtral-8x7B-v0.1,blackwell,4,786432,HBM-only,8,505.7,1.0,18.339062813905056,18.339062813905056,OK,16.1
meta-llama/Meta-Llama-3-70B,blackwell,1,196608,HBM-only,4,205.6,1.0,27.06845717604764,27.06845717604764,OK,4.5
mistralai/Mixtral-8x7B-v0.1,blackwell,2,786432,HBM-only,8,299.6,1.0,15.116444189905053,15.116444189905053,OK,22.7
mistralai/Mixtral-8x7B-v0.1,blackwell,8,786432,HBM-only,8,918.0,1.0,24.784300061905054,24.784300061905054,OK,11.3
meta-llama/Meta-Llama-3-70B,blackwell,1,262144,HBM-only,8,227.1,1.0,24.504265854347494,24.504265854347494,OK,4.9
meta-llama/Meta-Llama-3-70B,blackwell,2,131072,Dense,1,227.1,1.0,47.02905257746497,47.02905257746497,OK,3.8
meta-llama/Meta-Llama-3-70B,blackwell,2,131072,Sparse,1,227.1,0.1,42.62985027346497,42.62985027346497,OK,3.8
meta-llama/Meta-Llama-3-70B,blackwell,1,393216,HBM-only,8,270.0,1.0,25.175354494347495,25.175354494347495,OK,6.4
meta-llama/Meta-Llama-3-70B,blackwell,2,131072,HBM-only,4,227.1,1.0,33.94094202210488,33.94094202210488,OK,4.2
meta-llama/Meta-Llama-3-70B,blackwell,2,196608,Dense,1,270.0,1.0,52.39776169746498,52.39776169746498,OK,4.5
meta-llama/Meta-Llama-3-70B,blackwell,2,196608,Dense,4,270.0,1.0,35.28311930210487,35.28311930210487,OK,4.5
meta-llama/Meta-Llama-3-70B,blackwell,1,524288,HBM-only,8,313.0,1.0,25.84644313434749,25.84644313434749,OK,7.3
meta-llama/Meta-Llama-3-70B,blackwell,1,131072,HBM-only,2,184.1,1.0,29.815890774079467,29.815890774079467,OK,12.4
meta-llama/Meta-Llama-3-70B,blackwell,1,131072,HBM-only,8,184.1,1.0,23.833177214347486,23.833177214347486,OK,12.2
meta-llama/Meta-Llama-3-70B,blackwell,2,131072,HBM-only,8,227.1,1.0,30.23234030997969,30.23234030997969,OK,6.1
meta-llama/Meta-Llama-3-70B,blackwell,2,131072,HBM-only,2,227.1,1.0,39.22081993964465,39.22081993964465,OK,6.8
meta-llama/Meta-Llama-3-70B,blackwell,2,196608,Sparse,1,270.0,0.1,43.16672118546497,43.16672118546497,OK,4.2
meta-llama/Meta-Llama-3-70B,blackwell,2,196608,Sparse,4,270.0,0.1,35.28311930210487,35.28311930210487,OK,4.4
meta-llama/Meta-Llama-3-70B,blackwell,1,196608,Dense,2,205.6,1.0,31.158068054079468,31.158068054079468,OK,15.1
meta-llama/Meta-Llama-3-70B,blackwell,1,196608,Dense,8,205.6,1.0,24.168721534347494,24.168721534347494,OK,14.9
meta-llama/Meta-Llama-3-70B,blackwell,2,196608,HBM-only,4,270.0,1.0,35.28311930210487,35.28311930210487,OK,4.4
meta-llama/Meta-Llama-3-70B,blackwell,2,196608,HBM-only,2,270.0,1.0,41.90517449964466,41.90517449964466,OK,4.8
meta-llama/Meta-Llama-3-70B,blackwell,2,196608,Sparse,2,270.0,0.1,41.90517449964466,41.90517449964466,OK,6.1
meta-llama/Meta-Llama-3-70B,blackwell,2,196608,Dense,2,270.0,1.0,41.90517449964466,41.90517449964466,OK,9.3
mistralai/Mixtral-8x7B-v0.1,blackwell,1,1048576,HBM-only,4,230.8,1.0,13.56349073572382,13.56349073572382,OK,52.5
mistralai/Mixtral-8x7B-v0.1,blackwell,1,1048576,HBM-only,8,230.8,1.0,11.714243691087784,11.714243691087784,OK,52.5
mistralai/Mixtral-8x7B-v0.1,blackwell,1,1048576,HBM-only,2,230.8,1.0,16.806079425686868,16.806079425686868,OK,52.8
mistralai/Mixtral-8x7B-v0.1,blackwell,2,1048576,HBM-only,8,368.3,1.0,16.190186013905052,16.190186013905052,OK,32.8
mistralai/Mixtral-8x7B-v0.1,blackwell,2,1048576,HBM-only,4,368.3,1.0,20.112375987700098,20.112375987700098,OK,32.9
mistralai/Mixtral-8x7B-v0.1,blackwell,8,1048576,HBM-only,8,1192.9,1.0,29.079267357905053,29.079267357905053,OK,22.1
mistralai/Mixtral-8x7B-v0.1,blackwell,4,1048576,HBM-only,4,643.2,1.0,28.7037528837001,28.7037528837001,OK,27.0
mistralai/Mixtral-8x7B-v0.1,blackwell,4,1048576,HBM-only,8,643.2,1.0,20.486546461905053,20.486546461905053,OK,26.8
mistralai/Mixtral-8x7B-v0.1,blackwell,2,1048576,HBM-only,2,368.3,1.0,27.386874186153907,27.386874186153907,OK,33.3
meta-llama/Meta-Llama-3-70B,blackwell,2,262144,HBM-only,8,313.0,1.0,31.574517589979692,31.574517589979692,OK,5.1
meta-llama/Meta-Llama-3-70B,blackwell,1,262144,HBM-only,2,227.1,1.0,32.500245334079466,32.500245334079466,OK,17.1
meta-llama/Meta-Llama-3-70B,blackwell,4,131072,Sparse,1,313.0,0.1,43.707197857464976,43.707197857464976,OK,3.6
meta-llama/Meta-Llama-3-70B,blackwell,4,131072,Dense,1,313.0,1.0,57.77081385746498,57.77081385746498,OK,3.9
meta-llama/Meta-Llama-3-70B,blackwell,4,131072,HBM-only,2,313.0,1.0,44.59338057964465,44.59338057964465,OK,3.8
meta-llama/Meta-Llama-3-70B,blackwell,1,262144,HBM-only,4,227.1,1.0,27.739545816047638,27.739545816047638,OK,17.5
meta-llama/Meta-Llama-3-70B,blackwell,4,131072,HBM-only,4,313.0,1.0,36.62890234210487,36.62890234210487,OK,3.9
meta-llama/Meta-Llama-3-70B,blackwell,1,196608,HBM-only,8,205.6,1.0,24.168721534347494,24.168721534347494,OK,18.2
meta-llama/Meta-Llama-3-70B,blackwell,2,262144,HBM-only,2,313.0,1.0,44.589529059644654,44.589529059644654,OK,8.4
meta-llama/Meta-Llama-3-70B,blackwell,2,393216,HBM-only,8,398.9,1.0,32.91669486997969,32.91669486997969,OK,6.6
meta-llama/Meta-Llama-3-70B,blackwell,1,196608,HBM-only,2,205.6,1.0,31.158068054079468,31.158068054079468,OK,18.9
meta-llama/Meta-Llama-3-70B,blackwell,2,262144,HBM-only,4,313.0,1.0,36.62529658210487,36.62529658210487,OK,9.0
meta-llama/Meta-Llama-3-70B,blackwell,4,131072,HBM-only,8,313.0,1.0,31.57800046997969,31.57800046997969,OK,3.8
meta-llama/Meta-Llama-3-70B,blackwell,4,196608,Dense,1,398.9,1.0,68.50823209746498,68.50823209746498,OK,4.3
meta-llama/Meta-Llama-3-70B,blackwell,4,196608,Sparse,1,398.9,0.1,44.78079222546497,44.78079222546497,OK,4.3
meta-llama/Meta-Llama-3-70B,blackwell,4,196608,Dense,4,398.9,1.0,39.313256902104875,39.313256902104875,OK,4.5
meta-llama/Meta-Llama-3-70B,blackwell,2,524288,HBM-only,8,484.8,1.0,34.258872149979695,34.258872149979695,OK,8.1
meta-llama/Meta-Llama-3-70B,blackwell,4,196608,Sparse,4,398.9,0.1,39.313256902104875,39.313256902104875,OK,4.7
meta-llama/Meta-Llama-3-70B,blackwell,4,196608,HBM-only,4,398.9,1.0,39.313256902104875,39.313256902104875,OK,4.6
meta-llama/Meta-Llama-3-70B,blackwell,1,393216,HBM-only,2,270.0,1.0,35.18459989407947,35.18459989407947,OK,22.2
meta-llama/Meta-Llama-3-70B,blackwell,8,131072,Dense,1,484.8,1.0,79.25433641746498,79.25433641746498,OK,3.8
meta-llama/Meta-Llama-3-70B,blackwell,1,196608,Sparse,8,205.6,0.1,24.168721534347494,24.168721534347494,OK,23.3
meta-llama/Meta-Llama-3-70B,blackwell,1,393216,HBM-only,4,270.0,1.0,29.081723096047643,29.081723096047643,OK,22.4
meta-llama/Meta-Llama-3-70B,blackwell,4,262144,HBM-only,4,484.8,1.0,41.99761146210487,41.99761146210487,OK,5.3
meta-llama/Meta-Llama-3-70B,blackwell,4,262144,HBM-only,8,484.8,1.0,34.262355029979695,34.262355029979695,OK,5.3
meta-llama/Meta-Llama-3-70B,blackwell,1,196608,Sparse,2,205.6,0.1,31.158068054079468,31.158068054079468,OK,24.4
meta-llama/Meta-Llama-3-70B,blackwell,8,131072,Sparse,1,484.8,0.1,45.86159811346498,45.86159811346498,OK,4.0
meta-llama/Meta-Llama-3-70B,blackwell,2,196608,Dense,8,270.0,1.0,30.903428949979688,30.903428949979688,OK,18.4
meta-llama/Meta-Llama-3-70B,blackwell,8,131072,HBM-only,4,484.8,1.0,42.00482298210487,42.00482298210487,OK,3.9
meta-llama/Meta-Llama-3-70B,blackwell,4,196608,Sparse,8,398.9,0.1,32.920177749979686,32.920177749979686,OK,6.3
meta-llama/Meta-Llama-3-70B,blackwell,2,196608,HBM-only,8,270.0,1.0,30.903428949979688,30.903428949979688,OK,14.4
meta-llama/Meta-Llama-3-70B,blackwell,4,196608,Dense,8,398.9,1.0,32.920177749979686,32.920177749979686,OK,8.4
meta-llama/Meta-Llama-3-70B,blackwell,8,131072,HBM-only,8,484.8,1.0,34.269320789979695,34.269320789979695,OK,4.0
meta-llama/Meta-Llama-3-70B,blackwell,4,196608,HBM-only,8,398.9,1.0,32.920177749979686,32.920177749979686,OK,6.1
meta-llama/Meta-Llama-3-70B,blackwell,2,196608,Sparse,8,270.0,0.1,30.903428949979688,30.903428949979688,OK,15.5
meta-llama/Meta-Llama-3-70B,blackwell,4,196608,Sparse,2,398.9,0.1,48.673914083644654,48.673914083644654,OK,8.8
meta-llama/Meta-Llama-3-70B,blackwell,4,196608,Dense,2,398.9,1.0,49.96208969964466,49.96208969964466,OK,9.1
meta-llama/Meta-Llama-3-70B,blackwell,4,393216,HBM-only,8,656.6,1.0,36.9467095899797,36.9467095899797,OK,6.6
meta-llama/Meta-Llama-3-70B,blackwell,8,196608,Dense,1,656.6,1.0,100.72917289746495,100.72917289746495,OK,4.5
meta-llama/Meta-Llama-3-70B,blackwell,4,524288,HBM-only,8,828.4,1.0,39.63106414997969,39.63106414997969,OK,7.3
meta-llama/Meta-Llama-3-70B,blackwell,8,196608,Dense,2,656.6,1.0,66.07592009964468,66.07592009964468,OK,4.7
meta-llama/Meta-Llama-3-70B,blackwell,8,196608,Dense,4,656.6,1.0,47.373532102104875,47.373532102104875,OK,4.8
meta-llama/Meta-Llama-3-70B,blackwell,8,196608,Dense,8,656.6,1.0,36.95367534997969,36.95367534997969,OK,4.9
meta-llama/Meta-Llama-3-70B,blackwell,8,196608,Sparse,1,656.6,0.1,48.00878684946498,48.00878684946498,OK,4.8
meta-llama/Meta-Llama-3-70B,blackwell,8,196608,Sparse,2,656.6,0.1,50.29141885164465,50.29141885164465,OK,4.8
meta-llama/Meta-Llama-3-70B,blackwell,8,196608,Sparse,8,656.6,0.1,36.95367534997969,36.95367534997969,OK,4.6
meta-llama/Meta-Llama-3-70B,blackwell,2,393216,HBM-only,4,398.9,1.0,39.30965114210487,39.30965114210487,OK,17.3
meta-llama/Meta-Llama-3-70B,blackwell,8,196608,Sparse,4,656.6,0.1,47.373532102104875,47.373532102104875,OK,5.1
meta-llama/Meta-Llama-3-70B,blackwell,8,196608,HBM-only,4,656.6,1.0,47.373532102104875,47.373532102104875,OK,4.9
meta-llama/Meta-Llama-3-70B,blackwell,16,131072,Dense,1,828.4,1.0,122.3765435329158,122.3765435329158,OK,4.4
meta-llama/Meta-Llama-3-70B,blackwell,16,131072,Sparse,1,828.4,0.1,50.32541316491579,50.32541316491579,OK,4.5
meta-llama/Meta-Llama-3-70B,blackwell,8,196608,HBM-only,8,656.6,1.0,36.95367534997969,36.95367534997969,OK,4.9
meta-llama/Meta-Llama-3-70B,blackwell,16,131072,HBM-only,8,828.4,1.0,39.77404856165531,39.77404856165531,OK,4.6
meta-llama/Meta-Llama-3-70B,blackwell,1,524288,HBM-only,2,313.0,1.0,37.868954454079464,37.868954454079464,OK,27.2
meta-llama/Meta-Llama-3-70B,blackwell,4,393216,HBM-only,4,656.6,1.0,47.366320582104876,47.366320582104876,OK,10.8
meta-llama/Meta-Llama-3-70B,blackwell,8,262144,HBM-only,8,828.4,1.0,39.63802990997969,39.63802990997969,OK,5.3
meta-llama/Meta-Llama-3-70B,blackwell,16,196608,Dense,1,1172.0,1.0,165.3262164929158,165.3262164929158,OK,5.2
meta-llama/Meta-Llama-3-70B,blackwell,16,196608,Dense,4,1172.0,1.0,63.599205383741335,63.599205383741335,OK,5.2
meta-llama/Meta-Llama-3-70B,blackwell,16,196608,Dense,2,1172.0,1.0,98.45462578964978,98.45462578964978,OK,5.3
meta-llama/Meta-Llama-3-70B,blackwell,16,196608,Sparse,1,1172.0,0.1,54.6202330049158,54.6202330049158,OK,4.9
meta-llama/Meta-Llama-3-70B,blackwell,16,196608,Dense,8,1172.0,1.0,45.14275768165531,45.14275768165531,OK,5.4
meta-llama/Meta-Llama-3-70B,blackwell,1,524288,HBM-only,4,313.0,1.0,30.42390037604764,30.42390037604764,OK,27.7
meta-llama/Meta-Llama-3-70B,blackwell,16,196608,Sparse,2,1172.0,0.1,53.677325821649774,53.677325821649774,OK,5.4
meta-llama/Meta-Llama-3-70B,blackwell,8,393216,HBM-only,8,1172.0,1.0,45.0067390299797,45.0067390299797,OK,6.7
meta-llama/Meta-Llama-3-70B,blackwell,16,196608,Sparse,4,1172.0,0.1,51.78613658374134,51.78613658374134,OK,5.4
meta-llama/Meta-Llama-3-70B,blackwell,16,196608,Sparse,8,1172.0,0.1,45.14275768165531,45.14275768165531,OK,5.3
meta-llama/Meta-Llama-3-70B,blackwell,2,524288,HBM-only,4,484.8,1.0,41.99400570210487,41.99400570210487,OK,18.9
meta-llama/Meta-Llama-3-70B,blackwell,8,524288,HBM-only,8,1515.6,1.0,50.37544814997969,50.37544814997969,OK,7.9
meta-llama/Meta-Llama-3-70B,blackwell,16,196608,HBM-only,8,1172.0,1.0,45.14275768165531,45.14275768165531,OK,5.2
meta-llama/Meta-Llama-3-70B,blackwell,16,262144,HBM-only,8,1515.6,1.0,50.51146680165532,50.51146680165532,OK,5.6
meta-llama/Meta-Llama-3-8B,blackwell,1,2097152,HBM-only,4,290.9,1.0,17.991789198699923,17.991789198699923,OK,95.2
meta-llama/Meta-Llama-3-70B,blackwell,32,131072,Dense,1,1515.6,1.0,208.62361092690745,208.62361092690745,OK,5.8
meta-llama/Meta-Llama-3-70B,blackwell,32,131072,Sparse,1,1515.6,0.1,59.25584388690748,59.25584388690748,OK,5.7
meta-llama/Meta-Llama-3-70B,blackwell,32,131072,HBM-only,8,1515.6,1.0,50.61757531300522,56.51212096863741,OK,5.8
meta-llama/Meta-Llama-3-8B,blackwell,2,2097152,HBM-only,4,565.8,1.0,28.86897453842023,28.86897453842023,OK,96.2
meta-llama/Meta-Llama-3-70B,blackwell,32,196608,Dense,1,2202.8,1.0,294.5229568469075,294.5229568469075,OK,6.5
meta-llama/Meta-Llama-3-70B,blackwell,32,196608,Dense,2,2202.8,1.0,163.21421727630096,163.21421727630096,OK,6.6
meta-llama/Meta-Llama-3-70B,blackwell,32,196608,Sparse,1,2202.8,0.1,67.84577847890749,67.84577847890749,OK,6.2
meta-llama/Meta-Llama-3-70B,blackwell,32,196608,Dense,4,2202.8,1.0,96.05319260565715,96.05319260565715,OK,6.7
meta-llama/Meta-Llama-3-70B,blackwell,32,196608,Dense,8,2202.8,1.0,61.27110747300522,67.24953920863743,OK,6.5
meta-llama/Meta-Llama-3-70B,blackwell,32,196608,Sparse,4,2202.8,0.1,55.24736194965715,55.24736194965715,OK,6.5
meta-llama/Meta-Llama-3-70B,blackwell,32,196608,Sparse,8,2202.8,0.1,51.52063476900522,57.42229722463742,OK,6.5
meta-llama/Meta-Llama-3-70B,blackwell,32,196608,Sparse,2,2202.8,0.1,60.45139359630092,60.45139359630092,OK,6.7
meta-llama/Meta-Llama-3-70B,blackwell,64,131072,Dense,1,2890.0,1.0,346.09691805719467,388.3321972096845,OK,10.7
meta-llama/Meta-Llama-3-70B,blackwell,64,131072,Sparse,1,2890.0,0.1,72.50682784919465,84.33174664968455,OK,10.8
meta-llama/Meta-Llama-3-70B,blackwell,1,786432,HBM-only,8,398.9,1.0,27.188620414347493,27.188620414347493,OK,37.2
meta-llama/Meta-Llama-3-70B,blackwell,1,786432,HBM-only,4,398.9,1.0,33.10825493604764,33.10825493604764,OK,37.9
meta-llama/Meta-Llama-3-70B,blackwell,64,196608,Dense,2,4264.4,1.0,264.42637843348814,299.45863261321745,OK,11.8
meta-llama/Meta-Llama-3-70B,blackwell,64,196608,Dense,4,4264.4,1.0,145.27251934518125,167.16871563712658,OK,11.8
meta-llama/Meta-Llama-3-70B,blackwell,64,196608,Sparse,4,4264.4,0.1,68.35027215397177,68.35027215397177,OK,11.6
meta-llama/Meta-Llama-3-70B,blackwell,64,196608,Dense,8,4264.4,1.0,100.01731893364452,100.01731893364452,OK,11.8
meta-llama/Meta-Llama-3-70B,blackwell,64,196608,Sparse,2,4264.4,0.1,69.15869769748812,80.72446659721739,OK,11.9
meta-llama/Meta-Llama-3-70B,blackwell,2,786432,HBM-only,8,656.6,1.0,36.9432267099797,36.9432267099797,OK,27.9
meta-llama/Meta-Llama-3-70B,blackwell,2,786432,HBM-only,4,656.6,1.0,47.36271482210488,47.36271482210488,OK,28.1
meta-llama/Meta-Llama-3-70B,blackwell,4,786432,HBM-only,8,1172.0,1.0,44.9997732699797,44.9997732699797,OK,22.8
meta-llama/Meta-Llama-3-70B,blackwell,64,196608,Sparse,8,4264.4,0.1,61.19727822964452,61.19727822964452,OK,12.2
meta-llama/Meta-Llama-3-70B,blackwell,1,1048576,HBM-only,4,484.8,1.0,35.79260949604764,35.79260949604764,OK,47.9
Qwen/Qwen2-72B,blackwell,1,131072,HBM-only,1,188.3,1.0,35.54166673042004,35.54166673042004,OK,20.8
meta-llama/Meta-Llama-3-70B,blackwell,1,1048576,HBM-only,8,484.8,1.0,28.53079769434749,28.53079769434749,OK,48.7
Qwen/Qwen2-72B,blackwell,1,131072,HBM-only,2,188.3,1.0,30.25516118877872,30.25516118877872,OK,21.8
Qwen/Qwen2-72B,blackwell,1,131072,HBM-only,4,188.3,1.0,26.43079121388168,26.43079121388168,OK,21.2
meta-llama/Meta-Llama-3-70B,blackwell,2,1048576,HBM-only,8,828.4,1.0,39.62758126997969,39.62758126997969,OK,39.5
meta-llama/Meta-Llama-3-70B,blackwell,4,1048576,HBM-only,8,1515.6,1.0,50.3684823899797,50.3684823899797,OK,34.6
Qwen/Qwen2-72B,blackwell,1,131072,HBM-only,8,188.3,1.0,24.120155041055177,24.120155041055177,OK,21.6
mistralai/Mixtral-8x7B-v0.1,blackwell,1,2097152,HBM-only,2,368.3,1.0,25.396014017686863,25.396014017686863,OK,92.5
mistralai/Mixtral-8x7B-v0.1,blackwell,1,2097152,HBM-only,4,368.3,1.0,17.858458031723817,17.858458031723817,OK,92.5
mistralai/Mixtral-8x7B-v0.1,blackwell,1,2097152,HBM-only,8,368.3,1.0,13.861727339087784,13.861727339087784,OK,91.5
Qwen/Qwen2-72B,blackwell,1,196608,HBM-only,2,209.8,1.0,31.59733846877872,31.59733846877872,OK,23.0
Qwen/Qwen2-72B,blackwell,1,196608,HBM-only,4,209.8,1.0,27.101879853881684,27.101879853881684,OK,23.1
Qwen/Qwen2-72B,blackwell,1,196608,HBM-only,8,209.8,1.0,24.455699361055178,24.455699361055178,OK,23.0
mistralai/Mixtral-8x7B-v0.1,blackwell,2,2097152,HBM-only,4,643.2,1.0,28.7023105797001,28.7023105797001,OK,74.2
mistralai/Mixtral-8x7B-v0.1,blackwell,2,2097152,HBM-only,8,643.2,1.0,20.485153309905055,20.485153309905055,OK,74.3
mistralai/Mixtral-8x7B-v0.1,blackwell,4,2097152,HBM-only,8,1192.9,1.0,29.076481053905056,29.076481053905056,OK,68.2
Qwen/Qwen2-72B,blackwell,1,262144,HBM-only,2,231.3,1.0,32.939515748778724,32.939515748778724,OK,25.2
Qwen/Qwen2-72B,blackwell,1,262144,HBM-only,8,231.3,1.0,24.791243681055178,24.791243681055178,OK,24.8
Qwen/Qwen2-72B,blackwell,1,262144,HBM-only,4,231.3,1.0,27.77296849388168,27.77296849388168,OK,25.4
meta-llama/Meta-Llama-3-70B,blackwell,128,196608,Sparse,8,8387.5,0.1,72.9521304613418,80.18919545070972,OK,28.7
meta-llama/Meta-Llama-3-70B,blackwell,128,196608,Sparse,4,8387.5,0.1,76.73927728783877,94.6110328433485,OK,29.4
Qwen/Qwen2-72B,blackwell,2,131072,HBM-only,2,231.3,1.0,39.76990795801873,39.76990795801873,OK,3.9
Qwen/Qwen2-72B,blackwell,2,131072,HBM-only,4,231.3,1.0,33.98272036939743,33.98272036939743,OK,4.0
meta-llama/Meta-Llama-3-70B,blackwell,128,196608,Dense,8,8387.5,1.0,156.1304998834765,171.05561659939553,OK,32.2
Qwen/Qwen2-72B,blackwell,2,131072,HBM-only,8,231.3,1.0,30.5910625933643,30.5910625933643,OK,3.9
Qwen/Qwen2-72B,blackwell,1,393216,HBM-only,8,274.2,1.0,25.46233232105518,25.46233232105518,OK,28.2
Qwen/Qwen2-72B,blackwell,2,196608,HBM-only,4,274.2,1.0,35.32489764939743,35.32489764939743,OK,4.5
Qwen/Qwen2-72B,blackwell,2,196608,HBM-only,2,274.2,1.0,42.45426251801873,42.45426251801873,OK,4.6
Qwen/Qwen2-72B,blackwell,1,393216,HBM-only,4,274.2,1.0,29.11514577388168,29.11514577388168,OK,29.7
Qwen/Qwen2-72B,blackwell,2,196608,HBM-only,8,274.2,1.0,31.262151233364296,31.262151233364296,OK,4.8
Qwen/Qwen2-72B,blackwell,1,393216,Dense,2,274.2,1.0,35.62387030877872,35.62387030877872,OK,30.1
meta-llama/Meta-Llama-3-70B,blackwell,128,196608,Dense,4,8387.5,1.0,297.04151050400185,297.04151050400185,OK,35.2
Qwen/Qwen2-72B,blackwell,1,393216,HBM-only,2,274.2,1.0,35.62387030877872,35.62387030877872,OK,30.8
Qwen/Qwen2-72B,blackwell,1,524288,Dense,1,317.2,1.0,51.64779409042005,51.64779409042005,OK,31.2
Qwen/Qwen2-72B,blackwell,2,262144,Dense,2,317.2,1.0,45.138617078018726,45.138617078018726,OK,5.1
Qwen/Qwen2-72B,blackwell,2,262144,Dense,4,317.2,1.0,36.66707492939742,36.66707492939742,OK,5.2
Qwen/Qwen2-72B,blackwell,1,524288,Sparse,1,317.2,0.1,37.11276125842005,37.11276125842005,OK,31.9
Qwen/Qwen2-72B,blackwell,2,262144,Dense,8,317.2,1.0,31.9332398733643,31.9332398733643,OK,5.1
Qwen/Qwen2-72B,blackwell,2,262144,Sparse,2,317.2,0.1,45.138617078018726,45.138617078018726,OK,4.9
Qwen/Qwen2-72B,blackwell,2,262144,Sparse,8,317.2,0.1,31.9332398733643,31.9332398733643,OK,5.0
Qwen/Qwen2-72B,blackwell,2,262144,Sparse,4,317.2,0.1,36.66707492939742,36.66707492939742,OK,5.1
Qwen/Qwen2-72B,blackwell,1,524288,HBM-only,4,317.2,1.0,30.457323053881677,30.457323053881677,OK,29.0
Qwen/Qwen2-72B,blackwell,1,524288,HBM-only,8,317.2,1.0,26.133420961055172,26.133420961055172,OK,28.8
Qwen/Qwen2-72B,blackwell,2,262144,HBM-only,4,317.2,1.0,36.66707492939742,36.66707492939742,OK,4.9
Qwen/Qwen2-72B,blackwell,2,262144,HBM-only,2,317.2,1.0,45.138617078018726,45.138617078018726,OK,5.0
Qwen/Qwen2-72B,blackwell,2,262144,HBM-only,8,317.2,1.0,31.9332398733643,31.9332398733643,OK,5.0
Qwen/Qwen2-72B,blackwell,1,524288,Dense,2,317.2,1.0,38.30822486877872,38.30822486877872,OK,35.5
Qwen/Qwen2-72B,blackwell,1,524288,Sparse,2,317.2,0.1,38.30822486877872,38.30822486877872,OK,36.5
Qwen/Qwen2-72B,blackwell,1,524288,HBM-only,2,317.2,1.0,38.30822486877872,38.30822486877872,OK,32.1
Qwen/Qwen2-72B,blackwell,2,393216,Dense,2,403.1,1.0,50.507326198018724,50.507326198018724,OK,6.3
Qwen/Qwen2-72B,blackwell,2,393216,Dense,4,403.1,1.0,39.351429489397425,39.351429489397425,OK,6.2
Qwen/Qwen2-72B,blackwell,2,393216,Dense,8,403.1,1.0,33.275417153364295,33.275417153364295,OK,6.2
Qwen/Qwen2-72B,blackwell,2,393216,Sparse,2,403.1,0.1,48.98299979801873,48.98299979801873,OK,6.8
Qwen/Qwen2-72B,blackwell,2,393216,Sparse,4,403.1,0.1,39.351429489397425,39.351429489397425,OK,6.3
Qwen/Qwen2-72B,blackwell,2,393216,Sparse,8,403.1,0.1,33.275417153364295,33.275417153364295,OK,6.4
Qwen/Qwen2-72B,blackwell,2,393216,HBM-only,4,403.1,1.0,39.351429489397425,39.351429489397425,OK,6.5
Qwen/Qwen2-72B,blackwell,2,393216,HBM-only,8,403.1,1.0,33.275417153364295,33.275417153364295,OK,6.6
Qwen/Qwen2-72B,blackwell,1,786432,Dense,1,403.1,1.0,62.385212330420046,62.385212330420046,OK,34.9
Qwen/Qwen2-72B,blackwell,2,524288,Dense,1,489.0,1.0,80.60374484507038,80.60374484507038,OK,7.1
Qwen/Qwen2-72B,blackwell,2,262144,Dense,1,317.2,1.0,59.12890836507039,59.12890836507039,OK,16.4
Qwen/Qwen2-72B,blackwell,1,786432,Sparse,1,403.1,0.1,38.186060714420044,38.186060714420044,OK,35.3
Qwen/Qwen2-72B,blackwell,2,524288,Dense,2,489.0,1.0,55.87603531801873,55.87603531801873,OK,7.7
Qwen/Qwen2-72B,blackwell,2,524288,Sparse,1,489.0,0.1,46.740916813070385,46.740916813070385,OK,7.2
Qwen/Qwen2-72B,blackwell,2,524288,Dense,4,489.0,1.0,42.035784049397414,42.035784049397414,OK,7.7
Qwen/Qwen2-72B,blackwell,2,524288,Dense,8,489.0,1.0,34.61759443336429,34.61759443336429,OK,7.7
Qwen/Qwen2-72B,blackwell,2,524288,Sparse,2,489.0,0.1,49.51979698201872,49.51979698201872,OK,7.4
Qwen/Qwen2-72B,blackwell,1,786432,Sparse,2,403.1,0.1,42.15253386077872,42.15253386077872,OK,37.2
Qwen/Qwen2-72B,blackwell,2,524288,Sparse,8,489.0,0.1,34.61759443336429,34.61759443336429,OK,7.4
Qwen/Qwen2-72B,blackwell,2,524288,Sparse,4,489.0,0.1,42.035784049397414,42.035784049397414,OK,7.5
Qwen/Qwen2-72B,blackwell,2,524288,HBM-only,4,489.0,1.0,42.035784049397414,42.035784049397414,OK,7.5
Qwen/Qwen2-72B,blackwell,1,786432,Dense,2,403.1,1.0,43.67693398877872,43.67693398877872,OK,38.7
Qwen/Qwen2-72B,blackwell,2,524288,HBM-only,8,489.0,1.0,34.61759443336429,34.61759443336429,OK,7.4
Qwen/Qwen2-72B,blackwell,2,262144,Sparse,1,317.2,0.1,44.59358062107037,44.59358062107037,OK,18.5
Qwen/Qwen2-72B,blackwell,1,786432,HBM-only,4,403.1,1.0,33.141677613881676,33.141677613881676,OK,39.8
Qwen/Qwen2-72B,blackwell,2,786432,Dense,1,660.8,1.0,102.07858132507039,102.07858132507039,OK,9.2
Qwen/Qwen2-72B,blackwell,1,786432,Sparse,4,403.1,0.1,33.141677613881676,33.141677613881676,OK,41.0
Qwen/Qwen2-72B,blackwell,1,786432,Dense,4,403.1,1.0,33.141677613881676,33.141677613881676,OK,42.0
Qwen/Qwen2-72B,blackwell,2,786432,Dense,2,660.8,1.0,66.61345355801873,66.61345355801873,OK,9.9
Qwen/Qwen2-72B,blackwell,2,786432,Dense,4,660.8,1.0,47.40449316939742,47.40449316939742,OK,10.0
Qwen/Qwen2-72B,blackwell,2,786432,Sparse,1,660.8,0.1,48.88810554907039,48.88810554907039,OK,9.3
Qwen/Qwen2-72B,blackwell,2,786432,Sparse,4,660.8,0.1,47.40449316939742,47.40449316939742,OK,9.8
Qwen/Qwen2-72B,blackwell,2,786432,Sparse,2,660.8,0.1,50.59339135001872,50.59339135001872,OK,10.0
Qwen/Qwen2-72B,blackwell,1,786432,Sparse,8,403.1,0.1,27.475598241055177,27.475598241055177,OK,43.8
Qwen/Qwen2-72B,blackwell,1,786432,Dense,8,403.1,1.0,27.475598241055177,27.475598241055177,OK,45.1
Qwen/Qwen2-72B,blackwell,2,786432,HBM-only,4,660.8,1.0,47.40449316939742,47.40449316939742,OK,9.9
Qwen/Qwen2-72B,blackwell,2,786432,Dense,8,660.8,1.0,37.30194899336429,37.30194899336429,OK,12.3
Qwen/Qwen2-72B,blackwell,2,393216,Dense,1,403.1,1.0,69.86632660507038,69.86632660507038,OK,21.6
Qwen/Qwen2-72B,blackwell,2,786432,Sparse,8,660.8,0.1,37.30194899336429,37.30194899336429,OK,11.0
Qwen/Qwen2-72B,blackwell,2,786432,HBM-only,8,660.8,1.0,37.30194899336429,37.30194899336429,OK,10.6
Qwen/Qwen2-72B,blackwell,4,131072,Dense,1,317.2,1.0,59.133251405070375,59.133251405070375,OK,3.8
Qwen/Qwen2-72B,blackwell,4,131072,Dense,2,317.2,1.0,45.14246859801872,45.14246859801872,OK,3.8
Qwen/Qwen2-72B,blackwell,4,131072,Dense,4,317.2,1.0,36.67068068939742,36.67068068939742,OK,3.8
Qwen/Qwen2-72B,blackwell,4,131072,Dense,8,317.2,1.0,31.936722753364297,31.936722753364297,OK,4.0
Qwen/Qwen2-72B,blackwell,4,131072,Sparse,1,317.2,0.1,44.59703892507038,44.59703892507038,OK,3.5
Qwen/Qwen2-72B,blackwell,4,131072,Sparse,2,317.2,0.1,45.14246859801872,45.14246859801872,OK,3.7
Qwen/Qwen2-72B,blackwell,4,131072,Sparse,8,317.2,0.1,31.936722753364297,31.936722753364297,OK,3.7
Qwen/Qwen2-72B,blackwell,4,131072,Sparse,4,317.2,0.1,36.67068068939742,36.67068068939742,OK,3.8
Qwen/Qwen2-72B,blackwell,4,131072,HBM-only,2,317.2,1.0,45.14246859801872,45.14246859801872,OK,3.6
Qwen/Qwen2-72B,blackwell,4,131072,HBM-only,4,317.2,1.0,36.67068068939742,36.67068068939742,OK,3.8
Qwen/Qwen2-72B,blackwell,1,786432,HBM-only,8,403.1,1.0,27.475598241055177,27.475598241055177,OK,49.3
Qwen/Qwen2-72B,blackwell,2,393216,Sparse,1,403.1,0.1,45.66717498907039,45.66717498907039,OK,24.8
Qwen/Qwen2-72B,blackwell,4,131072,HBM-only,8,317.2,1.0,31.936722753364297,31.936722753364297,OK,3.8
Qwen/Qwen2-72B,blackwell,4,196608,Dense,2,403.1,1.0,50.51117771801873,50.51117771801873,OK,4.3
Qwen/Qwen2-72B,blackwell,4,196608,Dense,4,403.1,1.0,39.35503524939743,39.35503524939743,OK,4.3
Qwen/Qwen2-72B,blackwell,4,196608,Dense,8,403.1,1.0,33.27890003336429,33.27890003336429,OK,4.3
Qwen/Qwen2-72B,blackwell,4,196608,Sparse,2,403.1,0.1,48.98677759001874,48.98677759001874,OK,4.5
Qwen/Qwen2-72B,blackwell,4,196608,Sparse,4,403.1,0.1,39.35503524939743,39.35503524939743,OK,4.6
Qwen/Qwen2-72B,blackwell,4,196608,Sparse,8,403.1,0.1,33.27890003336429,33.27890003336429,OK,4.6
Qwen/Qwen2-72B,blackwell,4,196608,HBM-only,4,403.1,1.0,39.35503524939743,39.35503524939743,OK,4.6
Qwen/Qwen2-72B,blackwell,1,1048576,Dense,1,489.0,1.0,73.12263057042004,73.12263057042004,OK,44.7
Qwen/Qwen2-72B,blackwell,4,196608,HBM-only,8,403.1,1.0,33.27890003336429,33.27890003336429,OK,4.6
Qwen/Qwen2-72B,blackwell,4,262144,Dense,1,489.0,1.0,80.60808788507039,80.60808788507039,OK,4.6
Qwen/Qwen2-72B,blackwell,1,1048576,Sparse,1,489.0,0.1,39.25980253842004,39.25980253842004,OK,44.7
Qwen/Qwen2-72B,blackwell,4,262144,Dense,2,489.0,1.0,55.87988683801873,55.87988683801873,OK,4.9
Qwen/Qwen2-72B,blackwell,2,1048576,Sparse,1,832.6,0.1,51.03558919707039,51.03558919707039,OK,19.2
Qwen/Qwen2-72B,blackwell,2,1048576,Dense,1,832.6,1.0,123.55341780507038,123.55341780507038,OK,20.5
meta-llama/Meta-Llama-3-70B,blackwell,1,2097152,HBM-only,8,828.4,1.0,33.89950681434749,33.89950681434749,OK,94.8
Qwen/Qwen2-72B,blackwell,4,262144,Dense,4,489.0,1.0,42.03938980939742,42.03938980939742,OK,5.0
Qwen/Qwen2-72B,blackwell,4,262144,Dense,8,489.0,1.0,34.6210773133643,34.6210773133643,OK,5.1
Qwen/Qwen2-72B,blackwell,4,262144,Sparse,1,489.0,0.1,46.74422766107039,46.74422766107039,OK,4.8
Qwen/Qwen2-72B,blackwell,1,1048576,Dense,2,489.0,1.0,49.045643108778705,49.045643108778705,OK,47.5
Qwen/Qwen2-72B,blackwell,4,262144,Sparse,2,489.0,0.1,49.52350104601873,49.52350104601873,OK,4.6
meta-llama/Meta-Llama-3-70B,blackwell,2,2097152,HBM-only,8,1515.6,1.0,50.36499950997969,50.36499950997969,OK,86.1
Qwen/Qwen2-72B,blackwell,4,262144,Sparse,8,489.0,0.1,34.6210773133643,34.6210773133643,OK,4.9
Qwen/Qwen2-72B,blackwell,4,262144,Sparse,4,489.0,0.1,42.03938980939742,42.03938980939742,OK,5.0
Qwen/Qwen2-72B,blackwell,4,262144,HBM-only,4,489.0,1.0,42.03938980939742,42.03938980939742,OK,4.9
Qwen/Qwen2-72B,blackwell,1,1048576,Sparse,2,489.0,0.1,42.68940477277873,42.68940477277873,OK,47.8
Qwen/Qwen2-72B,blackwell,2,1048576,Dense,2,832.6,1.0,77.35087179801872,77.35087179801872,OK,24.1
Qwen/Qwen2-72B,blackwell,4,262144,HBM-only,8,489.0,1.0,34.6210773133643,34.6210773133643,OK,5.1
Qwen/Qwen2-72B,blackwell,2,1048576,Sparse,2,832.6,0.1,51.66713317401873,51.66713317401873,OK,22.6
Qwen/Qwen2-72B,blackwell,1,1048576,HBM-only,4,489.0,1.0,35.82603217388168,35.82603217388168,OK,48.3
Qwen/Qwen2-72B,blackwell,1,1048576,HBM-only,8,489.0,1.0,28.817775521055175,28.817775521055175,OK,48.2
Qwen/Qwen2-72B,blackwell,4,393216,Dense,1,660.8,1.0,102.0829243650704,102.0829243650704,OK,6.0
Qwen/Qwen2-72B,blackwell,2,1048576,Dense,4,832.6,1.0,52.77320228939742,52.77320228939742,OK,25.2
Qwen/Qwen2-72B,blackwell,4,393216,Dense,2,660.8,1.0,66.61730507801875,66.61730507801875,OK,6.2
Qwen/Qwen2-72B,blackwell,2,1048576,Sparse,4,832.6,0.1,50.506508657397426,50.506508657397426,OK,23.4
Qwen/Qwen2-72B,blackwell,2,1048576,Dense,8,832.6,1.0,39.986303553364294,39.986303553364294,OK,25.8
Qwen/Qwen2-72B,blackwell,2,1048576,Sparse,8,832.6,0.1,39.986303553364294,39.986303553364294,OK,23.9
Qwen/Qwen2-72B,blackwell,2,1048576,HBM-only,8,832.6,1.0,39.986303553364294,39.986303553364294,OK,23.7
Qwen/Qwen2-72B,blackwell,4,393216,Sparse,1,660.8,0.1,48.89171130907039,48.89171130907039,OK,5.8
Qwen/Qwen2-72B,blackwell,4,393216,Dense,4,660.8,1.0,47.40809892939743,47.40809892939743,OK,6.3
Qwen/Qwen2-72B,blackwell,4,393216,Dense,8,660.8,1.0,37.30543187336429,37.30543187336429,OK,6.3
Qwen/Qwen2-72B,blackwell,4,393216,Sparse,2,660.8,0.1,50.59702168601873,50.59702168601873,OK,6.0
Qwen/Qwen2-72B,blackwell,4,196608,Dense,1,403.1,1.0,69.87066964507038,69.87066964507038,OK,14.9
Qwen/Qwen2-72B,blackwell,4,393216,Sparse,8,660.8,0.1,37.30543187336429,37.30543187336429,OK,6.5
Qwen/Qwen2-72B,blackwell,4,393216,Sparse,4,660.8,0.1,47.40809892939743,47.40809892939743,OK,6.6
Qwen/Qwen2-72B,blackwell,4,393216,HBM-only,8,660.8,1.0,37.30543187336429,37.30543187336429,OK,6.4
Qwen/Qwen2-72B,blackwell,4,393216,HBM-only,4,660.8,1.0,47.40809892939743,47.40809892939743,OK,6.5
Qwen/Qwen2-72B,blackwell,4,524288,Dense,1,832.6,1.0,123.55776084507038,123.55776084507038,OK,7.2
Qwen/Qwen2-72B,blackwell,4,524288,Dense,2,832.6,1.0,77.35472331801871,77.35472331801871,OK,7.4
Qwen/Qwen2-72B,blackwell,4,524288,Sparse,1,832.6,0.1,51.039194957070386,51.039194957070386,OK,7.2
Qwen/Qwen2-72B,blackwell,4,524288,Dense,4,832.6,1.0,52.77680804939742,52.77680804939742,OK,7.5
Qwen/Qwen2-72B,blackwell,4,524288,Dense,8,832.6,1.0,39.9897864333643,39.9897864333643,OK,7.6
Qwen/Qwen2-72B,blackwell,4,524288,Sparse,2,832.6,0.1,51.67076351001873,51.67076351001873,OK,7.5
Qwen/Qwen2-72B,blackwell,4,524288,Sparse,4,832.6,0.1,50.510003825397426,50.510003825397426,OK,7.4
Qwen/Qwen2-72B,blackwell,4,524288,Sparse,8,832.6,0.1,39.9897864333643,39.9897864333643,OK,7.4
Qwen/Qwen2-72B,blackwell,4,196608,Sparse,1,403.1,0.1,45.67048583707038,45.67048583707038,OK,18.5
Qwen/Qwen2-72B,blackwell,4,524288,HBM-only,8,832.6,1.0,39.9897864333643,39.9897864333643,OK,7.5
meta-llama/Meta-Llama-3-8B,blackwell,1,2097152,HBM-only,8,290.9,1.0,13.867735978661822,13.867735978661822,OK,170.5
meta-llama/Meta-Llama-3-8B,blackwell,16,2097152,Dense,8,4414.1,1.0,80.65147061176361,80.65147061176361,OK,157.3
Qwen/Qwen2-72B,blackwell,4,786432,Dense,1,1176.2,1.0,166.50743380507038,166.50743380507038,OK,9.3
Qwen/Qwen2-72B,blackwell,4,786432,Dense,2,1176.2,1.0,98.82955979801874,98.82955979801874,OK,9.8
Qwen/Qwen2-72B,blackwell,4,786432,Dense,4,1176.2,1.0,63.51422628939743,63.51422628939743,OK,10.1
Qwen/Qwen2-72B,blackwell,4,786432,Sparse,1,1176.2,0.1,55.33386734107038,55.33386734107038,OK,9.5
Qwen/Qwen2-72B,blackwell,4,786432,Dense,8,1176.2,1.0,45.3584955533643,45.3584955533643,OK,10.1
Qwen/Qwen2-72B,blackwell,4,786432,Sparse,2,1176.2,0.1,53.81802597401873,53.81802597401873,OK,9.8
Qwen/Qwen2-72B,blackwell,8,131072,Dense,1,489.0,1.0,80.6167739650704,80.6167739650704,OK,3.9
Qwen/Qwen2-72B,blackwell,4,786432,Sparse,4,1176.2,0.1,51.58363505739742,51.58363505739742,OK,9.8
Qwen/Qwen2-72B,blackwell,8,131072,Dense,2,489.0,1.0,55.88758987801873,55.88758987801873,OK,4.1
Qwen/Qwen2-72B,blackwell,8,131072,Dense,4,489.0,1.0,42.04660132939742,42.04660132939742,OK,4.0
Qwen/Qwen2-72B,blackwell,8,131072,Sparse,1,489.0,0.1,46.75129172507038,46.75129172507038,OK,3.9
Qwen/Qwen2-72B,blackwell,8,131072,Dense,8,489.0,1.0,34.628043073364296,34.628043073364296,OK,4.0
Qwen/Qwen2-72B,blackwell,4,786432,HBM-only,8,1176.2,1.0,45.3584955533643,45.3584955533643,OK,10.0
Qwen/Qwen2-72B,blackwell,4,786432,Sparse,8,1176.2,0.1,45.3584955533643,45.3584955533643,OK,10.1
Qwen/Qwen2-72B,blackwell,4,1048576,Dense,1,1519.8,1.0,209.4571067650704,209.4571067650704,OK,11.4
Qwen/Qwen2-72B,blackwell,8,131072,Sparse,2,489.0,0.1,49.53090917401873,49.53090917401873,OK,4.0
Qwen/Qwen2-72B,blackwell,8,131072,Sparse,4,489.0,0.1,42.04660132939742,42.04660132939742,OK,3.9
Qwen/Qwen2-72B,blackwell,8,131072,Sparse,8,489.0,0.1,34.628043073364296,34.628043073364296,OK,3.7
Qwen/Qwen2-72B,blackwell,4,1048576,Dense,4,1519.8,1.0,74.25164452939742,74.25164452939742,OK,12.1
Qwen/Qwen2-72B,blackwell,4,1048576,Dense,8,1519.8,1.0,50.7272046733643,50.7272046733643,OK,12.1
Qwen/Qwen2-72B,blackwell,4,1048576,Dense,2,1519.8,1.0,120.30439627801873,120.30439627801873,OK,12.3
Qwen/Qwen2-72B,blackwell,8,131072,HBM-only,4,489.0,1.0,42.04660132939742,42.04660132939742,OK,3.9
Qwen/Qwen2-72B,blackwell,4,1048576,Sparse,2,1519.8,0.1,55.96550962201872,55.96550962201872,OK,12.2
Qwen/Qwen2-72B,blackwell,4,1048576,Sparse,1,1519.8,0.1,59.629129549070385,59.629129549070385,OK,12.9
Qwen/Qwen2-72B,blackwell,8,131072,HBM-only,8,489.0,1.0,34.628043073364296,34.628043073364296,OK,4.1
Qwen/Qwen2-72B,blackwell,8,196608,Dense,1,660.8,1.0,102.0916104450704,102.0916104450704,OK,4.6
Qwen/Qwen2-72B,blackwell,8,196608,Dense,2,660.8,1.0,66.62500811801873,66.62500811801873,OK,4.6
Qwen/Qwen2-72B,blackwell,4,1048576,Sparse,8,1519.8,0.1,50.505135937364294,50.505135937364294,OK,12.0
Qwen/Qwen2-72B,blackwell,8,196608,Dense,4,660.8,1.0,47.415310449397424,47.415310449397424,OK,4.7
Qwen/Qwen2-72B,blackwell,8,196608,Dense,8,660.8,1.0,37.312397633364306,37.312397633364306,OK,4.6
Qwen/Qwen2-72B,blackwell,8,196608,Sparse,2,660.8,0.1,50.60428235801873,50.60428235801873,OK,4.6
Qwen/Qwen2-72B,blackwell,8,196608,Sparse,1,660.8,0.1,48.89877537307038,48.89877537307038,OK,4.6
Qwen/Qwen2-72B,blackwell,8,196608,Sparse,4,660.8,0.1,47.415310449397424,47.415310449397424,OK,4.6
Qwen/Qwen2-72B,blackwell,4,1048576,Sparse,4,1519.8,0.1,52.657340017397416,52.657340017397416,OK,12.4
Qwen/Qwen2-72B,blackwell,4,1048576,HBM-only,8,1519.8,1.0,50.7272046733643,50.7272046733643,OK,12.4
Qwen/Qwen2-72B,blackwell,8,196608,Sparse,8,660.8,0.1,37.312397633364306,37.312397633364306,OK,4.7
Qwen/Qwen2-72B,blackwell,8,196608,HBM-only,4,660.8,1.0,47.415310449397424,47.415310449397424,OK,4.9
Qwen/Qwen2-72B,blackwell,8,196608,HBM-only,8,660.8,1.0,37.312397633364306,37.312397633364306,OK,4.7
Qwen/Qwen2-72B,blackwell,8,262144,Dense,1,832.6,1.0,123.5664469250704,123.5664469250704,OK,5.0
Qwen/Qwen2-72B,blackwell,8,262144,Sparse,1,832.6,0.1,51.04625902107038,51.04625902107038,OK,4.7
Qwen/Qwen2-72B,blackwell,8,262144,Dense,2,832.6,1.0,77.36242635801871,77.36242635801871,OK,5.2
Qwen/Qwen2-72B,blackwell,8,262144,Sparse,2,832.6,0.1,51.67780299801873,51.67780299801873,OK,5.1
Qwen/Qwen2-72B,blackwell,8,262144,Dense,4,832.6,1.0,52.78401956939742,52.78401956939742,OK,5.2
Qwen/Qwen2-72B,blackwell,8,262144,Dense,8,832.6,1.0,39.99675219336431,39.99675219336431,OK,5.2
Qwen/Qwen2-72B,blackwell,8,262144,Sparse,4,832.6,0.1,50.51717848139742,50.51717848139742,OK,5.1
Qwen/Qwen2-72B,blackwell,8,262144,HBM-only,8,832.6,1.0,39.99675219336431,39.99675219336431,OK,5.1
Qwen/Qwen2-72B,blackwell,8,262144,Sparse,8,832.6,0.1,39.99675219336431,39.99675219336431,OK,5.2
Qwen/Qwen2-72B,blackwell,8,393216,Dense,1,1176.2,1.0,166.51611988507037,166.51611988507037,OK,6.0
Qwen/Qwen2-72B,blackwell,8,393216,Dense,4,1176.2,1.0,63.521437809397426,63.521437809397426,OK,6.3
Qwen/Qwen2-72B,blackwell,8,393216,Sparse,1,1176.2,0.1,55.34122631707038,55.34122631707038,OK,6.2
Qwen/Qwen2-72B,blackwell,8,393216,Dense,2,1176.2,1.0,98.83726283801872,98.83726283801872,OK,6.4
Qwen/Qwen2-72B,blackwell,8,393216,HBM-only,8,1176.2,1.0,45.3654613133643,45.3654613133643,OK,6.0
Qwen/Qwen2-72B,blackwell,8,393216,Dense,8,1176.2,1.0,45.3654613133643,45.3654613133643,OK,6.5
Qwen/Qwen2-72B,blackwell,8,393216,Sparse,2,1176.2,0.1,53.82506546201873,53.82506546201873,OK,6.4
Qwen/Qwen2-72B,blackwell,8,393216,Sparse,4,1176.2,0.1,51.59058852939742,51.59058852939742,OK,6.4
Qwen/Qwen2-72B,blackwell,8,393216,Sparse,8,1176.2,0.1,45.3654613133643,45.3654613133643,OK,6.4
Qwen/Qwen2-72B,blackwell,8,524288,Dense,1,1519.8,1.0,209.4657928450704,209.4657928450704,OK,6.9
Qwen/Qwen2-72B,blackwell,8,524288,Dense,2,1519.8,1.0,120.31209931801872,120.31209931801872,OK,7.4
Qwen/Qwen2-72B,blackwell,8,524288,Dense,4,1519.8,1.0,74.25885604939741,74.25885604939741,OK,7.6
Qwen/Qwen2-72B,blackwell,8,524288,Dense,8,1519.8,1.0,50.7341704333643,50.7341704333643,OK,7.4
Qwen/Qwen2-72B,blackwell,8,524288,Sparse,1,1519.8,0.1,59.63619361307039,59.63619361307039,OK,7.0
Qwen/Qwen2-72B,blackwell,8,524288,Sparse,2,1519.8,0.1,55.972549110018726,55.972549110018726,OK,7.3
Qwen/Qwen2-72B,blackwell,8,524288,Sparse,8,1519.8,0.1,50.51212012936429,50.51212012936429,OK,7.4
Qwen/Qwen2-72B,blackwell,8,524288,Sparse,4,1519.8,0.1,52.66421976139742,52.66421976139742,OK,7.6
Qwen/Qwen2-72B,blackwell,8,524288,HBM-only,8,1519.8,1.0,50.7341704333643,50.7341704333643,OK,7.7
meta-llama/Meta-Llama-3-8B,blackwell,2,2097152,Sparse,8,565.8,0.1,20.492664109372605,20.492664109372605,OK,190.8
meta-llama/Meta-Llama-3-8B,blackwell,2,2097152,HBM-only,8,565.8,1.0,20.492664109372605,20.492664109372605,OK,191.6
meta-llama/Meta-Llama-3-8B,blackwell,4,2097152,Sparse,8,1115.6,0.1,29.083991853372602,29.083991853372602,OK,185.1
meta-llama/Meta-Llama-3-8B,blackwell,8,2097152,Sparse,8,2215.1,0.1,36.26699242937261,36.26699242937261,OK,180.1
Qwen/Qwen2-72B,blackwell,8,786432,Dense,1,2207.0,1.0,295.36513876507036,295.36513876507036,OK,9.4
meta-llama/Meta-Llama-3-8B,blackwell,8,2097152,Dense,8,2215.1,1.0,46.2666473413726,46.2666473413726,OK,180.3
Qwen/Qwen2-72B,blackwell,8,786432,Dense,2,2207.0,1.0,163.26177227801875,163.26177227801875,OK,10.1
Qwen/Qwen2-72B,blackwell,8,786432,Sparse,1,2207.0,0.1,68.22612820507038,68.22612820507038,OK,9.4
Qwen/Qwen2-72B,blackwell,8,786432,Dense,4,2207.0,1.0,95.73369252939743,95.73369252939743,OK,10.3
Qwen/Qwen2-72B,blackwell,8,786432,Dense,8,2207.0,1.0,61.47158867336429,61.47158867336429,OK,10.0
Qwen/Qwen2-72B,blackwell,8,786432,Sparse,2,2207.0,0.1,60.26729522201874,60.26729522201874,OK,10.0
Qwen/Qwen2-72B,blackwell,16,131072,Dense,1,832.6,1.0,123.73456660711125,123.73456660711125,OK,4.4
Qwen/Qwen2-72B,blackwell,8,786432,Sparse,4,2207.0,0.1,54.81159281739742,54.81159281739742,OK,9.9
Qwen/Qwen2-72B,blackwell,8,786432,Sparse,8,2207.0,0.1,51.585751361364295,51.585751361364295,OK,9.9
Qwen/Qwen2-72B,blackwell,16,131072,Dense,2,832.6,1.0,77.53041070277128,77.53041070277128,OK,4.5
Qwen/Qwen2-72B,blackwell,16,131072,Dense,4,832.6,1.0,52.90473074520968,52.90473074520968,OK,4.3
Qwen/Qwen2-72B,blackwell,16,131072,Sparse,1,832.6,0.1,51.21083975911122,51.21083975911122,OK,4.2
Qwen/Qwen2-72B,blackwell,16,131072,Dense,8,832.6,1.0,40.13291349116173,40.13291349116173,OK,4.4
Qwen/Qwen2-72B,blackwell,16,131072,Sparse,2,832.6,0.1,51.844681422771295,51.844681422771295,OK,4.3
Qwen/Qwen2-72B,blackwell,16,131072,Sparse,4,832.6,0.1,50.63781592920969,50.63781592920969,OK,4.3
Qwen/Qwen2-72B,blackwell,8,1048576,Dense,1,2894.2,1.0,381.2644846850704,381.2644846850704,OK,11.1
Qwen/Qwen2-72B,blackwell,8,1048576,Sparse,1,2894.2,0.1,76.8160627970704,76.8160627970704,OK,11.3
Qwen/Qwen2-72B,blackwell,16,131072,HBM-only,8,832.6,1.0,40.13291349116173,40.13291349116173,OK,4.3
Qwen/Qwen2-72B,blackwell,16,131072,Sparse,8,832.6,0.1,40.13291349116173,40.13291349116173,OK,4.4
Qwen/Qwen2-72B,blackwell,8,1048576,Dense,2,2894.2,1.0,206.21144523801874,206.21144523801874,OK,11.9
Qwen/Qwen2-72B,blackwell,1,2097152,Dense,1,832.6,1.0,116.07230353042006,116.07230353042006,OK,81.9
Qwen/Qwen2-72B,blackwell,8,1048576,Sparse,2,2894.2,0.1,64.56226251801873,64.56226251801873,OK,12.0
Qwen/Qwen2-72B,blackwell,8,1048576,Dense,4,2894.2,1.0,117.20852900939745,117.20852900939745,OK,12.3
Qwen/Qwen2-72B,blackwell,8,1048576,Dense,8,2894.2,1.0,72.20900691336429,72.20900691336429,OK,12.3
Qwen/Qwen2-72B,blackwell,16,196608,Dense,1,1176.2,1.0,166.68423956711123,166.68423956711123,OK,4.9
Qwen/Qwen2-72B,blackwell,8,1048576,Sparse,4,2894.2,0.1,56.95907646539741,56.95907646539741,OK,12.0
Qwen/Qwen2-72B,blackwell,16,196608,Dense,2,1176.2,1.0,99.00524718277128,99.00524718277128,OK,5.1
Qwen/Qwen2-72B,blackwell,16,196608,Dense,4,1176.2,1.0,63.64214898520969,63.64214898520969,OK,4.9
Qwen/Qwen2-72B,blackwell,2,2097152,Dense,1,1519.8,1.0,209.4527637250704,209.4527637250704,OK,57.7
Qwen/Qwen2-72B,blackwell,8,1048576,Sparse,8,2894.2,0.1,52.6593825933643,52.6593825933643,OK,12.5
Qwen/Qwen2-72B,blackwell,16,196608,Dense,8,1176.2,1.0,45.50162261116173,45.50162261116173,OK,5.0
Qwen/Qwen2-72B,blackwell,4,2097152,Sparse,1,2894.2,0.1,76.80870382107038,76.80870382107038,OK,30.2
Qwen/Qwen2-72B,blackwell,16,196608,Sparse,1,1176.2,0.1,55.50580705511123,55.50580705511123,OK,5.0
Qwen/Qwen2-72B,blackwell,16,196608,Sparse,2,1176.2,0.1,53.99172270277128,53.99172270277128,OK,5.2
Qwen/Qwen2-72B,blackwell,16,196608,Sparse,4,1176.2,0.1,51.71096792920969,51.71096792920969,OK,5.1
meta-llama/Meta-Llama-3-8B,blackwell,4,2097152,Dense,8,1115.6,1.0,29.083991853372602,29.083991853372602,OK,193.8
Qwen/Qwen2-72B,blackwell,16,196608,Sparse,8,1176.2,0.1,45.50162261116173,45.50162261116173,OK,5.0
Qwen/Qwen2-72B,blackwell,16,196608,HBM-only,8,1176.2,1.0,45.50162261116173,45.50162261116173,OK,5.2
Qwen/Qwen2-72B,blackwell,16,262144,Dense,1,1519.8,1.0,209.63391252711122,209.63391252711122,OK,5.4
meta-llama/Meta-Llama-3-8B,blackwell,4,2097152,HBM-only,8,1115.6,1.0,29.083991853372602,29.083991853372602,OK,194.6
Qwen/Qwen2-72B,blackwell,16,262144,Dense,4,1519.8,1.0,74.3795672252097,74.3795672252097,OK,5.7
Qwen/Qwen2-72B,blackwell,16,262144,Dense,2,1519.8,1.0,120.48008366277128,120.48008366277128,OK,5.8
Qwen/Qwen2-72B,blackwell,16,262144,Dense,8,1519.8,1.0,50.87033173116174,50.87033173116174,OK,5.7
Qwen/Qwen2-72B,blackwell,4,2097152,Dense,1,2894.2,1.0,381.2557986050705,381.2557986050705,OK,34.7
Qwen/Qwen2-72B,blackwell,16,262144,Sparse,1,1519.8,0.1,59.80077435111122,59.80077435111122,OK,5.4
meta-llama/Meta-Llama-3-8B,blackwell,64,2097152,Sparse,8,17608.2,0.1,57.69937319727543,65.15390648093933,OK,185.0
Qwen/Qwen2-72B,blackwell,16,262144,Sparse,8,1519.8,0.1,50.64828142716174,50.64828142716174,OK,5.7
Qwen/Qwen2-72B,blackwell,16,262144,Sparse,2,1519.8,0.1,56.13898516677128,56.13898516677128,OK,5.8
Qwen/Qwen2-72B,blackwell,16,262144,Sparse,4,1519.8,0.1,52.784488569209685,52.784488569209685,OK,5.9
Qwen/Qwen2-72B,blackwell,16,262144,HBM-only,8,1519.8,1.0,50.87033173116174,50.87033173116174,OK,5.6
meta-llama/Meta-Llama-3-8B,blackwell,32,2097152,Sparse,8,8812.2,0.1,42.85087344906567,48.97920865177421,OK,186.8
meta-llama/Meta-Llama-3-8B,blackwell,64,2097152,Dense,8,17608.2,1.0,289.2922092096417,289.2922092096417,OK,186.5
Qwen/Qwen2-72B,blackwell,16,393216,Dense,1,2207.0,1.0,295.5332584471112,295.5332584471112,OK,6.8
Qwen/Qwen2-72B,blackwell,1,2097152,Dense,4,832.6,1.0,46.563450413881675,46.563450413881675,OK,88.5
Qwen/Qwen2-72B,blackwell,16,393216,Sparse,1,2207.0,0.1,68.39070894311122,68.39070894311122,OK,6.7
Qwen/Qwen2-72B,blackwell,16,393216,Dense,2,2207.0,1.0,163.42975662277132,163.42975662277132,OK,7.2
Qwen/Qwen2-72B,blackwell,16,393216,Dense,4,2207.0,1.0,95.85440370520968,95.85440370520968,OK,7.1
Qwen/Qwen2-72B,blackwell,16,393216,Dense,8,2207.0,1.0,61.60774997116174,61.60774997116174,OK,7.1
Qwen/Qwen2-72B,blackwell,1,2097152,Dense,2,832.6,1.0,70.52047958877873,70.52047958877873,OK,89.5
Qwen/Qwen2-72B,blackwell,16,393216,Sparse,2,2207.0,0.1,60.43373127877129,60.43373127877129,OK,7.1
Qwen/Qwen2-72B,blackwell,1,2097152,Sparse,1,832.6,0.1,43.55476983442004,43.55476983442004,OK,88.4
Qwen/Qwen2-72B,blackwell,16,393216,Sparse,8,2207.0,0.1,51.72174677116174,51.72174677116174,OK,6.9
Qwen/Qwen2-72B,blackwell,16,393216,Sparse,4,2207.0,0.1,54.93175103320969,54.93175103320969,OK,7.0
Qwen/Qwen2-72B,blackwell,1,2097152,Sparse,4,832.6,0.1,44.296756781881676,44.296756781881676,OK,87.8
Qwen/Qwen2-72B,blackwell,2,2097152,Dense,4,1519.8,1.0,74.24803876939741,74.24803876939741,OK,63.4
Qwen/Qwen2-72B,blackwell,4,2097152,Dense,4,2894.2,1.0,117.20131748939741,117.20131748939741,OK,38.0
Qwen/Qwen2-72B,blackwell,1,2097152,Sparse,2,832.6,0.1,44.83688842077872,44.83688842077872,OK,89.0
Qwen/Qwen2-72B,blackwell,4,2097152,Sparse,4,2894.2,0.1,56.95223358539742,56.95223358539742,OK,37.1
Qwen/Qwen2-72B,blackwell,16,524288,Dense,1,2894.2,1.0,381.43260436711114,381.43260436711114,OK,7.8
Qwen/Qwen2-72B,blackwell,4,2097152,Dense,2,2894.2,1.0,206.20374219801874,206.20374219801874,OK,38.8
Qwen/Qwen2-72B,blackwell,2,2097152,Sparse,2,1519.8,0.1,55.962100470018726,55.962100470018726,OK,63.0
Qwen/Qwen2-72B,blackwell,4,2097152,Sparse,2,2894.2,0.1,64.55544421401873,64.55544421401873,OK,37.9
Qwen/Qwen2-72B,blackwell,2,2097152,Dense,2,1519.8,1.0,120.30054475801875,120.30054475801875,OK,66.2
Qwen/Qwen2-72B,blackwell,16,524288,Dense,2,2894.2,1.0,206.37942958277134,206.37942958277134,OK,8.4
Qwen/Qwen2-72B,blackwell,16,524288,Dense,4,2894.2,1.0,117.32924018520968,117.32924018520968,OK,8.4
Qwen/Qwen2-72B,blackwell,16,524288,Sparse,1,2894.2,0.1,76.98064353511123,76.98064353511123,OK,7.9
Qwen/Qwen2-72B,blackwell,16,524288,Dense,8,2894.2,1.0,72.34516821116175,72.34516821116175,OK,8.5
Qwen/Qwen2-72B,blackwell,16,524288,Sparse,4,2894.2,0.1,57.079050361209696,57.079050361209696,OK,8.1
Qwen/Qwen2-72B,blackwell,16,524288,Sparse,2,2894.2,0.1,64.72869857477129,64.72869857477129,OK,8.3
Qwen/Qwen2-72B,blackwell,8,2097152,Dense,2,5643.0,1.0,378.01013707801866,378.01013707801866,OK,21.7
Qwen/Qwen2-72B,blackwell,16,524288,Sparse,8,2894.2,0.1,52.79532270716174,52.79532270716174,OK,8.3
meta-llama/Meta-Llama-3-8B,blackwell,2,2097152,Dense,8,565.8,1.0,20.492664109372605,20.492664109372605,OK,209.7
meta-llama/Meta-Llama-3-8B,blackwell,1,2097152,Sparse,8,290.9,0.1,13.867735978661822,13.867735978661822,OK,209.8
Qwen/Qwen2-72B,blackwell,32,131072,Dense,1,1519.8,1.0,209.9727211700481,209.9727211700481,OK,6.0
Qwen/Qwen2-72B,blackwell,32,131072,Dense,4,1519.8,1.0,74.62364524906826,74.62364524906826,OK,6.1
Qwen/Qwen2-72B,blackwell,8,2097152,Sparse,2,5643.0,0.1,81.74213170201872,81.74213170201872,OK,22.3
Qwen/Qwen2-72B,blackwell,32,131072,Dense,2,1519.8,1.0,120.81822219243871,120.81822219243871,OK,6.2
Qwen/Qwen2-72B,blackwell,32,131072,Dense,8,1519.8,1.0,50.976665527721345,56.94295564003046,OK,6.2
Qwen/Qwen2-72B,blackwell,32,131072,Sparse,1,1519.8,0.1,60.13250510604812,60.13250510604812,OK,6.1
Qwen/Qwen2-72B,blackwell,8,2097152,Dense,4,5643.0,1.0,203.10787492939744,203.10787492939744,OK,24.1
Qwen/Qwen2-72B,blackwell,32,131072,Sparse,2,1519.8,0.1,56.47417457643872,56.47417457643872,OK,6.3
Qwen/Qwen2-72B,blackwell,8,2097152,Sparse,4,5643.0,0.1,65.54890046539741,65.54890046539741,OK,21.9
Qwen/Qwen2-72B,blackwell,32,131072,Sparse,8,1519.8,0.1,50.75634783172134,56.72090533603046,OK,6.0
Qwen/Qwen2-72B,blackwell,32,131072,Sparse,4,1519.8,0.1,53.02760812906826,53.02760812906826,OK,6.2
Qwen/Qwen2-72B,blackwell,1,2097152,Sparse,8,832.6,0.1,34.18648464105517,34.18648464105517,OK,93.6
Qwen/Qwen2-72B,blackwell,32,131072,HBM-only,8,1519.8,1.0,50.97666552772134,56.942955640030455,OK,6.1
Qwen/Qwen2-72B,blackwell,16,786432,Dense,2,4268.6,1.0,292.2787755027714,292.2787755027714,OK,11.0
Qwen/Qwen2-72B,blackwell,16,786432,Dense,4,4268.6,1.0,160.27891314520969,160.27891314520969,OK,10.9
Qwen/Qwen2-72B,blackwell,16,786432,Dense,8,4268.6,1.0,93.82000469116173,93.82000469116173,OK,10.7
Qwen/Qwen2-72B,blackwell,16,786432,Sparse,2,4268.6,0.1,73.31841198277128,73.31841198277128,OK,10.8
Qwen/Qwen2-72B,blackwell,32,196608,Dense,1,2207.0,1.0,295.8720670900481,295.8720670900481,OK,6.6
Qwen/Qwen2-72B,blackwell,16,786432,Sparse,4,4268.6,0.1,61.37390706520969,61.37390706520969,OK,11.0
Qwen/Qwen2-72B,blackwell,32,196608,Dense,2,2207.0,1.0,163.76789515243868,163.76789515243868,OK,6.8
Qwen/Qwen2-72B,blackwell,16,786432,Sparse,8,4268.6,0.1,54.942695763161744,54.942695763161744,OK,11.0
Qwen/Qwen2-72B,blackwell,1,2097152,HBM-only,8,832.6,1.0,34.18648464105517,34.18648464105517,OK,94.3
Qwen/Qwen2-72B,blackwell,2,2097152,HBM-only,8,1519.8,1.0,50.723721793364305,50.723721793364305,OK,67.4
Qwen/Qwen2-72B,blackwell,32,196608,Dense,4,2207.0,1.0,96.09848172906827,96.09848172906827,OK,6.9
Qwen/Qwen2-72B,blackwell,2,2097152,Sparse,1,1519.8,0.1,59.62552378907038,59.62552378907038,OK,69.8
Qwen/Qwen2-72B,blackwell,32,196608,Dense,8,2207.0,1.0,61.630197687721335,67.68037388003046,OK,6.7
Qwen/Qwen2-72B,blackwell,32,196608,Sparse,1,2207.0,0.1,68.72243969804812,68.72243969804812,OK,6.7
Qwen/Qwen2-72B,blackwell,32,196608,Sparse,2,2207.0,0.1,60.76877323243871,60.76877323243871,OK,6.8
Qwen/Qwen2-72B,blackwell,4,2097152,Dense,8,2894.2,1.0,72.20204115336429,72.20204115336429,OK,44.7
Qwen/Qwen2-72B,blackwell,4,2097152,Sparse,8,2894.2,0.1,52.6525274253643,52.6525274253643,OK,44.1
Qwen/Qwen2-72B,blackwell,32,196608,Sparse,4,2207.0,0.1,55.17453881706826,55.17453881706826,OK,7.0
Qwen/Qwen2-72B,blackwell,32,196608,Sparse,8,2207.0,0.1,51.821129655721336,57.79407576803046,OK,6.9
Qwen/Qwen2-72B,blackwell,32,262144,Dense,1,2894.2,1.0,381.77141301004804,381.77141301004804,OK,7.3
Qwen/Qwen2-72B,blackwell,16,1048576,Dense,2,5643.0,1.0,378.17812142277126,378.17812142277126,OK,13.1
Qwen/Qwen2-72B,blackwell,32,262144,Dense,2,2894.2,1.0,206.71756811243876,206.71756811243876,OK,7.8
Qwen/Qwen2-72B,blackwell,16,1048576,Dense,4,5643.0,1.0,203.22858610520967,203.22858610520967,OK,13.1
Qwen/Qwen2-72B,blackwell,32,262144,Dense,8,2894.2,1.0,72.28372984772135,78.41779212003046,OK,7.4
Qwen/Qwen2-72B,blackwell,32,262144,Sparse,1,2894.2,0.1,77.31237429004811,77.31237429004811,OK,7.4
Qwen/Qwen2-72B,blackwell,32,262144,Dense,4,2894.2,1.0,117.57331820906828,117.57331820906828,OK,7.7
Qwen/Qwen2-72B,blackwell,32,262144,Sparse,2,2894.2,0.1,65.06351934443872,65.06351934443872,OK,7.6
Qwen/Qwen2-72B,blackwell,32,262144,Sparse,4,2894.2,0.1,57.32180128106827,57.32180128106827,OK,7.4
Qwen/Qwen2-72B,blackwell,16,1048576,Dense,8,5643.0,1.0,115.29484117116175,115.29484117116175,OK,13.4
Qwen/Qwen2-72B,blackwell,32,262144,Sparse,8,2894.2,0.1,52.88618795972133,58.86750424803045,OK,7.4
Qwen/Qwen2-72B,blackwell,16,1048576,Sparse,2,5643.0,0.1,81.90834657477127,81.90834657477127,OK,13.3
Qwen/Qwen2-72B,blackwell,16,1048576,Sparse,4,5643.0,0.1,65.66883749720968,65.66883749720968,OK,13.3
Qwen/Qwen2-72B,blackwell,16,1048576,Sparse,8,5643.0,0.1,57.09006881916173,57.09006881916173,OK,13.6
Qwen/Qwen2-72B,blackwell,2,2097152,Sparse,4,1519.8,0.1,52.653844849397416,52.653844849397416,OK,72.4
Qwen/Qwen2-72B,blackwell,32,393216,Dense,4,4268.6,1.0,160.52299116906826,160.52299116906826,OK,8.7
Qwen/Qwen2-72B,blackwell,32,393216,Dense,2,4268.6,1.0,292.61691403243873,292.61691403243873,OK,8.9
Qwen/Qwen2-72B,blackwell,32,393216,Sparse,2,4268.6,0.1,73.65323275243871,73.65323275243871,OK,8.5
Qwen/Qwen2-72B,blackwell,32,393216,Dense,8,4268.6,1.0,94.09455112772133,94.09455112772133,OK,8.9
Qwen/Qwen2-72B,blackwell,32,393216,Sparse,4,4268.6,0.1,61.61654739306826,61.61654739306826,OK,8.8
Qwen/Qwen2-72B,blackwell,32,393216,Sparse,8,4268.6,0.1,55.01661791172134,61.01471141603046,OK,8.6
Qwen/Qwen2-72B,blackwell,2,2097152,Dense,8,1519.8,1.0,50.72372179336429,50.72372179336429,OK,76.2
Qwen/Qwen2-72B,blackwell,32,524288,Dense,2,5643.0,1.0,378.5162599524387,378.5162599524387,OK,9.7
Qwen/Qwen2-72B,blackwell,32,524288,Dense,4,5643.0,1.0,203.47266412906822,203.47266412906822,OK,9.8
Qwen/Qwen2-72B,blackwell,32,524288,Dense,8,5643.0,1.0,115.56938760772137,115.56938760772137,OK,9.9
Qwen/Qwen2-72B,blackwell,32,524288,Sparse,2,5643.0,0.1,82.2430936164387,82.2430936164387,OK,9.9
Qwen/Qwen2-72B,blackwell,32,524288,Sparse,4,5643.0,0.1,65.91133036906825,65.91133036906825,OK,9.9
Qwen/Qwen2-72B,blackwell,32,524288,Sparse,8,5643.0,0.1,57.14715845572134,63.162029176030465,OK,9.9
Qwen/Qwen2-72B,blackwell,32,786432,Sparse,4,8391.7,0.1,74.50115436906825,74.50115436906825,OK,12.5
Qwen/Qwen2-72B,blackwell,32,786432,Sparse,8,8391.7,0.1,61.40846072772134,67.45688588003046,OK,12.5
Qwen/Qwen2-72B,blackwell,32,786432,Dense,8,8391.7,1.0,158.51906056772134,158.51906056772134,OK,12.7
Qwen/Qwen2-72B,blackwell,32,786432,Dense,4,8391.7,1.0,289.37201004906825,289.37201004906825,OK,12.8
meta-llama/Meta-Llama-3-8B,blackwell,16,2097152,Sparse,8,4414.1,0.1,39.727844730163625,39.727844730163625,OK,210.1
Qwen/Qwen2-72B,blackwell,64,131072,Dense,1,2894.2,1.0,350.11681099847294,389.89760833518307,OK,11.5
Qwen/Qwen2-72B,blackwell,64,131072,Dense,8,2894.2,1.0,78.97359139842554,78.97359139842554,OK,11.3
Qwen/Qwen2-72B,blackwell,64,131072,Dense,2,2894.2,1.0,188.4808847744075,214.22886306225251,OK,11.5
Qwen/Qwen2-72B,blackwell,64,131072,Dense,4,2894.2,1.0,107.57293073180738,124.27742342724082,OK,11.5
Qwen/Qwen2-72B,blackwell,64,131072,Sparse,1,2894.2,0.1,73.5755096224729,85.46267655436766,OK,11.5
Qwen/Qwen2-72B,blackwell,64,131072,Sparse,2,2894.2,0.1,61.960312390407516,72.56832623025251,OK,11.6
Qwen/Qwen2-72B,blackwell,64,131072,Sparse,8,2894.2,0.1,59.42243722242552,59.42243722242552,OK,11.7
Qwen/Qwen2-72B,blackwell,64,131072,Sparse,4,2894.2,0.1,63.99590497610744,63.99590497610744,OK,11.8
Qwen/Qwen2-72B,blackwell,16,2097152,Dense,4,11140.5,1.0,375.0272779452097,375.0272779452097,OK,22.6
Qwen/Qwen2-72B,blackwell,64,196608,Sparse,2,4268.6,0.1,69.50969095040752,81.15781845425252,OK,12.0
Qwen/Qwen2-72B,blackwell,64,196608,Dense,2,4268.6,1.0,264.9849897344075,300.12820898225254,OK,12.4
Qwen/Qwen2-72B,blackwell,64,196608,Dense,4,4268.6,1.0,145.3216667318074,167.22709638724086,OK,12.4
Qwen/Qwen2-72B,blackwell,64,196608,Sparse,4,4268.6,0.1,68.29035617610745,68.29035617610745,OK,11.9
Qwen/Qwen2-72B,blackwell,64,196608,Dense,8,4268.6,1.0,100.44842787842552,100.44842787842552,OK,12.5
Qwen/Qwen2-72B,blackwell,64,196608,Sparse,8,4268.6,0.1,61.569331046425525,61.569331046425525,OK,12.1
Qwen/Qwen2-72B,blackwell,16,2097152,Sparse,4,11140.5,0.1,82.84859608920969,82.84859608920969,OK,22.7
Qwen/Qwen2-72B,blackwell,32,1048576,Dense,4,11140.5,1.0,375.2713559690683,375.2713559690683,OK,14.8
Qwen/Qwen2-72B,blackwell,64,262144,Dense,2,5643.0,1.0,344.1744530944075,386.0275549022525,OK,12.6
Qwen/Qwen2-72B,blackwell,32,1048576,Dense,8,11140.5,1.0,201.46873352772133,201.46873352772133,OK,14.9
Qwen/Qwen2-72B,blackwell,32,1048576,Sparse,8,11140.5,0.1,65.66976299972133,71.75174258403044,OK,14.8
Qwen/Qwen2-72B,blackwell,64,262144,Dense,4,5643.0,1.0,183.0704027318074,210.17676934724085,OK,12.6
Qwen/Qwen2-72B,blackwell,64,262144,Dense,8,5643.0,1.0,121.92326435842554,121.92326435842554,OK,12.4
Qwen/Qwen2-72B,blackwell,64,262144,Sparse,2,5643.0,0.1,77.05929069440752,89.74760559025252,OK,12.5
Qwen/Qwen2-72B,blackwell,64,262144,Sparse,4,5643.0,0.1,62.16440849180738,72.61233901124083,OK,12.5
Qwen/Qwen2-72B,blackwell,64,262144,Sparse,8,5643.0,0.1,63.71650135042552,63.71650135042552,OK,12.9
Qwen/Qwen2-72B,blackwell,32,1048576,Sparse,4,11140.5,0.1,83.09105209706827,83.09105209706827,OK,16.3
Qwen/Qwen2-72B,blackwell,1,2097152,Dense,8,832.6,1.0,34.18648464105517,34.18648464105517,OK,112.2
meta-llama/Meta-Llama-3-8B,blackwell,32,2097152,Dense,8,8812.2,1.0,137.60348435466568,151.7507248629742,OK,212.9
Qwen/Qwen2-72B,blackwell,64,393216,Dense,8,8391.7,1.0,164.8418231025168,164.8418231025168,OK,14.0
Qwen/Qwen2-72B,blackwell,64,393216,Dense,4,8391.7,1.0,260.5820625718074,296.0761152672408,OK,14.2
Qwen/Qwen2-72B,blackwell,64,393216,Sparse,8,8391.7,0.1,68.01119216642552,68.01119216642552,OK,13.9
Qwen/Qwen2-72B,blackwell,64,393216,Sparse,4,8391.7,0.1,69.71393450780738,81.20197869124084,OK,14.2
Qwen/Qwen2-72B,blackwell,64,524288,Dense,4,11140.5,1.0,338.09326145180734,381.9754611872408,OK,15.0
meta-llama/Meta-Llama-3-8B,blackwell,1,2097152,Dense,8,290.9,1.0,13.867735978661822,13.867735978661822,OK,231.1
Qwen/Qwen2-72B,blackwell,64,524288,Sparse,8,11140.5,0.1,72.30597514242552,72.30597514242552,OK,15.0
Qwen/Qwen2-72B,blackwell,64,524288,Dense,8,11140.5,1.0,181.1149017925271,207.82261027842546,OK,15.3
Qwen/Qwen2-72B,blackwell,64,524288,Sparse,4,11140.5,0.1,77.26357111580737,89.79180269124082,OK,15.8
Qwen/Qwen2-72B,blackwell,8,2097152,Sparse,8,5643.0,0.1,56.9542577293643,56.9542577293643,OK,44.2
Qwen/Qwen2-72B,blackwell,8,2097152,Dense,8,5643.0,1.0,115.15867987336429,115.15867987336429,OK,45.8
Qwen/Qwen2-72B,blackwell,16,2097152,Sparse,8,11140.5,0.1,65.67991125116174,65.67991125116174,OK,30.0
Qwen/Qwen2-72B,blackwell,64,786432,Dense,8,16638.1,1.0,256.6123737925271,293.7219561984255,OK,17.8
Qwen/Qwen2-72B,blackwell,16,2097152,Dense,8,11140.5,1.0,201.19418709116172,201.19418709116172,OK,31.2
Qwen/Qwen2-72B,blackwell,64,786432,Sparse,8,16638.1,0.1,80.89579914242552,80.89579914242552,OK,17.4
Qwen/Qwen2-72B,blackwell,64,1048576,Sparse,8,22135.6,0.1,89.48562314242552,89.48562314242552,OK,19.6
Qwen/Qwen2-72B,blackwell,64,1048576,Dense,8,22135.6,1.0,333.4524635525272,379.6213021184256,OK,20.1
Qwen/Qwen2-72B,blackwell,2,2097152,Sparse,8,1519.8,0.1,50.5016530573643,50.5016530573643,OK,95.6
mistralai/Mixtral-8x22B-v0.1,blackwell,1,131072,Dense,1,312.1,1.0,22.688061550962406,22.688061550962406,OK,20.7
Qwen/Qwen2-72B,blackwell,32,2097152,Dense,8,22135.6,1.0,373.26742536772133,373.26742536772133,OK,34.3
mistralai/Mixtral-8x22B-v0.1,blackwell,1,131072,Dense,8,312.1,1.0,17.383892496982615,17.383892496982615,OK,21.9
mistralai/Mixtral-8x22B-v0.1,blackwell,1,131072,Sparse,4,312.1,0.1,18.54602328145436,18.54602328145436,OK,21.3
mistralai/Mixtral-8x22B-v0.1,blackwell,1,131072,HBM-only,2,312.1,1.0,21.033598998256643,21.033598998256643,OK,21.2
Qwen/Qwen2-72B,blackwell,128,131072,Sparse,4,5643.0,0.1,68.60071754419306,86.0124413569639,OK,28.6
Qwen/Qwen2-72B,blackwell,128,131072,Sparse,8,5643.0,0.1,69.10072460494324,76.40852701084162,OK,27.9
mistralai/Mixtral-8x22B-v0.1,blackwell,1,196608,Dense,1,327.1,1.0,24.567109742962412,24.567109742962412,OK,22.4
Qwen/Qwen2-72B,blackwell,128,131072,Dense,8,5643.0,1.0,114.4640261973515,128.69065358169902,OK,30.6
Qwen/Qwen2-72B,blackwell,32,2097152,Sparse,8,22135.6,0.1,83.13344213572132,83.13344213572132,OK,36.7
mistralai/Mixtral-8x22B-v0.1,blackwell,1,196608,HBM-only,8,327.1,1.0,17.618773520982618,17.618773520982618,OK,21.6
Qwen/Qwen2-72B,blackwell,128,131072,Sparse,2,5643.0,0.1,86.15546802017904,97.85924250250984,OK,30.2
mistralai/Mixtral-8x22B-v0.1,blackwell,1,196608,HBM-only,2,327.1,1.0,21.973123094256646,21.973123094256646,OK,22.0
mistralai/Mixtral-8x22B-v0.1,blackwell,1,131072,Sparse,1,312.1,0.1,19.307108462962404,19.307108462962404,OK,24.9
mistralai/Mixtral-8x22B-v0.1,blackwell,1,262144,Sparse,1,342.1,0.1,19.684595822962407,19.684595822962407,OK,20.9
Qwen/Qwen2-72B,blackwell,128,131072,Dense,4,5643.0,1.0,204.43095913204317,217.07637369296427,OK,32.3
Qwen/Qwen2-72B,blackwell,128,196608,Sparse,8,8391.7,0.1,73.58729916612081,80.70480112820603,OK,29.6
mistralai/Mixtral-8x22B-v0.1,blackwell,1,196608,Sparse,4,327.1,0.1,19.01578532945436,19.01578532945436,OK,23.8
mistralai/Mixtral-8x22B-v0.1,blackwell,1,131072,Dense,4,312.1,1.0,18.54602328145436,18.54602328145436,OK,26.9
mistralai/Mixtral-8x22B-v0.1,blackwell,1,131072,Sparse,8,312.1,0.1,17.383892496982615,17.383892496982615,OK,25.7
mistralai/Mixtral-8x22B-v0.1,blackwell,1,196608,Dense,4,327.1,1.0,19.01578532945436,19.01578532945436,OK,25.1
mistralai/Mixtral-8x22B-v0.1,blackwell,1,131072,Dense,2,312.1,1.0,21.033598998256643,21.033598998256643,OK,27.4
Qwen/Qwen2-72B,blackwell,128,196608,Sparse,4,8391.7,0.1,76.70145116517699,94.57716026963296,OK,31.3
mistralai/Mixtral-8x22B-v0.1,blackwell,1,262144,Dense,8,342.1,1.0,17.853654544982614,17.853654544982614,OK,23.1
mistralai/Mixtral-8x22B-v0.1,blackwell,1,262144,HBM-only,2,342.1,1.0,22.912647190256646,22.912647190256646,OK,21.4
mistralai/Mixtral-8x22B-v0.1,blackwell,1,262144,Sparse,4,342.1,0.1,19.48554737745436,19.48554737745436,OK,23.0
Qwen/Qwen2-72B,blackwell,128,131072,Dense,2,5643.0,1.0,387.4270436790517,387.4270436790517,OK,35.0
Qwen/Qwen2-72B,blackwell,128,196608,Dense,8,8391.7,1.0,156.56134477325634,171.55831867506345,OK,32.4
mistralai/Mixtral-8x22B-v0.1,blackwell,1,196608,Sparse,1,327.1,0.1,19.495852142962406,19.495852142962406,OK,26.5
mistralai/Mixtral-8x22B-v0.1,blackwell,1,262144,Dense,4,342.1,1.0,19.48554737745436,19.48554737745436,OK,24.7
mistralai/Mixtral-8x22B-v0.1,blackwell,1,262144,HBM-only,4,342.1,1.0,19.48554737745436,19.48554737745436,OK,22.7
Qwen/Qwen2-72B,blackwell,128,262144,Sparse,8,11140.5,0.1,67.38126170430519,85.03133576858781,OK,29.9
mistralai/Mixtral-8x22B-v0.1,blackwell,1,196608,Sparse,2,327.1,0.1,21.973123094256646,21.973123094256646,OK,27.1
mistralai/Mixtral-8x22B-v0.1,blackwell,1,196608,Sparse,8,327.1,0.1,17.618773520982618,17.618773520982618,OK,27.0
mistralai/Mixtral-8x22B-v0.1,blackwell,1,262144,Dense,1,342.1,1.0,26.446157934962407,26.446157934962407,OK,27.0
mistralai/Mixtral-8x22B-v0.1,blackwell,1,393216,Sparse,1,372.2,0.1,20.062083182962404,20.062083182962404,OK,21.1
Qwen/Qwen2-72B,blackwell,128,393216,Sparse,8,16638.1,0.1,75.78992695766922,93.62322930462511,OK,32.2
Qwen/Qwen2-72B,blackwell,128,262144,Sparse,4,11140.5,0.1,85.06937947882892,96.88634518776915,OK,32.3
mistralai/Mixtral-8x22B-v0.1,blackwell,1,131072,HBM-only,8,312.1,1.0,17.383892496982615,17.383892496982615,OK,30.4
mistralai/Mixtral-8x22B-v0.1,blackwell,1,196608,HBM-only,4,327.1,1.0,19.01578532945436,19.01578532945436,OK,28.9
mistralai/Mixtral-8x22B-v0.1,blackwell,1,131072,HBM-only,4,312.1,1.0,18.54602328145436,18.54602328145436,OK,30.7
mistralai/Mixtral-8x22B-v0.1,blackwell,1,131072,Sparse,2,312.1,0.1,21.033598998256643,21.033598998256643,OK,31.5
mistralai/Mixtral-8x22B-v0.1,blackwell,1,393216,Dense,2,372.2,1.0,24.791695382256645,24.791695382256645,OK,25.1
Qwen/Qwen2-72B,blackwell,128,196608,Dense,4,8391.7,1.0,297.10959167222006,297.10959167222006,OK,36.3
mistralai/Mixtral-8x22B-v0.1,blackwell,1,262144,HBM-only,8,342.1,1.0,17.853654544982614,17.853654544982614,OK,26.0
mistralai/Mixtral-8x22B-v0.1,blackwell,1,262144,Sparse,2,342.1,0.1,22.912647190256646,22.912647190256646,OK,27.5
mistralai/Mixtral-8x22B-v0.1,blackwell,1,393216,Dense,8,372.2,1.0,18.323416592982614,18.323416592982614,OK,24.2
Qwen/Qwen2-72B,blackwell,128,262144,Dense,8,11140.5,1.0,199.46371275985658,214.42560812575496,OK,34.2
Qwen/Qwen2-72B,blackwell,128,524288,Sparse,8,22135.6,0.1,84.32053374082876,96.31269432302616,OK,34.0
Qwen/Qwen2-72B,blackwell,128,262144,Dense,4,11140.5,1.0,383.00893759222004,383.00893759222004,OK,37.4
mistralai/Mixtral-8x22B-v0.1,blackwell,1,196608,Dense,2,327.1,1.0,21.973123094256646,21.973123094256646,OK,32.8
mistralai/Mixtral-8x22B-v0.1,blackwell,1,196608,Dense,8,327.1,1.0,17.618773520982618,17.618773520982618,OK,32.3
mistralai/Mixtral-8x22B-v0.1,blackwell,1,393216,Dense,4,372.2,1.0,20.42507147345436,20.42507147345436,OK,25.5
mistralai/Mixtral-8x22B-v0.1,blackwell,1,393216,HBM-only,4,372.2,1.0,20.42507147345436,20.42507147345436,OK,22.4
mistralai/Mixtral-8x22B-v0.1,blackwell,1,393216,Sparse,4,372.2,0.1,20.42507147345436,20.42507147345436,OK,25.6
mistralai/Mixtral-8x22B-v0.1,blackwell,1,393216,Dense,1,372.2,1.0,30.204254318962402,30.204254318962402,OK,29.0
mistralai/Mixtral-8x22B-v0.1,blackwell,2,131072,Dense,1,342.1,1.0,31.116035506748332,31.116035506748332,OK,3.9
mistralai/Mixtral-8x22B-v0.1,blackwell,2,131072,Dense,2,342.1,1.0,27.638542147866133,27.638542147866133,OK,4.1
mistralai/Mixtral-8x22B-v0.1,blackwell,2,131072,Sparse,1,342.1,0.1,24.35412933074833,24.35412933074833,OK,3.7
mistralai/Mixtral-8x22B-v0.1,blackwell,2,131072,Dense,4,342.1,1.0,23.824364917863274,23.824364917863274,OK,4.0
mistralai/Mixtral-8x22B-v0.1,blackwell,2,131072,Dense,8,342.1,1.0,22.019347645273598,22.019347645273598,OK,4.0
mistralai/Mixtral-8x22B-v0.1,blackwell,2,131072,Sparse,2,342.1,0.1,27.638542147866133,27.638542147866133,OK,3.8
Qwen/Qwen2-72B,blackwell,128,393216,Dense,8,16638.1,1.0,291.81446439495744,300.13132666726653,OK,37.5
mistralai/Mixtral-8x22B-v0.1,blackwell,1,393216,HBM-only,2,372.2,1.0,24.791695382256645,24.791695382256645,OK,24.6
mistralai/Mixtral-8x22B-v0.1,blackwell,1,262144,Sparse,8,342.1,0.1,17.853654544982614,17.853654544982614,OK,32.1
mistralai/Mixtral-8x22B-v0.1,blackwell,1,262144,Dense,2,342.1,1.0,22.912647190256646,22.912647190256646,OK,33.6
mistralai/Mixtral-8x22B-v0.1,blackwell,2,131072,Sparse,4,342.1,0.1,23.824364917863274,23.824364917863274,OK,4.1
mistralai/Mixtral-8x22B-v0.1,blackwell,2,131072,Sparse,8,342.1,0.1,22.019347645273598,22.019347645273598,OK,4.0
mistralai/Mixtral-8x22B-v0.1,blackwell,2,131072,HBM-only,2,342.1,1.0,27.638542147866133,27.638542147866133,OK,4.2
mistralai/Mixtral-8x22B-v0.1,blackwell,2,131072,HBM-only,4,342.1,1.0,23.824364917863274,23.824364917863274,OK,3.9
mistralai/Mixtral-8x22B-v0.1,blackwell,1,393216,HBM-only,8,372.2,1.0,18.323416592982614,18.323416592982614,OK,21.3
mistralai/Mixtral-8x22B-v0.1,blackwell,1,393216,Sparse,2,372.2,0.1,24.791695382256645,24.791695382256645,OK,28.3
Qwen/Qwen2-72B,blackwell,128,524288,Dense,8,22135.6,1.0,380.7674662908662,380.7674662908662,OK,38.6
mistralai/Mixtral-8x22B-v0.1,blackwell,2,131072,HBM-only,8,342.1,1.0,22.019347645273598,22.019347645273598,OK,4.0
mistralai/Mixtral-8x22B-v0.1,blackwell,2,196608,Dense,1,372.2,1.0,34.87413189074833,34.87413189074833,OK,4.6
mistralai/Mixtral-8x22B-v0.1,blackwell,2,196608,Dense,2,372.2,1.0,29.517590339866132,29.517590339866132,OK,4.9
mistralai/Mixtral-8x22B-v0.1,blackwell,2,196608,Dense,4,372.2,1.0,24.763889013863277,24.763889013863277,OK,4.7
mistralai/Mixtral-8x22B-v0.1,blackwell,2,196608,Dense,8,372.2,1.0,22.489109693273594,22.489109693273594,OK,4.7
mistralai/Mixtral-8x22B-v0.1,blackwell,2,196608,Sparse,1,372.2,0.1,24.731616690748332,24.731616690748332,OK,4.6
mistralai/Mixtral-8x22B-v0.1,blackwell,2,196608,Sparse,2,372.2,0.1,29.517590339866132,29.517590339866132,OK,4.8
mistralai/Mixtral-8x22B-v0.1,blackwell,2,196608,Sparse,4,372.2,0.1,24.763889013863277,24.763889013863277,OK,4.7
mistralai/Mixtral-8x22B-v0.1,blackwell,2,196608,Sparse,8,372.2,0.1,22.489109693273594,22.489109693273594,OK,4.8
mistralai/Mixtral-8x22B-v0.1,blackwell,2,196608,HBM-only,2,372.2,1.0,29.517590339866132,29.517590339866132,OK,4.7
mistralai/Mixtral-8x22B-v0.1,blackwell,2,196608,HBM-only,8,372.2,1.0,22.489109693273594,22.489109693273594,OK,4.8
mistralai/Mixtral-8x22B-v0.1,blackwell,2,196608,HBM-only,4,372.2,1.0,24.763889013863277,24.763889013863277,OK,4.9
mistralai/Mixtral-8x22B-v0.1,blackwell,2,262144,Dense,1,402.3,1.0,38.63222827474833,38.63222827474833,OK,5.3
mistralai/Mixtral-8x22B-v0.1,blackwell,2,262144,Dense,2,402.3,1.0,31.396638531866138,31.396638531866138,OK,5.3
mistralai/Mixtral-8x22B-v0.1,blackwell,2,262144,Sparse,1,402.3,0.1,25.109104050748332,25.109104050748332,OK,5.2
mistralai/Mixtral-8x22B-v0.1,blackwell,2,262144,Dense,4,402.3,1.0,25.703413109863277,25.703413109863277,OK,5.3
mistralai/Mixtral-8x22B-v0.1,blackwell,2,262144,Dense,8,402.3,1.0,22.958871741273597,22.958871741273597,OK,5.3
mistralai/Mixtral-8x22B-v0.1,blackwell,1,393216,Sparse,8,372.2,0.1,18.323416592982614,18.323416592982614,OK,32.7
mistralai/Mixtral-8x22B-v0.1,blackwell,2,262144,Sparse,8,402.3,0.1,22.958871741273597,22.958871741273597,OK,5.1
mistralai/Mixtral-8x22B-v0.1,blackwell,2,262144,HBM-only,4,402.3,1.0,25.703413109863277,25.703413109863277,OK,5.1
mistralai/Mixtral-8x22B-v0.1,blackwell,2,262144,Sparse,2,402.3,0.1,29.91952017026613,29.91952017026613,OK,5.5
mistralai/Mixtral-8x22B-v0.1,blackwell,2,262144,HBM-only,8,402.3,1.0,22.958871741273597,22.958871741273597,OK,5.2
mistralai/Mixtral-8x22B-v0.1,blackwell,2,262144,Sparse,4,402.3,0.1,25.703413109863277,25.703413109863277,OK,5.4
mistralai/Mixtral-8x22B-v0.1,blackwell,2,393216,Dense,1,462.4,1.0,46.148421042748325,46.148421042748325,OK,6.2
mistralai/Mixtral-8x22B-v0.1,blackwell,2,393216,Dense,2,462.4,1.0,35.154734915866136,35.154734915866136,OK,6.4
mistralai/Mixtral-8x22B-v0.1,blackwell,2,393216,Dense,4,462.4,1.0,27.582461301863272,27.582461301863272,OK,6.5
mistralai/Mixtral-8x22B-v0.1,blackwell,2,393216,Dense,8,462.4,1.0,23.898395837273593,23.898395837273593,OK,6.5
mistralai/Mixtral-8x22B-v0.1,blackwell,2,393216,Sparse,1,462.4,0.1,25.859360178748332,25.859360178748332,OK,6.2
mistralai/Mixtral-8x22B-v0.1,blackwell,2,393216,Sparse,4,462.4,0.1,27.582461301863272,27.582461301863272,OK,6.3
mistralai/Mixtral-8x22B-v0.1,blackwell,2,393216,Sparse,2,462.4,0.1,30.295174979866133,30.295174979866133,OK,6.6
mistralai/Mixtral-8x22B-v0.1,blackwell,2,393216,HBM-only,8,462.4,1.0,23.898395837273593,23.898395837273593,OK,6.3
mistralai/Mixtral-8x22B-v0.1,blackwell,2,393216,HBM-only,4,462.4,1.0,27.582461301863272,27.582461301863272,OK,6.4
mistralai/Mixtral-8x22B-v0.1,blackwell,2,393216,Sparse,8,462.4,0.1,23.898395837273593,23.898395837273593,OK,6.5
mistralai/Mixtral-8x22B-v0.1,blackwell,1,524288,Dense,1,402.3,1.0,33.962350702962404,33.962350702962404,OK,28.2
mistralai/Mixtral-8x22B-v0.1,blackwell,2,524288,Sparse,1,522.5,0.1,26.606470578748333,26.606470578748333,OK,7.2
mistralai/Mixtral-8x22B-v0.1,blackwell,2,524288,Dense,1,522.5,1.0,53.664613810748335,53.664613810748335,OK,8.7
mistralai/Mixtral-8x22B-v0.1,blackwell,1,524288,Dense,2,402.3,1.0,26.670743574256647,26.670743574256647,OK,28.1
mistralai/Mixtral-8x22B-v0.1,blackwell,1,524288,Dense,8,402.3,1.0,18.793178640982617,18.793178640982617,OK,28.1
mistralai/Mixtral-8x22B-v0.1,blackwell,2,524288,Sparse,2,522.5,0.1,30.670984618266132,30.670984618266132,OK,8.4
mistralai/Mixtral-8x22B-v0.1,blackwell,2,524288,Dense,2,522.5,1.0,38.91283129986613,38.91283129986613,OK,10.0
mistralai/Mixtral-8x22B-v0.1,blackwell,1,524288,Sparse,2,402.3,0.1,25.19367682225664,25.19367682225664,OK,27.6
mistralai/Mixtral-8x22B-v0.1,blackwell,1,524288,Sparse,8,402.3,0.1,18.793178640982617,18.793178640982617,OK,27.3
mistralai/Mixtral-8x22B-v0.1,blackwell,1,524288,HBM-only,8,402.3,1.0,18.793178640982617,18.793178640982617,OK,26.6
mistralai/Mixtral-8x22B-v0.1,blackwell,2,524288,Dense,8,522.5,1.0,24.837919933273593,24.837919933273593,OK,9.1
mistralai/Mixtral-8x22B-v0.1,blackwell,2,524288,Sparse,8,522.5,0.1,24.837919933273593,24.837919933273593,OK,8.7
mistralai/Mixtral-8x22B-v0.1,blackwell,2,524288,HBM-only,8,522.5,1.0,24.837919933273593,24.837919933273593,OK,8.5
mistralai/Mixtral-8x22B-v0.1,blackwell,1,524288,Dense,4,402.3,1.0,21.364595569454355,21.364595569454355,OK,30.3
mistralai/Mixtral-8x22B-v0.1,blackwell,1,524288,HBM-only,4,402.3,1.0,21.364595569454355,21.364595569454355,OK,28.5
mistralai/Mixtral-8x22B-v0.1,blackwell,2,524288,Sparse,4,522.5,0.1,29.461509493863275,29.461509493863275,OK,10.4
mistralai/Mixtral-8x22B-v0.1,blackwell,1,524288,Sparse,4,402.3,0.1,21.364595569454355,21.364595569454355,OK,29.4
mistralai/Mixtral-8x22B-v0.1,blackwell,2,524288,Dense,4,522.5,1.0,29.461509493863275,29.461509493863275,OK,12.1
mistralai/Mixtral-8x22B-v0.1,blackwell,2,524288,HBM-only,4,522.5,1.0,29.461509493863275,29.461509493863275,OK,10.7
mistralai/Mixtral-8x22B-v0.1,blackwell,1,524288,Sparse,1,402.3,0.1,20.433279086962404,20.433279086962404,OK,32.1
mistralai/Mixtral-8x22B-v0.1,blackwell,4,131072,Dense,1,402.3,1.0,38.63526840274834,38.63526840274834,OK,3.7
mistralai/Mixtral-8x22B-v0.1,blackwell,4,131072,Dense,2,402.3,1.0,31.39933459586613,31.39933459586613,OK,3.9
mistralai/Mixtral-8x22B-v0.1,blackwell,4,131072,Dense,4,402.3,1.0,25.705937141863277,25.705937141863277,OK,4.0
mistralai/Mixtral-8x22B-v0.1,blackwell,4,131072,Dense,8,402.3,1.0,22.961309757273593,22.961309757273593,OK,3.9
mistralai/Mixtral-8x22B-v0.1,blackwell,4,131072,Sparse,1,402.3,0.1,25.111456050748334,25.111456050748334,OK,3.7
mistralai/Mixtral-8x22B-v0.1,blackwell,4,131072,Sparse,2,402.3,0.1,29.92211301506613,29.92211301506613,OK,3.8
mistralai/Mixtral-8x22B-v0.1,blackwell,1,786432,Dense,1,462.4,1.0,41.47854347096241,41.47854347096241,OK,35.9
mistralai/Mixtral-8x22B-v0.1,blackwell,4,131072,Sparse,8,402.3,0.1,22.961309757273593,22.961309757273593,OK,3.7
mistralai/Mixtral-8x22B-v0.1,blackwell,4,131072,Sparse,4,402.3,0.1,25.705937141863277,25.705937141863277,OK,3.9
mistralai/Mixtral-8x22B-v0.1,blackwell,4,131072,HBM-only,4,402.3,1.0,25.705937141863277,25.705937141863277,OK,3.8
mistralai/Mixtral-8x22B-v0.1,blackwell,2,786432,Dense,1,642.8,1.0,68.69699934674833,68.69699934674833,OK,18.5
mistralai/Mixtral-8x22B-v0.1,blackwell,2,786432,Sparse,1,642.8,0.1,28.11170142674833,28.11170142674833,OK,17.3
mistralai/Mixtral-8x22B-v0.1,blackwell,1,786432,Sparse,1,462.4,0.1,21.188253806962404,21.188253806962404,OK,36.4
mistralai/Mixtral-8x22B-v0.1,blackwell,4,131072,HBM-only,8,402.3,1.0,22.961309757273593,22.961309757273593,OK,3.9
mistralai/Mixtral-8x22B-v0.1,blackwell,1,786432,Dense,2,462.4,1.0,30.428839958256653,30.428839958256653,OK,37.8
mistralai/Mixtral-8x22B-v0.1,blackwell,1,786432,Dense,8,462.4,1.0,19.732702736982613,19.732702736982613,OK,37.9
mistralai/Mixtral-8x22B-v0.1,blackwell,1,786432,Sparse,2,462.4,0.1,25.569331631856645,25.569331631856645,OK,37.8
mistralai/Mixtral-8x22B-v0.1,blackwell,2,786432,Dense,2,642.8,1.0,46.42902406786614,46.42902406786614,OK,20.7
mistralai/Mixtral-8x22B-v0.1,blackwell,1,786432,HBM-only,8,462.4,1.0,19.732702736982613,19.732702736982613,OK,37.2
mistralai/Mixtral-8x22B-v0.1,blackwell,1,786432,Sparse,8,462.4,0.1,19.732702736982613,19.732702736982613,OK,38.0
mistralai/Mixtral-8x22B-v0.1,blackwell,2,786432,Sparse,2,642.8,0.1,31.422655504666135,31.422655504666135,OK,19.5
mistralai/Mixtral-8x22B-v0.1,blackwell,2,786432,Dense,8,642.8,1.0,26.716968125273596,26.716968125273596,OK,21.2
mistralai/Mixtral-8x22B-v0.1,blackwell,2,786432,Sparse,8,642.8,0.1,26.716968125273596,26.716968125273596,OK,18.4
mistralai/Mixtral-8x22B-v0.1,blackwell,2,786432,HBM-only,8,642.8,1.0,26.716968125273596,26.716968125273596,OK,18.1
mistralai/Mixtral-8x22B-v0.1,blackwell,4,196608,Dense,2,462.4,1.0,35.157430979866135,35.157430979866135,OK,4.6
mistralai/Mixtral-8x22B-v0.1,blackwell,4,196608,Dense,4,462.4,1.0,27.584985333863276,27.584985333863276,OK,4.4
mistralai/Mixtral-8x22B-v0.1,blackwell,4,196608,Dense,1,462.4,1.0,46.151461170748334,46.151461170748334,OK,4.8
mistralai/Mixtral-8x22B-v0.1,blackwell,4,196608,Sparse,1,462.4,0.1,25.86013931474833,25.86013931474833,OK,4.4
mistralai/Mixtral-8x22B-v0.1,blackwell,4,196608,Dense,8,462.4,1.0,23.900833853273593,23.900833853273593,OK,4.7
mistralai/Mixtral-8x22B-v0.1,blackwell,4,196608,Sparse,2,462.4,0.1,30.29771621506613,30.29771621506613,OK,4.3
mistralai/Mixtral-8x22B-v0.1,blackwell,4,196608,Sparse,4,462.4,0.1,27.584985333863276,27.584985333863276,OK,4.5
mistralai/Mixtral-8x22B-v0.1,blackwell,4,196608,Sparse,8,462.4,0.1,23.900833853273593,23.900833853273593,OK,4.3
mistralai/Mixtral-8x22B-v0.1,blackwell,4,196608,HBM-only,4,462.4,1.0,27.584985333863276,27.584985333863276,OK,4.5
mistralai/Mixtral-8x22B-v0.1,blackwell,4,196608,HBM-only,8,462.4,1.0,23.900833853273593,23.900833853273593,OK,4.5
mistralai/Mixtral-8x22B-v0.1,blackwell,4,262144,Dense,1,522.5,1.0,53.66765393874834,53.66765393874834,OK,5.0
mistralai/Mixtral-8x22B-v0.1,blackwell,1,786432,Dense,4,462.4,1.0,23.243643761454358,23.243643761454358,OK,43.4
mistralai/Mixtral-8x22B-v0.1,blackwell,4,262144,Dense,2,522.5,1.0,38.91552736386613,38.91552736386613,OK,5.0
mistralai/Mixtral-8x22B-v0.1,blackwell,4,262144,Dense,4,522.5,1.0,29.464033525863275,29.464033525863275,OK,5.3
mistralai/Mixtral-8x22B-v0.1,blackwell,2,786432,Sparse,4,642.8,0.1,33.21960587786327,33.21960587786327,OK,23.5
mistralai/Mixtral-8x22B-v0.1,blackwell,1,786432,HBM-only,4,462.4,1.0,23.243643761454358,23.243643761454358,OK,42.3
mistralai/Mixtral-8x22B-v0.1,blackwell,2,786432,Dense,4,642.8,1.0,33.21960587786327,33.21960587786327,OK,26.1
mistralai/Mixtral-8x22B-v0.1,blackwell,4,262144,Sparse,1,522.5,0.1,26.61511403474833,26.61511403474833,OK,5.1
mistralai/Mixtral-8x22B-v0.1,blackwell,4,262144,Sparse,2,522.5,0.1,30.673525853466128,30.673525853466128,OK,5.1
mistralai/Mixtral-8x22B-v0.1,blackwell,4,262144,Sparse,4,522.5,0.1,29.464033525863275,29.464033525863275,OK,5.1
mistralai/Mixtral-8x22B-v0.1,blackwell,4,262144,Dense,8,522.5,1.0,24.840357949273596,24.840357949273596,OK,5.4
mistralai/Mixtral-8x22B-v0.1,blackwell,4,262144,Sparse,8,522.5,0.1,24.840357949273596,24.840357949273596,OK,5.3
mistralai/Mixtral-8x22B-v0.1,blackwell,4,262144,HBM-only,4,522.5,1.0,29.464033525863275,29.464033525863275,OK,5.2
mistralai/Mixtral-8x22B-v0.1,blackwell,1,786432,Sparse,4,462.4,0.1,23.243643761454358,23.243643761454358,OK,44.0
mistralai/Mixtral-8x22B-v0.1,blackwell,4,262144,HBM-only,8,522.5,1.0,24.840357949273596,24.840357949273596,OK,5.3
mistralai/Mixtral-8x22B-v0.1,blackwell,4,393216,Dense,1,642.8,1.0,68.70003947474832,68.70003947474832,OK,6.2
mistralai/Mixtral-8x22B-v0.1,blackwell,1,1048576,Dense,1,522.5,1.0,48.9947362389624,48.9947362389624,OK,44.8
mistralai/Mixtral-8x22B-v0.1,blackwell,4,393216,Dense,4,642.8,1.0,33.22212990986327,33.22212990986327,OK,6.4
mistralai/Mixtral-8x22B-v0.1,blackwell,4,393216,Dense,2,642.8,1.0,46.43172013186613,46.43172013186613,OK,6.6
mistralai/Mixtral-8x22B-v0.1,blackwell,4,393216,Dense,8,642.8,1.0,26.719406141273595,26.719406141273595,OK,6.5
mistralai/Mixtral-8x22B-v0.1,blackwell,2,786432,HBM-only,4,642.8,1.0,33.21960587786327,33.21960587786327,OK,26.1
mistralai/Mixtral-8x22B-v0.1,blackwell,4,393216,Sparse,1,642.8,0.1,28.11405342674833,28.11405342674833,OK,6.4
mistralai/Mixtral-8x22B-v0.1,blackwell,2,1048576,Dense,1,763.0,1.0,83.72938488274833,83.72938488274833,OK,26.3
mistralai/Mixtral-8x22B-v0.1,blackwell,4,393216,Sparse,4,642.8,0.1,33.22212990986327,33.22212990986327,OK,6.5
mistralai/Mixtral-8x22B-v0.1,blackwell,2,1048576,Sparse,1,763.0,0.1,29.613786546748333,29.613786546748333,OK,24.2
mistralai/Mixtral-8x22B-v0.1,blackwell,4,393216,Sparse,2,642.8,0.1,31.425041911066135,31.425041911066135,OK,6.7
mistralai/Mixtral-8x22B-v0.1,blackwell,4,393216,Sparse,8,642.8,0.1,26.719406141273595,26.719406141273595,OK,6.5
mistralai/Mixtral-8x22B-v0.1,blackwell,4,393216,HBM-only,4,642.8,1.0,33.22212990986327,33.22212990986327,OK,6.5
mistralai/Mixtral-8x22B-v0.1,blackwell,4,393216,HBM-only,8,642.8,1.0,26.719406141273595,26.719406141273595,OK,6.6
mistralai/Mixtral-8x22B-v0.1,blackwell,4,524288,Dense,1,763.0,1.0,83.73242501074834,83.73242501074834,OK,7.2
mistralai/Mixtral-8x22B-v0.1,blackwell,1,1048576,Sparse,1,522.5,0.1,21.936937070962408,21.936937070962408,OK,48.4
mistralai/Mixtral-8x22B-v0.1,blackwell,4,524288,Dense,2,763.0,1.0,53.947912899866125,53.947912899866125,OK,7.7
mistralai/Mixtral-8x22B-v0.1,blackwell,4,524288,Dense,4,763.0,1.0,36.980226293863275,36.980226293863275,OK,7.4
mistralai/Mixtral-8x22B-v0.1,blackwell,4,524288,Sparse,1,763.0,0.1,29.616138546748335,29.616138546748335,OK,7.3
mistralai/Mixtral-8x22B-v0.1,blackwell,4,524288,Dense,8,763.0,1.0,28.598454333273597,28.598454333273597,OK,7.5
mistralai/Mixtral-8x22B-v0.1,blackwell,4,524288,Sparse,4,763.0,0.1,36.669846159463276,36.669846159463276,OK,7.4
mistralai/Mixtral-8x22B-v0.1,blackwell,4,524288,Sparse,2,763.0,0.1,32.17660957826614,32.17660957826614,OK,7.7
mistralai/Mixtral-8x22B-v0.1,blackwell,4,524288,HBM-only,4,763.0,1.0,36.980226293863275,36.980226293863275,OK,7.5
mistralai/Mixtral-8x22B-v0.1,blackwell,4,524288,Sparse,8,763.0,0.1,28.598454333273597,28.598454333273597,OK,7.7
mistralai/Mixtral-8x22B-v0.1,blackwell,4,524288,HBM-only,8,763.0,1.0,28.598454333273597,28.598454333273597,OK,7.7
mistralai/Mixtral-8x22B-v0.1,blackwell,1,1048576,Dense,8,522.5,1.0,20.672226832982616,20.672226832982616,OK,49.6
mistralai/Mixtral-8x22B-v0.1,blackwell,1,1048576,HBM-only,8,522.5,1.0,20.672226832982616,20.672226832982616,OK,49.3
mistralai/Mixtral-8x22B-v0.1,blackwell,2,1048576,Dense,8,763.0,1.0,28.59601631727359,28.59601631727359,OK,31.1
mistralai/Mixtral-8x22B-v0.1,blackwell,2,1048576,HBM-only,8,763.0,1.0,28.59601631727359,28.59601631727359,OK,27.5
mistralai/Mixtral-8x22B-v0.1,blackwell,1,1048576,Dense,2,522.5,1.0,34.18693634225665,34.18693634225665,OK,51.4
mistralai/Mixtral-8x22B-v0.1,blackwell,1,1048576,Sparse,8,522.5,0.1,20.672226832982616,20.672226832982616,OK,50.6
mistralai/Mixtral-8x22B-v0.1,blackwell,4,786432,Dense,1,1003.6,1.0,113.79719608274836,113.79719608274836,OK,9.4
mistralai/Mixtral-8x22B-v0.1,blackwell,1,1048576,Sparse,2,522.5,0.1,25.94514127025665,25.94514127025665,OK,51.6
mistralai/Mixtral-8x22B-v0.1,blackwell,4,786432,Dense,4,1003.6,1.0,44.49641906186327,44.49641906186327,OK,10.0
mistralai/Mixtral-8x22B-v0.1,blackwell,4,786432,Dense,2,1003.6,1.0,68.98029843586615,68.98029843586615,OK,10.0
mistralai/Mixtral-8x22B-v0.1,blackwell,2,1048576,Dense,2,763.0,1.0,53.945216835866134,53.945216835866134,OK,32.7
mistralai/Mixtral-8x22B-v0.1,blackwell,2,1048576,Sparse,2,763.0,0.1,32.17411995266613,32.17411995266613,OK,30.3
mistralai/Mixtral-8x22B-v0.1,blackwell,4,786432,Dense,8,1003.6,1.0,32.35655071727359,32.35655071727359,OK,10.1
mistralai/Mixtral-8x22B-v0.1,blackwell,8,131072,Dense,1,522.5,1.0,53.67373419474833,53.67373419474833,OK,3.8
mistralai/Mixtral-8x22B-v0.1,blackwell,8,131072,Dense,8,522.5,1.0,24.845233981273594,24.845233981273594,OK,3.8
mistralai/Mixtral-8x22B-v0.1,blackwell,8,131072,Dense,2,522.5,1.0,38.92091949186613,38.92091949186613,OK,4.1
mistralai/Mixtral-8x22B-v0.1,blackwell,8,131072,Dense,4,522.5,1.0,29.46908158986328,29.46908158986328,OK,4.0
mistralai/Mixtral-8x22B-v0.1,blackwell,4,786432,Sparse,1,1003.6,0.1,32.625027378748335,32.625027378748335,OK,9.5
mistralai/Mixtral-8x22B-v0.1,blackwell,4,786432,Sparse,2,1003.6,0.1,33.67974491266614,33.67974491266614,OK,10.2
mistralai/Mixtral-8x22B-v0.1,blackwell,8,131072,Sparse,1,522.5,0.1,26.619818034748334,26.619818034748334,OK,4.0
mistralai/Mixtral-8x22B-v0.1,blackwell,4,786432,Sparse,4,1003.6,0.1,37.421310607463276,37.421310607463276,OK,10.2
mistralai/Mixtral-8x22B-v0.1,blackwell,4,786432,Sparse,8,1003.6,0.1,32.35655071727359,32.35655071727359,OK,10.1
mistralai/Mixtral-8x22B-v0.1,blackwell,8,131072,Sparse,2,522.5,0.1,30.678505104666133,30.678505104666133,OK,4.2
mistralai/Mixtral-8x22B-v0.1,blackwell,4,786432,HBM-only,8,1003.6,1.0,32.35655071727359,32.35655071727359,OK,10.3
mistralai/Mixtral-8x22B-v0.1,blackwell,8,131072,Sparse,4,522.5,0.1,29.46908158986328,29.46908158986328,OK,4.0
mistralai/Mixtral-8x22B-v0.1,blackwell,8,131072,Sparse,8,522.5,0.1,24.845233981273594,24.845233981273594,OK,4.2
mistralai/Mixtral-8x22B-v0.1,blackwell,8,131072,HBM-only,8,522.5,1.0,24.845233981273594,24.845233981273594,OK,4.1
mistralai/Mixtral-8x22B-v0.1,blackwell,8,131072,HBM-only,4,522.5,1.0,29.46908158986328,29.46908158986328,OK,4.2
mistralai/Mixtral-8x22B-v0.1,blackwell,2,1048576,Sparse,8,763.0,0.1,28.59601631727359,28.59601631727359,OK,33.8
mistralai/Mixtral-8x22B-v0.1,blackwell,4,1048576,Dense,1,1244.1,1.0,143.86196715474833,143.86196715474833,OK,11.8
mistralai/Mixtral-8x22B-v0.1,blackwell,8,196608,Dense,1,642.8,1.0,68.70611973074833,68.70611973074833,OK,4.6
mistralai/Mixtral-8x22B-v0.1,blackwell,4,1048576,Sparse,1,1244.1,0.1,35.630770482748325,35.630770482748325,OK,11.6
mistralai/Mixtral-8x22B-v0.1,blackwell,8,196608,Sparse,1,642.8,0.1,28.11875742674833,28.11875742674833,OK,4.6
mistralai/Mixtral-8x22B-v0.1,blackwell,8,196608,Dense,4,642.8,1.0,33.22717797386328,33.22717797386328,OK,4.7
mistralai/Mixtral-8x22B-v0.1,blackwell,8,196608,Dense,2,642.8,1.0,46.43711225986613,46.43711225986613,OK,4.8
mistralai/Mixtral-8x22B-v0.1,blackwell,8,196608,Dense,8,642.8,1.0,26.724282173273593,26.724282173273593,OK,4.7
mistralai/Mixtral-8x22B-v0.1,blackwell,4,1048576,Dense,2,1244.1,1.0,84.01268397186614,84.01268397186614,OK,12.6
mistralai/Mixtral-8x22B-v0.1,blackwell,8,196608,Sparse,2,642.8,0.1,31.429969552666137,31.429969552666137,OK,4.5
mistralai/Mixtral-8x22B-v0.1,blackwell,4,1048576,Sparse,2,1244.1,0.1,35.18298346626614,35.18298346626614,OK,12.2
mistralai/Mixtral-8x22B-v0.1,blackwell,8,196608,Sparse,4,642.8,0.1,33.22717797386328,33.22717797386328,OK,4.6
mistralai/Mixtral-8x22B-v0.1,blackwell,8,196608,Sparse,8,642.8,0.1,26.724282173273593,26.724282173273593,OK,4.6
mistralai/Mixtral-8x22B-v0.1,blackwell,8,196608,HBM-only,4,642.8,1.0,33.22717797386328,33.22717797386328,OK,4.6
mistralai/Mixtral-8x22B-v0.1,blackwell,8,196608,HBM-only,8,642.8,1.0,26.724282173273593,26.724282173273593,OK,4.8
mistralai/Mixtral-8x22B-v0.1,blackwell,8,262144,Dense,1,763.0,1.0,83.73850526674835,83.73850526674835,OK,5.1
mistralai/Mixtral-8x22B-v0.1,blackwell,1,1048576,HBM-only,4,522.5,1.0,25.12269195345436,25.12269195345436,OK,58.1
mistralai/Mixtral-8x22B-v0.1,blackwell,8,262144,Dense,4,763.0,1.0,36.98527435786328,36.98527435786328,OK,5.1
mistralai/Mixtral-8x22B-v0.1,blackwell,8,262144,Sparse,1,763.0,0.1,29.627134002748335,29.627134002748335,OK,5.0
mistralai/Mixtral-8x22B-v0.1,blackwell,8,262144,Dense,2,763.0,1.0,53.953305027866136,53.953305027866136,OK,5.3
mistralai/Mixtral-8x22B-v0.1,blackwell,8,262144,Dense,8,763.0,1.0,28.603330365273596,28.603330365273596,OK,5.1
mistralai/Mixtral-8x22B-v0.1,blackwell,4,1048576,Dense,8,1244.1,1.0,36.11464710127359,36.11464710127359,OK,14.7
mistralai/Mixtral-8x22B-v0.1,blackwell,8,262144,Sparse,2,763.0,0.1,32.18148561026613,32.18148561026613,OK,5.2
mistralai/Mixtral-8x22B-v0.1,blackwell,8,262144,Sparse,4,763.0,0.1,36.674894223463276,36.674894223463276,OK,5.2
mistralai/Mixtral-8x22B-v0.1,blackwell,8,262144,Sparse,8,763.0,0.1,28.603330365273596,28.603330365273596,OK,5.2
mistralai/Mixtral-8x22B-v0.1,blackwell,4,1048576,Sparse,8,1244.1,0.1,36.11464710127359,36.11464710127359,OK,14.2
mistralai/Mixtral-8x22B-v0.1,blackwell,1,1048576,Sparse,4,522.5,0.1,25.12269195345436,25.12269195345436,OK,59.4
mistralai/Mixtral-8x22B-v0.1,blackwell,8,262144,HBM-only,4,763.0,1.0,36.98527435786328,36.98527435786328,OK,5.3
mistralai/Mixtral-8x22B-v0.1,blackwell,2,1048576,Sparse,4,763.0,0.1,36.667296322663276,36.667296322663276,OK,38.4
mistralai/Mixtral-8x22B-v0.1,blackwell,2,1048576,HBM-only,4,763.0,1.0,36.97770226186328,36.97770226186328,OK,37.8
mistralai/Mixtral-8x22B-v0.1,blackwell,8,262144,HBM-only,8,763.0,1.0,28.603330365273596,28.603330365273596,OK,5.4
mistralai/Mixtral-8x22B-v0.1,blackwell,8,393216,Dense,1,1003.6,1.0,113.80327633874835,113.80327633874835,OK,6.4
mistralai/Mixtral-8x22B-v0.1,blackwell,4,1048576,Dense,4,1244.1,1.0,52.012611829863275,52.012611829863275,OK,17.0
mistralai/Mixtral-8x22B-v0.1,blackwell,4,1048576,Sparse,4,1244.1,0.1,38.17290407946328,38.17290407946328,OK,16.8
mistralai/Mixtral-8x22B-v0.1,blackwell,8,393216,Dense,2,1003.6,1.0,68.98569056386614,68.98569056386614,OK,6.5
mistralai/Mixtral-8x22B-v0.1,blackwell,8,393216,Dense,4,1003.6,1.0,44.501467125863265,44.501467125863265,OK,6.6
mistralai/Mixtral-8x22B-v0.1,blackwell,4,1048576,HBM-only,8,1244.1,1.0,36.11464710127359,36.11464710127359,OK,15.9
mistralai/Mixtral-8x22B-v0.1,blackwell,8,393216,Sparse,1,1003.6,0.1,32.62973137874833,32.62973137874833,OK,6.4
mistralai/Mixtral-8x22B-v0.1,blackwell,8,393216,Dense,8,1003.6,1.0,32.3614267492736,32.3614267492736,OK,6.6
mistralai/Mixtral-8x22B-v0.1,blackwell,8,393216,HBM-only,8,1003.6,1.0,32.3614267492736,32.3614267492736,OK,6.5
mistralai/Mixtral-8x22B-v0.1,blackwell,8,393216,Sparse,2,1003.6,0.1,33.68467255426613,33.68467255426613,OK,6.6
mistralai/Mixtral-8x22B-v0.1,blackwell,8,393216,Sparse,8,1003.6,0.1,32.3614267492736,32.3614267492736,OK,6.5
mistralai/Mixtral-8x22B-v0.1,blackwell,8,393216,Sparse,4,1003.6,0.1,37.426255452263284,37.426255452263284,OK,6.6
mistralai/Mixtral-8x22B-v0.1,blackwell,8,524288,Dense,1,1244.1,1.0,143.86804741074832,143.86804741074832,OK,7.3
mistralai/Mixtral-8x22B-v0.1,blackwell,2,1048576,Dense,4,763.0,1.0,36.97770226186328,36.97770226186328,OK,45.5
mistralai/Mixtral-8x22B-v0.1,blackwell,8,524288,Dense,2,1244.1,1.0,84.01807609986614,84.01807609986614,OK,7.8
mistralai/Mixtral-8x22B-v0.1,blackwell,8,524288,Dense,4,1244.1,1.0,52.017659893863275,52.017659893863275,OK,7.7
mistralai/Mixtral-8x22B-v0.1,blackwell,8,524288,Dense,8,1244.1,1.0,36.1195231332736,36.1195231332736,OK,7.7
mistralai/Mixtral-8x22B-v0.1,blackwell,8,524288,Sparse,1,1244.1,0.1,35.63547448274833,35.63547448274833,OK,7.3
mistralai/Mixtral-8x22B-v0.1,blackwell,8,524288,Sparse,4,1244.1,0.1,38.17779731466328,38.17779731466328,OK,7.6
mistralai/Mixtral-8x22B-v0.1,blackwell,8,524288,Sparse,2,1244.1,0.1,35.187911107866135,35.187911107866135,OK,7.8
mistralai/Mixtral-8x22B-v0.1,blackwell,8,524288,Sparse,8,1244.1,0.1,36.1195231332736,36.1195231332736,OK,7.5
mistralai/Mixtral-8x22B-v0.1,blackwell,8,524288,HBM-only,8,1244.1,1.0,36.1195231332736,36.1195231332736,OK,7.8
mistralai/Mixtral-8x22B-v0.1,blackwell,16,131072,Dense,1,763.0,1.0,83.86799648014087,83.86799648014087,OK,4.1
mistralai/Mixtral-8x22B-v0.1,blackwell,16,131072,Dense,2,763.0,1.0,54.04897423245318,54.04897423245318,OK,4.2
mistralai/Mixtral-8x22B-v0.1,blackwell,16,131072,Dense,4,763.0,1.0,37.05894547889022,37.05894547889022,OK,4.3
mistralai/Mixtral-8x22B-v0.1,blackwell,16,131072,Dense,8,763.0,1.0,28.680185322539277,28.680185322539277,OK,4.2
mistralai/Mixtral-8x22B-v0.1,blackwell,1,1048576,Dense,4,522.5,1.0,25.12269195345436,25.12269195345436,OK,68.7
mistralai/Mixtral-8x22B-v0.1,blackwell,16,131072,Sparse,1,763.0,0.1,29.753872704140864,29.753872704140864,OK,4.1
mistralai/Mixtral-8x22B-v0.1,blackwell,8,786432,Dense,1,1725.1,1.0,203.99758955474832,203.99758955474832,OK,9.7
mistralai/Mixtral-8x22B-v0.1,blackwell,16,131072,Sparse,2,763.0,0.1,32.27617423245317,32.27617423245317,OK,4.1
mistralai/Mixtral-8x22B-v0.1,blackwell,8,786432,Sparse,1,1725.1,0.1,41.65167928274832,41.65167928274832,OK,9.5
mistralai/Mixtral-8x22B-v0.1,blackwell,16,131072,HBM-only,4,763.0,1.0,37.05894547889022,37.05894547889022,OK,4.2
mistralai/Mixtral-8x22B-v0.1,blackwell,16,131072,HBM-only,8,763.0,1.0,28.680185322539277,28.680185322539277,OK,4.2
mistralai/Mixtral-8x22B-v0.1,blackwell,16,131072,Sparse,4,763.0,0.1,36.748487930090214,36.748487930090214,OK,4.4
mistralai/Mixtral-8x22B-v0.1,blackwell,16,131072,Sparse,8,763.0,0.1,28.680185322539277,28.680185322539277,OK,4.4
mistralai/Mixtral-8x22B-v0.1,blackwell,8,786432,Dense,2,1725.1,1.0,114.08284717186612,114.08284717186612,OK,10.1
mistralai/Mixtral-8x22B-v0.1,blackwell,8,786432,Dense,4,1725.1,1.0,67.05004542986327,67.05004542986327,OK,10.3
mistralai/Mixtral-8x22B-v0.1,blackwell,8,786432,Dense,8,1725.1,1.0,43.635715901273606,43.635715901273606,OK,10.3
mistralai/Mixtral-8x22B-v0.1,blackwell,8,786432,Sparse,2,1725.1,0.1,38.194284995866134,38.194284995866134,OK,10.1
mistralai/Mixtral-8x22B-v0.1,blackwell,8,786432,Sparse,8,1725.1,0.1,40.5263020132736,40.5263020132736,OK,10.2
mistralai/Mixtral-8x22B-v0.1,blackwell,8,786432,Sparse,4,1725.1,0.1,39.68095845386327,39.68095845386327,OK,10.2
mistralai/Mixtral-8x22B-v0.1,blackwell,16,196608,Dense,1,1003.6,1.0,113.93276755214087,113.93276755214087,OK,4.7
mistralai/Mixtral-8x22B-v0.1,blackwell,16,196608,Dense,2,1003.6,1.0,69.08135976845317,69.08135976845317,OK,4.9
mistralai/Mixtral-8x22B-v0.1,blackwell,16,196608,Dense,4,1003.6,1.0,44.57513824689022,44.57513824689022,OK,4.8
mistralai/Mixtral-8x22B-v0.1,blackwell,8,1048576,Dense,1,2206.1,1.0,264.1271316987483,264.1271316987483,OK,11.4
mistralai/Mixtral-8x22B-v0.1,blackwell,16,196608,Dense,8,1003.6,1.0,32.43828170653928,32.43828170653928,OK,4.8
mistralai/Mixtral-8x22B-v0.1,blackwell,8,1048576,Sparse,1,2206.1,0.1,47.66473835474833,47.66473835474833,OK,11.7
mistralai/Mixtral-8x22B-v0.1,blackwell,8,1048576,Dense,2,2206.1,1.0,144.14761824386616,144.14761824386616,OK,12.2
mistralai/Mixtral-8x22B-v0.1,blackwell,16,196608,Sparse,4,1003.6,0.1,37.499694330090215,37.499694330090215,OK,4.7
mistralai/Mixtral-8x22B-v0.1,blackwell,16,196608,Sparse,1,1003.6,0.1,32.756470080140865,32.756470080140865,OK,5.0
mistralai/Mixtral-8x22B-v0.1,blackwell,16,196608,Sparse,2,1003.6,0.1,33.77925795725318,33.77925795725318,OK,4.9
mistralai/Mixtral-8x22B-v0.1,blackwell,8,1048576,Dense,4,2206.1,1.0,82.08243096586328,82.08243096586328,OK,12.3
mistralai/Mixtral-8x22B-v0.1,blackwell,16,196608,Sparse,8,1003.6,0.1,32.43828170653928,32.43828170653928,OK,4.9
mistralai/Mixtral-8x22B-v0.1,blackwell,8,1048576,Dense,8,2206.1,1.0,51.15190866927359,51.15190866927359,OK,12.4
mistralai/Mixtral-8x22B-v0.1,blackwell,16,196608,HBM-only,8,1003.6,1.0,32.43828170653928,32.43828170653928,OK,4.9
mistralai/Mixtral-8x22B-v0.1,blackwell,8,1048576,Sparse,2,2206.1,0.1,41.200762103066126,41.200762103066126,OK,12.5
mistralai/Mixtral-8x22B-v0.1,blackwell,8,1048576,Sparse,4,2206.1,0.1,41.18411959306328,41.18411959306328,OK,12.0
mistralai/Mixtral-8x22B-v0.1,blackwell,16,262144,Dense,1,1244.1,1.0,143.99753862414084,143.99753862414084,OK,5.3
mistralai/Mixtral-8x22B-v0.1,blackwell,16,262144,Dense,4,1244.1,1.0,52.091331014890216,52.091331014890216,OK,5.4
mistralai/Mixtral-8x22B-v0.1,blackwell,16,262144,Dense,2,1244.1,1.0,84.11374530445318,84.11374530445318,OK,5.5
mistralai/Mixtral-8x22B-v0.1,blackwell,8,1048576,Sparse,8,2206.1,0.1,41.2778825828736,41.2778825828736,OK,12.6
mistralai/Mixtral-8x22B-v0.1,blackwell,16,262144,Sparse,1,1244.1,0.1,35.768504640140854,35.768504640140854,OK,5.3
mistralai/Mixtral-8x22B-v0.1,blackwell,16,262144,Dense,8,1244.1,1.0,36.19637809053928,36.19637809053928,OK,5.5
mistralai/Mixtral-8x22B-v0.1,blackwell,16,262144,Sparse,2,1244.1,0.1,35.28249651085318,35.28249651085318,OK,5.6
mistralai/Mixtral-8x22B-v0.1,blackwell,16,262144,Sparse,4,1244.1,0.1,38.25115877809021,38.25115877809021,OK,5.6
mistralai/Mixtral-8x22B-v0.1,blackwell,16,262144,HBM-only,8,1244.1,1.0,36.19637809053928,36.19637809053928,OK,5.5
mistralai/Mixtral-8x22B-v0.1,blackwell,16,262144,Sparse,8,1244.1,0.1,36.19637809053928,36.19637809053928,OK,5.6
mistralai/Mixtral-8x22B-v0.1,blackwell,16,393216,Dense,1,1725.1,1.0,204.12708076814084,204.12708076814084,OK,6.5
mistralai/Mixtral-8x22B-v0.1,blackwell,16,393216,Dense,2,1725.1,1.0,114.17851637645317,114.17851637645317,OK,6.7
mistralai/Mixtral-8x22B-v0.1,blackwell,16,393216,Sparse,1,1725.1,0.1,41.77841798414086,41.77841798414086,OK,6.5
mistralai/Mixtral-8x22B-v0.1,blackwell,16,393216,Dense,4,1725.1,1.0,67.12371655089022,67.12371655089022,OK,6.8
mistralai/Mixtral-8x22B-v0.1,blackwell,16,393216,Dense,8,1725.1,1.0,43.71257085853927,43.71257085853927,OK,6.8
mistralai/Mixtral-8x22B-v0.1,blackwell,16,393216,Sparse,2,1725.1,0.1,38.28881878925318,38.28881878925318,OK,6.7
mistralai/Mixtral-8x22B-v0.1,blackwell,16,393216,Sparse,8,1725.1,0.1,40.60313116573928,40.60313116573928,OK,6.6
mistralai/Mixtral-8x22B-v0.1,blackwell,16,393216,Sparse,4,1725.1,0.1,39.754190893290215,39.754190893290215,OK,6.8
mistralai/Mixtral-8x22B-v0.1,blackwell,16,524288,Dense,1,2206.1,1.0,264.25662291214087,264.25662291214087,OK,7.5
mistralai/Mixtral-8x22B-v0.1,blackwell,16,524288,Dense,2,2206.1,1.0,144.2432874484532,144.2432874484532,OK,8.1
mistralai/Mixtral-8x22B-v0.1,blackwell,16,524288,Dense,4,2206.1,1.0,82.15610208689021,82.15610208689021,OK,7.7
mistralai/Mixtral-8x22B-v0.1,blackwell,16,524288,Sparse,1,2206.1,0.1,47.79147705614086,47.79147705614086,OK,7.4
mistralai/Mixtral-8x22B-v0.1,blackwell,16,524288,Sparse,2,2206.1,0.1,41.29529589645317,41.29529589645317,OK,7.7
mistralai/Mixtral-8x22B-v0.1,blackwell,16,524288,Dense,8,2206.1,1.0,51.228763626539276,51.228763626539276,OK,7.9
mistralai/Mixtral-8x22B-v0.1,blackwell,16,524288,Sparse,4,2206.1,0.1,41.25732622769022,41.25732622769022,OK,7.7
mistralai/Mixtral-8x22B-v0.1,blackwell,16,524288,Sparse,8,2206.1,0.1,41.35462141853928,41.35462141853928,OK,8.0
mistralai/Mixtral-8x22B-v0.1,blackwell,32,131072,Dense,1,1244.1,1.0,142.3774912505899,148.92571432637584,OK,4.8
mistralai/Mixtral-8x22B-v0.1,blackwell,32,131072,Dense,2,1244.1,1.0,82.89582383070342,89.0307109323129,OK,5.2
mistralai/Mixtral-8x22B-v0.1,blackwell,32,131072,Dense,4,1244.1,1.0,50.59316087102704,56.57714226743595,OK,4.9
mistralai/Mixtral-8x22B-v0.1,blackwell,16,786432,Dense,1,3168.2,1.0,384.51570720014087,384.51570720014087,OK,9.7
mistralai/Mixtral-8x22B-v0.1,blackwell,32,131072,Dense,8,1244.1,1.0,35.39192277357281,40.498387649863794,OK,4.9
mistralai/Mixtral-8x22B-v0.1,blackwell,32,131072,Sparse,1,1244.1,0.1,35.65201877058989,40.699039638375815,OK,4.8
mistralai/Mixtral-8x22B-v0.1,blackwell,16,786432,Dense,2,3168.2,1.0,204.37282959245317,204.37282959245317,OK,10.4
mistralai/Mixtral-8x22B-v0.1,blackwell,16,786432,Sparse,1,3168.2,0.1,59.82074092814086,59.82074092814086,OK,9.5
mistralai/Mixtral-8x22B-v0.1,blackwell,32,131072,Sparse,2,1244.1,0.1,35.118286694703436,40.19719131631292,OK,4.7
mistralai/Mixtral-8x22B-v0.1,blackwell,16,786432,Dense,4,3168.2,1.0,112.2208731588902,112.2208731588902,OK,10.4
mistralai/Mixtral-8x22B-v0.1,blackwell,16,786432,Dense,8,3168.2,1.0,66.26114916253927,66.26114916253927,OK,10.4
mistralai/Mixtral-8x22B-v0.1,blackwell,16,786432,Sparse,2,3168.2,0.1,47.30825011085319,47.30825011085319,OK,10.0
mistralai/Mixtral-8x22B-v0.1,blackwell,32,131072,Sparse,4,1244.1,0.1,37.36619967280186,42.72030465001078,OK,4.7
mistralai/Mixtral-8x22B-v0.1,blackwell,32,131072,HBM-only,8,1244.1,1.0,35.39192277357281,40.498387649863794,OK,4.7
mistralai/Mixtral-8x22B-v0.1,blackwell,32,131072,Sparse,8,1244.1,0.1,35.39192277357281,40.498387649863794,OK,4.8
mistralai/Mixtral-8x22B-v0.1,blackwell,16,786432,Sparse,8,3168.2,0.1,42.85771804573927,42.85771804573927,OK,10.1
mistralai/Mixtral-8x22B-v0.1,blackwell,16,786432,Sparse,4,3168.2,0.1,44.26372592049022,44.26372592049022,OK,10.2
mistralai/Mixtral-8x22B-v0.1,blackwell,32,196608,Dense,1,1725.1,1.0,202.9772041305899,209.05525647037584,OK,5.4
mistralai/Mixtral-8x22B-v0.1,blackwell,32,196608,Dense,4,1725.1,1.0,65.50875123902703,71.60952780343595,OK,5.5
mistralai/Mixtral-8x22B-v0.1,blackwell,32,196608,Dense,2,1725.1,1.0,112.96094624670343,119.09548200431291,OK,5.6
mistralai/Mixtral-8x22B-v0.1,blackwell,32,196608,Dense,8,1725.1,1.0,42.438353493572805,48.01458041786378,OK,5.5
mistralai/Mixtral-8x22B-v0.1,blackwell,32,196608,Sparse,1,1725.1,0.1,41.4684698425899,46.70266152637583,OK,5.4
mistralai/Mixtral-8x22B-v0.1,blackwell,16,1048576,Dense,8,4130.3,1.0,81.29353469853928,81.29353469853928,OK,12.2
mistralai/Mixtral-8x22B-v0.1,blackwell,16,1048576,Dense,4,4130.3,1.0,142.2856442308902,142.2856442308902,OK,12.4
mistralai/Mixtral-8x22B-v0.1,blackwell,16,1048576,Dense,2,4130.3,1.0,264.5023717364532,264.5023717364532,OK,12.6
mistralai/Mixtral-8x22B-v0.1,blackwell,32,196608,Sparse,8,1725.1,0.1,39.523172335172816,44.90505040826379,OK,5.4
mistralai/Mixtral-8x22B-v0.1,blackwell,16,1048576,Sparse,4,4130.3,0.1,47.270125613290205,47.270125613290205,OK,12.6
mistralai/Mixtral-8x22B-v0.1,blackwell,32,196608,Sparse,4,1725.1,0.1,38.775098744801866,44.22313032681078,OK,5.5
mistralai/Mixtral-8x22B-v0.1,blackwell,16,1048576,Sparse,8,4130.3,0.1,44.36091789213927,44.36091789213927,OK,12.6
mistralai/Mixtral-8x22B-v0.1,blackwell,32,196608,Sparse,2,1725.1,0.1,38.03060495390343,43.203461985112924,OK,5.6
mistralai/Mixtral-8x22B-v0.1,blackwell,16,1048576,Sparse,2,4130.3,0.1,53.321049496453185,53.321049496453185,OK,12.8
mistralai/Mixtral-8x22B-v0.1,blackwell,32,262144,Dense,1,2206.1,1.0,264.5164411065899,264.5164411065899,OK,5.9
mistralai/Mixtral-8x22B-v0.1,blackwell,32,262144,Dense,2,2206.1,1.0,142.55595527070346,149.16025307631296,OK,6.1
mistralai/Mixtral-8x22B-v0.1,blackwell,32,262144,Dense,4,2206.1,1.0,80.42401893502701,86.64191333943593,OK,6.2
mistralai/Mixtral-8x22B-v0.1,blackwell,32,262144,Sparse,1,2206.1,0.1,47.299076690589885,52.72201205437582,OK,5.9
mistralai/Mixtral-8x22B-v0.1,blackwell,32,262144,Dense,8,2206.1,1.0,49.48478421357281,55.53077318586379,OK,6.3
mistralai/Mixtral-8x22B-v0.1,blackwell,32,262144,Sparse,4,2206.1,0.1,40.18420425520188,45.72616244201079,OK,6.1
mistralai/Mixtral-8x22B-v0.1,blackwell,32,262144,Sparse,2,2206.1,0.1,40.94302643230343,46.209835873112915,OK,6.3
mistralai/Mixtral-8x22B-v0.1,blackwell,32,262144,Sparse,8,2206.1,0.1,40.22757026157281,45.65639873466379,OK,6.0
mistralai/Mixtral-8x22B-v0.1,blackwell,1,2097152,Dense,1,763.0,1.0,79.05950731096242,79.05950731096242,OK,88.7
mistralai/Mixtral-8x22B-v0.1,blackwell,1,2097152,Dense,2,763.0,1.0,49.21932187825664,49.21932187825664,OK,90.0
mistralai/Mixtral-8x22B-v0.1,blackwell,32,393216,Dense,1,3168.2,1.0,384.77552539458986,384.77552539458986,OK,7.1
mistralai/Mixtral-8x22B-v0.1,blackwell,32,393216,Dense,8,3168.2,1.0,63.57764565357281,70.56315872186379,OK,7.3
mistralai/Mixtral-8x22B-v0.1,blackwell,32,393216,Sparse,1,3168.2,0.1,58.94770747458988,64.74498447037581,OK,7.2
mistralai/Mixtral-8x22B-v0.1,blackwell,32,393216,Dense,2,3168.2,1.0,203.15561080670344,209.28979522031293,OK,7.5
mistralai/Mixtral-8x22B-v0.1,blackwell,32,393216,Dense,4,3168.2,1.0,109.54926591102702,116.70668441143594,OK,7.5
mistralai/Mixtral-8x22B-v0.1,blackwell,1,2097152,Dense,8,763.0,1.0,24.430323216982615,24.430323216982615,OK,90.5
mistralai/Mixtral-8x22B-v0.1,blackwell,1,2097152,Sparse,1,763.0,0.1,24.9442530389624,24.9442530389624,OK,89.7
mistralai/Mixtral-8x22B-v0.1,blackwell,32,393216,Sparse,2,3168.2,0.1,46.76807582750343,52.22279008751292,OK,7.3
mistralai/Mixtral-8x22B-v0.1,blackwell,32,393216,Sparse,4,3168.2,0.1,43.00259590960187,48.732458915610785,OK,7.4
mistralai/Mixtral-8x22B-v0.1,blackwell,32,393216,Sparse,8,3168.2,0.1,41.63659835757281,47.15935343546379,OK,7.3
mistralai/Mixtral-8x22B-v0.1,blackwell,2,2097152,Sparse,2,1244.1,0.1,35.18064866946613,35.18064866946613,OK,69.9
mistralai/Mixtral-8x22B-v0.1,blackwell,4,2097152,Sparse,2,2206.1,0.1,41.195937680666134,41.195937680666134,OK,44.8
mistralai/Mixtral-8x22B-v0.1,blackwell,4,2097152,Dense,2,2206.1,1.0,144.14222611586615,144.14222611586615,OK,45.5
mistralai/Mixtral-8x22B-v0.1,blackwell,8,2097152,Dense,2,4130.3,1.0,264.4067025318661,264.4067025318661,OK,31.9
mistralai/Mixtral-8x22B-v0.1,blackwell,8,2097152,Sparse,2,4130.3,0.1,53.22661892226613,53.22661892226613,OK,31.2
mistralai/Mixtral-8x22B-v0.1,blackwell,2,2097152,HBM-only,8,1244.1,1.0,36.1122090852736,36.1122090852736,OK,68.8
mistralai/Mixtral-8x22B-v0.1,blackwell,2,2097152,Dense,8,1244.1,1.0,36.1122090852736,36.1122090852736,OK,70.9
mistralai/Mixtral-8x22B-v0.1,blackwell,32,524288,Dense,2,4130.3,1.0,264.69479043870336,264.69479043870336,OK,8.4
mistralai/Mixtral-8x22B-v0.1,blackwell,4,2097152,Sparse,8,2206.1,0.1,41.273045258073594,41.273045258073594,OK,45.5
mistralai/Mixtral-8x22B-v0.1,blackwell,4,2097152,Dense,8,2206.1,1.0,51.1470326372736,51.1470326372736,OK,46.1
mistralai/Mixtral-8x22B-v0.1,blackwell,2,2097152,Dense,1,1244.1,1.0,143.85892702674832,143.85892702674832,OK,72.3
mistralai/Mixtral-8x22B-v0.1,blackwell,32,524288,Dense,4,4130.3,1.0,139.61435965502704,146.77145548343594,OK,8.7
mistralai/Mixtral-8x22B-v0.1,blackwell,32,524288,Dense,8,4130.3,1.0,78.15747353691154,85.61244031720251,OK,8.6
mistralai/Mixtral-8x22B-v0.1,blackwell,32,524288,Sparse,2,4130.3,0.1,52.59291878430343,58.23553786351292,OK,8.6
mistralai/Mixtral-8x22B-v0.1,blackwell,32,524288,Sparse,4,4130.3,0.1,45.821064978401864,51.73880699881077,OK,8.6
mistralai/Mixtral-8x22B-v0.1,blackwell,32,524288,Sparse,8,4130.3,0.1,43.04580708717282,48.662514574663795,OK,8.5
mistralai/Mixtral-8x22B-v0.1,blackwell,64,131072,Dense,1,2206.1,1.0,269.70696320800084,269.70696320800084,OK,7.4
mistralai/Mixtral-8x22B-v0.1,blackwell,2,2097152,Dense,2,1244.1,1.0,84.00998790786612,84.00998790786612,OK,74.3
mistralai/Mixtral-8x22B-v0.1,blackwell,64,131072,Dense,2,2206.1,1.0,149.5483417355151,149.5483417355151,OK,7.6
mistralai/Mixtral-8x22B-v0.1,blackwell,32,786432,Sparse,2,6054.4,0.1,64.24301757470343,70.26144629231291,OK,11.0
mistralai/Mixtral-8x22B-v0.1,blackwell,32,786432,Dense,8,6054.4,1.0,108.69293166491154,115.67721138920253,OK,11.0
mistralai/Mixtral-8x22B-v0.1,blackwell,32,786432,Dense,4,6054.4,1.0,199.74422447102705,206.90099762743597,OK,11.0
mistralai/Mixtral-8x22B-v0.1,blackwell,32,786432,Dense,2,6054.4,1.0,384.9538747267034,384.9538747267034,OK,11.1
mistralai/Mixtral-8x22B-v0.1,blackwell,32,786432,Sparse,4,6054.4,0.1,51.718597082227035,57.76765244983595,OK,11.0
mistralai/Mixtral-8x22B-v0.1,blackwell,64,131072,Dense,8,2206.1,1.0,54.882688517588534,59.98915339387952,OK,7.3
mistralai/Mixtral-8x22B-v0.1,blackwell,64,131072,Dense,4,2206.1,1.0,86.94118318184832,86.94118318184832,OK,7.4
mistralai/Mixtral-8x22B-v0.1,blackwell,32,786432,Sparse,8,6054.4,0.1,45.864250351172814,51.66884975546379,OK,10.9
mistralai/Mixtral-8x22B-v0.1,blackwell,64,131072,Sparse,8,2206.1,0.1,45.07895006958852,50.131115984395926,OK,7.2
mistralai/Mixtral-8x22B-v0.1,blackwell,64,131072,Sparse,4,2206.1,0.1,45.177493799895075,50.360644605360726,OK,7.2
mistralai/Mixtral-8x22B-v0.1,blackwell,64,131072,Sparse,2,2206.1,0.1,46.11773799471508,51.317826593924565,OK,7.2
mistralai/Mixtral-8x22B-v0.1,blackwell,64,131072,Sparse,1,2206.1,0.1,52.86865901600087,57.9156798837868,OK,7.4
mistralai/Mixtral-8x22B-v0.1,blackwell,64,196608,Dense,1,3168.2,1.0,389.96604749600095,389.96604749600095,OK,7.9
mistralai/Mixtral-8x22B-v0.1,blackwell,64,196608,Dense,4,3168.2,1.0,117.00595425384833,117.00595425384833,OK,8.0
mistralai/Mixtral-8x22B-v0.1,blackwell,64,196608,Dense,2,3168.2,1.0,209.6778838795151,209.6778838795151,OK,8.5
mistralai/Mixtral-8x22B-v0.1,blackwell,64,196608,Dense,8,3168.2,1.0,70.34479668272988,75.03867808702086,OK,8.1
mistralai/Mixtral-8x22B-v0.1,blackwell,64,196608,Sparse,1,3168.2,0.1,65.25613901600087,65.25613901600087,OK,8.0
mistralai/Mixtral-8x22B-v0.1,blackwell,1,2097152,HBM-only,8,763.0,1.0,24.430323216982615,24.430323216982615,OK,97.2
mistralai/Mixtral-8x22B-v0.1,blackwell,64,196608,Sparse,8,3168.2,0.1,46.517080245588524,51.63381263719592,OK,7.6
mistralai/Mixtral-8x22B-v0.1,blackwell,64,196608,Sparse,2,3168.2,0.1,52.24039591791507,57.33062597952456,OK,8.0
mistralai/Mixtral-8x22B-v0.1,blackwell,64,196608,Sparse,4,3168.2,0.1,48.14161530709509,53.36676044536073,OK,8.0
mistralai/Mixtral-8x22B-v0.1,blackwell,32,1048576,Dense,4,7978.6,1.0,262.692984247027,262.692984247027,OK,13.7
mistralai/Mixtral-8x22B-v0.1,blackwell,64,262144,Dense,2,4130.3,1.0,269.8074260235151,269.8074260235151,OK,8.4
mistralai/Mixtral-8x22B-v0.1,blackwell,32,1048576,Dense,8,7978.6,1.0,137.81817864091153,145.74198246120253,OK,13.3
mistralai/Mixtral-8x22B-v0.1,blackwell,4,2097152,Dense,1,2206.1,1.0,264.12105144274835,264.12105144274835,OK,55.1
mistralai/Mixtral-8x22B-v0.1,blackwell,64,262144,Sparse,4,4130.3,0.1,51.129302331095076,56.37295369976073,OK,8.2
mistralai/Mixtral-8x22B-v0.1,blackwell,32,1048576,Sparse,4,7978.6,0.1,57.402743667827046,63.78063246903595,OK,13.4
mistralai/Mixtral-8x22B-v0.1,blackwell,64,262144,Dense,4,4130.3,1.0,147.07072532584831,147.07072532584831,OK,8.7
mistralai/Mixtral-8x22B-v0.1,blackwell,64,262144,Dense,8,4130.3,1.0,85.90658953072987,85.90658953072987,OK,8.7
mistralai/Mixtral-8x22B-v0.1,blackwell,64,262144,Sparse,2,4130.3,0.1,58.38903486191507,63.34337375552455,OK,8.5
mistralai/Mixtral-8x22B-v0.1,blackwell,64,262144,Sparse,8,4130.3,0.1,47.955520079188524,53.13683184999592,OK,8.4
mistralai/Mixtral-8x22B-v0.1,blackwell,32,1048576,Sparse,8,7978.6,0.1,48.68277102957281,54.67527525306379,OK,13.5
mistralai/Mixtral-8x22B-v0.1,blackwell,1,2097152,Sparse,2,763.0,0.1,27.448379823856644,27.448379823856644,OK,101.7
mistralai/Mixtral-8x22B-v0.1,blackwell,64,393216,Dense,2,6054.4,1.0,390.0665103115151,390.0665103115151,OK,10.1
mistralai/Mixtral-8x22B-v0.1,blackwell,64,393216,Sparse,8,6054.4,0.1,50.93522625198853,56.143050909195935,OK,9.5
mistralai/Mixtral-8x22B-v0.1,blackwell,64,393216,Dense,4,6054.4,1.0,207.2002674698483,207.2002674698483,OK,10.0
mistralai/Mixtral-8x22B-v0.1,blackwell,64,393216,Dense,8,6054.4,1.0,115.97136060272986,115.97136060272986,OK,10.0
mistralai/Mixtral-8x22B-v0.1,blackwell,64,393216,Sparse,2,6054.4,0.1,70.64463203951509,70.64463203951509,OK,10.2
mistralai/Mixtral-8x22B-v0.1,blackwell,64,393216,Sparse,4,6054.4,0.1,57.43657089882315,62.38610931923206,OK,10.5
mistralai/Mixtral-8x22B-v0.1,blackwell,64,524288,Dense,4,7978.6,1.0,267.32980961384834,267.32980961384834,OK,11.3
mistralai/Mixtral-8x22B-v0.1,blackwell,1,2097152,Sparse,8,763.0,0.1,24.430323216982615,24.430323216982615,OK,104.5
mistralai/Mixtral-8x22B-v0.1,blackwell,64,524288,Dense,8,7978.6,1.0,146.0530277340686,146.0530277340686,OK,11.2
mistralai/Mixtral-8x22B-v0.1,blackwell,64,524288,Sparse,4,7978.6,0.1,63.47794347802314,68.39903772883206,OK,11.0
mistralai/Mixtral-8x22B-v0.1,blackwell,64,524288,Sparse,8,7978.6,0.1,53.938536648788535,59.149386089995936,OK,11.0
mistralai/Mixtral-8x22B-v0.1,blackwell,4,2097152,Sparse,1,2206.1,0.1,47.66003435474833,47.66003435474833,OK,60.7
mistralai/Mixtral-8x22B-v0.1,blackwell,64,786432,Sparse,4,11826.9,0.1,76.08741643802317,76.08741643802317,OK,13.5
mistralai/Mixtral-8x22B-v0.1,blackwell,64,786432,Dense,4,11826.9,1.0,387.5888939018483,387.5888939018483,OK,13.5
mistralai/Mixtral-8x22B-v0.1,blackwell,64,786432,Sparse,8,11826.9,0.1,60.44653690992987,65.16256181182085,OK,13.4
mistralai/Mixtral-8x22B-v0.1,blackwell,64,786432,Dense,8,11826.9,1.0,206.1825698780686,206.1825698780686,OK,13.6
mistralai/Mixtral-8x22B-v0.1,blackwell,128,131072,Sparse,8,4130.3,0.1,50.1883807035866,62.07300324143643,OK,13.5
mistralai/Mixtral-8x22B-v0.1,blackwell,128,131072,Sparse,4,4130.3,0.1,53.470551550610274,65.64724756359551,OK,14.2
mistralai/Mixtral-8x22B-v0.1,blackwell,128,131072,Sparse,2,4130.3,0.1,61.64911211885047,68.84243655392414,OK,15.4
mistralai/Mixtral-8x22B-v0.1,blackwell,64,1048576,Sparse,8,15675.2,0.1,66.36547420272989,71.17545151422087,OK,15.8
mistralai/Mixtral-8x22B-v0.1,blackwell,128,131072,Dense,8,4130.3,1.0,87.21693217006072,94.84663042726119,OK,15.6
mistralai/Mixtral-8x22B-v0.1,blackwell,64,1048576,Dense,8,15675.2,1.0,266.3121120220686,266.3121120220686,OK,15.9
mistralai/Mixtral-8x22B-v0.1,blackwell,128,131072,Dense,2,4130.3,1.0,260.2136457442614,274.85310636037235,OK,17.3
mistralai/Mixtral-8x22B-v0.1,blackwell,128,131072,Dense,4,4130.3,1.0,133.9251209766084,151.78214784844704,OK,17.3
mistralai/Mixtral-8x22B-v0.1,blackwell,128,196608,Sparse,8,6054.4,0.1,52.959938527586615,65.07896425263645,OK,15.0
mistralai/Mixtral-8x22B-v0.1,blackwell,2,2097152,Sparse,1,1244.1,0.1,35.62841848274833,35.62841848274833,OK,93.2
mistralai/Mixtral-8x22B-v0.1,blackwell,2,2097152,Sparse,8,1244.1,0.1,36.1122090852736,36.1122090852736,OK,92.2
mistralai/Mixtral-8x22B-v0.1,blackwell,128,196608,Sparse,4,6054.4,0.1,59.63827302855164,71.64510789801452,OK,16.0
mistralai/Mixtral-8x22B-v0.1,blackwell,128,196608,Sparse,2,6054.4,0.1,73.64801337801423,80.86922776513305,OK,16.2
mistralai/Mixtral-8x22B-v0.1,blackwell,128,262144,Sparse,8,7978.6,0.1,55.928040596793636,68.10299796198913,OK,15.4
mistralai/Mixtral-8x22B-v0.1,blackwell,128,262144,Sparse,4,7978.6,0.1,65.84962660074964,73.33730343380358,OK,16.3
mistralai/Mixtral-8x22B-v0.1,blackwell,128,196608,Dense,8,6054.4,1.0,119.7074616521568,124.93075036844776,OK,17.2
mistralai/Mixtral-8x22B-v0.1,blackwell,1,2097152,Dense,4,763.0,1.0,32.63888472145436,32.63888472145436,OK,116.6
mistralai/Mixtral-8x22B-v0.1,blackwell,128,196608,Dense,4,6054.4,1.0,192.56587030679646,211.7947139366504,OK,17.8
mistralai/Mixtral-8x22B-v0.1,blackwell,128,262144,Dense,8,7978.6,1.0,132.20132375182737,150.5958579881568,OK,18.2
mistralai/Mixtral-8x22B-v0.1,blackwell,128,393216,Sparse,8,11826.9,0.1,62.17966243000362,74.11679898441176,OK,17.1
mistralai/Mixtral-8x22B-v0.1,blackwell,128,262144,Dense,4,7978.6,1.0,253.78997727909186,271.8078992997917,OK,18.4
mistralai/Mixtral-8x22B-v0.1,blackwell,128,196608,Dense,2,6054.4,1.0,390.8601170931822,390.8601170931822,OK,19.7
mistralai/Mixtral-8x22B-v0.1,blackwell,128,393216,Sparse,4,11826.9,0.1,77.871435559802,85.34747636770186,OK,17.8
mistralai/Mixtral-8x22B-v0.1,blackwell,2,2097152,Sparse,4,1244.1,0.1,38.17045746186327,38.17045746186327,OK,97.1
mistralai/Mixtral-8x22B-v0.1,blackwell,8,2097152,Dense,8,4130.3,1.0,81.21667974127358,81.21667974127358,OK,58.4
mistralai/Mixtral-8x22B-v0.1,blackwell,16,2097152,Dense,8,7978.6,1.0,141.42307684253933,141.42307684253933,OK,45.1
mistralai/Mixtral-8x22B-v0.1,blackwell,128,524288,Sparse,8,15675.2,0.1,68.32108254840364,75.9651500825208,OK,18.6
mistralai/Mixtral-8x22B-v0.1,blackwell,8,2097152,Sparse,8,4130.3,0.1,44.2842822756736,44.2842822756736,OK,58.3
mistralai/Mixtral-8x22B-v0.1,blackwell,16,2097152,Sparse,8,7978.6,0.1,50.373794692139285,50.373794692139285,OK,45.0
mistralai/Mixtral-8x22B-v0.1,blackwell,128,393216,Dense,8,11826.9,1.0,189.41581504674897,210.59100430246613,OK,19.3
mistralai/Mixtral-8x22B-v0.1,blackwell,128,524288,Dense,8,15675.2,1.0,251.36350339840718,270.62073735160766,OK,20.8
mistralai/Mixtral-8x22B-v0.1,blackwell,128,786432,Sparse,8,23371.7,0.1,80.42101338809155,87.97435414449203,OK,21.2
mistralai/Mixtral-8x22B-v0.1,blackwell,128,393216,Dense,4,11826.9,1.0,388.2022995206032,388.2022995206032,OK,21.8
Qwen/Qwen3-235B-A22B,blackwell,1,131072,Dense,1,495.2,1.0,22.03223619460615,22.03223619460615,OK,21.3
mistralai/Mixtral-8x22B-v0.1,blackwell,32,2097152,Dense,8,15675.2,1.0,259.9572361289116,266.00106674920255,OK,35.2
Qwen/Qwen3-235B-A22B,blackwell,1,131072,Dense,2,495.2,1.0,24.821769687789576,24.821769687789576,OK,22.2
mistralai/Mixtral-8x22B-v0.1,blackwell,32,2097152,Sparse,8,15675.2,0.1,59.9569698647728,66.70108046266378,OK,35.5
mistralai/Mixtral-8x22B-v0.1,blackwell,8,2097152,Dense,4,4130.3,1.0,142.21197310986327,142.21197310986327,OK,62.7
Qwen/Qwen3-235B-A22B,blackwell,1,131072,Dense,4,495.2,1.0,27.52061190771796,27.52061190771796,OK,22.0
Qwen/Qwen3-235B-A22B,blackwell,1,196608,Sparse,1,507.8,0.1,19.35283574660615,19.35283574660615,OK,18.3
mistralai/Mixtral-8x22B-v0.1,blackwell,128,786432,Dense,8,23371.7,1.0,385.79517240505265,385.79517240505265,OK,24.9
mistralai/Mixtral-8x22B-v0.1,blackwell,1,2097152,HBM-only,4,763.0,1.0,32.63888472145436,32.63888472145436,OK,124.2
Qwen/Qwen3-235B-A22B,blackwell,1,196608,Dense,2,507.8,1.0,25.610298839789575,25.610298839789575,OK,22.6
Qwen/Qwen3-235B-A22B,blackwell,1,131072,Sparse,1,495.2,0.1,19.19554934660615,19.19554934660615,OK,24.1
Qwen/Qwen3-235B-A22B,blackwell,1,262144,Dense,1,520.5,1.0,25.18635280260615,25.18635280260615,OK,20.1
Qwen/Qwen3-235B-A22B,blackwell,2,131072,Dense,1,520.5,1.0,29.84381550730301,29.84381550730301,OK,4.3
Qwen/Qwen3-235B-A22B,blackwell,1,196608,Dense,4,507.8,1.0,27.91487648371796,27.91487648371796,OK,22.6
Qwen/Qwen3-235B-A22B,blackwell,1,131072,Sparse,2,495.2,0.1,23.403426263789576,23.403426263789576,OK,24.8
Qwen/Qwen3-235B-A22B,blackwell,2,131072,Sparse,1,520.5,0.1,24.168082515303013,24.168082515303013,OK,3.8
mistralai/Mixtral-8x22B-v0.1,blackwell,8,2097152,Sparse,4,4130.3,0.1,47.196996393063266,47.196996393063266,OK,67.8
Qwen/Qwen3-235B-A22B,blackwell,2,131072,Dense,2,520.5,1.0,32.14783035778229,32.14783035778229,OK,5.7
Qwen/Qwen3-235B-A22B,blackwell,1,196608,Dense,1,507.8,1.0,23.60929449860615,23.60929449860615,OK,25.7
Qwen/Qwen3-235B-A22B,blackwell,2,131072,Sparse,2,520.5,0.1,29.309963861782293,29.309963861782293,OK,3.9
Qwen/Qwen3-235B-A22B,blackwell,1,131072,Sparse,4,495.2,0.1,27.52061190771796,27.52061190771796,OK,26.0
Qwen/Qwen3-235B-A22B,blackwell,1,262144,Dense,2,520.5,1.0,26.398827991789574,26.398827991789574,OK,19.6
Qwen/Qwen3-235B-A22B,blackwell,2,131072,Dense,4,520.5,1.0,34.929932124692776,34.929932124692776,OK,5.8
Qwen/Qwen3-235B-A22B,blackwell,2,131072,Sparse,4,520.5,0.1,34.929932124692776,34.929932124692776,OK,4.3
Qwen/Qwen3-235B-A22B,blackwell,2,131072,HBM-only,4,520.5,1.0,34.929932124692776,34.929932124692776,OK,4.2
Qwen/Qwen3-235B-A22B,blackwell,1,262144,HBM-only,4,520.5,1.0,28.309141059717955,28.309141059717955,OK,20.0
Qwen/Qwen3-235B-A22B,blackwell,2,196608,Dense,1,545.7,1.0,32.99793211530301,32.99793211530301,OK,4.7
Qwen/Qwen3-235B-A22B,blackwell,1,196608,Sparse,2,507.8,0.1,23.48206946378957,23.48206946378957,OK,25.3
Qwen/Qwen3-235B-A22B,blackwell,1,262144,Sparse,1,520.5,0.1,19.51012214660615,19.51012214660615,OK,22.2
Qwen/Qwen3-235B-A22B,blackwell,2,196608,Sparse,1,545.7,0.1,24.482655315303017,24.482655315303017,OK,4.4
Qwen/Qwen3-235B-A22B,blackwell,2,196608,Dense,2,545.7,1.0,33.72488866178229,33.72488866178229,OK,5.2
Qwen/Qwen3-235B-A22B,blackwell,1,196608,Sparse,4,507.8,0.1,27.91487648371796,27.91487648371796,OK,26.3
Qwen/Qwen3-235B-A22B,blackwell,2,196608,Sparse,2,545.7,0.1,29.467250261782286,29.467250261782286,OK,4.7
Qwen/Qwen3-235B-A22B,blackwell,2,196608,HBM-only,4,545.7,1.0,35.71846127669277,35.71846127669277,OK,4.8
Qwen/Qwen3-235B-A22B,blackwell,2,196608,Dense,4,545.7,1.0,35.71846127669277,35.71846127669277,OK,6.0
Qwen/Qwen3-235B-A22B,blackwell,2,196608,Sparse,4,545.7,0.1,35.71846127669277,35.71846127669277,OK,5.3
Qwen/Qwen3-235B-A22B,blackwell,2,262144,Dense,1,570.9,1.0,36.15204872330301,36.15204872330301,OK,5.0
Qwen/Qwen3-235B-A22B,blackwell,1,262144,Sparse,2,520.5,0.1,23.560712663789577,23.560712663789577,OK,24.4
Qwen/Qwen3-235B-A22B,blackwell,2,262144,Sparse,1,570.9,0.1,24.799587411303015,24.799587411303015,OK,5.3
Qwen/Qwen3-235B-A22B,blackwell,1,393216,Dense,1,545.7,1.0,28.340469410606154,28.340469410606154,OK,22.8
Qwen/Qwen3-235B-A22B,blackwell,2,262144,Dense,2,570.9,1.0,35.301946965782285,35.301946965782285,OK,6.1
Qwen/Qwen3-235B-A22B,blackwell,2,262144,Sparse,2,570.9,0.1,29.625716309782295,29.625716309782295,OK,5.9
Qwen/Qwen3-235B-A22B,blackwell,1,131072,HBM-only,4,495.2,1.0,27.52061190771796,27.52061190771796,OK,32.1
Qwen/Qwen3-235B-A22B,blackwell,1,262144,Sparse,4,520.5,0.1,28.309141059717955,28.309141059717955,OK,25.1
Qwen/Qwen3-235B-A22B,blackwell,1,393216,Dense,2,545.7,1.0,27.97588629578958,27.97588629578958,OK,24.1
Qwen/Qwen3-235B-A22B,blackwell,2,262144,Sparse,4,570.9,0.1,36.506990428692774,36.506990428692774,OK,6.3
Qwen/Qwen3-235B-A22B,blackwell,1,393216,Sparse,4,545.7,0.1,29.097670211717958,29.097670211717958,OK,22.5
Qwen/Qwen3-235B-A22B,blackwell,2,262144,HBM-only,4,570.9,1.0,36.506990428692774,36.506990428692774,OK,6.4
Qwen/Qwen3-235B-A22B,blackwell,2,262144,Dense,4,570.9,1.0,36.506990428692774,36.506990428692774,OK,7.4
Qwen/Qwen3-235B-A22B,blackwell,1,196608,HBM-only,4,507.8,1.0,27.91487648371796,27.91487648371796,OK,32.0
mistralai/Mixtral-8x22B-v0.1,blackwell,16,2097152,Dense,4,7978.6,1.0,262.5447285188903,262.5447285188903,OK,65.9
Qwen/Qwen3-235B-A22B,blackwell,1,393216,Sparse,1,545.7,0.1,19.82469494660615,19.82469494660615,OK,27.5
Qwen/Qwen3-235B-A22B,blackwell,2,393216,Dense,1,621.4,1.0,42.460281939303016,42.460281939303016,OK,10.1
Qwen/Qwen3-235B-A22B,blackwell,2,393216,Sparse,1,621.4,0.1,25.42873301130301,25.42873301130301,OK,9.5
Qwen/Qwen3-235B-A22B,blackwell,1,524288,Dense,1,570.9,1.0,31.49458601860615,31.49458601860615,OK,26.6
Qwen/Qwen3-235B-A22B,blackwell,1,393216,Sparse,2,545.7,0.1,23.717999063789573,23.717999063789573,OK,27.4
Qwen/Qwen3-235B-A22B,blackwell,1,262144,Dense,4,520.5,1.0,28.309141059717955,28.309141059717955,OK,31.5
Qwen/Qwen3-235B-A22B,blackwell,1,393216,Dense,4,545.7,1.0,29.097670211717958,29.097670211717958,OK,29.0
Qwen/Qwen3-235B-A22B,blackwell,1,393216,HBM-only,4,545.7,1.0,29.097670211717958,29.097670211717958,OK,28.2
Qwen/Qwen3-235B-A22B,blackwell,2,393216,Dense,2,621.4,1.0,38.45606357378229,38.45606357378229,OK,11.3
Qwen/Qwen3-235B-A22B,blackwell,2,393216,HBM-only,4,621.4,1.0,38.08404873269278,38.08404873269278,OK,10.0
Qwen/Qwen3-235B-A22B,blackwell,2,393216,Sparse,4,621.4,0.1,38.08404873269278,38.08404873269278,OK,10.3
Qwen/Qwen3-235B-A22B,blackwell,2,393216,Dense,4,621.4,1.0,38.08404873269278,38.08404873269278,OK,11.2
Qwen/Qwen3-235B-A22B,blackwell,2,393216,Sparse,2,621.4,0.1,29.94028910978229,29.94028910978229,OK,10.6
Qwen/Qwen3-235B-A22B,blackwell,1,524288,Dense,4,570.9,1.0,29.88619936371796,29.88619936371796,OK,29.5
Qwen/Qwen3-235B-A22B,blackwell,1,524288,Dense,2,570.9,1.0,29.55294459978957,29.55294459978957,OK,29.8
Qwen/Qwen3-235B-A22B,blackwell,4,131072,Dense,1,570.9,1.0,36.15657425930301,36.15657425930301,OK,3.7
Qwen/Qwen3-235B-A22B,blackwell,1,524288,HBM-only,4,570.9,1.0,29.88619936371796,29.88619936371796,OK,29.4
mistralai/Mixtral-8x22B-v0.1,blackwell,1,2097152,Sparse,4,763.0,0.1,32.32850458705436,32.32850458705436,OK,143.7
Qwen/Qwen3-235B-A22B,blackwell,2,524288,Sparse,2,671.9,0.1,30.256827989782295,30.256827989782295,OK,11.8
Qwen/Qwen3-235B-A22B,blackwell,2,524288,Dense,4,671.9,1.0,39.661107036692776,39.661107036692776,OK,11.9
Qwen/Qwen3-235B-A22B,blackwell,2,524288,Dense,2,671.9,1.0,41.61018018178228,41.61018018178228,OK,12.6
Qwen/Qwen3-235B-A22B,blackwell,4,131072,Dense,2,570.9,1.0,35.30618373378229,35.30618373378229,OK,4.1
Qwen/Qwen3-235B-A22B,blackwell,1,524288,Sparse,4,570.9,0.1,29.88619936371796,29.88619936371796,OK,29.9
Qwen/Qwen3-235B-A22B,blackwell,2,524288,HBM-only,4,671.9,1.0,39.661107036692776,39.661107036692776,OK,11.2
Qwen/Qwen3-235B-A22B,blackwell,2,524288,Sparse,4,671.9,0.1,39.661107036692776,39.661107036692776,OK,11.8
Qwen/Qwen3-235B-A22B,blackwell,1,524288,Sparse,1,570.9,0.1,20.142413474606144,20.142413474606144,OK,30.7
Qwen/Qwen3-235B-A22B,blackwell,4,131072,Sparse,1,570.9,0.1,24.80432184330301,24.80432184330301,OK,4.1
Qwen/Qwen3-235B-A22B,blackwell,4,131072,Dense,4,570.9,1.0,36.51108281269278,36.51108281269278,OK,4.2
Qwen/Qwen3-235B-A22B,blackwell,4,131072,Sparse,2,570.9,0.1,29.630057525782302,29.630057525782302,OK,4.2
Qwen/Qwen3-235B-A22B,blackwell,4,131072,Sparse,4,570.9,0.1,36.51108281269278,36.51108281269278,OK,4.1
Qwen/Qwen3-235B-A22B,blackwell,4,131072,HBM-only,4,570.9,1.0,36.51108281269278,36.51108281269278,OK,4.1
Qwen/Qwen3-235B-A22B,blackwell,2,524288,Sparse,1,671.9,0.1,26.061810771303012,26.061810771303012,OK,13.3
Qwen/Qwen3-235B-A22B,blackwell,2,524288,Dense,1,671.9,1.0,48.768515155303014,48.768515155303014,OK,14.2
Qwen/Qwen3-235B-A22B,blackwell,4,196608,Dense,1,621.4,1.0,42.46480747530301,42.46480747530301,OK,4.6
Qwen/Qwen3-235B-A22B,blackwell,4,196608,Dense,2,621.4,1.0,38.46030034178229,38.46030034178229,OK,4.7
Qwen/Qwen3-235B-A22B,blackwell,4,196608,Dense,4,621.4,1.0,38.088141116692775,38.088141116692775,OK,4.8
Qwen/Qwen3-235B-A22B,blackwell,4,196608,Sparse,1,621.4,0.1,25.433467443303012,25.433467443303012,OK,4.5
Qwen/Qwen3-235B-A22B,blackwell,4,196608,Sparse,2,621.4,0.1,29.944630325782285,29.944630325782285,OK,4.5
Qwen/Qwen3-235B-A22B,blackwell,4,196608,HBM-only,4,621.4,1.0,38.088141116692775,38.088141116692775,OK,4.6
Qwen/Qwen3-235B-A22B,blackwell,4,196608,Sparse,4,621.4,0.1,38.088141116692775,38.088141116692775,OK,4.6
Qwen/Qwen3-235B-A22B,blackwell,4,262144,Dense,1,671.9,1.0,48.77304069130302,48.77304069130302,OK,5.0
Qwen/Qwen3-235B-A22B,blackwell,4,262144,Sparse,1,671.9,0.1,26.06497233930301,26.06497233930301,OK,4.9
mistralai/Mixtral-8x22B-v0.1,blackwell,2,2097152,Dense,4,1244.1,1.0,52.01008779786328,52.01008779786328,OK,129.4
Qwen/Qwen3-235B-A22B,blackwell,4,262144,Dense,4,671.9,1.0,39.66519942069278,39.66519942069278,OK,5.1
Qwen/Qwen3-235B-A22B,blackwell,1,524288,Sparse,2,570.9,0.1,23.876858327789574,23.876858327789574,OK,35.4
Qwen/Qwen3-235B-A22B,blackwell,4,262144,Dense,2,671.9,1.0,41.614416949782296,41.614416949782296,OK,5.4
Qwen/Qwen3-235B-A22B,blackwell,4,262144,Sparse,2,671.9,0.1,30.260382773782293,30.260382773782293,OK,5.2
Qwen/Qwen3-235B-A22B,blackwell,4,262144,Sparse,4,671.9,0.1,39.66519942069278,39.66519942069278,OK,5.3
Qwen/Qwen3-235B-A22B,blackwell,4,262144,HBM-only,4,671.9,1.0,39.66519942069278,39.66519942069278,OK,5.3
Qwen/Qwen3-235B-A22B,blackwell,1,786432,Dense,1,621.4,1.0,37.80281923460615,37.80281923460615,OK,35.8
Qwen/Qwen3-235B-A22B,blackwell,4,393216,Dense,1,772.8,1.0,61.38950712330302,61.38950712330302,OK,6.1
Qwen/Qwen3-235B-A22B,blackwell,4,393216,Sparse,1,772.8,0.1,27.326409267303013,27.326409267303013,OK,6.2
Qwen/Qwen3-235B-A22B,blackwell,1,786432,Sparse,1,621.4,0.1,20.77155907460615,20.77155907460615,OK,35.3
Qwen/Qwen3-235B-A22B,blackwell,4,393216,Dense,2,772.8,1.0,47.92265016578229,47.92265016578229,OK,6.5
Qwen/Qwen3-235B-A22B,blackwell,4,393216,Sparse,2,772.8,0.1,30.89110123778229,30.89110123778229,OK,6.4
Qwen/Qwen3-235B-A22B,blackwell,2,786432,Sparse,1,772.8,0.1,27.322461267303016,27.322461267303016,OK,17.7
Qwen/Qwen3-235B-A22B,blackwell,4,393216,Dense,4,772.8,1.0,42.819316028692775,42.819316028692775,OK,6.6
Qwen/Qwen3-235B-A22B,blackwell,2,786432,Dense,1,772.8,1.0,61.38498158730302,61.38498158730302,OK,18.4
Qwen/Qwen3-235B-A22B,blackwell,4,393216,Sparse,4,772.8,0.1,42.23445254069277,42.23445254069277,OK,6.5
Qwen/Qwen3-235B-A22B,blackwell,4,524288,Dense,1,873.7,1.0,74.00597355530302,74.00597355530302,OK,7.3
Qwen/Qwen3-235B-A22B,blackwell,4,524288,Dense,2,873.7,1.0,54.230883381782284,54.230883381782284,OK,7.4
Qwen/Qwen3-235B-A22B,blackwell,4,524288,Sparse,1,873.7,0.1,28.588632627303006,28.588632627303006,OK,7.4
Qwen/Qwen3-235B-A22B,blackwell,4,524288,Dense,4,873.7,1.0,45.97343263669278,45.97343263669278,OK,7.6
Qwen/Qwen3-235B-A22B,blackwell,4,524288,Sparse,2,873.7,0.1,31.522212917782294,31.522212917782294,OK,7.5
Qwen/Qwen3-235B-A22B,blackwell,8,131072,Dense,2,671.9,1.0,41.6228904857823,41.6228904857823,OK,3.9
Qwen/Qwen3-235B-A22B,blackwell,8,131072,Dense,1,671.9,1.0,48.782091763303015,48.782091763303015,OK,4.0
Qwen/Qwen3-235B-A22B,blackwell,4,524288,Sparse,4,873.7,0.1,42.54979922869277,42.54979922869277,OK,7.5
Qwen/Qwen3-235B-A22B,blackwell,8,131072,Dense,4,671.9,1.0,39.67338418869278,39.67338418869278,OK,4.2
mistralai/Mixtral-8x22B-v0.1,blackwell,16,2097152,Sparse,4,7978.6,0.1,59.295982432490206,59.295982432490206,OK,83.8
Qwen/Qwen3-235B-A22B,blackwell,1,786432,Sparse,2,621.4,0.1,24.19143112778958,24.19143112778958,OK,40.5
Qwen/Qwen3-235B-A22B,blackwell,8,131072,Sparse,1,671.9,0.1,26.073654771303016,26.073654771303016,OK,4.1
Qwen/Qwen3-235B-A22B,blackwell,1,786432,HBM-only,4,621.4,1.0,31.463257667717958,31.463257667717958,OK,40.3
Qwen/Qwen3-235B-A22B,blackwell,1,786432,Dense,2,621.4,1.0,32.70706120778957,32.70706120778957,OK,42.2
Qwen/Qwen3-235B-A22B,blackwell,2,786432,Sparse,2,772.8,0.1,30.887153237782293,30.887153237782293,OK,23.4
Qwen/Qwen3-235B-A22B,blackwell,8,131072,Sparse,2,671.9,0.1,30.268671989782295,30.268671989782295,OK,4.4
Qwen/Qwen3-235B-A22B,blackwell,2,786432,Dense,2,772.8,1.0,47.9184133977823,47.9184133977823,OK,24.0
Qwen/Qwen3-235B-A22B,blackwell,1,786432,Dense,4,621.4,1.0,31.463257667717958,31.463257667717958,OK,41.8
Qwen/Qwen3-235B-A22B,blackwell,1,786432,Sparse,4,621.4,0.1,31.463257667717958,31.463257667717958,OK,41.7
Qwen/Qwen3-235B-A22B,blackwell,2,786432,Sparse,4,772.8,0.1,42.230360156692775,42.230360156692775,OK,24.0
Qwen/Qwen3-235B-A22B,blackwell,2,786432,Dense,4,772.8,1.0,42.81522364469278,42.81522364469278,OK,24.5
Qwen/Qwen3-235B-A22B,blackwell,4,786432,Sparse,1,1075.6,0.1,31.11150648330302,31.11150648330302,OK,9.7
Qwen/Qwen3-235B-A22B,blackwell,4,786432,Sparse,4,1075.6,0.1,43.18055757749277,43.18055757749277,OK,9.9
Qwen/Qwen3-235B-A22B,blackwell,4,786432,Dense,4,1075.6,1.0,52.281665852692775,52.281665852692775,OK,10.1
Qwen/Qwen3-235B-A22B,blackwell,4,786432,Dense,1,1075.6,1.0,99.238906419303,99.238906419303,OK,10.7
Qwen/Qwen3-235B-A22B,blackwell,8,131072,Sparse,4,671.9,0.1,39.67338418869278,39.67338418869278,OK,4.2
Qwen/Qwen3-235B-A22B,blackwell,8,131072,HBM-only,4,671.9,1.0,39.67338418869278,39.67338418869278,OK,4.3
Qwen/Qwen3-235B-A22B,blackwell,4,786432,Dense,2,1075.6,1.0,66.84734981378229,66.84734981378229,OK,11.3
Qwen/Qwen3-235B-A22B,blackwell,4,786432,Sparse,2,1075.6,0.1,32.7836498457823,32.7836498457823,OK,10.9
Qwen/Qwen3-235B-A22B,blackwell,8,196608,Dense,1,772.8,1.0,61.39855819530302,61.39855819530302,OK,4.7
Qwen/Qwen3-235B-A22B,blackwell,8,196608,Dense,4,772.8,1.0,42.827500796692775,42.827500796692775,OK,4.7
Qwen/Qwen3-235B-A22B,blackwell,8,196608,Dense,2,772.8,1.0,47.93112370178229,47.93112370178229,OK,4.9
Qwen/Qwen3-235B-A22B,blackwell,8,196608,Sparse,1,772.8,0.1,27.334305267303016,27.334305267303016,OK,4.8
Qwen/Qwen3-235B-A22B,blackwell,8,196608,Sparse,2,772.8,0.1,30.898997237782293,30.898997237782293,OK,4.8
Qwen/Qwen3-235B-A22B,blackwell,8,196608,Sparse,4,772.8,0.1,42.24259399349277,42.24259399349277,OK,4.9
Qwen/Qwen3-235B-A22B,blackwell,1,1048576,Dense,1,671.9,1.0,44.111052450606145,44.111052450606145,OK,44.8
Qwen/Qwen3-235B-A22B,blackwell,8,262144,Dense,1,873.7,1.0,74.015024627303,74.015024627303,OK,5.3
Qwen/Qwen3-235B-A22B,blackwell,8,262144,Dense,2,873.7,1.0,54.23935691778229,54.23935691778229,OK,5.4
Qwen/Qwen3-235B-A22B,blackwell,8,262144,Sparse,1,873.7,0.1,28.596528627303016,28.596528627303016,OK,5.2
Qwen/Qwen3-235B-A22B,blackwell,8,262144,Dense,4,873.7,1.0,45.98161740469278,45.98161740469278,OK,5.4
Qwen/Qwen3-235B-A22B,blackwell,8,262144,Sparse,2,873.7,0.1,31.530108917782297,31.530108917782297,OK,5.3
Qwen/Qwen3-235B-A22B,blackwell,2,1048576,Dense,1,873.7,1.0,74.00144801930301,74.00144801930301,OK,28.0
Qwen/Qwen3-235B-A22B,blackwell,2,1048576,Sparse,1,873.7,0.1,28.584684627303016,28.584684627303016,OK,27.8
Qwen/Qwen3-235B-A22B,blackwell,8,262144,Sparse,4,873.7,0.1,42.55787570869278,42.55787570869278,OK,5.4
mistralai/Mixtral-8x22B-v0.1,blackwell,4,2097152,Sparse,4,2206.1,0.1,41.17930377226327,41.17930377226327,OK,118.5
Qwen/Qwen3-235B-A22B,blackwell,8,393216,Dense,1,1075.6,1.0,99.24795749130303,99.24795749130303,OK,6.4
Qwen/Qwen3-235B-A22B,blackwell,8,393216,Dense,4,1075.6,1.0,52.289850620692775,52.289850620692775,OK,6.7
Qwen/Qwen3-235B-A22B,blackwell,8,393216,Dense,2,1075.6,1.0,66.8558233497823,66.8558233497823,OK,6.9
Qwen/Qwen3-235B-A22B,blackwell,8,393216,Sparse,1,1075.6,0.1,31.118616051303015,31.118616051303015,OK,6.7
Qwen/Qwen3-235B-A22B,blackwell,8,393216,Sparse,2,1075.6,0.1,32.791152629782296,32.791152629782296,OK,6.6
Qwen/Qwen3-235B-A22B,blackwell,8,393216,Sparse,4,1075.6,0.1,43.18856908469278,43.18856908469278,OK,6.8
Qwen/Qwen3-235B-A22B,blackwell,1,1048576,Dense,4,671.9,1.0,33.04031597171796,33.04031597171796,OK,48.8
Qwen/Qwen3-235B-A22B,blackwell,8,524288,Dense,1,1277.5,1.0,124.48089035530302,124.48089035530302,OK,7.4
Qwen/Qwen3-235B-A22B,blackwell,8,524288,Sparse,1,1277.5,0.1,33.64227633930302,33.64227633930302,OK,7.4
Qwen/Qwen3-235B-A22B,blackwell,8,524288,Dense,2,1277.5,1.0,79.47228978178228,79.47228978178228,OK,7.7
Qwen/Qwen3-235B-A22B,blackwell,8,524288,Dense,4,1277.5,1.0,58.598083836692766,58.598083836692766,OK,7.8
Qwen/Qwen3-235B-A22B,blackwell,8,524288,Sparse,2,1277.5,0.1,34.0529827737823,34.0529827737823,OK,7.6
Qwen/Qwen3-235B-A22B,blackwell,1,1048576,Sparse,1,671.9,0.1,21.403850402606157,21.403850402606157,OK,49.6
Qwen/Qwen3-235B-A22B,blackwell,8,524288,Sparse,4,1277.5,0.1,43.81937074869277,43.81937074869277,OK,7.6
Qwen/Qwen3-235B-A22B,blackwell,1,1048576,HBM-only,4,671.9,1.0,33.04031597171796,33.04031597171796,OK,49.3
Qwen/Qwen3-235B-A22B,blackwell,1,1048576,Sparse,4,671.9,0.1,33.04031597171796,33.04031597171796,OK,49.6
Qwen/Qwen3-235B-A22B,blackwell,2,1048576,Dense,4,873.7,1.0,45.96934025269278,45.96934025269278,OK,32.8
Qwen/Qwen3-235B-A22B,blackwell,4,1048576,Sparse,4,1277.5,0.1,43.81133758389277,43.81133758389277,OK,17.5
Qwen/Qwen3-235B-A22B,blackwell,2,1048576,Sparse,4,873.7,0.1,42.54570684469277,42.54570684469277,OK,31.1
Qwen/Qwen3-235B-A22B,blackwell,16,131072,Dense,1,873.7,1.0,74.08642353847644,74.08642353847644,OK,4.8
Qwen/Qwen3-235B-A22B,blackwell,4,1048576,Dense,4,1277.5,1.0,58.58989906869277,58.58989906869277,OK,19.3
Qwen/Qwen3-235B-A22B,blackwell,16,131072,Dense,2,873.7,1.0,54.354911426046485,54.354911426046485,OK,4.7
Qwen/Qwen3-235B-A22B,blackwell,4,1048576,Sparse,1,1277.5,0.1,33.634380339303014,33.634380339303014,OK,19.5
Qwen/Qwen3-235B-A22B,blackwell,4,1048576,Dense,1,1277.5,1.0,124.47183928330304,124.47183928330304,OK,19.8
Qwen/Qwen3-235B-A22B,blackwell,8,786432,Dense,1,1681.2,1.0,174.94675608330303,174.94675608330303,OK,9.5
Qwen/Qwen3-235B-A22B,blackwell,16,131072,Dense,4,873.7,1.0,46.05775571604457,46.05775571604457,OK,4.8
Qwen/Qwen3-235B-A22B,blackwell,16,131072,Sparse,1,873.7,0.1,28.668763122476438,28.668763122476438,OK,4.8
Qwen/Qwen3-235B-A22B,blackwell,16,131072,Sparse,2,873.7,0.1,31.646081218046476,31.646081218046476,OK,4.7
Qwen/Qwen3-235B-A22B,blackwell,16,131072,Sparse,4,873.7,0.1,42.633862416844565,42.633862416844565,OK,4.9
Qwen/Qwen3-235B-A22B,blackwell,8,786432,Sparse,1,1681.2,0.1,38.69038334730301,38.69038334730301,OK,9.7
Qwen/Qwen3-235B-A22B,blackwell,8,786432,Dense,4,1681.2,1.0,71.21455026869278,71.21455026869278,OK,10.2
Qwen/Qwen3-235B-A22B,blackwell,8,786432,Dense,2,1681.2,1.0,104.70522264578229,104.70522264578229,OK,10.4
Qwen/Qwen3-235B-A22B,blackwell,16,196608,Dense,1,1075.6,1.0,99.31935640247646,99.31935640247646,OK,5.2
Qwen/Qwen3-235B-A22B,blackwell,8,786432,Sparse,2,1681.2,0.1,36.57703627778229,36.57703627778229,OK,10.3
mistralai/Mixtral-8x22B-v0.1,blackwell,4,2097152,Dense,4,2206.1,1.0,82.07738290186329,82.07738290186329,OK,126.2
Qwen/Qwen3-235B-A22B,blackwell,8,786432,Sparse,4,1681.2,0.1,45.08095241909278,45.08095241909278,OK,10.2
Qwen/Qwen3-235B-A22B,blackwell,16,196608,Dense,2,1075.6,1.0,66.97137785804647,66.97137785804647,OK,5.2
Qwen/Qwen3-235B-A22B,blackwell,16,196608,Dense,4,1075.6,1.0,52.36598893204456,52.36598893204456,OK,5.3
Qwen/Qwen3-235B-A22B,blackwell,16,196608,Sparse,1,1075.6,0.1,31.18849125047644,31.18849125047644,OK,5.2
Qwen/Qwen3-235B-A22B,blackwell,16,196608,Sparse,2,1075.6,0.1,32.905945282046474,32.905945282046474,OK,5.5
Qwen/Qwen3-235B-A22B,blackwell,16,196608,Sparse,4,1075.6,0.1,43.26444750484457,43.26444750484457,OK,5.4
Qwen/Qwen3-235B-A22B,blackwell,16,262144,Dense,1,1277.5,1.0,124.55228926647644,124.55228926647644,OK,5.7
Qwen/Qwen3-235B-A22B,blackwell,16,262144,Dense,2,1277.5,1.0,79.58784429004646,79.58784429004646,OK,5.9
Qwen/Qwen3-235B-A22B,blackwell,8,1048576,Dense,1,2084.9,1.0,225.412621811303,225.412621811303,OK,11.7
Qwen/Qwen3-235B-A22B,blackwell,16,262144,Sparse,1,1277.5,0.1,33.714510834476435,33.714510834476435,OK,5.8
Qwen/Qwen3-235B-A22B,blackwell,16,262144,Dense,4,1277.5,1.0,58.674222148044564,58.674222148044564,OK,5.8
Qwen/Qwen3-235B-A22B,blackwell,16,262144,Sparse,2,1277.5,0.1,34.16895507404648,34.16895507404648,OK,5.8
Qwen/Qwen3-235B-A22B,blackwell,16,262144,Sparse,4,1277.5,0.1,43.89514088084457,43.89514088084457,OK,5.8
Qwen/Qwen3-235B-A22B,blackwell,8,1048576,Sparse,1,2084.9,0.1,43.73691749130301,43.73691749130301,OK,11.6
Qwen/Qwen3-235B-A22B,blackwell,8,1048576,Dense,4,2084.9,1.0,83.83101670069277,83.83101670069277,OK,12.5
Qwen/Qwen3-235B-A22B,blackwell,8,1048576,Sparse,4,2084.9,0.1,46.34255574709277,46.34255574709277,OK,12.1
Qwen/Qwen3-235B-A22B,blackwell,16,393216,Dense,1,1681.2,1.0,175.01815499447642,175.01815499447642,OK,6.9
Qwen/Qwen3-235B-A22B,blackwell,16,393216,Dense,2,1681.2,1.0,104.82077715404648,104.82077715404648,OK,7.3
Qwen/Qwen3-235B-A22B,blackwell,16,393216,Sparse,1,1681.2,0.1,38.75947211447644,38.75947211447644,OK,6.8
Qwen/Qwen3-235B-A22B,blackwell,16,393216,Dense,4,1681.2,1.0,71.29068858004456,71.29068858004456,OK,7.2
Qwen/Qwen3-235B-A22B,blackwell,16,393216,Sparse,2,1681.2,0.1,36.69143571404648,36.69143571404648,OK,7.3
Qwen/Qwen3-235B-A22B,blackwell,16,393216,Sparse,4,1681.2,0.1,45.15670089364457,45.15670089364457,OK,7.2
Qwen/Qwen3-235B-A22B,blackwell,16,524288,Dense,1,2084.9,1.0,225.48402072247643,225.48402072247643,OK,8.0
Qwen/Qwen3-235B-A22B,blackwell,16,524288,Sparse,1,2084.9,0.1,43.806006258476444,43.806006258476444,OK,7.7
Qwen/Qwen3-235B-A22B,blackwell,1,1048576,Dense,2,671.9,1.0,35.86117781578958,35.86117781578958,OK,59.9
Qwen/Qwen3-235B-A22B,blackwell,4,1048576,Dense,2,1277.5,1.0,79.46381624578228,79.46381624578228,OK,28.2
Qwen/Qwen3-235B-A22B,blackwell,16,524288,Dense,4,2084.9,1.0,83.90715501204457,83.90715501204457,OK,8.3
Qwen/Qwen3-235B-A22B,blackwell,16,524288,Dense,2,2084.9,1.0,130.05371001804647,130.05371001804647,OK,8.3
Qwen/Qwen3-235B-A22B,blackwell,16,524288,Sparse,2,2084.9,0.1,39.21470278604647,39.21470278604647,OK,8.3
Qwen/Qwen3-235B-A22B,blackwell,16,524288,Sparse,4,2084.9,0.1,46.41828256404457,46.41828256404457,OK,8.3
Qwen/Qwen3-235B-A22B,blackwell,8,1048576,Sparse,2,2084.9,0.1,39.100303349782294,39.100303349782294,OK,16.0
Qwen/Qwen3-235B-A22B,blackwell,8,1048576,Dense,2,2084.9,1.0,129.93815550978226,129.93815550978226,OK,16.5
Qwen/Qwen3-235B-A22B,blackwell,32,131072,Dense,1,1277.5,1.0,123.11964616215319,129.35309091485007,OK,6.6
Qwen/Qwen3-235B-A22B,blackwell,32,131072,Sparse,1,1277.5,0.1,33.544443482153206,38.51777008285006,OK,6.6
Qwen/Qwen3-235B-A22B,blackwell,32,131072,Sparse,2,1277.5,0.1,34.32175120072608,40.1486655987188,OK,6.7
Qwen/Qwen3-235B-A22B,blackwell,32,131072,Sparse,4,1277.5,0.1,44.04783432018893,44.04783432018893,OK,6.8
Qwen/Qwen3-235B-A22B,blackwell,32,131072,Dense,4,1277.5,1.0,58.82756531538893,58.82756531538893,OK,7.0
Qwen/Qwen3-235B-A22B,blackwell,32,131072,Dense,2,1277.5,1.0,79.42502554472608,85.5667262307188,OK,7.0
Qwen/Qwen3-235B-A22B,blackwell,16,786432,Dense,1,2892.4,1.0,326.4157521784764,326.4157521784764,OK,10.0
Qwen/Qwen3-235B-A22B,blackwell,16,786432,Sparse,1,2892.4,0.1,53.90300670647645,53.90300670647645,OK,10.1
Qwen/Qwen3-235B-A22B,blackwell,32,196608,Dense,1,1681.2,1.0,173.98036972215323,179.81896364285006,OK,7.4
Qwen/Qwen3-235B-A22B,blackwell,32,196608,Dense,2,1681.2,1.0,105.05276111272607,105.05276111272607,OK,7.5
Qwen/Qwen3-235B-A22B,blackwell,16,786432,Dense,2,2892.4,1.0,180.51957574604648,180.51957574604648,OK,10.9
Qwen/Qwen3-235B-A22B,blackwell,16,786432,Dense,4,2892.4,1.0,109.14008787604456,109.14008787604456,OK,10.8
Qwen/Qwen3-235B-A22B,blackwell,32,196608,Sparse,1,1681.2,0.1,38.425826906153205,43.556439906850066,OK,7.1
Qwen/Qwen3-235B-A22B,blackwell,32,196608,Dense,4,1681.2,1.0,71.44403174738895,71.44403174738895,OK,7.3
Qwen/Qwen3-235B-A22B,blackwell,16,786432,Sparse,2,2892.4,0.1,44.263203010046475,44.263203010046475,OK,10.9
Qwen/Qwen3-235B-A22B,blackwell,16,786432,Sparse,4,2892.4,0.1,48.941467562444565,48.941467562444565,OK,11.0
Qwen/Qwen3-235B-A22B,blackwell,32,196608,Sparse,2,1681.2,0.1,36.80215772872607,42.6683937267188,OK,7.4
Qwen/Qwen3-235B-A22B,blackwell,32,196608,Sparse,4,1681.2,0.1,45.30922107218893,45.30922107218893,OK,7.3
Qwen/Qwen3-235B-A22B,blackwell,2,1048576,Dense,2,873.7,1.0,54.22664661378229,54.22664661378229,OK,48.0
Qwen/Qwen3-235B-A22B,blackwell,32,262144,Dense,1,2084.9,1.0,225.6296154341532,225.6296154341532,OK,7.7
Qwen/Qwen3-235B-A22B,blackwell,32,262144,Dense,2,2084.9,1.0,130.28569397672607,130.28569397672607,OK,7.9
Qwen/Qwen3-235B-A22B,blackwell,32,262144,Sparse,1,2084.9,0.1,43.31900681015321,48.607692642850076,OK,7.5
Qwen/Qwen3-235B-A22B,blackwell,2,1048576,Sparse,2,873.7,0.1,31.518264917782293,31.518264917782293,OK,48.7
Qwen/Qwen3-235B-A22B,blackwell,32,262144,Dense,4,2084.9,1.0,84.06049817938894,84.06049817938894,OK,8.1
Qwen/Qwen3-235B-A22B,blackwell,16,1048576,Dense,4,3699.8,1.0,134.37302074004458,134.37302074004458,OK,12.9
Qwen/Qwen3-235B-A22B,blackwell,16,1048576,Sparse,2,3699.8,0.1,49.30777107404648,49.30777107404648,OK,12.9
Qwen/Qwen3-235B-A22B,blackwell,16,1048576,Dense,2,3699.8,1.0,230.9854414740465,230.9854414740465,OK,13.9
Qwen/Qwen3-235B-A22B,blackwell,32,262144,Sparse,2,2084.9,0.1,39.36760269672608,45.1940270947188,OK,7.9
Qwen/Qwen3-235B-A22B,blackwell,16,1048576,Sparse,4,3699.8,0.1,51.46473919124457,51.46473919124457,OK,13.0
Qwen/Qwen3-235B-A22B,blackwell,32,262144,Sparse,4,2084.9,0.1,46.57073776978893,46.57073776978893,OK,8.2
Qwen/Qwen3-235B-A22B,blackwell,32,393216,Dense,1,2892.4,1.0,326.56134689015323,326.56134689015323,OK,9.2
Qwen/Qwen3-235B-A22B,blackwell,32,393216,Dense,2,2892.4,1.0,180.75155970472605,180.75155970472605,OK,9.2
Qwen/Qwen3-235B-A22B,blackwell,32,393216,Sparse,1,2892.4,0.1,53.09514300215321,58.69918806685007,OK,8.8
Qwen/Qwen3-235B-A22B,blackwell,4,1048576,Sparse,2,1277.5,0.1,34.045086773782295,34.045086773782295,OK,37.4
Qwen/Qwen3-235B-A22B,blackwell,32,393216,Sparse,2,2892.4,0.1,44.374028808726074,50.23977480671879,OK,9.1
Qwen/Qwen3-235B-A22B,blackwell,32,393216,Dense,4,2892.4,1.0,109.29343104338892,109.29343104338892,OK,9.3
Qwen/Qwen3-235B-A22B,blackwell,32,393216,Sparse,4,2892.4,0.1,49.093901110588924,49.093901110588924,OK,9.8
Qwen/Qwen3-235B-A22B,blackwell,32,524288,Dense,2,3699.8,1.0,231.2174254327261,231.2174254327261,OK,10.2
Qwen/Qwen3-235B-A22B,blackwell,32,524288,Dense,4,3699.8,1.0,134.5263639073889,134.5263639073889,OK,10.5
Qwen/Qwen3-235B-A22B,blackwell,32,524288,Sparse,2,3699.8,0.1,49.379275272726076,55.2847360867188,OK,10.3
Qwen/Qwen3-235B-A22B,blackwell,32,524288,Sparse,4,3699.8,0.1,51.61710776658893,51.61710776658893,OK,10.4
Qwen/Qwen3-235B-A22B,blackwell,1,1048576,Sparse,2,671.9,0.1,24.507576791789575,24.507576791789575,OK,73.2
Qwen/Qwen3-235B-A22B,blackwell,32,786432,Dense,2,5314.7,1.0,332.14915688872617,332.14915688872617,OK,13.2
Qwen/Qwen3-235B-A22B,blackwell,32,786432,Dense,4,5314.7,1.0,184.99222963538892,184.99222963538892,OK,13.0
Qwen/Qwen3-235B-A22B,blackwell,32,786432,Sparse,4,5314.7,0.1,56.66371599698894,56.66371599698894,OK,13.0
Qwen/Qwen3-235B-A22B,blackwell,32,786432,Sparse,2,5314.7,0.1,59.39763252072608,65.3817365347188,OK,13.0
Qwen/Qwen3-235B-A22B,blackwell,64,131072,Sparse,1,2084.9,0.1,48.434954961338825,53.56734139403569,OK,13.1
Qwen/Qwen3-235B-A22B,blackwell,64,131072,Dense,2,2084.9,1.0,136.49917421610309,136.49917421610309,OK,13.8
Qwen/Qwen3-235B-A22B,blackwell,64,131072,Dense,1,2084.9,1.0,230.58434898533886,230.58434898533886,OK,13.8
Qwen/Qwen3-235B-A22B,blackwell,64,131072,Dense,4,2084.9,1.0,78.19814305394695,90.98913705659581,OK,14.0
Qwen/Qwen3-235B-A22B,blackwell,64,131072,Sparse,4,2084.9,0.1,45.24681935474695,53.4976873541958,OK,13.8
Qwen/Qwen3-235B-A22B,blackwell,64,131072,Sparse,2,2084.9,0.1,45.54243850410308,51.4095647180958,OK,14.0
Qwen/Qwen3-235B-A22B,blackwell,32,1048576,Dense,4,6929.6,1.0,235.45809536338894,235.45809536338894,OK,15.5
Qwen/Qwen3-235B-A22B,blackwell,64,196608,Dense,1,2892.4,1.0,331.51608744133887,331.51608744133887,OK,14.3
Qwen/Qwen3-235B-A22B,blackwell,64,196608,Dense,2,2892.4,1.0,186.94016259336968,186.94016259336968,OK,14.4
Qwen/Qwen3-235B-A22B,blackwell,64,196608,Sparse,1,2892.4,0.1,58.63252984133884,63.644688042035696,OK,14.0
Qwen/Qwen3-235B-A22B,blackwell,32,1048576,Sparse,4,6929.6,0.1,61.71030256978894,61.71030256978894,OK,15.8
Qwen/Qwen3-235B-A22B,blackwell,64,196608,Dense,4,2892.4,1.0,100.37552545394696,116.2220699205958,OK,14.5
Qwen/Qwen3-235B-A22B,blackwell,64,196608,Sparse,4,2892.4,0.1,47.46431936114695,56.0206990917958,OK,14.2
Qwen/Qwen3-235B-A22B,blackwell,64,196608,Sparse,2,2892.4,0.1,50.70172977610307,50.70172977610307,OK,14.5
Qwen/Qwen3-235B-A22B,blackwell,64,262144,Dense,2,3699.8,1.0,207.14864269737438,237.43090567210305,OK,14.9
Qwen/Qwen3-235B-A22B,blackwell,64,262144,Dense,4,3699.8,1.0,122.55290785394696,141.4550027845958,OK,14.8
Qwen/Qwen3-235B-A22B,blackwell,64,262144,Sparse,2,3699.8,0.1,55.752989512103085,55.752989512103085,OK,15.0
Qwen/Qwen3-235B-A22B,blackwell,64,262144,Sparse,4,3699.8,0.1,49.68194931314696,58.54386243259581,OK,14.9
Qwen/Qwen3-235B-A22B,blackwell,64,393216,Sparse,2,5314.7,0.1,65.84409172010308,65.84409172010308,OK,15.7
Qwen/Qwen3-235B-A22B,blackwell,64,393216,Dense,4,5314.7,1.0,168.09150150994697,191.92086851259583,OK,16.2
Qwen/Qwen3-235B-A22B,blackwell,64,393216,Sparse,4,5314.7,0.1,54.11738247794696,63.59040569019581,OK,16.9
Qwen/Qwen3-235B-A22B,blackwell,64,393216,Dense,2,5314.7,1.0,295.85817229737444,338.36263712810313,OK,17.3
Qwen/Qwen3-235B-A22B,blackwell,64,524288,Dense,4,6929.6,1.0,212.84053088594695,242.3867342405958,OK,17.3
Qwen/Qwen3-235B-A22B,blackwell,64,524288,Sparse,4,6929.6,0.1,58.55281564274696,68.63692729019581,OK,17.6
Qwen/Qwen3-235B-A22B,blackwell,64,786432,Dense,4,10159.4,1.0,303.52189742994693,343.3184586965958,OK,19.9
Qwen/Qwen3-235B-A22B,blackwell,64,786432,Sparse,4,10159.4,0.1,67.42372528754696,78.73005712059582,OK,20.1
Qwen/Qwen3-235B-A22B,blackwell,1,2097152,Dense,1,873.7,1.0,69.34398531460614,69.34398531460614,OK,89.5
Qwen/Qwen3-235B-A22B,blackwell,1,2097152,Sparse,1,873.7,0.1,23.926724258606153,23.926724258606153,OK,90.2
Qwen/Qwen3-235B-A22B,blackwell,2,2097152,Sparse,1,1277.5,0.1,33.63043233930302,33.63043233930302,OK,71.2
Qwen/Qwen3-235B-A22B,blackwell,4,2097152,Sparse,1,2084.9,0.1,43.729021491303016,43.729021491303016,OK,60.0
Qwen/Qwen3-235B-A22B,blackwell,4,2097152,Dense,1,2084.9,1.0,225.40357073930306,225.40357073930306,OK,61.8
Qwen/Qwen3-235B-A22B,blackwell,1,2097152,Dense,4,873.7,1.0,39.348549187717964,39.348549187717964,OK,95.5
Qwen/Qwen3-235B-A22B,blackwell,2,2097152,Dense,1,1277.5,1.0,124.46731374730302,124.46731374730302,OK,79.8
Qwen/Qwen3-235B-A22B,blackwell,2,2097152,Dense,4,1277.5,1.0,58.58580668469277,58.58580668469277,OK,78.2
Qwen/Qwen3-235B-A22B,blackwell,2,2097152,Sparse,4,1277.5,0.1,43.80731017269278,43.80731017269278,OK,77.8
Qwen/Qwen3-235B-A22B,blackwell,4,2097152,Dense,4,2084.9,1.0,83.82283193269276,83.82283193269276,OK,66.8
Qwen/Qwen3-235B-A22B,blackwell,4,2097152,Sparse,4,2084.9,0.1,46.334565897492766,46.334565897492766,OK,66.6
Qwen/Qwen3-235B-A22B,blackwell,8,2097152,Sparse,4,3699.8,0.1,51.38905568949278,51.38905568949278,OK,55.5
Qwen/Qwen3-235B-A22B,blackwell,16,2097152,Sparse,4,6929.6,0.1,61.55793399444456,61.55793399444456,OK,46.7
Qwen/Qwen3-235B-A22B,blackwell,16,2097152,Dense,4,6929.6,1.0,235.30475219604463,235.30475219604463,OK,46.7
Qwen/Qwen3-235B-A22B,blackwell,1,2097152,Sparse,4,873.7,0.1,35.924937437317965,35.924937437317965,OK,97.4
Qwen/Qwen3-235B-A22B,blackwell,8,2097152,Dense,4,3699.8,1.0,134.29688242869278,134.29688242869278,OK,56.2
Qwen/Qwen3-235B-A22B,blackwell,128,131072,Sparse,2,3699.8,0.1,61.13083709637483,68.1908925831035,OK,36.7
Qwen/Qwen3-235B-A22B,blackwell,128,131072,Sparse,4,3699.8,0.1,56.283353415105054,72.40631949389896,OK,36.9
Qwen/Qwen3-235B-A22B,blackwell,128,196608,Sparse,2,5314.7,0.1,70.93156002651128,78.24385169723995,OK,37.0
Qwen/Qwen3-235B-A22B,blackwell,128,196608,Sparse,4,5314.7,0.1,60.66199591590506,77.45277612109896,OK,37.8
Qwen/Qwen3-235B-A22B,blackwell,128,131072,Dense,4,3699.8,1.0,134.91145355260463,148.5082556557925,OK,41.9
Qwen/Qwen3-235B-A22B,blackwell,128,131072,Dense,2,3699.8,1.0,230.43055303069352,243.72814205930933,OK,42.9
Qwen/Qwen3-235B-A22B,blackwell,128,262144,Sparse,4,6929.6,0.1,65.26241967548685,82.48483409137442,OK,38.8
Qwen/Qwen3-235B-A22B,blackwell,128,196608,Dense,4,5314.7,1.0,185.41545057795057,198.87714714808928,OK,42.7
Qwen/Qwen3-235B-A22B,blackwell,128,393216,Sparse,4,10159.4,0.1,74.83378726935345,92.59477383220309,OK,41.5
Qwen/Qwen3-235B-A22B,blackwell,128,196608,Dense,2,5314.7,1.0,339.284199765001,339.284199765001,OK,46.7
Qwen/Qwen3-235B-A22B,blackwell,128,262144,Dense,4,6929.6,1.0,238.26920687193237,249.24550797874514,OK,46.3
Qwen/Qwen3-235B-A22B,blackwell,128,393216,Dense,4,10159.4,1.0,343.95449729704296,343.95449729704296,OK,47.3
Qwen/Qwen3-235B-A22B,blackwell,1,2097152,Dense,2,873.7,1.0,48.47764424778957,48.47764424778957,OK,122.5
Qwen/Qwen3-235B-A22B,blackwell,2,2097152,Dense,2,1277.5,1.0,79.45957947778228,79.45957947778228,OK,105.6
Qwen/Qwen3-235B-A22B,blackwell,4,2097152,Sparse,2,2084.9,0.1,39.09240734978229,39.09240734978229,OK,96.7
Qwen/Qwen3-235B-A22B,blackwell,2,2097152,Sparse,2,1277.5,0.1,34.04113877378229,34.04113877378229,OK,108.8
Qwen/Qwen3-235B-A22B,blackwell,8,2097152,Sparse,2,3699.8,0.1,49.19337163778229,49.19337163778229,OK,85.5
Qwen/Qwen3-235B-A22B,blackwell,8,2097152,Dense,2,3699.8,1.0,230.86988696578234,230.86988696578234,OK,90.5
Qwen/Qwen3-235B-A22B,blackwell,4,2097152,Dense,2,2084.9,1.0,129.9296819737823,129.9296819737823,OK,110.5
Qwen/Qwen3-235B-A22B,blackwell,1,2097152,Sparse,2,873.7,0.1,25.769013719789577,25.769013719789577,OK,145.6
meta-llama/Meta-Llama-3-8B,blackwell,1,131072,Naive,1,33.2,0.1,8.524091060941986,8.524091060941986,OK,3.6
meta-llama/Meta-Llama-3-8B,blackwell,1,131072,Naive,4,33.2,0.1,9.938725518699924,9.938725518699924,OK,3.8
meta-llama/Meta-Llama-3-8B,blackwell,1,131072,Naive,2,33.2,0.1,9.344967731578851,9.344967731578851,OK,3.8
meta-llama/Meta-Llama-3-8B,blackwell,1,131072,Naive,8,33.2,0.1,9.841204138661825,9.841204138661825,OK,3.9
meta-llama/Meta-Llama-3-8B,blackwell,1,196608,Naive,4,41.8,0.1,10.207160974699924,10.207160974699924,OK,4.4
meta-llama/Meta-Llama-3-8B,blackwell,1,196608,Naive,8,41.8,0.1,9.975421866661824,9.975421866661824,OK,4.7
meta-llama/Meta-Llama-3-8B,blackwell,1,196608,Naive,1,41.8,0.1,9.597832884941988,9.597832884941988,OK,4.7
meta-llama/Meta-Llama-3-8B,blackwell,1,196608,Naive,2,41.8,0.1,9.88183864357885,9.88183864357885,OK,4.8
meta-llama/Meta-Llama-3-8B,blackwell,1,262144,Naive,1,50.4,0.1,10.671574708941986,10.671574708941986,OK,4.8
meta-llama/Meta-Llama-3-8B,blackwell,1,262144,Naive,4,50.4,0.1,10.475596430699923,10.475596430699923,OK,5.2
meta-llama/Meta-Llama-3-8B,blackwell,1,262144,Naive,2,50.4,0.1,10.418709555578848,10.418709555578848,OK,5.2
meta-llama/Meta-Llama-3-8B,blackwell,1,262144,Naive,8,50.4,0.1,10.109639594661823,10.109639594661823,OK,5.4
meta-llama/Meta-Llama-3-8B,blackwell,1,393216,Naive,4,67.6,0.1,11.012467342699926,11.012467342699926,OK,6.2
meta-llama/Meta-Llama-3-8B,blackwell,1,393216,Naive,1,67.6,0.1,12.819058356941985,12.819058356941985,OK,6.2
meta-llama/Meta-Llama-3-8B,blackwell,1,393216,Naive,8,67.6,0.1,10.378075050661824,10.378075050661824,OK,6.7
meta-llama/Meta-Llama-3-8B,blackwell,1,393216,Naive,2,67.6,0.1,11.492451379578851,11.492451379578851,OK,6.7
meta-llama/Meta-Llama-3-8B,blackwell,1,524288,Naive,1,84.8,0.1,14.966542004941985,14.966542004941985,OK,6.5
meta-llama/Meta-Llama-3-8B,blackwell,1,524288,Naive,2,84.8,0.1,12.566193203578852,12.566193203578852,OK,6.9
meta-llama/Meta-Llama-3-8B,blackwell,1,524288,Naive,4,84.8,0.1,11.549338254699924,11.549338254699924,OK,6.9
meta-llama/Meta-Llama-3-8B,blackwell,1,524288,Naive,8,84.8,0.1,10.646510506661823,10.646510506661823,OK,7.8
meta-llama/Meta-Llama-3-8B,blackwell,1,786432,Naive,1,119.1,0.1,19.261509300941988,19.261509300941988,OK,8.8
meta-llama/Meta-Llama-3-8B,blackwell,2,131072,HBM-only,1,50.4,1.0,12.202624250222808,12.202624250222808,OK,3.4
meta-llama/Meta-Llama-3-8B,blackwell,2,131072,Naive,2,50.4,0.1,12.423339992518887,12.423339992518887,OK,3.5
meta-llama/Meta-Llama-3-8B,blackwell,2,131072,Naive,1,50.4,0.1,12.202624250222808,12.202624250222808,OK,3.6
meta-llama/Meta-Llama-3-8B,blackwell,1,786432,Naive,2,119.1,0.1,14.713676851578851,14.713676851578851,OK,10.0
meta-llama/Meta-Llama-3-8B,blackwell,1,786432,Naive,4,119.1,0.1,12.623080078699925,12.623080078699925,OK,10.0
meta-llama/Meta-Llama-3-8B,blackwell,1,786432,Naive,8,119.1,0.1,11.18338141866182,11.18338141866182,OK,10.6
meta-llama/Meta-Llama-3-8B,blackwell,2,131072,Naive,4,50.4,0.1,12.762847178420229,12.762847178420229,OK,3.6
meta-llama/Meta-Llama-3-8B,blackwell,2,131072,Naive,8,50.4,0.1,12.439600429372604,12.439600429372604,OK,3.5
meta-llama/Meta-Llama-3-8B,blackwell,1,1048576,Naive,1,153.5,0.1,23.556476596941987,23.556476596941987,OK,11.9
meta-llama/Meta-Llama-3-8B,blackwell,1,1048576,Naive,8,153.5,0.1,11.720252330661825,11.720252330661825,OK,11.6
meta-llama/Meta-Llama-3-8B,blackwell,2,196608,Naive,1,67.6,0.1,14.35010789822281,14.35010789822281,OK,4.0
meta-llama/Meta-Llama-3-8B,blackwell,1,1048576,Naive,4,153.5,0.1,13.696821902699924,13.696821902699924,OK,12.2
meta-llama/Meta-Llama-3-8B,blackwell,2,196608,Naive,2,67.6,0.1,13.497081816518888,13.497081816518888,OK,4.0
meta-llama/Meta-Llama-3-8B,blackwell,2,196608,Naive,4,67.6,0.1,13.299718090420228,13.299718090420228,OK,4.3
meta-llama/Meta-Llama-3-8B,blackwell,1,1048576,Naive,2,153.5,0.1,16.86116049957885,16.86116049957885,OK,13.5
meta-llama/Meta-Llama-3-8B,blackwell,2,196608,Naive,8,67.6,0.1,12.708035885372604,12.708035885372604,OK,4.1
meta-llama/Meta-Llama-3-8B,blackwell,2,262144,Naive,1,84.8,0.1,16.497591546222807,16.497591546222807,OK,4.6
meta-llama/Meta-Llama-3-8B,blackwell,2,262144,Naive,2,84.8,0.1,14.570823640518888,14.570823640518888,OK,4.9
meta-llama/Meta-Llama-3-8B,blackwell,2,262144,Naive,4,84.8,0.1,13.836589002420231,13.836589002420231,OK,4.9
meta-llama/Meta-Llama-3-8B,blackwell,2,262144,Naive,8,84.8,0.1,12.976471341372603,12.976471341372603,OK,5.0
meta-llama/Meta-Llama-3-8B,blackwell,2,393216,Naive,1,119.1,0.1,20.792558842222807,20.792558842222807,OK,5.4
meta-llama/Meta-Llama-3-8B,blackwell,2,393216,Naive,2,119.1,0.1,16.718307288518886,16.718307288518886,OK,5.8
meta-llama/Meta-Llama-3-8B,blackwell,2,393216,Naive,8,119.1,0.1,13.513342253372603,13.513342253372603,OK,5.7
meta-llama/Meta-Llama-3-8B,blackwell,2,393216,Naive,4,119.1,0.1,14.910330826420228,14.910330826420228,OK,6.0
meta-llama/Meta-Llama-3-8B,blackwell,2,524288,Naive,1,153.5,0.1,25.087526138222806,25.087526138222806,OK,6.7
meta-llama/Meta-Llama-3-8B,blackwell,1,2097152,Naive,1,290.9,0.1,30.161709868545188,30.161709868545188,OK,19.3
meta-llama/Meta-Llama-3-8B,blackwell,2,524288,Naive,4,153.5,0.1,15.98407265042023,15.98407265042023,OK,6.8
meta-llama/Meta-Llama-3-8B,blackwell,2,524288,Naive,8,153.5,0.1,14.050213165372606,14.050213165372606,OK,7.0
meta-llama/Meta-Llama-3-8B,blackwell,2,524288,Naive,2,153.5,0.1,18.865790936518884,18.865790936518884,OK,7.7
meta-llama/Meta-Llama-3-8B,blackwell,1,2097152,Naive,8,290.9,0.1,13.867735978661822,13.867735978661822,OK,20.8
meta-llama/Meta-Llama-3-8B,blackwell,4,131072,Naive,1,84.8,0.1,16.49932876222281,16.49932876222281,OK,3.5
meta-llama/Meta-Llama-3-8B,blackwell,2,786432,Naive,1,222.2,0.1,30.162258723018965,30.162258723018965,OK,10.6
meta-llama/Meta-Llama-3-8B,blackwell,2,786432,Naive,2,222.2,0.1,23.160758232518887,23.160758232518887,OK,9.6
meta-llama/Meta-Llama-3-8B,blackwell,1,2097152,Naive,2,290.9,0.1,25.45109509157885,25.45109509157885,OK,23.7
meta-llama/Meta-Llama-3-8B,blackwell,2,786432,Naive,4,222.2,0.1,18.13155629842023,18.13155629842023,OK,10.1
meta-llama/Meta-Llama-3-8B,blackwell,1,2097152,Naive,4,290.9,0.1,17.991789198699923,17.991789198699923,OK,24.2
meta-llama/Meta-Llama-3-8B,blackwell,2,786432,Naive,8,222.2,0.1,15.123954989372603,15.123954989372603,OK,9.5
meta-llama/Meta-Llama-3-8B,blackwell,4,131072,Naive,2,84.8,0.1,14.572364248518888,14.572364248518888,OK,3.7
meta-llama/Meta-Llama-3-8B,blackwell,4,196608,Naive,1,119.1,0.1,20.794296058222812,20.794296058222812,OK,3.9
meta-llama/Meta-Llama-3-8B,blackwell,4,131072,Naive,4,84.8,0.1,13.838031306420229,13.838031306420229,OK,4.0
meta-llama/Meta-Llama-3-8B,blackwell,2,1048576,Naive,1,290.9,0.1,31.692759409826007,31.692759409826007,OK,11.8
meta-llama/Meta-Llama-3-8B,blackwell,4,131072,Naive,8,84.8,0.1,12.977864493372604,12.977864493372604,OK,4.2
meta-llama/Meta-Llama-3-8B,blackwell,4,196608,Naive,2,119.1,0.1,16.719847896518885,16.719847896518885,OK,4.1
meta-llama/Meta-Llama-3-8B,blackwell,4,196608,Naive,4,119.1,0.1,14.911773130420231,14.911773130420231,OK,4.5
meta-llama/Meta-Llama-3-8B,blackwell,2,1048576,Naive,8,290.9,0.1,16.197696813372605,16.197696813372605,OK,11.5
meta-llama/Meta-Llama-3-8B,blackwell,4,196608,Naive,8,119.1,0.1,13.514735405372605,13.514735405372605,OK,4.4
meta-llama/Meta-Llama-3-8B,blackwell,2,1048576,Naive,4,290.9,0.1,20.27903994642023,20.27903994642023,OK,12.3
meta-llama/Meta-Llama-3-8B,blackwell,2,1048576,Naive,2,290.9,0.1,27.45572552851889,27.45572552851889,OK,13.0
meta-llama/Meta-Llama-3-8B,blackwell,4,262144,Naive,2,153.5,0.1,18.867331544518887,18.867331544518887,OK,4.6
meta-llama/Meta-Llama-3-8B,blackwell,4,262144,Naive,1,153.5,0.1,25.08926335422281,25.08926335422281,OK,5.0
meta-llama/Meta-Llama-3-8B,blackwell,4,262144,Naive,8,153.5,0.1,14.051606317372604,14.051606317372604,OK,4.5
meta-llama/Meta-Llama-3-8B,blackwell,4,262144,Naive,4,153.5,0.1,15.98551495442023,15.98551495442023,OK,5.0
meta-llama/Meta-Llama-3-8B,blackwell,4,393216,Naive,1,222.2,0.1,30.163942080223446,30.163942080223446,OK,5.8
meta-llama/Meta-Llama-3-8B,blackwell,4,393216,Naive,2,222.2,0.1,23.162298840518886,23.162298840518886,OK,5.8
meta-llama/Meta-Llama-3-8B,blackwell,4,393216,Naive,4,222.2,0.1,18.13299860242023,18.13299860242023,OK,6.1
meta-llama/Meta-Llama-3-8B,blackwell,4,393216,Naive,8,222.2,0.1,15.125348141372605,15.125348141372605,OK,6.0
meta-llama/Meta-Llama-3-8B,blackwell,4,524288,Naive,2,290.9,0.1,27.45726613651889,27.45726613651889,OK,6.9
meta-llama/Meta-Llama-3-8B,blackwell,4,524288,Naive,4,290.9,0.1,20.280482250420228,20.280482250420228,OK,6.9
meta-llama/Meta-Llama-3-8B,blackwell,4,524288,Naive,1,290.9,0.1,31.69433504943945,31.69433504943945,OK,7.5
meta-llama/Meta-Llama-3-8B,blackwell,4,524288,Naive,8,290.9,0.1,16.199089965372604,16.199089965372604,OK,6.7
meta-llama/Meta-Llama-3-8B,blackwell,4,786432,Naive,1,428.4,0.1,34.75533642305353,34.75533642305353,OK,8.5
meta-llama/Meta-Llama-3-8B,blackwell,4,786432,Naive,2,428.4,0.1,33.3568731041016,33.3568731041016,OK,10.1
meta-llama/Meta-Llama-3-8B,blackwell,2,2097152,Naive,2,565.8,0.1,34.8858601123064,34.8858601123064,OK,21.1
meta-llama/Meta-Llama-3-8B,blackwell,2,2097152,Naive,1,565.8,0.1,39.9358114426452,39.9358114426452,OK,22.4
meta-llama/Meta-Llama-3-8B,blackwell,4,786432,Naive,4,428.4,0.1,24.575449546420227,24.575449546420227,OK,9.2
meta-llama/Meta-Llama-3-8B,blackwell,8,131072,Naive,1,153.5,0.1,25.092737786222806,25.092737786222806,OK,3.6
meta-llama/Meta-Llama-3-8B,blackwell,4,786432,Naive,8,428.4,0.1,18.346573613372605,18.346573613372605,OK,10.2
meta-llama/Meta-Llama-3-8B,blackwell,2,2097152,Naive,8,565.8,0.1,20.492664109372605,20.492664109372605,OK,23.5
meta-llama/Meta-Llama-3-8B,blackwell,2,2097152,Naive,4,565.8,0.1,28.86897453842023,28.86897453842023,OK,23.8
meta-llama/Meta-Llama-3-8B,blackwell,8,131072,Naive,2,153.5,0.1,18.87041276051889,18.87041276051889,OK,3.5
meta-llama/Meta-Llama-3-8B,blackwell,8,131072,Naive,4,153.5,0.1,15.988399562420229,15.988399562420229,OK,3.7
meta-llama/Meta-Llama-3-8B,blackwell,8,131072,Naive,8,153.5,0.1,14.054392621372603,14.054392621372603,OK,3.7
meta-llama/Meta-Llama-3-8B,blackwell,8,196608,Naive,1,222.2,0.1,30.167254935836883,30.167254935836883,OK,4.2
meta-llama/Meta-Llama-3-8B,blackwell,8,196608,Naive,2,222.2,0.1,23.16538005651888,23.16538005651888,OK,4.3
meta-llama/Meta-Llama-3-8B,blackwell,4,1048576,Naive,1,565.8,0.1,39.93733322346313,39.93733322346313,OK,12.6
meta-llama/Meta-Llama-3-8B,blackwell,4,1048576,Naive,2,565.8,0.1,34.88734686151089,34.88734686151089,OK,13.1
meta-llama/Meta-Llama-3-8B,blackwell,8,196608,Naive,4,222.2,0.1,18.13588321042023,18.13588321042023,OK,4.4
meta-llama/Meta-Llama-3-8B,blackwell,8,196608,Naive,8,222.2,0.1,15.128134445372606,15.128134445372606,OK,4.2
meta-llama/Meta-Llama-3-8B,blackwell,4,1048576,Naive,4,565.8,0.1,28.870416842420227,28.870416842420227,OK,13.5
meta-llama/Meta-Llama-3-8B,blackwell,8,262144,Naive,1,290.9,0.1,31.697486328666326,31.697486328666326,OK,4.4
meta-llama/Meta-Llama-3-8B,blackwell,4,1048576,Naive,8,565.8,0.1,20.494057261372603,20.494057261372603,OK,13.3
meta-llama/Meta-Llama-3-8B,blackwell,8,262144,Naive,2,290.9,0.1,27.460347352518884,27.460347352518884,OK,4.7
meta-llama/Meta-Llama-3-8B,blackwell,8,262144,Naive,4,290.9,0.1,20.283366858420226,20.283366858420226,OK,4.7
meta-llama/Meta-Llama-3-8B,blackwell,8,262144,Naive,8,290.9,0.1,16.201876269372605,16.201876269372605,OK,4.7
meta-llama/Meta-Llama-3-8B,blackwell,8,393216,Naive,1,428.4,0.1,34.75843384348489,34.75843384348489,OK,5.8
meta-llama/Meta-Llama-3-8B,blackwell,8,393216,Naive,2,428.4,0.1,33.3599543201016,33.3599543201016,OK,5.9
meta-llama/Meta-Llama-3-8B,blackwell,8,393216,Naive,4,428.4,0.1,24.578334154420226,24.578334154420226,OK,5.9
meta-llama/Meta-Llama-3-8B,blackwell,8,393216,Naive,8,428.4,0.1,18.349359917372603,18.349359917372603,OK,6.3
meta-llama/Meta-Llama-3-8B,blackwell,8,524288,Naive,1,565.8,0.1,39.94042123030345,39.94042123030345,OK,6.8
meta-llama/Meta-Llama-3-8B,blackwell,8,524288,Naive,8,565.8,0.1,20.496843565372604,20.496843565372604,OK,6.9
meta-llama/Meta-Llama-3-8B,blackwell,8,524288,Naive,4,565.8,0.1,28.873301450420225,28.873301450420225,OK,7.3
meta-llama/Meta-Llama-3-8B,blackwell,8,524288,Naive,2,565.8,0.1,34.89032035991985,34.89032035991985,OK,7.9
meta-llama/Meta-Llama-3-8B,blackwell,4,2097152,Naive,1,1115.6,0.1,86.54159684669256,86.54159684669256,OK,19.2
meta-llama/Meta-Llama-3-8B,blackwell,8,786432,Naive,1,840.7,0.1,63.242597487122644,63.242597487122644,OK,9.0
meta-llama/Meta-Llama-3-8B,blackwell,8,786432,Naive,2,840.7,0.1,37.95129480413617,37.95129480413617,OK,9.6
meta-llama/Meta-Llama-3-8B,blackwell,4,2097152,Naive,8,1115.6,0.1,29.083991853372602,29.083991853372602,OK,21.7
meta-llama/Meta-Llama-3-8B,blackwell,8,786432,Naive,4,840.7,0.1,35.185386003492866,35.185386003492866,OK,9.7
meta-llama/Meta-Llama-3-8B,blackwell,4,2097152,Naive,4,1115.6,0.1,36.713029011697664,36.713029011697664,OK,22.2
meta-llama/Meta-Llama-3-8B,blackwell,4,2097152,Naive,2,1115.6,0.1,41.62485091172785,41.62485091172785,OK,22.5
meta-llama/Meta-Llama-3-8B,blackwell,16,131072,Naive,1,290.9,0.1,30.979902279056088,33.253814539026195,OK,3.9
meta-llama/Meta-Llama-3-8B,blackwell,8,786432,Naive,8,840.7,0.1,24.791810861372603,24.791810861372603,OK,9.8
meta-llama/Meta-Llama-3-8B,blackwell,16,131072,Naive,2,290.9,0.1,27.49348760078442,27.49348760078442,OK,3.7
meta-llama/Meta-Llama-3-8B,blackwell,16,131072,Naive,4,290.9,0.1,20.304709769092682,20.304709769092682,OK,3.8
meta-llama/Meta-Llama-3-8B,blackwell,16,131072,Naive,8,290.9,0.1,16.22696117176362,16.22696117176362,OK,3.7
meta-llama/Meta-Llama-3-8B,blackwell,8,1048576,Naive,1,1115.6,0.1,86.54472929873737,86.54472929873737,OK,11.3
meta-llama/Meta-Llama-3-8B,blackwell,16,196608,Naive,2,428.4,0.1,33.39301378017386,33.39301378017386,OK,4.3
meta-llama/Meta-Llama-3-8B,blackwell,16,196608,Naive,1,428.4,0.1,33.94475926441032,36.31427732468507,OK,4.5
meta-llama/Meta-Llama-3-8B,blackwell,16,196608,Naive,4,428.4,0.1,24.59967706509268,24.59967706509268,OK,4.3
meta-llama/Meta-Llama-3-8B,blackwell,8,1048576,Naive,2,1115.6,0.1,41.62769446994353,41.62769446994353,OK,11.6
meta-llama/Meta-Llama-3-8B,blackwell,16,196608,Naive,8,428.4,0.1,18.374444819763617,18.374444819763617,OK,4.3
meta-llama/Meta-Llama-3-8B,blackwell,8,1048576,Naive,4,1115.6,0.1,36.71585976090215,36.71585976090215,OK,11.9
meta-llama/Meta-Llama-3-8B,blackwell,16,262144,Naive,1,565.8,0.1,38.964841773333205,41.49630915670811,OK,4.8
meta-llama/Meta-Llama-3-8B,blackwell,8,1048576,Naive,8,1115.6,0.1,29.086778157372603,29.086778157372603,OK,12.2
meta-llama/Meta-Llama-3-8B,blackwell,16,262144,Naive,2,565.8,0.1,34.923245173003295,34.923245173003295,OK,5.0
meta-llama/Meta-Llama-3-8B,blackwell,16,262144,Naive,8,565.8,0.1,20.521928467763615,20.521928467763615,OK,4.6
meta-llama/Meta-Llama-3-8B,blackwell,16,262144,Naive,4,565.8,0.1,28.89464436109268,28.89464436109268,OK,4.8
meta-llama/Meta-Llama-3-8B,blackwell,16,393216,Naive,1,840.7,0.1,63.26839337065543,63.26839337065543,OK,5.7
meta-llama/Meta-Llama-3-8B,blackwell,16,393216,Naive,2,840.7,0.1,37.98408497023082,37.98408497023082,OK,6.0
meta-llama/Meta-Llama-3-8B,blackwell,16,393216,Naive,8,840.7,0.1,24.816895763763622,24.816895763763622,OK,5.8
meta-llama/Meta-Llama-3-8B,blackwell,16,393216,Naive,4,840.7,0.1,35.20670198476756,35.20670198476756,OK,6.1
meta-llama/Meta-Llama-3-8B,blackwell,16,524288,Naive,1,1115.6,0.1,86.57056962747464,86.57056962747464,OK,6.7
meta-llama/Meta-Llama-3-8B,blackwell,16,524288,Naive,2,1115.6,0.1,41.660426070447144,41.660426070447144,OK,6.9
meta-llama/Meta-Llama-3-8B,blackwell,16,524288,Naive,4,1115.6,0.1,36.737094953983565,36.737094953983565,OK,7.2
meta-llama/Meta-Llama-3-8B,blackwell,16,524288,Naive,8,1115.6,0.1,29.111863059763618,29.111863059763618,OK,7.2
meta-llama/Meta-Llama-3-8B,blackwell,8,2097152,Naive,1,2215.1,0.1,179.75325654519625,179.75325654519625,OK,19.5
meta-llama/Meta-Llama-3-8B,blackwell,16,786432,Naive,1,1665.3,0.1,133.1749665863175,133.1749665863175,OK,8.7
meta-llama/Meta-Llama-3-8B,blackwell,8,2097152,Naive,4,2215.1,0.1,42.837970225721364,42.837970225721364,OK,20.9
meta-llama/Meta-Llama-3-8B,blackwell,32,131072,Naive,1,565.8,0.1,41.54846437490271,41.54846437490271,OK,4.3
meta-llama/Meta-Llama-3-8B,blackwell,8,2097152,Naive,2,2215.1,0.1,88.23198031577523,88.23198031577523,OK,21.3
meta-llama/Meta-Llama-3-8B,blackwell,16,786432,Naive,8,1665.3,0.1,35.630159476183465,35.630159476183465,OK,9.7
meta-llama/Meta-Llama-3-8B,blackwell,16,786432,Naive,2,1665.3,0.1,64.96264677247082,64.96264677247082,OK,10.3
meta-llama/Meta-Llama-3-8B,blackwell,16,786432,Naive,4,1665.3,0.1,39.79804246880212,39.79804246880212,OK,9.9
meta-llama/Meta-Llama-3-8B,blackwell,8,2097152,Naive,8,2215.1,0.1,37.135629119395006,37.135629119395006,OK,22.6
meta-llama/Meta-Llama-3-8B,blackwell,32,131072,Naive,2,565.8,0.1,36.993426354271605,36.993426354271605,OK,4.5
meta-llama/Meta-Llama-3-8B,blackwell,32,131072,Naive,4,565.8,0.1,26.91782938419098,31.224284083579402,OK,4.4
meta-llama/Meta-Llama-3-8B,blackwell,16,1048576,Naive,1,2215.1,0.1,179.77923020954697,179.77923020954697,OK,11.1
meta-llama/Meta-Llama-3-8B,blackwell,32,131072,Naive,8,565.8,0.1,19.49100275466568,25.230970241684993,OK,4.0
meta-llama/Meta-Llama-3-8B,blackwell,32,196608,Naive,1,840.7,0.1,64.85095174815326,64.85095174815326,OK,4.4
meta-llama/Meta-Llama-3-8B,blackwell,32,196608,Naive,2,840.7,0.1,40.05391606932825,40.05391606932825,OK,4.5
meta-llama/Meta-Llama-3-8B,blackwell,16,1048576,Naive,2,2215.1,0.1,88.26475636148332,88.26475636148332,OK,11.5
meta-llama/Meta-Llama-3-8B,blackwell,16,1048576,Naive,4,2215.1,0.1,42.859111165910605,42.859111165910605,OK,11.6
meta-llama/Meta-Llama-3-8B,blackwell,32,196608,Naive,8,840.7,0.1,23.34993862666568,27.196673278974213,OK,4.6
meta-llama/Meta-Llama-3-8B,blackwell,32,196608,Naive,4,840.7,0.1,32.49012437966746,37.536260919061,OK,4.6
meta-llama/Meta-Llama-3-8B,blackwell,32,262144,Naive,1,1115.6,0.1,88.15321689538143,88.15321689538143,OK,4.7
meta-llama/Meta-Llama-3-8B,blackwell,16,1048576,Naive,8,2215.1,0.1,37.16065343064106,37.16065343064106,OK,13.1
meta-llama/Meta-Llama-3-8B,blackwell,32,262144,Naive,2,1115.6,0.1,43.723314057184716,43.723314057184716,OK,5.4
meta-llama/Meta-Llama-3-8B,blackwell,32,262144,Naive,4,1115.6,0.1,33.84107469987738,39.06653270598708,OK,5.3
meta-llama/Meta-Llama-3-8B,blackwell,32,262144,Naive,8,1115.6,0.1,27.14158944266568,31.491640574974216,OK,5.1
meta-llama/Meta-Llama-3-8B,blackwell,32,393216,Naive,2,1665.3,0.1,58.6148202302207,67.03247656019289,OK,6.3
meta-llama/Meta-Llama-3-8B,blackwell,32,393216,Naive,1,1665.3,0.1,118.54336808660044,134.75774718983774,OK,7.1
meta-llama/Meta-Llama-3-8B,blackwell,32,393216,Naive,8,1665.3,0.1,32.8960012228436,38.009910061996294,OK,7.1
meta-llama/Meta-Llama-3-8B,blackwell,32,393216,Naive,4,1665.3,0.1,36.543204240178184,42.12733210911796,OK,7.4
meta-llama/Meta-Llama-3-8B,blackwell,32,524288,Naive,8,2215.1,0.1,34.247079457692884,39.54032996061006,OK,7.6
meta-llama/Meta-Llama-3-8B,blackwell,32,524288,Naive,4,2215.1,0.1,39.245481892166666,45.18832001803316,OK,7.7
meta-llama/Meta-Llama-3-8B,blackwell,32,524288,Naive,1,2215.1,0.1,161.02888482985034,181.36201081306717,OK,8.1
meta-llama/Meta-Llama-3-8B,blackwell,32,524288,Naive,2,2215.1,0.1,79.79541709297143,90.3346083718076,OK,8.5
meta-llama/Meta-Llama-3-8B,blackwell,32,786432,Naive,2,3314.6,0.1,123.24898505418231,136.93898310804826,OK,10.2
meta-llama/Meta-Llama-3-8B,blackwell,32,786432,Naive,4,3314.6,0.1,60.12009416820634,68.35308187935796,OK,9.9
meta-llama/Meta-Llama-3-8B,blackwell,64,131072,Naive,1,1115.6,0.1,79.63994530902264,89.79122791046551,OK,4.9
meta-llama/Meta-Llama-3-8B,blackwell,16,2097152,Naive,4,4414.1,0.1,89.32594928234452,89.32594928234452,OK,22.4
meta-llama/Meta-Llama-3-8B,blackwell,64,131072,Naive,8,1115.6,0.1,33.17780671843495,36.252084666743485,OK,4.8
meta-llama/Meta-Llama-3-8B,blackwell,64,131072,Naive,2,1115.6,0.1,45.25396660418803,47.87101054185127,OK,5.0
meta-llama/Meta-Llama-3-8B,blackwell,64,131072,Naive,4,1115.6,0.1,35.71451386480027,43.72671831539011,OK,5.0
meta-llama/Meta-Llama-3-8B,blackwell,16,2097152,Naive,8,4414.1,0.1,43.282743698411934,43.282743698411934,OK,22.6
meta-llama/Meta-Llama-3-8B,blackwell,32,786432,Naive,8,3314.6,0.1,37.17052076839241,42.601284207778065,OK,11.1
meta-llama/Meta-Llama-3-8B,blackwell,64,196608,Naive,1,1665.3,0.1,129.47770018668982,136.39631500579782,OK,5.5
meta-llama/Meta-Llama-3-8B,blackwell,16,2097152,Naive,2,4414.1,0.1,181.4732169401355,181.4732169401355,OK,25.0
meta-llama/Meta-Llama-3-8B,blackwell,32,1048576,Naive,2,4414.1,0.1,165.48399618319866,183.54313561826652,OK,13.5
meta-llama/Meta-Llama-3-8B,blackwell,32,1048576,Naive,4,4414.1,0.1,80.87358239672218,91.65524702487605,OK,13.5
meta-llama/Meta-Llama-3-8B,blackwell,64,196608,Naive,2,1665.3,0.1,61.163012807059395,69.169748895173,OK,5.8
meta-llama/Meta-Llama-3-8B,blackwell,64,196608,Naive,4,1665.3,0.1,38.356600288884756,46.787208030446756,OK,5.8
meta-llama/Meta-Llama-3-8B,blackwell,64,196608,Naive,8,1665.3,0.1,39.87977022552982,42.76551097572988,OK,5.6
meta-llama/Meta-Llama-3-8B,blackwell,64,262144,Naive,1,2215.1,0.1,181.4710878322358,181.4710878322358,OK,5.8
meta-llama/Meta-Llama-3-8B,blackwell,32,1048576,Naive,8,4414.1,0.1,39.896740264553685,45.66229904609102,OK,12.9
meta-llama/Meta-Llama-3-8B,blackwell,64,262144,Naive,2,2215.1,0.1,84.04933879828943,92.46512253905603,OK,6.0
meta-llama/Meta-Llama-3-8B,blackwell,64,262144,Naive,8,2215.1,0.1,36.17217109578167,44.30077718200274,OK,6.2
meta-llama/Meta-Llama-3-8B,blackwell,64,262144,Naive,4,2215.1,0.1,41.36450640887195,49.8480882217709,OK,6.3
meta-llama/Meta-Llama-3-8B,blackwell,64,393216,Naive,2,3314.6,0.1,135.61273183727047,139.0767875983449,OK,7.4
meta-llama/Meta-Llama-3-8B,blackwell,64,393216,Naive,8,3314.6,0.1,38.925203471548706,47.36157658513362,OK,7.2
meta-llama/Meta-Llama-3-8B,blackwell,64,393216,Naive,4,3314.6,0.1,62.90770990411163,70.72644271168772,OK,7.6
meta-llama/Meta-Llama-3-8B,blackwell,64,524288,Naive,2,4414.1,0.1,183.67721331123653,183.67721331123653,OK,8.2
meta-llama/Meta-Llama-3-8B,blackwell,64,524288,Naive,8,4414.1,0.1,41.82488586242487,50.422517367602744,OK,8.4
meta-llama/Meta-Llama-3-8B,blackwell,64,524288,Naive,4,4414.1,0.1,88.40167738981835,94.0289165499658,OK,8.9
meta-llama/Meta-Llama-3-8B,blackwell,128,131072,Naive,4,2215.1,0.1,44.615296310283064,54.535749468170536,OK,6.4
meta-llama/Meta-Llama-3-8B,blackwell,128,131072,Naive,2,2215.1,0.1,92.2875978871478,96.73717658032766,OK,7.1
meta-llama/Meta-Llama-3-8B,blackwell,128,131072,Naive,1,2215.1,0.1,173.4737864493297,184.7581453129678,OK,7.5
meta-llama/Meta-Llama-3-8B,blackwell,128,131072,Naive,8,2215.1,0.1,38.84839294710093,51.483382064647714,OK,6.1
meta-llama/Meta-Llama-3-8B,blackwell,32,2097152,Naive,4,8812.2,0.1,167.8913744365148,184.8635853792159,OK,21.3
meta-llama/Meta-Llama-3-8B,blackwell,64,786432,Naive,4,6613.1,0.1,138.34683704698818,138.34683704698818,OK,11.4
meta-llama/Meta-Llama-3-8B,blackwell,64,786432,Naive,8,6613.1,0.1,63.24625069466039,70.88158705945837,OK,11.3
meta-llama/Meta-Llama-3-8B,blackwell,32,2097152,Naive,8,8812.2,0.1,80.94604229742922,91.75274814132047,OK,22.3
meta-llama/Meta-Llama-3-8B,blackwell,128,196608,Naive,4,3314.6,0.1,69.7743108996179,75.47263765215911,OK,8.0
meta-llama/Meta-Llama-3-8B,blackwell,128,196608,Naive,2,3314.6,0.1,129.08975254473552,141.35313805036031,OK,8.2
meta-llama/Meta-Llama-3-8B,blackwell,128,196608,Naive,8,3314.6,0.1,42.18087821907194,54.53918375336507,OK,7.0
meta-llama/Meta-Llama-3-8B,blackwell,64,1048576,Naive,4,8812.2,0.1,184.9510673363143,184.9510673363143,OK,13.5
meta-llama/Meta-Llama-3-8B,blackwell,64,1048576,Naive,8,8812.2,0.1,88.5203989585614,94.18399619463696,OK,13.1
mistralai/Mixtral-8x7B-v0.1,blackwell,1,131072,Naive,1,110.6,0.1,8.570266500090437,8.570266500090437,OK,3.4
mistralai/Mixtral-8x7B-v0.1,blackwell,1,131072,Naive,2,110.6,0.1,9.289886657686868,9.289886657686868,OK,3.6
meta-llama/Meta-Llama-3-8B,blackwell,128,262144,Naive,8,4414.1,0.1,45.35872628663921,55.281121696789825,OK,7.5
mistralai/Mixtral-8x7B-v0.1,blackwell,1,131072,Naive,4,110.6,0.1,9.80539435172382,9.80539435172382,OK,3.8
meta-llama/Meta-Llama-3-8B,blackwell,128,262144,Naive,2,4414.1,0.1,185.95480310204888,185.95480310204888,OK,9.1
meta-llama/Meta-Llama-3-8B,blackwell,128,262144,Naive,4,4414.1,0.1,84.618634307495,98.78084934454749,OK,8.8
mistralai/Mixtral-8x7B-v0.1,blackwell,1,131072,Naive,8,110.6,0.1,9.835195499087783,9.835195499087783,OK,4.1
mistralai/Mixtral-8x7B-v0.1,blackwell,1,196608,Naive,2,119.2,0.1,9.826757569686867,9.826757569686867,OK,4.1
mistralai/Mixtral-8x7B-v0.1,blackwell,1,196608,Naive,1,119.2,0.1,9.644008324090438,9.644008324090438,OK,4.6
meta-llama/Meta-Llama-3-8B,blackwell,128,393216,Naive,8,6613.1,0.1,70.1141845725349,75.74148347052454,OK,10.0
meta-llama/Meta-Llama-3-8B,blackwell,128,393216,Naive,4,6613.1,0.1,133.0232937630938,143.09079523074027,OK,10.1
mistralai/Mixtral-8x7B-v0.1,blackwell,1,196608,Naive,4,119.2,0.1,10.07382980772382,10.07382980772382,OK,4.3
mistralai/Mixtral-8x7B-v0.1,blackwell,1,196608,Naive,8,119.2,0.1,9.969413227087783,9.969413227087783,OK,4.4
mistralai/Mixtral-8x7B-v0.1,blackwell,1,262144,Naive,1,127.8,0.1,10.717750148090436,10.717750148090436,OK,4.6
mistralai/Mixtral-8x7B-v0.1,blackwell,1,262144,Naive,2,127.8,0.1,10.363628481686868,10.363628481686868,OK,4.6
meta-llama/Meta-Llama-3-8B,blackwell,128,524288,Naive,4,8812.2,0.1,187.4183158543757,187.4183158543757,OK,11.5
mistralai/Mixtral-8x7B-v0.1,blackwell,1,262144,Naive,8,127.8,0.1,10.103630955087782,10.103630955087782,OK,4.7
meta-llama/Meta-Llama-3-8B,blackwell,128,524288,Naive,8,8812.2,0.1,84.96846126742508,99.05021513854456,OK,11.5
mistralai/Mixtral-8x7B-v0.1,blackwell,1,262144,Naive,4,127.8,0.1,10.342265263723819,10.342265263723819,OK,4.9
mistralai/Mixtral-8x7B-v0.1,blackwell,1,393216,Naive,1,144.9,0.1,12.86523379609044,12.86523379609044,OK,5.7
meta-llama/Meta-Llama-3-8B,blackwell,64,2097152,Naive,8,17608.2,0.1,185.06328094602324,185.06328094602324,OK,22.3
mistralai/Mixtral-8x7B-v0.1,blackwell,1,393216,Naive,2,144.9,0.1,11.437370305686867,11.437370305686867,OK,5.8
meta-llama/Meta-Llama-3-8B,blackwell,128,786432,Naive,8,13210.2,0.1,133.95065084781774,143.3256778396058,OK,13.7
mistralai/Mixtral-8x7B-v0.1,blackwell,1,393216,Naive,4,144.9,0.1,10.879136175723819,10.879136175723819,OK,6.1
mistralai/Mixtral-8x7B-v0.1,blackwell,1,393216,Naive,8,144.9,0.1,10.372066411087783,10.372066411087783,OK,5.9
mistralai/Mixtral-8x7B-v0.1,blackwell,1,524288,Naive,1,162.1,0.1,15.01271744409044,15.01271744409044,OK,6.8
mistralai/Mixtral-8x7B-v0.1,blackwell,1,524288,Naive,2,162.1,0.1,12.511112129686868,12.511112129686868,OK,7.1
mistralai/Mixtral-8x7B-v0.1,blackwell,1,524288,Naive,8,162.1,0.1,10.640501867087782,10.640501867087782,OK,6.8
mistralai/Mixtral-8x7B-v0.1,blackwell,1,524288,Naive,4,162.1,0.1,11.416007087723818,11.416007087723818,OK,7.8
meta-llama/Meta-Llama-3-8B,blackwell,128,1048576,Naive,8,17608.2,0.1,187.60168387723078,187.60168387723078,OK,18.0
mistralai/Mixtral-8x7B-v0.1,blackwell,2,131072,Naive,1,127.8,0.1,12.26034354915837,12.26034354915837,OK,3.7
mistralai/Mixtral-8x7B-v0.1,blackwell,2,131072,Naive,2,127.8,0.1,12.35448865015391,12.35448865015391,OK,3.6
mistralai/Mixtral-8x7B-v0.1,blackwell,2,131072,Naive,4,127.8,0.1,12.596183219700098,12.596183219700098,OK,3.6
mistralai/Mixtral-8x7B-v0.1,blackwell,1,786432,Naive,2,196.5,0.1,14.658595777686866,14.658595777686866,OK,10.7
mistralai/Mixtral-8x7B-v0.1,blackwell,1,786432,Naive,4,196.5,0.1,12.48974891172382,12.48974891172382,OK,11.2
mistralai/Mixtral-8x7B-v0.1,blackwell,1,786432,Naive,8,196.5,0.1,11.177372779087781,11.177372779087781,OK,11.3
mistralai/Mixtral-8x7B-v0.1,blackwell,2,131072,Naive,8,127.8,0.1,12.432089629905052,12.432089629905052,OK,3.5
mistralai/Mixtral-8x7B-v0.1,blackwell,1,1048576,Naive,2,230.8,0.1,16.806079425686868,16.806079425686868,OK,11.9
mistralai/Mixtral-8x7B-v0.1,blackwell,2,196608,Naive,1,144.9,0.1,14.407827197158372,14.407827197158372,OK,4.2
mistralai/Mixtral-8x7B-v0.1,blackwell,1,1048576,Naive,4,230.8,0.1,13.56349073572382,13.56349073572382,OK,11.5
mistralai/Mixtral-8x7B-v0.1,blackwell,2,196608,Naive,2,144.9,0.1,13.42823047415391,13.42823047415391,OK,4.5
mistralai/Mixtral-8x7B-v0.1,blackwell,2,196608,Naive,4,144.9,0.1,13.1330541317001,13.1330541317001,OK,4.2
mistralai/Mixtral-8x7B-v0.1,blackwell,2,196608,Naive,8,144.9,0.1,12.700525085905054,12.700525085905054,OK,4.5
mistralai/Mixtral-8x7B-v0.1,blackwell,2,262144,Naive,1,162.1,0.1,16.555310845158374,16.555310845158374,OK,5.2
mistralai/Mixtral-8x7B-v0.1,blackwell,1,1048576,Naive,8,230.8,0.1,11.714243691087784,11.714243691087784,OK,14.0
mistralai/Mixtral-8x7B-v0.1,blackwell,2,262144,Naive,4,162.1,0.1,13.669925043700099,13.669925043700099,OK,5.1
mistralai/Mixtral-8x7B-v0.1,blackwell,2,262144,Naive,2,162.1,0.1,14.501972298153909,14.501972298153909,OK,5.3
mistralai/Mixtral-8x7B-v0.1,blackwell,2,262144,Naive,8,162.1,0.1,12.968960541905053,12.968960541905053,OK,5.0
mistralai/Mixtral-8x7B-v0.1,blackwell,2,393216,Naive,1,196.5,0.1,19.979219841213414,19.979219841213414,OK,6.1
mistralai/Mixtral-8x7B-v0.1,blackwell,2,393216,Naive,2,196.5,0.1,16.64945594615391,16.64945594615391,OK,5.8
mistralai/Mixtral-8x7B-v0.1,blackwell,2,393216,Naive,4,196.5,0.1,14.743666867700096,14.743666867700096,OK,5.8
mistralai/Mixtral-8x7B-v0.1,blackwell,2,393216,Naive,8,196.5,0.1,13.505831453905051,13.505831453905051,OK,5.9
mistralai/Mixtral-8x7B-v0.1,blackwell,2,524288,Naive,1,230.8,0.1,20.744389396423653,20.744389396423653,OK,7.1
mistralai/Mixtral-8x7B-v0.1,blackwell,2,524288,Naive,8,230.8,0.1,14.042702365905054,14.042702365905054,OK,6.7
mistralai/Mixtral-8x7B-v0.1,blackwell,2,524288,Naive,4,230.8,0.1,15.817408691700098,15.817408691700098,OK,6.9
mistralai/Mixtral-8x7B-v0.1,blackwell,2,524288,Naive,2,230.8,0.1,18.796939594153912,18.796939594153912,OK,7.1
mistralai/Mixtral-8x7B-v0.1,blackwell,1,2097152,Naive,2,368.3,0.1,25.396014017686863,25.396014017686863,OK,21.1
mistralai/Mixtral-8x7B-v0.1,blackwell,1,2097152,Naive,4,368.3,0.1,17.858458031723817,17.858458031723817,OK,21.1
mistralai/Mixtral-8x7B-v0.1,blackwell,1,2097152,Naive,8,368.3,0.1,13.861727339087784,13.861727339087784,OK,21.6
mistralai/Mixtral-8x7B-v0.1,blackwell,2,786432,Naive,2,299.6,0.1,23.091906890153908,23.091906890153908,OK,9.4
mistralai/Mixtral-8x7B-v0.1,blackwell,2,786432,Naive,4,299.6,0.1,17.964892339700096,17.964892339700096,OK,9.7
mistralai/Mixtral-8x7B-v0.1,blackwell,4,131072,Naive,1,162.1,0.1,16.557048061158373,16.557048061158373,OK,3.9
mistralai/Mixtral-8x7B-v0.1,blackwell,2,786432,Naive,8,299.6,0.1,15.116444189905053,15.116444189905053,OK,11.0
mistralai/Mixtral-8x7B-v0.1,blackwell,4,131072,Naive,2,162.1,0.1,14.503512906153908,14.503512906153908,OK,4.0
mistralai/Mixtral-8x7B-v0.1,blackwell,2,1048576,Naive,2,368.3,0.1,27.386874186153907,27.386874186153907,OK,12.5
mistralai/Mixtral-8x7B-v0.1,blackwell,4,131072,Naive,4,162.1,0.1,13.671367347700098,13.671367347700098,OK,4.1
mistralai/Mixtral-8x7B-v0.1,blackwell,1,786432,Naive,1,196.5,0.1,18.436680298941003,18.436680298941003,OK,34.4
mistralai/Mixtral-8x7B-v0.1,blackwell,2,1048576,Naive,4,368.3,0.1,20.112375987700098,20.112375987700098,OK,11.6
mistralai/Mixtral-8x7B-v0.1,blackwell,4,131072,Naive,8,162.1,0.1,12.970353693905054,12.970353693905054,OK,4.0
mistralai/Mixtral-8x7B-v0.1,blackwell,4,196608,Naive,1,196.5,0.1,19.98084933962237,19.98084933962237,OK,4.1
mistralai/Mixtral-8x7B-v0.1,blackwell,2,786432,Naive,1,299.6,0.1,22.274890083230694,22.274890083230694,OK,18.6
mistralai/Mixtral-8x7B-v0.1,blackwell,4,196608,Naive,2,196.5,0.1,16.65099655415391,16.65099655415391,OK,4.7
mistralai/Mixtral-8x7B-v0.1,blackwell,4,196608,Naive,4,196.5,0.1,14.745109171700097,14.745109171700097,OK,4.4
mistralai/Mixtral-8x7B-v0.1,blackwell,2,1048576,Naive,8,368.3,0.1,16.190186013905052,16.190186013905052,OK,13.9
mistralai/Mixtral-8x7B-v0.1,blackwell,4,196608,Naive,8,196.5,0.1,13.507224605905053,13.507224605905053,OK,4.3
mistralai/Mixtral-8x7B-v0.1,blackwell,4,262144,Naive,1,230.8,0.1,20.74612661242366,20.74612661242366,OK,4.9
mistralai/Mixtral-8x7B-v0.1,blackwell,4,262144,Naive,2,230.8,0.1,18.79848020215391,18.79848020215391,OK,5.1
mistralai/Mixtral-8x7B-v0.1,blackwell,4,262144,Naive,4,230.8,0.1,15.818850995700098,15.818850995700098,OK,4.8
mistralai/Mixtral-8x7B-v0.1,blackwell,4,262144,Naive,8,230.8,0.1,14.04409551790505,14.04409551790505,OK,4.8
mistralai/Mixtral-8x7B-v0.1,blackwell,4,393216,Naive,1,299.6,0.1,22.276465722844133,22.276465722844133,OK,6.2
mistralai/Mixtral-8x7B-v0.1,blackwell,4,393216,Naive,2,299.6,0.1,23.09344749815391,23.09344749815391,OK,6.3
mistralai/Mixtral-8x7B-v0.1,blackwell,4,393216,Naive,4,299.6,0.1,17.966334643700097,17.966334643700097,OK,6.7
mistralai/Mixtral-8x7B-v0.1,blackwell,4,393216,Naive,8,299.6,0.1,15.117837341905052,15.117837341905052,OK,6.9
mistralai/Mixtral-8x7B-v0.1,blackwell,4,524288,Naive,1,368.3,0.1,23.806912550855657,23.806912550855657,OK,7.6
mistralai/Mixtral-8x7B-v0.1,blackwell,1,1048576,Naive,1,230.8,0.1,19.201957571742284,19.201957571742284,OK,45.1
mistralai/Mixtral-8x7B-v0.1,blackwell,4,524288,Naive,4,368.3,0.1,20.1138182917001,20.1138182917001,OK,7.4
mistralai/Mixtral-8x7B-v0.1,blackwell,4,524288,Naive,2,368.3,0.1,27.38841479415391,27.38841479415391,OK,7.6
mistralai/Mixtral-8x7B-v0.1,blackwell,2,1048576,Naive,1,368.3,0.1,23.805444628833254,23.805444628833254,OK,26.4
mistralai/Mixtral-8x7B-v0.1,blackwell,4,524288,Naive,8,368.3,0.1,16.19157916590505,16.19157916590505,OK,8.1
mistralai/Mixtral-8x7B-v0.1,blackwell,2,2097152,Naive,8,643.2,0.1,20.485153309905055,20.485153309905055,OK,22.7
mistralai/Mixtral-8x7B-v0.1,blackwell,2,2097152,Naive,2,643.2,0.1,30.84454558877279,30.84454558877279,OK,24.1
mistralai/Mixtral-8x7B-v0.1,blackwell,4,786432,Naive,1,505.7,0.1,34.90038762326525,34.90038762326525,OK,8.7
mistralai/Mixtral-8x7B-v0.1,blackwell,2,2097152,Naive,4,643.2,0.1,28.7023105797001,28.7023105797001,OK,25.7
mistralai/Mixtral-8x7B-v0.1,blackwell,8,131072,Naive,1,230.8,0.1,20.749331750446057,20.749331750446057,OK,3.4
mistralai/Mixtral-8x7B-v0.1,blackwell,8,131072,Naive,2,230.8,0.1,18.801561418153913,18.801561418153913,OK,3.5
mistralai/Mixtral-8x7B-v0.1,blackwell,4,786432,Naive,2,505.7,0.1,29.31553165117023,29.31553165117023,OK,10.7
mistralai/Mixtral-8x7B-v0.1,blackwell,4,786432,Naive,4,505.7,0.1,24.408785587700095,24.408785587700095,OK,10.4
mistralai/Mixtral-8x7B-v0.1,blackwell,8,131072,Naive,4,230.8,0.1,15.821735603700096,15.821735603700096,OK,3.5
mistralai/Mixtral-8x7B-v0.1,blackwell,4,786432,Naive,8,505.7,0.1,18.339062813905056,18.339062813905056,OK,10.2
mistralai/Mixtral-8x7B-v0.1,blackwell,8,131072,Naive,8,230.8,0.1,14.046881821905055,14.046881821905055,OK,3.6
mistralai/Mixtral-8x7B-v0.1,blackwell,8,196608,Naive,1,299.6,0.1,22.27950928447998,22.27950928447998,OK,4.3
mistralai/Mixtral-8x7B-v0.1,blackwell,4,1048576,Naive,1,643.2,0.1,46.551520196879316,46.551520196879316,OK,11.9
mistralai/Mixtral-8x7B-v0.1,blackwell,8,196608,Naive,2,299.6,0.1,23.096528714153905,23.096528714153905,OK,4.0
mistralai/Mixtral-8x7B-v0.1,blackwell,4,1048576,Naive,2,643.2,0.1,30.84600540857951,30.84600540857951,OK,11.8
mistralai/Mixtral-8x7B-v0.1,blackwell,8,196608,Naive,4,299.6,0.1,17.9692192517001,17.9692192517001,OK,4.2
mistralai/Mixtral-8x7B-v0.1,blackwell,8,196608,Naive,8,299.6,0.1,15.120623645905052,15.120623645905052,OK,4.3
mistralai/Mixtral-8x7B-v0.1,blackwell,4,1048576,Naive,8,643.2,0.1,20.486546461905053,20.486546461905053,OK,11.8
mistralai/Mixtral-8x7B-v0.1,blackwell,8,262144,Naive,1,368.3,0.1,23.810063830082534,23.810063830082534,OK,4.7
mistralai/Mixtral-8x7B-v0.1,blackwell,4,1048576,Naive,4,643.2,0.1,28.7037528837001,28.7037528837001,OK,13.5
mistralai/Mixtral-8x7B-v0.1,blackwell,8,262144,Naive,2,368.3,0.1,27.391496010153908,27.391496010153908,OK,4.9
mistralai/Mixtral-8x7B-v0.1,blackwell,8,262144,Naive,8,368.3,0.1,16.19436546990505,16.19436546990505,OK,5.5
mistralai/Mixtral-8x7B-v0.1,blackwell,8,262144,Naive,4,368.3,0.1,20.116702899700098,20.116702899700098,OK,5.7
mistralai/Mixtral-8x7B-v0.1,blackwell,8,393216,Naive,1,505.7,0.1,34.90343118490109,34.90343118490109,OK,6.4
mistralai/Mixtral-8x7B-v0.1,blackwell,8,393216,Naive,2,505.7,0.1,29.318505149579188,29.318505149579188,OK,6.1
mistralai/Mixtral-8x7B-v0.1,blackwell,8,393216,Naive,8,505.7,0.1,18.341849117905053,18.341849117905053,OK,6.0
mistralai/Mixtral-8x7B-v0.1,blackwell,8,393216,Naive,4,505.7,0.1,24.411670195700093,24.411670195700093,OK,6.6
mistralai/Mixtral-8x7B-v0.1,blackwell,8,524288,Naive,1,643.2,0.1,46.55460820371965,46.55460820371965,OK,6.8
mistralai/Mixtral-8x7B-v0.1,blackwell,8,524288,Naive,4,643.2,0.1,28.7066374917001,28.7066374917001,OK,6.8
mistralai/Mixtral-8x7B-v0.1,blackwell,8,524288,Naive,2,643.2,0.1,30.848898118795187,30.848898118795187,OK,7.8
mistralai/Mixtral-8x7B-v0.1,blackwell,8,524288,Naive,8,643.2,0.1,20.48933276590505,20.48933276590505,OK,7.0
mistralai/Mixtral-8x7B-v0.1,blackwell,4,2097152,Naive,8,1192.9,0.1,29.076481053905056,29.076481053905056,OK,21.2
mistralai/Mixtral-8x7B-v0.1,blackwell,4,2097152,Naive,2,1192.9,0.1,44.83418896139871,44.83418896139871,OK,23.6
mistralai/Mixtral-8x7B-v0.1,blackwell,8,786432,Naive,1,918.0,0.1,69.85669557012989,69.85669557012989,OK,9.2
mistralai/Mixtral-8x7B-v0.1,blackwell,4,2097152,Naive,4,1192.9,0.1,34.560093068296574,34.560093068296574,OK,24.1
mistralai/Mixtral-8x7B-v0.1,blackwell,8,786432,Naive,2,918.0,0.1,33.90992642180703,33.90992642180703,OK,10.6
mistralai/Mixtral-8x7B-v0.1,blackwell,8,786432,Naive,4,918.0,0.1,33.03245006009178,33.03245006009178,OK,10.4
mistralai/Mixtral-8x7B-v0.1,blackwell,8,786432,Naive,8,918.0,0.1,24.784300061905054,24.784300061905054,OK,10.1
mistralai/Mixtral-8x7B-v0.1,blackwell,16,131072,Naive,1,368.3,0.1,23.09159963637342,25.376433989658956,OK,3.5
mistralai/Mixtral-8x7B-v0.1,blackwell,16,131072,Naive,2,368.3,0.1,27.42556047568688,27.42556047568688,OK,3.6
mistralai/Mixtral-8x7B-v0.1,blackwell,8,1048576,Naive,2,1192.9,0.1,44.83707696481887,44.83707696481887,OK,11.6
mistralai/Mixtral-8x7B-v0.1,blackwell,16,131072,Naive,4,368.3,0.1,20.141848927338486,20.141848927338486,OK,3.8
mistralai/Mixtral-8x7B-v0.1,blackwell,8,1048576,Naive,1,1192.9,0.1,93.1588718269491,93.1588718269491,OK,12.4
mistralai/Mixtral-8x7B-v0.1,blackwell,16,131072,Naive,8,368.3,0.1,16.21974566762652,16.21974566762652,OK,3.6
mistralai/Mixtral-8x7B-v0.1,blackwell,8,1048576,Naive,8,1192.9,0.1,29.079267357905053,29.079267357905053,OK,11.8
mistralai/Mixtral-8x7B-v0.1,blackwell,16,196608,Naive,1,505.7,0.1,34.0863227673763,36.470131288090954,OK,4.4
mistralai/Mixtral-8x7B-v0.1,blackwell,8,1048576,Naive,4,1192.9,0.1,34.56293728219994,34.56293728219994,OK,14.2
mistralai/Mixtral-8x7B-v0.1,blackwell,16,196608,Naive,2,505.7,0.1,29.35232725053232,29.35232725053232,OK,4.7
mistralai/Mixtral-8x7B-v0.1,blackwell,16,196608,Naive,4,505.7,0.1,24.436816223338482,24.436816223338482,OK,5.0
mistralai/Mixtral-8x7B-v0.1,blackwell,16,196608,Naive,8,505.7,0.1,18.367229315626524,18.367229315626524,OK,4.5
mistralai/Mixtral-8x7B-v0.1,blackwell,16,262144,Naive,1,643.2,0.1,45.9764718698659,48.12130830690951,OK,5.4
mistralai/Mixtral-8x7B-v0.1,blackwell,16,262144,Naive,2,643.2,0.1,30.882666360952797,30.882666360952797,OK,5.5
mistralai/Mixtral-8x7B-v0.1,blackwell,16,262144,Naive,4,643.2,0.1,28.73178351933848,28.73178351933848,OK,5.2
mistralai/Mixtral-8x7B-v0.1,blackwell,16,262144,Naive,8,643.2,0.1,20.51471296362652,20.51471296362652,OK,4.8
mistralai/Mixtral-8x7B-v0.1,blackwell,16,393216,Naive,1,918.0,0.1,69.88171532545631,69.88171532545631,OK,6.7
mistralai/Mixtral-8x7B-v0.1,blackwell,16,393216,Naive,4,918.0,0.1,33.05754222893464,33.05754222893464,OK,5.9
mistralai/Mixtral-8x7B-v0.1,blackwell,16,393216,Naive,2,918.0,0.1,33.94358694637359,33.94358694637359,OK,6.2
mistralai/Mixtral-8x7B-v0.1,blackwell,16,393216,Naive,8,918.0,0.1,24.80968025962652,24.80968025962652,OK,5.7
mistralai/Mixtral-8x7B-v0.1,blackwell,16,524288,Naive,1,1192.9,0.1,93.18389158227549,93.18389158227549,OK,6.5
mistralai/Mixtral-8x7B-v0.1,blackwell,8,2097152,Naive,2,2292.4,0.1,91.44125169763937,91.44125169763937,OK,20.3
mistralai/Mixtral-8x7B-v0.1,blackwell,1,2097152,Naive,1,368.3,0.1,22.262905086560842,22.262905086560842,OK,84.7
mistralai/Mixtral-8x7B-v0.1,blackwell,16,524288,Naive,2,1192.9,0.1,44.870755005192166,44.870755005192166,OK,7.3
mistralai/Mixtral-8x7B-v0.1,blackwell,16,524288,Naive,4,1192.9,0.1,34.58793519815064,34.58793519815064,OK,7.4
mistralai/Mixtral-8x7B-v0.1,blackwell,16,524288,Naive,8,1192.9,0.1,29.104647555626528,29.104647555626528,OK,7.4
mistralai/Mixtral-8x7B-v0.1,blackwell,4,2097152,Naive,1,1192.9,0.1,93.15569492969982,93.15569492969982,OK,43.4
mistralai/Mixtral-8x7B-v0.1,blackwell,2,2097152,Naive,1,643.2,0.1,46.549909525652446,46.549909525652446,OK,66.1
mistralai/Mixtral-8x7B-v0.1,blackwell,8,2097152,Naive,4,2292.4,0.1,44.172911141814666,44.172911141814666,OK,22.0
mistralai/Mixtral-8x7B-v0.1,blackwell,16,786432,Naive,1,1742.7,0.1,139.788066315096,139.788066315096,OK,8.8
mistralai/Mixtral-8x7B-v0.1,blackwell,32,131072,Naive,1,643.2,0.1,48.17192091145413,48.17192091145413,OK,4.2
mistralai/Mixtral-8x7B-v0.1,blackwell,32,131072,Naive,2,643.2,0.1,32.9406685556598,32.9406685556598,OK,4.1
mistralai/Mixtral-8x7B-v0.1,blackwell,8,2097152,Naive,8,2292.4,0.1,36.13499579228585,36.13499579228585,OK,23.8
mistralai/Mixtral-8x7B-v0.1,blackwell,8,2097152,Naive,1,2292.4,0.1,186.36726573779455,186.36726573779455,OK,27.9
mistralai/Mixtral-8x7B-v0.1,blackwell,32,131072,Naive,8,643.2,0.1,19.484262697263528,25.221299688328436,OK,3.9
mistralai/Mixtral-8x7B-v0.1,blackwell,16,786432,Naive,2,1742.7,0.1,68.17288681680688,68.17288681680688,OK,10.6
mistralai/Mixtral-8x7B-v0.1,blackwell,16,786432,Naive,4,1742.7,0.1,37.64893657176473,37.64893657176473,OK,9.9
mistralai/Mixtral-8x7B-v0.1,blackwell,32,131072,Naive,4,643.2,0.1,26.761524277841602,31.03559696472748,OK,4.4
mistralai/Mixtral-8x7B-v0.1,blackwell,16,786432,Naive,8,1742.7,0.1,34.62981471205533,34.62981471205533,OK,10.5
mistralai/Mixtral-8x7B-v0.1,blackwell,16,1048576,Naive,2,2292.4,0.1,91.47499640581935,91.47499640581935,OK,11.6
mistralai/Mixtral-8x7B-v0.1,blackwell,16,1048576,Naive,1,2292.4,0.1,186.3923743835299,186.3923743835299,OK,12.6
mistralai/Mixtral-8x7B-v0.1,blackwell,32,196608,Naive,2,918.0,0.1,36.00131984710299,36.00131984710299,OK,4.5
mistralai/Mixtral-8x7B-v0.1,blackwell,32,196608,Naive,1,918.0,0.1,71.47414161347781,71.47414161347781,OK,4.7
mistralai/Mixtral-8x7B-v0.1,blackwell,32,196608,Naive,4,918.0,0.1,30.580257679380164,35.36123449203372,OK,5.1
mistralai/Mixtral-8x7B-v0.1,blackwell,16,1048576,Naive,4,2292.4,0.1,44.19786395687321,44.19786395687321,OK,11.8
mistralai/Mixtral-8x7B-v0.1,blackwell,32,196608,Naive,8,918.0,0.1,23.343198569263524,27.188504885511165,OK,4.9
mistralai/Mixtral-8x7B-v0.1,blackwell,32,262144,Naive,1,1192.9,0.1,94.77645120591045,94.77645120591045,OK,5.1
mistralai/Mixtral-8x7B-v0.1,blackwell,16,1048576,Naive,8,2292.4,0.1,36.16031539886236,36.16031539886236,OK,12.3
mistralai/Mixtral-8x7B-v0.1,blackwell,32,262144,Naive,4,1192.9,0.1,31.931221464288964,36.891519743658684,OK,5.2
mistralai/Mixtral-8x7B-v0.1,blackwell,32,262144,Naive,2,1192.9,0.1,46.92158790734921,46.92158790734921,OK,5.7
mistralai/Mixtral-8x7B-v0.1,blackwell,32,262144,Naive,8,1192.9,0.1,27.134849385263525,31.483472181511164,OK,5.7
mistralai/Mixtral-8x7B-v0.1,blackwell,32,393216,Naive,1,1742.7,0.1,125.41648058920838,141.38067038393544,OK,5.9
mistralai/Mixtral-8x7B-v0.1,blackwell,32,393216,Naive,2,1742.7,0.1,61.44254518701302,70.23082442775194,OK,6.4
mistralai/Mixtral-8x7B-v0.1,blackwell,32,393216,Naive,8,1742.7,0.1,32.012514030219684,37.008612408542206,OK,6.4
mistralai/Mixtral-8x7B-v0.1,blackwell,32,393216,Naive,4,1742.7,0.1,34.63340486338529,39.95238647028396,OK,6.5
mistralai/Mixtral-8x7B-v0.1,blackwell,32,524288,Naive,1,2292.4,0.1,166.92345704624006,187.98497845236935,OK,7.8
mistralai/Mixtral-8x7B-v0.1,blackwell,32,524288,Naive,2,2292.4,0.1,82.64874248754424,93.53295623936668,OK,8.2
mistralai/Mixtral-8x7B-v0.1,blackwell,32,524288,Naive,4,2292.4,0.1,40.41484232337376,46.50126875450028,OK,8.5
mistralai/Mixtral-8x7B-v0.1,blackwell,32,524288,Naive,8,2292.4,0.1,33.36359226506897,38.53902557480652,OK,8.1
mistralai/Mixtral-8x7B-v0.1,blackwell,64,131072,Naive,1,1192.9,0.1,85.87630310558505,96.42264449017415,OK,4.6
mistralai/Mixtral-8x7B-v0.1,blackwell,32,786432,Naive,2,3391.9,0.1,126.15357799212279,140.13735319820955,OK,10.1
mistralai/Mixtral-8x7B-v0.1,blackwell,32,786432,Naive,8,3391.9,0.1,36.279271176864164,41.59997982197453,OK,10.2
mistralai/Mixtral-8x7B-v0.1,blackwell,32,786432,Naive,4,3391.9,0.1,61.423614025604806,69.80350056782508,OK,10.4
mistralai/Mixtral-8x7B-v0.1,blackwell,16,2097152,Naive,8,4491.4,0.1,43.581243170633236,43.581243170633236,OK,21.4
mistralai/Mixtral-8x7B-v0.1,blackwell,64,131072,Naive,2,1192.9,0.1,48.50674245507798,51.03860246148678,OK,4.6
mistralai/Mixtral-8x7B-v0.1,blackwell,64,131072,Naive,4,1192.9,0.1,38.42993941294044,41.4994617466436,OK,4.6
mistralai/Mixtral-8x7B-v0.1,blackwell,64,131072,Naive,8,1192.9,0.1,33.16905697455726,36.241906586804895,OK,4.6
mistralai/Mixtral-8x7B-v0.1,blackwell,64,196608,Naive,1,1742.7,0.1,137.88111532107808,143.02803330022473,OK,5.3
mistralai/Mixtral-8x7B-v0.1,blackwell,32,1048576,Naive,2,4491.4,0.1,168.38852245333237,186.74143904062106,OK,12.4
mistralai/Mixtral-8x7B-v0.1,blackwell,32,1048576,Naive,4,4491.4,0.1,82.17709114281953,93.10565460204204,OK,12.2
mistralai/Mixtral-8x7B-v0.1,blackwell,16,2097152,Naive,2,4491.4,0.1,184.6834125392671,184.6834125392671,OK,24.6
mistralai/Mixtral-8x7B-v0.1,blackwell,32,1048576,Naive,8,4491.4,0.1,40.16228826572432,45.95985791698636,OK,11.9
mistralai/Mixtral-8x7B-v0.1,blackwell,16,2097152,Naive,4,4491.4,0.1,90.80216091400601,90.80216091400601,OK,25.0
mistralai/Mixtral-8x7B-v0.1,blackwell,64,196608,Naive,2,1742.7,0.1,64.00579096030833,72.35800719359634,OK,5.2
mistralai/Mixtral-8x7B-v0.1,blackwell,64,196608,Naive,4,1742.7,0.1,36.46505794446828,44.56025301680049,OK,5.2
mistralai/Mixtral-8x7B-v0.1,blackwell,64,196608,Naive,8,1742.7,0.1,38.81225025796679,41.76208448695494,OK,5.4
mistralai/Mixtral-8x7B-v0.1,blackwell,64,262144,Naive,1,2292.4,0.1,188.09066102079515,188.09066102079515,OK,5.8
mistralai/Mixtral-8x7B-v0.1,blackwell,64,262144,Naive,4,2292.4,0.1,42.50165416009196,51.10910131142577,OK,5.9
mistralai/Mixtral-8x7B-v0.1,blackwell,64,262144,Naive,2,2292.4,0.1,88.25174700372845,95.65319866611556,OK,6.2
mistralai/Mixtral-8x7B-v0.1,blackwell,64,262144,Naive,8,2292.4,0.1,35.307392900222425,43.29741899293315,OK,6.5
mistralai/Mixtral-8x7B-v0.1,blackwell,64,393216,Naive,2,3391.9,0.1,139.2758800062632,142.26505628320257,OK,7.0
mistralai/Mixtral-8x7B-v0.1,blackwell,64,393216,Naive,4,3391.9,0.1,64.2035554786046,72.15824743378549,OK,6.9
mistralai/Mixtral-8x7B-v0.1,blackwell,64,393216,Naive,8,3391.9,0.1,37.94974188593506,46.358218396064025,OK,7.3
mistralai/Mixtral-8x7B-v0.1,blackwell,64,524288,Naive,8,4491.4,0.1,42.20882632589666,48.39028608911363,OK,8.2
mistralai/Mixtral-8x7B-v0.1,blackwell,64,524288,Naive,4,4491.4,0.1,89.79534806427333,95.46063974971793,OK,8.9
mistralai/Mixtral-8x7B-v0.1,blackwell,64,524288,Naive,2,4491.4,0.1,186.87911892895377,186.87911892895377,OK,9.6
mistralai/Mixtral-8x7B-v0.1,blackwell,128,131072,Naive,1,2292.4,0.1,181.12199170409536,191.39403684826976,OK,7.7
mistralai/Mixtral-8x7B-v0.1,blackwell,128,131072,Naive,2,2292.4,0.1,83.81080020479872,99.9194231610236,OK,7.6
mistralai/Mixtral-8x7B-v0.1,blackwell,128,131072,Naive,4,2292.4,0.1,45.82968984422016,55.815003810853064,OK,6.5
mistralai/Mixtral-8x7B-v0.1,blackwell,64,786432,Naive,4,6690.5,0.1,139.81191151778145,139.81191151778145,OK,11.1
mistralai/Mixtral-8x7B-v0.1,blackwell,128,131072,Naive,8,2292.4,0.1,42.93576108008142,50.476827824539285,OK,6.4
mistralai/Mixtral-8x7B-v0.1,blackwell,32,2097152,Naive,4,8889.5,0.1,169.23337272969187,186.31405962418862,OK,21.3
mistralai/Mixtral-8x7B-v0.1,blackwell,32,2097152,Naive,8,8889.5,0.1,81.66916472104593,92.56407153936078,OK,21.2
mistralai/Mixtral-8x7B-v0.1,blackwell,64,786432,Naive,8,6690.5,0.1,63.978401023880664,71.69248456853508,OK,12.1
mistralai/Mixtral-8x7B-v0.1,blackwell,128,196608,Naive,4,3391.9,0.1,71.31933732778603,76.8707046178482,OK,7.6
mistralai/Mixtral-8x7B-v0.1,blackwell,128,196608,Naive,2,3391.9,0.1,132.26495656704287,144.53476683639298,OK,8.4
mistralai/Mixtral-8x7B-v0.1,blackwell,128,196608,Naive,8,3391.9,0.1,41.31120491310988,53.532905568298034,OK,7.1
mistralai/Mixtral-8x7B-v0.1,blackwell,64,1048576,Naive,4,8889.5,0.1,186.41614180710752,186.41614180710752,OK,13.7
mistralai/Mixtral-8x7B-v0.1,blackwell,64,1048576,Naive,8,8889.5,0.1,89.29738361547565,94.99476422873961,OK,14.2
meta-llama/Meta-Llama-3-70B,blackwell,1,131072,Naive,1,184.1,0.1,34.45171669233572,34.45171669233572,OK,3.7
mistralai/Mixtral-8x7B-v0.1,blackwell,128,262144,Naive,4,4491.4,0.1,86.02541567108746,100.17415623844303,OK,8.6
mistralai/Mixtral-8x7B-v0.1,blackwell,128,262144,Naive,2,4491.4,0.1,189.15002735786948,189.15002735786948,OK,9.1
meta-llama/Meta-Llama-3-70B,blackwell,1,131072,Naive,2,184.1,0.1,29.815890774079467,29.815890774079467,OK,3.9
meta-llama/Meta-Llama-3-70B,blackwell,1,131072,Naive,4,184.1,0.1,26.39736853604764,26.39736853604764,OK,3.7
mistralai/Mixtral-8x7B-v0.1,blackwell,128,262144,Naive,8,4491.4,0.1,45.60460774091387,55.57534594944836,OK,7.9
meta-llama/Meta-Llama-3-70B,blackwell,1,131072,Naive,8,184.1,0.1,23.833177214347486,23.833177214347486,OK,3.9
meta-llama/Meta-Llama-3-70B,blackwell,1,196608,Naive,1,205.6,0.1,35.325338546953326,35.325338546953326,OK,4.3
meta-llama/Meta-Llama-3-70B,blackwell,1,196608,Naive,2,205.6,0.1,31.158068054079468,31.158068054079468,OK,4.4
mistralai/Mixtral-8x7B-v0.1,blackwell,128,393216,Naive,8,6690.5,0.1,70.98811867849089,76.55623884505123,OK,9.8
meta-llama/Meta-Llama-3-70B,blackwell,1,196608,Naive,4,205.6,0.1,27.06845717604764,27.06845717604764,OK,4.3
mistralai/Mixtral-8x7B-v0.1,blackwell,128,393216,Naive,4,6690.5,0.1,134.62736602680135,144.52082001032147,OK,10.2
meta-llama/Meta-Llama-3-70B,blackwell,1,196608,Naive,8,205.6,0.1,24.168721534347494,24.168721534347494,OK,4.5
meta-llama/Meta-Llama-3-70B,blackwell,1,262144,Naive,1,227.1,0.1,35.803636842454125,35.803636842454125,OK,4.7
mistralai/Mixtral-8x7B-v0.1,blackwell,128,524288,Naive,8,8889.5,0.1,86.44618195735903,97.37355179525001,OK,11.0
mistralai/Mixtral-8x7B-v0.1,blackwell,128,524288,Naive,4,8889.5,0.1,188.87790777309672,188.87790777309672,OK,11.5
meta-llama/Meta-Llama-3-70B,blackwell,1,262144,Naive,2,227.1,0.1,32.500245334079466,32.500245334079466,OK,5.1
meta-llama/Meta-Llama-3-70B,blackwell,1,262144,Naive,4,227.1,0.1,27.739545816047638,27.739545816047638,OK,4.9
meta-llama/Meta-Llama-3-70B,blackwell,1,262144,Naive,8,227.1,0.1,24.504265854347494,24.504265854347494,OK,5.0
meta-llama/Meta-Llama-3-70B,blackwell,1,393216,Naive,1,270.0,0.1,36.76023343345573,36.76023343345573,OK,5.6
mistralai/Mixtral-8x7B-v0.1,blackwell,64,2097152,Naive,8,17685.6,0.1,185.8757161123962,185.8757161123962,OK,22.1
meta-llama/Meta-Llama-3-70B,blackwell,1,393216,Naive,2,270.0,0.1,35.18459989407947,35.18459989407947,OK,6.1
mistralai/Mixtral-8x7B-v0.1,blackwell,128,786432,Naive,8,13287.5,0.1,135.20440658533292,144.13646361887308,OK,13.8
meta-llama/Meta-Llama-3-70B,blackwell,1,393216,Naive,4,270.0,0.1,29.081723096047643,29.081723096047643,OK,5.8
meta-llama/Meta-Llama-3-70B,blackwell,1,393216,Naive,8,270.0,0.1,25.175354494347495,25.175354494347495,OK,5.9
meta-llama/Meta-Llama-3-70B,blackwell,1,524288,Naive,1,313.0,0.1,39.67914170445732,39.67914170445732,OK,6.8
meta-llama/Meta-Llama-3-70B,blackwell,1,524288,Naive,2,313.0,0.1,37.868954454079464,37.868954454079464,OK,7.5
mistralai/Mixtral-8x7B-v0.1,blackwell,128,1048576,Naive,8,17685.6,0.1,188.41394697353024,188.41394697353024,OK,17.7
meta-llama/Meta-Llama-3-70B,blackwell,1,524288,Naive,4,313.0,0.1,30.42390037604764,30.42390037604764,OK,7.9
meta-llama/Meta-Llama-3-70B,blackwell,1,524288,Naive,8,313.0,0.1,25.84644313434749,25.84644313434749,OK,7.4
meta-llama/Meta-Llama-3-70B,blackwell,1,786432,Naive,1,398.9,0.1,46.961044006460526,46.961044006460526,OK,9.0
meta-llama/Meta-Llama-3-70B,blackwell,2,131072,Naive,1,227.1,0.1,43.011994313605776,43.011994313605776,OK,3.6
meta-llama/Meta-Llama-3-70B,blackwell,1,786432,Naive,4,398.9,0.1,33.10825493604764,33.10825493604764,OK,9.4
meta-llama/Meta-Llama-3-70B,blackwell,1,786432,Naive,8,398.9,0.1,27.188620414347493,27.188620414347493,OK,9.8
meta-llama/Meta-Llama-3-70B,blackwell,2,131072,Naive,8,227.1,0.1,30.23234030997969,30.23234030997969,OK,3.6
meta-llama/Meta-Llama-3-70B,blackwell,2,131072,Naive,2,227.1,0.1,39.22081993964465,39.22081993964465,OK,3.9
meta-llama/Meta-Llama-3-70B,blackwell,2,131072,Naive,4,227.1,0.1,33.94094202210488,33.94094202210488,OK,3.9
meta-llama/Meta-Llama-3-70B,blackwell,1,1048576,Naive,1,484.8,0.1,54.24294630846373,54.24294630846373,OK,10.9
meta-llama/Meta-Llama-3-70B,blackwell,2,196608,Naive,1,270.0,0.1,43.968590904607375,43.968590904607375,OK,4.6
meta-llama/Meta-Llama-3-70B,blackwell,2,196608,Naive,2,270.0,0.1,41.90517449964466,41.90517449964466,OK,4.5
meta-llama/Meta-Llama-3-70B,blackwell,2,196608,Naive,4,270.0,0.1,35.28311930210487,35.28311930210487,OK,4.6
meta-llama/Meta-Llama-3-70B,blackwell,2,196608,Naive,8,270.0,0.1,30.903428949979688,30.903428949979688,OK,4.5
meta-llama/Meta-Llama-3-70B,blackwell,1,1048576,Naive,4,484.8,0.1,35.79260949604764,35.79260949604764,OK,12.9
meta-llama/Meta-Llama-3-70B,blackwell,1,1048576,Naive,8,484.8,0.1,28.53079769434749,28.53079769434749,OK,12.6
meta-llama/Meta-Llama-3-70B,blackwell,2,262144,Naive,1,313.0,0.1,46.88761028862018,46.88761028862018,OK,4.7
meta-llama/Meta-Llama-3-70B,blackwell,2,262144,Naive,2,313.0,0.1,44.589529059644654,44.589529059644654,OK,4.9
meta-llama/Meta-Llama-3-70B,blackwell,2,262144,Naive,4,313.0,0.1,36.62529658210487,36.62529658210487,OK,5.0
meta-llama/Meta-Llama-3-70B,blackwell,2,262144,Naive,8,313.0,0.1,31.574517589979692,31.574517589979692,OK,4.8
meta-llama/Meta-Llama-3-70B,blackwell,2,393216,Naive,1,398.9,0.1,54.16951259062338,54.16951259062338,OK,5.7
meta-llama/Meta-Llama-3-70B,blackwell,2,393216,Naive,4,398.9,0.1,39.30965114210487,39.30965114210487,OK,5.8
meta-llama/Meta-Llama-3-70B,blackwell,2,393216,Naive,2,398.9,0.1,48.781962085487855,48.781962085487855,OK,6.9
meta-llama/Meta-Llama-3-70B,blackwell,2,524288,Naive,1,484.8,0.1,61.45141489262657,61.45141489262657,OK,6.8
meta-llama/Meta-Llama-3-70B,blackwell,2,393216,Naive,8,398.9,0.1,32.91669486997969,32.91669486997969,OK,7.0
meta-llama/Meta-Llama-3-70B,blackwell,2,524288,Naive,4,484.8,0.1,41.99400570210487,41.99400570210487,OK,7.2
meta-llama/Meta-Llama-3-70B,blackwell,2,524288,Naive,2,484.8,0.1,49.73855867648945,49.73855867648945,OK,7.5
meta-llama/Meta-Llama-3-70B,blackwell,2,524288,Naive,8,484.8,0.1,34.258872149979695,34.258872149979695,OK,7.4
meta-llama/Meta-Llama-3-70B,blackwell,2,786432,Naive,1,656.6,0.1,76.0153306096442,76.0153306096442,OK,9.1
meta-llama/Meta-Llama-3-70B,blackwell,2,786432,Naive,4,656.6,0.1,47.36271482210488,47.36271482210488,OK,9.7
meta-llama/Meta-Llama-3-70B,blackwell,1,2097152,Naive,8,828.4,0.1,33.89950681434749,33.89950681434749,OK,24.4
meta-llama/Meta-Llama-3-70B,blackwell,2,786432,Naive,8,656.6,0.1,36.9432267099797,36.9432267099797,OK,10.8
meta-llama/Meta-Llama-3-70B,blackwell,4,131072,Naive,1,313.0,0.1,46.89141474066498,46.89141474066498,OK,3.5
meta-llama/Meta-Llama-3-70B,blackwell,2,1048576,Naive,1,828.4,0.1,90.57913521365057,90.57913521365057,OK,12.4
meta-llama/Meta-Llama-3-70B,blackwell,4,131072,Naive,2,313.0,0.1,44.59338057964465,44.59338057964465,OK,3.7
meta-llama/Meta-Llama-3-70B,blackwell,2,1048576,Naive,8,828.4,0.1,39.62758126997969,39.62758126997969,OK,12.3
meta-llama/Meta-Llama-3-70B,blackwell,2,1048576,Naive,4,828.4,0.1,50.76944900655287,50.76944900655287,OK,13.8
meta-llama/Meta-Llama-3-70B,blackwell,4,131072,Naive,4,313.0,0.1,36.62890234210487,36.62890234210487,OK,3.9
meta-llama/Meta-Llama-3-70B,blackwell,4,131072,Naive,8,313.0,0.1,31.57800046997969,31.57800046997969,OK,3.6
meta-llama/Meta-Llama-3-70B,blackwell,1,786432,Naive,2,398.9,0.1,42.061454803417064,42.061454803417064,OK,37.3
meta-llama/Meta-Llama-3-70B,blackwell,2,786432,Naive,2,656.6,0.1,51.65161721150386,51.65161721150386,OK,21.8
meta-llama/Meta-Llama-3-70B,blackwell,4,196608,Naive,1,398.9,0.1,54.17342815567938,54.17342815567938,OK,4.5
meta-llama/Meta-Llama-3-70B,blackwell,4,196608,Naive,2,398.9,0.1,48.78581360548787,48.78581360548787,OK,4.3
meta-llama/Meta-Llama-3-70B,blackwell,4,196608,Naive,4,398.9,0.1,39.313256902104875,39.313256902104875,OK,4.5
meta-llama/Meta-Llama-3-70B,blackwell,4,196608,Naive,8,398.9,0.1,32.920177749979686,32.920177749979686,OK,4.2
meta-llama/Meta-Llama-3-70B,blackwell,4,262144,Naive,1,484.8,0.1,61.45533045768258,61.45533045768258,OK,4.6
meta-llama/Meta-Llama-3-70B,blackwell,4,262144,Naive,2,484.8,0.1,49.74220822600626,49.74220822600626,OK,4.6
meta-llama/Meta-Llama-3-70B,blackwell,4,262144,Naive,4,484.8,0.1,41.99761146210487,41.99761146210487,OK,4.8
meta-llama/Meta-Llama-3-70B,blackwell,4,262144,Naive,8,484.8,0.1,34.262355029979695,34.262355029979695,OK,4.9
meta-llama/Meta-Llama-3-70B,blackwell,4,393216,Naive,1,656.6,0.1,76.01924617470017,76.01924617470017,OK,5.9
meta-llama/Meta-Llama-3-70B,blackwell,4,393216,Naive,2,656.6,0.1,51.655266761020656,51.655266761020656,OK,6.7
meta-llama/Meta-Llama-3-70B,blackwell,4,393216,Naive,4,656.6,0.1,47.366320582104876,47.366320582104876,OK,6.0
meta-llama/Meta-Llama-3-70B,blackwell,4,393216,Naive,8,656.6,0.1,36.9467095899797,36.9467095899797,OK,6.5
meta-llama/Meta-Llama-3-70B,blackwell,1,1048576,Naive,2,484.8,0.1,43.01805139441866,43.01805139441866,OK,47.7
meta-llama/Meta-Llama-3-70B,blackwell,4,524288,Naive,1,828.4,0.1,90.58305077870656,90.58305077870656,OK,7.8
meta-llama/Meta-Llama-3-70B,blackwell,2,1048576,Naive,2,828.4,0.1,53.56481039350706,53.56481039350706,OK,29.2
meta-llama/Meta-Llama-3-70B,blackwell,4,524288,Naive,2,828.4,0.1,53.56839261952947,53.56839261952947,OK,8.0
meta-llama/Meta-Llama-3-70B,blackwell,4,524288,Naive,4,828.4,0.1,50.77298744305848,50.77298744305848,OK,7.6
meta-llama/Meta-Llama-3-70B,blackwell,2,2097152,Naive,8,1515.6,0.1,50.216214587355694,50.216214587355694,OK,23.1
meta-llama/Meta-Llama-3-70B,blackwell,4,524288,Naive,8,828.4,0.1,39.63106414997969,39.63106414997969,OK,8.5
meta-llama/Meta-Llama-3-70B,blackwell,4,786432,Naive,1,1172.0,0.1,119.71065998671936,119.71065998671936,OK,9.1
meta-llama/Meta-Llama-3-70B,blackwell,4,786432,Naive,2,1172.0,0.1,67.59466737654706,67.59466737654706,OK,9.6
meta-llama/Meta-Llama-3-70B,blackwell,4,786432,Naive,4,1172.0,0.1,52.68604597807288,52.68604597807288,OK,9.7
meta-llama/Meta-Llama-3-70B,blackwell,4,786432,Naive,8,1172.0,0.1,44.9997732699797,44.9997732699797,OK,10.9
meta-llama/Meta-Llama-3-70B,blackwell,4,1048576,Naive,1,1515.6,0.1,148.83849142075456,148.83849142075456,OK,11.3
meta-llama/Meta-Llama-3-70B,blackwell,8,131072,Naive,1,484.8,0.1,61.463272700805774,61.463272700805774,OK,3.8
meta-llama/Meta-Llama-3-70B,blackwell,4,1048576,Naive,2,1515.6,0.1,82.15847198055347,82.15847198055347,OK,13.1
meta-llama/Meta-Llama-3-70B,blackwell,4,1048576,Naive,8,1515.6,0.1,50.21968063648209,50.21968063648209,OK,12.4
meta-llama/Meta-Llama-3-70B,blackwell,4,1048576,Naive,4,1515.6,0.1,54.59923916007609,54.59923916007609,OK,12.8
meta-llama/Meta-Llama-3-70B,blackwell,8,131072,Naive,2,484.8,0.1,49.749709295523054,49.749709295523054,OK,3.8
meta-llama/Meta-Llama-3-70B,blackwell,8,131072,Naive,4,484.8,0.1,42.00482298210487,42.00482298210487,OK,3.8
meta-llama/Meta-Llama-3-70B,blackwell,8,131072,Naive,8,484.8,0.1,34.269320789979695,34.269320789979695,OK,4.3
meta-llama/Meta-Llama-3-70B,blackwell,8,196608,Naive,2,656.6,0.1,51.662565860054265,51.662565860054265,OK,4.7
meta-llama/Meta-Llama-3-70B,blackwell,8,196608,Naive,1,656.6,0.1,76.02729953083458,76.02729953083458,OK,4.9
meta-llama/Meta-Llama-3-70B,blackwell,8,196608,Naive,4,656.6,0.1,47.373532102104875,47.373532102104875,OK,4.8
meta-llama/Meta-Llama-3-70B,blackwell,8,196608,Naive,8,656.6,0.1,36.95367534997969,36.95367534997969,OK,4.6
meta-llama/Meta-Llama-3-70B,blackwell,8,262144,Naive,1,828.4,0.1,90.59110413484096,90.59110413484096,OK,4.8
meta-llama/Meta-Llama-3-70B,blackwell,8,262144,Naive,2,828.4,0.1,53.57555707157426,53.57555707157426,OK,4.8
meta-llama/Meta-Llama-3-70B,blackwell,8,262144,Naive,4,828.4,0.1,50.78019896305848,50.78019896305848,OK,4.9
meta-llama/Meta-Llama-3-70B,blackwell,8,262144,Naive,8,828.4,0.1,39.63802990997969,39.63802990997969,OK,5.1
meta-llama/Meta-Llama-3-70B,blackwell,8,393216,Naive,1,1172.0,0.1,119.71871334285377,119.71871334285377,OK,5.7
meta-llama/Meta-Llama-3-70B,blackwell,8,393216,Naive,2,1172.0,0.1,67.60188738509748,67.60188738509748,OK,6.1
meta-llama/Meta-Llama-3-70B,blackwell,8,393216,Naive,4,1172.0,0.1,52.69315651283127,52.69315651283127,OK,5.9
meta-llama/Meta-Llama-3-70B,blackwell,8,393216,Naive,8,1172.0,0.1,45.0067390299797,45.0067390299797,OK,6.9
meta-llama/Meta-Llama-3-70B,blackwell,8,524288,Naive,1,1515.6,0.1,148.84632255086657,148.84632255086657,OK,6.7
meta-llama/Meta-Llama-3-70B,blackwell,4,2097152,Naive,8,2890.0,0.1,54.045966015246904,54.045966015246904,OK,25.1
meta-llama/Meta-Llama-3-70B,blackwell,8,524288,Naive,4,1515.6,0.1,54.606181386098484,54.606181386098484,OK,7.3
meta-llama/Meta-Llama-3-70B,blackwell,8,524288,Naive,8,1515.6,0.1,50.22666322735569,50.22666322735569,OK,7.3
meta-llama/Meta-Llama-3-70B,blackwell,8,524288,Naive,2,1515.6,0.1,82.16569198910383,82.16569198910383,OK,8.5
meta-llama/Meta-Llama-3-70B,blackwell,8,786432,Naive,1,2202.8,0.1,207.10154096689214,207.10154096689214,OK,9.2
meta-llama/Meta-Llama-3-70B,blackwell,1,2097152,Naive,1,828.4,0.1,83.37088885551013,83.37088885551013,OK,82.5
meta-llama/Meta-Llama-3-70B,blackwell,8,786432,Naive,2,2202.8,0.1,111.29346786663348,111.29346786663348,OK,9.7
meta-llama/Meta-Llama-3-70B,blackwell,4,2097152,Naive,1,2890.0,0.1,265.3485949137722,265.3485949137722,OK,35.1
meta-llama/Meta-Llama-3-70B,blackwell,1,2097152,Naive,2,828.4,0.1,46.844437758425066,46.844437758425066,OK,87.3
meta-llama/Meta-Llama-3-70B,blackwell,8,786432,Naive,4,2202.8,0.1,62.013558604863285,62.013558604863285,OK,10.9
meta-llama/Meta-Llama-3-70B,blackwell,2,2097152,Naive,1,1515.6,0.1,148.8345758556986,148.8345758556986,OK,69.0
meta-llama/Meta-Llama-3-70B,blackwell,8,786432,Naive,8,2202.8,0.1,52.13968810062289,52.13968810062289,OK,10.9
meta-llama/Meta-Llama-3-70B,blackwell,2,2097152,Naive,2,1515.6,0.1,82.15483419802547,82.15483419802547,OK,69.3
meta-llama/Meta-Llama-3-70B,blackwell,4,2097152,Naive,2,2890.0,0.1,140.41369039657909,140.41369039657909,OK,39.8
meta-llama/Meta-Llama-3-70B,blackwell,1,2097152,Naive,4,828.4,0.1,44.56808646224283,44.56808646224283,OK,89.7
meta-llama/Meta-Llama-3-70B,blackwell,8,1048576,Naive,1,2890.0,0.1,265.35664826990654,265.35664826990654,OK,12.2
meta-llama/Meta-Llama-3-70B,blackwell,8,1048576,Naive,4,2890.0,0.1,76.57736320886968,76.57736320886968,OK,12.1
meta-llama/Meta-Llama-3-70B,blackwell,16,131072,Naive,1,828.4,0.1,90.76226172954941,90.76226172954941,OK,4.0
meta-llama/Meta-Llama-3-70B,blackwell,8,1048576,Naive,2,2890.0,0.1,140.4210770746463,140.4210770746463,OK,13.5
meta-llama/Meta-Llama-3-70B,blackwell,16,131072,Naive,2,828.4,0.1,53.74099818916337,53.74099818916337,OK,4.6
meta-llama/Meta-Llama-3-70B,blackwell,2,2097152,Naive,4,1515.6,0.1,54.59573438531767,54.59573438531767,OK,70.9
meta-llama/Meta-Llama-3-70B,blackwell,4,2097152,Naive,4,2890.0,0.1,76.57042098284728,76.57042098284728,OK,40.8
meta-llama/Meta-Llama-3-70B,blackwell,16,131072,Naive,4,828.4,0.1,50.89964389945333,50.89964389945333,OK,4.7
meta-llama/Meta-Llama-3-70B,blackwell,16,131072,Naive,8,828.4,0.1,39.77404856165531,39.77404856165531,OK,4.4
meta-llama/Meta-Llama-3-70B,blackwell,8,1048576,Naive,8,2890.0,0.1,54.0528307900053,54.0528307900053,OK,12.4
meta-llama/Meta-Llama-3-70B,blackwell,16,196608,Naive,1,1172.0,0.1,119.88998205057338,119.88998205057338,OK,4.8
meta-llama/Meta-Llama-3-70B,blackwell,16,196608,Naive,4,1172.0,0.1,52.81229849350133,52.81229849350133,OK,5.0
meta-llama/Meta-Llama-3-70B,blackwell,16,196608,Naive,2,1172.0,0.1,67.76737229220336,67.76737229220336,OK,5.3
meta-llama/Meta-Llama-3-70B,blackwell,16,196608,Naive,8,1172.0,0.1,45.14275768165531,45.14275768165531,OK,5.1
meta-llama/Meta-Llama-3-70B,blackwell,16,262144,Naive,1,1515.6,0.1,149.0175912585862,149.0175912585862,OK,5.0
meta-llama/Meta-Llama-3-70B,blackwell,16,262144,Naive,2,1515.6,0.1,82.33134356572657,82.33134356572657,OK,5.4
meta-llama/Meta-Llama-3-70B,blackwell,16,262144,Naive,8,1515.6,0.1,50.36264821728412,50.36264821728412,OK,5.3
meta-llama/Meta-Llama-3-70B,blackwell,16,262144,Naive,4,1515.6,0.1,54.72528970502133,54.72528970502133,OK,5.6
meta-llama/Meta-Llama-3-70B,blackwell,16,393216,Naive,1,2202.8,0.1,207.2728096746118,207.2728096746118,OK,6.2
meta-llama/Meta-Llama-3-70B,blackwell,16,393216,Naive,2,2202.8,0.1,111.45911944325617,111.45911944325617,OK,6.5
meta-llama/Meta-Llama-3-70B,blackwell,16,393216,Naive,8,2202.8,0.1,52.27557210530971,52.27557210530971,OK,7.0
meta-llama/Meta-Llama-3-70B,blackwell,16,393216,Naive,4,2202.8,0.1,62.13256593854454,62.13256593854454,OK,7.5
meta-llama/Meta-Llama-3-70B,blackwell,16,524288,Naive,2,2890.0,0.1,140.58672865126897,140.58672865126897,OK,7.7
meta-llama/Meta-Llama-3-70B,blackwell,16,524288,Naive,1,2890.0,0.1,265.5279169776262,265.5279169776262,OK,7.8
meta-llama/Meta-Llama-3-70B,blackwell,16,524288,Naive,8,2890.0,0.1,54.18864747119771,54.18864747119771,OK,7.6
meta-llama/Meta-Llama-3-70B,blackwell,16,524288,Naive,4,2890.0,0.1,76.69645387730934,76.69645387730934,OK,8.7
meta-llama/Meta-Llama-3-70B,blackwell,8,2097152,Naive,2,5638.8,0.1,256.93151390669743,256.93151390669743,OK,22.4
meta-llama/Meta-Llama-3-70B,blackwell,8,2097152,Naive,4,5638.8,0.1,134.83266495965367,134.83266495965367,OK,21.0
meta-llama/Meta-Llama-3-70B,blackwell,8,2097152,Naive,8,5638.8,0.1,72.7145638436501,72.7145638436501,OK,21.4
meta-llama/Meta-Llama-3-70B,blackwell,16,786432,Naive,2,4264.4,0.1,198.84216929331697,198.84216929331697,OK,10.3
meta-llama/Meta-Llama-3-70B,blackwell,16,786432,Naive,4,4264.4,0.1,105.82422975483891,105.82422975483891,OK,10.3
meta-llama/Meta-Llama-3-70B,blackwell,32,131072,Naive,1,1515.6,0.1,149.3627818371155,149.3627818371155,OK,5.9
meta-llama/Meta-Llama-3-70B,blackwell,32,131072,Naive,4,1515.6,0.1,54.96614700150995,54.96614700150995,OK,5.9
meta-llama/Meta-Llama-3-70B,blackwell,16,786432,Naive,8,4264.4,0.1,58.28649470821531,58.28649470821531,OK,10.5
meta-llama/Meta-Llama-3-70B,blackwell,32,131072,Naive,2,1515.6,0.1,82.6646601560961,82.6646601560961,OK,6.4
meta-llama/Meta-Llama-3-70B,blackwell,32,131072,Naive,8,1515.6,0.1,50.469901228038815,56.363285553392615,OK,6.1
meta-llama/Meta-Llama-3-70B,blackwell,16,1048576,Naive,2,5638.8,0.1,257.097332152837,257.097332152837,OK,12.2
meta-llama/Meta-Llama-3-70B,blackwell,32,196608,Naive,1,2202.8,0.1,207.61800025314102,207.61800025314102,OK,6.5
meta-llama/Meta-Llama-3-70B,blackwell,16,1048576,Naive,4,5638.8,0.1,134.95183896285175,134.95183896285175,OK,12.8
meta-llama/Meta-Llama-3-70B,blackwell,32,196608,Naive,2,2202.8,0.1,111.79254714663693,111.79254714663693,OK,6.3
meta-llama/Meta-Llama-3-70B,blackwell,16,1048576,Naive,8,5638.8,0.1,72.85035486872732,72.85035486872732,OK,12.3
meta-llama/Meta-Llama-3-70B,blackwell,32,196608,Naive,8,2202.8,0.1,52.367625831226015,58.27595697831421,OK,6.4
meta-llama/Meta-Llama-3-70B,blackwell,32,196608,Naive,4,2202.8,0.1,62.373304599308355,62.373304599308355,OK,6.9
meta-llama/Meta-Llama-3-70B,blackwell,32,262144,Naive,1,2890.0,0.1,265.87310755615545,265.87310755615545,OK,6.7
meta-llama/Meta-Llama-3-70B,blackwell,32,262144,Naive,2,2890.0,0.1,140.92032302416652,140.92032302416652,OK,7.0
meta-llama/Meta-Llama-3-70B,blackwell,32,262144,Naive,4,2890.0,0.1,76.93727587283158,76.93727587283158,OK,7.1
meta-llama/Meta-Llama-3-70B,blackwell,32,262144,Naive,8,2890.0,0.1,54.26560289751721,60.18886403546621,OK,7.3
meta-llama/Meta-Llama-3-70B,blackwell,32,393216,Naive,4,4264.4,0.1,106.06513508511955,106.06513508511955,OK,8.3
meta-llama/Meta-Llama-3-70B,blackwell,32,393216,Naive,2,4264.4,0.1,199.1758192227201,199.1758192227201,OK,9.1
meta-llama/Meta-Llama-3-70B,blackwell,32,393216,Naive,8,4264.4,0.1,58.331339474950816,64.28662417636862,OK,8.7
meta-llama/Meta-Llama-3-70B,blackwell,32,524288,Naive,2,5638.8,0.1,257.4309820822401,257.4309820822401,OK,9.5
meta-llama/Meta-Llama-3-70B,blackwell,32,524288,Naive,8,5638.8,0.1,72.78147546849961,78.85053989338621,OK,9.2
meta-llama/Meta-Llama-3-70B,blackwell,32,524288,Naive,4,5638.8,0.1,135.19274429313234,135.19274429313234,OK,9.9
meta-llama/Meta-Llama-3-70B,blackwell,16,2097152,Naive,4,11136.3,0.1,251.4623313514085,251.4623313514085,OK,21.6
meta-llama/Meta-Llama-3-70B,blackwell,32,786432,Naive,8,8387.5,0.1,102.2519688661572,102.2519688661572,OK,11.5
meta-llama/Meta-Llama-3-70B,blackwell,16,2097152,Naive,8,11136.3,0.1,131.10564273038494,131.10564273038494,OK,22.9
meta-llama/Meta-Llama-3-70B,blackwell,32,786432,Naive,4,8387.5,0.1,193.44812937867476,193.44812937867476,OK,13.1
meta-llama/Meta-Llama-3-70B,blackwell,64,131072,Naive,1,2890.0,0.1,243.17735453432746,273.77782909499655,OK,10.7
meta-llama/Meta-Llama-3-70B,blackwell,64,131072,Naive,2,2890.0,0.1,128.97884191749455,148.3127441335758,OK,11.2
meta-llama/Meta-Llama-3-70B,blackwell,64,131072,Naive,4,2890.0,0.1,71.84684229368682,83.62644067326092,OK,11.1
meta-llama/Meta-Llama-3-70B,blackwell,32,1048576,Naive,4,11136.3,0.1,251.70334779470033,251.70334779470033,OK,14.9
meta-llama/Meta-Llama-3-70B,blackwell,32,1048576,Naive,8,11136.3,0.1,131.37956418504362,131.37956418504362,OK,15.6
meta-llama/Meta-Llama-3-70B,blackwell,64,131072,Naive,8,2890.0,0.1,60.74358115854052,60.74358115854052,OK,11.0
meta-llama/Meta-Llama-3-70B,blackwell,64,196608,Naive,2,4264.4,0.1,181.05193016432975,206.56840700164622,OK,11.5
meta-llama/Meta-Llama-3-70B,blackwell,64,196608,Naive,4,4264.4,0.1,97.44766896970606,112.75449433331855,OK,11.9
meta-llama/Meta-Llama-3-70B,blackwell,64,196608,Naive,8,4264.4,0.1,64.84107200546532,64.84107200546532,OK,12.0
meta-llama/Meta-Llama-3-70B,blackwell,64,262144,Naive,2,5638.8,0.1,233.57980396600655,264.8236809741774,OK,12.2
meta-llama/Meta-Llama-3-70B,blackwell,64,262144,Naive,4,5638.8,0.1,123.04819008494442,141.88221465434253,OK,12.3
meta-llama/Meta-Llama-3-70B,blackwell,64,262144,Naive,8,5638.8,0.1,79.40511272462052,79.40511272462052,OK,12.1
meta-llama/Meta-Llama-3-70B,blackwell,64,393216,Naive,4,8387.5,0.1,174.24928787192684,200.13771085289613,OK,13.6
meta-llama/Meta-Llama-3-70B,blackwell,64,393216,Naive,8,8387.5,0.1,108.53297193690851,108.53297193690851,OK,13.4
meta-llama/Meta-Llama-3-70B,blackwell,64,524288,Naive,4,11136.3,0.1,225.45019121113967,258.3929570471746,OK,14.0
meta-llama/Meta-Llama-3-70B,blackwell,32,2097152,Naive,8,22131.4,0.1,247.89008435185318,247.89008435185318,OK,26.4
meta-llama/Meta-Llama-3-70B,blackwell,64,524288,Naive,8,11136.3,0.1,137.66066447967972,137.66066447967972,OK,15.3
Qwen/Qwen2-72B,blackwell,1,131072,Naive,1,188.3,0.1,35.50558133742165,35.50558133742165,OK,3.5
Qwen/Qwen2-72B,blackwell,1,131072,Naive,2,188.3,0.1,30.25516118877872,30.25516118877872,OK,3.6
Qwen/Qwen2-72B,blackwell,1,131072,Naive,4,188.3,0.1,26.43079121388168,26.43079121388168,OK,3.5
meta-llama/Meta-Llama-3-70B,blackwell,64,786432,Naive,8,16633.9,0.1,170.66974212447835,195.91593845221095,OK,16.7
Qwen/Qwen2-72B,blackwell,1,131072,Naive,8,188.3,0.1,24.120155041055177,24.120155041055177,OK,3.6
Qwen/Qwen2-72B,blackwell,1,196608,Naive,1,209.8,0.1,35.983879632922445,35.983879632922445,OK,4.1
Qwen/Qwen2-72B,blackwell,1,196608,Naive,2,209.8,0.1,31.59733846877872,31.59733846877872,OK,4.0
Qwen/Qwen2-72B,blackwell,1,196608,Naive,4,209.8,0.1,27.101879853881684,27.101879853881684,OK,4.5
Qwen/Qwen2-72B,blackwell,1,196608,Naive,8,209.8,0.1,24.455699361055178,24.455699361055178,OK,4.6
meta-llama/Meta-Llama-3-70B,blackwell,64,1048576,Naive,8,22131.4,0.1,221.87070102019675,254.17125409212133,OK,20.2
Qwen/Qwen2-72B,blackwell,1,262144,Naive,1,231.3,0.1,36.46217792842325,36.46217792842325,OK,4.7
Qwen/Qwen2-72B,blackwell,1,262144,Naive,2,231.3,0.1,32.939515748778724,32.939515748778724,OK,4.7
Qwen/Qwen2-72B,blackwell,1,262144,Naive,8,231.3,0.1,24.791243681055178,24.791243681055178,OK,4.6
Qwen/Qwen2-72B,blackwell,1,262144,Naive,4,231.3,0.1,27.77296849388168,27.77296849388168,OK,5.1
Qwen/Qwen2-72B,blackwell,1,393216,Naive,1,274.2,0.1,37.48414667942485,37.48414667942485,OK,6.6
Qwen/Qwen2-72B,blackwell,1,393216,Naive,8,274.2,0.1,25.46233232105518,25.46233232105518,OK,5.9
Qwen/Qwen2-72B,blackwell,1,393216,Naive,2,274.2,0.1,35.62387030877872,35.62387030877872,OK,6.2
Qwen/Qwen2-72B,blackwell,1,393216,Naive,4,274.2,0.1,29.11514577388168,29.11514577388168,OK,6.5
Qwen/Qwen2-72B,blackwell,1,524288,Naive,1,317.2,0.1,41.125097830426455,41.125097830426455,OK,7.9
Qwen/Qwen2-72B,blackwell,1,524288,Naive,2,317.2,0.1,38.30822486877872,38.30822486877872,OK,7.0
meta-llama/Meta-Llama-3-70B,blackwell,128,131072,Naive,8,5638.8,0.1,73.83915941596246,91.99038024402864,OK,29.3
Qwen/Qwen2-72B,blackwell,1,524288,Naive,4,317.2,0.1,30.457323053881677,30.457323053881677,OK,8.1
Qwen/Qwen2-72B,blackwell,1,524288,Naive,8,317.2,0.1,26.133420961055172,26.133420961055172,OK,7.0
meta-llama/Meta-Llama-3-70B,blackwell,128,131072,Naive,4,5638.8,0.1,135.08322019197524,148.88995328081612,OK,32.6
meta-llama/Meta-Llama-3-70B,blackwell,128,196608,Naive,4,8387.5,0.1,193.1585050277633,207.00692277766353,OK,32.2
meta-llama/Meta-Llama-3-70B,blackwell,128,196608,Naive,8,8387.5,0.1,101.76647679826891,115.25230099715405,OK,31.8
meta-llama/Meta-Llama-3-70B,blackwell,128,131072,Naive,2,5638.8,0.1,265.3333213366213,265.3333213366213,OK,34.9
Qwen/Qwen2-72B,blackwell,1,786432,Naive,1,403.1,0.1,48.40733347146325,48.40733347146325,OK,9.6
Qwen/Qwen2-72B,blackwell,1,786432,Naive,2,403.1,0.1,42.28495341856432,42.28495341856432,OK,10.4
Qwen/Qwen2-72B,blackwell,1,786432,Naive,4,403.1,0.1,33.141677613881676,33.141677613881676,OK,11.1
meta-llama/Meta-Llama-3-70B,blackwell,128,262144,Naive,8,11136.3,0.1,129.4527507081726,144.32399889987465,OK,32.4
Qwen/Qwen2-72B,blackwell,2,131072,Naive,1,231.3,0.1,43.94302290909599,43.94302290909599,OK,3.9
meta-llama/Meta-Llama-3-70B,blackwell,128,262144,Naive,4,11136.3,0.1,254.65143970444615,265.1801428152069,OK,34.5
Qwen/Qwen2-72B,blackwell,1,1048576,Naive,1,489.0,0.1,55.68923577346645,55.68923577346645,OK,11.0
Qwen/Qwen2-72B,blackwell,1,786432,Naive,8,403.1,0.1,27.475598241055177,27.475598241055177,OK,11.2
Qwen/Qwen2-72B,blackwell,2,131072,Naive,2,231.3,0.1,39.76990795801873,39.76990795801873,OK,4.2
meta-llama/Meta-Llama-3-70B,blackwell,128,393216,Naive,8,16633.9,0.1,187.242820054781,202.4682861412336,OK,34.3
Qwen/Qwen2-72B,blackwell,2,131072,Naive,4,231.3,0.1,33.98272036939743,33.98272036939743,OK,4.4
Qwen/Qwen2-72B,blackwell,1,1048576,Naive,4,489.0,0.1,35.82603217388168,35.82603217388168,OK,11.5
Qwen/Qwen2-72B,blackwell,2,131072,Naive,8,231.3,0.1,30.5910625933643,30.5910625933643,OK,3.8
Qwen/Qwen2-72B,blackwell,1,1048576,Naive,2,489.0,0.1,43.24155000956591,43.24155000956591,OK,11.7
meta-llama/Meta-Llama-3-70B,blackwell,128,524288,Naive,8,22131.4,0.1,248.84179568341972,260.5815076913148,OK,37.0
Qwen/Qwen2-72B,blackwell,2,196608,Naive,1,274.2,0.1,44.964991660097574,44.964991660097574,OK,4.6
Qwen/Qwen2-72B,blackwell,2,196608,Naive,2,274.2,0.1,42.45426251801873,42.45426251801873,OK,4.8
Qwen/Qwen2-72B,blackwell,2,196608,Naive,4,274.2,0.1,35.32489764939743,35.32489764939743,OK,4.7
Qwen/Qwen2-72B,blackwell,2,196608,Naive,8,274.2,0.1,31.262151233364296,31.262151233364296,OK,4.6
Qwen/Qwen2-72B,blackwell,2,262144,Naive,1,317.2,0.1,48.60594281109919,48.60594281109919,OK,4.7
Qwen/Qwen2-72B,blackwell,2,262144,Naive,2,317.2,0.1,45.138617078018726,45.138617078018726,OK,4.9
Qwen/Qwen2-72B,blackwell,1,1048576,Naive,8,489.0,0.1,28.817775521055175,28.817775521055175,OK,13.8
Qwen/Qwen2-72B,blackwell,2,262144,Naive,4,317.2,0.1,36.66707492939742,36.66707492939742,OK,5.1
Qwen/Qwen2-72B,blackwell,2,262144,Naive,8,317.2,0.1,31.9332398733643,31.9332398733643,OK,5.4
Qwen/Qwen2-72B,blackwell,2,393216,Naive,1,403.1,0.1,55.88795622611359,55.88795622611359,OK,5.9
Qwen/Qwen2-72B,blackwell,2,393216,Naive,2,403.1,0.1,49.11541295129872,49.11541295129872,OK,6.5
Qwen/Qwen2-72B,blackwell,2,393216,Naive,4,403.1,0.1,39.351429489397425,39.351429489397425,OK,6.5
Qwen/Qwen2-72B,blackwell,2,393216,Naive,8,403.1,0.1,33.275417153364295,33.275417153364295,OK,6.8
Qwen/Qwen2-72B,blackwell,2,524288,Naive,2,489.0,0.1,50.07194221880593,50.07194221880593,OK,7.1
Qwen/Qwen2-72B,blackwell,2,524288,Naive,4,489.0,0.1,42.035784049397414,42.035784049397414,OK,7.4
Qwen/Qwen2-72B,blackwell,2,524288,Naive,1,489.0,0.1,63.169858528116784,63.169858528116784,OK,7.9
Qwen/Qwen2-72B,blackwell,2,524288,Naive,8,489.0,0.1,34.61759443336429,34.61759443336429,OK,7.3
Qwen/Qwen2-72B,blackwell,1,2097152,Naive,1,832.6,0.1,84.81684498147926,84.81684498147926,OK,19.4
Qwen/Qwen2-72B,blackwell,1,2097152,Naive,2,832.6,0.1,47.06793637357233,47.06793637357233,OK,21.5
Qwen/Qwen2-72B,blackwell,2,786432,Naive,2,660.8,0.1,51.98500075382033,51.98500075382033,OK,9.7
Qwen/Qwen2-72B,blackwell,2,786432,Naive,1,660.8,0.1,77.73388535814559,77.73388535814559,OK,10.4
Qwen/Qwen2-72B,blackwell,4,131072,Naive,1,317.2,0.1,48.60996948916638,48.60996948916638,OK,3.7
Qwen/Qwen2-72B,blackwell,2,786432,Naive,4,660.8,0.1,47.40449316939742,47.40449316939742,OK,9.8
Qwen/Qwen2-72B,blackwell,2,786432,Naive,8,660.8,0.1,37.30194899336429,37.30194899336429,OK,9.8
Qwen/Qwen2-72B,blackwell,1,2097152,Naive,8,832.6,0.1,34.18648464105517,34.18648464105517,OK,22.3
Qwen/Qwen2-72B,blackwell,1,2097152,Naive,4,832.6,0.1,44.49365690204808,44.49365690204808,OK,22.5
Qwen/Qwen2-72B,blackwell,4,131072,Naive,4,317.2,0.1,36.67068068939742,36.67068068939742,OK,3.6
Qwen/Qwen2-72B,blackwell,2,1048576,Naive,1,832.6,0.1,92.29768996215198,92.29768996215198,OK,11.4
Qwen/Qwen2-72B,blackwell,4,131072,Naive,2,317.2,0.1,45.14246859801872,45.14246859801872,OK,3.9
Qwen/Qwen2-72B,blackwell,4,131072,Naive,8,317.2,0.1,31.936722753364297,31.936722753364297,OK,3.9
Qwen/Qwen2-72B,blackwell,2,1048576,Naive,2,832.6,0.1,53.89819393582354,53.89819393582354,OK,12.1
Qwen/Qwen2-72B,blackwell,4,196608,Naive,1,403.1,0.1,55.89209401719199,55.89209401719199,OK,4.4
Qwen/Qwen2-72B,blackwell,4,196608,Naive,2,403.1,0.1,49.11919714780433,49.11919714780433,OK,5.0
Qwen/Qwen2-72B,blackwell,4,196608,Naive,4,403.1,0.1,39.35503524939743,39.35503524939743,OK,4.9
Qwen/Qwen2-72B,blackwell,4,196608,Naive,8,403.1,0.1,33.27890003336429,33.27890003336429,OK,4.7
Qwen/Qwen2-72B,blackwell,4,262144,Naive,1,489.0,0.1,63.17399631919518,63.17399631919518,OK,4.5
Qwen/Qwen2-72B,blackwell,2,1048576,Naive,4,832.6,0.1,50.703408777563816,50.703408777563816,OK,12.1
Qwen/Qwen2-72B,blackwell,4,262144,Naive,2,489.0,0.1,50.07565909181712,50.07565909181712,OK,5.0
Qwen/Qwen2-72B,blackwell,4,262144,Naive,4,489.0,0.1,42.03938980939742,42.03938980939742,OK,5.0
Qwen/Qwen2-72B,blackwell,2,1048576,Naive,8,832.6,0.1,39.986303553364294,39.986303553364294,OK,13.7
Qwen/Qwen2-72B,blackwell,4,262144,Naive,8,489.0,0.1,34.6210773133643,34.6210773133643,OK,5.0
Qwen/Qwen2-72B,blackwell,4,393216,Naive,1,660.8,0.1,77.73780092320159,77.73780092320159,OK,6.1
Qwen/Qwen2-72B,blackwell,4,393216,Naive,2,660.8,0.1,51.98865030333713,51.98865030333713,OK,6.0
Qwen/Qwen2-72B,blackwell,4,393216,Naive,4,660.8,0.1,47.40809892939743,47.40809892939743,OK,6.2
Qwen/Qwen2-72B,blackwell,4,393216,Naive,8,660.8,0.1,37.30543187336429,37.30543187336429,OK,6.1
Qwen/Qwen2-72B,blackwell,4,524288,Naive,1,832.6,0.1,92.30160552720798,92.30160552720798,OK,7.5
Qwen/Qwen2-72B,blackwell,4,524288,Naive,8,832.6,0.1,39.9897864333643,39.9897864333643,OK,7.3
Qwen/Qwen2-72B,blackwell,4,524288,Naive,4,832.6,0.1,50.70691355232222,50.70691355232222,OK,7.6
Qwen/Qwen2-72B,blackwell,4,524288,Naive,2,832.6,0.1,53.90184348534033,53.90184348534033,OK,7.9
Qwen/Qwen2-72B,blackwell,4,786432,Naive,1,1176.2,0.1,121.42943696124316,121.42943696124316,OK,9.1
Qwen/Qwen2-72B,blackwell,4,786432,Naive,2,1176.2,0.1,68.32175843886353,68.32175843886353,OK,9.8
Qwen/Qwen2-72B,blackwell,2,2097152,Naive,1,1519.8,0.1,150.5529083781776,150.5529083781776,OK,23.0
Qwen/Qwen2-72B,blackwell,4,786432,Naive,4,1176.2,0.1,52.62000574908383,52.62000574908383,OK,10.6
Qwen/Qwen2-72B,blackwell,4,786432,Naive,8,1176.2,0.1,45.3584955533643,45.3584955533643,OK,10.6
Qwen/Qwen2-72B,blackwell,2,2097152,Naive,4,1519.8,0.1,54.52966049458143,54.52966049458143,OK,24.1
Qwen/Qwen2-72B,blackwell,2,2097152,Naive,2,1519.8,0.1,82.88186970383632,82.88186970383632,OK,24.5
Qwen/Qwen2-72B,blackwell,2,2097152,Naive,8,1519.8,0.1,50.520943428231504,50.520943428231504,OK,24.8
Qwen/Qwen2-72B,blackwell,4,1048576,Naive,1,1519.8,0.1,150.55682394323358,150.55682394323358,OK,11.6
Qwen/Qwen2-72B,blackwell,8,131072,Naive,1,489.0,0.1,63.18193856231838,63.18193856231838,OK,4.0
Qwen/Qwen2-72B,blackwell,8,131072,Naive,2,489.0,0.1,50.08309283783953,50.08309283783953,OK,4.0
Qwen/Qwen2-72B,blackwell,8,131072,Naive,4,489.0,0.1,42.04660132939742,42.04660132939742,OK,4.0
Qwen/Qwen2-72B,blackwell,8,131072,Naive,8,489.0,0.1,34.628043073364296,34.628043073364296,OK,3.9
Qwen/Qwen2-72B,blackwell,4,1048576,Naive,2,1519.8,0.1,82.88556304286992,82.88556304286992,OK,12.4
Qwen/Qwen2-72B,blackwell,4,1048576,Naive,4,1519.8,0.1,54.533165269339825,54.533165269339825,OK,12.2
Qwen/Qwen2-72B,blackwell,8,196608,Naive,1,660.8,0.1,77.74574316632477,77.74574316632477,OK,4.4
Qwen/Qwen2-72B,blackwell,4,1048576,Naive,8,1519.8,0.1,50.52442630823149,50.52442630823149,OK,11.9
Qwen/Qwen2-72B,blackwell,8,196608,Naive,2,660.8,0.1,51.99594940237072,51.99594940237072,OK,4.5
Qwen/Qwen2-72B,blackwell,8,196608,Naive,4,660.8,0.1,47.415310449397424,47.415310449397424,OK,4.6
Qwen/Qwen2-72B,blackwell,8,196608,Naive,8,660.8,0.1,37.312397633364306,37.312397633364306,OK,4.6
Qwen/Qwen2-72B,blackwell,8,262144,Naive,1,832.6,0.1,92.3095477703312,92.3095477703312,OK,4.6
Qwen/Qwen2-72B,blackwell,8,262144,Naive,2,832.6,0.1,53.90894061389073,53.90894061389073,OK,4.8
Qwen/Qwen2-72B,blackwell,8,262144,Naive,4,832.6,0.1,50.71409141057502,50.71409141057502,OK,5.4
Qwen/Qwen2-72B,blackwell,8,262144,Naive,8,832.6,0.1,39.99675219336431,39.99675219336431,OK,5.1
Qwen/Qwen2-72B,blackwell,8,393216,Naive,1,1176.2,0.1,121.43715697834396,121.43715697834396,OK,6.6
Qwen/Qwen2-72B,blackwell,8,393216,Naive,8,1176.2,0.1,45.3654613133643,45.3654613133643,OK,6.1
Qwen/Qwen2-72B,blackwell,8,393216,Naive,4,1176.2,0.1,52.62698163685342,52.62698163685342,OK,6.3
Qwen/Qwen2-72B,blackwell,8,393216,Naive,2,1176.2,0.1,68.32897844741395,68.32897844741395,OK,7.1
Qwen/Qwen2-72B,blackwell,8,524288,Naive,1,1519.8,0.1,150.5647661863568,150.5647661863568,OK,7.3
Qwen/Qwen2-72B,blackwell,8,524288,Naive,2,1519.8,0.1,82.89278305142032,82.89278305142032,OK,7.1
Qwen/Qwen2-72B,blackwell,8,524288,Naive,8,1519.8,0.1,50.531408899105095,50.531408899105095,OK,7.0
Qwen/Qwen2-72B,blackwell,4,2097152,Naive,1,2894.2,0.1,267.06748300130715,267.06748300130715,OK,19.6
Qwen/Qwen2-72B,blackwell,8,524288,Naive,4,1519.8,0.1,54.540073833615025,54.540073833615025,OK,8.0
Qwen/Qwen2-72B,blackwell,4,2097152,Naive,4,2894.2,0.1,76.70117307385823,76.70117307385823,OK,20.9
Qwen/Qwen2-72B,blackwell,8,786432,Naive,1,2207.0,0.1,208.81998460238242,208.81998460238242,OK,9.9
Qwen/Qwen2-72B,blackwell,8,786432,Naive,2,2207.0,0.1,112.02055892894994,112.02055892894994,OK,10.0
Qwen/Qwen2-72B,blackwell,8,786432,Naive,4,2207.0,0.1,62.144366252379825,62.144366252379825,OK,9.8
Qwen/Qwen2-72B,blackwell,4,2097152,Naive,2,2894.2,0.1,141.14078145889553,141.14078145889553,OK,23.7
Qwen/Qwen2-72B,blackwell,16,131072,Naive,1,832.6,0.1,92.47640200464083,92.47640200464083,OK,4.6
Qwen/Qwen2-72B,blackwell,8,786432,Naive,8,2207.0,0.1,52.44450109586669,52.44450109586669,OK,9.9
Qwen/Qwen2-72B,blackwell,16,131072,Naive,2,832.6,0.1,54.07591510622729,54.07591510622729,OK,4.5
Qwen/Qwen2-72B,blackwell,4,2097152,Naive,8,2894.2,0.1,54.350728517869904,54.350728517869904,OK,23.9
Qwen/Qwen2-72B,blackwell,16,131072,Naive,4,832.6,0.1,50.83473526289288,50.83473526289288,OK,4.7
Qwen/Qwen2-72B,blackwell,16,131072,Naive,8,832.6,0.1,40.13291349116173,40.13291349116173,OK,4.3
Qwen/Qwen2-72B,blackwell,16,196608,Naive,1,1176.2,0.1,121.60401121265363,121.60401121265363,OK,5.0
Qwen/Qwen2-72B,blackwell,8,1048576,Naive,1,2894.2,0.1,267.075203018408,267.075203018408,OK,12.0
Qwen/Qwen2-72B,blackwell,8,1048576,Naive,2,2894.2,0.1,141.14816813696274,141.14816813696274,OK,12.0
Qwen/Qwen2-72B,blackwell,8,1048576,Naive,4,2894.2,0.1,76.70817085638622,76.70817085638622,OK,12.0
Qwen/Qwen2-72B,blackwell,8,1048576,Naive,8,2894.2,0.1,54.3575932926283,54.3575932926283,OK,11.8
Qwen/Qwen2-72B,blackwell,16,196608,Naive,4,1176.2,0.1,52.747389856940885,52.747389856940885,OK,4.7
Qwen/Qwen2-72B,blackwell,16,196608,Naive,2,1176.2,0.1,68.49599672926729,68.49599672926729,OK,5.0
Qwen/Qwen2-72B,blackwell,16,196608,Naive,8,1176.2,0.1,45.50162261116173,45.50162261116173,OK,5.1
Qwen/Qwen2-72B,blackwell,16,262144,Naive,2,1519.8,0.1,83.05996800279047,83.05996800279047,OK,5.4
Qwen/Qwen2-72B,blackwell,16,262144,Naive,1,1519.8,0.1,150.73162042066642,150.73162042066642,OK,5.6
Qwen/Qwen2-72B,blackwell,16,262144,Naive,4,1519.8,0.1,54.660381068460886,54.660381068460886,OK,5.9
Qwen/Qwen2-72B,blackwell,16,262144,Naive,8,1519.8,0.1,50.66757019690254,50.66757019690254,OK,5.5
Qwen/Qwen2-72B,blackwell,16,393216,Naive,1,2207.0,0.1,208.98683883669202,208.98683883669202,OK,6.7
Qwen/Qwen2-72B,blackwell,16,393216,Naive,2,2207.0,0.1,112.18774388032008,112.18774388032008,OK,7.1
Qwen/Qwen2-72B,blackwell,16,393216,Naive,8,2207.0,0.1,52.58051091580174,52.58051091580174,OK,7.0
Qwen/Qwen2-72B,blackwell,16,393216,Naive,4,2207.0,0.1,62.26451106198409,62.26451106198409,OK,7.2
Qwen/Qwen2-72B,blackwell,16,524288,Naive,1,2894.2,0.1,267.24205725271764,267.24205725271764,OK,7.3
Qwen/Qwen2-72B,blackwell,16,524288,Naive,8,2894.2,0.1,54.49355261994254,54.49355261994254,OK,7.8
Qwen/Qwen2-72B,blackwell,16,524288,Naive,4,2894.2,0.1,76.82845455725449,76.82845455725449,OK,8.6
Qwen/Qwen2-72B,blackwell,16,524288,Naive,2,2894.2,0.1,141.31535308833287,141.31535308833287,OK,9.1
Qwen/Qwen2-72B,blackwell,8,2097152,Naive,2,5643.0,0.1,257.65860496901394,257.65860496901394,OK,21.4
Qwen/Qwen2-72B,blackwell,16,786432,Naive,2,4268.6,0.1,199.57073817387533,199.57073817387533,OK,9.8
Qwen/Qwen2-72B,blackwell,16,786432,Naive,4,4268.6,0.1,105.95614710002569,105.95614710002569,OK,10.2
Qwen/Qwen2-72B,blackwell,8,2097152,Naive,4,5643.0,0.1,134.96347260717022,134.96347260717022,OK,21.3
Qwen/Qwen2-72B,blackwell,16,786432,Naive,8,4268.6,0.1,58.68986039870733,58.68986039870733,OK,10.0
Qwen/Qwen2-72B,blackwell,8,2097152,Naive,8,5643.0,0.1,73.11781466627309,73.11781466627309,OK,21.5
Qwen/Qwen2-72B,blackwell,32,131072,Naive,1,1519.8,0.1,151.0678981681409,151.0678981681409,OK,5.8
Qwen/Qwen2-72B,blackwell,32,131072,Naive,2,1519.8,0.1,83.3963966326819,83.3963966326819,OK,6.0
Qwen/Qwen2-72B,blackwell,16,1048576,Naive,2,5643.0,0.1,257.825956589901,257.825956589901,OK,12.3
Qwen/Qwen2-72B,blackwell,32,131072,Naive,4,1519.8,0.1,54.90358388689226,54.90358388689226,OK,6.2
Qwen/Qwen2-72B,blackwell,16,1048576,Naive,4,5643.0,0.1,135.08378408629127,135.08378408629127,OK,12.0
Qwen/Qwen2-72B,blackwell,32,131072,Naive,8,1519.8,0.1,50.77548609558054,56.74019410577126,OK,6.2
Qwen/Qwen2-72B,blackwell,32,196608,Naive,1,2207.0,0.1,209.32311658416646,209.32311658416646,OK,6.5
Qwen/Qwen2-72B,blackwell,32,196608,Naive,4,2207.0,0.1,62.507595244690656,62.507595244690656,OK,6.2
Qwen/Qwen2-72B,blackwell,32,196608,Naive,2,2207.0,0.1,112.52428362322273,112.52428362322273,OK,6.7
Qwen/Qwen2-72B,blackwell,32,196608,Naive,8,2207.0,0.1,52.67321069876773,58.65286553069286,OK,6.0
Qwen/Qwen2-72B,blackwell,32,262144,Naive,1,2894.2,0.1,267.57833500019206,267.57833500019206,OK,6.7
Qwen/Qwen2-72B,blackwell,32,262144,Naive,2,2894.2,0.1,141.65205950075233,141.65205950075233,OK,7.1
Qwen/Qwen2-72B,blackwell,16,1048576,Naive,8,5643.0,0.1,73.25374833747213,73.25374833747213,OK,13.8
Qwen/Qwen2-72B,blackwell,32,262144,Naive,8,2894.2,0.1,54.57118776505894,60.56577258784486,OK,7.2
Qwen/Qwen2-72B,blackwell,32,262144,Naive,4,2894.2,0.1,77.07156651821387,77.07156651821387,OK,7.3
Qwen/Qwen2-72B,blackwell,32,393216,Naive,2,4268.6,0.1,199.90744458629473,199.90744458629473,OK,8.6
Qwen/Qwen2-72B,blackwell,32,393216,Naive,4,4268.6,0.1,106.19934239574347,106.19934239574347,OK,8.4
Qwen/Qwen2-72B,blackwell,32,393216,Naive,8,4268.6,0.1,58.73458322249253,64.76195960874726,OK,9.0
Qwen/Qwen2-72B,blackwell,32,524288,Naive,2,5643.0,0.1,258.16271855882593,258.16271855882593,OK,9.1
Qwen/Qwen2-72B,blackwell,32,524288,Naive,4,5643.0,0.1,135.32709049502023,135.32709049502023,OK,9.6
Qwen/Qwen2-72B,blackwell,32,524288,Naive,8,5643.0,0.1,73.18473310516774,79.32588921489125,OK,9.8
Qwen/Qwen2-72B,blackwell,16,2097152,Naive,4,11140.5,0.1,251.59430425310092,251.59430425310092,OK,22.0
Qwen/Qwen2-72B,blackwell,32,786432,Naive,4,8391.7,0.1,193.58239224580427,193.58239224580427,OK,11.6
Qwen/Qwen2-72B,blackwell,16,2097152,Naive,8,11140.5,0.1,131.50903619912972,131.50903619912972,OK,22.2
Qwen/Qwen2-72B,blackwell,32,786432,Naive,8,8391.7,0.1,102.65550428535333,102.65550428535333,OK,11.8
Qwen/Qwen2-72B,blackwell,64,131072,Naive,1,2894.2,0.1,244.83173070786168,275.73758379358685,OK,10.8
Qwen/Qwen2-72B,blackwell,64,131072,Naive,4,2894.2,0.1,71.97421324019778,83.77382294534644,OK,10.8
Qwen/Qwen2-72B,blackwell,64,131072,Naive,2,2894.2,0.1,130.1119941472843,149.16032354655331,OK,11.4
Qwen/Qwen2-72B,blackwell,32,1048576,Naive,4,11140.5,0.1,251.83763844008266,251.83763844008266,OK,14.1
Qwen/Qwen2-72B,blackwell,32,1048576,Naive,8,11140.5,0.1,131.78319682812455,131.78319682812455,OK,13.6
Qwen/Qwen2-72B,blackwell,64,131072,Naive,8,2894.2,0.1,61.12078081518073,61.12078081518073,OK,11.0
Qwen/Qwen2-72B,blackwell,64,196608,Naive,2,4268.6,0.1,182.41325296261874,207.41587530161254,OK,11.5
Qwen/Qwen2-72B,blackwell,64,196608,Naive,4,4268.6,0.1,97.5749843597114,112.90182104889844,OK,11.5
Qwen/Qwen2-72B,blackwell,64,262144,Naive,2,5643.0,0.1,234.29697353390833,265.6712603871549,OK,11.9
Qwen/Qwen2-72B,blackwell,64,196608,Naive,8,4268.6,0.1,65.31668171123192,65.31668171123192,OK,12.7
Qwen/Qwen2-72B,blackwell,64,262144,Naive,4,5643.0,0.1,123.1755610314554,142.02959692642804,OK,12.3
Qwen/Qwen2-72B,blackwell,64,262144,Naive,8,5643.0,0.1,79.88072243038711,79.88072243038711,OK,12.4
Qwen/Qwen2-72B,blackwell,32,2097152,Naive,8,22135.6,0.1,248.29370310580774,248.29370310580774,OK,23.0
Qwen/Qwen2-72B,blackwell,64,393216,Naive,4,8391.7,0.1,174.3766032619322,200.28503756847604,OK,14.2
Qwen/Qwen2-72B,blackwell,64,393216,Naive,8,8391.7,0.1,109.00853997529595,109.00853997529595,OK,13.9
Qwen/Qwen2-72B,blackwell,64,524288,Naive,4,11140.5,0.1,225.57756215765056,258.54033931926,OK,15.1
Qwen/Qwen2-72B,blackwell,64,524288,Naive,8,11140.5,0.1,138.10517385866402,138.10517385866402,OK,15.1
mistralai/Mixtral-8x22B-v0.1,blackwell,1,131072,Naive,1,312.1,0.1,84.75944510296242,84.75944510296242,OK,3.6
mistralai/Mixtral-8x22B-v0.1,blackwell,1,131072,Naive,2,312.1,0.1,21.033598998256643,21.033598998256643,OK,3.6
mistralai/Mixtral-8x22B-v0.1,blackwell,1,131072,Naive,4,312.1,0.1,18.54602328145436,18.54602328145436,OK,3.6
Qwen/Qwen2-72B,blackwell,64,786432,Naive,8,16638.1,0.1,171.06816807707108,196.39158982535668,OK,16.9
mistralai/Mixtral-8x22B-v0.1,blackwell,1,131072,Naive,8,312.1,0.1,17.383892496982615,17.383892496982615,OK,3.7
mistralai/Mixtral-8x22B-v0.1,blackwell,1,196608,Naive,1,327.1,0.1,117.67155710296241,117.67155710296241,OK,4.4
mistralai/Mixtral-8x22B-v0.1,blackwell,1,196608,Naive,2,327.1,0.1,21.973123094256646,21.973123094256646,OK,4.2
Qwen/Qwen2-72B,blackwell,64,1048576,Naive,8,22135.6,0.1,222.26909919453672,254.64687768701432,OK,19.0
mistralai/Mixtral-8x22B-v0.1,blackwell,1,196608,Naive,4,327.1,0.1,19.01578532945436,19.01578532945436,OK,4.2
mistralai/Mixtral-8x22B-v0.1,blackwell,1,196608,Naive,8,327.1,0.1,17.618773520982618,17.618773520982618,OK,4.1
mistralai/Mixtral-8x22B-v0.1,blackwell,1,262144,Naive,1,342.1,0.1,150.58378110296238,150.58378110296238,OK,4.6
mistralai/Mixtral-8x22B-v0.1,blackwell,1,262144,Naive,2,342.1,0.1,22.912647190256646,22.912647190256646,OK,4.7
mistralai/Mixtral-8x22B-v0.1,blackwell,1,262144,Naive,4,342.1,0.1,19.48554737745436,19.48554737745436,OK,4.8
mistralai/Mixtral-8x22B-v0.1,blackwell,1,262144,Naive,8,342.1,0.1,17.853654544982614,17.853654544982614,OK,4.7
mistralai/Mixtral-8x22B-v0.1,blackwell,1,393216,Naive,1,372.2,0.1,216.40811710296242,216.40811710296242,OK,5.9
mistralai/Mixtral-8x22B-v0.1,blackwell,1,393216,Naive,4,372.2,0.1,20.42507147345436,20.42507147345436,OK,5.9
mistralai/Mixtral-8x22B-v0.1,blackwell,1,393216,Naive,2,372.2,0.1,24.791695382256645,24.791695382256645,OK,6.0
mistralai/Mixtral-8x22B-v0.1,blackwell,1,393216,Naive,8,372.2,0.1,18.323416592982614,18.323416592982614,OK,5.9
mistralai/Mixtral-8x22B-v0.1,blackwell,1,524288,Naive,1,402.3,0.1,282.1013811029624,282.1013811029624,OK,7.3
mistralai/Mixtral-8x22B-v0.1,blackwell,1,524288,Naive,2,402.3,0.1,25.32198468744705,25.32198468744705,OK,7.4
mistralai/Mixtral-8x22B-v0.1,blackwell,1,524288,Naive,4,402.3,0.1,21.364595569454355,21.364595569454355,OK,7.2
Qwen/Qwen2-72B,blackwell,128,131072,Naive,8,5643.0,0.1,74.65241179120521,92.6094644987883,OK,29.0
Qwen/Qwen2-72B,blackwell,128,131072,Naive,4,5643.0,0.1,135.2325198086583,149.05519810136275,OK,30.1
mistralai/Mixtral-8x22B-v0.1,blackwell,1,524288,Naive,8,402.3,0.1,18.793178640982617,18.793178640982617,OK,8.3
mistralai/Mixtral-8x22B-v0.1,blackwell,1,786432,Naive,1,462.4,0.1,413.75016510296234,413.75016510296234,OK,8.8
mistralai/Mixtral-8x22B-v0.1,blackwell,1,786432,Naive,2,462.4,0.1,25.991460921809924,25.991460921809924,OK,9.3
Qwen/Qwen2-72B,blackwell,128,196608,Naive,8,8391.7,0.1,102.38012637245549,115.79945394542383,OK,31.2
Qwen/Qwen2-72B,blackwell,128,131072,Naive,2,5643.0,0.1,267.0651873644789,267.0651873644789,OK,34.6
Qwen/Qwen2-72B,blackwell,128,196608,Naive,4,8391.7,0.1,193.310248569861,207.1718003841069,OK,33.1
mistralai/Mixtral-8x22B-v0.1,blackwell,1,786432,Naive,4,462.4,0.1,23.243643761454358,23.243643761454358,OK,9.5
Qwen/Qwen2-72B,blackwell,128,262144,Naive,8,11140.5,0.1,129.92412271969476,144.8711468030704,OK,31.7
mistralai/Mixtral-8x22B-v0.1,blackwell,1,786432,Naive,8,462.4,0.1,19.732702736982613,19.732702736982613,OK,10.3
mistralai/Mixtral-8x22B-v0.1,blackwell,2,131072,Naive,1,342.1,0.1,155.25880261074832,155.25880261074832,OK,4.0
Qwen/Qwen2-72B,blackwell,128,262144,Naive,4,11140.5,0.1,254.8062969937001,265.34536933913694,OK,33.8
mistralai/Mixtral-8x22B-v0.1,blackwell,2,131072,Naive,2,342.1,0.1,27.638542147866133,27.638542147866133,OK,4.2
mistralai/Mixtral-8x22B-v0.1,blackwell,2,131072,Naive,4,342.1,0.1,23.824364917863274,23.824364917863274,OK,4.1
mistralai/Mixtral-8x22B-v0.1,blackwell,2,131072,Naive,8,342.1,0.1,22.019347645273598,22.019347645273598,OK,3.8
mistralai/Mixtral-8x22B-v0.1,blackwell,1,1048576,Naive,1,522.5,0.1,545.2677651029624,545.2677651029624,OK,11.4
mistralai/Mixtral-8x22B-v0.1,blackwell,1,1048576,Naive,2,522.5,0.1,26.661078535511045,26.661078535511045,OK,11.6
Qwen/Qwen2-72B,blackwell,128,393216,Naive,8,16638.1,0.1,187.71552353863422,203.01543722035981,OK,35.1
mistralai/Mixtral-8x22B-v0.1,blackwell,1,1048576,Naive,8,522.5,0.1,20.672226832982616,20.672226832982616,OK,11.9
mistralai/Mixtral-8x22B-v0.1,blackwell,2,196608,Naive,1,372.2,0.1,221.0830266107483,221.0830266107483,OK,4.2
mistralai/Mixtral-8x22B-v0.1,blackwell,2,196608,Naive,2,372.2,0.1,29.517590339866132,29.517590339866132,OK,4.6
mistralai/Mixtral-8x22B-v0.1,blackwell,1,1048576,Naive,4,522.5,0.1,25.12269195345436,25.12269195345436,OK,13.2
mistralai/Mixtral-8x22B-v0.1,blackwell,2,196608,Naive,4,372.2,0.1,24.763889013863277,24.763889013863277,OK,4.6
mistralai/Mixtral-8x22B-v0.1,blackwell,2,262144,Naive,1,402.3,0.1,286.90747461074835,286.90747461074835,OK,4.4
mistralai/Mixtral-8x22B-v0.1,blackwell,2,196608,Naive,8,372.2,0.1,22.489109693273594,22.489109693273594,OK,4.8
mistralai/Mixtral-8x22B-v0.1,blackwell,2,262144,Naive,2,402.3,0.1,30.047832518610452,30.047832518610452,OK,4.7
mistralai/Mixtral-8x22B-v0.1,blackwell,2,262144,Naive,8,402.3,0.1,22.958871741273597,22.958871741273597,OK,5.0
mistralai/Mixtral-8x22B-v0.1,blackwell,2,262144,Naive,4,402.3,0.1,25.703413109863277,25.703413109863277,OK,5.4
Qwen/Qwen2-72B,blackwell,128,524288,Naive,8,22135.6,0.1,249.31580182862996,261.1285161978556,OK,38.1
mistralai/Mixtral-8x22B-v0.1,blackwell,2,393216,Naive,1,462.4,0.1,418.4578426107483,418.4578426107483,OK,6.7
mistralai/Mixtral-8x22B-v0.1,blackwell,2,393216,Naive,2,462.4,0.1,30.71730875297333,30.71730875297333,OK,5.9
mistralai/Mixtral-8x22B-v0.1,blackwell,2,393216,Naive,8,462.4,0.1,23.898395837273593,23.898395837273593,OK,6.1
mistralai/Mixtral-8x22B-v0.1,blackwell,2,393216,Naive,4,462.4,0.1,27.582461301863272,27.582461301863272,OK,6.8
mistralai/Mixtral-8x22B-v0.1,blackwell,2,524288,Naive,1,522.5,0.1,549.9426746107484,549.9426746107484,OK,6.7
mistralai/Mixtral-8x22B-v0.1,blackwell,2,524288,Naive,2,522.5,0.1,31.38692636667445,31.38692636667445,OK,7.0
mistralai/Mixtral-8x22B-v0.1,blackwell,2,524288,Naive,8,522.5,0.1,24.837919933273593,24.837919933273593,OK,7.5
mistralai/Mixtral-8x22B-v0.1,blackwell,2,524288,Naive,4,522.5,0.1,29.461509493863275,29.461509493863275,OK,7.9
mistralai/Mixtral-8x22B-v0.1,blackwell,2,786432,Naive,1,642.8,0.1,813.1419386107484,813.1419386107484,OK,9.0
mistralai/Mixtral-8x22B-v0.1,blackwell,1,2097152,Naive,2,763.0,0.1,35.559509310315526,35.559509310315526,OK,21.3
mistralai/Mixtral-8x22B-v0.1,blackwell,1,2097152,Naive,8,763.0,0.1,24.430323216982615,24.430323216982615,OK,20.8
mistralai/Mixtral-8x22B-v0.1,blackwell,1,2097152,Naive,1,763.0,0.1,1071.5677651029623,1071.5677651029623,OK,22.7
mistralai/Mixtral-8x22B-v0.1,blackwell,2,786432,Naive,4,642.8,0.1,33.21960587786327,33.21960587786327,OK,9.6
mistralai/Mixtral-8x22B-v0.1,blackwell,2,786432,Naive,2,642.8,0.1,35.187900624522776,35.187900624522776,OK,9.8
mistralai/Mixtral-8x22B-v0.1,blackwell,2,786432,Naive,8,642.8,0.1,26.716968125273596,26.716968125273596,OK,9.5
mistralai/Mixtral-8x22B-v0.1,blackwell,4,131072,Naive,1,402.3,0.1,286.9208026107483,286.9208026107483,OK,3.7
mistralai/Mixtral-8x22B-v0.1,blackwell,1,2097152,Naive,4,763.0,0.1,32.35546627472924,32.35546627472924,OK,24.1
mistralai/Mixtral-8x22B-v0.1,blackwell,4,131072,Naive,4,402.3,0.1,25.705937141863277,25.705937141863277,OK,4.0
mistralai/Mixtral-8x22B-v0.1,blackwell,4,131072,Naive,2,402.3,0.1,30.050434329718293,30.050434329718293,OK,4.5
mistralai/Mixtral-8x22B-v0.1,blackwell,4,131072,Naive,8,402.3,0.1,22.961309757273593,22.961309757273593,OK,4.3
mistralai/Mixtral-8x22B-v0.1,blackwell,2,1048576,Naive,1,763.0,0.1,1076.250866610748,1076.250866610748,OK,12.1
mistralai/Mixtral-8x22B-v0.1,blackwell,4,196608,Naive,1,462.4,0.1,418.4381786107483,418.4381786107483,OK,4.3
mistralai/Mixtral-8x22B-v0.1,blackwell,4,196608,Naive,2,462.4,0.1,30.71986343763509,30.71986343763509,OK,4.3
mistralai/Mixtral-8x22B-v0.1,blackwell,4,196608,Naive,4,462.4,0.1,27.584985333863276,27.584985333863276,OK,4.3
mistralai/Mixtral-8x22B-v0.1,blackwell,2,1048576,Naive,8,763.0,0.1,28.59601631727359,28.59601631727359,OK,12.2
mistralai/Mixtral-8x22B-v0.1,blackwell,2,1048576,Naive,4,763.0,0.1,36.69426025191512,36.69426025191512,OK,12.6
mistralai/Mixtral-8x22B-v0.1,blackwell,2,1048576,Naive,2,763.0,0.1,40.28534890458677,40.28534890458677,OK,14.2
mistralai/Mixtral-8x22B-v0.1,blackwell,4,196608,Naive,8,462.4,0.1,23.900833853273593,23.900833853273593,OK,4.6
mistralai/Mixtral-8x22B-v0.1,blackwell,4,262144,Naive,1,522.5,0.1,550.0624986107483,550.0624986107483,OK,5.2
mistralai/Mixtral-8x22B-v0.1,blackwell,4,262144,Naive,2,522.5,0.1,31.38948105133621,31.38948105133621,OK,4.9
mistralai/Mixtral-8x22B-v0.1,blackwell,4,262144,Naive,8,522.5,0.1,24.840357949273596,24.840357949273596,OK,4.6
mistralai/Mixtral-8x22B-v0.1,blackwell,4,262144,Naive,4,522.5,0.1,29.464033525863275,29.464033525863275,OK,5.3
mistralai/Mixtral-8x22B-v0.1,blackwell,4,393216,Naive,1,642.8,0.1,813.1550426107483,813.1550426107483,OK,6.8
mistralai/Mixtral-8x22B-v0.1,blackwell,4,393216,Naive,4,642.8,0.1,33.22212990986327,33.22212990986327,OK,6.7
mistralai/Mixtral-8x22B-v0.1,blackwell,4,393216,Naive,2,642.8,0.1,35.19048596184629,35.19048596184629,OK,7.2
mistralai/Mixtral-8x22B-v0.1,blackwell,4,393216,Naive,8,642.8,0.1,26.719406141273595,26.719406141273595,OK,6.5
mistralai/Mixtral-8x22B-v0.1,blackwell,4,524288,Naive,1,763.0,0.1,1076.2639706107484,1076.2639706107484,OK,6.7
mistralai/Mixtral-8x22B-v0.1,blackwell,4,524288,Naive,2,763.0,0.1,40.28785646280246,40.28785646280246,OK,6.9
mistralai/Mixtral-8x22B-v0.1,blackwell,4,524288,Naive,4,763.0,0.1,36.696807847138146,36.696807847138146,OK,6.9
mistralai/Mixtral-8x22B-v0.1,blackwell,4,524288,Naive,8,763.0,0.1,28.598454333273597,28.598454333273597,OK,7.1
mistralai/Mixtral-8x22B-v0.1,blackwell,2,2097152,Naive,1,1244.1,0.1,2128.8754426107485,2128.8754426107485,OK,20.9
mistralai/Mixtral-8x22B-v0.1,blackwell,2,2097152,Naive,2,1244.1,0.1,60.67463646064181,60.67463646064181,OK,22.5
mistralai/Mixtral-8x22B-v0.1,blackwell,4,786432,Naive,1,1003.6,0.1,1602.621538610748,1602.621538610748,OK,10.3
mistralai/Mixtral-8x22B-v0.1,blackwell,2,2097152,Naive,8,1244.1,0.1,36.1122090852736,36.1122090852736,OK,22.2
mistralai/Mixtral-8x22B-v0.1,blackwell,8,131072,Naive,1,522.5,0.1,550.0891546107486,550.0891546107486,OK,3.7
mistralai/Mixtral-8x22B-v0.1,blackwell,2,2097152,Naive,4,1244.1,0.1,39.37266001705048,39.37266001705048,OK,22.7
mistralai/Mixtral-8x22B-v0.1,blackwell,4,786432,Naive,2,1003.6,0.1,50.48259746471477,50.48259746471477,OK,10.9
mistralai/Mixtral-8x22B-v0.1,blackwell,4,786432,Naive,8,1003.6,0.1,32.35655071727359,32.35655071727359,OK,10.4
mistralai/Mixtral-8x22B-v0.1,blackwell,4,786432,Naive,4,1003.6,0.1,38.03590169520215,38.03590169520215,OK,11.2
mistralai/Mixtral-8x22B-v0.1,blackwell,8,131072,Naive,2,522.5,0.1,31.39449616776757,31.39449616776757,OK,4.0
mistralai/Mixtral-8x22B-v0.1,blackwell,8,131072,Naive,4,522.5,0.1,29.46908158986328,29.46908158986328,OK,3.8
mistralai/Mixtral-8x22B-v0.1,blackwell,8,131072,Naive,8,522.5,0.1,24.845233981273594,24.845233981273594,OK,3.9
mistralai/Mixtral-8x22B-v0.1,blackwell,8,196608,Naive,1,642.8,0.1,813.1730586107484,813.1730586107484,OK,4.2
mistralai/Mixtral-8x22B-v0.1,blackwell,4,1048576,Naive,2,1244.1,0.1,60.67726068751925,60.67726068751925,OK,12.1
mistralai/Mixtral-8x22B-v0.1,blackwell,8,196608,Naive,4,642.8,0.1,33.22717797386328,33.22717797386328,OK,4.4
mistralai/Mixtral-8x22B-v0.1,blackwell,8,196608,Naive,2,642.8,0.1,35.19553996783158,35.19553996783158,OK,4.5
mistralai/Mixtral-8x22B-v0.1,blackwell,4,1048576,Naive,1,1244.1,0.1,2128.896738610749,2128.896738610749,OK,12.6
mistralai/Mixtral-8x22B-v0.1,blackwell,8,196608,Naive,8,642.8,0.1,26.724282173273593,26.724282173273593,OK,4.6
mistralai/Mixtral-8x22B-v0.1,blackwell,8,262144,Naive,1,763.0,0.1,1076.4135066107483,1076.4135066107483,OK,4.6
mistralai/Mixtral-8x22B-v0.1,blackwell,4,1048576,Naive,8,1244.1,0.1,36.11464710127359,36.11464710127359,OK,13.3
mistralai/Mixtral-8x22B-v0.1,blackwell,4,1048576,Naive,4,1244.1,0.1,39.37511335938135,39.37511335938135,OK,13.7
mistralai/Mixtral-8x22B-v0.1,blackwell,8,262144,Naive,2,763.0,0.1,40.29294935834166,40.29294935834166,OK,5.2
mistralai/Mixtral-8x22B-v0.1,blackwell,8,262144,Naive,4,763.0,0.1,36.70185591113815,36.70185591113815,OK,5.1
mistralai/Mixtral-8x22B-v0.1,blackwell,8,262144,Naive,8,763.0,0.1,28.603330365273596,28.603330365273596,OK,5.3
mistralai/Mixtral-8x22B-v0.1,blackwell,8,393216,Naive,1,1003.6,0.1,1602.6477466107483,1602.6477466107483,OK,5.9
mistralai/Mixtral-8x22B-v0.1,blackwell,8,393216,Naive,2,1003.6,0.1,50.48765147070006,50.48765147070006,OK,5.9
mistralai/Mixtral-8x22B-v0.1,blackwell,8,393216,Naive,4,1003.6,0.1,38.04085550631,38.04085550631,OK,6.4
mistralai/Mixtral-8x22B-v0.1,blackwell,8,393216,Naive,8,1003.6,0.1,32.3614267492736,32.3614267492736,OK,6.6
mistralai/Mixtral-8x22B-v0.1,blackwell,8,524288,Naive,2,1244.1,0.1,60.68231469350452,60.68231469350452,OK,7.0
mistralai/Mixtral-8x22B-v0.1,blackwell,8,524288,Naive,1,1244.1,0.1,2128.914754610748,2128.914754610748,OK,7.3
mistralai/Mixtral-8x22B-v0.1,blackwell,8,524288,Naive,4,1244.1,0.1,39.38002004404312,39.38002004404312,OK,7.6
mistralai/Mixtral-8x22B-v0.1,blackwell,8,524288,Naive,8,1244.1,0.1,36.1195231332736,36.1195231332736,OK,8.1
mistralai/Mixtral-8x22B-v0.1,blackwell,4,2097152,Naive,4,2206.1,0.1,52.7655625873212,52.7655625873212,OK,21.4
mistralai/Mixtral-8x22B-v0.1,blackwell,4,2097152,Naive,1,2206.1,0.1,4234.1540826107475,4234.1540826107475,OK,23.2
mistralai/Mixtral-8x22B-v0.1,blackwell,8,786432,Naive,1,1725.1,0.1,3181.5807386107485,3181.5807386107485,OK,10.3
mistralai/Mixtral-8x22B-v0.1,blackwell,4,2097152,Naive,2,2206.1,0.1,101.45591357873718,101.45591357873718,OK,23.0
mistralai/Mixtral-8x22B-v0.1,blackwell,8,786432,Naive,2,1725.1,0.1,81.07171891822134,81.07171891822134,OK,10.9
mistralai/Mixtral-8x22B-v0.1,blackwell,8,786432,Naive,8,1725.1,0.1,40.79640643301121,40.79640643301121,OK,9.4
mistralai/Mixtral-8x22B-v0.1,blackwell,16,131072,Naive,1,763.0,0.1,1076.584149312141,1076.584149312141,OK,4.4
mistralai/Mixtral-8x22B-v0.1,blackwell,8,786432,Naive,4,1725.1,0.1,42.57572003317847,42.57572003317847,OK,10.9
mistralai/Mixtral-8x22B-v0.1,blackwell,16,131072,Naive,2,763.0,0.1,40.387981208453176,40.387981208453176,OK,4.1
mistralai/Mixtral-8x22B-v0.1,blackwell,4,2097152,Naive,8,2206.1,0.1,42.130765628413435,42.130765628413435,OK,24.8
mistralai/Mixtral-8x22B-v0.1,blackwell,16,131072,Naive,8,763.0,0.1,28.680185322539277,28.680185322539277,OK,3.9
mistralai/Mixtral-8x22B-v0.1,blackwell,16,131072,Naive,4,763.0,0.1,36.77545634249597,36.77545634249597,OK,4.2
mistralai/Mixtral-8x22B-v0.1,blackwell,16,196608,Naive,1,1003.6,0.1,1602.8174933121413,1602.8174933121413,OK,4.4
mistralai/Mixtral-8x22B-v0.1,blackwell,8,1048576,Naive,1,2206.1,0.1,4234.180290610747,4234.180290610747,OK,11.5
mistralai/Mixtral-8x22B-v0.1,blackwell,8,1048576,Naive,2,2206.1,0.1,101.4610453638303,101.4610453638303,OK,11.7
mistralai/Mixtral-8x22B-v0.1,blackwell,16,196608,Naive,2,1003.6,0.1,50.582761099919416,50.582761099919416,OK,4.3
mistralai/Mixtral-8x22B-v0.1,blackwell,16,196608,Naive,4,1003.6,0.1,38.114314558329575,38.114314558329575,OK,4.4
mistralai/Mixtral-8x22B-v0.1,blackwell,16,196608,Naive,8,1003.6,0.1,32.43828170653928,32.43828170653928,OK,4.5
mistralai/Mixtral-8x22B-v0.1,blackwell,8,1048576,Naive,4,2206.1,0.1,52.770441590313844,52.770441590313844,OK,12.3
mistralai/Mixtral-8x22B-v0.1,blackwell,16,262144,Naive,1,1244.1,0.1,2129.2164693121413,2129.2164693121413,OK,4.9
mistralai/Mixtral-8x22B-v0.1,blackwell,8,1048576,Naive,8,2206.1,0.1,42.135606315578876,42.135606315578876,OK,13.2
mistralai/Mixtral-8x22B-v0.1,blackwell,16,262144,Naive,4,1244.1,0.1,39.45340840639358,39.45340840639358,OK,5.5
mistralai/Mixtral-8x22B-v0.1,blackwell,16,262144,Naive,2,1244.1,0.1,60.77742432272391,60.77742432272391,OK,5.7
mistralai/Mixtral-8x22B-v0.1,blackwell,16,262144,Naive,8,1244.1,0.1,36.19637809053928,36.19637809053928,OK,5.0
mistralai/Mixtral-8x22B-v0.1,blackwell,16,393216,Naive,1,1725.1,0.1,3181.750485312141,3181.750485312141,OK,6.1
mistralai/Mixtral-8x22B-v0.1,blackwell,16,393216,Naive,4,1725.1,0.1,42.64903358741374,42.64903358741374,OK,6.4
mistralai/Mixtral-8x22B-v0.1,blackwell,16,393216,Naive,2,1725.1,0.1,81.16686743699461,81.16686743699461,OK,6.5
mistralai/Mixtral-8x22B-v0.1,blackwell,16,393216,Naive,8,1725.1,0.1,40.873237827053835,40.873237827053835,OK,6.2
mistralai/Mixtral-8x22B-v0.1,blackwell,16,524288,Naive,2,2206.1,0.1,101.55619388260358,101.55619388260358,OK,7.2
mistralai/Mixtral-8x22B-v0.1,blackwell,16,524288,Naive,1,2206.1,0.1,4234.350037312141,4234.350037312141,OK,8.1
mistralai/Mixtral-8x22B-v0.1,blackwell,16,524288,Naive,4,2206.1,0.1,52.84377458932606,52.84377458932606,OK,8.5
mistralai/Mixtral-8x22B-v0.1,blackwell,16,524288,Naive,8,2206.1,0.1,42.21235523834088,42.21235523834088,OK,8.5
mistralai/Mixtral-8x22B-v0.1,blackwell,16,786432,Naive,1,3168.2,0.1,6339.591893312142,6339.591893312142,OK,9.2
mistralai/Mixtral-8x22B-v0.1,blackwell,8,2097152,Naive,8,4130.3,0.1,48.9165861035187,48.9165861035187,OK,21.3
mistralai/Mixtral-8x22B-v0.1,blackwell,32,131072,Naive,1,1244.1,0.1,2129.6568944825904,2129.6568944825904,OK,4.6
mistralai/Mixtral-8x22B-v0.1,blackwell,16,786432,Naive,2,3168.2,0.1,142.33484677382148,142.33484677382148,OK,10.2
mistralai/Mixtral-8x22B-v0.1,blackwell,16,786432,Naive,8,3168.2,0.1,44.89069609541864,44.89069609541864,OK,9.5
mistralai/Mixtral-8x22B-v0.1,blackwell,16,786432,Naive,4,3168.2,0.1,73.23315936926589,73.23315936926589,OK,9.8
mistralai/Mixtral-8x22B-v0.1,blackwell,32,131072,Naive,2,1244.1,0.1,59.81766154393223,65.69334857895612,OK,4.8
mistralai/Mixtral-8x22B-v0.1,blackwell,8,2097152,Naive,2,4130.3,0.1,183.01839003582006,183.01839003582006,OK,24.3
mistralai/Mixtral-8x22B-v0.1,blackwell,32,131072,Naive,4,1244.1,0.1,38.49335647294523,43.92260807616119,OK,4.8
mistralai/Mixtral-8x22B-v0.1,blackwell,32,131072,Naive,8,1244.1,0.1,35.39192277357281,40.498387649863794,OK,4.7
mistralai/Mixtral-8x22B-v0.1,blackwell,8,2097152,Naive,4,4130.3,0.1,93.54915281586263,93.54915281586263,OK,24.5
mistralai/Mixtral-8x22B-v0.1,blackwell,32,196608,Naive,1,1725.1,0.1,3182.0908144825903,3182.0908144825903,OK,5.8
mistralai/Mixtral-8x22B-v0.1,blackwell,16,1048576,Naive,4,4130.3,0.1,93.62254414920574,93.62254414920574,OK,12.3
mistralai/Mixtral-8x22B-v0.1,blackwell,16,1048576,Naive,8,4130.3,0.1,48.99326227738855,48.99326227738855,OK,12.0
mistralai/Mixtral-8x22B-v0.1,blackwell,32,196608,Naive,4,1725.1,0.1,41.48908462797882,47.118044751397015,OK,5.4
mistralai/Mixtral-8x22B-v0.1,blackwell,32,196608,Naive,8,1725.1,0.1,39.77640440513249,45.17516491509771,OK,5.4
mistralai/Mixtral-8x22B-v0.1,blackwell,16,1048576,Naive,2,4130.3,0.1,183.11361633370115,183.11361633370115,OK,14.4
mistralai/Mixtral-8x22B-v0.1,blackwell,32,196608,Naive,2,1725.1,0.1,79.56997709633158,86.08283058278076,OK,5.9
mistralai/Mixtral-8x22B-v0.1,blackwell,32,262144,Naive,4,2206.1,0.1,51.3038422513176,57.32890959784235,OK,5.6
mistralai/Mixtral-8x22B-v0.1,blackwell,32,262144,Naive,1,2206.1,0.1,4234.79865448259,4234.79865448259,OK,6.0
mistralai/Mixtral-8x22B-v0.1,blackwell,32,262144,Naive,2,2206.1,0.1,99.9285636779124,106.47223480749756,OK,6.2
mistralai/Mixtral-8x22B-v0.1,blackwell,32,262144,Naive,8,2206.1,0.1,41.03171358020321,46.514152728658026,OK,5.8
mistralai/Mixtral-8x22B-v0.1,blackwell,32,393216,Naive,4,3168.2,0.1,71.77935493345008,77.71837215689004,OK,7.0
mistralai/Mixtral-8x22B-v0.1,blackwell,32,393216,Naive,1,3168.2,0.1,6339.95679848259,6339.95679848259,OK,7.5
mistralai/Mixtral-8x22B-v0.1,blackwell,32,393216,Naive,2,3168.2,0.1,140.67643781554824,147.25088769871547,OK,8.0
mistralai/Mixtral-8x22B-v0.1,blackwell,32,393216,Naive,8,3168.2,0.1,43.54254399935201,49.19236398800907,OK,7.4
mistralai/Mixtral-8x22B-v0.1,blackwell,32,524288,Naive,2,4130.3,0.1,182.06163396282506,188.029735037703,OK,7.9
mistralai/Mixtral-8x22B-v0.1,blackwell,32,524288,Naive,8,4130.3,0.1,47.38866537706209,53.294894825144425,OK,8.3
mistralai/Mixtral-8x22B-v0.1,blackwell,32,524288,Naive,4,4130.3,0.1,91.53161215151856,98.10779582638379,OK,8.8
mistralai/Mixtral-8x22B-v0.1,blackwell,16,2097152,Naive,4,7978.6,0.1,175.17988882119548,175.17988882119548,OK,21.6
mistralai/Mixtral-8x22B-v0.1,blackwell,64,131072,Naive,1,2206.1,0.1,4235.715643115008,4235.715643115008,OK,7.7
mistralai/Mixtral-8x22B-v0.1,blackwell,32,786432,Naive,4,6054.4,0.1,131.91427448829168,138.88656538626347,OK,10.9
mistralai/Mixtral-8x22B-v0.1,blackwell,32,786432,Naive,8,6054.4,0.1,66.50375614370527,73.68432821702666,OK,10.9
mistralai/Mixtral-8x22B-v0.1,blackwell,64,131072,Naive,8,2206.1,0.1,45.899882799649326,50.98890808519849,OK,6.8
mistralai/Mixtral-8x22B-v0.1,blackwell,64,131072,Naive,2,2206.1,0.1,106.85835739210644,106.85835739210644,OK,7.8
mistralai/Mixtral-8x22B-v0.1,blackwell,64,131072,Naive,4,2206.1,0.1,57.00735892641995,61.94837530073351,OK,7.7
mistralai/Mixtral-8x22B-v0.1,blackwell,32,786432,Naive,2,6054.4,0.1,264.86245500497546,264.86245500497546,OK,12.0
mistralai/Mixtral-8x22B-v0.1,blackwell,16,2097152,Naive,8,7978.6,0.1,89.77197350293734,89.77197350293734,OK,24.2
mistralai/Mixtral-8x22B-v0.1,blackwell,32,1048576,Naive,8,7978.6,0.1,87.24460107800596,94.09059933391678,OK,13.2
mistralai/Mixtral-8x22B-v0.1,blackwell,64,196608,Naive,1,3168.2,0.1,6340.616251115009,6340.616251115009,OK,8.5
mistralai/Mixtral-8x22B-v0.1,blackwell,32,1048576,Naive,4,7978.6,0.1,172.93398660782833,179.66519883270442,OK,13.6
mistralai/Mixtral-8x22B-v0.1,blackwell,64,196608,Naive,2,3168.2,0.1,147.63712695198612,147.63712695198612,OK,8.3
mistralai/Mixtral-8x22B-v0.1,blackwell,64,196608,Naive,4,3168.2,0.1,78.000418448811,78.000418448811,OK,7.6
mistralai/Mixtral-8x22B-v0.1,blackwell,64,196608,Naive,8,3168.2,0.1,48.46279146263813,53.66688371231913,OK,8.1
mistralai/Mixtral-8x22B-v0.1,blackwell,64,262144,Naive,2,4130.3,0.1,188.4158965118658,188.4158965118658,OK,8.5
mistralai/Mixtral-8x22B-v0.1,blackwell,64,262144,Naive,4,4130.3,0.1,98.40596596283777,98.40596596283777,OK,8.4
mistralai/Mixtral-8x22B-v0.1,blackwell,64,262144,Naive,8,4130.3,0.1,52.6069786306586,57.76931617811624,OK,8.2
mistralai/Mixtral-8x22B-v0.1,blackwell,64,393216,Naive,4,6054.4,0.1,139.18483274660224,139.18483274660224,OK,9.7
mistralai/Mixtral-8x22B-v0.1,blackwell,64,393216,Naive,2,6054.4,0.1,269.9732800734095,269.9732800734095,OK,10.2
mistralai/Mixtral-8x22B-v0.1,blackwell,64,393216,Naive,8,6054.4,0.1,73.80607085861723,78.15920050531973,OK,10.0
mistralai/Mixtral-8x22B-v0.1,blackwell,64,524288,Naive,4,7978.6,0.1,179.96348563782016,179.96348563782016,OK,10.7
mistralai/Mixtral-8x22B-v0.1,blackwell,32,2097152,Naive,8,15675.2,0.1,167.963093006244,175.64798289546044,OK,21.6
mistralai/Mixtral-8x22B-v0.1,blackwell,64,524288,Naive,8,7978.6,0.1,94.38415008252251,94.38415008252251,OK,11.2
mistralai/Mixtral-8x22B-v0.1,blackwell,64,786432,Naive,4,11826.9,0.1,261.52081086503296,261.52081086503296,OK,12.9
Qwen/Qwen3-235B-A22B,blackwell,1,131072,Naive,1,495.2,0.1,156.41517481860615,156.41517481860615,OK,3.5
mistralai/Mixtral-8x22B-v0.1,blackwell,64,786432,Naive,8,11826.9,0.1,135.17979625696398,135.17979625696398,OK,13.4
Qwen/Qwen3-235B-A22B,blackwell,1,131072,Naive,2,495.2,0.1,92.01323899978958,92.01323899978958,OK,3.8
mistralai/Mixtral-8x22B-v0.1,blackwell,128,131072,Naive,8,4130.3,0.1,54.432809464939155,66.72281251150706,OK,14.2
Qwen/Qwen3-235B-A22B,blackwell,1,131072,Naive,4,495.2,0.1,27.52061190771796,27.52061190771796,OK,3.7
mistralai/Mixtral-8x22B-v0.1,blackwell,64,1048576,Naive,8,15675.2,0.1,175.95850748251277,175.95850748251277,OK,16.4
mistralai/Mixtral-8x22B-v0.1,blackwell,128,131072,Naive,4,4130.3,0.1,100.77777990533124,107.6698701401784,OK,16.0
Qwen/Qwen3-235B-A22B,blackwell,1,196608,Naive,1,507.8,0.1,225.16119615193952,225.16119615193952,OK,4.2
mistralai/Mixtral-8x22B-v0.1,blackwell,128,131072,Naive,2,4130.3,0.1,175.71551048238814,193.61467478275972,OK,17.5
Qwen/Qwen3-235B-A22B,blackwell,1,196608,Naive,2,507.8,0.1,126.38624966645622,126.38624966645622,OK,4.5
mistralai/Mixtral-8x22B-v0.1,blackwell,128,196608,Naive,8,6054.4,0.1,75.41155251622212,82.9502634724095,OK,16.4
Qwen/Qwen3-235B-A22B,blackwell,1,196608,Naive,4,507.8,0.1,27.91487648371796,27.91487648371796,OK,4.6
mistralai/Mixtral-8x22B-v0.1,blackwell,128,196608,Naive,2,6054.4,0.1,260.36899518305313,275.0150229521728,OK,18.4
mistralai/Mixtral-8x22B-v0.1,blackwell,128,196608,Naive,4,6054.4,0.1,126.71104256076198,143.9095506900675,OK,17.5
Qwen/Qwen3-235B-A22B,blackwell,1,262144,Naive,1,520.5,0.1,293.89108415193954,293.89108415193954,OK,5.2
Qwen/Qwen3-235B-A22B,blackwell,1,262144,Naive,2,520.5,0.1,160.75119366645623,160.75119366645623,OK,4.7
Qwen/Qwen3-235B-A22B,blackwell,1,262144,Naive,4,520.5,0.1,28.309141059717955,28.309141059717955,OK,5.0
mistralai/Mixtral-8x22B-v0.1,blackwell,128,262144,Naive,4,7978.6,0.1,164.60383169873558,184.60882926225347,OK,18.1
Qwen/Qwen3-235B-A22B,blackwell,1,393216,Naive,2,545.7,0.1,229.48095633312298,229.48095633312298,OK,5.8
Qwen/Qwen3-235B-A22B,blackwell,1,393216,Naive,1,545.7,0.1,431.3506094852728,431.3506094852728,OK,6.3
mistralai/Mixtral-8x22B-v0.1,blackwell,128,262144,Naive,8,7978.6,0.1,96.5909277023069,103.3407664600304,OK,17.2
Qwen/Qwen3-235B-A22B,blackwell,1,393216,Naive,4,545.7,0.1,29.097670211717958,29.097670211717958,OK,6.0
mistralai/Mixtral-8x22B-v0.1,blackwell,128,393216,Naive,8,11826.9,0.1,139.93954489530097,139.93954489530097,OK,18.8
Qwen/Qwen3-235B-A22B,blackwell,1,524288,Naive,1,570.9,0.1,568.8756708186063,568.8756708186063,OK,6.7
Qwen/Qwen3-235B-A22B,blackwell,1,524288,Naive,2,570.9,0.1,298.24348699978964,298.24348699978964,OK,7.0
mistralai/Mixtral-8x22B-v0.1,blackwell,128,393216,Naive,4,11826.9,0.1,248.3196183148678,266.00833402432795,OK,20.7
Qwen/Qwen3-235B-A22B,blackwell,1,524288,Naive,4,570.9,0.1,29.88619936371796,29.88619936371796,OK,8.2
mistralai/Mixtral-8x22B-v0.1,blackwell,128,524288,Naive,8,15675.2,0.1,160.0282537452808,180.44201919347753,OK,21.1
Qwen/Qwen3-235B-A22B,blackwell,2,131072,Naive,1,520.5,0.1,298.5728287553031,298.5728287553031,OK,3.6
Qwen/Qwen3-235B-A22B,blackwell,1,786432,Naive,1,621.4,0.1,843.8113561519393,843.8113561519393,OK,9.0
Qwen/Qwen3-235B-A22B,blackwell,2,131072,Naive,2,520.5,0.1,166.5123369817823,166.5123369817823,OK,3.6
Qwen/Qwen3-235B-A22B,blackwell,1,786432,Naive,2,621.4,0.1,435.7113296664562,435.7113296664562,OK,9.9
Qwen/Qwen3-235B-A22B,blackwell,1,786432,Naive,4,621.4,0.1,31.463257667717958,31.463257667717958,OK,10.1
Qwen/Qwen3-235B-A22B,blackwell,2,131072,Naive,4,520.5,0.1,34.929932124692776,34.929932124692776,OK,4.3
Qwen/Qwen3-235B-A22B,blackwell,2,196608,Naive,1,545.7,0.1,436.0402954219697,436.0402954219697,OK,4.3
mistralai/Mixtral-8x22B-v0.1,blackwell,128,786432,Naive,8,23371.7,0.1,242.68043790927052,261.8576501775706,OK,24.4
Qwen/Qwen3-235B-A22B,blackwell,2,196608,Naive,2,545.7,0.1,235.24607031511565,235.24607031511565,OK,4.4
Qwen/Qwen3-235B-A22B,blackwell,1,1048576,Naive,1,671.9,0.1,1118.7959428186061,1118.7959428186061,OK,11.3
Qwen/Qwen3-235B-A22B,blackwell,2,196608,Naive,4,545.7,0.1,35.71846127669277,35.71846127669277,OK,4.6
Qwen/Qwen3-235B-A22B,blackwell,2,262144,Naive,1,570.9,0.1,573.5492234219696,573.5492234219696,OK,4.6
Qwen/Qwen3-235B-A22B,blackwell,1,1048576,Naive,2,671.9,0.1,573.2036229997894,573.2036229997894,OK,11.8
Qwen/Qwen3-235B-A22B,blackwell,2,262144,Naive,2,570.9,0.1,304.00053431511566,304.00053431511566,OK,4.8
Qwen/Qwen3-235B-A22B,blackwell,2,262144,Naive,4,570.9,0.1,36.506990428692774,36.506990428692774,OK,4.9
Qwen/Qwen3-235B-A22B,blackwell,1,1048576,Naive,4,671.9,0.1,33.04031597171796,33.04031597171796,OK,12.9
Qwen/Qwen3-235B-A22B,blackwell,2,393216,Naive,1,621.4,0.1,848.4805620886364,848.4805620886364,OK,6.2
Qwen/Qwen3-235B-A22B,blackwell,2,393216,Naive,2,621.4,0.1,441.46620364844904,441.46620364844904,OK,7.1
Qwen/Qwen3-235B-A22B,blackwell,2,393216,Naive,4,621.4,0.1,38.08404873269278,38.08404873269278,OK,7.2
Qwen/Qwen3-235B-A22B,blackwell,2,524288,Naive,1,671.9,0.1,1123.481532755303,1123.481532755303,OK,7.8
Qwen/Qwen3-235B-A22B,blackwell,2,524288,Naive,2,671.9,0.1,578.9666889817822,578.9666889817822,OK,7.2
Qwen/Qwen3-235B-A22B,blackwell,2,524288,Naive,4,671.9,0.1,39.661107036692776,39.661107036692776,OK,7.7
Qwen/Qwen3-235B-A22B,blackwell,4,131072,Naive,1,570.9,0.1,573.5900247553031,573.5900247553031,OK,3.6
Qwen/Qwen3-235B-A22B,blackwell,2,786432,Naive,1,772.8,0.1,1673.3897674219695,1673.3897674219695,OK,9.3
Qwen/Qwen3-235B-A22B,blackwell,1,2097152,Naive,1,873.7,0.1,2218.6364868186065,2218.6364868186065,OK,19.4
Qwen/Qwen3-235B-A22B,blackwell,4,131072,Naive,2,570.9,0.1,304.02290898178234,304.02290898178234,OK,3.7
Qwen/Qwen3-235B-A22B,blackwell,4,131072,Naive,4,570.9,0.1,36.51108281269278,36.51108281269278,OK,3.6
Qwen/Qwen3-235B-A22B,blackwell,2,786432,Naive,4,772.8,0.1,42.28116529835037,42.28116529835037,OK,9.8
Qwen/Qwen3-235B-A22B,blackwell,1,2097152,Naive,2,873.7,0.1,1123.1238949997894,1123.1238949997894,OK,20.9
Qwen/Qwen3-235B-A22B,blackwell,2,786432,Naive,2,772.8,0.1,853.9208063151157,853.9208063151157,OK,11.1
Qwen/Qwen3-235B-A22B,blackwell,4,196608,Naive,1,621.4,0.1,848.5249580886364,848.5249580886364,OK,4.1
Qwen/Qwen3-235B-A22B,blackwell,4,196608,Naive,2,621.4,0.1,441.4903756484489,441.4903756484489,OK,4.2
Qwen/Qwen3-235B-A22B,blackwell,2,1048576,Naive,1,873.7,0.1,2223.322076755303,2223.322076755303,OK,12.5
Qwen/Qwen3-235B-A22B,blackwell,4,196608,Naive,4,621.4,0.1,38.088141116692775,38.088141116692775,OK,4.9
Qwen/Qwen3-235B-A22B,blackwell,2,1048576,Naive,2,873.7,0.1,1128.8869609817823,1128.8869609817823,OK,13.1
Qwen/Qwen3-235B-A22B,blackwell,4,262144,Naive,1,671.9,0.1,1123.4977580886366,1123.4977580886366,OK,4.8
Qwen/Qwen3-235B-A22B,blackwell,4,262144,Naive,2,671.9,0.1,578.976775648449,578.976775648449,OK,5.0
Qwen/Qwen3-235B-A22B,blackwell,1,2097152,Naive,4,873.7,0.1,36.22233517803603,36.22233517803603,OK,23.4
Qwen/Qwen3-235B-A22B,blackwell,2,1048576,Naive,4,873.7,0.1,42.84310646673437,42.84310646673437,OK,13.3
Qwen/Qwen3-235B-A22B,blackwell,4,262144,Naive,4,671.9,0.1,39.66519942069278,39.66519942069278,OK,5.4
Qwen/Qwen3-235B-A22B,blackwell,4,393216,Naive,1,772.8,0.1,1673.4136834219698,1673.4136834219698,OK,5.9
Qwen/Qwen3-235B-A22B,blackwell,4,393216,Naive,2,772.8,0.1,853.9347383151157,853.9347383151157,OK,6.4
Qwen/Qwen3-235B-A22B,blackwell,4,393216,Naive,4,772.8,0.1,42.28525768235038,42.28525768235038,OK,6.3
Qwen/Qwen3-235B-A22B,blackwell,4,524288,Naive,1,873.7,0.1,2223.350088755303,2223.350088755303,OK,7.6
Qwen/Qwen3-235B-A22B,blackwell,4,524288,Naive,4,873.7,0.1,42.84719885073437,42.84719885073437,OK,7.4
Qwen/Qwen3-235B-A22B,blackwell,8,131072,Naive,1,671.9,0.1,1123.5670727553031,1123.5670727553031,OK,3.8
Qwen/Qwen3-235B-A22B,blackwell,4,524288,Naive,2,873.7,0.1,1128.9029409817824,1128.9029409817824,OK,8.1
Qwen/Qwen3-235B-A22B,blackwell,8,131072,Naive,2,671.9,0.1,579.0153809817823,579.0153809817823,OK,3.9
Qwen/Qwen3-235B-A22B,blackwell,4,786432,Naive,1,1075.6,0.1,3323.191134088636,3323.191134088636,OK,9.4
Qwen/Qwen3-235B-A22B,blackwell,2,2097152,Naive,1,1277.5,0.1,4423.003164755302,4423.003164755302,OK,20.8
Qwen/Qwen3-235B-A22B,blackwell,4,786432,Naive,2,1075.6,0.1,1678.823463648449,1678.823463648449,OK,9.6
Qwen/Qwen3-235B-A22B,blackwell,2,2097152,Naive,2,1277.5,0.1,2228.727504981782,2228.727504981782,OK,21.2
Qwen/Qwen3-235B-A22B,blackwell,4,786432,Naive,4,1075.6,0.1,43.971140516331815,43.971140516331815,OK,10.4
Qwen/Qwen3-235B-A22B,blackwell,8,131072,Naive,4,671.9,0.1,39.67338418869278,39.67338418869278,OK,4.0
Qwen/Qwen3-235B-A22B,blackwell,4,1048576,Naive,1,1277.5,0.1,4423.031176755302,4423.031176755302,OK,10.9
Qwen/Qwen3-235B-A22B,blackwell,8,196608,Naive,2,772.8,0.1,853.9687463151157,853.9687463151157,OK,4.4
Qwen/Qwen3-235B-A22B,blackwell,8,196608,Naive,1,772.8,0.1,1673.47380342197,1673.47380342197,OK,4.5
Qwen/Qwen3-235B-A22B,blackwell,4,1048576,Naive,4,1277.5,0.1,45.09510195820574,45.09510195820574,OK,12.0
Qwen/Qwen3-235B-A22B,blackwell,4,1048576,Naive,2,1277.5,0.1,2228.7434849817823,2228.7434849817823,OK,12.4
Qwen/Qwen3-235B-A22B,blackwell,8,196608,Naive,4,772.8,0.1,42.293402897797414,42.293402897797414,OK,4.7
Qwen/Qwen3-235B-A22B,blackwell,2,2097152,Naive,4,1277.5,0.1,45.09106890303517,45.09106890303517,OK,23.1
Qwen/Qwen3-235B-A22B,blackwell,8,262144,Naive,1,873.7,0.1,2223.4071154219696,2223.4071154219696,OK,5.1
Qwen/Qwen3-235B-A22B,blackwell,8,262144,Naive,4,873.7,0.1,42.85528473735198,42.85528473735198,OK,4.9
Qwen/Qwen3-235B-A22B,blackwell,8,262144,Naive,2,873.7,0.1,1128.9354023151157,1128.9354023151157,OK,6.0
Qwen/Qwen3-235B-A22B,blackwell,8,393216,Naive,1,1075.6,0.1,3323.230774088636,3323.230774088636,OK,5.8
Qwen/Qwen3-235B-A22B,blackwell,8,393216,Naive,2,1075.6,0.1,1678.847231648449,1678.847231648449,OK,6.1
Qwen/Qwen3-235B-A22B,blackwell,8,393216,Naive,4,1075.6,0.1,43.97916707411997,43.97916707411997,OK,6.0
Qwen/Qwen3-235B-A22B,blackwell,8,524288,Naive,1,1277.5,0.1,4423.087200755303,4423.087200755303,OK,7.2
Qwen/Qwen3-235B-A22B,blackwell,8,524288,Naive,4,1277.5,0.1,45.10314829227037,45.10314829227037,OK,7.5
Qwen/Qwen3-235B-A22B,blackwell,8,524288,Naive,2,1277.5,0.1,2228.7754449817826,2228.7754449817826,OK,7.6
Qwen/Qwen3-235B-A22B,blackwell,16,131072,Naive,2,873.7,0.1,1129.1296524180461,1129.1296524180461,OK,4.3
Qwen/Qwen3-235B-A22B,blackwell,16,131072,Naive,1,873.7,0.1,2223.635905522476,2223.635905522476,OK,4.6
Qwen/Qwen3-235B-A22B,blackwell,8,786432,Naive,1,1681.2,0.1,6622.818443421969,6622.818443421969,OK,9.4
Qwen/Qwen3-235B-A22B,blackwell,4,2097152,Naive,2,2084.9,0.1,4428.457340981782,4428.457340981782,OK,21.2
Qwen/Qwen3-235B-A22B,blackwell,4,2097152,Naive,1,2084.9,0.1,8822.458888755304,8822.458888755304,OK,21.7
Qwen/Qwen3-235B-A22B,blackwell,8,786432,Naive,2,1681.2,0.1,3328.641066315116,3328.641066315116,OK,9.9
Qwen/Qwen3-235B-A22B,blackwell,16,131072,Naive,4,873.7,0.1,42.9312846147684,42.9312846147684,OK,4.5
Qwen/Qwen3-235B-A22B,blackwell,8,786432,Naive,4,1681.2,0.1,53.05711053629469,53.05711053629469,OK,10.4
Qwen/Qwen3-235B-A22B,blackwell,16,196608,Naive,1,1075.6,0.1,3323.4165988558093,3323.4165988558093,OK,5.0
Qwen/Qwen3-235B-A22B,blackwell,16,196608,Naive,2,1075.6,0.1,1679.0199990847132,1679.0199990847132,OK,5.1
Qwen/Qwen3-235B-A22B,blackwell,4,2097152,Naive,4,2084.9,0.1,61.60533550308382,61.60533550308382,OK,22.0
Qwen/Qwen3-235B-A22B,blackwell,8,1048576,Naive,2,2084.9,0.1,4428.4893009817815,4428.4893009817815,OK,11.8
Qwen/Qwen3-235B-A22B,blackwell,16,196608,Naive,4,1075.6,0.1,44.055068070154,44.055068070154,OK,4.9
Qwen/Qwen3-235B-A22B,blackwell,8,1048576,Naive,1,2084.9,0.1,8822.514912755303,8822.514912755303,OK,12.8
Qwen/Qwen3-235B-A22B,blackwell,16,262144,Naive,1,1277.5,0.1,4423.32008685581,4423.32008685581,OK,5.5
Qwen/Qwen3-235B-A22B,blackwell,8,1048576,Naive,4,2084.9,0.1,61.61337838059549,61.61337838059549,OK,12.2
Qwen/Qwen3-235B-A22B,blackwell,16,262144,Naive,2,1277.5,0.1,2228.971743084713,2228.971743084713,OK,5.9
Qwen/Qwen3-235B-A22B,blackwell,16,262144,Naive,4,1277.5,0.1,45.178950406922006,45.178950406922006,OK,5.6
Qwen/Qwen3-235B-A22B,blackwell,16,393216,Naive,2,1681.2,0.1,3328.80359375138,3328.80359375138,OK,6.5
Qwen/Qwen3-235B-A22B,blackwell,16,393216,Naive,1,1681.2,0.1,6622.9837881891435,6622.9837881891435,OK,6.6
Qwen/Qwen3-235B-A22B,blackwell,16,393216,Naive,4,1681.2,0.1,53.132965066669854,53.132965066669854,OK,6.6
Qwen/Qwen3-235B-A22B,blackwell,16,524288,Naive,1,2084.9,0.1,8822.680257522476,8822.680257522476,OK,7.2
Qwen/Qwen3-235B-A22B,blackwell,16,524288,Naive,2,2084.9,0.1,4428.6518284180465,4428.6518284180465,OK,7.9
Qwen/Qwen3-235B-A22B,blackwell,16,524288,Naive,4,2084.9,0.1,61.689249230694166,61.689249230694166,OK,8.6
Qwen/Qwen3-235B-A22B,blackwell,16,786432,Naive,1,2892.4,0.1,13222.146838855806,13222.146838855806,OK,10.1
Qwen/Qwen3-235B-A22B,blackwell,32,131072,Naive,1,1277.5,0.1,4423.768175946152,4423.768175946152,OK,7.1
Qwen/Qwen3-235B-A22B,blackwell,32,131072,Naive,2,1277.5,0.1,2229.354974232726,2229.354974232726,OK,6.8
Qwen/Qwen3-235B-A22B,blackwell,16,786432,Naive,2,2892.4,0.1,6628.385119084714,6628.385119084714,OK,10.3
Qwen/Qwen3-235B-A22B,blackwell,32,131072,Naive,4,1277.5,0.1,45.33170028597197,45.33170028597197,OK,7.1
Qwen/Qwen3-235B-A22B,blackwell,32,196608,Naive,2,1681.2,0.1,3329.13771556606,3329.13771556606,OK,7.0
Qwen/Qwen3-235B-A22B,blackwell,32,196608,Naive,1,1681.2,0.1,6623.333658612819,6623.333658612819,OK,7.6
Qwen/Qwen3-235B-A22B,blackwell,8,2097152,Naive,2,3699.8,0.1,8827.876052981783,8827.876052981783,OK,22.0
Qwen/Qwen3-235B-A22B,blackwell,16,786432,Naive,4,2892.4,0.1,78.8018012390193,78.8018012390193,OK,11.5
Qwen/Qwen3-235B-A22B,blackwell,32,196608,Naive,4,1681.2,0.1,53.28577331150797,53.28577331150797,OK,7.4
Qwen/Qwen3-235B-A22B,blackwell,8,2097152,Naive,4,3699.8,0.1,95.83838447890462,95.83838447890462,OK,22.8
Qwen/Qwen3-235B-A22B,blackwell,16,1048576,Naive,4,3699.8,0.1,95.91428796845034,95.91428796845034,OK,12.5
Qwen/Qwen3-235B-A22B,blackwell,32,262144,Naive,1,2084.9,0.1,8823.12015461282,8823.12015461282,OK,7.9
Qwen/Qwen3-235B-A22B,blackwell,16,1048576,Naive,2,3699.8,0.1,8828.038580418048,8828.038580418048,OK,13.7
Qwen/Qwen3-235B-A22B,blackwell,32,262144,Naive,2,2084.9,0.1,4429.030963566061,4429.030963566061,OK,8.1
Qwen/Qwen3-235B-A22B,blackwell,32,262144,Naive,4,2084.9,0.1,61.842106434702856,61.842106434702856,OK,8.0
Qwen/Qwen3-235B-A22B,blackwell,32,393216,Naive,1,2892.4,0.1,13222.476229279486,13222.476229279486,OK,8.8
Qwen/Qwen3-235B-A22B,blackwell,32,393216,Naive,2,2892.4,0.1,6628.709000899391,6628.709000899391,OK,8.8
Qwen/Qwen3-235B-A22B,blackwell,32,393216,Naive,4,2892.4,0.1,78.95467476275151,78.95467476275151,OK,8.9
Qwen/Qwen3-235B-A22B,blackwell,32,524288,Naive,2,3699.8,0.1,8828.364510232725,8828.364510232725,OK,10.9
Qwen/Qwen3-235B-A22B,blackwell,32,524288,Naive,4,3699.8,0.1,96.06721045135309,96.06721045135309,OK,11.4
Qwen/Qwen3-235B-A22B,blackwell,16,2097152,Naive,4,6929.6,0.1,164.36415328755695,164.36415328755695,OK,23.8
Qwen/Qwen3-235B-A22B,blackwell,32,786432,Naive,2,5314.7,0.1,13227.84337956606,13227.84337956606,OK,13.8
Qwen/Qwen3-235B-A22B,blackwell,32,786432,Naive,4,5314.7,0.1,130.2921349510446,130.2921349510446,OK,13.8
Qwen/Qwen3-235B-A22B,blackwell,64,131072,Naive,4,2084.9,0.1,58.6694247347508,68.7697081063443,OK,13.5
Qwen/Qwen3-235B-A22B,blackwell,32,1048576,Naive,4,6929.6,0.1,164.51707577045966,164.51707577045966,OK,16.3
Qwen/Qwen3-235B-A22B,blackwell,64,131072,Naive,1,2084.9,0.1,8824.031546706552,8824.031546706552,OK,16.0
Qwen/Qwen3-235B-A22B,blackwell,64,131072,Naive,2,2084.9,0.1,4429.802959973946,4429.802959973946,OK,16.1
Qwen/Qwen3-235B-A22B,blackwell,64,196608,Naive,4,2892.4,0.1,73.70986144774153,85.88239067245757,OK,14.3
Qwen/Qwen3-235B-A22B,blackwell,64,196608,Naive,1,2892.4,0.1,13223.158416039885,13223.158416039885,OK,16.8
Qwen/Qwen3-235B-A22B,blackwell,64,196608,Naive,2,2892.4,0.1,6629.366394640612,6629.366394640612,OK,17.3
Qwen/Qwen3-235B-A22B,blackwell,64,262144,Naive,4,3699.8,0.1,88.7502002423911,102.9949590005062,OK,15.3
Qwen/Qwen3-235B-A22B,blackwell,64,262144,Naive,2,3699.8,0.1,8829.146746640612,8829.146746640612,OK,17.2
Qwen/Qwen3-235B-A22B,blackwell,64,393216,Naive,4,5314.7,0.1,118.83074727390218,137.21993245936832,OK,17.0
Qwen/Qwen3-235B-A22B,blackwell,64,393216,Naive,2,5314.7,0.1,13228.498725307278,13228.498725307278,OK,19.0
Qwen/Qwen3-235B-A22B,blackwell,64,524288,Naive,4,6929.6,0.1,149.42321180108297,171.4448989182304,OK,18.5
Qwen/Qwen3-235B-A22B,blackwell,64,786432,Naive,4,10159.4,0.1,210.63097874035464,239.894836516231,OK,20.0
Qwen/Qwen3-235B-A22B,blackwell,128,131072,Naive,4,3699.8,0.1,97.79046355987343,110.12104366824411,OK,39.9
Qwen/Qwen3-235B-A22B,blackwell,128,196608,Naive,4,5314.7,0.1,130.78331855725867,144.27980010422513,OK,43.4
Qwen/Qwen3-235B-A22B,blackwell,128,262144,Naive,4,6929.6,0.1,164.34448996314012,178.43867513547087,OK,44.2
Qwen/Qwen3-235B-A22B,blackwell,128,131072,Naive,2,3699.8,0.1,8349.368754246969,8802.091221208364,OK,48.2
Qwen/Qwen3-235B-A22B,blackwell,128,393216,Naive,4,10159.4,0.1,235.0543852098805,246.75690915204433,OK,47.9
Qwen/Qwen3-235B-A22B,blackwell,128,196608,Naive,2,5314.7,0.1,13229.825299983206,13229.825299983206,OK,51.5
microsoft/phi-2,blackwell,1,131072,Dense,1,48.3,1.0,8.841229895821204,8.841229895821204,OK,20.0
microsoft/phi-2,blackwell,1,196608,Dense,1,69.8,1.0,11.525584455821203,11.525584455821203,OK,21.7
microsoft/phi-2,blackwell,1,131072,HBM-only,1,48.3,1.0,8.841229895821204,8.841229895821204,OK,24.3
microsoft/phi-2,blackwell,1,262144,Sparse,1,91.3,0.1,14.209939015821202,14.209939015821202,OK,25.5
microsoft/phi-2,blackwell,1,196608,Naive,1,69.8,0.1,11.525584455821203,11.525584455821203,OK,26.1
microsoft/phi-2,blackwell,1,393216,HBM-only,1,134.2,1.0,19.578648135821197,19.578648135821197,OK,28.6
microsoft/phi-2,blackwell,1,131072,Sparse,1,48.3,0.1,8.841229895821204,8.841229895821204,OK,28.7
microsoft/phi-2,blackwell,1,393216,Sparse,1,134.2,0.1,19.578648135821197,19.578648135821197,OK,29.2
microsoft/phi-2,blackwell,1,393216,Naive,1,134.2,0.1,19.578648135821197,19.578648135821197,OK,29.3
microsoft/phi-2,blackwell,1,262144,Naive,1,91.3,0.1,14.209939015821202,14.209939015821202,OK,29.9
microsoft/phi-2,blackwell,1,196608,Sparse,1,69.8,0.1,11.525584455821203,11.525584455821203,OK,30.6
microsoft/phi-2,blackwell,1,131072,Naive,1,48.3,0.1,8.841229895821204,8.841229895821204,OK,33.3
microsoft/phi-2,blackwell,1,393216,Dense,1,134.2,1.0,19.578648135821197,19.578648135821197,OK,33.8
microsoft/phi-2,blackwell,2,131072,Naive,1,91.3,0.1,15.01518808182183,15.01518808182183,OK,4.7
microsoft/phi-2,blackwell,2,131072,Sparse,1,91.3,0.1,15.01518808182183,15.01518808182183,OK,5.3
microsoft/phi-2,blackwell,2,131072,Dense,1,91.3,1.0,15.01518808182183,15.01518808182183,OK,5.4
microsoft/phi-2,blackwell,2,131072,HBM-only,1,91.3,1.0,15.01518808182183,15.01518808182183,OK,4.8
microsoft/phi-2,blackwell,1,262144,Dense,1,91.3,1.0,14.209939015821202,14.209939015821202,OK,34.9
microsoft/phi-2,blackwell,1,196608,HBM-only,1,69.8,1.0,11.525584455821203,11.525584455821203,OK,35.1
microsoft/phi-2,blackwell,2,196608,Sparse,1,134.2,0.1,20.383897201821824,20.383897201821824,OK,5.3
microsoft/phi-2,blackwell,2,196608,Dense,1,134.2,1.0,20.383897201821824,20.383897201821824,OK,6.1
microsoft/phi-2,blackwell,1,524288,HBM-only,1,177.2,1.0,24.9473572558212,24.9473572558212,OK,36.6
microsoft/phi-2,blackwell,2,196608,HBM-only,1,134.2,1.0,20.383897201821824,20.383897201821824,OK,3.8
microsoft/phi-2,blackwell,2,196608,Naive,1,134.2,0.1,20.383897201821824,20.383897201821824,OK,3.7
microsoft/phi-2,blackwell,1,262144,HBM-only,1,91.3,1.0,14.209939015821202,14.209939015821202,OK,39.5
microsoft/phi-2,blackwell,2,262144,HBM-only,1,177.2,1.0,25.752606321821826,25.752606321821826,OK,6.2
microsoft/phi-2,blackwell,2,262144,Naive,1,177.2,0.1,25.752606321821826,25.752606321821826,OK,6.3
microsoft/phi-2,blackwell,2,262144,Dense,1,177.2,1.0,25.752606321821826,25.752606321821826,OK,6.3
microsoft/phi-2,blackwell,2,393216,Dense,1,263.1,1.0,36.49002456182181,36.49002456182181,OK,5.4
microsoft/phi-2,blackwell,2,393216,Sparse,1,263.1,0.1,28.041385585821832,28.041385585821832,OK,5.2
microsoft/phi-2,blackwell,2,262144,Sparse,1,177.2,0.1,25.752606321821826,25.752606321821826,OK,6.5
microsoft/phi-2,blackwell,2,393216,Naive,1,263.1,0.1,28.775290691537027,28.775290691537027,OK,5.3
microsoft/phi-2,blackwell,1,524288,Sparse,1,177.2,0.1,24.9473572558212,24.9473572558212,OK,41.2
microsoft/phi-2,blackwell,4,131072,Dense,1,177.2,1.0,25.754933361821823,25.754933361821823,OK,3.2
microsoft/phi-2,blackwell,1,524288,Dense,1,177.2,1.0,24.9473572558212,24.9473572558212,OK,45.9
microsoft/phi-2,blackwell,2,524288,Naive,1,349.0,0.1,30.688214579562626,30.688214579562626,OK,9.8
microsoft/phi-2,blackwell,2,524288,Sparse,1,349.0,0.1,29.114832497821826,29.114832497821826,OK,10.2
microsoft/phi-2,blackwell,2,524288,Dense,1,349.0,1.0,47.22744280182182,47.22744280182182,OK,10.9
microsoft/phi-2,blackwell,4,131072,Sparse,1,177.2,0.1,25.754933361821823,25.754933361821823,OK,3.2
microsoft/phi-2,blackwell,4,131072,HBM-only,1,177.2,1.0,25.754933361821823,25.754933361821823,OK,3.5
microsoft/phi-2,blackwell,1,786432,Naive,1,263.1,0.1,27.9700416255364,27.9700416255364,OK,49.5
microsoft/phi-2,blackwell,1,1048576,Dense,1,349.0,1.0,46.4221937358212,46.4221937358212,OK,49.8
microsoft/phi-2,blackwell,4,131072,Naive,1,177.2,0.1,25.754933361821823,25.754933361821823,OK,3.2
microsoft/phi-2,blackwell,1,786432,Sparse,1,263.1,0.1,27.2361365198212,27.2361365198212,OK,50.1
microsoft/phi-2,blackwell,2,786432,Sparse,1,520.8,0.1,31.26216868982183,31.26216868982183,OK,10.8
microsoft/phi-2,blackwell,2,786432,Dense,1,520.8,1.0,68.70227928182182,68.70227928182182,OK,12.9
microsoft/phi-2,blackwell,2,786432,Naive,1,520.8,0.1,34.51446629658023,34.51446629658023,OK,10.1
microsoft/phi-2,blackwell,4,196608,Dense,1,263.1,1.0,36.49235160182184,36.49235160182184,OK,3.7
microsoft/phi-2,blackwell,1,786432,Dense,1,263.1,1.0,35.68477549582121,35.68477549582121,OK,50.6
microsoft/phi-2,blackwell,4,196608,Sparse,1,263.1,0.1,28.043270257821824,28.043270257821824,OK,3.8
microsoft/phi-2,blackwell,1,1048576,Naive,1,349.0,0.1,29.883234807539598,29.883234807539598,OK,29.2
microsoft/phi-2,blackwell,1,1048576,Sparse,1,349.0,0.1,28.3098783438212,28.3098783438212,OK,30.9
microsoft/phi-2,blackwell,2,1048576,Naive,1,692.6,0.1,47.053073853597816,47.053073853597816,OK,10.8
microsoft/phi-2,blackwell,2,1048576,Sparse,1,692.6,0.1,33.409504881821825,33.409504881821825,OK,10.8
microsoft/phi-2,blackwell,2,1048576,Dense,1,692.6,1.0,90.17711576182182,90.17711576182182,OK,10.9
microsoft/phi-2,blackwell,1,524288,Naive,1,177.2,0.1,24.9473572558212,24.9473572558212,OK,51.3
microsoft/phi-2,blackwell,4,196608,Naive,1,263.1,0.1,28.777213790570627,28.777213790570627,OK,4.1
microsoft/phi-2,blackwell,4,262144,Dense,1,349.0,1.0,47.22976984182183,47.22976984182183,OK,4.1
microsoft/phi-2,blackwell,4,262144,Sparse,1,349.0,0.1,29.116717169821825,29.116717169821825,OK,4.2
microsoft/phi-2,blackwell,4,262144,Naive,1,349.0,0.1,30.690137678596226,30.690137678596226,OK,4.5
microsoft/phi-2,blackwell,4,393216,Dense,1,520.8,1.0,68.70460632182183,68.70460632182183,OK,5.5
microsoft/phi-2,blackwell,4,393216,Sparse,1,520.8,0.1,31.264053361821823,31.264053361821823,OK,5.4
microsoft/phi-2,blackwell,4,393216,Naive,1,520.8,0.1,34.51638939561383,34.51638939561383,OK,5.3
microsoft/phi-2,blackwell,4,524288,Dense,1,692.6,1.0,90.17944280182184,90.17944280182184,OK,6.3
microsoft/phi-2,blackwell,4,524288,Sparse,1,692.6,0.1,33.411094641821826,33.411094641821826,OK,6.4
microsoft/phi-2,blackwell,8,131072,Dense,1,349.0,1.0,47.23442392182182,47.23442392182182,OK,3.3
microsoft/phi-2,blackwell,8,131072,Sparse,1,349.0,0.1,29.120486513821827,29.120486513821827,OK,3.2
microsoft/phi-2,blackwell,4,524288,Naive,1,692.6,0.1,47.05497341865383,47.05497341865383,OK,6.5
microsoft/phi-2,blackwell,8,131072,Naive,1,349.0,0.1,30.693983876663424,30.693983876663424,OK,3.3
microsoft/phi-2,blackwell,4,786432,Dense,1,1036.2,1.0,133.12911576182185,133.12911576182185,OK,8.6
microsoft/phi-2,blackwell,8,196608,Sparse,1,520.8,0.1,31.267527793821824,31.267527793821824,OK,3.8
microsoft/phi-2,blackwell,8,196608,Naive,1,520.8,0.1,34.51996629970343,34.51996629970343,OK,3.8
microsoft/phi-2,blackwell,8,196608,Dense,1,520.8,1.0,68.70926040182185,68.70926040182185,OK,4.0
microsoft/phi-2,blackwell,4,786432,Naive,1,1036.2,0.1,76.18258262666663,76.18258262666663,OK,8.6
microsoft/phi-2,blackwell,4,786432,Sparse,1,1036.2,0.1,37.70606193782183,37.70606193782183,OK,8.9
microsoft/phi-2,blackwell,8,262144,Sparse,1,692.6,0.1,33.41456907382182,33.41456907382182,OK,4.1
microsoft/phi-2,blackwell,8,262144,Naive,1,692.6,0.1,47.05855032274342,47.05855032274342,OK,4.2
microsoft/phi-2,blackwell,8,262144,Dense,1,692.6,1.0,90.18409688182183,90.18409688182183,OK,4.5
microsoft/phi-2,blackwell,4,1048576,Sparse,1,1379.8,0.1,42.001029233821825,42.001029233821825,OK,10.3
microsoft/phi-2,blackwell,4,1048576,Dense,1,1379.8,1.0,176.07878872182184,176.07878872182184,OK,10.6
microsoft/phi-2,blackwell,4,1048576,Naive,1,1379.8,0.1,105.31019183467943,105.31019183467943,OK,10.5
microsoft/phi-2,blackwell,8,393216,Dense,1,1036.2,1.0,133.13376984182182,133.13376984182182,OK,5.4
microsoft/phi-2,blackwell,8,393216,Sparse,1,1036.2,0.1,37.70938891382182,37.70938891382182,OK,5.3
microsoft/phi-2,blackwell,8,393216,Naive,1,1036.2,0.1,76.18627064376743,76.18627064376743,OK,5.3
microsoft/phi-2,blackwell,16,131072,Dense,1,692.6,1.0,88.85862733755798,91.00522200355861,OK,3.3
microsoft/phi-2,blackwell,16,131072,Sparse,1,692.6,0.1,34.2330399875586,34.2330399875586,OK,3.3
microsoft/phi-2,blackwell,16,131072,Naive,1,692.6,0.1,47.87592157775895,47.87592157775895,OK,3.7
microsoft/phi-2,blackwell,8,524288,Naive,1,1379.8,0.1,105.31410207780264,105.31410207780264,OK,6.4
microsoft/phi-2,blackwell,8,524288,Sparse,1,1379.8,0.1,42.00406129782183,42.00406129782183,OK,6.5
microsoft/phi-2,blackwell,8,524288,Dense,1,1379.8,1.0,176.08344280182186,176.08344280182186,OK,6.7
microsoft/phi-2,blackwell,16,196608,Dense,1,1036.2,1.0,133.150809417558,133.150809417558,OK,3.8
microsoft/phi-2,blackwell,16,196608,Naive,1,1036.2,0.1,73.95411478121878,77.0056858657282,OK,3.7
microsoft/phi-2,blackwell,16,196608,Sparse,1,1036.2,0.1,38.527270003558584,38.527270003558584,OK,4.4
microsoft/phi-2,blackwell,8,786432,Sparse,1,2067.0,0.1,50.59384843382183,50.59384843382183,OK,8.4
microsoft/phi-2,blackwell,8,786432,Naive,1,2067.0,0.1,163.5694316068394,163.5694316068394,OK,8.4
microsoft/phi-2,blackwell,8,786432,Dense,1,2067.0,1.0,261.98278872182186,261.98278872182186,OK,8.6
microsoft/phi-2,blackwell,16,262144,Dense,1,1379.8,1.0,176.100482377558,176.100482377558,OK,4.2
microsoft/phi-2,blackwell,16,262144,Sparse,1,1379.8,0.1,42.820009533624564,42.820009533624564,OK,4.2
microsoft/phi-2,blackwell,16,262144,Naive,1,1379.8,0.1,105.32965397978518,105.32965397978518,OK,4.2
microsoft/phi-2,blackwell,8,1048576,Dense,1,2754.2,1.0,347.88213464182184,347.88213464182184,OK,10.3
microsoft/phi-2,blackwell,16,393216,Dense,1,2067.0,1.0,261.999828297558,261.999828297558,OK,5.4
microsoft/phi-2,blackwell,8,1048576,Sparse,1,2754.2,0.1,59.18334065782182,59.18334065782182,OK,10.3
microsoft/phi-2,blackwell,8,1048576,Naive,1,2754.2,0.1,221.82498336189866,221.82498336189866,OK,10.3
microsoft/phi-2,blackwell,16,393216,Sparse,1,2067.0,0.1,46.26484320955797,51.4118769795586,OK,5.6
microsoft/phi-2,blackwell,32,131072,Dense,1,1379.8,1.0,176.93872034542147,176.93872034542147,OK,3.6
microsoft/phi-2,blackwell,16,393216,Naive,1,2067.0,0.1,163.5848723958108,163.5848723958108,OK,5.6
microsoft/phi-2,blackwell,32,131072,Sparse,1,1379.8,0.1,39.89888912348743,43.65398720342209,OK,3.7
microsoft/phi-2,blackwell,32,131072,Naive,1,1379.8,0.1,106.16458326110786,106.16458326110786,OK,3.7
microsoft/phi-2,blackwell,16,524288,Dense,1,2754.2,1.0,347.899174217558,347.899174217558,OK,6.4
microsoft/phi-2,blackwell,32,196608,Dense,1,2067.0,1.0,233.84167922548679,262.83806626542145,OK,4.0
microsoft/phi-2,blackwell,32,196608,Sparse,1,2067.0,0.1,48.54132637148743,52.24154657348806,OK,4.0
microsoft/phi-2,blackwell,16,524288,Naive,1,2754.2,0.1,221.84042415086998,221.84042415086998,OK,6.4
microsoft/phi-2,blackwell,16,524288,Sparse,1,2754.2,0.1,54.90709607355796,60.00136920355858,OK,6.5
microsoft/phi-2,blackwell,32,196608,Naive,1,2067.0,0.1,164.42013501616708,164.42013501616708,OK,4.0
microsoft/phi-2,blackwell,32,262144,Dense,1,2754.2,1.0,318.39984338548675,348.7374121854214,OK,4.4
microsoft/phi-2,blackwell,64,131072,Sparse,1,2754.2,0.1,55.301316195203576,61.69232705452929,OK,4.2
microsoft/phi-2,blackwell,32,262144,Sparse,1,2754.2,0.1,57.0250946251228,60.83298631512343,OK,4.4
microsoft/phi-2,blackwell,32,262144,Naive,1,2754.2,0.1,196.3726012904852,222.67579788423748,OK,4.5
microsoft/phi-2,blackwell,64,131072,Naive,1,2754.2,0.1,219.33855380875852,223.54281393242314,OK,4.4
microsoft/phi-2,blackwell,64,131072,Dense,1,2754.2,1.0,348.80607115659853,348.80607115659853,OK,4.5
mistralai/Mistral-7B-v0.1,blackwell,1,131072,Dense,1,31.7,1.0,8.55678503448581,8.55678503448581,OK,20.1
mistralai/Mistral-7B-v0.1,blackwell,1,131072,Dense,4,31.7,1.0,9.421288679125635,9.421288679125635,OK,20.5
mistralai/Mistral-7B-v0.1,blackwell,1,131072,Sparse,2,31.7,0.1,9.402988623858725,9.402988623858725,OK,19.3
mistralai/Mistral-7B-v0.1,blackwell,1,131072,Dense,8,31.7,1.0,10.15719463759089,10.15719463759089,OK,20.1
mistralai/Mistral-7B-v0.1,blackwell,1,131072,Naive,1,31.7,0.1,8.55678503448581,8.55678503448581,OK,20.1
mistralai/Mistral-7B-v0.1,blackwell,1,131072,HBM-only,2,31.7,1.0,9.402988623858725,9.402988623858725,OK,21.0
mistralai/Mistral-7B-v0.1,blackwell,1,131072,Naive,4,31.7,0.1,9.421288679125635,9.421288679125635,OK,20.8
mistralai/Mistral-7B-v0.1,blackwell,1,131072,HBM-only,8,31.7,1.0,10.15719463759089,10.15719463759089,OK,21.7
mistralai/Mistral-7B-v0.1,blackwell,1,131072,HBM-only,1,31.7,1.0,8.55678503448581,8.55678503448581,OK,27.1
mistralai/Mistral-7B-v0.1,blackwell,1,131072,Sparse,4,31.7,0.1,9.421288679125635,9.421288679125635,OK,27.9
mistralai/Mistral-7B-v0.1,blackwell,1,131072,Naive,2,31.7,0.1,9.402988623858725,9.402988623858725,OK,25.2
mistralai/Mistral-7B-v0.1,blackwell,1,131072,HBM-only,4,31.7,1.0,9.421288679125635,9.421288679125635,OK,26.1
mistralai/Mistral-7B-v0.1,blackwell,1,131072,Sparse,8,31.7,0.1,10.15719463759089,10.15719463759089,OK,28.7
mistralai/Mistral-7B-v0.1,blackwell,1,131072,Naive,8,31.7,0.1,10.15719463759089,10.15719463759089,OK,10.9
mistralai/Mistral-7B-v0.1,blackwell,1,131072,Sparse,1,31.7,0.1,8.55678503448581,8.55678503448581,OK,32.2
mistralai/Mistral-7B-v0.1,blackwell,1,196608,Dense,1,40.2,1.0,9.63052685848581,9.63052685848581,OK,12.9
mistralai/Mistral-7B-v0.1,blackwell,1,131072,Dense,2,31.7,1.0,9.402988623858725,9.402988623858725,OK,33.9
mistralai/Mistral-7B-v0.1,blackwell,1,196608,HBM-only,1,40.2,1.0,9.63052685848581,9.63052685848581,OK,4.8
mistralai/Mistral-7B-v0.1,blackwell,1,196608,Dense,2,40.2,1.0,9.939859535858725,9.939859535858725,OK,13.6
mistralai/Mistral-7B-v0.1,blackwell,1,196608,Dense,4,40.2,1.0,9.689724135125633,9.689724135125633,OK,13.4
mistralai/Mistral-7B-v0.1,blackwell,1,196608,Naive,1,40.2,0.1,9.63052685848581,9.63052685848581,OK,3.7
mistralai/Mistral-7B-v0.1,blackwell,1,196608,HBM-only,2,40.2,1.0,9.939859535858725,9.939859535858725,OK,5.6
mistralai/Mistral-7B-v0.1,blackwell,1,196608,Dense,8,40.2,1.0,10.291412365590892,10.291412365590892,OK,13.5
mistralai/Mistral-7B-v0.1,blackwell,1,196608,Sparse,4,40.2,0.1,9.689724135125633,9.689724135125633,OK,13.1
mistralai/Mistral-7B-v0.1,blackwell,1,196608,Sparse,1,40.2,0.1,9.63052685848581,9.63052685848581,OK,14.3
mistralai/Mistral-7B-v0.1,blackwell,1,196608,Sparse,2,40.2,0.1,9.939859535858725,9.939859535858725,OK,14.4
mistralai/Mistral-7B-v0.1,blackwell,1,196608,HBM-only,4,40.2,1.0,9.689724135125633,9.689724135125633,OK,9.5
mistralai/Mistral-7B-v0.1,blackwell,1,196608,Naive,4,40.2,0.1,9.689724135125633,9.689724135125633,OK,6.1
mistralai/Mistral-7B-v0.1,blackwell,1,196608,Naive,2,40.2,0.1,9.939859535858725,9.939859535858725,OK,6.8
mistralai/Mistral-7B-v0.1,blackwell,1,196608,Sparse,8,40.2,0.1,10.291412365590892,10.291412365590892,OK,13.2
mistralai/Mistral-7B-v0.1,blackwell,1,196608,Naive,8,40.2,0.1,10.291412365590892,10.291412365590892,OK,9.1
microsoft/phi-2,blackwell,2,2097152,Dense,1,1379.8,1.0,176.07646168182183,176.07646168182183,OK,78.6
mistralai/Mistral-7B-v0.1,blackwell,1,196608,HBM-only,8,40.2,1.0,10.291412365590892,10.291412365590892,OK,17.3
microsoft/phi-2,blackwell,1,2097152,Dense,1,692.6,1.0,89.37186669582121,89.37186669582121,OK,95.8
mistralai/Mistral-7B-v0.1,blackwell,1,262144,Dense,1,48.8,1.0,10.704268682485809,10.704268682485809,OK,15.7
mistralai/Mistral-7B-v0.1,blackwell,1,262144,Dense,2,48.8,1.0,10.476730447858726,10.476730447858726,OK,16.1
mistralai/Mistral-7B-v0.1,blackwell,1,262144,Dense,4,48.8,1.0,9.958159591125632,9.958159591125632,OK,16.3
mistralai/Mistral-7B-v0.1,blackwell,1,262144,Dense,8,48.8,1.0,10.425630093590891,10.425630093590891,OK,16.0
mistralai/Mistral-7B-v0.1,blackwell,1,262144,Naive,1,48.8,0.1,10.704268682485809,10.704268682485809,OK,8.6
mistralai/Mistral-7B-v0.1,blackwell,1,262144,Naive,2,48.8,0.1,10.476730447858726,10.476730447858726,OK,8.1
microsoft/phi-2,blackwell,1,2097152,Sparse,1,692.6,0.1,32.6044032718212,32.6044032718212,OK,97.3
microsoft/phi-2,blackwell,2,2097152,Naive,1,1379.8,0.1,105.30851449564584,105.30851449564584,OK,84.2
mistralai/Mistral-7B-v0.1,blackwell,1,262144,Sparse,4,48.8,0.1,9.958159591125632,9.958159591125632,OK,16.3
mistralai/Mistral-7B-v0.1,blackwell,1,262144,Sparse,1,48.8,0.1,10.704268682485809,10.704268682485809,OK,20.2
mistralai/Mistral-7B-v0.1,blackwell,1,262144,Sparse,8,48.8,0.1,10.425630093590891,10.425630093590891,OK,16.0
mistralai/Mistral-7B-v0.1,blackwell,1,262144,Sparse,2,48.8,0.1,10.476730447858726,10.476730447858726,OK,17.8
mistralai/Mistral-7B-v0.1,blackwell,1,262144,Naive,4,48.8,0.1,9.958159591125632,9.958159591125632,OK,8.6
mistralai/Mistral-7B-v0.1,blackwell,1,262144,Naive,8,48.8,0.1,10.425630093590891,10.425630093590891,OK,8.6
microsoft/phi-2,blackwell,4,2097152,Sparse,1,2754.2,0.1,59.180456049821835,59.180456049821835,OK,80.0
mistralai/Mistral-7B-v0.1,blackwell,1,262144,HBM-only,1,48.8,1.0,10.704268682485809,10.704268682485809,OK,20.4
mistralai/Mistral-7B-v0.1,blackwell,1,262144,HBM-only,2,48.8,1.0,10.476730447858726,10.476730447858726,OK,20.7
mistralai/Mistral-7B-v0.1,blackwell,1,262144,HBM-only,8,48.8,1.0,10.425630093590891,10.425630093590891,OK,20.5
mistralai/Mistral-7B-v0.1,blackwell,1,262144,HBM-only,4,48.8,1.0,9.958159591125632,9.958159591125632,OK,21.3
microsoft/phi-2,blackwell,4,2097152,Naive,1,2754.2,0.1,221.82096200576427,221.82096200576427,OK,81.9
microsoft/phi-2,blackwell,2,2097152,Sparse,1,1379.8,0.1,41.99914456182183,41.99914456182183,OK,93.6
microsoft/phi-2,blackwell,1,2097152,Naive,1,692.6,0.1,46.248205194586,46.248205194586,OK,109.2
microsoft/phi-2,blackwell,4,2097152,Dense,1,2754.2,1.0,347.87748056182187,347.87748056182187,OK,88.2
mistralai/Mistral-7B-v0.1,blackwell,1,393216,Dense,1,66.0,1.0,12.851752330485809,12.851752330485809,OK,20.0
mistralai/Mistral-7B-v0.1,blackwell,1,393216,Dense,2,66.0,1.0,11.550472271858725,11.550472271858725,OK,21.3
mistralai/Mistral-7B-v0.1,blackwell,1,393216,Dense,8,66.0,1.0,10.694065549590892,10.694065549590892,OK,21.0
mistralai/Mistral-7B-v0.1,blackwell,1,393216,Dense,4,66.0,1.0,10.495030503125632,10.495030503125632,OK,21.8
mistralai/Mistral-7B-v0.1,blackwell,1,393216,Naive,2,66.0,0.1,11.550472271858725,11.550472271858725,OK,16.3
mistralai/Mistral-7B-v0.1,blackwell,1,393216,Sparse,2,66.0,0.1,11.550472271858725,11.550472271858725,OK,21.6
mistralai/Mistral-7B-v0.1,blackwell,1,393216,Sparse,4,66.0,0.1,10.495030503125632,10.495030503125632,OK,21.7
mistralai/Mistral-7B-v0.1,blackwell,1,393216,Sparse,1,66.0,0.1,12.851752330485809,12.851752330485809,OK,22.3
mistralai/Mistral-7B-v0.1,blackwell,1,393216,Naive,4,66.0,0.1,10.495030503125632,10.495030503125632,OK,16.9
mistralai/Mistral-7B-v0.1,blackwell,1,393216,Sparse,8,66.0,0.1,10.694065549590892,10.694065549590892,OK,24.9
mistralai/Mistral-7B-v0.1,blackwell,1,393216,HBM-only,2,66.0,1.0,11.550472271858725,11.550472271858725,OK,21.9
mistralai/Mistral-7B-v0.1,blackwell,1,393216,HBM-only,1,66.0,1.0,12.851752330485809,12.851752330485809,OK,23.8
mistralai/Mistral-7B-v0.1,blackwell,1,393216,HBM-only,4,66.0,1.0,10.495030503125632,10.495030503125632,OK,22.5
mistralai/Mistral-7B-v0.1,blackwell,1,393216,Naive,8,66.0,0.1,10.694065549590892,10.694065549590892,OK,21.0
mistralai/Mistral-7B-v0.1,blackwell,1,393216,Naive,1,66.0,0.1,12.851752330485809,12.851752330485809,OK,26.6
mistralai/Mistral-7B-v0.1,blackwell,1,524288,Dense,1,83.2,1.0,14.999235978485808,14.999235978485808,OK,24.3
mistralai/Mistral-7B-v0.1,blackwell,1,524288,HBM-only,1,83.2,1.0,14.999235978485808,14.999235978485808,OK,16.6
mistralai/Mistral-7B-v0.1,blackwell,1,524288,Naive,1,83.2,0.1,14.999235978485808,14.999235978485808,OK,13.0
mistralai/Mistral-7B-v0.1,blackwell,1,393216,HBM-only,8,66.0,1.0,10.694065549590892,10.694065549590892,OK,30.0
mistralai/Mistral-7B-v0.1,blackwell,1,524288,Sparse,1,83.2,0.1,14.999235978485808,14.999235978485808,OK,23.4
mistralai/Mistral-7B-v0.1,blackwell,1,524288,Dense,2,83.2,1.0,12.624214095858726,12.624214095858726,OK,26.1
mistralai/Mistral-7B-v0.1,blackwell,1,524288,Dense,8,83.2,1.0,10.962501005590891,10.962501005590891,OK,25.9
mistralai/Mistral-7B-v0.1,blackwell,1,524288,Dense,4,83.2,1.0,11.031901415125633,11.031901415125633,OK,26.4
mistralai/Mistral-7B-v0.1,blackwell,1,524288,HBM-only,2,83.2,1.0,12.624214095858726,12.624214095858726,OK,16.0
mistralai/Mistral-7B-v0.1,blackwell,1,524288,Sparse,2,83.2,0.1,12.624214095858726,12.624214095858726,OK,25.0
mistralai/Mistral-7B-v0.1,blackwell,1,524288,Naive,2,83.2,0.1,12.624214095858726,12.624214095858726,OK,15.1
mistralai/Mistral-7B-v0.1,blackwell,1,524288,Naive,8,83.2,0.1,10.962501005590891,10.962501005590891,OK,14.6
mistralai/Mistral-7B-v0.1,blackwell,1,524288,HBM-only,8,83.2,1.0,10.962501005590891,10.962501005590891,OK,15.5
mistralai/Mistral-7B-v0.1,blackwell,1,524288,Sparse,8,83.2,0.1,10.962501005590891,10.962501005590891,OK,19.9
mistralai/Mistral-7B-v0.1,blackwell,1,524288,HBM-only,4,83.2,1.0,11.031901415125633,11.031901415125633,OK,16.4
mistralai/Mistral-7B-v0.1,blackwell,1,524288,Naive,4,83.2,0.1,11.031901415125633,11.031901415125633,OK,15.4
mistralai/Mistral-7B-v0.1,blackwell,1,524288,Sparse,4,83.2,0.1,11.031901415125633,11.031901415125633,OK,24.6
mistralai/Mistral-7B-v0.1,blackwell,1,786432,Dense,1,117.6,1.0,19.29420327448581,19.29420327448581,OK,32.5
mistralai/Mistral-7B-v0.1,blackwell,1,786432,Sparse,1,117.6,0.1,19.29420327448581,19.29420327448581,OK,28.8
mistralai/Mistral-7B-v0.1,blackwell,1,786432,HBM-only,1,117.6,1.0,19.29420327448581,19.29420327448581,OK,21.5
mistralai/Mistral-7B-v0.1,blackwell,1,786432,Naive,1,117.6,0.1,19.29420327448581,19.29420327448581,OK,20.3
mistralai/Mistral-7B-v0.1,blackwell,1,786432,Dense,2,117.6,1.0,14.771697743858725,14.771697743858725,OK,35.3
mistralai/Mistral-7B-v0.1,blackwell,1,786432,Dense,8,117.6,1.0,11.499371917590894,11.499371917590894,OK,34.7
mistralai/Mistral-7B-v0.1,blackwell,1,786432,Naive,2,117.6,0.1,14.771697743858725,14.771697743858725,OK,25.6
mistralai/Mistral-7B-v0.1,blackwell,1,786432,HBM-only,2,117.6,1.0,14.771697743858725,14.771697743858725,OK,27.2
mistralai/Mistral-7B-v0.1,blackwell,1,786432,Dense,4,117.6,1.0,12.105643239125632,12.105643239125632,OK,35.5
mistralai/Mistral-7B-v0.1,blackwell,1,786432,Sparse,2,117.6,0.1,14.771697743858725,14.771697743858725,OK,32.4
mistralai/Mistral-7B-v0.1,blackwell,1,786432,Sparse,8,117.6,0.1,11.499371917590894,11.499371917590894,OK,28.9
mistralai/Mistral-7B-v0.1,blackwell,1,786432,Sparse,4,117.6,0.1,12.105643239125632,12.105643239125632,OK,31.2
mistralai/Mistral-7B-v0.1,blackwell,1,786432,HBM-only,8,117.6,1.0,11.499371917590894,11.499371917590894,OK,28.1
mistralai/Mistral-7B-v0.1,blackwell,1,786432,Naive,8,117.6,0.1,11.499371917590894,11.499371917590894,OK,26.1
mistralai/Mistral-7B-v0.1,blackwell,1,786432,HBM-only,4,117.6,1.0,12.105643239125632,12.105643239125632,OK,28.2
mistralai/Mistral-7B-v0.1,blackwell,1,786432,Naive,4,117.6,0.1,12.105643239125632,12.105643239125632,OK,26.3
mistralai/Mistral-7B-v0.1,blackwell,1,1048576,Dense,2,151.9,1.0,16.91918139185873,16.91918139185873,OK,45.0
mistralai/Mistral-7B-v0.1,blackwell,1,1048576,Dense,8,151.9,1.0,12.036242829590892,12.036242829590892,OK,45.4
mistralai/Mistral-7B-v0.1,blackwell,1,1048576,Sparse,2,151.9,0.1,16.91918139185873,16.91918139185873,OK,45.6
mistralai/Mistral-7B-v0.1,blackwell,1,1048576,HBM-only,2,151.9,1.0,16.91918139185873,16.91918139185873,OK,27.1
mistralai/Mistral-7B-v0.1,blackwell,1,1048576,Dense,1,151.9,1.0,23.589170570485816,23.589170570485816,OK,46.4
mistralai/Mistral-7B-v0.1,blackwell,1,1048576,Sparse,4,151.9,0.1,13.179385063125634,13.179385063125634,OK,45.8
mistralai/Mistral-7B-v0.1,blackwell,1,1048576,Sparse,8,151.9,0.1,12.036242829590892,12.036242829590892,OK,45.8
mistralai/Mistral-7B-v0.1,blackwell,1,1048576,Naive,2,151.9,0.1,16.91918139185873,16.91918139185873,OK,21.9
mistralai/Mistral-7B-v0.1,blackwell,1,1048576,Naive,8,151.9,0.1,12.036242829590892,12.036242829590892,OK,21.9
mistralai/Mistral-7B-v0.1,blackwell,1,1048576,HBM-only,8,151.9,1.0,12.036242829590892,12.036242829590892,OK,27.7
mistralai/Mistral-7B-v0.1,blackwell,1,1048576,Dense,4,151.9,1.0,13.179385063125634,13.179385063125634,OK,47.0
mistralai/Mistral-7B-v0.1,blackwell,1,1048576,Sparse,1,151.9,0.1,23.589170570485816,23.589170570485816,OK,47.0
mistralai/Mistral-7B-v0.1,blackwell,1,1048576,HBM-only,4,151.9,1.0,13.179385063125634,13.179385063125634,OK,28.3
mistralai/Mistral-7B-v0.1,blackwell,1,1048576,HBM-only,1,151.9,1.0,23.589170570485816,23.589170570485816,OK,29.5
mistralai/Mistral-7B-v0.1,blackwell,1,1048576,Naive,1,151.9,0.1,23.589170570485816,23.589170570485816,OK,23.7
mistralai/Mistral-7B-v0.1,blackwell,1,1048576,Naive,4,151.9,0.1,13.179385063125634,13.179385063125634,OK,22.8
meta-llama/Meta-Llama-3.1-405B,blackwell,1,131072,Sparse,1,877.6,0.1,114.65385076928817,114.65385076928817,OK,21.0
meta-llama/Meta-Llama-3.1-405B,blackwell,1,131072,HBM-only,8,877.6,1.0,39.17062920691152,39.17062920691152,OK,21.2
meta-llama/Meta-Llama-3.1-405B,blackwell,1,131072,Dense,2,877.6,1.0,77.92261704444925,77.92261704444925,OK,22.2
meta-llama/Meta-Llama-3.1-405B,blackwell,1,131072,Dense,4,877.6,1.0,51.979967127288184,51.979967127288184,OK,22.6
meta-llama/Meta-Llama-3.1-405B,blackwell,1,196608,Sparse,1,911.5,0.1,115.07537832128818,115.07537832128818,OK,22.7
meta-llama/Meta-Llama-3.1-405B,blackwell,1,196608,Dense,1,911.5,1.0,126.48885364928819,126.48885364928819,OK,23.5
meta-llama/Meta-Llama-3.1-405B,blackwell,1,196608,HBM-only,8,911.5,1.0,39.69911151091152,39.69911151091152,OK,24.3
meta-llama/Meta-Llama-3.1-405B,blackwell,1,196608,Dense,2,911.5,1.0,80.03654626044923,80.03654626044923,OK,24.7
meta-llama/Meta-Llama-3.1-405B,blackwell,1,196608,Sparse,8,911.5,0.1,39.69911151091152,39.69911151091152,OK,25.0
meta-llama/Meta-Llama-3.1-405B,blackwell,1,196608,Dense,8,911.5,1.0,39.69911151091152,39.69911151091152,OK,25.1
meta-llama/Meta-Llama-3.1-405B,blackwell,1,196608,Sparse,4,911.5,0.1,50.18356290328819,50.18356290328819,OK,25.3
meta-llama/Meta-Llama-3.1-405B,blackwell,1,196608,Naive,8,911.5,0.1,39.69911151091152,39.69911151091152,OK,4.4
meta-llama/Meta-Llama-3.1-405B,blackwell,1,131072,Dense,1,877.6,1.0,122.2609952172882,122.2609952172882,OK,25.6
meta-llama/Meta-Llama-3.1-405B,blackwell,1,131072,Dense,8,877.6,1.0,39.17062920691152,39.17062920691152,OK,25.7
meta-llama/Meta-Llama-3.1-405B,blackwell,1,196608,Naive,4,911.5,0.1,188.09919637528822,188.09919637528822,OK,5.3
meta-llama/Meta-Llama-3.1-405B,blackwell,1,131072,Sparse,8,877.6,0.1,39.17062920691152,39.17062920691152,OK,26.6
meta-llama/Meta-Llama-3.1-405B,blackwell,1,131072,Sparse,2,877.6,0.1,74.11904482044923,74.11904482044923,OK,27.0
meta-llama/Meta-Llama-3.1-405B,blackwell,1,131072,Sparse,4,877.6,0.1,50.07818101528819,50.07818101528819,OK,27.2
meta-llama/Meta-Llama-3.1-405B,blackwell,1,196608,Naive,1,911.5,0.1,666.7379122092882,666.7379122092882,OK,28.3
meta-llama/Meta-Llama-3.1-405B,blackwell,1,196608,Sparse,2,911.5,0.1,74.32980859644924,74.32980859644924,OK,29.6
meta-llama/Meta-Llama-3.1-405B,blackwell,1,131072,Naive,1,877.6,0.1,482.5035122092882,482.5035122092882,OK,30.4
meta-llama/Meta-Llama-3.1-405B,blackwell,1,196608,Dense,4,911.5,1.0,53.036931735288185,53.036931735288185,OK,30.8
meta-llama/Meta-Llama-3.1-405B,blackwell,1,131072,Naive,8,877.6,0.1,39.17062920691152,39.17062920691152,OK,31.3
meta-llama/Meta-Llama-3.1-405B,blackwell,1,131072,Naive,2,877.6,0.1,258.0438755404493,258.0438755404493,OK,31.7
meta-llama/Meta-Llama-3.1-405B,blackwell,1,131072,Naive,4,877.6,0.1,142.0405963752882,142.0405963752882,OK,32.2
meta-llama/Meta-Llama-3.1-405B,blackwell,1,196608,Naive,2,911.5,0.1,350.16107554044936,350.16107554044936,OK,34.5
meta-llama/Meta-Llama-3.1-405B,blackwell,1,262144,Dense,1,945.3,1.0,130.7167120812882,130.7167120812882,OK,16.0
meta-llama/Meta-Llama-3.1-405B,blackwell,1,262144,Naive,1,945.3,0.1,851.0057522092883,851.0057522092883,OK,13.3
meta-llama/Meta-Llama-3.1-405B,blackwell,1,262144,Sparse,1,945.3,0.1,,,FAIL(1),3.8
meta-llama/Meta-Llama-3.1-405B,blackwell,1,262144,Dense,2,945.3,1.0,,,FAIL(1),3.8
meta-llama/Meta-Llama-3.1-405B,blackwell,1,262144,Sparse,2,945.3,0.1,,,FAIL(1),3.9
meta-llama/Meta-Llama-3.1-405B,blackwell,1,262144,Sparse,4,945.3,0.1,,,FAIL(1),4.2
meta-llama/Meta-Llama-3.1-405B,blackwell,1,262144,Dense,4,945.3,1.0,,,FAIL(1),4.3
meta-llama/Meta-Llama-3.1-405B,blackwell,1,262144,HBM-only,8,945.3,1.0,,,FAIL(1),4.3
meta-llama/Meta-Llama-3.1-405B,blackwell,1,262144,Dense,8,945.3,1.0,,,FAIL(1),4.4
meta-llama/Meta-Llama-3.1-405B,blackwell,1,262144,Sparse,8,945.3,0.1,,,FAIL(1),4.7
meta-llama/Meta-Llama-3.1-405B,blackwell,1,393216,Dense,2,1012.9,1.0,,,FAIL(1),3.3
meta-llama/Meta-Llama-3.1-405B,blackwell,1,262144,Naive,2,945.3,0.1,,,FAIL(1),3.8
meta-llama/Meta-Llama-3.1-405B,blackwell,1,393216,Dense,1,1012.9,1.0,,,FAIL(1),3.6
meta-llama/Meta-Llama-3.1-405B,blackwell,1,262144,Naive,4,945.3,0.1,,,FAIL(1),4.2
meta-llama/Meta-Llama-3.1-405B,blackwell,1,393216,Dense,8,1012.9,1.0,,,FAIL(1),3.7
meta-llama/Meta-Llama-3.1-405B,blackwell,1,393216,Sparse,1,1012.9,0.1,,,FAIL(1),3.3
meta-llama/Meta-Llama-3.1-405B,blackwell,1,262144,Naive,8,945.3,0.1,,,FAIL(1),4.2
meta-llama/Meta-Llama-3.1-405B,blackwell,1,393216,Sparse,8,1012.9,0.1,,,FAIL(1),3.0
meta-llama/Meta-Llama-3.1-405B,blackwell,1,393216,Sparse,2,1012.9,0.1,,,FAIL(1),3.4
meta-llama/Meta-Llama-3.1-405B,blackwell,1,393216,HBM-only,8,1012.9,1.0,,,FAIL(1),3.1
meta-llama/Meta-Llama-3.1-405B,blackwell,1,393216,Naive,1,1012.9,0.1,,,FAIL(1),3.4
meta-llama/Meta-Llama-3.1-405B,blackwell,1,393216,Naive,2,1012.9,0.1,,,FAIL(1),3.4
meta-llama/Meta-Llama-3.1-405B,blackwell,1,393216,Naive,8,1012.9,0.1,,,FAIL(1),3.2
meta-llama/Meta-Llama-3.1-405B,blackwell,1,393216,Dense,4,1012.9,1.0,56.20782555928819,56.20782555928819,OK,13.4
meta-llama/Meta-Llama-3.1-405B,blackwell,1,393216,Naive,4,1012.9,0.1,326.3244843752882,326.3244843752882,OK,10.4
meta-llama/Meta-Llama-3.1-405B,blackwell,1,393216,Sparse,4,1012.9,0.1,50.50128143128818,50.50128143128818,OK,10.9
meta-llama/Meta-Llama-3.1-405B,blackwell,1,524288,Dense,1,1080.6,1.0,147.62814580928818,147.62814580928818,OK,24.4
meta-llama/Meta-Llama-3.1-405B,blackwell,1,524288,Dense,2,1080.6,1.0,90.60619234044923,90.60619234044923,OK,25.4
meta-llama/Meta-Llama-3.1-405B,blackwell,1,524288,Dense,8,1080.6,1.0,42.34152303091152,42.34152303091152,OK,25.5
meta-llama/Meta-Llama-3.1-405B,blackwell,1,524288,Dense,4,1080.6,1.0,58.321754775288184,58.321754775288184,OK,25.6
meta-llama/Meta-Llama-3.1-405B,blackwell,1,524288,Sparse,2,1080.6,0.1,75.38677320444924,75.38677320444924,OK,19.6
meta-llama/Meta-Llama-3.1-405B,blackwell,1,524288,Sparse,8,1080.6,0.1,42.34152303091152,42.34152303091152,OK,19.3
meta-llama/Meta-Llama-3.1-405B,blackwell,1,524288,Sparse,4,1080.6,0.1,50.712045207288185,50.712045207288185,OK,19.5
meta-llama/Meta-Llama-3.1-405B,blackwell,1,524288,Sparse,1,1080.6,0.1,117.18930753728819,117.18930753728819,OK,25.8
meta-llama/Meta-Llama-3.1-405B,blackwell,1,524288,HBM-only,8,1080.6,1.0,42.34152303091152,42.34152303091152,OK,6.8
meta-llama/Meta-Llama-3.1-405B,blackwell,1,524288,Naive,1,1080.6,0.1,1588.1740722092884,1588.1740722092884,OK,6.5
meta-llama/Meta-Llama-3.1-405B,blackwell,1,524288,Naive,4,1080.6,0.1,418.4582363752881,418.4582363752881,OK,6.6
meta-llama/Meta-Llama-3.1-405B,blackwell,1,524288,Naive,2,1080.6,0.1,810.8791555404492,810.8791555404492,OK,7.0
meta-llama/Meta-Llama-3.1-405B,blackwell,1,524288,Naive,8,1080.6,0.1,42.34152303091152,42.34152303091152,OK,6.7
meta-llama/Meta-Llama-3.1-405B,blackwell,1,786432,Dense,4,1215.9,1.0,,,FAIL(1),1.7
meta-llama/Meta-Llama-3.1-405B,blackwell,1,786432,Dense,1,1215.9,1.0,,,FAIL(1),2.0
meta-llama/Meta-Llama-3.1-405B,blackwell,1,786432,Dense,2,1215.9,1.0,,,FAIL(1),2.0
meta-llama/Meta-Llama-3.1-405B,blackwell,1,393216,Sparse,8,1012.9,0.1,,,FAIL(1),3.0
meta-llama/Meta-Llama-3.1-405B,blackwell,1,393216,Naive,8,1012.9,0.1,,,FAIL(1),3.1
meta-llama/Meta-Llama-3.1-405B,blackwell,1,786432,Dense,8,1215.9,1.0,,,FAIL(1),1.5
meta-llama/Meta-Llama-3.1-405B,blackwell,1,393216,Dense,8,1012.9,1.0,,,FAIL(1),3.2
meta-llama/Meta-Llama-3.1-405B,blackwell,1,393216,Dense,2,1012.9,1.0,,,FAIL(1),3.3
meta-llama/Meta-Llama-3.1-405B,blackwell,1,393216,HBM-only,8,1012.9,1.0,,,FAIL(1),3.3
meta-llama/Meta-Llama-3.1-405B,blackwell,1,393216,Naive,2,1012.9,0.1,,,FAIL(1),3.3
meta-llama/Meta-Llama-3.1-405B,blackwell,1,393216,Dense,1,1012.9,1.0,,,FAIL(1),3.4
meta-llama/Meta-Llama-3.1-405B,blackwell,1,393216,Sparse,2,1012.9,0.1,,,FAIL(1),3.6
meta-llama/Meta-Llama-3.1-405B,blackwell,1,393216,Naive,1,1012.9,0.1,,,FAIL(1),3.6
meta-llama/Meta-Llama-3.1-405B,blackwell,1,262144,Sparse,2,945.3,0.1,,,FAIL(1),3.7
meta-llama/Meta-Llama-3.1-405B,blackwell,1,262144,Naive,2,945.3,0.1,,,FAIL(1),3.9
meta-llama/Meta-Llama-3.1-405B,blackwell,1,786432,Sparse,1,1215.9,0.1,,,FAIL(1),1.9
meta-llama/Meta-Llama-3.1-405B,blackwell,1,262144,Sparse,1,945.3,0.1,,,FAIL(1),3.9
meta-llama/Meta-Llama-3.1-405B,blackwell,1,393216,Sparse,1,1012.9,0.1,,,FAIL(1),4.0
meta-llama/Meta-Llama-3.1-405B,blackwell,1,786432,Sparse,2,1215.9,0.1,,,FAIL(1),2.0
meta-llama/Meta-Llama-3.1-405B,blackwell,1,262144,Dense,2,945.3,1.0,,,FAIL(1),4.2
meta-llama/Meta-Llama-3.1-405B,blackwell,1,262144,Naive,4,945.3,0.1,,,FAIL(1),4.4
meta-llama/Meta-Llama-3.1-405B,blackwell,1,786432,Sparse,8,1215.9,0.1,,,FAIL(1),1.3
meta-llama/Meta-Llama-3.1-405B,blackwell,1,262144,HBM-only,8,945.3,1.0,,,FAIL(1),4.5
meta-llama/Meta-Llama-3.1-405B,blackwell,1,786432,HBM-only,8,1215.9,1.0,,,FAIL(1),1.3
meta-llama/Meta-Llama-3.1-405B,blackwell,1,262144,Dense,8,945.3,1.0,,,FAIL(1),4.5
meta-llama/Meta-Llama-3.1-405B,blackwell,1,262144,Sparse,4,945.3,0.1,,,FAIL(1),4.5
meta-llama/Meta-Llama-3.1-405B,blackwell,1,262144,Sparse,8,945.3,0.1,,,FAIL(1),4.5
meta-llama/Meta-Llama-3.1-405B,blackwell,1,262144,Dense,4,945.3,1.0,,,FAIL(1),4.5
meta-llama/Meta-Llama-3.1-405B,blackwell,1,262144,Naive,8,945.3,0.1,,,FAIL(1),4.5
meta-llama/Meta-Llama-3.1-405B,blackwell,1,786432,Naive,8,1215.9,0.1,,,FAIL(1),1.3
meta-llama/Meta-Llama-3.1-405B,blackwell,1,786432,Sparse,4,1215.9,0.1,,,FAIL(1),1.7
meta-llama/Meta-Llama-3.1-405B,blackwell,1,786432,Naive,4,1215.9,0.1,,,FAIL(1),1.6
meta-llama/Meta-Llama-3.1-405B,blackwell,1,786432,Naive,1,1215.9,0.1,,,FAIL(1),2.0
meta-llama/Meta-Llama-3.1-405B,blackwell,1,786432,Naive,2,1215.9,0.1,,,FAIL(1),2.0
meta-llama/Meta-Llama-3.1-405B,blackwell,1,1048576,Dense,1,1351.2,1.0,181.4510132652882,181.4510132652882,OK,41.5
meta-llama/Meta-Llama-3.1-405B,blackwell,1,1048576,Naive,1,1351.2,0.1,3062.4786162092882,3062.4786162092882,OK,42.0
meta-llama/Meta-Llama-3.1-405B,blackwell,1,1048576,Sparse,1,1351.2,0.1,120.57411086528819,120.57411086528819,OK,42.5
meta-llama/Meta-Llama-3.1-405B,blackwell,2,131072,Dense,1,945.3,1.0,159.10683250965553,159.10683250965553,OK,3.2
meta-llama/Meta-Llama-3.1-405B,blackwell,2,131072,Dense,2,945.3,1.0,100.51267566560688,100.51267566560688,OK,3.4
meta-llama/Meta-Llama-3.1-405B,blackwell,1,1048576,Dense,8,1351.2,1.0,46.56938146291153,46.56938146291153,OK,48.7
meta-llama/Meta-Llama-3.1-405B,blackwell,2,131072,Dense,4,945.3,1.0,66.49877120515556,66.49877120515556,OK,3.3
meta-llama/Meta-Llama-3.1-405B,blackwell,2,131072,Dense,8,945.3,1.0,49.69430277268472,49.69430277268472,OK,3.2
meta-llama/Meta-Llama-3.1-405B,blackwell,1,1048576,HBM-only,8,1351.2,1.0,46.56938146291153,46.56938146291153,OK,49.4
meta-llama/Meta-Llama-3.1-405B,blackwell,1,1048576,Naive,8,1351.2,0.1,46.56938146291153,46.56938146291153,OK,49.0
meta-llama/Meta-Llama-3.1-405B,blackwell,1,1048576,Sparse,8,1351.2,0.1,46.56938146291153,46.56938146291153,OK,49.5
meta-llama/Meta-Llama-3.1-405B,blackwell,1,1048576,Dense,2,1351.2,1.0,107.51762606844925,107.51762606844925,OK,51.2
meta-llama/Meta-Llama-3.1-405B,blackwell,1,1048576,Naive,2,1351.2,0.1,1548.031427540449,1548.031427540449,OK,51.3
meta-llama/Meta-Llama-3.1-405B,blackwell,2,131072,Sparse,1,945.3,0.1,143.89254361365556,143.89254361365556,OK,3.4
meta-llama/Meta-Llama-3.1-405B,blackwell,1,1048576,Sparse,2,1351.2,0.1,77.07917486844924,77.07917486844924,OK,52.3
meta-llama/Meta-Llama-3.1-405B,blackwell,2,131072,Sparse,2,945.3,0.1,92.90553121760688,92.90553121760688,OK,3.4
meta-llama/Meta-Llama-3.1-405B,blackwell,2,131072,Sparse,4,945.3,0.1,62.695198981155556,62.695198981155556,OK,3.4
meta-llama/Meta-Llama-3.1-405B,blackwell,2,131072,Naive,1,945.3,0.1,879.5672904936556,879.5672904936556,OK,3.4
meta-llama/Meta-Llama-3.1-405B,blackwell,2,131072,HBM-only,8,945.3,1.0,49.69430277268472,49.69430277268472,OK,3.5
meta-llama/Meta-Llama-3.1-405B,blackwell,1,1048576,Dense,4,1351.2,1.0,66.77747163928818,66.77747163928818,OK,53.5
meta-llama/Meta-Llama-3.1-405B,blackwell,2,131072,Sparse,8,945.3,0.1,49.69430277268472,49.69430277268472,OK,3.7
meta-llama/Meta-Llama-3.1-405B,blackwell,1,1048576,Naive,4,1351.2,0.1,787.034372375288,787.034372375288,OK,53.7
meta-llama/Meta-Llama-3.1-405B,blackwell,2,131072,Naive,2,945.3,0.1,460.74290465760686,460.74290465760686,OK,3.3
meta-llama/Meta-Llama-3.1-405B,blackwell,1,1048576,Sparse,4,1351.2,0.1,51.558246039288186,51.558246039288186,OK,54.4
meta-llama/Meta-Llama-3.1-405B,blackwell,2,131072,Naive,4,945.3,0.1,246.61388570115562,246.61388570115562,OK,3.4
meta-llama/Meta-Llama-3.1-405B,blackwell,2,131072,Naive,8,945.3,0.1,49.69430277268472,49.69430277268472,OK,3.3
meta-llama/Meta-Llama-3.1-405B,blackwell,2,196608,Dense,1,1012.9,1.0,167.56254937365554,167.56254937365554,OK,3.9
meta-llama/Meta-Llama-3.1-405B,blackwell,2,196608,Dense,2,1012.9,1.0,104.74053409760687,104.74053409760687,OK,4.0
meta-llama/Meta-Llama-3.1-405B,blackwell,2,196608,Dense,4,1012.9,1.0,68.61270042115557,68.61270042115557,OK,4.0
meta-llama/Meta-Llama-3.1-405B,blackwell,2,196608,Sparse,1,1012.9,0.1,144.73559871765556,144.73559871765556,OK,3.8
meta-llama/Meta-Llama-3.1-405B,blackwell,2,196608,Dense,8,1012.9,1.0,50.75126738068472,50.75126738068472,OK,4.1
meta-llama/Meta-Llama-3.1-405B,blackwell,2,196608,Sparse,2,1012.9,0.1,93.32705876960686,93.32705876960686,OK,4.1
meta-llama/Meta-Llama-3.1-405B,blackwell,2,196608,Sparse,4,1012.9,0.1,62.90596275715556,62.90596275715556,OK,4.1
meta-llama/Meta-Llama-3.1-405B,blackwell,2,196608,Sparse,8,1012.9,0.1,50.75126738068472,50.75126738068472,OK,3.8
meta-llama/Meta-Llama-3.1-405B,blackwell,2,196608,HBM-only,8,1012.9,1.0,50.75126738068472,50.75126738068472,OK,4.1
meta-llama/Meta-Llama-3.1-405B,blackwell,2,196608,Naive,1,1012.9,0.1,1248.060666493656,1248.060666493656,OK,4.0
meta-llama/Meta-Llama-3.1-405B,blackwell,2,196608,Naive,4,1012.9,0.1,338.7372297011556,338.7372297011556,OK,3.9
meta-llama/Meta-Llama-3.1-405B,blackwell,2,196608,Naive,2,1012.9,0.1,644.9895926576069,644.9895926576069,OK,4.2
meta-llama/Meta-Llama-3.1-405B,blackwell,2,262144,Dense,2,1080.6,1.0,,,FAIL(1),3.6
meta-llama/Meta-Llama-3.1-405B,blackwell,2,196608,Naive,8,1012.9,0.1,50.75126738068472,50.75126738068472,OK,4.0
meta-llama/Meta-Llama-3.1-405B,blackwell,2,262144,Dense,1,1080.6,1.0,,,FAIL(1),3.9
meta-llama/Meta-Llama-3.1-405B,blackwell,2,262144,Dense,4,1080.6,1.0,,,FAIL(1),4.0
meta-llama/Meta-Llama-3.1-405B,blackwell,2,262144,Sparse,2,1080.6,0.1,,,FAIL(1),3.8
meta-llama/Meta-Llama-3.1-405B,blackwell,2,262144,Sparse,1,1080.6,0.1,,,FAIL(1),4.1
meta-llama/Meta-Llama-3.1-405B,blackwell,2,262144,Dense,8,1080.6,1.0,,,FAIL(1),4.3
meta-llama/Meta-Llama-3.1-405B,blackwell,2,262144,Sparse,8,1080.6,0.1,,,FAIL(1),4.1
meta-llama/Meta-Llama-3.1-405B,blackwell,2,262144,Sparse,4,1080.6,0.1,,,FAIL(1),4.4
meta-llama/Meta-Llama-3.1-405B,blackwell,2,262144,HBM-only,8,1080.6,1.0,,,FAIL(1),4.0
meta-llama/Meta-Llama-3.1-405B,blackwell,2,262144,Naive,1,1080.6,0.1,,,FAIL(1),3.6
meta-llama/Meta-Llama-3.1-405B,blackwell,2,262144,Naive,2,1080.6,0.1,,,FAIL(1),3.8
meta-llama/Meta-Llama-3.1-405B,blackwell,2,393216,Dense,1,1215.9,1.0,,,FAIL(1),3.3
meta-llama/Meta-Llama-3.1-405B,blackwell,2,393216,Dense,2,1215.9,1.0,,,FAIL(1),3.2
meta-llama/Meta-Llama-3.1-405B,blackwell,2,262144,Naive,8,1080.6,0.1,,,FAIL(1),4.0
meta-llama/Meta-Llama-3.1-405B,blackwell,2,262144,Naive,4,1080.6,0.1,,,FAIL(1),4.3
meta-llama/Meta-Llama-3.1-405B,blackwell,2,393216,Dense,8,1215.9,1.0,,,FAIL(1),3.1
meta-llama/Meta-Llama-3.1-405B,blackwell,2,393216,Sparse,1,1215.9,0.1,,,FAIL(1),3.2
meta-llama/Meta-Llama-3.1-405B,blackwell,2,393216,Sparse,8,1215.9,0.1,,,FAIL(1),3.1
meta-llama/Meta-Llama-3.1-405B,blackwell,2,393216,Sparse,2,1215.9,0.1,,,FAIL(1),3.4
meta-llama/Meta-Llama-3.1-405B,blackwell,2,393216,HBM-only,8,1215.9,1.0,,,FAIL(1),3.1
meta-llama/Meta-Llama-3.1-405B,blackwell,2,393216,Naive,1,1215.9,0.1,,,FAIL(1),3.5
meta-llama/Meta-Llama-3.1-405B,blackwell,2,393216,Dense,4,1215.9,1.0,74.95448806915556,74.95448806915556,OK,5.5
meta-llama/Meta-Llama-3.1-405B,blackwell,2,393216,Naive,2,1215.9,0.1,,,FAIL(1),3.2
meta-llama/Meta-Llama-3.1-405B,blackwell,2,393216,Naive,8,1215.9,0.1,,,FAIL(1),3.0
meta-llama/Meta-Llama-3.1-405B,blackwell,2,393216,Sparse,4,1215.9,0.1,63.54022016515555,63.54022016515555,OK,5.7
meta-llama/Meta-Llama-3.1-405B,blackwell,2,393216,Naive,4,1215.9,0.1,615.1632297011555,615.1632297011555,OK,5.8
meta-llama/Meta-Llama-3.1-405B,blackwell,2,524288,Dense,1,1351.2,1.0,209.8411336936556,209.8411336936556,OK,6.3
meta-llama/Meta-Llama-3.1-405B,blackwell,2,524288,Dense,2,1351.2,1.0,125.87982625760688,125.87982625760688,OK,6.8
meta-llama/Meta-Llama-3.1-405B,blackwell,2,524288,Dense,4,1351.2,1.0,79.18234650115556,79.18234650115556,OK,6.7
meta-llama/Meta-Llama-3.1-405B,blackwell,2,524288,Sparse,1,1351.2,0.1,148.96345714965557,148.96345714965557,OK,6.2
meta-llama/Meta-Llama-3.1-405B,blackwell,2,524288,Dense,8,1351.2,1.0,56.03609042068472,56.03609042068472,OK,6.8
meta-llama/Meta-Llama-3.1-405B,blackwell,2,524288,Sparse,2,1351.2,0.1,95.44098798560688,95.44098798560688,OK,6.5
meta-llama/Meta-Llama-3.1-405B,blackwell,2,786432,Dense,1,1621.7,1.0,,,FAIL(1),2.0
meta-llama/Meta-Llama-3.1-405B,blackwell,2,786432,Dense,2,1621.7,1.0,,,FAIL(1),2.0
meta-llama/Meta-Llama-3.1-405B,blackwell,2,524288,Sparse,8,1351.2,0.1,56.03609042068472,56.03609042068472,OK,6.7
meta-llama/Meta-Llama-3.1-405B,blackwell,2,524288,Sparse,4,1351.2,0.1,63.96292736515556,63.96292736515556,OK,6.7
meta-llama/Meta-Llama-3.1-405B,blackwell,2,524288,Naive,1,1351.2,0.1,3090.908410493655,3090.908410493655,OK,6.2
meta-llama/Meta-Llama-3.1-405B,blackwell,2,786432,Dense,4,1621.7,1.0,,,FAIL(1),1.6
meta-llama/Meta-Llama-3.1-405B,blackwell,2,786432,Dense,8,1621.7,1.0,,,FAIL(1),1.3
meta-llama/Meta-Llama-3.1-405B,blackwell,2,524288,HBM-only,8,1351.2,1.0,56.03609042068472,56.03609042068472,OK,7.0
meta-llama/Meta-Llama-3.1-405B,blackwell,2,786432,Sparse,1,1621.7,0.1,,,FAIL(1),1.9
meta-llama/Meta-Llama-3.1-405B,blackwell,2,786432,Sparse,8,1621.7,0.1,,,FAIL(1),1.3
meta-llama/Meta-Llama-3.1-405B,blackwell,2,786432,Naive,8,1621.7,0.1,,,FAIL(1),1.3
meta-llama/Meta-Llama-3.1-405B,blackwell,2,524288,Naive,2,1351.2,0.1,1566.4134646576067,1566.4134646576067,OK,6.8
meta-llama/Meta-Llama-3.1-405B,blackwell,2,786432,Sparse,4,1621.7,0.1,,,FAIL(1),1.6
meta-llama/Meta-Llama-3.1-405B,blackwell,2,786432,Naive,4,1621.7,0.1,,,FAIL(1),1.5
meta-llama/Meta-Llama-3.1-405B,blackwell,2,786432,Sparse,2,1621.7,0.1,,,FAIL(1),2.0
meta-llama/Meta-Llama-3.1-405B,blackwell,2,786432,Naive,1,1621.7,0.1,,,FAIL(1),1.9
meta-llama/Meta-Llama-3.1-405B,blackwell,2,786432,Naive,2,1621.7,0.1,,,FAIL(1),1.9
meta-llama/Meta-Llama-3.1-405B,blackwell,2,524288,Naive,4,1351.2,0.1,799.4491657011554,799.4491657011554,OK,6.8
meta-llama/Meta-Llama-3.1-405B,blackwell,1,2097152,Dense,1,1892.3,1.0,249.0967481772882,249.0967481772882,OK,76.2
meta-llama/Meta-Llama-3.1-405B,blackwell,2,524288,Naive,8,1351.2,0.1,56.03609042068472,56.03609042068472,OK,6.9
meta-llama/Meta-Llama-3.1-405B,blackwell,1,2097152,Sparse,1,1892.3,0.1,127.3374260652882,127.3374260652882,OK,77.6
meta-llama/Meta-Llama-3.1-405B,blackwell,1,2097152,Naive,1,1892.3,0.1,6010.989400209288,6010.989400209288,OK,79.7
meta-llama/Meta-Llama-3.1-405B,blackwell,1,2097152,Dense,8,1892.3,1.0,55.02509832691153,55.02509832691153,OK,83.3
meta-llama/Meta-Llama-3.1-405B,blackwell,2,1048576,Dense,1,1892.3,1.0,277.48686860565556,277.48686860565556,OK,10.4
meta-llama/Meta-Llama-3.1-405B,blackwell,2,1048576,Sparse,1,1892.3,0.1,155.72834521365553,155.72834521365553,OK,10.5
meta-llama/Meta-Llama-3.1-405B,blackwell,1,2097152,Naive,8,1892.3,0.1,50.038507687848494,50.038507687848494,OK,44.6
meta-llama/Meta-Llama-3.1-405B,blackwell,2,1048576,Naive,1,1892.3,0.1,6039.443770493655,6039.443770493655,OK,10.4
meta-llama/Meta-Llama-3.1-405B,blackwell,2,1048576,Dense,2,1892.3,1.0,159.70269371360686,159.70269371360686,OK,11.4
meta-llama/Meta-Llama-3.1-405B,blackwell,2,1048576,Dense,4,1892.3,1.0,96.09378022915556,96.09378022915556,OK,11.1
meta-llama/Meta-Llama-3.1-405B,blackwell,2,1048576,Sparse,2,1892.3,0.1,98.82343201760689,98.82343201760689,OK,11.4
meta-llama/Meta-Llama-3.1-405B,blackwell,2,1048576,Dense,8,1892.3,1.0,64.49180728468474,64.49180728468474,OK,11.6
meta-llama/Meta-Llama-3.1-405B,blackwell,1,2097152,Sparse,8,1892.3,0.1,49.56413172211153,49.56413172211153,OK,85.7
meta-llama/Meta-Llama-3.1-405B,blackwell,2,1048576,Sparse,4,1892.3,0.1,65.65414938115556,65.65414938115556,OK,11.6
meta-llama/Meta-Llama-3.1-405B,blackwell,2,1048576,Sparse,8,1892.3,0.1,59.03084067988473,59.03084067988473,OK,11.5
meta-llama/Meta-Llama-3.1-405B,blackwell,2,1048576,Naive,2,1892.3,0.1,3040.681144657606,3040.681144657606,OK,11.4
meta-llama/Meta-Llama-3.1-405B,blackwell,2,1048576,Naive,4,1892.3,0.1,1536.5830057011553,1536.5830057011553,OK,11.2
meta-llama/Meta-Llama-3.1-405B,blackwell,2,1048576,Naive,8,1892.3,0.1,59.505216645621694,59.505216645621694,OK,11.2
meta-llama/Meta-Llama-3.1-405B,blackwell,4,131072,Dense,1,1080.6,1.0,176.02510652565556,176.02510652565556,OK,3.4
meta-llama/Meta-Llama-3.1-405B,blackwell,4,131072,Dense,4,1080.6,1.0,70.73230870915556,70.73230870915556,OK,3.3
meta-llama/Meta-Llama-3.1-405B,blackwell,4,131072,Dense,8,1080.6,1.0,51.81371752468472,51.81371752468472,OK,3.5
meta-llama/Meta-Llama-3.1-405B,blackwell,4,131072,Dense,2,1080.6,1.0,108.97445867360688,108.97445867360688,OK,3.6
meta-llama/Meta-Llama-3.1-405B,blackwell,4,131072,Sparse,2,1080.6,0.1,93.75702404960687,93.75702404960687,OK,3.4
meta-llama/Meta-Llama-3.1-405B,blackwell,4,131072,Sparse,1,1080.6,0.1,145.59023727765555,145.59023727765555,OK,3.6
meta-llama/Meta-Llama-3.1-405B,blackwell,1,2097152,Dense,4,1892.3,1.0,83.68890536728821,83.68890536728821,OK,92.1
meta-llama/Meta-Llama-3.1-405B,blackwell,4,131072,Sparse,8,1080.6,0.1,51.81371752468472,51.81371752468472,OK,3.4
meta-llama/Meta-Llama-3.1-405B,blackwell,4,131072,Sparse,4,1080.6,0.1,63.123591397155565,63.123591397155565,OK,3.7
meta-llama/Meta-Llama-3.1-405B,blackwell,4,131072,HBM-only,8,1080.6,1.0,51.81371752468472,51.81371752468472,OK,3.4
meta-llama/Meta-Llama-3.1-405B,blackwell,4,131072,Naive,1,1080.6,0.1,1616.7739904936557,1616.7739904936557,OK,3.5
meta-llama/Meta-Llama-3.1-405B,blackwell,1,2097152,Dense,2,1892.3,1.0,141.34049352444924,141.34049352444924,OK,93.4
meta-llama/Meta-Llama-3.1-405B,blackwell,1,2097152,Sparse,4,1892.3,0.1,53.249074839288184,53.249074839288184,OK,93.2
meta-llama/Meta-Llama-3.1-405B,blackwell,1,2097152,Naive,4,1892.3,0.1,1524.1620683752883,1524.1620683752883,OK,92.8
meta-llama/Meta-Llama-3.1-405B,blackwell,1,2097152,Sparse,2,1892.3,0.1,80.46083246844924,80.46083246844924,OK,93.7
meta-llama/Meta-Llama-3.1-405B,blackwell,1,2097152,Naive,2,1892.3,0.1,3022.286819540449,3022.286819540449,OK,93.3
meta-llama/Meta-Llama-3.1-405B,blackwell,4,131072,Naive,2,1080.6,0.1,829.3489006576068,829.3489006576068,OK,3.7
meta-llama/Meta-Llama-3.1-405B,blackwell,4,131072,Naive,4,1080.6,0.1,430.9195297011556,430.9195297011556,OK,3.8
meta-llama/Meta-Llama-3.1-405B,blackwell,4,131072,Naive,8,1080.6,0.1,51.81371752468472,51.81371752468472,OK,3.7
meta-llama/Meta-Llama-3.1-405B,blackwell,2,2097152,Dense,1,2974.7,1.0,412.7783384296555,412.7783384296555,OK,19.1
meta-llama/Meta-Llama-3.1-405B,blackwell,4,196608,Dense,1,1215.9,1.0,192.93654025365552,192.93654025365552,OK,4.0
meta-llama/Meta-Llama-3.1-405B,blackwell,4,196608,Dense,2,1215.9,1.0,117.43017553760686,117.43017553760686,OK,4.1
meta-llama/Meta-Llama-3.1-405B,blackwell,4,196608,Dense,4,1215.9,1.0,74.96016714115555,74.96016714115555,OK,4.1
meta-llama/Meta-Llama-3.1-405B,blackwell,4,196608,Dense,8,1215.9,1.0,53.92764674068472,53.92764674068472,OK,4.1
meta-llama/Meta-Llama-3.1-405B,blackwell,4,196608,Sparse,1,1215.9,0.1,147.27634748565555,147.27634748565555,OK,4.0
meta-llama/Meta-Llama-3.1-405B,blackwell,4,196608,Sparse,2,1215.9,0.1,94.60007915360688,94.60007915360688,OK,4.1
meta-llama/Meta-Llama-3.1-405B,blackwell,4,196608,Sparse,4,1215.9,0.1,63.54511894915556,63.54511894915556,OK,4.2
meta-llama/Meta-Llama-3.1-405B,blackwell,4,196608,Sparse,8,1215.9,0.1,53.92764674068472,53.92764674068472,OK,4.2
meta-llama/Meta-Llama-3.1-405B,blackwell,4,196608,HBM-only,8,1215.9,1.0,53.92764674068472,53.92764674068472,OK,4.1
meta-llama/Meta-Llama-3.1-405B,blackwell,2,2097152,Dense,2,2974.7,1.0,227.34842862560689,227.34842862560689,OK,20.7
meta-llama/Meta-Llama-3.1-405B,blackwell,4,196608,Naive,1,1215.9,0.1,2353.8017024936553,2353.8017024936553,OK,4.0
meta-llama/Meta-Llama-3.1-405B,blackwell,4,196608,Naive,2,1215.9,0.1,1197.8627566576067,1197.8627566576067,OK,4.1
meta-llama/Meta-Llama-3.1-405B,blackwell,4,196608,Naive,4,1215.9,0.1,615.1764577011555,615.1764577011555,OK,4.1
meta-llama/Meta-Llama-3.1-405B,blackwell,4,196608,Naive,8,1215.9,0.1,53.92764674068472,53.92764674068472,OK,4.1
meta-llama/Meta-Llama-3.1-405B,blackwell,4,262144,Dense,1,1351.2,1.0,,,FAIL(1),3.8
meta-llama/Meta-Llama-3.1-405B,blackwell,4,262144,Dense,2,1351.2,1.0,,,FAIL(1),3.7
meta-llama/Meta-Llama-3.1-405B,blackwell,4,262144,Sparse,2,1351.2,0.1,,,FAIL(1),3.7
meta-llama/Meta-Llama-3.1-405B,blackwell,4,262144,Dense,8,1351.2,1.0,,,FAIL(1),4.0
meta-llama/Meta-Llama-3.1-405B,blackwell,4,262144,Sparse,1,1351.2,0.1,,,FAIL(1),3.9
meta-llama/Meta-Llama-3.1-405B,blackwell,4,262144,Dense,4,1351.2,1.0,,,FAIL(1),4.3
meta-llama/Meta-Llama-3.1-405B,blackwell,4,262144,Sparse,4,1351.2,0.1,,,FAIL(1),4.3
meta-llama/Meta-Llama-3.1-405B,blackwell,4,262144,Naive,2,1351.2,0.1,,,FAIL(1),3.6
meta-llama/Meta-Llama-3.1-405B,blackwell,4,262144,Naive,1,1351.2,0.1,,,FAIL(1),3.8
meta-llama/Meta-Llama-3.1-405B,blackwell,4,262144,Sparse,8,1351.2,0.1,,,FAIL(1),4.4
meta-llama/Meta-Llama-3.1-405B,blackwell,4,262144,HBM-only,8,1351.2,1.0,,,FAIL(1),4.3
meta-llama/Meta-Llama-3.1-405B,blackwell,2,2097152,Sparse,1,2974.7,0.1,169.2596942056556,169.2596942056556,OK,19.4
meta-llama/Meta-Llama-3.1-405B,blackwell,4,262144,Naive,4,1351.2,0.1,,,FAIL(1),4.3
meta-llama/Meta-Llama-3.1-405B,blackwell,4,393216,Dense,1,1621.7,1.0,,,FAIL(1),3.5
meta-llama/Meta-Llama-3.1-405B,blackwell,2,2097152,Naive,1,2974.7,0.1,11936.539066493657,11936.539066493657,OK,18.6
meta-llama/Meta-Llama-3.1-405B,blackwell,2,2097152,Dense,8,2974.7,1.0,81.40324101268475,81.40324101268475,OK,20.7
meta-llama/Meta-Llama-3.1-405B,blackwell,4,393216,Dense,2,1621.7,1.0,,,FAIL(1),3.4
meta-llama/Meta-Llama-3.1-405B,blackwell,4,262144,Naive,8,1351.2,0.1,,,FAIL(1),4.4
meta-llama/Meta-Llama-3.1-405B,blackwell,4,393216,Dense,8,1621.7,1.0,,,FAIL(1),3.2
meta-llama/Meta-Llama-3.1-405B,blackwell,2,2097152,Dense,4,2974.7,1.0,129.91664768515557,129.91664768515557,OK,24.3
meta-llama/Meta-Llama-3.1-405B,blackwell,4,393216,Sparse,2,1621.7,0.1,,,FAIL(1),3.4
meta-llama/Meta-Llama-3.1-405B,blackwell,4,393216,Sparse,1,1621.7,0.1,,,FAIL(1),3.4
meta-llama/Meta-Llama-3.1-405B,blackwell,4,393216,Sparse,8,1621.7,0.1,,,FAIL(1),3.2
meta-llama/Meta-Llama-3.1-405B,blackwell,4,393216,Naive,1,1621.7,0.1,,,FAIL(1),3.4
meta-llama/Meta-Llama-3.1-405B,blackwell,4,393216,Naive,2,1621.7,0.1,,,FAIL(1),3.5
meta-llama/Meta-Llama-3.1-405B,blackwell,4,393216,Naive,8,1621.7,0.1,,,FAIL(1),3.2
meta-llama/Meta-Llama-3.1-405B,blackwell,2,2097152,Naive,2,2974.7,0.1,5989.228792657607,5989.228792657607,OK,20.6
meta-llama/Meta-Llama-3.1-405B,blackwell,2,2097152,Sparse,4,2974.7,0.1,69.03698662915555,69.03698662915555,OK,20.9
meta-llama/Meta-Llama-3.1-405B,blackwell,2,2097152,Sparse,8,2974.7,0.1,60.721925991884724,60.721925991884724,OK,20.8
meta-llama/Meta-Llama-3.1-405B,blackwell,2,2097152,Naive,4,2974.7,0.1,3010.856829701156,3010.856829701156,OK,20.3
meta-llama/Meta-Llama-3.1-405B,blackwell,2,2097152,Sparse,2,2974.7,0.1,105.58910651360688,105.58910651360688,OK,21.5
meta-llama/Meta-Llama-3.1-405B,blackwell,2,2097152,Naive,8,2974.7,0.1,63.16424026602489,63.16424026602489,OK,20.7
meta-llama/Meta-Llama-3.1-405B,blackwell,4,393216,Dense,4,1621.7,1.0,87.64374243715555,87.64374243715555,OK,6.1
meta-llama/Meta-Llama-3.1-405B,blackwell,4,786432,Dense,8,2433.5,1.0,,,FAIL(1),1.3
meta-llama/Meta-Llama-3.1-405B,blackwell,4,786432,Dense,4,2433.5,1.0,,,FAIL(1),1.7
meta-llama/Meta-Llama-3.1-405B,blackwell,4,786432,Sparse,4,2433.5,0.1,,,FAIL(1),1.6
meta-llama/Meta-Llama-3.1-405B,blackwell,4,786432,Dense,1,2433.5,1.0,,,FAIL(1),2.0
meta-llama/Meta-Llama-3.1-405B,blackwell,4,786432,Sparse,8,2433.5,0.1,,,FAIL(1),1.3
meta-llama/Meta-Llama-3.1-405B,blackwell,4,786432,Dense,2,2433.5,1.0,,,FAIL(1),2.1
meta-llama/Meta-Llama-3.1-405B,blackwell,4,786432,Sparse,1,2433.5,0.1,,,FAIL(1),2.0
meta-llama/Meta-Llama-3.1-405B,blackwell,4,786432,Sparse,2,2433.5,0.1,,,FAIL(1),2.1
meta-llama/Meta-Llama-3.1-405B,blackwell,4,393216,Sparse,4,1621.7,0.1,64.81442019715556,64.81442019715556,OK,6.5
meta-llama/Meta-Llama-3.1-405B,blackwell,4,393216,Naive,4,1621.7,0.1,1168.0448417011555,1168.0448417011555,OK,6.0
meta-llama/Meta-Llama-3.1-405B,blackwell,4,786432,Naive,1,2433.5,0.1,,,FAIL(1),2.0
meta-llama/Meta-Llama-3.1-405B,blackwell,4,786432,Naive,8,2433.5,0.1,,,FAIL(1),1.3
meta-llama/Meta-Llama-3.1-405B,blackwell,4,786432,Naive,4,2433.5,0.1,,,FAIL(1),1.7
meta-llama/Meta-Llama-3.1-405B,blackwell,4,786432,Naive,2,2433.5,0.1,,,FAIL(1),2.1
meta-llama/Meta-Llama-3.1-405B,blackwell,4,524288,Dense,1,1892.3,1.0,277.49370889365554,277.49370889365554,OK,6.8
meta-llama/Meta-Llama-3.1-405B,blackwell,4,524288,Dense,2,1892.3,1.0,159.70875985760688,159.70875985760688,OK,7.2
meta-llama/Meta-Llama-3.1-405B,blackwell,4,524288,Sparse,1,1892.3,0.1,155.73206434965553,155.73206434965553,OK,6.6
meta-llama/Meta-Llama-3.1-405B,blackwell,4,524288,Dense,4,1892.3,1.0,96.09945930115558,96.09945930115558,OK,7.1
meta-llama/Meta-Llama-3.1-405B,blackwell,4,524288,Sparse,2,1892.3,0.1,98.82793758560686,98.82793758560686,OK,6.8
meta-llama/Meta-Llama-3.1-405B,blackwell,4,524288,Dense,8,1892.3,1.0,64.49729282068473,64.49729282068473,OK,7.2
meta-llama/Meta-Llama-3.1-405B,blackwell,4,524288,Naive,1,1892.3,0.1,6039.488998493655,6039.488998493655,OK,6.9
meta-llama/Meta-Llama-3.1-405B,blackwell,4,524288,Sparse,8,1892.3,0.1,59.03623912468473,59.03623912468473,OK,7.1
meta-llama/Meta-Llama-3.1-405B,blackwell,4,524288,Sparse,4,1892.3,0.1,65.65904816515555,65.65904816515555,OK,7.2
meta-llama/Meta-Llama-3.1-405B,blackwell,4,524288,Naive,4,1892.3,0.1,1536.5982817011557,1536.5982817011557,OK,6.9
meta-llama/Meta-Llama-3.1-405B,blackwell,4,524288,Naive,2,1892.3,0.1,3040.706404657606,3040.706404657606,OK,7.3
meta-llama/Meta-Llama-3.1-405B,blackwell,4,524288,Naive,8,1892.3,0.1,59.51062265574392,59.51062265574392,OK,6.9
meta-llama/Meta-Llama-3.1-405B,blackwell,8,131072,Dense,1,1351.2,1.0,209.86165455765556,209.86165455765556,OK,3.7
meta-llama/Meta-Llama-3.1-405B,blackwell,8,131072,Dense,2,1351.2,1.0,125.89802468960687,125.89802468960687,OK,3.8
meta-llama/Meta-Llama-3.1-405B,blackwell,8,131072,Dense,4,1351.2,1.0,79.19938371715556,79.19938371715556,OK,3.9
meta-llama/Meta-Llama-3.1-405B,blackwell,4,1048576,Dense,1,2974.7,1.0,412.7851787176556,412.7851787176556,OK,10.9
meta-llama/Meta-Llama-3.1-405B,blackwell,4,1048576,Sparse,1,2974.7,0.1,169.26498620565553,169.26498620565553,OK,10.9
meta-llama/Meta-Llama-3.1-405B,blackwell,4,1048576,Naive,1,2974.7,0.1,11936.608870493657,11936.608870493657,OK,10.4
meta-llama/Meta-Llama-3.1-405B,blackwell,8,131072,Dense,8,1351.2,1.0,56.05254702868473,56.05254702868473,OK,3.8
meta-llama/Meta-Llama-3.1-405B,blackwell,4,1048576,Dense,2,2974.7,1.0,227.3544947696069,227.3544947696069,OK,11.7
meta-llama/Meta-Llama-3.1-405B,blackwell,4,1048576,Dense,8,2974.7,1.0,81.40872654868474,81.40872654868474,OK,11.6
meta-llama/Meta-Llama-3.1-405B,blackwell,4,1048576,Dense,4,2974.7,1.0,129.92232675715556,129.92232675715556,OK,11.8
meta-llama/Meta-Llama-3.1-405B,blackwell,4,1048576,Sparse,4,2974.7,0.1,69.04227862915555,69.04227862915555,OK,11.5
meta-llama/Meta-Llama-3.1-405B,blackwell,8,131072,Sparse,1,1351.2,0.1,148.98562460565554,148.98562460565554,OK,3.7
meta-llama/Meta-Llama-3.1-405B,blackwell,4,1048576,Sparse,8,2974.7,0.1,60.72729540628474,60.72729540628474,OK,11.3
meta-llama/Meta-Llama-3.1-405B,blackwell,4,1048576,Sparse,2,2974.7,0.1,105.59439851360689,105.59439851360689,OK,11.8
meta-llama/Meta-Llama-3.1-405B,blackwell,8,131072,Sparse,2,1351.2,0.1,95.46000971360688,95.46000971360688,OK,3.8
meta-llama/Meta-Llama-3.1-405B,blackwell,4,1048576,Naive,4,2974.7,0.1,3010.878249701156,3010.878249701156,OK,11.8
meta-llama/Meta-Llama-3.1-405B,blackwell,4,1048576,Naive,8,2974.7,0.1,63.16961976752121,63.16961976752121,OK,11.8
meta-llama/Meta-Llama-3.1-405B,blackwell,4,1048576,Naive,2,2974.7,0.1,5989.266340657608,5989.266340657608,OK,13.1
meta-llama/Meta-Llama-3.1-405B,blackwell,8,131072,Sparse,8,1351.2,0.1,56.05254702868473,56.05254702868473,OK,3.6
meta-llama/Meta-Llama-3.1-405B,blackwell,8,131072,Sparse,4,1351.2,0.1,63.98037622915556,63.98037622915556,OK,3.9
meta-llama/Meta-Llama-3.1-405B,blackwell,8,131072,Naive,2,1351.2,0.1,1566.5772766576067,1566.5772766576067,OK,3.6
meta-llama/Meta-Llama-3.1-405B,blackwell,8,131072,HBM-only,8,1351.2,1.0,56.05254702868473,56.05254702868473,OK,3.9
meta-llama/Meta-Llama-3.1-405B,blackwell,8,131072,Naive,1,1351.2,0.1,3091.2201584936556,3091.2201584936556,OK,3.8
meta-llama/Meta-Llama-3.1-405B,blackwell,8,131072,Naive,4,1351.2,0.1,799.5390097011555,799.5390097011555,OK,3.6
meta-llama/Meta-Llama-3.1-405B,blackwell,8,131072,Naive,8,1351.2,0.1,56.05254702868473,56.05254702868473,OK,3.8
meta-llama/Meta-Llama-3.1-405B,blackwell,8,196608,Dense,1,1621.7,1.0,243.68452201365557,243.68452201365557,OK,4.3
meta-llama/Meta-Llama-3.1-405B,blackwell,8,196608,Sparse,1,1621.7,0.1,152.36413647765556,152.36413647765556,OK,4.0
meta-llama/Meta-Llama-3.1-405B,blackwell,8,196608,Dense,4,1621.7,1.0,87.65510058115555,87.65510058115555,OK,4.3
meta-llama/Meta-Llama-3.1-405B,blackwell,8,196608,Dense,2,1621.7,1.0,142.8094584176069,142.8094584176069,OK,4.5
meta-llama/Meta-Llama-3.1-405B,blackwell,8,196608,Dense,8,1621.7,1.0,60.28040546068472,60.28040546068472,OK,4.3
meta-llama/Meta-Llama-3.1-405B,blackwell,8,196608,Sparse,2,1621.7,0.1,97.14926564960687,97.14926564960687,OK,4.2
meta-llama/Meta-Llama-3.1-405B,blackwell,8,196608,Sparse,4,1621.7,0.1,64.82500419715556,64.82500419715556,OK,4.7
meta-llama/Meta-Llama-3.1-405B,blackwell,8,196608,Sparse,8,1621.7,0.1,58.62445338388473,58.62445338388473,OK,4.3
meta-llama/Meta-Llama-3.1-405B,blackwell,8,196608,Naive,1,1621.7,0.1,4565.414846493656,4565.414846493656,OK,4.2
meta-llama/Meta-Llama-3.1-405B,blackwell,8,196608,Naive,2,1621.7,0.1,2303.6746206576063,2303.6746206576063,OK,4.4
meta-llama/Meta-Llama-3.1-405B,blackwell,8,262144,Dense,2,1892.3,1.0,,,FAIL(1),3.8
meta-llama/Meta-Llama-3.1-405B,blackwell,8,262144,Dense,1,1892.3,1.0,,,FAIL(1),3.9
meta-llama/Meta-Llama-3.1-405B,blackwell,8,196608,Naive,4,1621.7,0.1,1168.0876817011558,1168.0876817011558,OK,4.3
meta-llama/Meta-Llama-3.1-405B,blackwell,8,196608,Naive,8,1621.7,0.1,58.768300420956095,58.768300420956095,OK,4.3
meta-llama/Meta-Llama-3.1-405B,blackwell,8,262144,Sparse,2,1892.3,0.1,,,FAIL(1),3.6
meta-llama/Meta-Llama-3.1-405B,blackwell,8,262144,Sparse,1,1892.3,0.1,,,FAIL(1),3.9
meta-llama/Meta-Llama-3.1-405B,blackwell,8,262144,Dense,4,1892.3,1.0,,,FAIL(1),4.6
meta-llama/Meta-Llama-3.1-405B,blackwell,8,262144,Dense,8,1892.3,1.0,,,FAIL(1),4.2
meta-llama/Meta-Llama-3.1-405B,blackwell,8,262144,Sparse,4,1892.3,0.1,,,FAIL(1),4.3
meta-llama/Meta-Llama-3.1-405B,blackwell,8,262144,Sparse,8,1892.3,0.1,,,FAIL(1),4.4
meta-llama/Meta-Llama-3.1-405B,blackwell,8,262144,Naive,1,1892.3,0.1,,,FAIL(1),3.9
meta-llama/Meta-Llama-3.1-405B,blackwell,8,262144,Naive,2,1892.3,0.1,,,FAIL(1),3.9
meta-llama/Meta-Llama-3.1-405B,blackwell,8,393216,Dense,2,2433.5,1.0,,,FAIL(1),3.2
meta-llama/Meta-Llama-3.1-405B,blackwell,8,393216,Dense,1,2433.5,1.0,,,FAIL(1),3.3
meta-llama/Meta-Llama-3.1-405B,blackwell,8,393216,Dense,8,2433.5,1.0,,,FAIL(1),3.2
meta-llama/Meta-Llama-3.1-405B,blackwell,8,262144,Naive,4,1892.3,0.1,,,FAIL(1),4.3
meta-llama/Meta-Llama-3.1-405B,blackwell,4,2097152,Dense,2,5139.3,1.0,362.6459645936069,362.6459645936069,OK,20.9
meta-llama/Meta-Llama-3.1-405B,blackwell,8,393216,Sparse,1,2433.5,0.1,,,FAIL(1),3.5
meta-llama/Meta-Llama-3.1-405B,blackwell,8,393216,Sparse,2,2433.5,0.1,,,FAIL(1),3.4
meta-llama/Meta-Llama-3.1-405B,blackwell,8,262144,Naive,8,1892.3,0.1,,,FAIL(1),4.3
meta-llama/Meta-Llama-3.1-405B,blackwell,8,393216,Sparse,8,2433.5,0.1,,,FAIL(1),3.2
meta-llama/Meta-Llama-3.1-405B,blackwell,4,2097152,Dense,4,5139.3,1.0,197.5680616691556,197.5680616691556,OK,20.8
meta-llama/Meta-Llama-3.1-405B,blackwell,4,2097152,Dense,8,5139.3,1.0,115.23159400468472,115.23159400468472,OK,20.7
meta-llama/Meta-Llama-3.1-405B,blackwell,4,2097152,Sparse,2,5139.3,0.1,119.12417464160688,119.12417464160688,OK,20.7
meta-llama/Meta-Llama-3.1-405B,blackwell,8,393216,Naive,1,2433.5,0.1,,,FAIL(1),3.6
meta-llama/Meta-Llama-3.1-405B,blackwell,4,2097152,Sparse,4,5139.3,0.1,75.80716669315555,75.80716669315555,OK,20.6
meta-llama/Meta-Llama-3.1-405B,blackwell,8,393216,Naive,8,2433.5,0.1,,,FAIL(1),3.1
meta-llama/Meta-Llama-3.1-405B,blackwell,8,393216,Naive,2,2433.5,0.1,,,FAIL(1),3.4
meta-llama/Meta-Llama-3.1-405B,blackwell,4,2097152,Naive,4,5139.3,0.1,5959.413609701156,5959.413609701156,OK,20.5
meta-llama/Meta-Llama-3.1-405B,blackwell,4,2097152,Sparse,8,5139.3,0.1,64.10952409108472,64.10952409108472,OK,21.0
meta-llama/Meta-Llama-3.1-405B,blackwell,4,2097152,Naive,2,5139.3,0.1,11886.337060657606,11886.337060657606,OK,20.7
meta-llama/Meta-Llama-3.1-405B,blackwell,4,2097152,Naive,8,5139.3,0.1,86.10765576957945,86.10765576957945,OK,20.6
meta-llama/Meta-Llama-3.1-405B,blackwell,8,786432,Dense,8,4057.0,1.0,,,FAIL(1),1.3
meta-llama/Meta-Llama-3.1-405B,blackwell,8,786432,Dense,4,4057.0,1.0,,,FAIL(1),1.7
meta-llama/Meta-Llama-3.1-405B,blackwell,8,393216,Dense,4,2433.5,1.0,113.02225117315557,113.02225117315557,OK,6.4
meta-llama/Meta-Llama-3.1-405B,blackwell,8,786432,Sparse,8,4057.0,0.1,,,FAIL(1),1.3
meta-llama/Meta-Llama-3.1-405B,blackwell,8,786432,Sparse,4,4057.0,0.1,,,FAIL(1),1.6
meta-llama/Meta-Llama-3.1-405B,blackwell,8,786432,Naive,8,4057.0,0.1,,,FAIL(1),1.3
meta-llama/Meta-Llama-3.1-405B,blackwell,8,786432,Dense,2,4057.0,1.0,,,FAIL(1),2.1
meta-llama/Meta-Llama-3.1-405B,blackwell,8,786432,Naive,4,4057.0,0.1,,,FAIL(1),1.7
meta-llama/Meta-Llama-3.1-405B,blackwell,8,786432,Sparse,2,4057.0,0.1,,,FAIL(1),2.1
meta-llama/Meta-Llama-3.1-405B,blackwell,8,786432,Naive,2,4057.0,0.1,,,FAIL(1),2.1
meta-llama/Meta-Llama-3.1-405B,blackwell,8,393216,Sparse,4,2433.5,0.1,67.36203382915556,67.36203382915556,OK,6.3
meta-llama/Meta-Llama-3.1-405B,blackwell,8,393216,Naive,4,2433.5,0.1,2273.793729701156,2273.793729701156,OK,6.2
meta-llama/Meta-Llama-3.1-405B,blackwell,8,524288,Dense,1,2974.7,1.0,412.79885929365554,412.79885929365554,OK,6.8
meta-llama/Meta-Llama-3.1-405B,blackwell,8,524288,Dense,2,2974.7,1.0,227.3666270576069,227.3666270576069,OK,7.2
meta-llama/Meta-Llama-3.1-405B,blackwell,8,524288,Dense,4,2974.7,1.0,129.93368490115557,129.93368490115557,OK,7.3
meta-llama/Meta-Llama-3.1-405B,blackwell,8,524288,Sparse,1,2974.7,0.1,169.27557020565555,169.27557020565555,OK,7.1
meta-llama/Meta-Llama-3.1-405B,blackwell,8,524288,Naive,1,2974.7,0.1,11936.748478493655,11936.748478493655,OK,6.8
meta-llama/Meta-Llama-3.1-405B,blackwell,8,524288,Dense,8,2974.7,1.0,81.41969762068474,81.41969762068474,OK,7.4
meta-llama/Meta-Llama-3.1-405B,blackwell,8,524288,Sparse,8,2974.7,0.1,60.738034235084726,60.738034235084726,OK,7.1
meta-llama/Meta-Llama-3.1-405B,blackwell,8,524288,Sparse,2,2974.7,0.1,105.60498251360688,105.60498251360688,OK,7.3
meta-llama/Meta-Llama-3.1-405B,blackwell,8,524288,Sparse,4,2974.7,0.1,69.05286262915556,69.05286262915556,OK,7.3
meta-llama/Meta-Llama-3.1-405B,blackwell,8,524288,Naive,2,2974.7,0.1,5989.341436657607,5989.341436657607,OK,7.4
meta-llama/Meta-Llama-3.1-405B,blackwell,8,524288,Naive,4,2974.7,0.1,3010.9210897011562,3010.9210897011562,OK,7.4
meta-llama/Meta-Llama-3.1-405B,blackwell,8,524288,Naive,8,2974.7,0.1,63.180378770513855,63.180378770513855,OK,7.4
meta-llama/Meta-Llama-3.1-405B,blackwell,16,131072,Dense,1,1892.3,1.0,277.95403667126226,277.95403667126226,OK,4.6
meta-llama/Meta-Llama-3.1-405B,blackwell,16,131072,Dense,4,1892.3,1.0,96.52429128258538,96.52429128258538,OK,4.5
meta-llama/Meta-Llama-3.1-405B,blackwell,16,131072,Sparse,1,1892.3,0.1,156.19568531126225,156.19568531126225,OK,4.4
meta-llama/Meta-Llama-3.1-405B,blackwell,16,131072,Dense,2,1892.3,1.0,160.21069077383063,160.21069077383063,OK,4.7
meta-llama/Meta-Llama-3.1-405B,blackwell,16,131072,Sparse,2,1892.3,0.1,99.33151509383067,99.33151509383067,OK,4.7
meta-llama/Meta-Llama-3.1-405B,blackwell,16,131072,Dense,8,1892.3,1.0,64.98355771354366,64.98355771354366,OK,4.8
meta-llama/Meta-Llama-3.1-405B,blackwell,16,131072,Sparse,8,1892.3,0.1,59.52215565274366,59.52215565274366,OK,4.6
meta-llama/Meta-Llama-3.1-405B,blackwell,16,131072,Sparse,4,1892.3,0.1,66.08470344258538,66.08470344258538,OK,4.9
meta-llama/Meta-Llama-3.1-405B,blackwell,16,131072,Naive,1,1892.3,0.1,6040.564548543262,6040.564548543262,OK,4.7
meta-llama/Meta-Llama-3.1-405B,blackwell,8,1048576,Dense,2,5139.3,1.0,362.6580968816069,362.6580968816069,OK,11.8
meta-llama/Meta-Llama-3.1-405B,blackwell,8,1048576,Sparse,8,5139.3,0.1,64.12023388948474,64.12023388948474,OK,11.5
meta-llama/Meta-Llama-3.1-405B,blackwell,8,1048576,Sparse,2,5139.3,0.1,119.13475864160687,119.13475864160687,OK,11.8
meta-llama/Meta-Llama-3.1-405B,blackwell,8,1048576,Dense,8,5139.3,1.0,115.24256507668473,115.24256507668473,OK,12.0
meta-llama/Meta-Llama-3.1-405B,blackwell,8,1048576,Dense,4,5139.3,1.0,197.5794198131556,197.5794198131556,OK,12.0
meta-llama/Meta-Llama-3.1-405B,blackwell,8,1048576,Naive,8,5139.3,0.1,86.11843664794617,86.11843664794617,OK,11.9
meta-llama/Meta-Llama-3.1-405B,blackwell,8,1048576,Naive,4,5139.3,0.1,5959.456449701155,5959.456449701155,OK,12.1
meta-llama/Meta-Llama-3.1-405B,blackwell,8,1048576,Naive,2,5139.3,0.1,11886.412156657607,11886.412156657607,OK,13.2
meta-llama/Meta-Llama-3.1-405B,blackwell,8,1048576,Sparse,4,5139.3,0.1,75.81775069315555,75.81775069315555,OK,13.4
meta-llama/Meta-Llama-3.1-405B,blackwell,16,131072,Naive,2,1892.3,0.1,3041.515946709831,3041.515946709831,OK,4.8
meta-llama/Meta-Llama-3.1-405B,blackwell,16,131072,Naive,4,1892.3,0.1,1537.1769192505856,1537.1769192505856,OK,4.7
meta-llama/Meta-Llama-3.1-405B,blackwell,16,131072,Naive,8,1892.3,0.1,59.99656944509182,59.99656944509182,OK,4.9
meta-llama/Meta-Llama-3.1-405B,blackwell,16,196608,Dense,1,2433.5,1.0,345.59977158326234,345.59977158326234,OK,5.1
meta-llama/Meta-Llama-3.1-405B,blackwell,16,196608,Dense,2,2433.5,1.0,194.03355822983065,194.03355822983065,OK,5.3
meta-llama/Meta-Llama-3.1-405B,blackwell,16,196608,Dense,4,2433.5,1.0,113.43572501058539,113.43572501058539,OK,5.3
meta-llama/Meta-Llama-3.1-405B,blackwell,16,196608,Dense,8,2433.5,1.0,73.43927457754366,73.43927457754366,OK,5.2
meta-llama/Meta-Llama-3.1-405B,blackwell,16,196608,Sparse,1,2433.5,0.1,162.9527090552623,162.9527090552623,OK,5.1
meta-llama/Meta-Llama-3.1-405B,blackwell,16,196608,Sparse,2,2433.5,0.1,102.71002696583068,102.71002696583068,OK,5.4
meta-llama/Meta-Llama-3.1-405B,blackwell,16,196608,Sparse,4,2433.5,0.1,67.77395937858536,67.77395937858536,OK,5.2
meta-llama/Meta-Llama-3.1-405B,blackwell,16,262144,Dense,1,2974.7,1.0,,,FAIL(1),3.9
meta-llama/Meta-Llama-3.1-405B,blackwell,16,196608,Sparse,8,2433.5,0.1,60.36740800474366,60.36740800474366,OK,5.1
meta-llama/Meta-Llama-3.1-405B,blackwell,16,196608,Naive,1,2433.5,0.1,8988.929348543264,8988.929348543264,OK,5.2
meta-llama/Meta-Llama-3.1-405B,blackwell,16,196608,Naive,4,2433.5,0.1,2274.268119250586,2274.268119250586,OK,5.1
meta-llama/Meta-Llama-3.1-405B,blackwell,16,196608,Naive,2,2433.5,0.1,4515.69834670983,4515.69834670983,OK,5.3
meta-llama/Meta-Llama-3.1-405B,blackwell,16,262144,Dense,2,2974.7,1.0,,,FAIL(1),3.8
meta-llama/Meta-Llama-3.1-405B,blackwell,16,262144,Sparse,1,2974.7,0.1,,,FAIL(1),3.8
meta-llama/Meta-Llama-3.1-405B,blackwell,16,196608,Naive,8,2433.5,0.1,61.50291748103422,61.50291748103422,OK,5.2
meta-llama/Meta-Llama-3.1-405B,blackwell,16,262144,Dense,4,2974.7,1.0,,,FAIL(1),4.2
meta-llama/Meta-Llama-3.1-405B,blackwell,16,262144,Sparse,2,2974.7,0.1,,,FAIL(1),3.8
meta-llama/Meta-Llama-3.1-405B,blackwell,16,262144,Dense,8,2974.7,1.0,,,FAIL(1),4.4
meta-llama/Meta-Llama-3.1-405B,blackwell,16,262144,Sparse,4,2974.7,0.1,,,FAIL(1),4.3
meta-llama/Meta-Llama-3.1-405B,blackwell,16,262144,Naive,2,2974.7,0.1,,,FAIL(1),3.5
meta-llama/Meta-Llama-3.1-405B,blackwell,16,262144,Naive,1,2974.7,0.1,,,FAIL(1),3.9
meta-llama/Meta-Llama-3.1-405B,blackwell,16,262144,Sparse,8,2974.7,0.1,,,FAIL(1),4.4
meta-llama/Meta-Llama-3.1-405B,blackwell,16,262144,Naive,4,2974.7,0.1,,,FAIL(1),4.4
meta-llama/Meta-Llama-3.1-405B,blackwell,16,393216,Dense,2,4057.0,1.0,,,FAIL(1),3.4
meta-llama/Meta-Llama-3.1-405B,blackwell,16,393216,Dense,8,4057.0,1.0,,,FAIL(1),3.0
meta-llama/Meta-Llama-3.1-405B,blackwell,16,262144,Naive,8,2974.7,0.1,,,FAIL(1),4.4
meta-llama/Meta-Llama-3.1-405B,blackwell,16,393216,Sparse,2,4057.0,0.1,,,FAIL(1),3.4
meta-llama/Meta-Llama-3.1-405B,blackwell,16,393216,Naive,2,4057.0,0.1,,,FAIL(1),3.2
meta-llama/Meta-Llama-3.1-405B,blackwell,16,393216,Sparse,8,4057.0,0.1,,,FAIL(1),3.2
meta-llama/Meta-Llama-3.1-405B,blackwell,16,393216,Naive,8,4057.0,0.1,,,FAIL(1),3.2
meta-llama/Meta-Llama-3.1-405B,blackwell,16,786432,Dense,8,7304.0,1.0,,,FAIL(1),1.2
meta-llama/Meta-Llama-3.1-405B,blackwell,16,786432,Dense,4,7304.0,1.0,,,FAIL(1),1.6
meta-llama/Meta-Llama-3.1-405B,blackwell,8,2097152,Dense,4,9468.7,1.0,332.87088963715547,332.87088963715547,OK,20.9
meta-llama/Meta-Llama-3.1-405B,blackwell,16,786432,Sparse,8,7304.0,0.1,,,FAIL(1),1.3
meta-llama/Meta-Llama-3.1-405B,blackwell,8,2097152,Sparse,4,9468.7,0.1,89.34752682115555,89.34752682115555,OK,20.4
meta-llama/Meta-Llama-3.1-405B,blackwell,8,2097152,Dense,8,9468.7,1.0,182.8882999886847,182.8882999886847,OK,21.2
meta-llama/Meta-Llama-3.1-405B,blackwell,16,786432,Sparse,4,7304.0,0.1,,,FAIL(1),1.7
meta-llama/Meta-Llama-3.1-405B,blackwell,16,786432,Naive,4,7304.0,0.1,,,FAIL(1),1.7
meta-llama/Meta-Llama-3.1-405B,blackwell,16,786432,Naive,8,7304.0,0.1,,,FAIL(1),1.3
meta-llama/Meta-Llama-3.1-405B,blackwell,16,393216,Dense,4,4057.0,1.0,164.17002619458538,164.17002619458538,OK,7.1
meta-llama/Meta-Llama-3.1-405B,blackwell,8,2097152,Sparse,8,9468.7,0.1,70.88469125908473,70.88469125908473,OK,20.7
meta-llama/Meta-Llama-3.1-405B,blackwell,16,393216,Sparse,4,4057.0,0.1,72.84801864258536,72.84801864258536,OK,7.1
meta-llama/Meta-Llama-3.1-405B,blackwell,8,2097152,Naive,8,9468.7,0.1,131.99450865206268,131.99450865206268,OK,20.5
meta-llama/Meta-Llama-3.1-405B,blackwell,16,393216,Naive,4,4057.0,0.1,4485.678167250585,4485.678167250585,OK,7.2
meta-llama/Meta-Llama-3.1-405B,blackwell,8,2097152,Naive,4,9468.7,0.1,11856.527169701156,11856.527169701156,OK,21.0
meta-llama/Meta-Llama-3.1-405B,blackwell,16,524288,Dense,4,5139.3,1.0,197.99289365058536,197.99289365058536,OK,8.2
meta-llama/Meta-Llama-3.1-405B,blackwell,16,524288,Dense,2,5139.3,1.0,363.14789550983073,363.14789550983073,OK,8.3
meta-llama/Meta-Llama-3.1-405B,blackwell,16,524288,Dense,8,5139.3,1.0,115.71785889754366,115.71785889754366,OK,8.3
meta-llama/Meta-Llama-3.1-405B,blackwell,16,524288,Sparse,2,5139.3,0.1,119.62146069383066,119.62146069383066,OK,8.1
meta-llama/Meta-Llama-3.1-405B,blackwell,16,524288,Sparse,8,5139.3,0.1,64.59491807194367,64.59491807194367,OK,8.1
meta-llama/Meta-Llama-3.1-405B,blackwell,16,524288,Sparse,4,5139.3,0.1,76.22967624258537,76.22967624258537,OK,8.3
meta-llama/Meta-Llama-3.1-405B,blackwell,16,524288,Naive,2,5139.3,0.1,11887.027882709832,11887.027882709832,OK,8.0
meta-llama/Meta-Llama-3.1-405B,blackwell,16,524288,Naive,4,5139.3,0.1,5959.932887250586,5959.932887250586,OK,8.2
meta-llama/Meta-Llama-3.1-405B,blackwell,16,524288,Naive,8,5139.3,0.1,86.59341570766077,86.59341570766077,OK,8.0
meta-llama/Meta-Llama-3.1-405B,blackwell,32,131072,Dense,2,2974.7,1.0,228.86075238388378,228.86075238388378,OK,8.3
meta-llama/Meta-Llama-3.1-405B,blackwell,32,131072,Dense,1,2974.7,1.0,414.16779965492844,414.16779965492844,OK,8.5
meta-llama/Meta-Llama-3.1-405B,blackwell,32,131072,Dense,4,2974.7,1.0,131.1994446701011,131.1994446701011,OK,8.4
meta-llama/Meta-Llama-3.1-405B,blackwell,32,131072,Dense,8,2974.7,1.0,82.86851427702074,82.86851427702074,OK,8.3
meta-llama/Meta-Llama-3.1-405B,blackwell,32,131072,Sparse,1,2974.7,0.1,170.6463783429285,170.6463783429285,OK,8.5
meta-llama/Meta-Llama-3.1-405B,blackwell,32,131072,Sparse,2,2974.7,0.1,107.10004172788386,107.10004172788386,OK,8.6
meta-llama/Meta-Llama-3.1-405B,blackwell,16,1048576,Sparse,4,9468.7,0.1,89.75945237058538,89.75945237058538,OK,12.3
meta-llama/Meta-Llama-3.1-405B,blackwell,16,1048576,Dense,4,9468.7,1.0,333.2843634745853,333.2843634745853,OK,12.8
meta-llama/Meta-Llama-3.1-405B,blackwell,32,131072,Sparse,4,2974.7,0.1,70.31908934210108,70.31908934210108,OK,8.2
meta-llama/Meta-Llama-3.1-405B,blackwell,16,1048576,Sparse,8,9468.7,0.1,71.35937544154366,71.35937544154366,OK,12.5
meta-llama/Meta-Llama-3.1-405B,blackwell,32,131072,Sparse,8,2974.7,0.1,62.18542840182074,62.18542840182074,OK,8.2
meta-llama/Meta-Llama-3.1-405B,blackwell,16,1048576,Naive,8,9468.7,0.1,132.46948771177728,132.46948771177728,OK,12.3
meta-llama/Meta-Llama-3.1-405B,blackwell,16,1048576,Dense,8,9468.7,1.0,183.36359380954372,183.36359380954372,OK,12.9
meta-llama/Meta-Llama-3.1-405B,blackwell,32,131072,Naive,1,2974.7,0.1,11939.274135398931,11939.274135398931,OK,8.2
meta-llama/Meta-Llama-3.1-405B,blackwell,16,1048576,Naive,4,9468.7,0.1,11857.003607250586,11857.003607250586,OK,12.7
meta-llama/Meta-Llama-3.1-405B,blackwell,32,131072,Naive,2,2974.7,0.1,5991.413920255885,5991.413920255885,OK,8.7
meta-llama/Meta-Llama-3.1-405B,blackwell,32,131072,Naive,8,2974.7,0.1,64.62794488817977,64.62794488817977,OK,8.3
meta-llama/Meta-Llama-3.1-405B,blackwell,32,131072,Naive,4,2974.7,0.1,3012.4760286061014,3012.4760286061014,OK,8.4
meta-llama/Meta-Llama-3.1-405B,blackwell,32,196608,Dense,2,4057.0,1.0,296.50648729588386,296.50648729588386,OK,8.9
meta-llama/Meta-Llama-3.1-405B,blackwell,32,196608,Dense,4,4057.0,1.0,165.02231212610107,165.02231212610107,OK,8.8
meta-llama/Meta-Llama-3.1-405B,blackwell,32,196608,Dense,8,4057.0,1.0,99.77994800502074,99.77994800502074,OK,8.8
meta-llama/Meta-Llama-3.1-405B,blackwell,32,262144,Dense,2,5139.3,1.0,,,FAIL(1),3.9
meta-llama/Meta-Llama-3.1-405B,blackwell,32,262144,Sparse,2,5139.3,0.1,,,FAIL(1),3.8
meta-llama/Meta-Llama-3.1-405B,blackwell,32,262144,Naive,2,5139.3,0.1,,,FAIL(1),3.9
meta-llama/Meta-Llama-3.1-405B,blackwell,32,262144,Dense,4,5139.3,1.0,,,FAIL(1),4.4
meta-llama/Meta-Llama-3.1-405B,blackwell,32,262144,Sparse,4,5139.3,0.1,,,FAIL(1),4.2
meta-llama/Meta-Llama-3.1-405B,blackwell,32,393216,Dense,8,7304.0,1.0,,,FAIL(1),3.2
meta-llama/Meta-Llama-3.1-405B,blackwell,32,262144,Dense,8,5139.3,1.0,,,FAIL(1),4.4
meta-llama/Meta-Llama-3.1-405B,blackwell,32,262144,Sparse,8,5139.3,0.1,,,FAIL(1),4.4
meta-llama/Meta-Llama-3.1-405B,blackwell,32,262144,Naive,4,5139.3,0.1,,,FAIL(1),4.3
meta-llama/Meta-Llama-3.1-405B,blackwell,32,262144,Naive,8,5139.3,0.1,,,FAIL(1),4.2
meta-llama/Meta-Llama-3.1-405B,blackwell,32,393216,Sparse,8,7304.0,0.1,,,FAIL(1),2.9
meta-llama/Meta-Llama-3.1-405B,blackwell,32,393216,Naive,8,7304.0,0.1,,,FAIL(1),2.9
meta-llama/Meta-Llama-3.1-405B,blackwell,32,786432,Dense,8,13798.0,1.0,,,FAIL(1),1.3
meta-llama/Meta-Llama-3.1-405B,blackwell,32,786432,Sparse,8,13798.0,0.1,,,FAIL(1),1.2
meta-llama/Meta-Llama-3.1-405B,blackwell,32,786432,Naive,8,13798.0,0.1,,,FAIL(1),1.3
meta-llama/Meta-Llama-3.1-405B,blackwell,32,196608,Sparse,2,4057.0,0.1,113.85627903988384,113.85627903988384,OK,9.1
meta-llama/Meta-Llama-3.1-405B,blackwell,32,196608,Sparse,4,4057.0,0.1,73.69720799810106,73.69720799810106,OK,9.1
meta-llama/Meta-Llama-3.1-405B,blackwell,32,196608,Sparse,8,4057.0,0.1,63.87625244022073,63.87625244022073,OK,8.7
meta-llama/Meta-Llama-3.1-405B,blackwell,32,196608,Naive,2,4057.0,0.1,8939.774624255886,8939.774624255886,OK,9.0
meta-llama/Meta-Llama-3.1-405B,blackwell,32,196608,Naive,8,4057.0,0.1,76.0971816429497,76.0971816429497,OK,8.9
meta-llama/Meta-Llama-3.1-405B,blackwell,32,196608,Naive,4,4057.0,0.1,4486.656380606101,4486.656380606101,OK,9.2
meta-llama/Meta-Llama-3.1-405B,blackwell,16,2097152,Sparse,8,18127.3,0.1,84.88858048474366,84.88858048474366,OK,21.5
meta-llama/Meta-Llama-3.1-405B,blackwell,16,2097152,Naive,8,18127.3,0.1,224.22141296626944,224.22141296626944,OK,21.6
meta-llama/Meta-Llama-3.1-405B,blackwell,16,2097152,Dense,8,18127.3,1.0,318.65506363354365,318.65506363354365,OK,21.9
meta-llama/Meta-Llama-3.1-405B,blackwell,32,393216,Dense,4,7304.0,1.0,266.49091449410105,266.49091449410105,OK,10.5
meta-llama/Meta-Llama-3.1-405B,blackwell,32,393216,Sparse,4,7304.0,0.1,83.84571974210108,83.84571974210108,OK,10.6
meta-llama/Meta-Llama-3.1-405B,blackwell,32,393216,Naive,4,7304.0,0.1,8909.486716606103,8909.486716606103,OK,10.8
meta-llama/Meta-Llama-3.1-405B,blackwell,32,524288,Dense,4,9468.7,1.0,334.1366494061011,334.1366494061011,OK,11.7
meta-llama/Meta-Llama-3.1-405B,blackwell,32,524288,Dense,8,9468.7,1.0,184.3371166450207,184.3371166450207,OK,11.9
meta-llama/Meta-Llama-3.1-405B,blackwell,32,524288,Naive,4,9468.7,0.1,11857.9818206061,11857.9818206061,OK,11.7
meta-llama/Meta-Llama-3.1-405B,blackwell,32,524288,Sparse,8,9468.7,0.1,72.33159190902074,72.33159190902074,OK,11.8
meta-llama/Meta-Llama-3.1-405B,blackwell,32,524288,Sparse,4,9468.7,0.1,90.60864172610108,90.60864172610108,OK,12.0
meta-llama/Meta-Llama-3.1-405B,blackwell,32,524288,Naive,8,9468.7,0.1,133.44244665108795,133.44244665108795,OK,12.0
meta-llama/Meta-Llama-3.1-405B,blackwell,64,262144,Dense,4,9468.7,1.0,,,FAIL(1),4.1
meta-llama/Meta-Llama-3.1-405B,blackwell,64,262144,Dense,8,9468.7,1.0,,,FAIL(1),4.2
meta-llama/Meta-Llama-3.1-405B,blackwell,64,262144,Sparse,4,9468.7,0.1,,,FAIL(1),4.0
meta-llama/Meta-Llama-3.1-405B,blackwell,64,262144,Naive,4,9468.7,0.1,,,FAIL(1),3.9
meta-llama/Meta-Llama-3.1-405B,blackwell,64,262144,Sparse,8,9468.7,0.1,,,FAIL(1),4.1
meta-llama/Meta-Llama-3.1-405B,blackwell,64,262144,Naive,8,9468.7,0.1,,,FAIL(1),4.0
meta-llama/Meta-Llama-3.1-405B,blackwell,32,1048576,Dense,8,18127.3,1.0,319.62858646902083,319.62858646902083,OK,16.0
meta-llama/Meta-Llama-3.1-405B,blackwell,32,1048576,Sparse,8,18127.3,0.1,85.86076792182074,85.86076792182074,OK,16.1
meta-llama/Meta-Llama-3.1-405B,blackwell,32,1048576,Naive,8,18127.3,0.1,225.19439378095413,225.19439378095413,OK,16.2
meta-llama/Meta-Llama-3.1-405B,blackwell,64,393216,Dense,8,13798.0,1.0,,,FAIL(1),3.0
meta-llama/Meta-Llama-3.1-405B,blackwell,64,393216,Sparse,8,13798.0,0.1,,,FAIL(1),3.0
meta-llama/Meta-Llama-3.1-405B,blackwell,64,393216,Naive,8,13798.0,0.1,,,FAIL(1),2.9
meta-llama/Meta-Llama-3.1-405B,blackwell,64,131072,Dense,8,5139.3,1.0,114.63064158875449,128.18197981774244,OK,22.2
meta-llama/Meta-Llama-3.1-405B,blackwell,64,131072,Sparse,8,5139.3,0.1,66.31187764888242,76.93265503627035,OK,21.8
meta-llama/Meta-Llama-3.1-405B,blackwell,64,131072,Dense,4,5139.3,1.0,199.59189608992781,213.05235504779517,OK,23.3
meta-llama/Meta-Llama-3.1-405B,blackwell,64,131072,Sparse,4,5139.3,0.1,78.6750126419278,91.29164439179516,OK,22.6
meta-llama/Meta-Llama-3.1-405B,blackwell,64,131072,Dense,2,5139.3,1.0,366.2589997298775,366.2589997298775,OK,24.2
meta-llama/Meta-Llama-3.1-405B,blackwell,64,131072,Naive,8,5139.3,0.1,86.93691327695537,98.93271831242522,OK,21.7
meta-llama/Meta-Llama-3.1-405B,blackwell,64,131072,Sparse,2,5139.3,0.1,122.73679198587745,122.73679198587745,OK,24.0
meta-llama/Meta-Llama-3.1-405B,blackwell,64,131072,Naive,2,5139.3,0.1,11891.33666347388,11891.33666347388,OK,24.4
meta-llama/Meta-Llama-3.1-405B,blackwell,64,196608,Dense,8,7304.0,1.0,146.86875238875447,162.0048402737424,OK,22.6
meta-llama/Meta-Llama-3.1-405B,blackwell,64,131072,Naive,4,5139.3,0.1,5963.189144593928,5963.189144593928,OK,24.1
meta-llama/Meta-Llama-3.1-405B,blackwell,64,196608,Sparse,4,7304.0,0.1,85.32429520192778,98.04630883979516,OK,23.7
meta-llama/Meta-Llama-3.1-405B,blackwell,64,196608,Dense,4,7304.0,1.0,267.5026016659278,280.6980969597951,OK,24.0
meta-llama/Meta-Llama-3.1-405B,blackwell,64,196608,Sparse,8,7304.0,0.1,69.4825101992824,80.31465147787034,OK,22.4
meta-llama/Meta-Llama-3.1-405B,blackwell,128,262144,Sparse,8,18127.3,0.1,,,FAIL(1),4.1
meta-llama/Meta-Llama-3.1-405B,blackwell,128,262144,Naive,8,18127.3,0.1,,,FAIL(1),4.1
meta-llama/Meta-Llama-3.1-405B,blackwell,128,262144,Dense,8,18127.3,1.0,,,FAIL(1),4.5
meta-llama/Meta-Llama-3.1-405B,blackwell,64,196608,Naive,8,7304.0,0.1,108.44147789092527,121.87092931747608,OK,22.7
meta-llama/Meta-Llama-3.1-405B,blackwell,64,196608,Naive,4,7304.0,0.1,8911.535512593928,8911.535512593928,OK,24.3
meta-llama/Meta-Llama-3.1-405B,blackwell,64,524288,Dense,8,18127.3,1.0,309.9076279407545,331.11918455374246,OK,25.9
meta-llama/Meta-Llama-3.1-405B,blackwell,64,524288,Sparse,8,18127.3,0.1,85.3367470760824,97.22582393227034,OK,26.0
meta-llama/Meta-Llama-3.1-405B,blackwell,64,524288,Naive,8,18127.3,0.1,219.5301529035602,236.6839078240912,OK,27.1
meta-llama/Meta-Llama-3.1-405B,blackwell,128,131072,Sparse,8,9468.7,0.1,86.19193894914878,97.38622379900599,OK,69.2
meta-llama/Meta-Llama-3.1-405B,blackwell,128,131072,Dense,8,9468.7,1.0,200.17167367617463,200.17167367617463,OK,74.2
meta-llama/Meta-Llama-3.1-405B,blackwell,128,131072,Dense,4,9468.7,1.0,352.2341982909089,352.2341982909089,OK,74.6
meta-llama/Meta-Llama-3.1-405B,blackwell,128,131072,Sparse,4,9468.7,0.1,108.60529265890887,108.60529265890887,OK,74.3
meta-llama/Meta-Llama-3.1-405B,blackwell,128,131072,Naive,8,9468.7,0.1,147.82647362726962,158.44909430125915,OK,73.8
meta-llama/Meta-Llama-3.1-405B,blackwell,128,196608,Sparse,8,13798.0,0.1,92.6060547523488,104.13733095900601,OK,71.2
meta-llama/Meta-Llama-3.1-405B,blackwell,128,196608,Dense,8,13798.0,1.0,267.8174015881746,267.8174015881746,OK,76.1
meta-llama/Meta-Llama-3.1-405B,blackwell,128,196608,Naive,8,13798.0,0.1,195.149714184734,195.149714184734,OK,77.8
meta-llama/Meta-Llama-3.1-405B,blackwell,128,131072,Naive,4,9468.7,0.1,11865.013335678132,11865.013335678132,OK,85.1
meta-llama/Meta-Llama-3.1-405B,blackwell,1,262144,Sparse,1,945.3,0.1,115.4969058732882,115.4969058732882,OK,22.8
meta-llama/Meta-Llama-3.1-405B,blackwell,1,262144,Naive,2,945.3,0.1,442.2949955404493,442.2949955404493,OK,23.9
meta-llama/Meta-Llama-3.1-405B,blackwell,1,262144,Sparse,2,945.3,0.1,74.54057237244925,74.54057237244925,OK,23.9
meta-llama/Meta-Llama-3.1-405B,blackwell,1,262144,Dense,4,945.3,1.0,54.093896343288186,54.093896343288186,OK,24.1
meta-llama/Meta-Llama-3.1-405B,blackwell,1,262144,Sparse,8,945.3,0.1,40.22759381491153,40.22759381491153,OK,24.1
meta-llama/Meta-Llama-3.1-405B,blackwell,1,262144,Dense,2,945.3,1.0,82.15047547644923,82.15047547644923,OK,24.1
meta-llama/Meta-Llama-3.1-405B,blackwell,1,262144,Sparse,4,945.3,0.1,50.28894479128819,50.28894479128819,OK,24.2
meta-llama/Meta-Llama-3.1-405B,blackwell,1,262144,Dense,8,945.3,1.0,40.22759381491153,40.22759381491153,OK,24.3
meta-llama/Meta-Llama-3.1-405B,blackwell,1,262144,Naive,4,945.3,0.1,234.16615637528827,234.16615637528827,OK,24.3
meta-llama/Meta-Llama-3.1-405B,blackwell,1,262144,HBM-only,8,945.3,1.0,40.22759381491153,40.22759381491153,OK,24.4
meta-llama/Meta-Llama-3.1-405B,blackwell,1,262144,Naive,8,945.3,0.1,40.22759381491153,40.22759381491153,OK,24.2
meta-llama/Meta-Llama-3.1-405B,blackwell,1,393216,Dense,1,1012.9,1.0,139.17242894528817,139.17242894528817,OK,26.5
meta-llama/Meta-Llama-3.1-405B,blackwell,1,393216,Naive,1,1012.9,0.1,1219.6390642092886,1219.6390642092886,OK,26.5
meta-llama/Meta-Llama-3.1-405B,blackwell,1,393216,Sparse,1,1012.9,0.1,116.34625243328819,116.34625243328819,OK,26.8
meta-llama/Meta-Llama-3.1-405B,blackwell,1,393216,Dense,2,1012.9,1.0,86.37833390844924,86.37833390844924,OK,28.4
meta-llama/Meta-Llama-3.1-405B,blackwell,1,393216,Dense,8,1012.9,1.0,41.28455842291153,41.28455842291153,OK,28.5
meta-llama/Meta-Llama-3.1-405B,blackwell,1,393216,HBM-only,8,1012.9,1.0,41.28455842291153,41.28455842291153,OK,28.5
meta-llama/Meta-Llama-3.1-405B,blackwell,1,393216,Sparse,8,1012.9,0.1,41.28455842291153,41.28455842291153,OK,28.6
meta-llama/Meta-Llama-3.1-405B,blackwell,1,393216,Sparse,2,1012.9,0.1,74.96524565244923,74.96524565244923,OK,28.7
meta-llama/Meta-Llama-3.1-405B,blackwell,1,393216,Naive,2,1012.9,0.1,626.6116515404493,626.6116515404493,OK,28.5
meta-llama/Meta-Llama-3.1-405B,blackwell,1,393216,Naive,8,1012.9,0.1,41.28455842291153,41.28455842291153,OK,28.4
meta-llama/Meta-Llama-3.1-405B,blackwell,1,786432,Dense,1,1215.9,1.0,164.53957953728815,164.53957953728815,OK,39.6
meta-llama/Meta-Llama-3.1-405B,blackwell,1,786432,Sparse,1,1215.9,0.1,118.88170920128819,118.88170920128819,OK,39.4
meta-llama/Meta-Llama-3.1-405B,blackwell,1,786432,Dense,4,1215.9,1.0,62.54961320728819,62.54961320728819,OK,42.3
meta-llama/Meta-Llama-3.1-405B,blackwell,1,786432,Dense,2,1215.9,1.0,99.06190920444924,99.06190920444924,OK,42.8
meta-llama/Meta-Llama-3.1-405B,blackwell,1,786432,Dense,8,1215.9,1.0,44.45545224691152,44.45545224691152,OK,42.1
meta-llama/Meta-Llama-3.1-405B,blackwell,1,786432,Sparse,4,1215.9,0.1,51.13514562328818,51.13514562328818,OK,41.9
meta-llama/Meta-Llama-3.1-405B,blackwell,1,786432,Sparse,2,1215.9,0.1,76.23297403644924,76.23297403644924,OK,42.2
meta-llama/Meta-Llama-3.1-405B,blackwell,1,786432,Sparse,8,1215.9,0.1,44.45545224691152,44.45545224691152,OK,42.3
meta-llama/Meta-Llama-3.1-405B,blackwell,1,786432,HBM-only,8,1215.9,1.0,44.45545224691152,44.45545224691152,OK,42.3
meta-llama/Meta-Llama-3.1-405B,blackwell,1,786432,Naive,1,1215.9,0.1,2325.3102962092876,2325.3102962092876,OK,39.2
meta-llama/Meta-Llama-3.1-405B,blackwell,2,262144,Dense,1,1080.6,1.0,176.01826623765558,176.01826623765558,OK,22.4
meta-llama/Meta-Llama-3.1-405B,blackwell,2,262144,Sparse,1,1080.6,0.1,145.57865382165556,145.57865382165556,OK,22.4
meta-llama/Meta-Llama-3.1-405B,blackwell,2,262144,Dense,2,1080.6,1.0,108.96839252960687,108.96839252960687,OK,24.0
meta-llama/Meta-Llama-3.1-405B,blackwell,2,262144,Dense,4,1080.6,1.0,70.72662963715557,70.72662963715557,OK,23.9
meta-llama/Meta-Llama-3.1-405B,blackwell,2,262144,Dense,8,1080.6,1.0,51.808231988684724,51.808231988684724,OK,23.8
meta-llama/Meta-Llama-3.1-405B,blackwell,2,262144,Sparse,2,1080.6,0.1,93.74858632160688,93.74858632160688,OK,24.0
meta-llama/Meta-Llama-3.1-405B,blackwell,1,786432,Naive,2,1215.9,0.1,1179.447267540449,1179.447267540449,OK,42.7
meta-llama/Meta-Llama-3.1-405B,blackwell,1,786432,Naive,4,1215.9,0.1,602.7422923752881,602.7422923752881,OK,42.3
meta-llama/Meta-Llama-3.1-405B,blackwell,1,786432,Naive,8,1215.9,0.1,44.45545224691152,44.45545224691152,OK,42.3
meta-llama/Meta-Llama-3.1-405B,blackwell,2,262144,Sparse,4,1080.6,0.1,63.11672653315556,63.11672653315556,OK,24.0
meta-llama/Meta-Llama-3.1-405B,blackwell,2,262144,Sparse,8,1080.6,0.1,51.808231988684724,51.808231988684724,OK,23.8
meta-llama/Meta-Llama-3.1-405B,blackwell,2,262144,Naive,1,1080.6,0.1,1616.5963464936558,1616.5963464936558,OK,22.5
meta-llama/Meta-Llama-3.1-405B,blackwell,2,262144,HBM-only,8,1080.6,1.0,51.808231988684724,51.808231988684724,OK,23.8
meta-llama/Meta-Llama-3.1-405B,blackwell,2,262144,Naive,4,1080.6,0.1,430.87114970115556,430.87114970115556,OK,23.9
meta-llama/Meta-Llama-3.1-405B,blackwell,2,262144,Naive,2,1080.6,0.1,829.2574326576067,829.2574326576067,OK,24.1
meta-llama/Meta-Llama-3.1-405B,blackwell,2,262144,Naive,8,1080.6,0.1,51.808231988684724,51.808231988684724,OK,24.1
meta-llama/Meta-Llama-3.1-405B,blackwell,2,393216,Dense,1,1215.9,1.0,192.92969996565557,192.92969996565557,OK,26.4
meta-llama/Meta-Llama-3.1-405B,blackwell,2,393216,Dense,2,1215.9,1.0,117.42410939360687,117.42410939360687,OK,28.5
meta-llama/Meta-Llama-3.1-405B,blackwell,2,393216,Dense,8,1215.9,1.0,53.922161204684734,53.922161204684734,OK,28.6
meta-llama/Meta-Llama-3.1-405B,blackwell,2,393216,Sparse,1,1215.9,0.1,147.27262834965555,147.27262834965555,OK,26.6
meta-llama/Meta-Llama-3.1-405B,blackwell,2,393216,Sparse,2,1215.9,0.1,94.59557358560689,94.59557358560689,OK,28.6
meta-llama/Meta-Llama-3.1-405B,blackwell,2,393216,Naive,1,1215.9,0.1,2353.7646664936556,2353.7646664936556,OK,26.6
meta-llama/Meta-Llama-3.1-405B,blackwell,2,393216,Sparse,8,1215.9,0.1,53.922161204684734,53.922161204684734,OK,28.6
meta-llama/Meta-Llama-3.1-405B,blackwell,2,393216,HBM-only,8,1215.9,1.0,53.922161204684734,53.922161204684734,OK,28.2
meta-llama/Meta-Llama-3.1-405B,blackwell,2,393216,Naive,2,1215.9,0.1,1197.841592657607,1197.841592657607,OK,28.4
meta-llama/Meta-Llama-3.1-405B,blackwell,2,393216,Naive,8,1215.9,0.1,53.922161204684734,53.922161204684734,OK,28.6
meta-llama/Meta-Llama-3.1-405B,blackwell,2,786432,Dense,1,1621.7,1.0,243.66400114965555,243.66400114965555,OK,39.2
meta-llama/Meta-Llama-3.1-405B,blackwell,2,786432,Dense,2,1621.7,1.0,142.79125998560687,142.79125998560687,OK,42.7
meta-llama/Meta-Llama-3.1-405B,blackwell,2,786432,Dense,4,1621.7,1.0,87.63806336515556,87.63806336515556,OK,42.4
meta-llama/Meta-Llama-3.1-405B,blackwell,2,786432,Sparse,1,1621.7,0.1,152.34826047765554,152.34826047765554,OK,39.3
meta-llama/Meta-Llama-3.1-405B,blackwell,2,786432,Dense,8,1621.7,1.0,60.26394885268472,60.26394885268472,OK,42.7
meta-llama/Meta-Llama-3.1-405B,blackwell,2,786432,Naive,1,1621.7,0.1,4565.205434493654,4565.205434493654,OK,39.3
meta-llama/Meta-Llama-3.1-405B,blackwell,2,786432,Sparse,2,1621.7,0.1,97.13338964960687,97.13338964960687,OK,42.3
meta-llama/Meta-Llama-3.1-405B,blackwell,2,786432,Sparse,4,1621.7,0.1,64.80912819715556,64.80912819715556,OK,42.6
meta-llama/Meta-Llama-3.1-405B,blackwell,2,786432,Sparse,8,1621.7,0.1,58.60805483668473,58.60805483668473,OK,42.9
meta-llama/Meta-Llama-3.1-405B,blackwell,2,786432,Naive,2,1621.7,0.1,2303.561976657607,2303.561976657607,OK,42.1
meta-llama/Meta-Llama-3.1-405B,blackwell,4,262144,Dense,1,1351.2,1.0,209.84797398165557,209.84797398165557,OK,22.6
meta-llama/Meta-Llama-3.1-405B,blackwell,4,262144,Dense,2,1351.2,1.0,125.88589240160688,125.88589240160688,OK,23.8
meta-llama/Meta-Llama-3.1-405B,blackwell,4,262144,Dense,4,1351.2,1.0,79.18802557315556,79.18802557315556,OK,23.8
meta-llama/Meta-Llama-3.1-405B,blackwell,4,262144,Sparse,1,1351.2,0.1,148.96874914965554,148.96874914965554,OK,22.6
meta-llama/Meta-Llama-3.1-405B,blackwell,4,262144,Dense,8,1351.2,1.0,56.041575956684724,56.041575956684724,OK,24.0
meta-llama/Meta-Llama-3.1-405B,blackwell,4,262144,Sparse,2,1351.2,0.1,95.44627998560686,95.44627998560686,OK,23.8
meta-llama/Meta-Llama-3.1-405B,blackwell,4,262144,Sparse,4,1351.2,0.1,63.96821936515556,63.96821936515556,OK,24.0
meta-llama/Meta-Llama-3.1-405B,blackwell,4,262144,Sparse,8,1351.2,0.1,56.041575956684724,56.041575956684724,OK,23.8
meta-llama/Meta-Llama-3.1-405B,blackwell,2,786432,Naive,4,1621.7,0.1,1168.0234217011553,1168.0234217011553,OK,42.6
meta-llama/Meta-Llama-3.1-405B,blackwell,2,786432,Naive,8,1621.7,0.1,58.751896830207926,58.751896830207926,OK,42.4
meta-llama/Meta-Llama-3.1-405B,blackwell,4,262144,HBM-only,8,1351.2,1.0,56.041575956684724,56.041575956684724,OK,24.2
meta-llama/Meta-Llama-3.1-405B,blackwell,4,262144,Naive,1,1351.2,0.1,3090.971366493656,3090.971366493656,OK,22.8
meta-llama/Meta-Llama-3.1-405B,blackwell,4,262144,Naive,2,1351.2,0.1,1566.4475886576067,1566.4475886576067,OK,24.0
meta-llama/Meta-Llama-3.1-405B,blackwell,4,262144,Naive,4,1351.2,0.1,799.4688737011555,799.4688737011555,OK,24.0
meta-llama/Meta-Llama-3.1-405B,blackwell,4,262144,Naive,8,1351.2,0.1,56.041575956684724,56.041575956684724,OK,24.0
meta-llama/Meta-Llama-3.1-405B,blackwell,4,393216,Dense,1,1621.7,1.0,243.67084143765555,243.67084143765555,OK,26.9
meta-llama/Meta-Llama-3.1-405B,blackwell,4,393216,Dense,2,1621.7,1.0,142.7973261296069,142.7973261296069,OK,28.7
meta-llama/Meta-Llama-3.1-405B,blackwell,4,393216,Dense,8,1621.7,1.0,60.26943438868473,60.26943438868473,OK,28.5
meta-llama/Meta-Llama-3.1-405B,blackwell,4,393216,Sparse,1,1621.7,0.1,152.35355247765557,152.35355247765557,OK,26.3
meta-llama/Meta-Llama-3.1-405B,blackwell,4,393216,Sparse,2,1621.7,0.1,97.13868164960685,97.13868164960685,OK,28.4
meta-llama/Meta-Llama-3.1-405B,blackwell,4,393216,Naive,1,1621.7,0.1,4565.275238493655,4565.275238493655,OK,26.5
meta-llama/Meta-Llama-3.1-405B,blackwell,4,393216,Sparse,8,1621.7,0.1,58.61354037268473,58.61354037268473,OK,28.6
meta-llama/Meta-Llama-3.1-405B,blackwell,4,393216,Naive,2,1621.7,0.1,2303.5995246576063,2303.5995246576063,OK,28.1
meta-llama/Meta-Llama-3.1-405B,blackwell,4,393216,Naive,8,1621.7,0.1,58.75738236620792,58.75738236620792,OK,28.5
meta-llama/Meta-Llama-3.1-405B,blackwell,4,786432,Dense,1,2433.5,1.0,345.13944380565556,345.13944380565556,OK,39.5
meta-llama/Meta-Llama-3.1-405B,blackwell,4,786432,Dense,2,2433.5,1.0,193.5316273136069,193.5316273136069,OK,43.0
meta-llama/Meta-Llama-3.1-405B,blackwell,4,786432,Sparse,1,2433.5,0.1,162.50167100565554,162.50167100565554,OK,39.1
meta-llama/Meta-Llama-3.1-405B,blackwell,4,786432,Dense,4,2433.5,1.0,113.01089302915557,113.01089302915557,OK,42.3
meta-llama/Meta-Llama-3.1-405B,blackwell,4,786432,Dense,8,2433.5,1.0,72.95300968468474,72.95300968468474,OK,42.5
meta-llama/Meta-Llama-3.1-405B,blackwell,4,786432,Sparse,2,2433.5,0.1,102.21274091360686,102.21274091360686,OK,42.4
meta-llama/Meta-Llama-3.1-405B,blackwell,4,786432,Naive,1,2433.5,0.1,8988.091238493656,8988.091238493656,OK,39.3
meta-llama/Meta-Llama-3.1-405B,blackwell,4,786432,Sparse,4,2433.5,0.1,67.35144982915556,67.35144982915556,OK,42.9
meta-llama/Meta-Llama-3.1-405B,blackwell,4,786432,Sparse,8,2433.5,0.1,59.881752750284726,59.881752750284726,OK,42.0
meta-llama/Meta-Llama-3.1-405B,blackwell,4,786432,Naive,2,2433.5,0.1,4515.007524657608,4515.007524657608,OK,42.4
meta-llama/Meta-Llama-3.1-405B,blackwell,8,262144,Dense,1,1892.3,1.0,277.5073894696556,277.5073894696556,OK,22.9
meta-llama/Meta-Llama-3.1-405B,blackwell,8,262144,Dense,2,1892.3,1.0,159.72089214560688,159.72089214560688,OK,24.1
meta-llama/Meta-Llama-3.1-405B,blackwell,8,262144,Dense,4,1892.3,1.0,96.11081744515555,96.11081744515555,OK,24.0
meta-llama/Meta-Llama-3.1-405B,blackwell,4,786432,Naive,4,2433.5,0.1,2273.748841701156,2273.748841701156,OK,42.7
meta-llama/Meta-Llama-3.1-405B,blackwell,8,262144,Dense,8,1892.3,1.0,64.50826389268472,64.50826389268472,OK,24.1
meta-llama/Meta-Llama-3.1-405B,blackwell,8,262144,Sparse,1,1892.3,0.1,155.74893980565554,155.74893980565554,OK,22.7
meta-llama/Meta-Llama-3.1-405B,blackwell,8,262144,Sparse,2,1892.3,0.1,98.84166731360689,98.84166731360689,OK,24.0
meta-llama/Meta-Llama-3.1-405B,blackwell,8,262144,Sparse,4,1892.3,0.1,65.67120502915554,65.67120502915554,OK,24.1
meta-llama/Meta-Llama-3.1-405B,blackwell,4,786432,Naive,8,2433.5,0.1,61.0172092693196,61.0172092693196,OK,42.8
meta-llama/Meta-Llama-3.1-405B,blackwell,8,262144,Naive,1,1892.3,0.1,6039.729598493655,6039.729598493655,OK,22.6
meta-llama/Meta-Llama-3.1-405B,blackwell,8,262144,Sparse,8,1892.3,0.1,59.04712310548472,59.04712310548472,OK,24.2
meta-llama/Meta-Llama-3.1-405B,blackwell,8,262144,Naive,2,1892.3,0.1,3040.8319966576064,3040.8319966576064,OK,24.2
meta-llama/Meta-Llama-3.1-405B,blackwell,8,262144,Naive,4,1892.3,0.1,1536.6663697011559,1536.6663697011559,OK,24.2
meta-llama/Meta-Llama-3.1-405B,blackwell,8,262144,Naive,8,1892.3,0.1,59.52151420186617,59.52151420186617,OK,24.1
meta-llama/Meta-Llama-3.1-405B,blackwell,8,393216,Dense,1,2433.5,1.0,345.1531243816555,345.1531243816555,OK,27.0
meta-llama/Meta-Llama-3.1-405B,blackwell,8,393216,Dense,2,2433.5,1.0,193.5437596016069,193.5437596016069,OK,28.7
meta-llama/Meta-Llama-3.1-405B,blackwell,8,393216,Sparse,1,2433.5,0.1,162.51225500565553,162.51225500565553,OK,26.8
meta-llama/Meta-Llama-3.1-405B,blackwell,8,393216,Dense,8,2433.5,1.0,72.96398075668472,72.96398075668472,OK,28.6
meta-llama/Meta-Llama-3.1-405B,blackwell,8,393216,Sparse,2,2433.5,0.1,102.22332491360687,102.22332491360687,OK,28.7
meta-llama/Meta-Llama-3.1-405B,blackwell,8,393216,Naive,1,2433.5,0.1,8988.239038493657,8988.239038493657,OK,26.9
meta-llama/Meta-Llama-3.1-405B,blackwell,8,393216,Sparse,8,2433.5,0.1,59.89254963988473,59.89254963988473,OK,28.5
meta-llama/Meta-Llama-3.1-405B,blackwell,8,393216,Naive,2,2433.5,0.1,4515.086716657608,4515.086716657608,OK,28.7
meta-llama/Meta-Llama-3.1-405B,blackwell,8,393216,Naive,8,2433.5,0.1,61.02802128956408,61.02802128956408,OK,28.4
meta-llama/Meta-Llama-3.1-405B,blackwell,8,786432,Dense,2,4057.0,1.0,295.0123619696069,295.0123619696069,OK,43.0
meta-llama/Meta-Llama-3.1-405B,blackwell,16,262144,Dense,1,2974.7,1.0,413.2455064952623,413.2455064952623,OK,23.6
meta-llama/Meta-Llama-3.1-405B,blackwell,8,786432,Dense,4,4057.0,1.0,163.75655235715558,163.75655235715558,OK,43.2
meta-llama/Meta-Llama-3.1-405B,blackwell,8,786432,Dense,8,4057.0,1.0,98.33113134868474,98.33113134868474,OK,42.3
meta-llama/Meta-Llama-3.1-405B,blackwell,8,786432,Sparse,2,4057.0,0.1,112.37144344160689,112.37144344160689,OK,42.8
meta-llama/Meta-Llama-3.1-405B,blackwell,8,786432,Sparse,4,4057.0,0.1,72.43609309315555,72.43609309315555,OK,43.1
meta-llama/Meta-Llama-3.1-405B,blackwell,8,786432,Sparse,8,4057.0,0.1,62.429090516684724,62.429090516684724,OK,42.5
meta-llama/Meta-Llama-3.1-405B,blackwell,8,786432,Naive,2,4057.0,0.1,8937.902716657605,8937.902716657605,OK,42.6
meta-llama/Meta-Llama-3.1-405B,blackwell,8,786432,Naive,4,4057.0,0.1,4485.201729701154,4485.201729701154,OK,42.6
meta-llama/Meta-Llama-3.1-405B,blackwell,8,786432,Naive,8,4057.0,0.1,74.64944052229113,74.64944052229113,OK,42.5
meta-llama/Meta-Llama-3.1-405B,blackwell,16,262144,Dense,2,2974.7,1.0,227.8564256858307,227.8564256858307,OK,24.9
meta-llama/Meta-Llama-3.1-405B,blackwell,16,262144,Dense,4,2974.7,1.0,130.3471587385854,130.3471587385854,OK,25.2
meta-llama/Meta-Llama-3.1-405B,blackwell,16,262144,Dense,8,2974.7,1.0,81.89499144154364,81.89499144154364,OK,25.4
meta-llama/Meta-Llama-3.1-405B,blackwell,16,262144,Sparse,1,2974.7,0.1,169.7223157112623,169.7223157112623,OK,23.7
meta-llama/Meta-Llama-3.1-405B,blackwell,16,262144,Sparse,2,2974.7,0.1,106.09483029383068,106.09483029383068,OK,25.0
meta-llama/Meta-Llama-3.1-405B,blackwell,16,262144,Sparse,4,2974.7,0.1,69.46636104258539,69.46636104258539,OK,25.2
meta-llama/Meta-Llama-3.1-405B,blackwell,16,262144,Sparse,8,2974.7,0.1,61.212863569543664,61.212863569543664,OK,25.1
meta-llama/Meta-Llama-3.1-405B,blackwell,16,262144,Naive,1,2974.7,0.1,11937.57523654326,11937.57523654326,OK,23.7
meta-llama/Meta-Llama-3.1-405B,blackwell,16,262144,Naive,2,2974.7,0.1,5990.02129070983,5990.02129070983,OK,25.4
meta-llama/Meta-Llama-3.1-405B,blackwell,16,262144,Naive,4,2974.7,0.1,3011.4295912505854,3011.4295912505854,OK,25.0
meta-llama/Meta-Llama-3.1-405B,blackwell,16,262144,Naive,8,2974.7,0.1,63.655248453358055,63.655248453358055,OK,24.9
meta-llama/Meta-Llama-3.1-405B,blackwell,16,393216,Dense,2,4057.0,1.0,295.5021605978307,295.5021605978307,OK,29.3
meta-llama/Meta-Llama-3.1-405B,blackwell,16,393216,Dense,8,4057.0,1.0,98.80642516954366,98.80642516954366,OK,29.6
meta-llama/Meta-Llama-3.1-405B,blackwell,16,393216,Sparse,2,4057.0,0.1,112.85814549383066,112.85814549383066,OK,29.5
meta-llama/Meta-Llama-3.1-405B,blackwell,16,393216,Sparse,8,4057.0,0.1,62.903861790343655,62.903861790343655,OK,29.6
meta-llama/Meta-Llama-3.1-405B,blackwell,16,393216,Naive,2,4057.0,0.1,8938.518442709832,8938.518442709832,OK,29.6
meta-llama/Meta-Llama-3.1-405B,blackwell,16,393216,Naive,8,4057.0,0.1,75.12435395588349,75.12435395588349,OK,29.9
meta-llama/Meta-Llama-3.1-405B,blackwell,16,786432,Dense,4,7304.0,1.0,265.6386285625854,265.6386285625854,OK,43.7
meta-llama/Meta-Llama-3.1-405B,blackwell,16,786432,Dense,8,7304.0,1.0,149.54072635354368,149.54072635354368,OK,43.8
meta-llama/Meta-Llama-3.1-405B,blackwell,16,786432,Sparse,4,7304.0,0.1,82.99613717058537,82.99613717058537,OK,44.2
meta-llama/Meta-Llama-3.1-405B,blackwell,32,262144,Dense,2,5139.3,1.0,364.1522222078839,364.1522222078839,OK,28.6
meta-llama/Meta-Llama-3.1-405B,blackwell,32,262144,Dense,4,5139.3,1.0,198.8451795821011,198.8451795821011,OK,28.7
meta-llama/Meta-Llama-3.1-405B,blackwell,16,786432,Sparse,8,7304.0,0.1,67.97711772634365,67.97711772634365,OK,43.5
meta-llama/Meta-Llama-3.1-405B,blackwell,32,262144,Dense,8,5139.3,1.0,116.69138173302072,116.69138173302072,OK,28.7
meta-llama/Meta-Llama-3.1-405B,blackwell,32,262144,Sparse,2,5139.3,0.1,120.62588569588387,120.62588569588387,OK,28.9
meta-llama/Meta-Llama-3.1-405B,blackwell,16,786432,Naive,4,7304.0,0.1,8908.500311250587,8908.500311250587,OK,43.7
meta-llama/Meta-Llama-3.1-405B,blackwell,16,786432,Naive,8,7304.0,0.1,109.53147358509311,109.53147358509311,OK,43.3
meta-llama/Meta-Llama-3.1-405B,blackwell,32,262144,Sparse,4,5139.3,0.1,77.08201132610107,77.08201132610107,OK,28.9
meta-llama/Meta-Llama-3.1-405B,blackwell,32,262144,Sparse,8,5139.3,0.1,65.56727969142074,65.56727969142074,OK,28.6
meta-llama/Meta-Llama-3.1-405B,blackwell,32,262144,Naive,2,5139.3,0.1,11888.404128255885,11888.404128255885,OK,28.9
meta-llama/Meta-Llama-3.1-405B,blackwell,32,262144,Naive,4,5139.3,0.1,5960.9711326061015,5960.9711326061015,OK,28.8
meta-llama/Meta-Llama-3.1-405B,blackwell,32,262144,Naive,8,5139.3,0.1,87.56626527010104,87.56626527010104,OK,28.5
meta-llama/Meta-Llama-3.1-405B,blackwell,32,393216,Dense,8,7304.0,1.0,150.51424918902077,150.51424918902077,OK,33.0
meta-llama/Meta-Llama-3.1-405B,blackwell,32,393216,Sparse,8,7304.0,0.1,68.94939225462073,68.94939225462073,OK,33.4
meta-llama/Meta-Llama-3.1-405B,blackwell,32,393216,Naive,8,7304.0,0.1,110.50438877365562,110.50438877365562,OK,33.1
meta-llama/Meta-Llama-3.1-405B,blackwell,32,786432,Dense,8,13798.0,1.0,251.98285155702072,251.98285155702072,OK,47.5
meta-llama/Meta-Llama-3.1-405B,blackwell,32,786432,Sparse,8,13798.0,0.1,79.09607830902074,79.09607830902074,OK,47.5
meta-llama/Meta-Llama-3.1-405B,blackwell,64,262144,Dense,4,9468.7,1.0,335.94178254592777,335.94178254592777,OK,43.4
meta-llama/Meta-Llama-3.1-405B,blackwell,32,786432,Naive,8,13798.0,0.1,179.3184967798303,179.3184967798303,OK,47.1
meta-llama/Meta-Llama-3.1-405B,blackwell,64,262144,Dense,8,9468.7,1.0,179.37111134075445,195.82771472974238,OK,41.6
meta-llama/Meta-Llama-3.1-405B,blackwell,64,262144,Sparse,8,9468.7,0.1,72.65325887128239,83.69676404107034,OK,41.4
meta-llama/Meta-Llama-3.1-405B,blackwell,64,262144,Sparse,4,9468.7,0.1,91.9896996179278,104.81748835979516,OK,43.3
meta-llama/Meta-Llama-3.1-405B,blackwell,64,262144,Naive,8,9468.7,0.1,130.39913901323064,144.93187319272866,OK,41.4
meta-llama/Meta-Llama-3.1-405B,blackwell,64,262144,Naive,4,9468.7,0.1,11860.18959259393,11860.18959259393,OK,43.6
meta-llama/Meta-Llama-3.1-405B,blackwell,64,393216,Dense,8,13798.0,1.0,245.16854570075446,263.47344964174243,OK,46.5
meta-llama/Meta-Llama-3.1-405B,blackwell,64,393216,Sparse,8,13798.0,0.1,78.9949303976824,90.46122141067032,OK,45.8
meta-llama/Meta-Llama-3.1-405B,blackwell,64,393216,Naive,8,13798.0,0.1,174.60630545559096,190.80796707221918,OK,46.4
meta-llama/Meta-Llama-3.1-405B,blackwell,128,262144,Sparse,8,18127.3,0.1,99.26452313954879,110.88863433180599,OK,87.7
meta-llama/Meta-Llama-3.1-405B,blackwell,128,262144,Dense,8,18127.3,1.0,335.4631435001746,335.4631435001746,OK,93.1
meta-llama/Meta-Llama-3.1-405B,blackwell,128,262144,Naive,8,18127.3,0.1,241.02569868735412,241.02569868735412,OK,94.0
deepseek-ai/deepseek-llm-67b-chat,blackwell,1,131072,Sparse,1,185.0,0.1,37.02129858563117,37.02129858563117,OK,20.0
deepseek-ai/deepseek-llm-67b-chat,blackwell,1,131072,Dense,1,185.0,1.0,37.02129858563117,37.02129858563117,OK,20.1
deepseek-ai/deepseek-llm-67b-chat,blackwell,1,131072,HBM-only,1,185.0,1.0,37.02129858563117,37.02129858563117,OK,20.1
deepseek-ai/deepseek-llm-67b-chat,blackwell,1,131072,Naive,1,185.0,0.1,37.02129858563117,37.02129858563117,OK,20.2
deepseek-ai/deepseek-llm-67b-chat,blackwell,1,131072,Sparse,8,185.0,0.1,28.16495552273109,28.16495552273109,OK,20.6
deepseek-ai/deepseek-llm-67b-chat,blackwell,1,131072,Sparse,2,185.0,0.1,33.96418775333415,33.96418775333415,OK,20.7
deepseek-ai/deepseek-llm-67b-chat,blackwell,1,131072,Naive,4,185.0,0.1,30.810804094601487,30.810804094601487,OK,20.8
deepseek-ai/deepseek-llm-67b-chat,blackwell,1,131072,Dense,4,185.0,1.0,30.810804094601487,30.810804094601487,OK,20.8
deepseek-ai/deepseek-llm-67b-chat,blackwell,1,131072,HBM-only,2,185.0,1.0,33.96418775333415,33.96418775333415,OK,21.0
deepseek-ai/deepseek-llm-67b-chat,blackwell,1,131072,Dense,2,185.0,1.0,33.96418775333415,33.96418775333415,OK,21.1
deepseek-ai/deepseek-llm-67b-chat,blackwell,1,131072,Dense,8,185.0,1.0,28.16495552273109,28.16495552273109,OK,21.2
deepseek-ai/deepseek-llm-67b-chat,blackwell,1,131072,HBM-only,8,185.0,1.0,28.16495552273109,28.16495552273109,OK,21.3
deepseek-ai/deepseek-llm-67b-chat,blackwell,1,131072,Naive,8,185.0,0.1,28.16495552273109,28.16495552273109,OK,21.3
deepseek-ai/deepseek-llm-67b-chat,blackwell,1,131072,Sparse,4,185.0,0.1,30.810804094601487,30.810804094601487,OK,21.4
deepseek-ai/deepseek-llm-67b-chat,blackwell,1,131072,Naive,2,185.0,0.1,33.96418775333415,33.96418775333415,OK,21.4
deepseek-ai/deepseek-llm-67b-chat,blackwell,1,196608,Sparse,1,210.5,0.1,37.67696578563116,37.67696578563116,OK,22.0
deepseek-ai/deepseek-llm-67b-chat,blackwell,1,196608,Dense,1,210.5,1.0,40.20896962563117,40.20896962563117,OK,22.3
deepseek-ai/deepseek-llm-67b-chat,blackwell,1,196608,Sparse,2,210.5,0.1,35.55802327333416,35.55802327333416,OK,23.1
deepseek-ai/deepseek-llm-67b-chat,blackwell,1,196608,Dense,8,210.5,1.0,28.563414402731095,28.563414402731095,OK,23.4
deepseek-ai/deepseek-llm-67b-chat,blackwell,1,196608,Dense,2,210.5,1.0,35.55802327333416,35.55802327333416,OK,23.7
deepseek-ai/deepseek-llm-67b-chat,blackwell,1,196608,Sparse,8,210.5,0.1,28.563414402731095,28.563414402731095,OK,23.8
deepseek-ai/deepseek-llm-67b-chat,blackwell,1,196608,Dense,4,210.5,1.0,31.607721854601493,31.607721854601493,OK,23.9
deepseek-ai/deepseek-llm-67b-chat,blackwell,1,131072,HBM-only,4,185.0,1.0,30.810804094601487,30.810804094601487,OK,25.8
deepseek-ai/deepseek-llm-67b-chat,blackwell,1,196608,Sparse,4,210.5,0.1,31.607721854601493,31.607721854601493,OK,28.5
deepseek-ai/deepseek-llm-67b-chat,blackwell,1,196608,HBM-only,4,210.5,1.0,31.607721854601493,31.607721854601493,OK,22.9
deepseek-ai/deepseek-llm-67b-chat,blackwell,1,196608,Naive,1,210.5,0.1,37.89691251919918,37.89691251919918,OK,23.1
deepseek-ai/deepseek-llm-67b-chat,blackwell,1,196608,HBM-only,8,210.5,1.0,28.563414402731095,28.563414402731095,OK,23.5
deepseek-ai/deepseek-llm-67b-chat,blackwell,1,196608,Naive,8,210.5,0.1,28.563414402731095,28.563414402731095,OK,23.0
deepseek-ai/deepseek-llm-67b-chat,blackwell,1,196608,HBM-only,2,210.5,1.0,35.55802327333416,35.55802327333416,OK,24.0
deepseek-ai/deepseek-llm-67b-chat,blackwell,1,196608,Naive,2,210.5,0.1,35.55802327333416,35.55802327333416,OK,24.1
deepseek-ai/deepseek-llm-67b-chat,blackwell,1,196608,Naive,4,210.5,0.1,31.607721854601493,31.607721854601493,OK,24.1
deepseek-ai/deepseek-llm-67b-chat,blackwell,1,262144,Dense,1,236.0,1.0,43.39664066563117,43.39664066563117,OK,24.9
deepseek-ai/deepseek-llm-67b-chat,blackwell,1,262144,Dense,8,236.0,1.0,28.961873282731098,28.961873282731098,OK,25.1
deepseek-ai/deepseek-llm-67b-chat,blackwell,1,262144,Sparse,1,236.0,0.1,37.995732889631164,37.995732889631164,OK,25.1
deepseek-ai/deepseek-llm-67b-chat,blackwell,1,262144,Dense,2,236.0,1.0,37.15185879333415,37.15185879333415,OK,25.5
deepseek-ai/deepseek-llm-67b-chat,blackwell,1,262144,Dense,4,236.0,1.0,32.404639614601486,32.404639614601486,OK,25.4
deepseek-ai/deepseek-llm-67b-chat,blackwell,1,262144,Sparse,2,236.0,0.1,37.15185879333415,37.15185879333415,OK,25.4
deepseek-ai/deepseek-llm-67b-chat,blackwell,1,262144,Sparse,8,236.0,0.1,28.961873282731098,28.961873282731098,OK,25.4
deepseek-ai/deepseek-llm-67b-chat,blackwell,1,262144,Sparse,4,236.0,0.1,32.404639614601486,32.404639614601486,OK,25.5
deepseek-ai/deepseek-llm-67b-chat,blackwell,1,262144,Naive,1,236.0,0.1,38.46489174510637,38.46489174510637,OK,23.9
deepseek-ai/deepseek-llm-67b-chat,blackwell,1,262144,HBM-only,8,236.0,1.0,28.961873282731098,28.961873282731098,OK,24.9
deepseek-ai/deepseek-llm-67b-chat,blackwell,1,262144,HBM-only,4,236.0,1.0,32.404639614601486,32.404639614601486,OK,26.4
deepseek-ai/deepseek-llm-67b-chat,blackwell,1,262144,HBM-only,2,236.0,1.0,37.15185879333415,37.15185879333415,OK,26.7
deepseek-ai/deepseek-llm-67b-chat,blackwell,1,262144,Naive,8,236.0,0.1,28.961873282731098,28.961873282731098,OK,25.2
deepseek-ai/deepseek-llm-67b-chat,blackwell,1,262144,Naive,4,236.0,0.1,32.404639614601486,32.404639614601486,OK,25.5
deepseek-ai/deepseek-llm-67b-chat,blackwell,1,262144,Naive,2,236.0,0.1,37.15185879333415,37.15185879333415,OK,26.2
deepseek-ai/deepseek-llm-67b-chat,blackwell,1,393216,Dense,1,287.0,1.0,49.77198274563116,49.77198274563116,OK,27.7
deepseek-ai/deepseek-llm-67b-chat,blackwell,1,393216,Dense,2,287.0,1.0,40.33952983333415,40.33952983333415,OK,30.5
deepseek-ai/deepseek-llm-67b-chat,blackwell,1,393216,Sparse,1,287.0,0.1,38.633267097631176,38.633267097631176,OK,27.1
deepseek-ai/deepseek-llm-67b-chat,blackwell,1,393216,Sparse,2,287.0,0.1,40.33952983333415,40.33952983333415,OK,28.9
deepseek-ai/deepseek-llm-67b-chat,blackwell,1,393216,Dense,8,287.0,1.0,29.758791042731097,29.758791042731097,OK,29.7
deepseek-ai/deepseek-llm-67b-chat,blackwell,1,393216,Dense,4,287.0,1.0,33.998475134601485,33.998475134601485,OK,30.2
deepseek-ai/deepseek-llm-67b-chat,blackwell,1,393216,Sparse,8,287.0,0.1,29.758791042731097,29.758791042731097,OK,28.8
deepseek-ai/deepseek-llm-67b-chat,blackwell,1,393216,Sparse,4,287.0,0.1,33.998475134601485,33.998475134601485,OK,29.7
deepseek-ai/deepseek-llm-67b-chat,blackwell,1,393216,Naive,1,287.0,0.1,39.60085019692077,39.60085019692077,OK,27.6
deepseek-ai/deepseek-llm-67b-chat,blackwell,1,393216,HBM-only,2,287.0,1.0,40.33952983333415,40.33952983333415,OK,29.3
deepseek-ai/deepseek-llm-67b-chat,blackwell,1,393216,HBM-only,4,287.0,1.0,33.998475134601485,33.998475134601485,OK,29.7
deepseek-ai/deepseek-llm-67b-chat,blackwell,1,393216,HBM-only,8,287.0,1.0,29.758791042731097,29.758791042731097,OK,29.7
deepseek-ai/deepseek-llm-67b-chat,blackwell,1,393216,Naive,2,287.0,0.1,40.33952983333415,40.33952983333415,OK,29.5
deepseek-ai/deepseek-llm-67b-chat,blackwell,1,393216,Naive,8,287.0,0.1,29.758791042731097,29.758791042731097,OK,29.4
deepseek-ai/deepseek-llm-67b-chat,blackwell,1,393216,Naive,4,287.0,0.1,33.998475134601485,33.998475134601485,OK,30.1
deepseek-ai/deepseek-llm-67b-chat,blackwell,1,524288,Dense,1,338.0,1.0,56.147324825631166,56.147324825631166,OK,32.5
deepseek-ai/deepseek-llm-67b-chat,blackwell,1,524288,Sparse,1,338.0,0.1,39.27080130563117,39.27080130563117,OK,31.7
deepseek-ai/deepseek-llm-67b-chat,blackwell,1,524288,Dense,2,338.0,1.0,43.52720087333416,43.52720087333416,OK,34.5
deepseek-ai/deepseek-llm-67b-chat,blackwell,1,524288,Dense,4,338.0,1.0,35.592310654601484,35.592310654601484,OK,34.6
deepseek-ai/deepseek-llm-67b-chat,blackwell,1,524288,Dense,8,338.0,1.0,30.555708802731093,30.555708802731093,OK,34.6
deepseek-ai/deepseek-llm-67b-chat,blackwell,1,524288,Sparse,4,338.0,0.1,35.592310654601484,35.592310654601484,OK,34.1
deepseek-ai/deepseek-llm-67b-chat,blackwell,1,524288,Sparse,2,338.0,0.1,43.52720087333416,43.52720087333416,OK,34.7
deepseek-ai/deepseek-llm-67b-chat,blackwell,1,524288,Sparse,8,338.0,0.1,30.555708802731093,30.555708802731093,OK,34.2
deepseek-ai/deepseek-llm-67b-chat,blackwell,1,524288,HBM-only,2,338.0,1.0,43.52720087333416,43.52720087333416,OK,34.9
deepseek-ai/deepseek-llm-67b-chat,blackwell,1,524288,HBM-only,4,338.0,1.0,35.592310654601484,35.592310654601484,OK,34.6
deepseek-ai/deepseek-llm-67b-chat,blackwell,1,524288,HBM-only,8,338.0,1.0,30.555708802731093,30.555708802731093,OK,34.1
deepseek-ai/deepseek-llm-67b-chat,blackwell,1,524288,Naive,1,338.0,0.1,43.36239584873517,43.36239584873517,OK,32.0
deepseek-ai/deepseek-llm-67b-chat,blackwell,1,524288,Naive,8,338.0,0.1,30.555708802731093,30.555708802731093,OK,34.8
deepseek-ai/deepseek-llm-67b-chat,blackwell,1,524288,Naive,4,338.0,0.1,35.592310654601484,35.592310654601484,OK,35.6
deepseek-ai/deepseek-llm-67b-chat,blackwell,1,524288,Naive,2,338.0,0.1,43.52720087333416,43.52720087333416,OK,36.1
deepseek-ai/deepseek-llm-67b-chat,blackwell,1,786432,Dense,1,440.0,1.0,68.89800898563115,68.89800898563115,OK,42.2
deepseek-ai/deepseek-llm-67b-chat,blackwell,1,786432,Sparse,1,440.0,0.1,40.54586972163117,40.54586972163117,OK,41.9
deepseek-ai/deepseek-llm-67b-chat,blackwell,1,786432,Dense,4,440.0,1.0,38.779981694601496,38.779981694601496,OK,44.5
deepseek-ai/deepseek-llm-67b-chat,blackwell,1,786432,Dense,2,440.0,1.0,49.90254295333414,49.90254295333414,OK,44.8
deepseek-ai/deepseek-llm-67b-chat,blackwell,1,786432,Dense,8,440.0,1.0,32.149544322731096,32.149544322731096,OK,45.2
deepseek-ai/deepseek-llm-67b-chat,blackwell,1,786432,Sparse,8,440.0,0.1,32.149544322731096,32.149544322731096,OK,44.0
deepseek-ai/deepseek-llm-67b-chat,blackwell,1,786432,Sparse,2,440.0,0.1,46.301704297334155,46.301704297334155,OK,44.6
deepseek-ai/deepseek-llm-67b-chat,blackwell,1,786432,Sparse,4,440.0,0.1,38.779981694601496,38.779981694601496,OK,44.7
deepseek-ai/deepseek-llm-67b-chat,blackwell,1,786432,HBM-only,4,440.0,1.0,38.779981694601496,38.779981694601496,OK,45.3
deepseek-ai/deepseek-llm-67b-chat,blackwell,1,786432,Naive,1,440.0,0.1,52.009654832363964,52.009654832363964,OK,42.0
deepseek-ai/deepseek-llm-67b-chat,blackwell,1,786432,HBM-only,8,440.0,1.0,32.149544322731096,32.149544322731096,OK,44.2
deepseek-ai/deepseek-llm-67b-chat,blackwell,1,786432,Naive,4,440.0,0.1,38.779981694601496,38.779981694601496,OK,43.5
deepseek-ai/deepseek-llm-67b-chat,blackwell,1,786432,Naive,2,440.0,0.1,46.61449714858536,46.61449714858536,OK,44.4
deepseek-ai/deepseek-llm-67b-chat,blackwell,1,786432,Naive,8,440.0,0.1,32.149544322731096,32.149544322731096,OK,44.3
deepseek-ai/deepseek-llm-67b-chat,blackwell,1,1048576,Dense,1,542.0,1.0,81.64869314563116,81.64869314563116,OK,49.7
deepseek-ai/deepseek-llm-67b-chat,blackwell,1,1048576,Dense,2,542.0,1.0,56.27788503333415,56.27788503333415,OK,53.7
deepseek-ai/deepseek-llm-67b-chat,blackwell,1,1048576,Dense,4,542.0,1.0,41.96765273460149,41.96765273460149,OK,54.0
deepseek-ai/deepseek-llm-67b-chat,blackwell,1,1048576,Sparse,1,542.0,0.1,41.820938137631174,41.820938137631174,OK,49.6
deepseek-ai/deepseek-llm-67b-chat,blackwell,1,1048576,Dense,8,542.0,1.0,33.743379842731095,33.743379842731095,OK,54.7
deepseek-ai/deepseek-llm-67b-chat,blackwell,1,1048576,Sparse,2,542.0,0.1,46.938975849334156,46.938975849334156,OK,52.8
deepseek-ai/deepseek-llm-67b-chat,blackwell,1,1048576,Sparse,4,542.0,0.1,41.96765273460149,41.96765273460149,OK,52.7
deepseek-ai/deepseek-llm-67b-chat,blackwell,2,131072,Dense,1,236.0,1.0,50.99632228408428,50.99632228408428,OK,19.5
deepseek-ai/deepseek-llm-67b-chat,blackwell,2,131072,Dense,2,236.0,1.0,44.78396158371302,44.78396158371302,OK,20.7
deepseek-ai/deepseek-llm-67b-chat,blackwell,1,1048576,Sparse,8,542.0,0.1,33.743379842731095,33.743379842731095,OK,52.4
deepseek-ai/deepseek-llm-67b-chat,blackwell,1,1048576,HBM-only,8,542.0,1.0,33.743379842731095,33.743379842731095,OK,53.0
deepseek-ai/deepseek-llm-67b-chat,blackwell,1,1048576,HBM-only,4,542.0,1.0,41.96765273460149,41.96765273460149,OK,53.5
deepseek-ai/deepseek-llm-67b-chat,blackwell,1,1048576,Naive,1,542.0,0.1,60.656913815992766,60.656913815992766,OK,48.7
deepseek-ai/deepseek-llm-67b-chat,blackwell,2,131072,Dense,4,236.0,1.0,39.646745930297186,39.646745930297186,OK,20.2
deepseek-ai/deepseek-llm-67b-chat,blackwell,1,1048576,Naive,2,542.0,0.1,47.75021576045095,47.75021576045095,OK,53.1
deepseek-ai/deepseek-llm-67b-chat,blackwell,1,1048576,Naive,8,542.0,0.1,33.743379842731095,33.743379842731095,OK,52.7
deepseek-ai/deepseek-llm-67b-chat,blackwell,1,1048576,Naive,4,542.0,0.1,41.96765273460149,41.96765273460149,OK,53.5
deepseek-ai/deepseek-llm-67b-chat,blackwell,2,131072,Dense,8,236.0,1.0,35.74169217545919,35.74169217545919,OK,20.0
deepseek-ai/deepseek-llm-67b-chat,blackwell,2,131072,Sparse,1,236.0,0.1,45.59506430008429,45.59506430008429,OK,19.3
deepseek-ai/deepseek-llm-67b-chat,blackwell,2,131072,Sparse,4,236.0,0.1,39.646745930297186,39.646745930297186,OK,20.3
deepseek-ai/deepseek-llm-67b-chat,blackwell,2,131072,Sparse,2,236.0,0.1,44.78396158371302,44.78396158371302,OK,20.5
deepseek-ai/deepseek-llm-67b-chat,blackwell,2,131072,Sparse,8,236.0,0.1,35.74169217545919,35.74169217545919,OK,20.1
deepseek-ai/deepseek-llm-67b-chat,blackwell,2,131072,HBM-only,2,236.0,1.0,44.78396158371302,44.78396158371302,OK,20.4
deepseek-ai/deepseek-llm-67b-chat,blackwell,2,131072,HBM-only,4,236.0,1.0,39.646745930297186,39.646745930297186,OK,20.2
deepseek-ai/deepseek-llm-67b-chat,blackwell,2,131072,HBM-only,8,236.0,1.0,35.74169217545919,35.74169217545919,OK,20.2
deepseek-ai/deepseek-llm-67b-chat,blackwell,2,131072,Naive,1,236.0,0.1,46.06425357696109,46.06425357696109,OK,18.9
deepseek-ai/deepseek-llm-67b-chat,blackwell,2,131072,Naive,2,236.0,0.1,44.78396158371302,44.78396158371302,OK,20.5
deepseek-ai/deepseek-llm-67b-chat,blackwell,2,131072,Naive,4,236.0,0.1,39.646745930297186,39.646745930297186,OK,20.3
deepseek-ai/deepseek-llm-67b-chat,blackwell,2,131072,Naive,8,236.0,0.1,35.74169217545919,35.74169217545919,OK,20.4
deepseek-ai/deepseek-llm-67b-chat,blackwell,2,196608,Dense,1,287.0,1.0,57.37166436408429,57.37166436408429,OK,21.5
deepseek-ai/deepseek-llm-67b-chat,blackwell,2,196608,Dense,4,287.0,1.0,41.240581450297185,41.240581450297185,OK,22.4
deepseek-ai/deepseek-llm-67b-chat,blackwell,2,196608,Dense,2,287.0,1.0,47.97163262371302,47.97163262371302,OK,22.6
deepseek-ai/deepseek-llm-67b-chat,blackwell,1,2097152,Dense,1,950.0,1.0,132.65142978563117,132.65142978563117,OK,84.3
deepseek-ai/deepseek-llm-67b-chat,blackwell,2,196608,Sparse,1,287.0,0.1,46.23259850808428,46.23259850808428,OK,21.6
deepseek-ai/deepseek-llm-67b-chat,blackwell,2,196608,Dense,8,287.0,1.0,36.5386099354592,36.5386099354592,OK,23.1
deepseek-ai/deepseek-llm-67b-chat,blackwell,1,2097152,Sparse,1,950.0,0.1,46.92068648963117,46.92068648963117,OK,83.5
deepseek-ai/deepseek-llm-67b-chat,blackwell,2,196608,Sparse,2,287.0,0.1,47.97163262371302,47.97163262371302,OK,22.5
deepseek-ai/deepseek-llm-67b-chat,blackwell,2,196608,Sparse,4,287.0,0.1,41.240581450297185,41.240581450297185,OK,22.7
deepseek-ai/deepseek-llm-67b-chat,blackwell,1,2097152,Dense,2,950.0,1.0,81.77925335333417,81.77925335333417,OK,90.9
deepseek-ai/deepseek-llm-67b-chat,blackwell,1,2097152,Dense,8,950.0,1.0,40.1187219227311,40.1187219227311,OK,91.1
deepseek-ai/deepseek-llm-67b-chat,blackwell,1,2097152,Naive,1,950.0,0.1,95.24634559061036,95.24634559061036,OK,85.1
deepseek-ai/deepseek-llm-67b-chat,blackwell,2,196608,Sparse,8,287.0,0.1,36.5386099354592,36.5386099354592,OK,22.8
deepseek-ai/deepseek-llm-67b-chat,blackwell,1,2097152,Dense,4,950.0,1.0,54.7183368946015,54.7183368946015,OK,92.3
deepseek-ai/deepseek-llm-67b-chat,blackwell,1,2097152,Sparse,2,950.0,0.1,49.48911268133414,49.48911268133414,OK,91.3
deepseek-ai/deepseek-llm-67b-chat,blackwell,2,196608,HBM-only,2,287.0,1.0,47.97163262371302,47.97163262371302,OK,22.4
deepseek-ai/deepseek-llm-67b-chat,blackwell,1,2097152,Sparse,4,950.0,0.1,49.14827865460149,49.14827865460149,OK,91.1
deepseek-ai/deepseek-llm-67b-chat,blackwell,2,196608,HBM-only,4,287.0,1.0,41.240581450297185,41.240581450297185,OK,23.0
deepseek-ai/deepseek-llm-67b-chat,blackwell,1,2097152,Sparse,8,950.0,0.1,40.1187219227311,40.1187219227311,OK,90.5
deepseek-ai/deepseek-llm-67b-chat,blackwell,1,2097152,HBM-only,8,950.0,1.0,40.1187219227311,40.1187219227311,OK,91.2
deepseek-ai/deepseek-llm-67b-chat,blackwell,2,196608,HBM-only,8,287.0,1.0,36.5386099354592,36.5386099354592,OK,22.8
deepseek-ai/deepseek-llm-67b-chat,blackwell,2,196608,Naive,1,287.0,0.1,47.20021202877549,47.20021202877549,OK,21.4
deepseek-ai/deepseek-llm-67b-chat,blackwell,1,2097152,Naive,2,950.0,0.1,55.107922207708555,55.107922207708555,OK,91.5
deepseek-ai/deepseek-llm-67b-chat,blackwell,2,196608,Naive,8,287.0,0.1,36.5386099354592,36.5386099354592,OK,22.5
deepseek-ai/deepseek-llm-67b-chat,blackwell,2,196608,Naive,4,287.0,0.1,41.240581450297185,41.240581450297185,OK,23.1
deepseek-ai/deepseek-llm-67b-chat,blackwell,2,196608,Naive,2,287.0,0.1,47.97163262371302,47.97163262371302,OK,23.2
deepseek-ai/deepseek-llm-67b-chat,blackwell,1,2097152,Naive,4,950.0,0.1,49.632131047049484,49.632131047049484,OK,90.2
deepseek-ai/deepseek-llm-67b-chat,blackwell,2,262144,Dense,1,338.0,1.0,63.74700644408428,63.74700644408428,OK,23.5
deepseek-ai/deepseek-llm-67b-chat,blackwell,1,2097152,Naive,8,950.0,0.1,40.1187219227311,40.1187219227311,OK,91.1
deepseek-ai/deepseek-llm-67b-chat,blackwell,2,262144,Dense,2,338.0,1.0,51.15930366371302,51.15930366371302,OK,24.6
deepseek-ai/deepseek-llm-67b-chat,blackwell,2,262144,Dense,4,338.0,1.0,42.834416970297184,42.834416970297184,OK,25.1
deepseek-ai/deepseek-llm-67b-chat,blackwell,2,262144,Dense,8,338.0,1.0,37.3355276954592,37.3355276954592,OK,24.4
deepseek-ai/deepseek-llm-67b-chat,blackwell,2,262144,Sparse,1,338.0,0.1,46.87013271608429,46.87013271608429,OK,23.2
deepseek-ai/deepseek-llm-67b-chat,blackwell,2,262144,Sparse,2,338.0,0.1,51.15930366371302,51.15930366371302,OK,24.9
deepseek-ai/deepseek-llm-67b-chat,blackwell,2,262144,Sparse,4,338.0,0.1,42.834416970297184,42.834416970297184,OK,25.1
deepseek-ai/deepseek-llm-67b-chat,blackwell,2,262144,Sparse,8,338.0,0.1,37.3355276954592,37.3355276954592,OK,25.1
deepseek-ai/deepseek-llm-67b-chat,blackwell,2,262144,HBM-only,4,338.0,1.0,42.834416970297184,42.834416970297184,OK,24.6
deepseek-ai/deepseek-llm-67b-chat,blackwell,2,262144,HBM-only,2,338.0,1.0,51.15930366371302,51.15930366371302,OK,25.4
deepseek-ai/deepseek-llm-67b-chat,blackwell,2,262144,Naive,1,338.0,0.1,50.96175768058988,50.96175768058988,OK,23.8
deepseek-ai/deepseek-llm-67b-chat,blackwell,2,262144,HBM-only,8,338.0,1.0,37.3355276954592,37.3355276954592,OK,24.8
deepseek-ai/deepseek-llm-67b-chat,blackwell,2,262144,Naive,2,338.0,0.1,51.15930366371302,51.15930366371302,OK,25.0
deepseek-ai/deepseek-llm-67b-chat,blackwell,2,262144,Naive,8,338.0,0.1,37.3355276954592,37.3355276954592,OK,24.7
deepseek-ai/deepseek-llm-67b-chat,blackwell,2,262144,Naive,4,338.0,0.1,42.834416970297184,42.834416970297184,OK,25.3
deepseek-ai/deepseek-llm-67b-chat,blackwell,2,393216,Dense,1,440.0,1.0,76.49769060408427,76.49769060408427,OK,27.6
deepseek-ai/deepseek-llm-67b-chat,blackwell,2,393216,Dense,2,440.0,1.0,57.534645743713,57.534645743713,OK,29.5
deepseek-ai/deepseek-llm-67b-chat,blackwell,2,393216,Dense,4,440.0,1.0,46.02208801029719,46.02208801029719,OK,29.2
deepseek-ai/deepseek-llm-67b-chat,blackwell,2,393216,Sparse,1,440.0,0.1,48.14520113208429,48.14520113208429,OK,27.2
deepseek-ai/deepseek-llm-67b-chat,blackwell,2,393216,Dense,8,440.0,1.0,38.92936321545919,38.92936321545919,OK,29.7
deepseek-ai/deepseek-llm-67b-chat,blackwell,2,393216,Sparse,4,440.0,0.1,46.02208801029719,46.02208801029719,OK,29.8
deepseek-ai/deepseek-llm-67b-chat,blackwell,2,393216,Sparse,2,440.0,0.1,53.93363198371301,53.93363198371301,OK,30.2
deepseek-ai/deepseek-llm-67b-chat,blackwell,2,393216,HBM-only,4,440.0,1.0,46.02208801029719,46.02208801029719,OK,29.3
deepseek-ai/deepseek-llm-67b-chat,blackwell,2,393216,Sparse,8,440.0,0.1,38.92936321545919,38.92936321545919,OK,29.7
deepseek-ai/deepseek-llm-67b-chat,blackwell,2,393216,Naive,1,440.0,0.1,59.609016664218686,59.609016664218686,OK,27.9
deepseek-ai/deepseek-llm-67b-chat,blackwell,2,393216,HBM-only,8,440.0,1.0,38.92936321545919,38.92936321545919,OK,29.2
deepseek-ai/deepseek-llm-67b-chat,blackwell,2,393216,Naive,2,440.0,0.1,54.246440045665025,54.246440045665025,OK,29.7
deepseek-ai/deepseek-llm-67b-chat,blackwell,2,393216,Naive,4,440.0,0.1,46.02208801029719,46.02208801029719,OK,28.9
deepseek-ai/deepseek-llm-67b-chat,blackwell,2,393216,Naive,8,440.0,0.1,38.92936321545919,38.92936321545919,OK,29.0
deepseek-ai/deepseek-llm-67b-chat,blackwell,2,524288,Dense,1,542.0,1.0,89.24837476408428,89.24837476408428,OK,32.2
deepseek-ai/deepseek-llm-67b-chat,blackwell,2,524288,Sparse,1,542.0,0.1,49.42026954808429,49.42026954808429,OK,32.6
deepseek-ai/deepseek-llm-67b-chat,blackwell,2,524288,Dense,8,542.0,1.0,40.5231987354592,40.5231987354592,OK,33.8
deepseek-ai/deepseek-llm-67b-chat,blackwell,2,524288,Dense,2,542.0,1.0,63.90998782371302,63.90998782371302,OK,34.6
deepseek-ai/deepseek-llm-67b-chat,blackwell,2,524288,Dense,4,542.0,1.0,49.20975905029719,49.20975905029719,OK,34.6
deepseek-ai/deepseek-llm-67b-chat,blackwell,2,524288,Sparse,2,542.0,0.1,54.570991087713026,54.570991087713026,OK,33.8
deepseek-ai/deepseek-llm-67b-chat,blackwell,2,524288,Sparse,4,542.0,0.1,49.20975905029719,49.20975905029719,OK,34.6
deepseek-ai/deepseek-llm-67b-chat,blackwell,2,524288,Sparse,8,542.0,0.1,40.5231987354592,40.5231987354592,OK,34.2
deepseek-ai/deepseek-llm-67b-chat,blackwell,2,524288,HBM-only,8,542.0,1.0,40.5231987354592,40.5231987354592,OK,34.4
deepseek-ai/deepseek-llm-67b-chat,blackwell,2,524288,HBM-only,4,542.0,1.0,49.20975905029719,49.20975905029719,OK,34.6
deepseek-ai/deepseek-llm-67b-chat,blackwell,2,524288,Naive,1,542.0,0.1,68.25627564784747,68.25627564784747,OK,32.5
deepseek-ai/deepseek-llm-67b-chat,blackwell,2,524288,Naive,2,542.0,0.1,55.382238604180216,55.382238604180216,OK,34.5
deepseek-ai/deepseek-llm-67b-chat,blackwell,2,524288,Naive,4,542.0,0.1,49.20975905029719,49.20975905029719,OK,34.2
deepseek-ai/deepseek-llm-67b-chat,blackwell,2,524288,Naive,8,542.0,0.1,40.5231987354592,40.5231987354592,OK,34.0
deepseek-ai/deepseek-llm-67b-chat,blackwell,2,786432,Dense,1,746.0,1.0,114.74974308408429,114.74974308408429,OK,41.0
deepseek-ai/deepseek-llm-67b-chat,blackwell,2,786432,Sparse,1,746.0,0.1,51.97040638008429,51.97040638008429,OK,39.9
deepseek-ai/deepseek-llm-67b-chat,blackwell,2,786432,Dense,2,746.0,1.0,76.66067198371302,76.66067198371302,OK,43.5
deepseek-ai/deepseek-llm-67b-chat,blackwell,2,786432,Dense,4,746.0,1.0,55.58510113029719,55.58510113029719,OK,43.3
deepseek-ai/deepseek-llm-67b-chat,blackwell,2,786432,Sparse,4,746.0,0.1,55.58510113029719,55.58510113029719,OK,43.1
deepseek-ai/deepseek-llm-67b-chat,blackwell,2,786432,Dense,8,746.0,1.0,43.7108697754592,43.7108697754592,OK,44.6
deepseek-ai/deepseek-llm-67b-chat,blackwell,2,786432,Sparse,2,746.0,0.1,55.846059503713015,55.846059503713015,OK,44.3
deepseek-ai/deepseek-llm-67b-chat,blackwell,2,786432,Sparse,8,746.0,0.1,43.7108697754592,43.7108697754592,OK,44.5
deepseek-ai/deepseek-llm-67b-chat,blackwell,2,786432,HBM-only,4,746.0,1.0,55.58510113029719,55.58510113029719,OK,44.2
deepseek-ai/deepseek-llm-67b-chat,blackwell,2,786432,HBM-only,8,746.0,1.0,43.7108697754592,43.7108697754592,OK,43.7
deepseek-ai/deepseek-llm-67b-chat,blackwell,2,786432,Naive,1,746.0,0.1,85.55079361510508,85.55079361510508,OK,40.4
deepseek-ai/deepseek-llm-67b-chat,blackwell,2,786432,Naive,2,746.0,0.1,57.654155507809016,57.654155507809016,OK,43.7
deepseek-ai/deepseek-llm-67b-chat,blackwell,2,786432,Naive,8,746.0,0.1,43.7108697754592,43.7108697754592,OK,43.0
deepseek-ai/deepseek-llm-67b-chat,blackwell,2,786432,Naive,4,746.0,0.1,55.58510113029719,55.58510113029719,OK,43.9
deepseek-ai/deepseek-llm-67b-chat,blackwell,2,1048576,Dense,1,950.0,1.0,140.25111140408427,140.25111140408427,OK,48.3
deepseek-ai/deepseek-llm-67b-chat,blackwell,2,1048576,Sparse,1,950.0,0.1,54.52036810808429,54.52036810808429,OK,48.5
deepseek-ai/deepseek-llm-67b-chat,blackwell,2,1048576,Dense,2,950.0,1.0,89.41135614371301,89.41135614371301,OK,53.2
deepseek-ai/deepseek-llm-67b-chat,blackwell,2,1048576,Dense,4,950.0,1.0,61.960443210297186,61.960443210297186,OK,53.7
deepseek-ai/deepseek-llm-67b-chat,blackwell,2,1048576,Dense,8,950.0,1.0,46.898540815459185,46.898540815459185,OK,53.7
deepseek-ai/deepseek-llm-67b-chat,blackwell,2,1048576,Sparse,2,950.0,0.1,57.12095281571301,57.12095281571301,OK,53.6
deepseek-ai/deepseek-llm-67b-chat,blackwell,2,1048576,Sparse,4,950.0,0.1,56.39038497029719,56.39038497029719,OK,53.5
deepseek-ai/deepseek-llm-67b-chat,blackwell,2,1048576,Sparse,8,950.0,0.1,46.898540815459185,46.898540815459185,OK,53.7
deepseek-ai/deepseek-llm-67b-chat,blackwell,2,1048576,HBM-only,8,950.0,1.0,46.898540815459185,46.898540815459185,OK,53.9
deepseek-ai/deepseek-llm-67b-chat,blackwell,2,1048576,Naive,1,950.0,0.1,102.84544352906347,102.84544352906347,OK,50.4
deepseek-ai/deepseek-llm-67b-chat,blackwell,4,131072,Dense,1,338.0,1.0,63.75214980408428,63.75214980408428,OK,18.9
deepseek-ai/deepseek-llm-67b-chat,blackwell,4,131072,Dense,2,338.0,1.0,51.16386334371302,51.16386334371302,OK,20.4
deepseek-ai/deepseek-llm-67b-chat,blackwell,4,131072,Dense,4,338.0,1.0,42.838684810297195,42.838684810297195,OK,20.7
deepseek-ai/deepseek-llm-67b-chat,blackwell,4,131072,Sparse,1,338.0,0.1,46.87422545208429,46.87422545208429,OK,19.4
deepseek-ai/deepseek-llm-67b-chat,blackwell,2,1048576,Naive,2,950.0,0.1,62.7399310781386,62.7399310781386,OK,53.4
deepseek-ai/deepseek-llm-67b-chat,blackwell,4,131072,Dense,8,338.0,1.0,37.339649615459194,37.339649615459194,OK,20.9
deepseek-ai/deepseek-llm-67b-chat,blackwell,4,131072,Sparse,2,338.0,0.1,51.16386334371302,51.16386334371302,OK,20.2
deepseek-ai/deepseek-llm-67b-chat,blackwell,2,1048576,Naive,4,950.0,0.1,56.874237362745184,56.874237362745184,OK,53.9
deepseek-ai/deepseek-llm-67b-chat,blackwell,2,1048576,Naive,8,950.0,0.1,46.898540815459185,46.898540815459185,OK,53.4
deepseek-ai/deepseek-llm-67b-chat,blackwell,4,131072,Sparse,4,338.0,0.1,42.838684810297195,42.838684810297195,OK,20.4
deepseek-ai/deepseek-llm-67b-chat,blackwell,4,131072,Sparse,8,338.0,0.1,37.339649615459194,37.339649615459194,OK,20.2
deepseek-ai/deepseek-llm-67b-chat,blackwell,4,131072,HBM-only,2,338.0,1.0,51.16386334371302,51.16386334371302,OK,20.3
deepseek-ai/deepseek-llm-67b-chat,blackwell,4,131072,HBM-only,4,338.0,1.0,42.838684810297195,42.838684810297195,OK,20.5
deepseek-ai/deepseek-llm-67b-chat,blackwell,4,131072,HBM-only,8,338.0,1.0,37.339649615459194,37.339649615459194,OK,20.7
deepseek-ai/deepseek-llm-67b-chat,blackwell,4,131072,Naive,1,338.0,0.1,50.9665253607947,50.9665253607947,OK,19.5
deepseek-ai/deepseek-llm-67b-chat,blackwell,4,131072,Naive,2,338.0,0.1,51.16386334371302,51.16386334371302,OK,20.5
deepseek-ai/deepseek-llm-67b-chat,blackwell,4,131072,Naive,4,338.0,0.1,42.838684810297195,42.838684810297195,OK,20.7
deepseek-ai/deepseek-llm-67b-chat,blackwell,4,131072,Naive,8,338.0,0.1,37.339649615459194,37.339649615459194,OK,20.7
deepseek-ai/deepseek-llm-67b-chat,blackwell,4,196608,Dense,1,440.0,1.0,76.50283396408427,76.50283396408427,OK,21.1
deepseek-ai/deepseek-llm-67b-chat,blackwell,4,196608,Dense,2,440.0,1.0,57.53920542371302,57.53920542371302,OK,23.0
deepseek-ai/deepseek-llm-67b-chat,blackwell,4,196608,Dense,4,440.0,1.0,46.0263558502972,46.0263558502972,OK,23.1
deepseek-ai/deepseek-llm-67b-chat,blackwell,4,196608,Sparse,1,440.0,0.1,48.149293868084285,48.149293868084285,OK,21.5
deepseek-ai/deepseek-llm-67b-chat,blackwell,4,196608,Dense,8,440.0,1.0,38.93348513545919,38.93348513545919,OK,22.8
deepseek-ai/deepseek-llm-67b-chat,blackwell,4,196608,Sparse,2,440.0,0.1,53.93810411171301,53.93810411171301,OK,22.8
deepseek-ai/deepseek-llm-67b-chat,blackwell,2,2097152,Dense,1,1766.1,1.0,242.25658468408434,242.25658468408434,OK,84.2
deepseek-ai/deepseek-llm-67b-chat,blackwell,4,196608,Sparse,4,440.0,0.1,46.0263558502972,46.0263558502972,OK,22.5
deepseek-ai/deepseek-llm-67b-chat,blackwell,2,2097152,Sparse,1,1766.1,0.1,64.72056522808428,64.72056522808428,OK,82.8
deepseek-ai/deepseek-llm-67b-chat,blackwell,4,196608,Sparse,8,440.0,0.1,38.93348513545919,38.93348513545919,OK,22.6
deepseek-ai/deepseek-llm-67b-chat,blackwell,4,196608,HBM-only,4,440.0,1.0,46.0263558502972,46.0263558502972,OK,22.8
deepseek-ai/deepseek-llm-67b-chat,blackwell,4,196608,Naive,1,440.0,0.1,59.61378434442348,59.61378434442348,OK,21.0
deepseek-ai/deepseek-llm-67b-chat,blackwell,4,196608,HBM-only,8,440.0,1.0,38.93348513545919,38.93348513545919,OK,23.0
deepseek-ai/deepseek-llm-67b-chat,blackwell,4,196608,Naive,2,440.0,0.1,54.25091977901543,54.25091977901543,OK,22.7
deepseek-ai/deepseek-llm-67b-chat,blackwell,2,2097152,Dense,2,1766.1,1.0,140.414092783713,140.414092783713,OK,91.0
deepseek-ai/deepseek-llm-67b-chat,blackwell,2,2097152,Dense,4,1766.1,1.0,87.4618115302972,87.4618115302972,OK,91.5
deepseek-ai/deepseek-llm-67b-chat,blackwell,2,2097152,Dense,8,1766.1,1.0,59.649224975459205,59.649224975459205,OK,91.1
deepseek-ai/deepseek-llm-67b-chat,blackwell,4,196608,Naive,4,440.0,0.1,46.0263558502972,46.0263558502972,OK,22.9
deepseek-ai/deepseek-llm-67b-chat,blackwell,2,2097152,Sparse,2,1766.1,0.1,62.22122647971302,62.22122647971302,OK,91.6
deepseek-ai/deepseek-llm-67b-chat,blackwell,2,2097152,Sparse,4,1766.1,0.1,58.94043425029719,58.94043425029719,OK,92.1
deepseek-ai/deepseek-llm-67b-chat,blackwell,4,196608,Naive,8,440.0,0.1,38.93348513545919,38.93348513545919,OK,23.6
deepseek-ai/deepseek-llm-67b-chat,blackwell,2,2097152,Naive,1,1766.1,0.1,172.0237792914955,172.0237792914955,OK,83.9
deepseek-ai/deepseek-llm-67b-chat,blackwell,2,2097152,Sparse,8,1766.1,0.1,55.9636359834592,55.9636359834592,OK,91.2
deepseek-ai/deepseek-llm-67b-chat,blackwell,4,262144,Dense,1,542.0,1.0,89.25351812408428,89.25351812408428,OK,24.0
deepseek-ai/deepseek-llm-67b-chat,blackwell,4,262144,Dense,2,542.0,1.0,63.91454750371302,63.91454750371302,OK,24.6
deepseek-ai/deepseek-llm-67b-chat,blackwell,4,262144,Dense,4,542.0,1.0,49.21402689029719,49.21402689029719,OK,24.7
deepseek-ai/deepseek-llm-67b-chat,blackwell,2,2097152,Naive,4,1766.1,0.1,61.41799122335319,61.41799122335319,OK,89.8
deepseek-ai/deepseek-llm-67b-chat,blackwell,2,2097152,Naive,2,1766.1,0.1,97.32896701265379,97.32896701265379,OK,90.5
deepseek-ai/deepseek-llm-67b-chat,blackwell,4,262144,Dense,8,542.0,1.0,40.52732065545919,40.52732065545919,OK,24.7
deepseek-ai/deepseek-llm-67b-chat,blackwell,4,262144,Sparse,1,542.0,0.1,49.42418718008429,49.42418718008429,OK,23.7
deepseek-ai/deepseek-llm-67b-chat,blackwell,4,262144,Sparse,2,542.0,0.1,54.575288111713014,54.575288111713014,OK,24.9
deepseek-ai/deepseek-llm-67b-chat,blackwell,2,2097152,Naive,8,1766.1,0.1,56.2837908138976,56.2837908138976,OK,92.6
deepseek-ai/deepseek-llm-67b-chat,blackwell,4,262144,Sparse,4,542.0,0.1,49.21402689029719,49.21402689029719,OK,25.4
deepseek-ai/deepseek-llm-67b-chat,blackwell,4,262144,Sparse,8,542.0,0.1,40.52732065545919,40.52732065545919,OK,24.9
deepseek-ai/deepseek-llm-67b-chat,blackwell,4,262144,Naive,1,542.0,0.1,68.26117527475309,68.26117527475309,OK,23.0
deepseek-ai/deepseek-llm-67b-chat,blackwell,4,262144,HBM-only,4,542.0,1.0,49.21402689029719,49.21402689029719,OK,24.9
deepseek-ai/deepseek-llm-67b-chat,blackwell,4,262144,HBM-only,8,542.0,1.0,40.52732065545919,40.52732065545919,OK,24.6
deepseek-ai/deepseek-llm-67b-chat,blackwell,4,262144,Naive,2,542.0,0.1,55.386558444231405,55.386558444231405,OK,24.7
deepseek-ai/deepseek-llm-67b-chat,blackwell,4,262144,Naive,4,542.0,0.1,49.21402689029719,49.21402689029719,OK,25.3
deepseek-ai/deepseek-llm-67b-chat,blackwell,4,262144,Naive,8,542.0,0.1,40.52732065545919,40.52732065545919,OK,25.8
deepseek-ai/deepseek-llm-67b-chat,blackwell,4,393216,Dense,1,746.0,1.0,114.75488644408429,114.75488644408429,OK,27.2
deepseek-ai/deepseek-llm-67b-chat,blackwell,4,393216,Dense,2,746.0,1.0,76.66523166371302,76.66523166371302,OK,29.4
deepseek-ai/deepseek-llm-67b-chat,blackwell,4,393216,Sparse,1,746.0,0.1,51.974324012084296,51.974324012084296,OK,27.5
deepseek-ai/deepseek-llm-67b-chat,blackwell,4,393216,Dense,4,746.0,1.0,55.58936897029719,55.58936897029719,OK,29.6
deepseek-ai/deepseek-llm-67b-chat,blackwell,4,393216,Dense,8,746.0,1.0,43.7149916954592,43.7149916954592,OK,29.5
deepseek-ai/deepseek-llm-67b-chat,blackwell,4,393216,Sparse,2,746.0,0.1,55.850181423713025,55.850181423713025,OK,29.7
deepseek-ai/deepseek-llm-67b-chat,blackwell,4,393216,Sparse,4,746.0,0.1,55.58936897029719,55.58936897029719,OK,29.5
deepseek-ai/deepseek-llm-67b-chat,blackwell,4,393216,Sparse,8,746.0,0.1,43.7149916954592,43.7149916954592,OK,29.8
deepseek-ai/deepseek-llm-67b-chat,blackwell,4,393216,HBM-only,4,746.0,1.0,55.58936897029719,55.58936897029719,OK,29.3
deepseek-ai/deepseek-llm-67b-chat,blackwell,4,393216,Naive,1,746.0,0.1,85.55569324201069,85.55569324201069,OK,27.4
deepseek-ai/deepseek-llm-67b-chat,blackwell,4,393216,HBM-only,8,746.0,1.0,43.7149916954592,43.7149916954592,OK,29.9
deepseek-ai/deepseek-llm-67b-chat,blackwell,4,393216,Naive,2,746.0,0.1,57.658315454561,57.658315454561,OK,29.7
deepseek-ai/deepseek-llm-67b-chat,blackwell,4,393216,Naive,4,746.0,0.1,55.58936897029719,55.58936897029719,OK,29.9
deepseek-ai/deepseek-llm-67b-chat,blackwell,4,393216,Naive,8,746.0,0.1,43.7149916954592,43.7149916954592,OK,30.0
deepseek-ai/deepseek-llm-67b-chat,blackwell,4,524288,Dense,1,950.0,1.0,140.25625476408428,140.25625476408428,OK,31.9
deepseek-ai/deepseek-llm-67b-chat,blackwell,4,524288,Sparse,1,950.0,0.1,54.52428574008428,54.52428574008428,OK,31.7
deepseek-ai/deepseek-llm-67b-chat,blackwell,4,524288,Dense,8,950.0,1.0,46.902662735459195,46.902662735459195,OK,33.7
deepseek-ai/deepseek-llm-67b-chat,blackwell,4,524288,Dense,4,950.0,1.0,61.96471105029718,61.96471105029718,OK,34.6
deepseek-ai/deepseek-llm-67b-chat,blackwell,4,524288,Dense,2,950.0,1.0,89.415915823713,89.415915823713,OK,35.0
deepseek-ai/deepseek-llm-67b-chat,blackwell,4,524288,Sparse,2,950.0,0.1,57.12516228771301,57.12516228771301,OK,34.2
deepseek-ai/deepseek-llm-67b-chat,blackwell,4,524288,Sparse,4,950.0,0.1,56.394565258297185,56.394565258297185,OK,34.2
deepseek-ai/deepseek-llm-67b-chat,blackwell,4,524288,Naive,1,950.0,0.1,102.85034315596909,102.85034315596909,OK,32.0
deepseek-ai/deepseek-llm-67b-chat,blackwell,4,524288,Sparse,8,950.0,0.1,46.902662735459195,46.902662735459195,OK,34.5
deepseek-ai/deepseek-llm-67b-chat,blackwell,4,524288,HBM-only,8,950.0,1.0,46.902662735459195,46.902662735459195,OK,34.0
deepseek-ai/deepseek-llm-67b-chat,blackwell,4,524288,Naive,2,950.0,0.1,62.744170971540214,62.744170971540214,OK,34.6
deepseek-ai/deepseek-llm-67b-chat,blackwell,4,524288,Naive,4,950.0,0.1,56.87842525609558,56.87842525609558,OK,34.2
deepseek-ai/deepseek-llm-67b-chat,blackwell,4,524288,Naive,8,950.0,0.1,46.902662735459195,46.902662735459195,OK,33.9
deepseek-ai/deepseek-llm-67b-chat,blackwell,4,786432,Dense,1,1358.1,1.0,191.25899140408427,191.25899140408427,OK,40.1
deepseek-ai/deepseek-llm-67b-chat,blackwell,4,786432,Sparse,1,1358.1,0.1,59.62455940408428,59.62455940408428,OK,39.8
deepseek-ai/deepseek-llm-67b-chat,blackwell,4,786432,Dense,2,1358.1,1.0,114.917284143713,114.917284143713,OK,43.4
deepseek-ai/deepseek-llm-67b-chat,blackwell,4,786432,Dense,4,1358.1,1.0,74.71539521029719,74.71539521029719,OK,44.4
deepseek-ai/deepseek-llm-67b-chat,blackwell,4,786432,Dense,8,1358.1,1.0,53.278004815459205,53.278004815459205,OK,44.6
deepseek-ai/deepseek-llm-67b-chat,blackwell,4,786432,Sparse,2,1358.1,0.1,59.67529911971302,59.67529911971302,OK,43.4
deepseek-ai/deepseek-llm-67b-chat,blackwell,4,786432,Sparse,4,1358.1,0.1,57.66950234629719,57.66950234629719,OK,43.6
deepseek-ai/deepseek-llm-67b-chat,blackwell,4,786432,Naive,1,1358.1,0.1,137.43937909048427,137.43937909048427,OK,40.6
deepseek-ai/deepseek-llm-67b-chat,blackwell,4,786432,Sparse,8,1358.1,0.1,53.278004815459205,53.278004815459205,OK,43.8
deepseek-ai/deepseek-llm-67b-chat,blackwell,4,786432,HBM-only,8,1358.1,1.0,53.278004815459205,53.278004815459205,OK,44.0
deepseek-ai/deepseek-llm-67b-chat,blackwell,4,786432,Naive,2,1358.1,0.1,80.03868893879782,80.03868893879782,OK,44.5
deepseek-ai/deepseek-llm-67b-chat,blackwell,4,786432,Naive,4,1358.1,0.1,59.15022223975,59.15022223975,OK,44.3
deepseek-ai/deepseek-llm-67b-chat,blackwell,4,786432,Naive,8,1358.1,0.1,53.278004815459205,53.278004815459205,OK,43.7
deepseek-ai/deepseek-llm-67b-chat,blackwell,4,1048576,Dense,1,1766.1,1.0,242.2617280440843,242.2617280440843,OK,49.6
deepseek-ai/deepseek-llm-67b-chat,blackwell,4,1048576,Sparse,1,1766.1,0.1,64.72448286008427,64.72448286008427,OK,48.5
deepseek-ai/deepseek-llm-67b-chat,blackwell,4,1048576,Dense,2,1766.1,1.0,140.41865246371302,140.41865246371302,OK,52.1
deepseek-ai/deepseek-llm-67b-chat,blackwell,4,1048576,Dense,4,1766.1,1.0,87.46607937029718,87.46607937029718,OK,53.5
deepseek-ai/deepseek-llm-67b-chat,blackwell,8,131072,Dense,1,542.0,1.0,89.26383284408426,89.26383284408426,OK,19.1
deepseek-ai/deepseek-llm-67b-chat,blackwell,4,1048576,Dense,8,1766.1,1.0,59.653346895459194,59.653346895459194,OK,53.2
deepseek-ai/deepseek-llm-67b-chat,blackwell,4,1048576,Sparse,2,1766.1,0.1,62.22526084771302,62.22526084771302,OK,52.5
deepseek-ai/deepseek-llm-67b-chat,blackwell,4,1048576,Sparse,4,1766.1,0.1,58.94457076229718,58.94457076229718,OK,52.7
deepseek-ai/deepseek-llm-67b-chat,blackwell,4,1048576,Naive,1,1766.1,0.1,172.02867891840106,172.02867891840106,OK,49.7
deepseek-ai/deepseek-llm-67b-chat,blackwell,4,1048576,Sparse,8,1766.1,0.1,55.967692239459204,55.967692239459204,OK,53.3
deepseek-ai/deepseek-llm-67b-chat,blackwell,8,131072,Dense,2,542.0,1.0,63.923694863713024,63.923694863713024,OK,20.4
deepseek-ai/deepseek-llm-67b-chat,blackwell,8,131072,Dense,4,542.0,1.0,49.22259057029718,49.22259057029718,OK,20.5
deepseek-ai/deepseek-llm-67b-chat,blackwell,4,1048576,Naive,2,1766.1,0.1,97.3333388527562,97.3333388527562,OK,53.3
deepseek-ai/deepseek-llm-67b-chat,blackwell,4,1048576,Naive,4,1766.1,0.1,61.42213914337879,61.42213914337879,OK,54.0
deepseek-ai/deepseek-llm-67b-chat,blackwell,8,131072,Sparse,1,542.0,0.1,49.43257575608429,49.43257575608429,OK,19.5
deepseek-ai/deepseek-llm-67b-chat,blackwell,8,131072,Dense,8,542.0,1.0,40.5355924954592,40.5355924954592,OK,20.5
deepseek-ai/deepseek-llm-67b-chat,blackwell,4,1048576,Naive,8,1766.1,0.1,56.28785277391041,56.28785277391041,OK,53.6
deepseek-ai/deepseek-llm-67b-chat,blackwell,8,131072,Sparse,2,542.0,0.1,54.58399771171301,54.58399771171301,OK,20.6
deepseek-ai/deepseek-llm-67b-chat,blackwell,8,131072,Sparse,8,542.0,0.1,40.5355924954592,40.5355924954592,OK,20.3
deepseek-ai/deepseek-llm-67b-chat,blackwell,8,131072,Sparse,4,542.0,0.1,49.22259057029718,49.22259057029718,OK,20.9
deepseek-ai/deepseek-llm-67b-chat,blackwell,8,131072,HBM-only,4,542.0,1.0,49.22259057029718,49.22259057029718,OK,20.6
deepseek-ai/deepseek-llm-67b-chat,blackwell,8,131072,Naive,1,542.0,0.1,68.27060668846188,68.27060668846188,OK,19.8
deepseek-ai/deepseek-llm-67b-chat,blackwell,8,131072,HBM-only,8,542.0,1.0,40.5355924954592,40.5355924954592,OK,20.7
deepseek-ai/deepseek-llm-67b-chat,blackwell,8,131072,Naive,2,542.0,0.1,55.395306070983416,55.395306070983416,OK,20.7
deepseek-ai/deepseek-llm-67b-chat,blackwell,8,131072,Naive,4,542.0,0.1,49.22259057029718,49.22259057029718,OK,20.8
deepseek-ai/deepseek-llm-67b-chat,blackwell,8,131072,Naive,8,542.0,0.1,40.5355924954592,40.5355924954592,OK,20.6
deepseek-ai/deepseek-llm-67b-chat,blackwell,8,196608,Dense,1,746.0,1.0,114.76520116408427,114.76520116408427,OK,21.4
deepseek-ai/deepseek-llm-67b-chat,blackwell,8,196608,Dense,2,746.0,1.0,76.67437902371302,76.67437902371302,OK,23.0
deepseek-ai/deepseek-llm-67b-chat,blackwell,8,196608,Dense,4,746.0,1.0,55.59793265029719,55.59793265029719,OK,23.0
deepseek-ai/deepseek-llm-67b-chat,blackwell,8,196608,Sparse,1,746.0,0.1,51.9827125880843,51.9827125880843,OK,21.0
deepseek-ai/deepseek-llm-67b-chat,blackwell,8,196608,Dense,8,746.0,1.0,43.72326353545919,43.72326353545919,OK,22.7
deepseek-ai/deepseek-llm-67b-chat,blackwell,8,196608,Sparse,2,746.0,0.1,55.85880347171302,55.85880347171302,OK,23.0
deepseek-ai/deepseek-llm-67b-chat,blackwell,8,196608,Sparse,4,746.0,0.1,55.59793265029719,55.59793265029719,OK,23.1
deepseek-ai/deepseek-llm-67b-chat,blackwell,8,196608,Sparse,8,746.0,0.1,43.72326353545919,43.72326353545919,OK,22.8
deepseek-ai/deepseek-llm-67b-chat,blackwell,8,196608,HBM-only,4,746.0,1.0,55.59793265029719,55.59793265029719,OK,23.1
deepseek-ai/deepseek-llm-67b-chat,blackwell,8,196608,Naive,1,746.0,0.1,85.56512465571947,85.56512465571947,OK,21.8
deepseek-ai/deepseek-llm-67b-chat,blackwell,8,196608,HBM-only,8,746.0,1.0,43.72326353545919,43.72326353545919,OK,23.3
deepseek-ai/deepseek-llm-67b-chat,blackwell,8,196608,Naive,2,746.0,0.1,57.666983134663425,57.666983134663425,OK,22.6
deepseek-ai/deepseek-llm-67b-chat,blackwell,8,196608,Naive,4,746.0,0.1,55.59793265029719,55.59793265029719,OK,23.0
deepseek-ai/deepseek-llm-67b-chat,blackwell,8,196608,Naive,8,746.0,0.1,43.72326353545919,43.72326353545919,OK,23.1
deepseek-ai/deepseek-llm-67b-chat,blackwell,8,262144,Dense,1,950.0,1.0,140.26656948408427,140.26656948408427,OK,23.8
deepseek-ai/deepseek-llm-67b-chat,blackwell,8,262144,Dense,2,950.0,1.0,89.42506318371304,89.42506318371304,OK,25.3
deepseek-ai/deepseek-llm-67b-chat,blackwell,8,262144,Dense,4,950.0,1.0,61.97327473029719,61.97327473029719,OK,24.9
deepseek-ai/deepseek-llm-67b-chat,blackwell,4,2097152,Dense,2,3398.2,1.0,242.424125743713,242.424125743713,OK,89.9
deepseek-ai/deepseek-llm-67b-chat,blackwell,4,2097152,Dense,4,3398.2,1.0,138.46881601029716,138.46881601029716,OK,90.8
deepseek-ai/deepseek-llm-67b-chat,blackwell,8,262144,Dense,8,950.0,1.0,46.910934575459194,46.910934575459194,OK,24.9
deepseek-ai/deepseek-llm-67b-chat,blackwell,8,262144,Sparse,1,950.0,0.1,54.53267431608429,54.53267431608429,OK,22.9
deepseek-ai/deepseek-llm-67b-chat,blackwell,4,2097152,Dense,8,3398.2,1.0,85.15471521545919,85.15471521545919,OK,91.7
deepseek-ai/deepseek-llm-67b-chat,blackwell,8,262144,Sparse,2,950.0,0.1,57.13360923171302,57.13360923171302,OK,25.3
deepseek-ai/deepseek-llm-67b-chat,blackwell,4,2097152,Sparse,2,3398.2,0.1,72.425720623713,72.425720623713,OK,91.0
deepseek-ai/deepseek-llm-67b-chat,blackwell,4,2097152,Sparse,8,3398.2,0.1,58.5177415194592,58.5177415194592,OK,90.6
deepseek-ai/deepseek-llm-67b-chat,blackwell,4,2097152,Sparse,4,3398.2,0.1,64.04471309829718,64.04471309829718,OK,91.6
deepseek-ai/deepseek-llm-67b-chat,blackwell,4,2097152,Naive,2,3398.2,0.1,166.51147669513702,166.51147669513702,OK,91.2
deepseek-ai/deepseek-llm-67b-chat,blackwell,8,262144,Sparse,4,950.0,0.1,56.402997610297184,56.402997610297184,OK,24.7
deepseek-ai/deepseek-llm-67b-chat,blackwell,8,262144,Sparse,8,950.0,0.1,46.910934575459194,46.910934575459194,OK,25.2
deepseek-ai/deepseek-llm-67b-chat,blackwell,8,262144,Naive,1,950.0,0.1,102.8597745696779,102.8597745696779,OK,23.5
deepseek-ai/deepseek-llm-67b-chat,blackwell,4,2097152,Naive,4,3398.2,0.1,92.54380139791958,92.54380139791958,OK,91.2
deepseek-ai/deepseek-llm-67b-chat,blackwell,8,262144,HBM-only,8,950.0,1.0,46.910934575459194,46.910934575459194,OK,25.4
deepseek-ai/deepseek-llm-67b-chat,blackwell,8,262144,Naive,2,950.0,0.1,62.75267875834342,62.75267875834342,OK,25.5
deepseek-ai/deepseek-llm-67b-chat,blackwell,4,2097152,Naive,8,3398.2,0.1,60.83160663451841,60.83160663451841,OK,92.3
deepseek-ai/deepseek-llm-67b-chat,blackwell,8,262144,Naive,4,950.0,0.1,56.886869016121196,56.886869016121196,OK,25.8
deepseek-ai/deepseek-llm-67b-chat,blackwell,8,262144,Naive,8,950.0,0.1,46.910934575459194,46.910934575459194,OK,25.2
deepseek-ai/deepseek-llm-67b-chat,blackwell,8,393216,Dense,1,1358.1,1.0,191.2693061240843,191.2693061240843,OK,27.8
deepseek-ai/deepseek-llm-67b-chat,blackwell,8,393216,Dense,2,1358.1,1.0,114.92643150371302,114.92643150371302,OK,29.8
deepseek-ai/deepseek-llm-67b-chat,blackwell,8,393216,Dense,4,1358.1,1.0,74.72395889029718,74.72395889029718,OK,30.4
deepseek-ai/deepseek-llm-67b-chat,blackwell,8,393216,Sparse,1,1358.1,0.1,59.632947980084275,59.632947980084275,OK,27.2
deepseek-ai/deepseek-llm-67b-chat,blackwell,8,393216,Dense,8,1358.1,1.0,53.286276655459204,53.286276655459204,OK,30.0
deepseek-ai/deepseek-llm-67b-chat,blackwell,8,393216,Sparse,2,1358.1,0.1,59.68348340771302,59.68348340771302,OK,30.1
deepseek-ai/deepseek-llm-67b-chat,blackwell,8,393216,HBM-only,8,1358.1,1.0,53.286276655459204,53.286276655459204,OK,29.3
deepseek-ai/deepseek-llm-67b-chat,blackwell,8,393216,Sparse,4,1358.1,0.1,57.67789092229719,57.67789092229719,OK,29.7
deepseek-ai/deepseek-llm-67b-chat,blackwell,8,393216,Sparse,8,1358.1,0.1,53.286276655459204,53.286276655459204,OK,29.7
deepseek-ai/deepseek-llm-67b-chat,blackwell,8,393216,Naive,1,1358.1,0.1,137.44881050419312,137.44881050419312,OK,28.0
deepseek-ai/deepseek-llm-67b-chat,blackwell,8,393216,Naive,2,1358.1,0.1,80.04739464565222,80.04739464565222,OK,29.9
deepseek-ai/deepseek-llm-67b-chat,blackwell,8,393216,Naive,4,1358.1,0.1,59.158626026450776,59.158626026450776,OK,30.0
deepseek-ai/deepseek-llm-67b-chat,blackwell,8,393216,Naive,8,1358.1,0.1,53.286276655459204,53.286276655459204,OK,30.2
deepseek-ai/deepseek-llm-67b-chat,blackwell,8,524288,Dense,1,1766.1,1.0,242.27204276408432,242.27204276408432,OK,32.5
deepseek-ai/deepseek-llm-67b-chat,blackwell,8,524288,Sparse,1,1766.1,0.1,64.73304654008429,64.73304654008429,OK,32.0
deepseek-ai/deepseek-llm-67b-chat,blackwell,8,524288,Dense,2,1766.1,1.0,140.42779982371303,140.42779982371303,OK,34.0
deepseek-ai/deepseek-llm-67b-chat,blackwell,8,524288,Dense,4,1766.1,1.0,87.47464305029717,87.47464305029717,OK,34.2
deepseek-ai/deepseek-llm-67b-chat,blackwell,8,524288,Dense,8,1766.1,1.0,59.66161873545919,59.66161873545919,OK,34.6
deepseek-ai/deepseek-llm-67b-chat,blackwell,8,524288,Naive,1,1766.1,0.1,172.03797838540913,172.03797838540913,OK,32.8
deepseek-ai/deepseek-llm-67b-chat,blackwell,8,524288,Sparse,2,1766.1,0.1,62.23362023971302,62.23362023971302,OK,34.6
deepseek-ai/deepseek-llm-67b-chat,blackwell,8,524288,Sparse,4,1766.1,0.1,58.95274045829719,58.95274045829719,OK,34.9
deepseek-ai/deepseek-llm-67b-chat,blackwell,8,524288,Sparse,8,1766.1,0.1,55.9759640794592,55.9759640794592,OK,33.9
deepseek-ai/deepseek-llm-67b-chat,blackwell,8,524288,Naive,4,1766.1,0.1,61.43034306345559,61.43034306345559,OK,34.8
deepseek-ai/deepseek-llm-67b-chat,blackwell,8,524288,Naive,2,1766.1,0.1,97.34191261290982,97.34191261290982,OK,35.0
deepseek-ai/deepseek-llm-67b-chat,blackwell,8,524288,Naive,8,1766.1,0.1,56.29612461391041,56.29612461391041,OK,35.3
deepseek-ai/deepseek-llm-67b-chat,blackwell,8,786432,Dense,1,2582.1,1.0,344.27751604408434,344.27751604408434,OK,40.3
deepseek-ai/deepseek-llm-67b-chat,blackwell,8,786432,Dense,2,2582.1,1.0,191.43053646371303,191.43053646371303,OK,43.4
deepseek-ai/deepseek-llm-67b-chat,blackwell,8,786432,Sparse,1,2582.1,0.1,74.93394407608427,74.93394407608427,OK,40.8
deepseek-ai/deepseek-llm-67b-chat,blackwell,8,786432,Dense,4,2582.1,1.0,112.9760113702972,112.9760113702972,OK,44.2
deepseek-ai/deepseek-llm-67b-chat,blackwell,8,786432,Dense,8,2582.1,1.0,72.41230289545919,72.41230289545919,OK,44.1
deepseek-ai/deepseek-llm-67b-chat,blackwell,8,786432,Naive,1,2582.1,0.1,241.2157863610379,241.2157863610379,OK,40.2
deepseek-ai/deepseek-llm-67b-chat,blackwell,8,786432,Sparse,4,2582.1,0.1,61.50274596229718,61.50274596229718,OK,43.1
deepseek-ai/deepseek-llm-67b-chat,blackwell,8,786432,Sparse,8,2582.1,0.1,57.25083550345921,57.25083550345921,OK,43.4
deepseek-ai/deepseek-llm-67b-chat,blackwell,8,786432,Sparse,2,2582.1,0.1,67.33389390371302,67.33389390371302,OK,43.7
deepseek-ai/deepseek-llm-67b-chat,blackwell,8,786432,Naive,2,2582.1,0.1,131.930948547425,131.930948547425,OK,44.0
deepseek-ai/deepseek-llm-67b-chat,blackwell,8,786432,Naive,4,2582.1,0.1,75.25756031073878,75.25756031073878,OK,44.1
deepseek-ai/deepseek-llm-67b-chat,blackwell,8,786432,Naive,8,2582.1,0.1,58.5678616375776,58.5678616375776,OK,43.7
deepseek-ai/deepseek-llm-67b-chat,blackwell,16,131072,Dense,1,950.0,1.0,140.43083513605458,140.43083513605458,OK,20.1
deepseek-ai/deepseek-llm-67b-chat,blackwell,16,131072,Dense,4,950.0,1.0,62.100690587854736,62.100690587854736,OK,20.8
deepseek-ai/deepseek-llm-67b-chat,blackwell,16,131072,Dense,2,950.0,1.0,89.58786680899173,89.58786680899173,OK,21.3
deepseek-ai/deepseek-llm-67b-chat,blackwell,16,131072,Sparse,1,950.0,0.1,54.692737472054596,54.692737472054596,OK,19.6
deepseek-ai/deepseek-llm-67b-chat,blackwell,8,1048576,Dense,2,3398.2,1.0,242.433273103713,242.433273103713,OK,54.4
deepseek-ai/deepseek-llm-67b-chat,blackwell,16,131072,Dense,8,950.0,1.0,47.07432328743249,47.07432328743249,OK,21.1
deepseek-ai/deepseek-llm-67b-chat,blackwell,8,1048576,Dense,4,3398.2,1.0,138.47737969029717,138.47737969029717,OK,54.0
deepseek-ai/deepseek-llm-67b-chat,blackwell,16,131072,Sparse,2,950.0,0.1,57.29501202499174,57.29501202499174,OK,20.9
deepseek-ai/deepseek-llm-67b-chat,blackwell,8,1048576,Dense,8,3398.2,1.0,85.1629870554592,85.1629870554592,OK,53.8
deepseek-ai/deepseek-llm-67b-chat,blackwell,8,1048576,Sparse,2,3398.2,0.1,72.433904911713,72.433904911713,OK,54.0
deepseek-ai/deepseek-llm-67b-chat,blackwell,8,1048576,Sparse,4,3398.2,0.1,64.05288279429719,64.05288279429719,OK,53.5
deepseek-ai/deepseek-llm-67b-chat,blackwell,8,1048576,Naive,2,3398.2,0.1,166.52018240199143,166.52018240199143,OK,53.2
deepseek-ai/deepseek-llm-67b-chat,blackwell,8,1048576,Sparse,8,3398.2,0.1,58.52583825545921,58.52583825545921,OK,54.1
deepseek-ai/deepseek-llm-67b-chat,blackwell,8,1048576,Naive,8,3398.2,0.1,60.8397185812192,60.8397185812192,OK,53.3
deepseek-ai/deepseek-llm-67b-chat,blackwell,8,1048576,Naive,4,3398.2,0.1,92.55207827799639,92.55207827799639,OK,54.0
deepseek-ai/deepseek-llm-67b-chat,blackwell,16,131072,Sparse,4,950.0,0.1,56.53023836385474,56.53023836385474,OK,21.2
deepseek-ai/deepseek-llm-67b-chat,blackwell,16,131072,Sparse,8,950.0,0.1,47.07432328743249,47.07432328743249,OK,21.4
deepseek-ai/deepseek-llm-67b-chat,blackwell,16,131072,HBM-only,8,950.0,1.0,47.07432328743249,47.07432328743249,OK,21.1
deepseek-ai/deepseek-llm-67b-chat,blackwell,16,131072,Naive,1,950.0,0.1,103.0225375024674,103.0225375024674,OK,20.1
deepseek-ai/deepseek-llm-67b-chat,blackwell,16,131072,Naive,2,950.0,0.1,62.91420323722854,62.91420323722854,OK,21.4
deepseek-ai/deepseek-llm-67b-chat,blackwell,16,131072,Naive,4,950.0,0.1,57.01412498037955,57.01412498037955,OK,21.4
deepseek-ai/deepseek-llm-67b-chat,blackwell,16,131072,Naive,8,950.0,0.1,47.07432328743249,47.07432328743249,OK,21.1
deepseek-ai/deepseek-llm-67b-chat,blackwell,16,196608,Dense,1,1358.1,1.0,191.43357177605458,191.43357177605458,OK,21.8
deepseek-ai/deepseek-llm-67b-chat,blackwell,16,196608,Sparse,1,1358.1,0.1,59.7930111360546,59.7930111360546,OK,21.6
deepseek-ai/deepseek-llm-67b-chat,blackwell,16,196608,Dense,4,1358.1,1.0,74.85137474785475,74.85137474785475,OK,23.3
deepseek-ai/deepseek-llm-67b-chat,blackwell,16,196608,Dense,8,1358.1,1.0,53.449665367432495,53.449665367432495,OK,23.2
deepseek-ai/deepseek-llm-67b-chat,blackwell,16,196608,Dense,2,1358.1,1.0,115.08923512899176,115.08923512899176,OK,23.7
deepseek-ai/deepseek-llm-67b-chat,blackwell,16,196608,Sparse,2,1358.1,0.1,59.84462354499175,59.84462354499175,OK,23.5
deepseek-ai/deepseek-llm-67b-chat,blackwell,16,196608,Naive,1,1358.1,0.1,137.61157343698255,137.61157343698255,OK,21.7
deepseek-ai/deepseek-llm-67b-chat,blackwell,16,196608,Sparse,4,1358.1,0.1,57.804781467854724,57.804781467854724,OK,23.2
deepseek-ai/deepseek-llm-67b-chat,blackwell,16,196608,Sparse,8,1358.1,0.1,53.449665367432495,53.449665367432495,OK,23.6
deepseek-ai/deepseek-llm-67b-chat,blackwell,16,196608,HBM-only,8,1358.1,1.0,53.449665367432495,53.449665367432495,OK,23.5
deepseek-ai/deepseek-llm-67b-chat,blackwell,16,196608,Naive,2,1358.1,0.1,80.20911704458854,80.20911704458854,OK,23.6
deepseek-ai/deepseek-llm-67b-chat,blackwell,16,196608,Naive,4,1358.1,0.1,59.28556220411073,59.28556220411073,OK,23.6
deepseek-ai/deepseek-llm-67b-chat,blackwell,16,196608,Naive,8,1358.1,0.1,53.449665367432495,53.449665367432495,OK,23.3
deepseek-ai/deepseek-llm-67b-chat,blackwell,16,262144,Dense,1,1766.1,1.0,242.43630841605463,242.43630841605463,OK,24.2
deepseek-ai/deepseek-llm-67b-chat,blackwell,16,262144,Dense,2,1766.1,1.0,140.59060344899174,140.59060344899174,OK,25.6
deepseek-ai/deepseek-llm-67b-chat,blackwell,8,2097152,Dense,8,6662.4,1.0,136.1657236954592,136.1657236954592,OK,91.9
deepseek-ai/deepseek-llm-67b-chat,blackwell,16,262144,Dense,4,1766.1,1.0,87.60205890785474,87.60205890785474,OK,25.1
deepseek-ai/deepseek-llm-67b-chat,blackwell,16,262144,Sparse,1,1766.1,0.1,64.8932848000546,64.8932848000546,OK,24.4
deepseek-ai/deepseek-llm-67b-chat,blackwell,8,2097152,Dense,4,6662.4,1.0,240.4828529702972,240.4828529702972,OK,92.6
deepseek-ai/deepseek-llm-67b-chat,blackwell,16,262144,Dense,8,1766.1,1.0,59.8250074474325,59.8250074474325,OK,25.2
deepseek-ai/deepseek-llm-67b-chat,blackwell,16,262144,Sparse,4,1766.1,0.1,59.07949967585474,59.07949967585474,OK,25.2
deepseek-ai/deepseek-llm-67b-chat,blackwell,16,262144,Sparse,2,1766.1,0.1,62.39458527299174,62.39458527299174,OK,26.0
deepseek-ai/deepseek-llm-67b-chat,blackwell,8,2097152,Sparse,4,6662.4,0.1,74.25325501829718,74.25325501829718,OK,91.5
deepseek-ai/deepseek-llm-67b-chat,blackwell,16,262144,Naive,1,1766.1,0.1,172.2006093714978,172.2006093714978,OK,24.6
deepseek-ai/deepseek-llm-67b-chat,blackwell,16,262144,Naive,2,1766.1,0.1,97.50376695854696,97.50376695854696,OK,25.1
deepseek-ai/deepseek-llm-67b-chat,blackwell,16,262144,Sparse,8,1766.1,0.1,56.1392214634325,56.1392214634325,OK,25.6
deepseek-ai/deepseek-llm-67b-chat,blackwell,16,262144,Naive,8,1766.1,0.1,56.459393405909296,56.459393405909296,OK,25.1
deepseek-ai/deepseek-llm-67b-chat,blackwell,16,262144,Naive,4,1766.1,0.1,61.55715932114114,61.55715932114114,OK,26.1
deepseek-ai/deepseek-llm-67b-chat,blackwell,16,393216,Dense,1,2582.1,1.0,344.4417816960546,344.4417816960546,OK,28.4
deepseek-ai/deepseek-llm-67b-chat,blackwell,16,393216,Dense,2,2582.1,1.0,191.59334008899174,191.59334008899174,OK,30.4
deepseek-ai/deepseek-llm-67b-chat,blackwell,8,2097152,Sparse,8,6662.4,0.1,63.6260243674592,63.6260243674592,OK,92.9
deepseek-ai/deepseek-llm-67b-chat,blackwell,16,393216,Dense,4,2582.1,1.0,113.10342722785474,113.10342722785474,OK,30.5
deepseek-ai/deepseek-llm-67b-chat,blackwell,16,393216,Sparse,1,2582.1,0.1,75.0940072320546,75.0940072320546,OK,28.5
deepseek-ai/deepseek-llm-67b-chat,blackwell,16,393216,Dense,8,2582.1,1.0,72.57569160743249,72.57569160743249,OK,30.5
deepseek-ai/deepseek-llm-67b-chat,blackwell,16,393216,Sparse,2,2582.1,0.1,67.49459628099174,67.49459628099174,OK,30.3
deepseek-ai/deepseek-llm-67b-chat,blackwell,16,393216,Sparse,4,2582.1,0.1,61.62937385185474,61.62937385185474,OK,30.6
deepseek-ai/deepseek-llm-67b-chat,blackwell,8,2097152,Naive,4,6662.4,0.1,161.7302820937276,161.7302820937276,OK,91.4
deepseek-ai/deepseek-llm-67b-chat,blackwell,8,2097152,Naive,8,6662.4,0.1,88.82074816908481,88.82074816908481,OK,90.3
deepseek-ai/deepseek-llm-67b-chat,blackwell,16,393216,Sparse,8,2582.1,0.1,57.41400533543249,57.41400533543249,OK,30.2
deepseek-ai/deepseek-llm-67b-chat,blackwell,16,393216,Naive,1,2582.1,0.1,241.37854929382738,241.37854929382738,OK,28.9
deepseek-ai/deepseek-llm-67b-chat,blackwell,16,393216,Naive,2,2582.1,0.1,132.09300081311338,132.09300081311338,OK,30.3
deepseek-ai/deepseek-llm-67b-chat,blackwell,16,393216,Naive,4,2582.1,0.1,75.38440256844994,75.38440256844994,OK,30.5
deepseek-ai/deepseek-llm-67b-chat,blackwell,16,393216,Naive,8,2582.1,0.1,58.73105048292688,58.73105048292688,OK,30.8
deepseek-ai/deepseek-llm-67b-chat,blackwell,16,524288,Dense,2,3398.2,1.0,242.59607672899176,242.59607672899176,OK,34.5
deepseek-ai/deepseek-llm-67b-chat,blackwell,16,524288,Dense,8,3398.2,1.0,85.32637576743248,85.32637576743248,OK,34.9
deepseek-ai/deepseek-llm-67b-chat,blackwell,16,524288,Dense,4,3398.2,1.0,138.60479554785474,138.60479554785474,OK,35.2
deepseek-ai/deepseek-llm-67b-chat,blackwell,16,524288,Sparse,2,3398.2,0.1,72.59478239299175,72.59478239299175,OK,34.9
deepseek-ai/deepseek-llm-67b-chat,blackwell,16,524288,Sparse,4,3398.2,0.1,64.17937935585475,64.17937935585475,OK,35.4
deepseek-ai/deepseek-llm-67b-chat,blackwell,16,524288,Sparse,8,3398.2,0.1,58.68894242343249,58.68894242343249,OK,35.4
deepseek-ai/deepseek-llm-67b-chat,blackwell,16,524288,Naive,2,3398.2,0.1,166.68210272097895,166.68210272097895,OK,35.7
deepseek-ai/deepseek-llm-67b-chat,blackwell,16,524288,Naive,4,3398.2,0.1,92.67901949573314,92.67901949573314,OK,34.9
deepseek-ai/deepseek-llm-67b-chat,blackwell,16,524288,Naive,8,3398.2,0.1,61.00284746658129,61.00284746658129,OK,35.3
deepseek-ai/deepseek-llm-67b-chat,blackwell,16,786432,Dense,2,5030.3,1.0,344.6015500089918,344.6015500089918,OK,45.2
deepseek-ai/deepseek-llm-67b-chat,blackwell,16,786432,Dense,4,5030.3,1.0,189.60753218785473,189.60753218785473,OK,44.1
deepseek-ai/deepseek-llm-67b-chat,blackwell,16,786432,Dense,8,5030.3,1.0,110.82774408743249,110.82774408743249,OK,44.1
deepseek-ai/deepseek-llm-67b-chat,blackwell,16,786432,Sparse,4,5030.3,0.1,69.27965301985473,69.27965301985473,OK,43.8
deepseek-ai/deepseek-llm-67b-chat,blackwell,16,786432,Sparse,2,5030.3,0.1,82.79506706499176,82.79506706499176,OK,45.1
deepseek-ai/deepseek-llm-67b-chat,blackwell,16,786432,Sparse,8,5030.3,0.1,61.23890415143249,61.23890415143249,OK,44.4
deepseek-ai/deepseek-llm-67b-chat,blackwell,16,786432,Naive,2,5030.3,0.1,235.86037251006056,235.86037251006056,OK,44.9
deepseek-ai/deepseek-llm-67b-chat,blackwell,32,131072,Dense,1,1766.1,1.0,242.76804362742425,242.76804362742425,OK,22.0
deepseek-ai/deepseek-llm-67b-chat,blackwell,16,786432,Naive,4,5030.3,0.1,127.26805543024832,127.26805543024832,OK,44.2
deepseek-ai/deepseek-llm-67b-chat,blackwell,16,786432,Naive,8,5030.3,0.1,71.68931562053969,71.68931562053969,OK,44.6
deepseek-ai/deepseek-llm-67b-chat,blackwell,32,131072,Dense,2,1766.1,1.0,140.91944424381583,140.91944424381583,OK,23.3
deepseek-ai/deepseek-llm-67b-chat,blackwell,32,131072,Sparse,1,1766.1,0.1,65.2166150194243,65.2166150194243,OK,22.2
deepseek-ai/deepseek-llm-67b-chat,blackwell,32,131072,Dense,4,1766.1,1.0,87.86013568771573,87.86013568771573,OK,23.4
deepseek-ai/deepseek-llm-67b-chat,blackwell,32,131072,Dense,8,1766.1,1.0,60.154017686406235,60.154017686406235,OK,23.0
deepseek-ai/deepseek-llm-67b-chat,blackwell,32,131072,Sparse,2,1766.1,0.1,62.71983643581584,62.71983643581584,OK,23.5
deepseek-ai/deepseek-llm-67b-chat,blackwell,16,1048576,Dense,4,6662.4,1.0,240.61026882785475,240.61026882785475,OK,53.6
deepseek-ai/deepseek-llm-67b-chat,blackwell,32,131072,Sparse,4,1766.1,0.1,59.33635072771573,59.33635072771573,OK,23.6
deepseek-ai/deepseek-llm-67b-chat,blackwell,32,131072,Naive,1,1766.1,0.1,172.52933914450588,172.52933914450588,OK,22.2
deepseek-ai/deepseek-llm-67b-chat,blackwell,32,131072,Sparse,8,1766.1,0.1,56.468078486406235,56.468078486406235,OK,23.3
deepseek-ai/deepseek-llm-67b-chat,blackwell,32,131072,Naive,2,1766.1,0.1,97.83064322073744,97.83064322073744,OK,22.8
deepseek-ai/deepseek-llm-67b-chat,blackwell,32,131072,Naive,8,1766.1,0.1,56.788263738246236,56.788263738246236,OK,23.0
deepseek-ai/deepseek-llm-67b-chat,blackwell,16,1048576,Dense,8,6662.4,1.0,136.32911240743252,136.32911240743252,OK,53.3
deepseek-ai/deepseek-llm-67b-chat,blackwell,32,131072,Naive,4,1766.1,0.1,61.814116847907734,61.814116847907734,OK,23.4
deepseek-ai/deepseek-llm-67b-chat,blackwell,16,1048576,Sparse,4,6662.4,0.1,74.37975157985474,74.37975157985474,OK,54.1
deepseek-ai/deepseek-llm-67b-chat,blackwell,32,196608,Dense,1,2582.1,1.0,344.7735169074243,344.7735169074243,OK,23.8
deepseek-ai/deepseek-llm-67b-chat,blackwell,16,1048576,Naive,4,6662.4,0.1,161.85722331146434,161.85722331146434,OK,53.7
deepseek-ai/deepseek-llm-67b-chat,blackwell,16,1048576,Sparse,8,6662.4,0.1,63.78897531943248,63.78897531943248,OK,54.2
deepseek-ai/deepseek-llm-67b-chat,blackwell,16,1048576,Naive,8,6662.4,0.1,88.9838830678101,88.9838830678101,OK,53.9
deepseek-ai/deepseek-llm-67b-chat,blackwell,32,196608,Dense,2,2582.1,1.0,191.92218088381586,191.92218088381586,OK,25.7
deepseek-ai/deepseek-llm-67b-chat,blackwell,32,196608,Sparse,1,2582.1,0.1,75.4173374514243,75.4173374514243,OK,23.9
deepseek-ai/deepseek-llm-67b-chat,blackwell,32,196608,Dense,4,2582.1,1.0,113.36150400771574,113.36150400771574,OK,25.6
deepseek-ai/deepseek-llm-67b-chat,blackwell,32,196608,Dense,8,2582.1,1.0,72.90470184640624,72.90470184640624,OK,25.2
deepseek-ai/deepseek-llm-67b-chat,blackwell,32,196608,Sparse,4,2582.1,0.1,61.88587469571573,61.88587469571573,OK,25.5
deepseek-ai/deepseek-llm-67b-chat,blackwell,32,196608,Sparse,2,2582.1,0.1,67.81975989181583,67.81975989181583,OK,25.8
deepseek-ai/deepseek-llm-67b-chat,blackwell,32,196608,Sparse,8,2582.1,0.1,57.74253403840624,57.74253403840624,OK,25.9
deepseek-ai/deepseek-llm-67b-chat,blackwell,32,196608,Naive,1,2582.1,0.1,241.70727906683547,241.70727906683547,OK,24.3
deepseek-ai/deepseek-llm-67b-chat,blackwell,32,196608,Naive,2,2582.1,0.1,132.41994304865423,132.41994304865423,OK,25.5
deepseek-ai/deepseek-llm-67b-chat,blackwell,32,196608,Naive,4,2582.1,0.1,75.64133214861812,75.64133214861812,OK,25.7
deepseek-ai/deepseek-llm-67b-chat,blackwell,32,196608,Naive,8,2582.1,0.1,59.05962101532784,59.05962101532784,OK,25.4
deepseek-ai/deepseek-llm-67b-chat,blackwell,32,262144,Dense,2,3398.2,1.0,242.9249175238159,242.9249175238159,OK,27.3
deepseek-ai/deepseek-llm-67b-chat,blackwell,32,262144,Dense,4,3398.2,1.0,138.86287232771573,138.86287232771573,OK,27.6
deepseek-ai/deepseek-llm-67b-chat,blackwell,32,262144,Sparse,4,3398.2,0.1,64.43574887171575,64.43574887171575,OK,27.5
deepseek-ai/deepseek-llm-67b-chat,blackwell,32,262144,Sparse,2,3398.2,0.1,72.91977089981586,72.91977089981586,OK,27.7
deepseek-ai/deepseek-llm-67b-chat,blackwell,32,262144,Dense,8,3398.2,1.0,85.65538600640623,85.65538600640623,OK,28.1
deepseek-ai/deepseek-llm-67b-chat,blackwell,32,262144,Sparse,8,3398.2,0.1,59.01729602240623,59.01729602240623,OK,28.1
deepseek-ai/deepseek-llm-67b-chat,blackwell,32,262144,Naive,2,3398.2,0.1,167.00917690322066,167.00917690322066,OK,27.3
deepseek-ai/deepseek-llm-67b-chat,blackwell,32,262144,Naive,4,3398.2,0.1,92.93604803592694,92.93604803592694,OK,27.6
deepseek-ai/deepseek-llm-67b-chat,blackwell,32,262144,Naive,8,3398.2,0.1,61.331258105683034,61.331258105683034,OK,27.9
deepseek-ai/deepseek-llm-67b-chat,blackwell,32,393216,Dense,2,5030.3,1.0,344.9303908038159,344.9303908038159,OK,32.6
deepseek-ai/deepseek-llm-67b-chat,blackwell,32,393216,Dense,4,5030.3,1.0,189.86560896771573,189.86560896771573,OK,32.3
deepseek-ai/deepseek-llm-67b-chat,blackwell,32,393216,Dense,8,5030.3,1.0,111.15675432640623,111.15675432640623,OK,32.4
deepseek-ai/deepseek-llm-67b-chat,blackwell,32,393216,Sparse,2,5030.3,0.1,83.11996801981584,83.11996801981584,OK,32.3
deepseek-ai/deepseek-llm-67b-chat,blackwell,32,393216,Sparse,4,5030.3,0.1,69.53589120771574,69.53589120771574,OK,32.9
deepseek-ai/deepseek-llm-67b-chat,blackwell,32,393216,Naive,2,5030.3,0.1,236.18751266565263,236.18751266565263,OK,32.1
deepseek-ai/deepseek-llm-67b-chat,blackwell,32,393216,Naive,4,5030.3,0.1,127.52518293046772,127.52518293046772,OK,31.9
deepseek-ai/deepseek-llm-67b-chat,blackwell,32,393216,Sparse,8,5030.3,0.1,61.56717019840624,61.56717019840624,OK,32.6
deepseek-ai/deepseek-llm-67b-chat,blackwell,32,393216,Naive,8,5030.3,0.1,72.01771927299183,72.01771927299183,OK,32.2
deepseek-ai/deepseek-llm-67b-chat,blackwell,16,2097152,Dense,8,13190.7,1.0,238.33458568743248,238.33458568743248,OK,93.1
deepseek-ai/deepseek-llm-67b-chat,blackwell,16,2097152,Naive,8,13190.7,0.1,158.16202091019088,158.16202091019088,OK,91.7
deepseek-ai/deepseek-llm-67b-chat,blackwell,16,2097152,Sparse,8,13190.7,0.1,73.98943509543247,73.98943509543247,OK,93.3
deepseek-ai/deepseek-llm-67b-chat,blackwell,32,524288,Dense,4,6662.4,1.0,240.86834560771575,240.86834560771575,OK,37.4
deepseek-ai/deepseek-llm-67b-chat,blackwell,32,524288,Dense,8,6662.4,1.0,136.6581226464062,136.6581226464062,OK,36.7
deepseek-ai/deepseek-llm-67b-chat,blackwell,32,524288,Sparse,4,6662.4,0.1,74.63585843971573,74.63585843971573,OK,36.6
deepseek-ai/deepseek-llm-67b-chat,blackwell,32,524288,Sparse,8,6662.4,0.1,64.11717570240623,64.11717570240623,OK,37.4
deepseek-ai/deepseek-llm-67b-chat,blackwell,32,524288,Naive,4,6662.4,0.1,162.1144497717093,162.1144497717093,OK,37.2
deepseek-ai/deepseek-llm-67b-chat,blackwell,32,524288,Naive,8,6662.4,0.1,89.31233620027504,89.31233620027504,OK,37.7
deepseek-ai/deepseek-llm-67b-chat,blackwell,64,131072,Dense,2,3398.2,1.0,222.74778398775456,251.22213804315913,OK,30.0
deepseek-ai/deepseek-llm-67b-chat,blackwell,64,131072,Dense,4,3398.2,1.0,128.133093040451,146.62874763550136,OK,29.9
deepseek-ai/deepseek-llm-67b-chat,blackwell,64,131072,Sparse,2,3398.2,0.1,69.73542119575455,81.20910473915913,OK,29.7
deepseek-ai/deepseek-llm-67b-chat,blackwell,64,131072,Dense,8,3398.2,1.0,80.01714952821891,93.09791149868377,OK,30.9
deepseek-ai/deepseek-llm-67b-chat,blackwell,64,131072,Sparse,8,3398.2,0.1,56.60384047221891,66.45866145068376,OK,30.4
deepseek-ai/deepseek-llm-67b-chat,blackwell,64,131072,Sparse,4,3398.2,0.1,61.73542450045102,72.19826042750135,OK,30.6
deepseek-ai/deepseek-llm-67b-chat,blackwell,32,786432,Dense,4,9926.5,1.0,342.87381888771574,342.87381888771574,OK,46.3
deepseek-ai/deepseek-llm-67b-chat,blackwell,32,786432,Dense,8,9926.5,1.0,187.6608592864062,187.6608592864062,OK,47.0
deepseek-ai/deepseek-llm-67b-chat,blackwell,32,786432,Sparse,4,9926.5,0.1,84.83627443971574,84.83627443971574,OK,46.5
deepseek-ai/deepseek-llm-67b-chat,blackwell,32,786432,Sparse,8,9926.5,0.1,69.21736181440623,69.21736181440623,OK,46.2
deepseek-ai/deepseek-llm-67b-chat,blackwell,64,131072,Naive,2,3398.2,0.1,154.53943909605536,175.30299614409992,OK,30.3
deepseek-ai/deepseek-llm-67b-chat,blackwell,32,786432,Naive,4,9926.5,0.1,231.29262060076536,231.29262060076536,OK,46.7
deepseek-ai/deepseek-llm-67b-chat,blackwell,32,786432,Naive,8,9926.5,0.1,123.90143810814062,123.90143810814062,OK,47.0
deepseek-ai/deepseek-llm-67b-chat,blackwell,64,131072,Naive,4,3398.2,0.1,87.22778486903343,100.69979387770296,OK,30.6
deepseek-ai/deepseek-llm-67b-chat,blackwell,64,131072,Naive,8,3398.2,0.1,58.63767658555011,68.77272430485336,OK,31.1
deepseek-ai/deepseek-llm-67b-chat,blackwell,64,196608,Dense,2,5030.3,1.0,316.78526822775456,353.19093805904885,OK,32.2
deepseek-ai/deepseek-llm-67b-chat,blackwell,64,196608,Dense,4,5030.3,1.0,173.557405360451,197.63148427550135,OK,31.9
deepseek-ai/deepseek-llm-67b-chat,blackwell,64,196608,Dense,8,5030.3,1.0,102.43046152821891,118.59927981868377,OK,32.7
deepseek-ai/deepseek-llm-67b-chat,blackwell,32,1048576,Dense,8,13190.7,1.0,238.66359592640617,238.66359592640617,OK,56.0
deepseek-ai/deepseek-llm-67b-chat,blackwell,32,1048576,Sparse,8,13190.7,0.1,74.31748226240623,74.31748226240623,OK,55.7
deepseek-ai/deepseek-llm-67b-chat,blackwell,32,1048576,Naive,8,13190.7,0.1,158.49058949601903,158.49058949601903,OK,56.2
deepseek-ai/deepseek-llm-67b-chat,blackwell,64,196608,Sparse,2,5030.3,0.1,78.81993345175457,91.40921430715913,OK,33.0
deepseek-ai/deepseek-llm-67b-chat,blackwell,64,196608,Sparse,4,5030.3,0.1,66.25753880445103,77.29805255550136,OK,32.7
deepseek-ai/deepseek-llm-67b-chat,blackwell,64,196608,Sparse,8,5030.3,0.1,58.84464636021891,69.00816353068377,OK,33.0
deepseek-ai/deepseek-llm-67b-chat,blackwell,64,196608,Naive,2,5030.3,0.1,216.69187693428896,244.4813978798823,OK,32.3
deepseek-ai/deepseek-llm-67b-chat,blackwell,64,196608,Naive,8,5030.3,0.1,68.02997459781251,79.45906457890136,OK,32.2
deepseek-ai/deepseek-llm-67b-chat,blackwell,64,196608,Naive,4,5030.3,0.1,118.0339418782878,135.28919266564534,OK,32.9
deepseek-ai/deepseek-llm-67b-chat,blackwell,64,262144,Sparse,4,6662.4,0.1,70.77974066045103,82.39797601150136,OK,34.1
deepseek-ai/deepseek-llm-67b-chat,blackwell,64,262144,Dense,4,6662.4,1.0,219.77918458045104,248.63422791550138,OK,34.4
deepseek-ai/deepseek-llm-67b-chat,blackwell,64,262144,Dense,8,6662.4,1.0,125.24275722821892,144.1006481386838,OK,34.4
deepseek-ai/deepseek-llm-67b-chat,blackwell,64,262144,Sparse,8,6662.4,0.1,61.08573679221892,71.55801581868377,OK,35.6
deepseek-ai/deepseek-llm-67b-chat,blackwell,64,262144,Naive,4,6662.4,0.1,148.84003291419185,169.8784924935622,OK,35.1
deepseek-ai/deepseek-llm-67b-chat,blackwell,64,262144,Naive,8,6662.4,0.1,83.2304159566861,96.75379695954777,OK,34.7
deepseek-ai/deepseek-llm-67b-chat,blackwell,64,393216,Dense,4,9926.5,1.0,312.222193880451,350.63970119550135,OK,38.6
deepseek-ai/deepseek-llm-67b-chat,blackwell,64,393216,Dense,8,9926.5,1.0,170.8668238082189,195.10338477868376,OK,39.0
deepseek-ai/deepseek-llm-67b-chat,blackwell,64,393216,Sparse,4,9926.5,0.1,80.01242718445103,92.59820990750136,OK,39.3
deepseek-ai/deepseek-llm-67b-chat,blackwell,64,393216,Sparse,8,9926.5,0.1,65.5682022002189,76.65804871468376,OK,39.2
deepseek-ai/deepseek-llm-67b-chat,blackwell,64,393216,Naive,4,9926.5,0.1,211.21200277575343,239.05680226931898,OK,38.8
deepseek-ai/deepseek-llm-67b-chat,blackwell,64,393216,Naive,8,9926.5,0.1,113.9802374245709,131.34301432077655,OK,39.5
deepseek-ai/deepseek-llm-67b-chat,blackwell,64,524288,Dense,8,13190.7,1.0,216.88934226821894,246.1061144186838,OK,44.5
deepseek-ai/deepseek-llm-67b-chat,blackwell,64,524288,Sparse,8,13190.7,0.1,70.0506894962189,81.75812538668376,OK,44.0
deepseek-ai/deepseek-llm-67b-chat,blackwell,64,524288,Naive,8,13190.7,0.1,145.0002362556813,165.93218220199256,OK,44.3
deepseek-ai/deepseek-llm-67b-chat,blackwell,64,786432,Dense,8,19719.1,1.0,308.9338683682189,348.11159469868375,OK,53.1
deepseek-ai/deepseek-llm-67b-chat,blackwell,64,786432,Sparse,8,19719.1,0.1,79.0158173042189,91.95843194668376,OK,53.6
deepseek-ai/deepseek-llm-67b-chat,blackwell,64,786432,Naive,8,19719.1,0.1,207.0963975258957,235.11046148441176,OK,53.5
deepseek-ai/deepseek-llm-67b-chat,blackwell,128,131072,Sparse,4,6662.4,0.1,79.66741729304216,90.61440528074283,OK,55.5
deepseek-ai/deepseek-llm-67b-chat,blackwell,128,131072,Dense,8,6662.4,1.0,138.7171091154174,151.99761834588227,OK,58.0
deepseek-ai/deepseek-llm-67b-chat,blackwell,128,131072,Sparse,8,6662.4,0.1,68.77663857528574,86.42365169729311,OK,53.9
deepseek-ai/deepseek-llm-67b-chat,blackwell,128,131072,Dense,4,6662.4,1.0,249.73629680945032,249.73629680945032,OK,60.7
deepseek-ai/deepseek-llm-67b-chat,blackwell,128,131072,Naive,8,6662.4,0.1,92.77229758932563,104.77719873422369,OK,55.4
deepseek-ai/deepseek-llm-67b-chat,blackwell,128,131072,Naive,4,6662.4,0.1,165.52056554155197,177.96460942102,OK,56.8
deepseek-ai/deepseek-llm-67b-chat,blackwell,128,196608,Sparse,4,9926.5,0.1,89.20392380690143,100.8244869906021,OK,58.2
deepseek-ai/deepseek-llm-67b-chat,blackwell,128,196608,Dense,8,9926.5,1.0,190.10275117811415,202.9414410516362,OK,60.5
deepseek-ai/deepseek-llm-67b-chat,blackwell,128,196608,Sparse,8,9926.5,0.1,73.77269717801613,91.56422723803017,OK,55.8
deepseek-ai/deepseek-llm-67b-chat,blackwell,128,196608,Dense,4,9926.5,1.0,351.7417700894504,351.7417700894504,OK,62.0
deepseek-ai/deepseek-llm-67b-chat,blackwell,128,196608,Naive,8,9926.5,0.1,126.08070836294382,139.30024308319065,OK,58.9
deepseek-ai/deepseek-llm-67b-chat,blackwell,128,196608,Naive,4,9926.5,0.1,239.3949646883239,239.3949646883239,OK,62.8
deepseek-ai/deepseek-llm-67b-chat,blackwell,128,262144,Sparse,8,13190.7,0.1,78.75285686601613,89.80849813330208,OK,59.2
deepseek-ai/deepseek-llm-67b-chat,blackwell,128,262144,Naive,8,13190.7,0.1,159.90585825889576,173.82348460400382,OK,61.5
deepseek-ai/deepseek-llm-67b-chat,blackwell,128,262144,Dense,8,13190.7,1.0,244.27890831241146,253.84952414513955,OK,65.1
deepseek-ai/deepseek-llm-67b-chat,blackwell,128,393216,Sparse,8,19719.1,0.1,88.19085155001613,99.98873553330208,OK,66.3
deepseek-ai/deepseek-llm-67b-chat,blackwell,128,393216,Dense,8,19719.1,1.0,349.47623019241144,349.47623019241144,OK,69.8
deepseek-ai/deepseek-llm-67b-chat,blackwell,128,393216,Naive,8,19719.1,0.1,231.90397343675616,242.8709319602712,OK,67.8
